station,date,no2_ugm3,valid_hours,validation
MT00004,2022-01-01,12.25,24,E1a
MT00004,2022-01-02,16.68,24,E1a
MT00004,2022-01-03,10.70,24,E1a
MT00004,2022-01-04,11.01,24,E1a
MT00004,2022-01-05,8.78,24,E1a
MT00004,2022-01-06,19.13,24,E1a
MT00004,2022-01-07,13.60,21,E1a
MT00004,2022-01-08,10.56,24,E1a
MT00004,2022-01-09,7.33,24,E1a
MT00004,2022-01-10,11.35,24,E1a
MT00004,2022-01-11,12.00,24,E1a
MT00004,2022-01-12,20.35,24,E1a
MT00004,2022-01-13,6.77,24,E1a
MT00004,2022-01-14,16.01,24,E1a
MT00004,2022-01-15,32.67,24,E1a
MT00004,2022-01-16,22.26,24,E1a
MT00004,2022-01-17,23.55,24,E1a
MT00004,2022-01-18,29.96,24,E1a
MT00004,2022-01-19,9.35,24,E1a
MT00004,2022-01-20,23.45,24,E1a
MT00004,2022-01-21,23.03,24,E1a
MT00004,2022-01-22,18.70,24,E1a
MT00004,2022-01-23,13.97,24,E1a
MT00004,2022-01-24,18.57,24,E1a
MT00004,2022-01-25,12.75,24,E1a
MT00004,2022-01-26,30.86,24,E1a
MT00004,2022-01-27,26.16,24,E1a
MT00004,2022-01-28,21.99,24,E1a
MT00004,2022-01-29,8.75,24,E1a
MT00004,2022-01-30,7.97,24,E1a
MT00004,2022-01-31,10.52,24,E1a
MT00004,2022-02-01,10.28,24,E1a
MT00004,2022-02-02,12.94,24,E1a
MT00004,2022-02-03,20.60,24,E1a
MT00004,2022-02-04,15.86,24,E1a
MT00004,2022-02-05,13.86,20,E1a
MT00004,2022-02-06,14.89,24,E1a
MT00004,2022-02-07,11.83,24,E1a
MT00004,2022-02-08,11.36,24,E1a
MT00004,2022-02-09,27.44,24,E1a
MT00004,2022-02-10,25.74,24,E1a
MT00004,2022-02-11,30.33,24,E1a
MT00004,2022-02-12,31.15,24,E1a
MT00004,2022-02-13,23.66,24,E1a
MT00004,2022-02-14,9.37,24,E1a
MT00004,2022-02-15,7.68,24,E1a
MT00004,2022-02-16,13.75,24,E1a
MT00004,2022-02-17,23.88,24,E1a
MT00004,2022-02-18,21.55,24,E1a
MT00004,2022-02-19,8.97,24,E1a
MT00004,2022-02-20,10.66,24,E1a
MT00004,2022-02-21,10.43,24,E1a
MT00004,2022-02-22,9.05,24,E1a
MT00004,2022-02-23,11.87,23,E1a
MT00004,2022-02-24,19.44,24,E1a
MT00004,2022-02-25,12.94,24,E1a
MT00004,2022-02-26,14.77,24,E1a
MT00004,2022-02-27,6.49,24,E1a
MT00004,2022-02-28,17.14,24,E1a
MT00004,2022-03-01,17.87,24,E1a
MT00004,2022-03-02,12.32,24,E1a
MT00004,2022-03-03,16.00,24,E1a
MT00004,2022-03-04,11.47,24,E1a
MT00004,2022-03-05,14.73,24,E1a
MT00004,2022-03-06,11.81,24,E1a
MT00004,2022-03-07,21.08,24,E1a
MT00004,2022-03-08,14.03,23,E1a
MT00004,2022-03-09,8.55,20,E1a
MT00004,2022-03-10,19.11,24,E1a
MT00004,2022-03-11,25.47,24,E1a
MT00004,2022-03-12,4.67,24,E1a
MT00004,2022-03-13,2.50,24,E1a
MT00004,2022-03-14,2.68,24,E1a
MT00004,2022-03-15,2.83,24,E1a
MT00004,2022-03-16,4.70,24,E1a
MT00004,2022-03-17,1.54,24,E1a
MT00004,2022-03-18,1.03,24,E1a
MT00004,2022-03-19,1.21,24,E1a
MT00004,2022-03-20,1.68,24,E1a
MT00004,2022-03-21,5.22,24,E1a
MT00004,2022-03-22,10.99,24,E1a
MT00004,2022-03-23,26.77,24,E1a
MT00004,2022-03-24,27.93,24,E1a
MT00004,2022-03-25,12.61,24,E1a
MT00004,2022-03-26,4.78,24,E1a
MT00004,2022-03-27,3.39,24,E1a
MT00004,2022-03-28,11.97,24,E1a
MT00004,2022-03-29,13.75,24,E1a
MT00004,2022-03-30,7.85,24,E1a
MT00004,2022-03-31,9.85,24,E1a
MT00004,2022-04-01,13.90,24,E1a
MT00004,2022-04-02,13.39,24,E1a
MT00004,2022-04-03,10.45,24,E1a
MT00004,2022-04-04,5.02,24,E1a
MT00004,2022-04-05,6.43,24,E1a
MT00004,2022-04-06,7.26,24,E1a
MT00004,2022-04-07,10.25,24,E1a
MT00004,2022-04-08,14.74,20,E1a
MT00004,2022-04-09,14.27,24,E1a
MT00004,2022-04-10,6.40,24,E1a
MT00004,2022-04-11,6.03,24,E1a
MT00004,2022-04-12,2.31,24,E1a
MT00004,2022-04-13,1.62,24,E1a
MT00004,2022-04-14,2.60,24,E1a
MT00004,2022-04-15,4.41,24,E1a
MT00004,2022-04-16,6.01,24,E1a
MT00004,2022-04-17,9.63,24,E1a
MT00004,2022-04-18,10.68,24,E1a
MT00004,2022-04-19,19.42,21,E1a
MT00004,2022-04-20,17.77,24,E1a
MT00004,2022-04-21,5.93,24,E1a
MT00004,2022-04-22,15.04,24,E1a
MT00004,2022-04-23,12.60,24,E1a
MT00004,2022-04-24,12.78,24,E1a
MT00004,2022-04-25,29.48,24,E1a
MT00004,2022-04-26,22.86,24,E1a
MT00004,2022-04-27,14.80,24,E1a
MT00004,2022-04-28,9.39,24,E1a
MT00004,2022-04-29,12.42,24,E1a
MT00004,2022-04-30,19.26,24,E1a
MT00004,2022-05-01,11.84,24,E1a
MT00004,2022-05-02,13.97,24,E1a
MT00004,2022-05-03,11.61,21,E1a
MT00004,2022-05-04,1.98,24,E1a
MT00004,2022-05-05,3.95,24,E1a
MT00004,2022-05-06,8.15,24,E1a
MT00004,2022-05-07,5.39,24,E1a
MT00004,2022-05-08,6.38,24,E1a
MT00004,2022-05-09,17.73,24,E1a
MT00004,2022-05-10,9.37,24,E1a
MT00004,2022-05-11,18.28,24,E1a
MT00004,2022-05-12,26.96,24,E1a
MT00004,2022-05-13,24.80,24,E1a
MT00004,2022-05-14,16.19,24,E1a
MT00004,2022-05-15,15.97,24,E1a
MT00004,2022-05-16,10.80,24,E1a
MT00004,2022-05-17,23.29,24,E1a
MT00004,2022-05-18,22.64,22,E1a
MT00004,2022-05-19,11.11,24,E1a
MT00004,2022-05-20,5.54,24,E1a
MT00004,2022-05-21,10.58,24,E1a
MT00004,2022-05-22,6.30,24,E1a
MT00004,2022-05-23,9.75,24,E1a
MT00004,2022-05-24,17.36,24,E1a
MT00004,2022-05-25,15.12,24,E1a
MT00004,2022-05-26,2.17,24,E1a
MT00004,2022-05-27,5.55,24,E1a
MT00004,2022-05-28,8.03,24,E1a
MT00004,2022-05-29,7.90,24,E1a
MT00004,2022-05-30,22.47,24,E1a
MT00004,2022-05-31,19.26,24,E1a
MT00004,2022-06-01,14.46,23,E1a
MT00004,2022-06-02,18.62,24,E1a
MT00004,2022-06-03,34.39,24,E1a
MT00004,2022-06-04,34.40,24,E1a
MT00004,2022-06-05,20.14,24,E1a
MT00004,2022-06-06,15.26,24,E1a
MT00004,2022-06-07,10.38,24,E1a
MT00004,2022-06-08,14.25,24,E1a
MT00004,2022-06-09,15.24,21,E1a
MT00004,2022-06-10,9.31,24,E1a
MT00004,2022-06-11,10.27,24,E1a
MT00004,2022-06-12,10.91,24,E1a
MT00004,2022-06-13,13.84,24,E1a
MT00004,2022-06-14,8.95,22,E1a
MT00004,2022-06-15,24.17,24,E1a
MT00004,2022-06-16,20.77,20,E1a
MT00004,2022-06-17,19.55,24,E1a
MT00004,2022-06-18,5.85,24,E1a
MT00004,2022-06-19,3.37,24,E1a
MT00004,2022-06-20,10.73,24,E1a
MT00004,2022-06-21,16.84,24,E1a
MT00004,2022-06-22,17.76,24,E1a
MT00004,2022-06-23,23.53,24,E1a
MT00004,2022-06-24,29.98,24,E1a
MT00004,2022-06-25,25.63,24,E1a
MT00004,2022-06-26,15.10,24,E1a
MT00004,2022-06-27,13.05,24,E1a
MT00004,2022-06-28,19.07,20,E1a
MT00004,2022-06-29,19.63,22,E1a
MT00004,2022-06-30,8.01,24,E1a
MT00004,2022-07-01,10.07,24,E1a
MT00004,2022-07-02,12.46,24,E1a
MT00004,2022-07-03,5.92,24,E1a
MT00004,2022-07-04,16.67,24,E1a
MT00004,2022-07-05,22.96,24,E1a
MT00004,2022-07-06,21.71,24,E1a
MT00004,2022-07-07,14.65,24,E1a
MT00004,2022-07-08,8.44,24,E1a
MT00004,2022-07-09,8.91,24,E1a
MT00004,2022-07-10,6.88,24,E1a
MT00004,2022-07-11,6.55,24,E1a
MT00004,2022-07-12,11.77,19,E1a
MT00004,2022-07-13,12.99,24,E1a
MT00004,2022-07-14,5.65,24,E1a
MT00004,2022-07-15,12.96,24,E1a
MT00004,2022-07-16,11.84,24,E1a
MT00004,2022-07-17,14.54,24,E1a
MT00004,2022-07-18,17.00,24,E1a
MT00004,2022-07-19,9.53,24,E1a
MT00004,2022-07-20,6.13,24,E1a
MT00004,2022-07-21,14.73,24,E1a
MT00004,2022-07-22,13.98,24,E1a
MT00004,2022-07-23,15.21,24,E1a
MT00004,2022-07-24,8.88,24,E1a
MT00004,2022-07-25,18.39,24,E1a
MT00004,2022-07-26,10.63,24,E1a
MT00004,2022-07-27,10.95,24,E1a
MT00004,2022-07-28,8.13,24,E1a
MT00004,2022-07-29,9.85,24,E1a
MT00004,2022-07-30,11.95,24,E1a
MT00004,2022-07-31,6.28,24,E1a
MT00004,2022-08-01,4.45,24,E1a
MT00004,2022-08-02,9.03,24,E1a
MT00004,2022-08-03,9.01,19,E1a
MT00004,2022-08-04,13.30,24,E1a
MT00004,2022-08-05,15.82,24,E1a
MT00004,2022-08-06,10.85,24,E1a
MT00004,2022-08-07,10.60,24,E1a
MT00004,2022-08-08,8.70,24,E1a
MT00004,2022-08-09,12.47,24,E1a
MT00004,2022-08-10,6.90,24,E1a
MT00004,2022-08-11,11.72,24,E1a
MT00004,2022-08-12,16.26,24,E1a
MT00004,2022-08-13,11.98,24,E1a
MT00004,2022-08-14,9.92,24,E1a
MT00004,2022-08-15,5.24,24,E1a
MT00004,2022-08-16,4.59,24,E1a
MT00004,2022-08-17,10.76,24,E1a
MT00004,2022-08-18,5.01,24,E1a
MT00004,2022-08-19,11.14,22,E1a
MT00004,2022-08-20,7.61,24,E1a
MT00004,2022-08-21,8.85,24,E1a
MT00004,2022-08-22,11.61,24,E1a
MT00004,2022-08-23,10.09,24,E1a
MT00004,2022-08-24,13.17,24,E1a
MT00004,2022-08-25,11.54,24,E1a
MT00004,2022-08-26,13.57,24,E1a
MT00004,2022-08-27,13.60,24,E1a
MT00004,2022-08-28,10.16,24,E1a
MT00004,2022-08-29,11.72,24,E1a
MT00004,2022-08-30,10.04,24,E1a
MT00004,2022-08-31,11.74,24,E1a
MT00004,2022-09-01,10.37,24,E1a
MT00004,2022-09-02,14.68,24,E1a
MT00004,2022-09-03,9.84,24,E1a
MT00004,2022-09-04,8.56,24,E1a
MT00004,2022-09-05,5.75,24,E1a
MT00004,2022-09-06,4.72,24,E1a
MT00004,2022-09-07,4.14,24,E1a
MT00004,2022-09-08,3.13,24,E1a
MT00004,2022-09-09,2.37,24,E1a
MT00004,2022-09-10,9.08,24,E1a
MT00004,2022-09-11,11.64,24,E1a
MT00004,2022-09-12,11.75,24,E1a
MT00004,2022-09-13,15.61,21,E1a
MT00004,2022-09-14,9.84,24,E1a
MT00004,2022-09-15,6.85,24,E1a
MT00004,2022-09-16,4.80,24,E1a
MT00004,2022-09-17,11.32,24,E1a
MT00004,2022-09-18,9.39,24,E1a
MT00004,2022-09-19,17.36,22,E1a
MT00004,2022-09-20,14.58,24,E1a
MT00004,2022-09-21,16.33,24,E1a
MT00004,2022-09-22,3.99,24,E1a
MT00004,2022-09-23,3.42,24,E1a
MT00004,2022-09-24,5.43,24,E1a
MT00004,2022-09-25,12.40,24,E1a
MT00004,2022-09-26,9.23,24,E1a
MT00004,2022-09-27,18.55,24,E1a
MT00004,2022-09-28,16.37,20,E1a
MT00004,2022-09-29,10.53,24,E1a
MT00004,2022-09-30,1.98,24,E1a
MT00004,2022-10-01,6.56,24,E1a
MT00004,2022-10-02,8.32,24,E1a
MT00004,2022-10-03,15.61,24,E1a
MT00004,2022-10-04,3.68,24,E1a
MT00004,2022-10-05,3.48,24,E1a
MT00004,2022-10-06,13.84,24,E1a
MT00004,2022-10-07,16.85,24,E1a
MT00004,2022-10-08,17.12,24,E1a
MT00004,2022-10-09,7.49,21,E1a
MT00004,2022-10-10,13.86,24,E1a
MT00004,2022-10-11,15.84,21,E1a
MT00004,2022-10-12,4.44,24,E1a
MT00004,2022-10-13,9.22,24,E1a
MT00004,2022-10-14,9.56,24,E1a
MT00004,2022-10-15,13.83,24,E1a
MT00004,2022-10-16,4.41,24,E1a
MT00004,2022-10-17,7.70,24,E1a
MT00004,2022-10-18,15.69,24,E1a
MT00004,2022-10-19,25.71,24,E1a
MT00004,2022-10-20,33.64,24,E1a
MT00004,2022-10-21,21.85,24,E1a
MT00004,2022-10-22,25.48,24,E1a
MT00004,2022-10-23,11.85,24,E1a
MT00004,2022-10-24,18.20,24,E1a
MT00004,2022-10-25,24.19,21,E1a
MT00004,2022-10-26,40.59,24,E1a
MT00004,2022-10-27,31.20,23,E1a
MT00004,2022-10-28,15.98,24,E1a
MT00004,2022-10-29,8.75,24,E1a
MT00004,2022-10-30,13.81,24,E1a
MT00004,2022-10-31,28.63,24,E1a
MT00004,2022-11-01,23.41,24,E1a
MT00004,2022-11-02,27.82,24,E1a
MT00004,2022-11-03,26.96,24,E1a
MT00004,2022-11-04,5.84,24,E1a
MT00004,2022-11-05,12.58,24,E1a
MT00004,2022-11-06,8.57,24,E1a
MT00004,2022-11-07,29.45,24,E1a
MT00004,2022-11-08,27.78,19,E1a
MT00004,2022-11-09,19.43,24,E1a
MT00004,2022-11-10,20.52,24,E1a
MT00004,2022-11-11,12.80,24,E1a
MT00004,2022-11-12,15.17,24,E1a
MT00004,2022-11-13,14.17,24,E1a
MT00004,2022-11-14,15.43,24,E1a
MT00004,2022-11-15,24.65,24,E1a
MT00004,2022-11-16,12.36,24,E1a
MT00004,2022-11-17,22.19,24,E1a
MT00004,2022-11-18,10.55,24,E1a
MT00004,2022-11-19,5.81,24,E1a
MT00004,2022-11-20,9.89,24,E1a
MT00004,2022-11-21,15.15,24,E1a
MT00004,2022-11-22,6.87,24,E1a
MT00004,2022-11-23,10.31,24,E1a
MT00004,2022-11-24,13.80,24,E1a
MT00004,2022-11-25,36.60,24,E1a
MT00004,2022-11-26,18.55,24,E1a
MT00004,2022-11-27,3.07,24,E1a
MT00004,2022-11-28,5.81,24,E1a
MT00004,2022-11-29,7.35,24,E1a
MT00004,2022-11-30,33.94,24,E1a
MT00004,2022-12-01,35.69,24,E1a
MT00004,2022-12-02,9.85,24,E1a
MT00004,2022-12-03,8.16,24,E1a
MT00004,2022-12-04,21.10,24,E1a
MT00004,2022-12-05,19.10,24,E1a
MT00004,2022-12-06,21.33,21,E1a
MT00004,2022-12-07,31.42,24,E1a
MT00004,2022-12-08,19.30,24,E1a
MT00004,2022-12-09,5.57,24,E1a
MT00004,2022-12-10,5.50,24,E1a
MT00004,2022-12-11,6.76,24,E1a
MT00004,2022-12-12,9.70,24,E1a
MT00004,2022-12-13,7.26,24,E1a
MT00004,2022-12-14,13.09,24,E1a
MT00004,2022-12-15,15.75,24,E1a
MT00004,2022-12-16,10.96,24,E1a
MT00004,2022-12-17,23.17,24,E1a
MT00004,2022-12-18,20.42,24,E1a
MT00004,2022-12-19,11.53,24,E1a
MT00004,2022-12-20,29.10,24,E1a
MT00004,2022-12-21,40.70,24,E1a
MT00004,2022-12-22,29.80,24,E1a
MT00004,2022-12-23,17.86,24,E1a
MT00004,2022-12-24,11.60,24,E1a
MT00004,2022-12-25,16.89,24,E1a
MT00004,2022-12-26,16.30,24,E1a
MT00004,2022-12-27,15.40,24,E1a
MT00004,2022-12-28,29.10,24,E1a
MT00004,2022-12-29,15.99,24,E1a
MT00004,2022-12-30,15.62,24,E1a
MT00004,2022-12-31,26.33,24,E1a
MT00004,2023-01-01,20.60,24,E1a
MT00004,2023-01-02,4.72,24,E1a
MT00004,2023-01-03,16.93,24,E1a
MT00004,2023-01-04,25.94,24,E1a
MT00004,2023-01-05,35.37,24,E1a
MT00004,2023-01-06,36.28,24,E1a
MT00004,2023-01-07,32.75,21,E1a
MT00004,2023-01-08,21.73,24,E1a
MT00004,2023-01-09,8.95,24,E1a
MT00004,2023-01-10,9.05,24,E1a
MT00004,2023-01-11,13.86,24,E1a
MT00004,2023-01-12,24.54,24,E1a
MT00004,2023-01-13,34.58,24,E1a
MT00004,2023-01-14,19.59,24,E1a
MT00004,2023-01-15,15.22,24,E1a
MT00004,2023-01-16,10.78,24,E1a
MT00004,2023-01-17,5.12,19,E1a
MT00004,2023-01-18,5.13,24,E1a
MT00004,2023-01-19,22.60,24,E1a
MT00004,2023-01-20,10.50,24,E1a
MT00004,2023-01-21,8.88,24,E1a
MT00004,2023-01-22,10.77,24,E1a
MT00004,2023-01-23,25.01,24,E1a
MT00004,2023-01-24,9.56,24,E1a
MT00004,2023-01-25,39.86,24,E1a
MT00004,2023-01-26,29.14,24,E1a
MT00004,2023-01-27,23.83,24,E1a
MT00004,2023-01-28,25.33,24,E1a
MT00004,2023-01-29,11.40,24,E1a
MT00004,2023-01-30,27.33,24,E1a
MT00004,2023-01-31,12.54,24,E1a
MT00004,2023-02-01,31.14,24,E1a
MT00004,2023-02-02,30.65,17,E1a
MT00004,2023-02-03,34.63,24,E1a
MT00004,2023-02-04,19.96,24,E1a
MT00004,2023-02-05,9.54,24,E1a
MT00004,2023-02-06,10.85,24,E1a
MT00004,2023-02-07,2.87,24,E1a
MT00004,2023-02-08,1.99,24,E1a
MT00004,2023-02-09,3.68,12,E1a
MT00004,2023-02-10,2.70,9,E1a
MT00004,2023-02-11,6.03,24,E1a
MT00004,2023-02-12,20.50,24,E1a
MT00004,2023-02-13,14.78,23,E1a
MT00004,2023-02-14,19.00,24,E1a
MT00004,2023-02-15,37.61,24,E1a
MT00004,2023-02-16,34.98,24,E1a
MT00004,2023-02-17,37.89,24,E1a
MT00004,2023-02-18,27.09,24,E1a
MT00004,2023-02-19,13.35,24,E1a
MT00004,2023-02-20,25.67,24,E1a
MT00004,2023-02-21,24.68,24,E1a
MT00004,2023-02-22,21.31,24,E1a
MT00004,2023-02-23,24.46,24,E1a
MT00004,2023-02-24,6.63,24,E1a
MT00004,2023-02-25,12.54,24,E1a
MT00004,2023-02-26,9.16,24,E1a
MT00004,2023-02-27,11.95,24,E1a
MT00004,2023-02-28,8.71,24,E1a
MT00004,2023-03-01,13.75,22,E1a
MT00004,2023-03-02,20.96,24,E1a
MT00004,2023-03-03,17.64,24,E1a
MT00004,2023-03-04,12.59,24,E1a
MT00004,2023-03-05,10.54,24,E1a
MT00004,2023-03-06,10.66,24,E1a
MT00004,2023-03-07,18.46,24,E1a
MT00004,2023-03-08,16.64,24,E1a
MT00004,2023-03-09,13.45,24,E1a
MT00004,2023-03-10,17.95,24,E1a
MT00004,2023-03-11,7.08,24,E1a
MT00004,2023-03-12,6.61,24,E1a
MT00004,2023-03-13,16.40,24,E1a
MT00004,2023-03-14,6.02,24,E1a
MT00004,2023-03-15,9.79,24,E1a
MT00004,2023-03-16,14.89,24,E1a
MT00004,2023-03-17,7.27,22,E1a
MT00004,2023-03-18,7.48,24,E1a
MT00004,2023-03-19,4.13,24,E1a
MT00004,2023-03-20,2.51,24,E1a
MT00004,2023-03-21,7.69,24,E1a
MT00004,2023-03-22,13.69,24,E1a
MT00004,2023-03-23,25.25,24,E1a
MT00004,2023-03-24,21.77,23,E1a
MT00004,2023-03-25,12.57,24,E1a
MT00004,2023-03-26,10.53,24,E1a
MT00004,2023-03-27,14.30,24,E1a
MT00004,2023-03-28,12.65,24,E1a
MT00004,2023-03-29,5.79,24,E1a
MT00004,2023-03-30,8.29,24,E1a
MT00004,2023-03-31,8.22,22,E1a
MT00004,2023-04-01,16.12,24,E1a
MT00004,2023-04-02,13.48,24,E1a
MT00004,2023-04-03,10.70,24,E1a
MT00004,2023-04-04,12.80,24,E1a
MT00004,2023-04-05,21.31,24,E1a
MT00004,2023-04-06,23.12,24,E1a
MT00004,2023-04-07,5.32,24,E1a
MT00004,2023-04-08,15.58,24,E1a
MT00004,2023-04-09,8.82,24,E1a
MT00004,2023-04-10,17.29,24,E1a
MT00004,2023-04-11,10.13,24,E1a
MT00004,2023-04-12,12.27,24,E1a
MT00004,2023-04-13,12.67,24,E1a
MT00004,2023-04-14,12.96,24,E1a
MT00004,2023-04-15,10.53,24,E1a
MT00004,2023-04-16,10.32,24,E1a
MT00004,2023-04-17,11.35,24,E1a
MT00004,2023-04-18,14.83,24,E1a
MT00004,2023-04-19,16.20,22,E1a
MT00004,2023-04-20,7.00,24,E1a
MT00004,2023-04-21,7.74,24,E1a
MT00004,2023-04-22,7.32,24,E1a
MT00004,2023-04-23,13.00,24,E1a
MT00004,2023-04-24,12.18,24,E1a
MT00004,2023-04-25,17.08,24,E1a
MT00004,2023-04-26,17.28,24,E1a
MT00004,2023-04-27,6.59,24,E1a
MT00004,2023-04-28,13.71,24,E1a
MT00004,2023-04-29,6.64,24,E1a
MT00004,2023-04-30,10.66,24,E1a
MT00004,2023-05-01,11.90,24,E1a
MT00004,2023-05-02,10.33,22,E1a
MT00004,2023-05-03,10.51,24,E1a
MT00004,2023-05-04,11.50,24,E1a
MT00004,2023-05-05,15.67,24,E1a
MT00004,2023-05-06,13.13,24,E1a
MT00004,2023-05-07,5.42,24,E1a
MT00004,2023-05-08,6.84,24,E1a
MT00004,2023-05-09,7.97,24,E1a
MT00004,2023-05-10,15.58,24,E1a
MT00004,2023-05-11,12.00,24,E1a
MT00004,2023-05-12,7.79,24,E1a
MT00004,2023-05-13,5.05,24,E1a
MT00004,2023-05-14,12.84,24,E1a
MT00004,2023-05-15,8.23,24,E1a
MT00004,2023-05-16,6.53,22,E1a
MT00004,2023-05-17,11.02,24,E1a
MT00004,2023-05-18,8.15,24,E1a
MT00004,2023-05-19,2.69,24,E1a
MT00004,2023-05-20,7.57,24,E1a
MT00004,2023-05-21,7.93,24,E1a
MT00004,2023-05-22,13.90,24,E1a
MT00004,2023-05-23,4.46,24,E1a
MT00004,2023-05-24,3.37,24,E1a
MT00004,2023-05-25,5.43,24,E1a
MT00004,2023-05-26,15.14,24,E1a
MT00004,2023-05-27,15.72,24,E1a
MT00004,2023-05-28,9.79,24,E1a
MT00004,2023-05-29,11.95,24,E1a
MT00004,2023-05-30,9.73,24,E1a
MT00004,2023-05-31,6.24,23,E1a
MT00004,2023-06-01,4.63,24,E1a
MT00004,2023-06-02,13.38,24,E1a
MT00004,2023-06-03,6.96,24,E1a
MT00004,2023-06-04,2.22,24,E1a
MT00004,2023-06-05,4.70,24,E1a
MT00004,2023-06-06,6.06,24,E1a
MT00004,2023-06-07,10.39,24,E1a
MT00004,2023-06-08,22.14,24,E1a
MT00004,2023-06-09,15.06,24,E1a
MT00004,2023-06-10,18.41,24,E1a
MT00004,2023-06-11,13.10,24,E1a
MT00004,2023-06-12,12.45,24,E1a
MT00004,2023-06-13,14.44,22,E1a
MT00004,2023-06-14,5.55,24,E1a
MT00004,2023-06-15,9.14,24,E1a
MT00004,2023-06-16,10.84,24,E1a
MT00004,2023-06-17,14.52,24,E1a
MT00004,2023-06-18,9.78,24,E1a
MT00004,2023-06-19,18.67,24,E1a
MT00004,2023-06-20,22.12,24,E1a
MT00004,2023-06-21,26.53,24,E1a
MT00004,2023-06-22,29.89,24,E1a
MT00004,2023-06-23,22.30,24,E1a
MT00004,2023-06-24,14.26,24,E1a
MT00004,2023-06-25,8.05,24,E1a
MT00004,2023-06-26,11.39,24,E1a
MT00004,2023-06-27,12.14,24,E1a
MT00004,2023-06-28,11.13,24,E1a
MT00004,2023-06-29,8.28,24,E1a
MT00004,2023-06-30,12.15,23,E1a
MT00004,2023-07-01,11.45,24,E1a
MT00004,2023-07-02,5.87,24,E1a
MT00004,2023-07-03,10.42,24,E1a
MT00004,2023-07-04,11.48,24,E1a
MT00004,2023-07-05,12.77,24,E1a
MT00004,2023-07-06,16.39,24,E1a
MT00004,2023-07-07,17.37,24,E1a
MT00004,2023-07-08,19.15,22,E1a
MT00004,2023-07-09,13.70,24,E1a
MT00004,2023-07-10,8.79,24,E1a
MT00004,2023-07-11,19.43,24,E1a
MT00004,2023-07-12,12.73,24,E1a
MT00004,2023-07-13,8.59,24,E1a
MT00004,2023-07-14,17.78,20,E1a
MT00004,2023-07-15,22.28,24,E1a
MT00004,2023-07-16,19.42,24,E1a
MT00004,2023-07-17,33.65,24,E1a
MT00004,2023-07-18,27.08,24,E1a
MT00004,2023-07-19,20.29,24,E1a
MT00004,2023-07-20,25.23,24,E1a
MT00004,2023-07-21,18.90,24,E1a
MT00004,2023-07-22,24.59,24,E1a
MT00004,2023-07-23,23.13,24,E1a
MT00004,2023-07-24,23.30,24,E1a
MT00004,2023-07-25,14.54,17,E1a
MT00004,2023-07-26,12.30,24,E1a
MT00004,2023-07-27,8.48,24,E1a
MT00004,2023-07-28,5.28,19,E1a
MT00004,2023-07-29,2.27,9,E1a
MT00004,2023-07-30,5.73,24,E1a
MT00004,2023-07-31,15.77,24,E1a
MT00004,2023-08-01,13.16,24,E1a
MT00004,2023-08-02,10.62,24,E1a
MT00004,2023-08-03,12.49,24,E1a
MT00004,2023-08-04,8.86,24,E1a
MT00004,2023-08-05,7.30,24,E1a
MT00004,2023-08-06,5.60,24,E1a
MT00004,2023-08-07,10.42,24,E1a
MT00004,2023-08-08,8.36,24,E1a
MT00004,2023-08-09,15.14,24,E1a
MT00004,2023-08-10,11.74,21,E1a
MT00004,2023-08-11,8.77,24,E1a
MT00004,2023-08-12,11.01,24,E1a
MT00004,2023-08-13,10.52,24,E1a
MT00004,2023-08-14,14.57,24,E1a
MT00004,2023-08-15,11.63,24,E1a
MT00004,2023-08-16,17.05,24,E1a
MT00004,2023-08-17,15.49,23,E1a
MT00004,2023-08-18,13.42,24,E1a
MT00004,2023-08-19,18.07,24,E1a
MT00004,2023-08-20,9.64,24,E1a
MT00004,2023-08-21,11.42,24,E1a
MT00004,2023-08-22,8.13,24,E1a
MT00004,2023-08-23,13.04,24,E1a
MT00004,2023-08-24,17.37,24,E1a
MT00004,2023-08-25,20.67,22,E1a
MT00004,2023-08-26,15.88,24,E1a
MT00004,2023-08-27,10.16,24,E1a
MT00004,2023-08-28,11.21,24,E1a
MT00004,2023-08-29,11.13,24,E1a
MT00004,2023-08-30,10.34,24,E1a
MT00004,2023-08-31,9.51,17,E1a
MT00004,2023-09-01,25.49,24,E1a
MT00004,2023-09-02,7.78,24,E1a
MT00004,2023-09-03,8.10,24,E1a
MT00004,2023-09-04,21.76,24,E1a
MT00004,2023-09-05,7.58,24,E1a
MT00004,2023-09-06,6.07,24,E1a
MT00004,2023-09-07,6.10,22,E1a
MT00004,2023-09-08,6.57,24,E1a
MT00004,2023-09-09,16.28,24,E1a
MT00004,2023-09-10,21.09,24,E1a
MT00004,2023-09-11,18.60,24,E1a
MT00004,2023-09-12,17.60,24,E1a
MT00004,2023-09-13,16.43,24,E1a
MT00004,2023-09-14,17.60,24,E1a
MT00004,2023-09-15,13.94,24,E1a
MT00004,2023-09-16,13.08,24,E1a
MT00004,2023-09-17,14.85,24,E1a
MT00004,2023-09-18,24.14,24,E1a
MT00004,2023-09-19,22.71,24,E1a
MT00004,2023-09-20,17.68,21,E1a
MT00004,2023-09-21,9.84,24,E1a
MT00004,2023-09-22,7.66,23,E1a
MT00004,2023-09-23,7.65,24,E1a
MT00004,2023-09-24,7.43,24,E1a
MT00004,2023-09-25,13.09,24,E1a
MT00004,2023-09-26,11.09,24,E1a
MT00004,2023-09-27,6.76,24,E1a
MT00004,2023-09-28,24.38,24,E1a
MT00004,2023-09-29,21.49,24,E1a
MT00004,2023-09-30,17.74,24,E1a
MT00004,2023-10-01,21.03,24,E1a
MT00004,2023-10-02,20.43,24,E1a
MT00004,2023-10-03,24.76,24,E1a
MT00004,2023-10-04,27.07,24,E1a
MT00004,2023-10-05,19.37,24,E1a
MT00004,2023-10-06,19.69,21,E1a
MT00004,2023-10-07,19.24,24,E1a
MT00004,2023-10-08,17.67,24,E1a
MT00004,2023-10-09,27.51,24,E1a
MT00004,2023-10-10,22.69,24,E1a
MT00004,2023-10-11,29.92,24,E1a
MT00004,2023-10-12,23.00,24,E1a
MT00004,2023-10-13,19.03,24,E1a
MT00004,2023-10-14,20.79,24,E1a
MT00004,2023-10-15,15.60,24,E1a
MT00004,2023-10-16,17.94,24,E1a
MT00004,2023-10-17,5.91,24,E1a
MT00004,2023-10-18,13.04,23,E1a
MT00004,2023-10-19,9.65,22,E1a
MT00004,2023-10-20,7.99,24,E1a
MT00004,2023-10-21,10.79,24,E1a
MT00004,2023-10-22,14.01,24,E1a
MT00004,2023-10-23,2.24,24,E1a
MT00004,2023-10-24,6.96,24,E1a
MT00004,2023-10-25,17.96,24,E1a
MT00004,2023-10-26,19.42,24,E1a
MT00004,2023-10-27,11.89,24,E1a
MT00004,2023-10-28,22.42,24,E1a
MT00004,2023-10-29,11.56,24,E1a
MT00004,2023-10-30,4.62,24,E1a
MT00004,2023-10-31,10.89,24,E1a
MT00004,2023-11-01,21.69,24,E1a
MT00004,2023-11-02,15.12,24,E1a
MT00004,2023-11-03,18.43,21,E1a
MT00004,2023-11-04,14.37,24,E1a
MT00004,2023-11-05,10.54,24,E1a
MT00004,2023-11-06,17.05,24,E1a
MT00004,2023-11-07,2.90,24,E1a
MT00004,2023-11-08,14.42,24,E1a
MT00004,2023-11-09,11.92,24,E1a
MT00004,2023-11-10,24.03,24,E1a
MT00004,2023-11-11,14.09,24,E1a
MT00004,2023-11-12,8.64,24,E1a
MT00004,2023-11-13,13.39,24,E1a
MT00004,2023-11-14,18.11,24,E1a
MT00004,2023-11-15,17.03,22,E1a
MT00004,2023-11-16,20.68,24,E1a
MT00004,2023-11-17,13.46,24,E1a
MT00004,2023-11-18,8.63,24,E1a
MT00004,2023-11-19,12.71,24,E1a
MT00004,2023-11-20,18.56,24,E1a
MT00004,2023-11-21,10.58,24,E1a
MT00004,2023-11-22,17.67,24,E1a
MT00004,2023-11-23,11.28,24,E1a
MT00004,2023-11-24,28.01,24,E1a
MT00004,2023-11-25,8.97,24,E1a
MT00004,2023-11-26,16.39,24,E1a
MT00004,2023-11-27,20.76,24,E1a
MT00004,2023-11-28,12.34,24,E1a
MT00004,2023-11-29,27.64,23,E1a
MT00004,2023-11-30,9.89,24,E1a
MT00004,2023-12-01,4.71,24,E1a
MT00004,2023-12-02,12.63,24,E1a
MT00004,2023-12-03,14.09,24,E1a
MT00004,2023-12-04,30.58,24,E1a
MT00004,2023-12-05,13.27,24,E1a
MT00004,2023-12-06,25.69,24,E1a
MT00004,2023-12-07,21.36,24,E1a
MT00004,2023-12-08,15.23,24,E1a
MT00004,2023-12-09,3.50,24,E1a
MT00004,2023-12-10,13.16,24,E1a
MT00004,2023-12-11,21.27,21,E1a
MT00004,2023-12-12,19.94,24,E1a
MT00004,2023-12-13,6.18,24,E1a
MT00004,2023-12-14,18.70,24,E1a
MT00004,2023-12-15,15.77,24,E1a
MT00004,2023-12-16,13.94,24,E1a
MT00004,2023-12-17,2.33,24,E1a
MT00004,2023-12-18,2.14,23,E1a
MT00004,2023-12-19,1.98,24,E1a
MT00004,2023-12-20,16.19,24,E1a
MT00004,2023-12-21,26.86,24,E1a
MT00004,2023-12-22,7.60,24,E1a
MT00004,2023-12-23,7.84,24,E1a
MT00004,2023-12-24,5.42,24,E1a
MT00004,2023-12-25,6.66,24,E1a
MT00004,2023-12-26,17.38,24,E1a
MT00004,2023-12-27,29.27,24,E1a
MT00004,2023-12-28,13.70,24,E1a
MT00004,2023-12-29,21.87,24,E1a
MT00004,2023-12-30,18.30,24,E1a
MT00004,2023-12-31,16.01,24,E1a
MT00004,2024-01-01,13.51,24,E1a
MT00004,2024-01-02,22.77,24,E1a
MT00004,2024-01-03,16.24,24,E1a
MT00004,2024-01-04,16.15,22,E1a
MT00004,2024-01-05,10.16,24,E1a
MT00004,2024-01-06,5.08,24,E1a
MT00004,2024-01-07,3.32,24,E1a
MT00004,2024-01-08,8.58,24,E1a
MT00004,2024-01-09,15.93,22,E1a
MT00004,2024-01-10,21.89,23,E1a
MT00004,2024-01-11,13.39,24,E1a
MT00004,2024-01-12,21.87,24,E1a
MT00004,2024-01-13,18.71,24,E1a
MT00004,2024-01-14,11.89,24,E1a
MT00004,2024-01-15,7.14,15,E1a
MT00004,2024-01-16,15.19,17,E1a
MT00004,2024-01-17,10.93,22,E1a
MT00004,2024-01-18,24.60,23,E1a
MT00004,2024-01-19,16.27,24,E1a
MT00004,2024-01-20,10.24,24,E1a
MT00004,2024-01-21,10.17,24,E1a
MT00004,2024-01-22,17.99,24,E1a
MT00004,2024-01-23,17.08,7,E1a
MT00004,2024-01-24,,0,E1a
MT00004,2024-01-25,,0,E1a
MT00004,2024-01-26,,0,E1a
MT00004,2024-01-27,,0,E1a
MT00004,2024-01-28,,0,E1a
MT00004,2024-01-29,,0,E1a
MT00004,2024-01-30,,0,E1a
MT00004,2024-01-31,,0,E1a
MT00004,2024-02-01,,0,E1a
MT00004,2024-02-02,,0,E1a
MT00004,2024-02-03,,0,E1a
MT00004,2024-02-04,,0,E1a
MT00004,2024-02-05,,0,E1a
MT00004,2024-02-06,,0,E1a
MT00004,2024-02-07,11.64,13,E1a
MT00004,2024-02-08,14.65,24,E1a
MT00004,2024-02-09,6.95,22,E1a
MT00004,2024-02-10,14.74,23,E1a
MT00004,2024-02-11,9.68,24,E1a
MT00004,2024-02-12,13.88,24,E1a
MT00004,2024-02-13,17.16,24,E1a
MT00004,2024-02-14,8.79,24,E1a
MT00004,2024-02-15,28.14,24,E1a
MT00004,2024-02-16,16.09,24,E1a
MT00004,2024-02-17,2.37,24,E1a
MT00004,2024-02-18,10.54,24,E1a
MT00004,2024-02-19,18.29,24,E1a
MT00004,2024-02-20,14.63,20,E1a
MT00004,2024-02-21,6.23,24,E1a
MT00004,2024-02-22,11.52,24,E1a
MT00004,2024-02-23,5.84,24,E1a
MT00004,2024-02-24,16.52,24,E1a
MT00004,2024-02-25,5.82,24,E1a
MT00004,2024-02-26,13.38,24,E1a
MT00004,2024-02-27,8.12,24,E1a
MT00004,2024-02-28,10.42,24,E1a
MT00004,2024-02-29,13.53,24,E1a
MT00004,2024-03-01,13.05,24,E1a
MT00004,2024-03-02,10.24,24,E1a
MT00004,2024-03-03,8.30,24,E1a
MT00004,2024-03-04,10.63,22,E1a
MT00004,2024-03-05,8.68,19,E1a
MT00004,2024-03-06,17.14,22,E1a
MT00004,2024-03-07,16.47,24,E1a
MT00004,2024-03-08,12.20,24,E1a
MT00004,2024-03-09,7.55,24,E1a
MT00004,2024-03-10,7.28,23,E1a
MT00004,2024-03-11,11.66,24,E1a
MT00004,2024-03-12,11.21,24,E1a
MT00004,2024-03-13,15.56,24,E1a
MT00004,2024-03-14,18.95,24,E1a
MT00004,2024-03-15,23.69,24,E1a
MT00004,2024-03-16,17.47,24,E1a
MT00004,2024-03-17,12.85,24,E1a
MT00004,2024-03-18,12.86,24,E1a
MT00004,2024-03-19,10.60,24,E1a
MT00004,2024-03-20,2.87,24,E1a
MT00004,2024-03-21,11.99,24,E1a
MT00004,2024-03-22,11.42,19,E1a
MT00004,2024-03-23,10.73,24,E1a
MT00004,2024-03-24,6.06,24,E1a
MT00004,2024-03-25,13.79,24,E1a
MT00004,2024-03-26,11.52,24,E1a
MT00004,2024-03-27,14.01,24,E1a
MT00004,2024-03-28,8.23,24,E1a
MT00004,2024-03-29,6.55,24,E1a
MT00004,2024-03-30,4.68,24,E1a
MT00004,2024-03-31,9.58,24,E1a
MT00004,2024-04-01,19.82,24,E1a
MT00004,2024-04-02,11.66,19,E1a
MT00004,2024-04-03,12.97,20,E1a
MT00004,2024-04-04,20.35,24,E1a
MT00004,2024-04-05,19.75,24,E1a
MT00004,2024-04-06,19.68,24,E1a
MT00004,2024-04-07,13.79,24,E1a
MT00004,2024-04-08,19.35,24,E1a
MT00004,2024-04-09,5.69,24,E1a
MT00004,2024-04-10,8.81,23,E1a
MT00004,2024-04-11,9.22,24,E1a
MT00004,2024-04-12,4.36,24,E1a
MT00004,2024-04-13,5.13,18,E1a
MT00004,2024-04-14,4.31,14,E1a
MT00004,2024-04-15,4.27,24,E1a
MT00004,2024-04-16,9.54,21,E1a
MT00004,2024-04-17,7.11,21,E1a
MT00004,2024-04-18,10.41,24,E1a
MT00004,2024-04-19,9.57,24,E1a
MT00004,2024-04-20,10.34,24,E1a
MT00004,2024-04-21,8.05,24,E1a
MT00004,2024-04-22,4.26,24,E1a
MT00004,2024-04-23,9.56,24,E1a
MT00004,2024-04-24,13.71,24,E1a
MT00004,2024-04-25,12.60,24,E1a
MT00004,2024-04-26,7.37,24,E1a
MT00004,2024-04-27,2.38,24,E1a
MT00004,2024-04-28,2.59,24,E1a
MT00004,2024-04-29,4.08,24,E1a
MT00004,2024-04-30,5.11,20,E1a
MT00004,2024-05-01,9.16,24,E1a
MT00004,2024-05-02,17.94,24,E1a
MT00004,2024-05-03,12.44,24,E1a
MT00004,2024-05-04,10.82,24,E1a
MT00004,2024-05-05,11.28,24,E1a
MT00004,2024-05-06,8.36,24,E1a
MT00004,2024-05-07,5.57,24,E1a
MT00004,2024-05-08,6.23,16,E1a
MT00004,2024-05-09,13.74,18,E1a
MT00004,2024-05-10,9.23,23,E1a
MT00004,2024-05-11,13.72,24,E1a
MT00004,2024-05-12,10.16,24,E1a
MT00004,2024-05-13,7.38,24,E1a
MT00004,2024-05-14,7.45,19,E1a
MT00004,2024-05-15,8.68,24,E1a
MT00004,2024-05-16,18.56,24,E1a
MT00004,2024-05-17,26.99,24,E1a
MT00004,2024-05-18,18.21,24,E1a
MT00004,2024-05-19,9.26,24,E1a
MT00004,2024-05-20,6.84,24,E1a
MT00004,2024-05-21,14.63,24,E1a
MT00004,2024-05-22,15.95,24,E1a
MT00004,2024-05-23,14.20,21,E1a
MT00004,2024-05-24,4.25,24,E1a
MT00004,2024-05-25,6.90,24,E1a
MT00004,2024-05-26,13.83,14,E1a
MT00004,2024-05-27,11.67,16,E1a
MT00004,2024-05-28,6.75,19,E1a
MT00004,2024-05-29,9.24,24,E1a
MT00004,2024-05-30,12.34,24,E1a
MT00004,2024-05-31,10.60,24,E1a
MT00004,2024-06-01,2.54,24,E1a
MT00004,2024-06-02,3.48,24,E1a
MT00004,2024-06-03,14.01,24,E1a
MT00004,2024-06-04,8.20,18,E1a
MT00004,2024-06-05,19.80,13,E1a
MT00004,2024-06-06,13.13,22,E1a
MT00004,2024-06-07,14.49,24,E1a
MT00004,2024-06-08,23.70,24,E1a
MT00004,2024-06-09,19.39,24,E1a
MT00004,2024-06-10,17.70,23,E1a
MT00004,2024-06-11,8.74,24,E1a
MT00004,2024-06-12,12.47,16,E1a
MT00004,2024-06-13,21.92,14,E1a
MT00004,2024-06-14,10.35,21,E1a
MT00004,2024-06-15,9.76,24,E1a
MT00004,2024-06-16,12.01,24,E1a
MT00004,2024-06-17,19.61,24,E1a
MT00004,2024-06-18,12.85,24,E1a
MT00004,2024-06-19,26.78,24,E1a
MT00004,2024-06-20,27.71,24,E1a
MT00004,2024-06-21,26.96,24,E1a
MT00004,2024-06-22,17.80,24,E1a
MT00004,2024-06-23,11.02,24,E1a
MT00004,2024-06-24,13.44,24,E1a
MT00004,2024-06-25,5.91,23,E1a
MT00004,2024-06-26,10.43,19,E1a
MT00004,2024-06-27,14.09,23,E1a
MT00004,2024-06-28,17.98,24,E1a
MT00004,2024-06-29,12.83,22,E1a
MT00004,2024-06-30,20.56,24,E1a
MT00004,2024-07-01,15.66,24,E1a
MT00004,2024-07-02,11.92,24,E1a
MT00004,2024-07-03,8.74,24,E1a
MT00004,2024-07-04,9.22,24,E1a
MT00004,2024-07-05,10.25,24,E1a
MT00004,2024-07-06,15.17,24,E1a
MT00004,2024-07-07,13.28,24,E1a
MT00004,2024-07-08,18.83,23,E1a
MT00004,2024-07-09,20.33,22,E1a
MT00004,2024-07-10,16.10,21,E1a
MT00004,2024-07-11,14.06,23,E1a
MT00004,2024-07-12,22.43,24,E1a
MT00004,2024-07-13,19.28,24,E1a
MT00004,2024-07-14,11.91,24,E1a
MT00004,2024-07-15,23.57,24,E1a
MT00004,2024-07-16,21.45,24,E1a
MT00004,2024-07-17,16.43,24,E1a
MT00004,2024-07-18,20.75,21,E1a
MT00004,2024-07-19,17.59,24,E1a
MT00004,2024-07-20,20.92,24,E1a
MT00004,2024-07-21,16.88,24,E1a
MT00004,2024-07-22,19.94,24,E1a
MT00004,2024-07-23,11.42,22,E1a
MT00004,2024-07-24,18.63,24,E1a
MT00004,2024-07-25,14.58,24,E1a
MT00004,2024-07-26,10.59,24,E1a
MT00004,2024-07-27,11.60,24,E1a
MT00004,2024-07-28,9.67,24,E1a
MT00004,2024-07-29,16.35,24,E1a
MT00004,2024-07-30,17.73,24,E1a
MT00004,2024-07-31,9.15,24,E1a
MT00004,2024-08-01,15.25,24,E1a
MT00004,2024-08-02,16.16,24,E1a
MT00004,2024-08-03,16.17,24,E1a
MT00004,2024-08-04,8.86,24,E1a
MT00004,2024-08-05,11.96,24,E1a
MT00004,2024-08-06,6.69,22,E1a
MT00004,2024-08-07,10.54,24,E1a
MT00004,2024-08-08,16.56,24,E1a
MT00004,2024-08-09,14.01,24,E1a
MT00004,2024-08-10,13.58,23,E1a
MT00004,2024-08-11,7.00,24,E1a
MT00004,2024-08-12,13.07,24,E1a
MT00004,2024-08-13,13.38,24,E1a
MT00004,2024-08-14,16.34,24,E1a
MT00004,2024-08-15,20.10,24,E1a
MT00004,2024-08-16,23.10,24,E1a
MT00004,2024-08-17,18.15,24,E1a
MT00004,2024-08-18,12.17,23,E1a
MT00004,2024-08-19,10.25,16,E1a
MT00004,2024-08-20,10.14,24,E1a
MT00004,2024-08-21,12.65,22,E1a
MT00004,2024-08-22,10.59,24,E1a
MT00004,2024-08-23,16.06,24,E1a
MT00004,2024-08-24,14.84,24,E1a
MT00004,2024-08-25,10.71,24,E1a
MT00004,2024-08-26,12.40,24,E1a
MT00004,2024-08-27,12.17,24,E1a
MT00004,2024-08-28,8.57,24,E1a
MT00004,2024-08-29,10.48,24,E1a
MT00004,2024-08-30,16.82,24,E1a
MT00004,2024-08-31,15.73,24,E1a
MT00004,2024-09-01,11.13,24,E1a
MT00004,2024-09-02,13.84,24,E1a
MT00004,2024-09-03,10.70,24,E1a
MT00004,2024-09-04,11.89,23,E1a
MT00004,2024-09-05,15.36,24,E1a
MT00004,2024-09-06,17.42,24,E1a
MT00004,2024-09-07,12.75,22,E1a
MT00004,2024-09-08,14.78,24,E1a
MT00004,2024-09-09,17.55,24,E1a
MT00004,2024-09-10,13.53,23,E1a
MT00004,2024-09-11,13.62,24,E1a
MT00004,2024-09-12,11.78,24,E1a
MT00004,2024-09-13,15.29,24,E1a
MT00004,2024-09-14,8.97,24,E1a
MT00004,2024-09-15,9.02,24,E1a
MT00004,2024-09-16,16.90,24,E1a
MT00004,2024-09-17,22.38,23,E1a
MT00004,2024-09-18,25.13,22,E1a
MT00004,2024-09-19,23.77,24,E1a
MT00004,2024-09-20,32.02,24,E1a
MT00004,2024-09-21,23.02,24,E1a
MT00004,2024-09-22,10.94,24,E1a
MT00004,2024-09-23,11.31,24,E1a
MT00004,2024-09-24,25.46,24,E1a
MT00004,2024-09-25,22.50,24,E1a
MT00004,2024-09-26,15.29,24,E1a
MT00004,2024-09-27,10.19,24,E1a
MT00004,2024-09-28,19.79,24,E1a
MT00004,2024-09-29,6.92,24,E1a
MT00004,2024-09-30,18.12,24,E1a
MT00004,2024-10-01,20.94,23,E1a
MT00004,2024-10-02,13.39,22,E1a
MT00004,2024-10-03,10.26,24,E1a
MT00004,2024-10-04,14.30,24,E1a
MT00004,2024-10-05,17.99,24,E1a
MT00004,2024-10-06,15.86,24,E1a
MT00004,2024-10-07,24.96,24,E1a
MT00004,2024-10-08,11.12,24,E1a
MT00004,2024-10-09,17.27,22,E1a
MT00004,2024-10-10,24.39,23,E1a
MT00004,2024-10-11,16.65,23,E1a
MT00004,2024-10-12,15.99,24,E1a
MT00004,2024-10-13,20.70,24,E1a
MT00004,2024-10-14,21.49,24,E1a
MT00004,2024-10-15,18.10,24,E1a
MT00004,2024-10-16,16.19,22,E1a
MT00004,2024-10-17,4.41,24,E1a
MT00004,2024-10-18,5.76,24,E1a
MT00004,2024-10-19,10.85,24,E1a
MT00004,2024-10-20,20.62,24,E1a
MT00004,2024-10-21,25.02,24,E1a
MT00004,2024-10-22,3.71,24,E1a
MT00004,2024-10-23,3.49,24,E1a
MT00004,2024-10-24,4.01,24,E1a
MT00004,2024-10-25,4.62,24,E1a
MT00004,2024-10-26,3.54,21,E1a
MT00004,2024-10-27,3.10,24,E1a
MT00004,2024-10-28,2.47,24,E1a
MT00004,2024-10-29,3.93,24,E1a
MT00004,2024-10-30,25.60,23,E1a
MT00004,2024-10-31,18.55,24,E1a
MT00004,2024-11-01,4.96,24,E1a
MT00004,2024-11-02,22.70,24,E1a
MT00004,2024-11-03,22.17,24,E1a
MT00004,2024-11-04,29.99,24,E1a
MT00004,2024-11-05,24.32,24,E1a
MT00004,2024-11-06,13.95,24,E1a
MT00004,2024-11-07,4.02,24,E1a
MT00004,2024-11-08,10.05,24,E1a
MT00004,2024-11-09,8.01,24,E1a
MT00004,2024-11-10,4.85,23,E1a
MT00004,2024-11-11,24.88,24,E1a
MT00004,2024-11-12,33.00,23,E1a
MT00004,2024-11-13,34.51,24,E1a
MT00004,2024-11-14,25.04,23,E1a
MT00004,2024-11-15,25.52,24,E1a
MT00004,2024-11-16,26.41,24,E1a
MT00004,2024-11-17,20.46,24,E1a
MT00004,2024-11-18,24.00,24,E1a
MT00004,2024-11-19,28.63,24,E1a
MT00004,2024-11-20,19.83,17,E1a
MT00004,2024-11-21,17.93,24,E1a
MT00004,2024-11-22,11.58,24,E1a
MT00004,2024-11-23,6.54,24,E1a
MT00004,2024-11-24,2.21,24,E1a
MT00004,2024-11-25,25.85,24,E1a
MT00004,2024-11-26,23.73,24,E1a
MT00004,2024-11-27,37.98,24,E1a
MT00004,2024-11-28,27.28,24,E1a
MT00004,2024-11-29,21.00,24,E1a
MT00004,2024-11-30,11.25,24,E1a
MT00004,2024-12-01,11.43,24,E1a
MT00004,2024-12-02,17.99,24,E1a
MT00004,2024-12-03,25.05,24,E1a
MT00004,2024-12-04,19.55,24,E1a
MT00004,2024-12-05,15.22,24,E1a
MT00004,2024-12-06,11.35,24,E1a
MT00004,2024-12-07,19.40,24,E1a
MT00004,2024-12-08,7.13,24,E1a
MT00004,2024-12-09,23.82,24,E1a
MT00004,2024-12-10,32.07,23,E1a
MT00004,2024-12-11,19.69,24,E1a
MT00004,2024-12-12,3.76,24,E1a
MT00004,2024-12-13,4.07,24,E1a
MT00004,2024-12-14,15.81,18,E1a
MT00004,2024-12-15,12.68,24,E1a
MT00004,2024-12-16,6.36,24,E1a
MT00004,2024-12-17,25.38,24,E1a
MT00004,2024-12-18,32.10,24,E1a
MT00004,2024-12-19,23.81,24,E1a
MT00004,2024-12-20,13.42,24,E1a
MT00004,2024-12-21,12.85,24,E1a
MT00004,2024-12-22,13.30,24,E1a
MT00004,2024-12-23,7.46,24,E1a
MT00004,2024-12-24,10.68,24,E1a
MT00004,2024-12-25,5.61,24,E1a
MT00004,2024-12-26,10.35,24,E1a
MT00004,2024-12-27,7.16,24,E1a
MT00004,2024-12-28,23.51,24,E1a
MT00004,2024-12-29,16.16,24,E1a
MT00004,2024-12-30,24.50,19,E1a
MT00004,2024-12-31,13.00,24,E1a
MT00004,2025-01-01,4.08,24,E1a
MT00004,2025-01-02,2.53,24,E1a
MT00004,2025-01-03,13.82,24,E1a
MT00004,2025-01-04,23.94,24,E1a
MT00004,2025-01-05,19.51,24,E1a
MT00004,2025-01-06,14.02,24,E1a
MT00004,2025-01-07,18.85,24,E1a
MT00004,2025-01-08,15.54,23,E1a
MT00004,2025-01-09,18.12,24,E1a
MT00004,2025-01-10,15.23,19,E1a
MT00004,2025-01-11,13.84,23,E1a
MT00004,2025-01-12,10.61,23,E1a
MT00004,2025-01-13,18.58,22,E1a
MT00004,2025-01-14,9.83,23,E1a
MT00004,2025-01-15,14.78,20,E1a
MT00004,2025-01-16,17.73,23,E1a
MT00004,2025-01-17,4.11,24,E1a
MT00004,2025-01-18,10.93,23,E1a
MT00004,2025-01-19,21.80,23,E1a
MT00004,2025-01-20,34.98,23,E1a
MT00004,2025-01-21,22.50,23,E1a
MT00004,2025-01-22,20.33,23,E1a
MT00004,2025-01-23,11.73,23,E1a
MT00004,2025-01-24,26.19,23,E1a
MT00004,2025-01-25,26.61,23,E1a
MT00004,2025-01-26,16.39,23,E1a
MT00004,2025-01-27,20.79,23,E1a
MT00004,2025-01-28,14.06,24,E1a
MT00004,2025-01-29,21.48,23,E1a
MT00004,2025-01-30,18.45,24,E1a
MT00004,2025-01-31,8.64,24,E1a
MT00004,2025-02-01,4.08,24,E1a
MT00004,2025-02-02,10.07,24,E1a
MT00004,2025-02-03,20.79,24,E1a
MT00004,2025-02-04,36.23,24,E1a
MT00004,2025-02-05,17.96,24,E1a
MT00004,2025-02-06,3.46,24,E1a
MT00004,2025-02-07,3.56,24,E1a
MT00004,2025-02-08,2.52,24,E1a
MT00004,2025-02-09,10.00,24,E1a
MT00004,2025-02-10,6.58,23,E1a
MT00004,2025-02-11,4.37,24,E1a
MT00004,2025-02-12,15.53,24,E1a
MT00004,2025-02-13,15.37,24,E1a
MT00004,2025-02-14,21.82,24,E1a
MT00004,2025-02-15,9.43,24,E1a
MT00004,2025-02-16,10.25,24,E1a
MT00004,2025-02-17,26.25,21,E1a
MT00004,2025-02-18,28.11,23,E1a
MT00004,2025-02-19,20.64,24,E1a
MT00004,2025-02-20,5.65,24,E1a
MT00004,2025-02-21,10.48,24,E1a
MT00004,2025-02-22,6.52,24,E1a
MT00004,2025-02-23,21.27,24,E1a
MT00004,2025-02-24,30.82,24,E1a
MT00004,2025-02-25,22.39,24,E1a
MT00004,2025-02-26,12.51,23,E1a
MT00004,2025-02-27,12.18,24,E1a
MT00004,2025-02-28,12.63,19,E1a
MT00004,2025-03-01,11.34,24,E1a
MT00004,2025-03-02,3.51,24,E1a
MT00004,2025-03-03,4.05,24,E1a
MT00004,2025-03-04,13.80,22,E1a
MT00004,2025-03-05,2.85,23,E1a
MT00004,2025-03-06,2.61,22,E1a
MT00004,2025-03-07,17.67,21,E1a
MT00004,2025-03-08,15.07,24,E1a
MT00004,2025-03-09,7.12,24,E1a
MT00004,2025-03-10,5.69,23,E1a
MT00004,2025-03-11,15.51,24,E1a
MT00004,2025-03-12,19.88,24,E1a
MT00004,2025-03-13,17.92,24,E1a
MT00004,2025-03-14,15.90,22,E1a
MT00004,2025-03-15,15.09,24,E1a
MT00004,2025-03-16,14.15,24,E1a
MT00004,2025-03-17,25.16,24,E1a
MT00004,2025-03-18,12.75,24,E1a
MT00004,2025-03-19,2.42,24,E1a
MT00004,2025-03-20,2.84,24,E1a
MT00004,2025-03-21,5.38,24,E1a
MT00004,2025-03-22,7.99,24,E1a
MT00004,2025-03-23,8.98,24,E1a
MT00004,2025-03-24,19.82,24,E1a
MT00004,2025-03-25,15.24,24,E1a
MT00004,2025-03-26,17.23,24,E1a
MT00004,2025-03-27,10.92,24,E1a
MT00004,2025-03-28,8.45,23,E1a
MT00004,2025-03-29,7.76,24,E1a
MT00004,2025-03-30,12.02,24,E1a
MT00004,2025-03-31,10.13,24,E1a
MT00004,2025-04-01,16.09,24,E1a
MT00004,2025-04-02,20.86,24,E1a
MT00004,2025-04-03,13.87,24,E1a
MT00004,2025-04-04,16.06,24,E1a
MT00004,2025-04-05,17.51,24,E1a
MT00004,2025-04-06,13.83,24,E1a
MT00004,2025-04-07,5.41,24,E1a
MT00004,2025-04-08,11.91,24,E1a
MT00004,2025-04-09,14.37,21,E1a
MT00004,2025-04-10,6.22,23,E1a
MT00004,2025-04-11,10.65,24,E1a
MT00004,2025-04-12,13.94,24,E1a
MT00004,2025-04-13,10.07,24,E1a
MT00004,2025-04-14,8.63,24,E1a
MT00004,2025-04-15,6.12,24,E1a
MT00004,2025-04-16,6.74,24,E1a
MT00004,2025-04-17,11.70,24,E1a
MT00004,2025-04-18,12.10,24,E1a
MT00004,2025-04-19,8.85,24,E1a
MT00004,2025-04-20,8.20,24,E1a
MT00004,2025-04-21,5.54,24,E1a
MT00004,2025-04-22,13.54,24,E1a
MT00004,2025-04-23,9.05,24,E1a
MT00004,2025-04-24,8.98,24,E1a
MT00004,2025-04-25,9.63,24,E1a
MT00004,2025-04-26,11.29,24,E1a
MT00004,2025-04-27,4.87,24,E1a
MT00004,2025-04-28,6.05,24,E1a
MT00004,2025-04-29,11.06,24,E1a
MT00004,2025-04-30,18.12,21,E1a
MT00004,2025-05-01,14.51,24,E1a
MT00004,2025-05-02,24.93,24,E1a
MT00004,2025-05-03,26.15,24,E1a
MT00004,2025-05-04,18.09,24,E1a
MT00004,2025-05-05,23.48,24,E1a
MT00004,2025-05-06,13.00,24,E1a
MT00004,2025-05-07,18.22,24,E1a
MT00004,2025-05-08,12.34,22,E1a
MT00004,2025-05-09,7.82,24,E1a
MT00004,2025-05-10,9.77,23,E1a
MT00004,2025-05-11,6.56,24,E1a
MT00004,2025-05-12,9.20,24,E1a
MT00004,2025-05-13,11.03,24,E1a
MT00004,2025-05-14,10.24,24,E1a
MT00004,2025-05-15,9.78,24,E1a
MT00004,2025-05-16,11.75,24,E1a
MT00004,2025-05-17,9.49,24,E1a
MT00004,2025-05-18,11.11,24,E1a
MT00004,2025-05-19,12.43,24,E1a
MT00004,2025-05-20,13.01,24,E1a
MT00004,2025-05-21,18.14,24,E1a
MT00004,2025-05-22,13.84,21,E1a
MT00004,2025-05-23,10.62,22,E1a
MT00004,2025-05-24,9.51,24,E1a
MT00004,2025-05-25,6.22,24,E1a
MT00004,2025-05-26,11.10,24,E1a
MT00004,2025-05-27,11.83,24,E1a
MT00004,2025-05-28,12.36,24,E1a
MT00004,2025-05-29,13.23,24,E1a
MT00004,2025-05-30,11.48,21,E1a
MT00004,2025-05-31,19.39,24,E1a
MT00004,2025-06-01,18.24,24,E1a
MT00004,2025-06-02,12.44,24,E1a
MT00004,2025-06-03,7.63,23,E1a
MT00004,2025-06-04,5.19,24,E1a
MT00004,2025-06-05,11.93,24,E1a
MT00004,2025-06-06,29.33,24,E1a
MT00004,2025-06-07,23.97,24,E1a
MT00004,2025-06-08,21.89,24,E1a
MT00004,2025-06-09,21.26,24,E1a
MT00004,2025-06-10,17.34,23,E1a
MT00004,2025-06-11,18.28,23,E1a
MT00004,2025-06-12,13.37,24,E1a
MT00004,2025-06-13,24.15,20,E1a
MT00004,2025-06-14,18.21,24,E1a
MT00004,2025-06-15,17.23,24,E1a
MT00004,2025-06-16,20.43,24,E1a
MT00004,2025-06-17,16.11,24,E1a
MT00004,2025-06-18,13.52,22,E1a
MT00004,2025-06-19,12.11,24,E1a
MT00004,2025-06-20,11.86,24,E1a
MT00004,2025-06-21,11.18,24,E1a
MT00004,2025-06-22,12.51,24,E1a
MT00004,2025-06-23,13.54,24,E1a
MT00004,2025-06-24,14.42,24,E1a
MT00004,2025-06-25,15.73,24,E1a
MT00004,2025-06-26,20.42,24,E1a
MT00004,2025-06-27,16.86,24,E1a
MT00004,2025-06-28,15.16,24,E1a
MT00004,2025-06-29,9.76,24,E1a
MT00004,2025-06-30,11.78,23,E1a
MT00004,2025-07-01,13.78,24,E1a
MT00004,2025-07-02,15.02,21,E1a
MT00004,2025-07-03,23.87,24,E1a
MT00004,2025-07-04,18.01,24,E1a
MT00004,2025-07-05,21.18,24,E1a
MT00004,2025-07-06,18.77,22,E1a
MT00004,2025-07-07,12.09,24,E1a
MT00004,2025-07-08,12.45,24,E1a
MT00004,2025-07-09,11.92,24,E1a
MT00004,2025-07-10,9.20,23,E1a
MT00004,2025-07-11,9.42,24,E1a
MT00004,2025-07-12,5.22,24,E1a
MT00004,2025-07-13,8.11,24,E1a
MT00004,2025-07-14,12.12,24,E1a
MT00004,2025-07-15,10.33,24,E1a
MT00004,2025-07-16,15.71,22,E1a
MT00004,2025-07-17,12.36,24,E1a
MT00004,2025-07-18,11.42,22,E1a
MT00004,2025-07-19,8.46,24,E1a
MT00004,2025-07-20,8.41,24,E1a
MT00004,2025-07-21,10.48,24,E1a
MT00004,2025-07-22,26.57,22,E1a
MT00004,2025-07-23,11.70,15,E1a
MT00004,2025-07-24,21.67,24,E1a
MT00004,2025-07-25,27.04,24,E1a
MT00004,2025-07-26,21.65,21,E1a
MT00004,2025-07-27,6.96,24,E1a
MT00004,2025-07-28,8.64,24,E1a
MT00004,2025-07-29,8.90,24,E1a
MT00004,2025-07-30,10.14,24,E1a
MT00004,2025-07-31,16.16,24,E1a
MT00004,2025-08-01,12.95,24,E1a
MT00004,2025-08-02,22.66,24,E1a
MT00004,2025-08-03,11.24,24,E1a
MT00004,2025-08-04,13.70,24,E1a
MT00004,2025-08-05,11.13,24,E1a
MT00004,2025-08-06,12.60,24,E1a
MT00004,2025-08-07,16.00,24,E1a
MT00004,2025-08-08,16.54,24,E1a
MT00004,2025-08-09,12.91,24,E1a
MT00004,2025-08-10,15.61,23,E1a
MT00004,2025-08-11,21.51,24,E1a
MT00004,2025-08-12,18.31,24,E1a
MT00004,2025-08-13,12.84,24,E1a
MT00004,2025-08-14,13.95,24,E1a
MT00004,2025-08-15,15.91,24,E1a
MT00004,2025-08-16,17.61,24,E1a
MT00004,2025-08-17,16.63,24,E1a
MT00004,2025-08-18,15.93,24,E1a
MT00004,2025-08-19,15.41,24,E1a
MT00004,2025-08-20,13.89,24,E1a
MT00004,2025-08-21,13.67,24,E1a
MT00004,2025-08-22,17.51,24,E1a
MT00004,2025-08-23,14.57,24,E1a
MT00004,2025-08-24,11.33,24,E1a
MT00004,2025-08-25,15.97,24,E1a
MT00004,2025-08-26,13.19,24,E1a
MT00004,2025-08-27,14.15,22,E1a
MT00004,2025-08-28,4.95,24,E1a
MT00004,2025-08-29,6.05,24,E1a
MT00004,2025-08-30,11.07,24,E1a
MT00004,2025-08-31,10.09,24,E1a
MT00004,2025-09-01,14.70,24,E1a
MT00004,2025-09-02,19.22,24,E1a
MT00004,2025-09-03,14.23,24,E1a
MT00004,2025-09-04,14.91,24,E1a
MT00004,2025-09-05,19.64,24,E1a
MT00004,2025-09-06,17.34,24,E1a
MT00004,2025-09-07,15.74,24,E1a
MT00004,2025-09-08,14.51,24,E1a
MT00004,2025-09-09,11.65,22,E1a
MT00004,2025-09-10,10.18,20,E1a
MT00004,2025-09-11,5.66,24,E1a
MT00004,2025-09-12,8.54,24,E1a
MT00004,2025-09-13,12.37,24,E1a
MT00004,2025-09-14,12.52,24,E1a
MT00004,2025-09-15,14.15,24,E1a
MT00004,2025-09-16,16.73,24,E1a
MT00004,2025-09-17,18.58,24,E1a
MT00004,2025-09-18,7.65,24,E1a
MT00004,2025-09-19,6.80,24,E1a
MT00004,2025-09-20,4.34,24,E1a
MT00004,2025-09-21,10.30,24,E1a
MT00004,2025-09-22,12.24,24,E1a
MT00004,2025-09-23,14.07,24,E1a
MT00004,2025-09-24,11.26,22,E1a
MT00004,2025-09-25,23.52,24,E1a
MT00004,2025-09-26,21.96,24,E1a
MT00004,2025-09-27,18.96,24,E1a
MT00004,2025-09-28,13.85,24,E1a
MT00004,2025-09-29,18.38,24,E1a
MT00004,2025-09-30,25.26,24,E1a
MT00004,2025-10-01,20.44,24,E1a
MT00004,2025-10-02,15.99,24,E1a
MT00004,2025-10-03,11.06,24,E1a
MT00004,2025-10-04,20.00,24,E1a
MT00004,2025-10-05,15.26,24,E1a
MT00004,2025-10-06,10.86,24,E1a
MT00004,2025-10-07,11.73,24,E1a
MT00004,2025-10-08,15.64,24,E1a
MT00004,2025-10-09,24.18,23,E1a
MT00004,2025-10-10,16.54,23,E1a
MT00004,2025-10-11,9.66,24,E1a
MT00004,2025-10-12,13.67,24,E1a
MT00004,2025-10-13,26.23,24,E1a
MT00004,2025-10-14,28.42,24,E1a
MT00004,2025-10-15,15.02,24,E1a
MT00004,2025-10-16,23.64,24,E1a
MT00004,2025-10-17,21.37,24,E1a
MT00004,2025-10-18,15.52,24,E1a
MT00004,2025-10-19,5.65,24,E1a
MT00004,2025-10-20,30.18,19,E1a
MT00004,2025-10-21,15.18,24,E1a
MT00004,2025-10-22,19.72,22,E1a
MT00004,2025-10-23,18.22,24,E1a
MT00004,2025-10-24,16.32,24,E1a
MT00004,2025-10-25,18.73,24,E1a
MT00004,2025-10-26,15.34,24,E1a
MT00004,2025-10-27,11.96,24,E1a
MT00004,2025-10-28,20.01,24,E1a
MT00004,2025-10-29,15.22,24,E1a
MT00004,2025-10-30,5.04,24,E1a
MT00004,2025-10-31,18.06,24,E1a
MT00004,2025-11-01,10.52,24,E1a
MT00004,2025-11-02,7.58,24,E1a
MT00004,2025-11-03,20.61,24,E1a
MT00004,2025-11-04,19.59,24,E1a
MT00004,2025-11-05,29.97,9,E1a
MT00004,2025-11-06,8.54,23,E1a
MT00004,2025-11-07,20.13,24,E1a
MT00004,2025-11-08,20.14,24,E1a
MT00004,2025-11-09,12.11,24,E1a
MT00004,2025-11-10,20.68,23,E1a
MT00004,2025-11-11,35.20,24,E1a
MT00004,2025-11-12,39.76,15,E1a
MT00004,2025-11-13,36.62,24,E1a
MT00004,2025-11-14,24.53,23,E1a
MT00004,2025-11-15,14.10,24,E1a
MT00004,2025-11-16,19.53,24,E1a
MT00004,2025-11-17,19.55,24,E1a
MT00004,2025-11-18,27.24,24,E1a
MT00004,2025-11-19,22.93,22,E1a
MT00004,2025-11-20,30.50,24,E1a
MT00004,2025-11-21,14.61,24,E1a
MT00004,2025-11-22,12.32,24,E1a
MT00004,2025-11-23,13.91,24,E1a
MT00004,2025-11-24,12.62,24,E1a
MT00004,2025-11-25,7.66,24,E1a
MT00004,2025-11-26,28.50,24,E1a
MT00004,2025-11-27,23.50,24,E1a
MT00004,2025-11-28,25.74,24,E1a
MT00004,2025-11-29,25.98,24,E1a
MT00004,2025-11-30,30.85,24,E1a
MT00004,2025-12-01,22.35,24,E1a
MT00004,2025-12-02,18.55,23,E1a
MT00004,2025-12-03,27.94,24,E1a
MT00004,2025-12-04,25.77,24,E1a
MT00004,2025-12-05,22.60,24,E1a
MT00004,2025-12-06,14.22,24,E1a
MT00004,2025-12-07,10.52,24,E1a
MT00004,2025-12-08,31.59,18,E1a
MT00004,2025-12-09,22.44,24,E1a
MT00004,2025-12-10,23.83,23,E1a
MT00004,2025-12-11,34.39,24,E1a
MT00004,2025-12-12,46.37,24,E1a
MT00004,2025-12-13,6.78,24,E1a
MT00004,2025-12-14,7.90,23,E1a
MT00004,2025-12-15,7.04,23,E1a
MT00004,2025-12-16,11.77,24,E1a
MT00004,2025-12-17,17.74,24,E1a
MT00004,2025-12-18,4.19,24,E1a
MT00004,2025-12-19,4.17,24,E1a
MT00004,2025-12-20,10.41,24,E1a
MT00004,2025-12-21,15.61,24,E1a
MT00004,2025-12-22,33.94,24,E1a
MT00004,2025-12-23,13.18,24,E1a
MT00004,2025-12-24,7.86,24,E1a
MT00004,2025-12-25,6.09,24,E1a
MT00004,2025-12-26,5.81,23,E1a
MT00004,2025-12-27,4.40,24,E1a
MT00004,2025-12-28,14.98,24,E1a
MT00004,2025-12-29,18.74,23,E1a
MT00004,2025-12-30,27.47,24,E1a
MT00004,2025-12-31,14.09,24,E1a
MT00004,2026-01-01,2.90,24,E2a
MT00004,2026-01-02,8.49,24,E2a
MT00004,2026-01-03,5.60,24,E2a
MT00004,2026-01-04,12.72,24,E2a
MT00004,2026-01-05,10.74,24,E2a
MT00004,2026-01-06,17.36,24,E2a
MT00004,2026-01-07,21.56,21,E2a
MT00004,2026-01-08,10.01,24,E2a
MT00004,2026-01-09,10.89,24,E2a
MT00004,2026-01-10,8.00,23,E2a
MT00004,2026-01-11,6.80,24,E2a
MT00004,2026-01-12,21.69,24,E2a
MT00004,2026-01-13,26.09,24,E2a
MT00004,2026-01-14,15.70,24,E2a
MT00004,2026-01-15,6.29,24,E2a
MT00004,2026-01-16,6.65,22,E2a
MT00004,2026-01-17,9.97,24,E2a
MT00004,2026-01-18,4.84,24,E2a
MT00004,2026-01-19,2.80,24,E2a
MT00004,2026-01-20,5.82,24,E2a
MT00004,2026-01-21,13.19,23,E2a
MT00004,2026-01-22,23.83,17,E2a
MT00004,2026-01-23,18.17,24,E2a
MT00004,2026-01-24,13.91,24,E2a
MT00004,2026-01-25,12.21,24,E2a
MT00004,2026-01-26,11.46,24,E2a
MT00004,2026-01-27,17.09,24,E2a
MT00004,2026-01-28,10.53,24,E2a
MT00004,2026-01-29,8.49,24,E2a
MT00004,2026-01-30,15.28,24,E2a
MT00004,2026-01-31,12.03,24,E2a
MT00004,2026-02-01,6.65,24,E2a
MT00004,2026-02-02,14.47,24,E2a
MT00004,2026-02-03,13.62,22,E2a
MT00004,2026-02-04,8.55,24,E2a
MT00004,2026-02-05,16.25,23,E2a
MT00004,2026-02-06,14.57,24,E2a
MT00004,2026-02-07,18.46,24,E2a
MT00004,2026-02-08,7.83,24,E2a
MT00004,2026-02-09,18.83,23,E2a
MT00004,2026-02-10,13.01,21,E2a
MT00004,2026-02-11,11.38,23,E2a
MT00004,2026-02-12,8.26,24,E2a
MT00004,2026-02-13,10.44,24,E2a
MT00004,2026-02-14,16.89,24,E2a
MT00004,2026-02-15,6.07,24,E2a
MT00004,2026-02-16,12.61,24,E2a
MT00004,2026-02-17,7.06,24,E2a
MT00004,2026-02-18,16.86,23,E2a
MT00004,2026-02-19,10.70,24,E2a
MT00004,2026-02-20,11.15,24,E2a
MT00004,2026-02-21,10.91,24,E2a
MT00004,2026-02-22,12.28,24,E2a
MT00004,2026-02-23,22.32,23,E2a
MT00004,2026-02-24,16.39,24,E2a
MT00004,2026-02-25,13.07,23,E2a
MT00004,2026-02-26,21.39,23,E2a
MT00004,2026-02-27,25.28,23,E2a
MT00004,2026-02-28,22.66,24,E2a
MT00004,2026-03-01,14.25,24,E2a
MT00004,2026-03-02,5.75,24,E2a
MT00004,2026-03-03,5.41,23,E2a
MT00004,2026-03-04,3.73,24,E2a
MT00004,2026-03-05,3.56,24,E2a
MT00004,2026-03-06,4.01,24,E2a
MT00004,2026-03-07,5.28,24,E2a
MT00004,2026-03-08,3.79,24,E2a
MT00004,2026-03-09,3.33,24,E2a
MT00004,2026-03-10,2.93,23,E2a
MT00004,2026-03-11,4.64,23,E2a
MT00004,2026-03-12,17.72,24,E2a
MT00004,2026-03-13,26.75,24,E2a
MT00004,2026-03-14,15.77,24,E2a
MT00004,2026-03-15,15.90,24,E2a
MT00004,2026-03-16,8.85,24,E2a
MT00004,2026-03-17,6.58,24,E2a
MT00004,2026-03-18,21.13,22,E2a
MT00004,2026-03-19,15.77,24,E2a
MT00004,2026-03-20,27.98,24,E2a
MT00004,2026-03-21,16.40,24,E2a
MT00004,2026-03-22,22.38,21,E2a
MT00004,2026-03-23,27.19,24,E2a
MT00004,2026-03-24,27.72,24,E2a
MT00004,2026-03-25,22.03,19,E2a
MT00004,2026-03-26,12.93,24,E2a
MT00004,2026-03-27,11.49,24,E2a
MT00004,2026-03-28,11.15,24,E2a
MT00004,2026-03-29,13.80,24,E2a
MT00004,2026-03-30,33.86,24,E2a
MT00004,2026-03-31,8.33,24,E2a
MT00004,2026-04-01,9.90,22,E2a
MT00004,2026-04-02,11.51,22,E2a
MT00004,2026-04-03,9.51,18,E2a
MT00004,2026-04-04,25.18,10,E2a
MT00004,2026-04-05,21.93,24,E2a
MT00004,2026-04-06,23.53,24,E2a
MT00004,2026-04-07,18.48,24,E2a
MT00004,2026-04-08,18.24,24,E2a
MT00004,2026-04-09,30.18,24,E2a
MT00004,2026-04-10,26.28,23,E2a
MT00004,2026-04-11,19.05,24,E2a
MT00004,2026-04-12,7.48,24,E2a
MT00004,2026-04-13,20.13,24,E2a
MT00004,2026-04-14,15.71,24,E2a
MT00004,2026-04-15,12.98,24,E2a
MT00004,2026-04-16,16.84,21,E2a
MT00004,2026-04-17,22.34,23,E2a
MT00004,2026-04-18,19.95,23,E2a
MT00004,2026-04-19,12.62,23,E2a
MT00004,2026-04-20,13.76,23,E2a
MT00004,2026-04-21,17.80,24,E2a
MT00004,2026-04-22,20.89,23,E2a
MT00004,2026-04-23,5.53,24,E2a
MT00004,2026-04-24,12.64,23,E2a
MT00004,2026-04-25,18.72,23,E2a
MT00004,2026-04-26,13.38,23,E2a
MT00004,2026-04-27,14.92,23,E2a
MT00004,2026-04-28,5.63,23,E2a
MT00004,2026-04-29,4.74,23,E2a
MT00004,2026-04-30,7.02,21,E2a
MT00004,2026-05-01,3.69,23,E2a
MT00004,2026-05-02,6.40,24,E2a
MT00004,2026-05-03,14.19,23,E2a
MT00004,2026-05-04,11.59,23,E2a
MT00004,2026-05-05,7.86,23,E2a
MT00004,2026-05-06,4.09,23,E2a
MT00004,2026-05-07,8.85,23,E2a
MT00004,2026-05-08,19.47,23,E2a
MT00004,2026-05-09,11.78,24,E2a
MT00004,2026-05-10,7.93,22,E2a
MT00004,2026-05-11,16.08,23,E2a
MT00004,2026-05-12,23.31,22,E2a
MT00004,2026-05-13,15.51,23,E2a
MT00004,2026-05-14,10.36,23,E2a
MT00004,2026-05-15,16.46,23,E2a
MT00004,2026-05-16,16.17,24,E2a
MT00004,2026-05-17,12.61,23,E2a
MT00004,2026-05-18,17.45,23,E2a
MT00004,2026-05-19,14.79,23,E2a
MT00004,2026-05-20,18.17,23,E2a
MT00004,2026-05-21,13.64,24,E2a
MT00004,2026-05-22,18.63,24,E2a
MT00004,2026-05-23,21.66,23,E2a
MT00004,2026-05-24,18.25,23,E2a
MT00004,2026-05-25,17.68,23,E2a
MT00004,2026-05-26,14.30,21,E2a
MT00004,2026-05-27,22.82,23,E2a
MT00004,2026-05-28,23.89,23,E2a
MT00004,2026-05-29,13.92,23,E2a
MT00004,2026-05-30,9.05,23,E2a
MT00004,2026-05-31,14.08,23,E2a
MT00004,2026-06-01,13.59,23,E2a
MT00004,2026-06-02,10.25,23,E2a
MT00004,2026-06-03,10.64,22,E2a
MT00004,2026-06-04,12.77,24,E2a
MT00004,2026-06-05,6.06,24,E2a
MT00004,2026-06-06,8.73,24,E2a
MT00004,2026-06-07,12.67,24,E2a
MT00004,2026-06-08,9.08,24,E2a
MT00004,2026-06-09,13.89,24,E2a
MT00004,2026-06-10,15.30,23,E2a
MT00004,2026-06-11,21.92,24,E2a
MT00004,2026-06-12,12.01,24,E2a
MT00004,2026-06-13,8.39,24,E2a
MT00004,2026-06-14,8.20,24,E2a
MT00004,2026-06-15,10.38,24,E2a
MT00004,2026-06-16,9.82,22,E2a
MT00004,2026-06-17,15.10,24,E2a
MT00004,2026-06-18,17.68,24,E2a
MT00004,2026-06-19,22.37,24,E2a
MT00004,2026-06-20,19.75,24,E2a
MT00004,2026-06-21,15.03,24,E2a
MT00004,2026-06-22,21.62,24,E2a
MT00004,2026-06-23,19.56,24,E2a
MT00004,2026-06-24,16.71,23,E2a
MT00004,2026-06-25,21.14,23,E2a
MT00004,2026-06-26,16.03,23,E2a
MT00004,2026-06-27,13.82,23,E2a
MT00004,2026-06-28,9.99,23,E2a
MT00004,2026-06-29,11.25,23,E2a
MT00004,2026-06-30,10.20,23,E2a
MT00004,2026-07-01,13.10,20,E2a
MT00004,2026-07-02,9.64,23,E2a
MT00004,2026-07-03,10.43,23,E2a
MT00004,2026-07-04,12.58,24,E2a
MT00004,2026-07-05,10.11,24,E2a
MT00004,2026-07-06,9.60,24,E2a
MT00004,2026-07-07,17.41,24,E2a
MT00004,2026-07-08,14.76,24,E2a
MT00004,2026-07-09,12.56,24,E2a
MT00004,2026-07-10,10.89,23,E2a
MT00004,2026-07-11,8.57,24,E2a
MT00004,2026-07-12,10.43,24,E2a
MT00004,2026-07-13,10.68,24,E2a
MT00004,2026-07-14,21.93,24,E2a
MT00004,2026-07-15,14.98,21,E2a
MT00004,2026-07-16,15.47,24,E2a
MT00004,2026-07-17,18.29,24,E2a
MT00004,2026-07-18,22.79,24,E2a
MT00004,2026-07-19,20.51,24,E2a
MT00004,2026-07-20,30.87,24,E2a
MT00004,2026-07-21,25.55,24,E2a
MT00004,2026-07-22,30.44,24,E2a
MT00004,2026-07-23,9.81,24,E2a
MT00004,2026-07-24,17.13,22,E2a
MT00004,2026-07-25,6.04,24,E2a
MT00004,2026-07-26,9.08,24,E2a
MT00004,2026-07-27,8.88,24,E2a
MT00004,2026-07-28,11.76,24,E2a
MT00004,2026-07-29,5.55,24,E2a
MT00004,2026-07-30,5.58,22,E2a
MT00004,2026-07-31,16.11,24,E2a
MT00004,2026-08-01,23.54,24,E2a
MT00004,2026-08-02,12.00,24,E2a
MT00004,2026-08-03,18.64,24,E2a
MT00004,2026-08-04,16.26,24,E2a
MT00004,2026-08-05,23.70,24,E2a
MT00004,2026-08-06,16.72,24,E2a
MT00004,2026-08-07,16.32,24,E2a
MT00004,2026-08-08,14.45,24,E2a
MT00004,2026-08-09,11.23,24,E2a
MT00004,2026-08-10,11.25,23,E2a
MT00004,2026-08-11,12.37,22,E2a
MT00004,2026-08-12,18.90,24,E2a
MT00004,2026-08-13,15.47,24,E2a
MT00004,2026-08-14,10.99,24,E2a
MT00004,2026-08-15,10.37,24,E2a
MT00004,2026-08-16,8.74,24,E2a
MT00004,2026-08-17,11.37,24,E2a
MT00004,2026-08-18,10.29,24,E2a
MT00004,2026-08-19,5.86,24,E2a
MT00004,2026-08-20,10.99,24,E2a
MT00004,2026-08-21,16.85,24,E2a
MT00004,2026-08-22,10.94,24,E2a
MT00004,2026-08-23,11.07,24,E2a
MT00004,2026-08-24,18.82,24,E2a
MT00004,2026-08-25,17.43,21,E2a
MT00004,2026-08-26,14.70,24,E2a
MT00004,2026-08-27,17.53,24,E2a
MT00004,2026-08-28,24.87,24,E2a
MT00004,2026-08-29,26.17,24,E2a
MT00004,2026-08-30,18.04,24,E2a
MT00004,2026-08-31,16.59,24,E2a
MT00004,2026-09-01,7.35,24,E2a
MT00004,2026-09-02,17.72,24,E2a
MT00004,2026-09-03,17.94,24,E2a
MT00004,2026-09-04,11.35,24,E2a
MT00004,2026-09-05,16.10,24,E2a
MT00004,2026-09-06,12.16,24,E2a
MT00004,2026-09-07,15.18,24,E2a
MT00004,2026-09-08,17.97,24,E2a
MT00004,2026-09-09,13.37,21,E2a
MT00004,2026-09-10,11.13,23,E2a
MT00004,2026-09-11,10.95,24,E2a
MT00004,2026-09-12,14.18,24,E2a
MT00004,2026-09-13,16.07,24,E2a
MT00004,2026-09-14,14.04,24,E2a
MT00004,2026-09-15,20.76,24,E2a
MT00004,2026-09-16,15.41,24,E2a
MT00004,2026-09-17,23.00,24,E2a
MT00004,2026-09-18,27.32,24,E2a
MT00004,2026-09-19,24.89,24,E2a
MT00004,2026-09-20,23.38,24,E2a
MT00004,2026-09-21,21.47,24,E2a
MT00004,2026-09-22,26.21,23,E2a
MT00004,2026-09-23,5.26,24,E2a
MT00004,2026-09-24,8.18,17,E2a
MT00004,2026-09-25,21.48,24,E2a
MT00004,2026-09-26,19.53,24,E2a
MT00004,2026-09-27,4.76,24,E2a
MT00004,2026-09-28,13.13,24,E2a
MT00004,2026-09-29,10.52,24,E2a
MT00004,2026-09-30,18.73,24,E2a
MT00004,2026-10-01,7.60,24,E2a
MT00004,2026-10-02,7.20,24,E2a
MT00004,2026-10-03,21.64,24,E2a
MT00004,2026-10-04,14.83,24,E2a
MT00004,2026-10-05,28.91,6,E2a
MT00005,2022-01-01,24.74,24,E1a
MT00005,2022-01-02,25.42,24,E1a
MT00005,2022-01-03,17.96,24,E1a
MT00005,2022-01-04,20.90,24,E1a
MT00005,2022-01-05,23.15,24,E1a
MT00005,2022-01-06,30.29,24,E1a
MT00005,2022-01-07,22.68,24,E1a
MT00005,2022-01-08,12.67,24,E1a
MT00005,2022-01-09,9.39,24,E1a
MT00005,2022-01-10,17.72,24,E1a
MT00005,2022-01-11,17.20,24,E1a
MT00005,2022-01-12,26.99,24,E1a
MT00005,2022-01-13,10.98,24,E1a
MT00005,2022-01-14,28.20,23,E1a
MT00005,2022-01-15,43.25,24,E1a
MT00005,2022-01-16,46.33,24,E1a
MT00005,2022-01-17,39.58,24,E1a
MT00005,2022-01-18,38.55,24,E1a
MT00005,2022-01-19,44.52,24,E1a
MT00005,2022-01-20,46.10,24,E1a
MT00005,2022-01-21,37.55,18,E1a
MT00005,2022-01-22,34.23,24,E1a
MT00005,2022-01-23,24.05,24,E1a
MT00005,2022-01-24,31.82,24,E1a
MT00005,2022-01-25,29.06,24,E1a
MT00005,2022-01-26,52.76,24,E1a
MT00005,2022-01-27,53.90,24,E1a
MT00005,2022-01-28,42.40,24,E1a
MT00005,2022-01-29,18.04,24,E1a
MT00005,2022-01-30,14.59,24,E1a
MT00005,2022-01-31,19.60,24,E1a
MT00005,2022-02-01,15.84,22,E1a
MT00005,2022-02-02,19.89,24,E1a
MT00005,2022-02-03,33.71,24,E1a
MT00005,2022-02-04,38.19,24,E1a
MT00005,2022-02-05,25.98,24,E1a
MT00005,2022-02-06,24.04,24,E1a
MT00005,2022-02-07,21.38,24,E1a
MT00005,2022-02-08,26.78,24,E1a
MT00005,2022-02-09,43.28,24,E1a
MT00005,2022-02-10,42.86,24,E1a
MT00005,2022-02-11,47.11,24,E1a
MT00005,2022-02-12,53.19,24,E1a
MT00005,2022-02-13,50.21,24,E1a
MT00005,2022-02-14,57.20,24,E1a
MT00005,2022-02-15,28.47,24,E1a
MT00005,2022-02-16,24.25,24,E1a
MT00005,2022-02-17,37.60,24,E1a
MT00005,2022-02-18,40.66,24,E1a
MT00005,2022-02-19,21.27,24,E1a
MT00005,2022-02-20,17.71,24,E1a
MT00005,2022-02-21,19.47,24,E1a
MT00005,2022-02-22,17.23,24,E1a
MT00005,2022-02-23,25.55,24,E1a
MT00005,2022-02-24,48.39,24,E1a
MT00005,2022-02-25,52.02,23,E1a
MT00005,2022-02-26,30.82,24,E1a
MT00005,2022-02-27,14.50,24,E1a
MT00005,2022-02-28,32.66,24,E1a
MT00005,2022-03-01,30.13,24,E1a
MT00005,2022-03-02,30.88,24,E1a
MT00005,2022-03-03,39.00,24,E1a
MT00005,2022-03-04,40.84,24,E1a
MT00005,2022-03-05,40.39,24,E1a
MT00005,2022-03-06,27.42,24,E1a
MT00005,2022-03-07,49.70,24,E1a
MT00005,2022-03-08,30.88,24,E1a
MT00005,2022-03-09,19.34,23,E1a
MT00005,2022-03-10,30.82,24,E1a
MT00005,2022-03-11,49.30,24,E1a
MT00005,2022-03-12,49.77,24,E1a
MT00005,2022-03-13,33.62,24,E1a
MT00005,2022-03-14,29.29,24,E1a
MT00005,2022-03-15,37.65,24,E1a
MT00005,2022-03-16,38.10,24,E1a
MT00005,2022-03-17,34.92,24,E1a
MT00005,2022-03-18,14.82,24,E1a
MT00005,2022-03-19,10.76,24,E1a
MT00005,2022-03-20,10.56,24,E1a
MT00005,2022-03-21,18.90,24,E1a
MT00005,2022-03-22,25.80,24,E1a
MT00005,2022-03-23,39.12,24,E1a
MT00005,2022-03-24,61.17,23,E1a
MT00005,2022-03-25,51.67,24,E1a
MT00005,2022-03-26,27.57,24,E1a
MT00005,2022-03-27,24.99,24,E1a
MT00005,2022-03-28,33.21,24,E1a
MT00005,2022-03-29,34.44,24,E1a
MT00005,2022-03-30,28.44,24,E1a
MT00005,2022-03-31,22.30,24,E1a
MT00005,2022-04-01,24.61,24,E1a
MT00005,2022-04-02,19.40,24,E1a
MT00005,2022-04-03,22.43,24,E1a
MT00005,2022-04-04,12.72,24,E1a
MT00005,2022-04-05,18.03,24,E1a
MT00005,2022-04-06,37.35,24,E1a
MT00005,2022-04-07,19.70,24,E1a
MT00005,2022-04-08,24.33,24,E1a
MT00005,2022-04-09,30.13,24,E1a
MT00005,2022-04-10,13.05,24,E1a
MT00005,2022-04-11,29.63,24,E1a
MT00005,2022-04-12,31.97,24,E1a
MT00005,2022-04-13,15.79,21,E1a
MT00005,2022-04-14,13.64,24,E1a
MT00005,2022-04-15,8.33,24,E1a
MT00005,2022-04-16,14.70,24,E1a
MT00005,2022-04-17,15.84,24,E1a
MT00005,2022-04-18,18.65,24,E1a
MT00005,2022-04-19,24.70,24,E1a
MT00005,2022-04-20,24.56,22,E1a
MT00005,2022-04-21,18.13,24,E1a
MT00005,2022-04-22,28.31,21,E1a
MT00005,2022-04-23,20.86,24,E1a
MT00005,2022-04-24,21.60,24,E1a
MT00005,2022-04-25,47.28,24,E1a
MT00005,2022-04-26,47.61,24,E1a
MT00005,2022-04-27,34.13,24,E1a
MT00005,2022-04-28,19.35,20,E1a
MT00005,2022-04-29,33.65,24,E1a
MT00005,2022-04-30,45.15,24,E1a
MT00005,2022-05-01,24.33,24,E1a
MT00005,2022-05-02,25.05,24,E1a
MT00005,2022-05-03,33.17,24,E1a
MT00005,2022-05-04,40.26,24,E1a
MT00005,2022-05-05,39.78,24,E1a
MT00005,2022-05-06,26.50,24,E1a
MT00005,2022-05-07,12.47,24,E1a
MT00005,2022-05-08,11.31,24,E1a
MT00005,2022-05-09,26.81,24,E1a
MT00005,2022-05-10,25.63,24,E1a
MT00005,2022-05-11,39.72,24,E1a
MT00005,2022-05-12,48.70,24,E1a
MT00005,2022-05-13,34.05,24,E1a
MT00005,2022-05-14,25.53,24,E1a
MT00005,2022-05-15,29.04,24,E1a
MT00005,2022-05-16,31.10,24,E1a
MT00005,2022-05-17,44.56,23,E1a
MT00005,2022-05-18,43.48,24,E1a
MT00005,2022-05-19,28.85,24,E1a
MT00005,2022-05-20,29.02,24,E1a
MT00005,2022-05-21,18.49,24,E1a
MT00005,2022-05-22,10.78,24,E1a
MT00005,2022-05-23,22.30,24,E1a
MT00005,2022-05-24,31.78,24,E1a
MT00005,2022-05-25,32.70,24,E1a
MT00005,2022-05-26,43.38,24,E1a
MT00005,2022-05-27,23.97,24,E1a
MT00005,2022-05-28,15.98,24,E1a
MT00005,2022-05-29,12.86,24,E1a
MT00005,2022-05-30,31.47,24,E1a
MT00005,2022-05-31,33.96,21,E1a
MT00005,2022-06-01,49.86,24,E1a
MT00005,2022-06-02,50.96,24,E1a
MT00005,2022-06-03,63.40,24,E1a
MT00005,2022-06-04,58.76,24,E1a
MT00005,2022-06-05,25.64,24,E1a
MT00005,2022-06-06,19.66,24,E1a
MT00005,2022-06-07,19.99,24,E1a
MT00005,2022-06-08,25.92,24,E1a
MT00005,2022-06-09,19.98,24,E1a
MT00005,2022-06-10,19.01,24,E1a
MT00005,2022-06-11,17.77,24,E1a
MT00005,2022-06-12,18.29,24,E1a
MT00005,2022-06-13,32.61,24,E1a
MT00005,2022-06-14,31.27,24,E1a
MT00005,2022-06-15,40.28,22,E1a
MT00005,2022-06-16,31.66,24,E1a
MT00005,2022-06-17,30.46,24,E1a
MT00005,2022-06-18,21.65,24,E1a
MT00005,2022-06-19,22.17,24,E1a
MT00005,2022-06-20,30.36,24,E1a
MT00005,2022-06-21,26.81,24,E1a
MT00005,2022-06-22,28.83,24,E1a
MT00005,2022-06-23,35.16,24,E1a
MT00005,2022-06-24,47.40,24,E1a
MT00005,2022-06-25,53.00,24,E1a
MT00005,2022-06-26,36.39,24,E1a
MT00005,2022-06-27,32.81,24,E1a
MT00005,2022-06-28,41.68,24,E1a
MT00005,2022-06-29,26.76,24,E1a
MT00005,2022-06-30,27.45,21,E1a
MT00005,2022-07-01,27.65,24,E1a
MT00005,2022-07-02,28.10,24,E1a
MT00005,2022-07-03,18.09,24,E1a
MT00005,2022-07-04,30.84,24,E1a
MT00005,2022-07-05,35.56,24,E1a
MT00005,2022-07-06,36.88,24,E1a
MT00005,2022-07-07,28.42,24,E1a
MT00005,2022-07-08,16.57,23,E1a
MT00005,2022-07-09,22.68,24,E1a
MT00005,2022-07-10,18.17,24,E1a
MT00005,2022-07-11,26.77,24,E1a
MT00005,2022-07-12,27.95,24,E1a
MT00005,2022-07-13,29.25,24,E1a
MT00005,2022-07-14,25.59,24,E1a
MT00005,2022-07-15,20.40,20,E1a
MT00005,2022-07-16,21.32,24,E1a
MT00005,2022-07-17,18.73,24,E1a
MT00005,2022-07-18,33.90,24,E1a
MT00005,2022-07-19,31.40,24,E1a
MT00005,2022-07-20,26.94,24,E1a
MT00005,2022-07-21,24.43,24,E1a
MT00005,2022-07-22,25.93,24,E1a
MT00005,2022-07-23,21.81,22,E1a
MT00005,2022-07-24,13.21,24,E1a
MT00005,2022-07-25,34.04,24,E1a
MT00005,2022-07-26,18.88,24,E1a
MT00005,2022-07-27,20.40,24,E1a
MT00005,2022-07-28,19.65,24,E1a
MT00005,2022-07-29,21.08,21,E1a
MT00005,2022-07-30,15.89,24,E1a
MT00005,2022-07-31,16.92,24,E1a
MT00005,2022-08-01,18.90,24,E1a
MT00005,2022-08-02,21.42,24,E1a
MT00005,2022-08-03,26.32,24,E1a
MT00005,2022-08-04,30.40,24,E1a
MT00005,2022-08-05,30.48,24,E1a
MT00005,2022-08-06,18.68,24,E1a
MT00005,2022-08-07,16.95,24,E1a
MT00005,2022-08-08,28.06,24,E1a
MT00005,2022-08-09,25.92,24,E1a
MT00005,2022-08-10,23.66,24,E1a
MT00005,2022-08-11,32.61,24,E1a
MT00005,2022-08-12,36.74,21,E1a
MT00005,2022-08-13,23.00,24,E1a
MT00005,2022-08-14,17.56,18,E1a
MT00005,2022-08-15,17.98,24,E1a
MT00005,2022-08-16,16.58,24,E1a
MT00005,2022-08-17,28.06,22,E1a
MT00005,2022-08-18,20.84,24,E1a
MT00005,2022-08-19,23.15,24,E1a
MT00005,2022-08-20,15.47,24,E1a
MT00005,2022-08-21,14.77,24,E1a
MT00005,2022-08-22,19.34,24,E1a
MT00005,2022-08-23,22.34,23,E1a
MT00005,2022-08-24,23.22,24,E1a
MT00005,2022-08-25,25.28,24,E1a
MT00005,2022-08-26,30.00,24,E1a
MT00005,2022-08-27,22.33,24,E1a
MT00005,2022-08-28,20.74,24,E1a
MT00005,2022-08-29,22.90,24,E1a
MT00005,2022-08-30,25.71,24,E1a
MT00005,2022-08-31,24.63,24,E1a
MT00005,2022-09-01,23.36,23,E1a
MT00005,2022-09-02,25.15,24,E1a
MT00005,2022-09-03,17.91,24,E1a
MT00005,2022-09-04,13.02,24,E1a
MT00005,2022-09-05,20.04,24,E1a
MT00005,2022-09-06,27.16,21,E1a
MT00005,2022-09-07,23.27,24,E1a
MT00005,2022-09-08,12.45,24,E1a
MT00005,2022-09-09,14.46,24,E1a
MT00005,2022-09-10,21.67,24,E1a
MT00005,2022-09-11,16.43,24,E1a
MT00005,2022-09-12,31.60,24,E1a
MT00005,2022-09-13,32.39,24,E1a
MT00005,2022-09-14,31.26,24,E1a
MT00005,2022-09-15,24.38,24,E1a
MT00005,2022-09-16,23.46,24,E1a
MT00005,2022-09-17,20.51,24,E1a
MT00005,2022-09-18,21.11,24,E1a
MT00005,2022-09-19,39.86,24,E1a
MT00005,2022-09-20,36.70,24,E1a
MT00005,2022-09-21,27.26,24,E1a
MT00005,2022-09-22,42.12,20,E1a
MT00005,2022-09-23,18.21,24,E1a
MT00005,2022-09-24,31.68,24,E1a
MT00005,2022-09-25,26.91,24,E1a
MT00005,2022-09-26,19.65,24,E1a
MT00005,2022-09-27,32.98,24,E1a
MT00005,2022-09-28,37.96,24,E1a
MT00005,2022-09-29,36.62,24,E1a
MT00005,2022-09-30,30.44,24,E1a
MT00005,2022-10-01,19.93,24,E1a
MT00005,2022-10-02,16.22,24,E1a
MT00005,2022-10-03,28.52,24,E1a
MT00005,2022-10-04,28.88,24,E1a
MT00005,2022-10-05,33.80,24,E1a
MT00005,2022-10-06,37.50,24,E1a
MT00005,2022-10-07,55.74,9,E1a
MT00005,2022-10-08,,0,E1a
MT00005,2022-10-09,,0,E1a
MT00005,2022-10-10,43.22,18,E1a
MT00005,2022-10-11,42.53,24,E1a
MT00005,2022-10-12,26.21,24,E1a
MT00005,2022-10-13,35.37,24,E1a
MT00005,2022-10-14,24.81,24,E1a
MT00005,2022-10-15,29.97,24,E1a
MT00005,2022-10-16,46.57,24,E1a
MT00005,2022-10-17,38.45,24,E1a
MT00005,2022-10-18,34.84,24,E1a
MT00005,2022-10-19,51.18,24,E1a
MT00005,2022-10-20,55.83,21,E1a
MT00005,2022-10-21,55.96,24,E1a
MT00005,2022-10-22,49.62,24,E1a
MT00005,2022-10-23,39.89,24,E1a
MT00005,2022-10-24,47.83,24,E1a
MT00005,2022-10-25,42.60,23,E1a
MT00005,2022-10-26,59.03,24,E1a
MT00005,2022-10-27,54.43,24,E1a
MT00005,2022-10-28,41.08,24,E1a
MT00005,2022-10-29,17.11,24,E1a
MT00005,2022-10-30,26.34,24,E1a
MT00005,2022-10-31,40.57,24,E1a
MT00005,2022-11-01,37.68,24,E1a
MT00005,2022-11-02,38.40,24,E1a
MT00005,2022-11-03,40.40,24,E1a
MT00005,2022-11-04,25.76,21,E1a
MT00005,2022-11-05,17.75,24,E1a
MT00005,2022-11-06,10.49,24,E1a
MT00005,2022-11-07,36.43,24,E1a
MT00005,2022-11-08,45.94,24,E1a
MT00005,2022-11-09,60.34,24,E1a
MT00005,2022-11-10,51.33,24,E1a
MT00005,2022-11-11,34.30,24,E1a
MT00005,2022-11-12,32.57,24,E1a
MT00005,2022-11-13,41.95,24,E1a
MT00005,2022-11-14,53.37,19,E1a
MT00005,2022-11-15,53.67,24,E1a
MT00005,2022-11-16,43.07,24,E1a
MT00005,2022-11-17,45.63,24,E1a
MT00005,2022-11-18,32.06,24,E1a
MT00005,2022-11-19,22.45,24,E1a
MT00005,2022-11-20,15.57,24,E1a
MT00005,2022-11-21,30.32,24,E1a
MT00005,2022-11-22,14.15,24,E1a
MT00005,2022-11-23,18.90,24,E1a
MT00005,2022-11-24,24.82,24,E1a
MT00005,2022-11-25,46.85,24,E1a
MT00005,2022-11-26,35.64,24,E1a
MT00005,2022-11-27,5.48,24,E1a
MT00005,2022-11-28,31.10,24,E1a
MT00005,2022-11-29,34.04,24,E1a
MT00005,2022-11-30,52.67,24,E1a
MT00005,2022-12-01,55.04,21,E1a
MT00005,2022-12-02,59.19,24,E1a
MT00005,2022-12-03,20.21,24,E1a
MT00005,2022-12-04,44.79,24,E1a
MT00005,2022-12-05,55.91,24,E1a
MT00005,2022-12-06,56.80,24,E1a
MT00005,2022-12-07,43.82,24,E1a
MT00005,2022-12-08,44.20,24,E1a
MT00005,2022-12-09,30.64,24,E1a
MT00005,2022-12-10,12.88,24,E1a
MT00005,2022-12-11,15.24,24,E1a
MT00005,2022-12-12,21.08,24,E1a
MT00005,2022-12-13,19.19,24,E1a
MT00005,2022-12-14,32.60,24,E1a
MT00005,2022-12-15,34.86,24,E1a
MT00005,2022-12-16,31.91,24,E1a
MT00005,2022-12-17,29.75,24,E1a
MT00005,2022-12-18,31.37,24,E1a
MT00005,2022-12-19,24.35,24,E1a
MT00005,2022-12-20,44.33,24,E1a
MT00005,2022-12-21,53.78,24,E1a
MT00005,2022-12-22,46.12,24,E1a
MT00005,2022-12-23,27.76,24,E1a
MT00005,2022-12-24,18.91,24,E1a
MT00005,2022-12-25,25.88,24,E1a
MT00005,2022-12-26,36.78,24,E1a
MT00005,2022-12-27,36.43,24,E1a
MT00005,2022-12-28,38.81,24,E1a
MT00005,2022-12-29,41.69,24,E1a
MT00005,2022-12-30,39.70,8,E1a
MT00005,2022-12-31,39.27,24,E1a
MT00005,2023-01-01,29.96,24,E1a
MT00005,2023-01-02,38.55,24,E1a
MT00005,2023-01-03,41.52,24,E1a
MT00005,2023-01-04,43.64,24,E1a
MT00005,2023-01-05,46.51,24,E1a
MT00005,2023-01-06,45.56,24,E1a
MT00005,2023-01-07,40.94,24,E1a
MT00005,2023-01-08,34.30,24,E1a
MT00005,2023-01-09,33.07,24,E1a
MT00005,2023-01-10,14.21,21,E1a
MT00005,2023-01-11,23.89,24,E1a
MT00005,2023-01-12,32.46,24,E1a
MT00005,2023-01-13,44.70,24,E1a
MT00005,2023-01-14,30.43,24,E1a
MT00005,2023-01-15,26.03,24,E1a
MT00005,2023-01-16,34.17,24,E1a
MT00005,2023-01-17,13.68,24,E1a
MT00005,2023-01-18,22.02,23,E1a
MT00005,2023-01-19,36.50,24,E1a
MT00005,2023-01-20,23.06,24,E1a
MT00005,2023-01-21,18.72,24,E1a
MT00005,2023-01-22,26.21,24,E1a
MT00005,2023-01-23,49.95,24,E1a
MT00005,2023-01-24,50.04,24,E1a
MT00005,2023-01-25,58.06,24,E1a
MT00005,2023-01-26,42.01,21,E1a
MT00005,2023-01-27,39.97,24,E1a
MT00005,2023-01-28,43.04,24,E1a
MT00005,2023-01-29,23.92,24,E1a
MT00005,2023-01-30,44.15,24,E1a
MT00005,2023-01-31,22.23,24,E1a
MT00005,2023-02-01,50.68,24,E1a
MT00005,2023-02-02,57.16,24,E1a
MT00005,2023-02-03,54.03,24,E1a
MT00005,2023-02-04,33.33,24,E1a
MT00005,2023-02-05,19.58,24,E1a
MT00005,2023-02-06,28.00,24,E1a
MT00005,2023-02-07,22.56,24,E1a
MT00005,2023-02-08,10.24,24,E1a
MT00005,2023-02-09,8.73,24,E1a
MT00005,2023-02-10,7.79,1,E1a
MT00005,2023-02-11,,0,E1a
MT00005,2023-02-12,,0,E1a
MT00005,2023-02-13,,0,E1a
MT00005,2023-02-14,40.68,16,E1a
MT00005,2023-02-15,52.44,24,E1a
MT00005,2023-02-16,62.93,24,E1a
MT00005,2023-02-17,52.61,24,E1a
MT00005,2023-02-18,43.52,24,E1a
MT00005,2023-02-19,39.08,24,E1a
MT00005,2023-02-20,53.33,24,E1a
MT00005,2023-02-21,46.39,24,E1a
MT00005,2023-02-22,47.96,22,E1a
MT00005,2023-02-23,57.48,24,E1a
MT00005,2023-02-24,48.68,24,E1a
MT00005,2023-02-25,21.16,24,E1a
MT00005,2023-02-26,17.04,24,E1a
MT00005,2023-02-27,27.38,24,E1a
MT00005,2023-02-28,33.43,24,E1a
MT00005,2023-03-01,26.11,24,E1a
MT00005,2023-03-02,38.38,24,E1a
MT00005,2023-03-03,37.16,24,E1a
MT00005,2023-03-04,27.23,24,E1a
MT00005,2023-03-05,15.49,24,E1a
MT00005,2023-03-06,34.60,24,E1a
MT00005,2023-03-07,33.51,24,E1a
MT00005,2023-03-08,30.74,23,E1a
MT00005,2023-03-09,33.47,24,E1a
MT00005,2023-03-10,31.62,24,E1a
MT00005,2023-03-11,10.81,24,E1a
MT00005,2023-03-12,8.67,24,E1a
MT00005,2023-03-13,29.30,24,E1a
MT00005,2023-03-14,18.08,24,E1a
MT00005,2023-03-15,17.62,24,E1a
MT00005,2023-03-16,26.51,24,E1a
MT00005,2023-03-17,26.58,24,E1a
MT00005,2023-03-18,37.00,24,E1a
MT00005,2023-03-19,30.79,24,E1a
MT00005,2023-03-20,25.08,24,E1a
MT00005,2023-03-21,18.87,24,E1a
MT00005,2023-03-22,26.82,24,E1a
MT00005,2023-03-23,34.44,24,E1a
MT00005,2023-03-24,34.03,24,E1a
MT00005,2023-03-25,19.47,24,E1a
MT00005,2023-03-26,15.73,24,E1a
MT00005,2023-03-27,21.60,24,E1a
MT00005,2023-03-28,21.78,24,E1a
MT00005,2023-03-29,25.96,24,E1a
MT00005,2023-03-30,25.72,23,E1a
MT00005,2023-03-31,19.03,24,E1a
MT00005,2023-04-01,22.91,24,E1a
MT00005,2023-04-02,15.58,24,E1a
MT00005,2023-04-03,19.58,24,E1a
MT00005,2023-04-04,20.17,24,E1a
MT00005,2023-04-05,29.28,24,E1a
MT00005,2023-04-06,33.15,24,E1a
MT00005,2023-04-07,37.67,24,E1a
MT00005,2023-04-08,42.85,24,E1a
MT00005,2023-04-09,22.61,24,E1a
MT00005,2023-04-10,20.19,24,E1a
MT00005,2023-04-11,19.15,24,E1a
MT00005,2023-04-12,24.06,24,E1a
MT00005,2023-04-13,33.12,23,E1a
MT00005,2023-04-14,21.06,24,E1a
MT00005,2023-04-15,21.68,24,E1a
MT00005,2023-04-16,11.98,24,E1a
MT00005,2023-04-17,21.20,24,E1a
MT00005,2023-04-18,23.78,24,E1a
MT00005,2023-04-19,35.68,24,E1a
MT00005,2023-04-20,28.54,24,E1a
MT00005,2023-04-21,13.53,24,E1a
MT00005,2023-04-22,15.57,24,E1a
MT00005,2023-04-23,30.78,24,E1a
MT00005,2023-04-24,27.67,24,E1a
MT00005,2023-04-25,25.06,24,E1a
MT00005,2023-04-26,25.33,24,E1a
MT00005,2023-04-27,35.57,24,E1a
MT00005,2023-04-28,34.01,24,E1a
MT00005,2023-04-29,18.67,24,E1a
MT00005,2023-04-30,18.66,24,E1a
MT00005,2023-05-01,15.56,24,E1a
MT00005,2023-05-02,17.02,24,E1a
MT00005,2023-05-03,17.12,24,E1a
MT00005,2023-05-04,25.16,24,E1a
MT00005,2023-05-05,30.28,24,E1a
MT00005,2023-05-06,23.49,24,E1a
MT00005,2023-05-07,26.31,24,E1a
MT00005,2023-05-08,29.35,24,E1a
MT00005,2023-05-09,16.12,24,E1a
MT00005,2023-05-10,26.59,24,E1a
MT00005,2023-05-11,18.07,24,E1a
MT00005,2023-05-12,30.44,24,E1a
MT00005,2023-05-13,19.59,24,E1a
MT00005,2023-05-14,25.08,24,E1a
MT00005,2023-05-15,16.40,23,E1a
MT00005,2023-05-16,15.96,24,E1a
MT00005,2023-05-17,19.84,24,E1a
MT00005,2023-05-18,31.48,24,E1a
MT00005,2023-05-19,16.99,23,E1a
MT00005,2023-05-20,17.07,24,E1a
MT00005,2023-05-21,13.31,24,E1a
MT00005,2023-05-22,27.63,24,E1a
MT00005,2023-05-23,22.93,24,E1a
MT00005,2023-05-24,20.69,24,E1a
MT00005,2023-05-25,16.35,21,E1a
MT00005,2023-05-26,28.08,24,E1a
MT00005,2023-05-27,25.62,24,E1a
MT00005,2023-05-28,20.43,24,E1a
MT00005,2023-05-29,30.06,24,E1a
MT00005,2023-05-30,29.29,24,E1a
MT00005,2023-05-31,16.31,24,E1a
MT00005,2023-06-01,22.55,24,E1a
MT00005,2023-06-02,23.27,24,E1a
MT00005,2023-06-03,24.49,24,E1a
MT00005,2023-06-04,19.55,24,E1a
MT00005,2023-06-05,15.58,24,E1a
MT00005,2023-06-06,23.14,24,E1a
MT00005,2023-06-07,21.62,24,E1a
MT00005,2023-06-08,32.59,24,E1a
MT00005,2023-06-09,26.58,24,E1a
MT00005,2023-06-10,25.30,24,E1a
MT00005,2023-06-11,17.11,24,E1a
MT00005,2023-06-12,18.41,24,E1a
MT00005,2023-06-13,24.61,24,E1a
MT00005,2023-06-14,24.26,24,E1a
MT00005,2023-06-15,17.07,24,E1a
MT00005,2023-06-16,18.70,24,E1a
MT00005,2023-06-17,17.82,24,E1a
MT00005,2023-06-18,38.11,24,E1a
MT00005,2023-06-19,44.08,24,E1a
MT00005,2023-06-20,41.78,24,E1a
MT00005,2023-06-21,37.15,24,E1a
MT00005,2023-06-22,36.96,24,E1a
MT00005,2023-06-23,30.87,24,E1a
MT00005,2023-06-24,18.19,24,E1a
MT00005,2023-06-25,10.89,22,E1a
MT00005,2023-06-26,23.51,24,E1a
MT00005,2023-06-27,22.97,24,E1a
MT00005,2023-06-28,19.44,24,E1a
MT00005,2023-06-29,12.29,24,E1a
MT00005,2023-06-30,30.77,24,E1a
MT00005,2023-07-01,22.04,24,E1a
MT00005,2023-07-02,9.38,24,E1a
MT00005,2023-07-03,15.92,24,E1a
MT00005,2023-07-04,18.29,24,E1a
MT00005,2023-07-05,25.10,24,E1a
MT00005,2023-07-06,29.53,24,E1a
MT00005,2023-07-07,37.72,24,E1a
MT00005,2023-07-08,25.69,24,E1a
MT00005,2023-07-09,24.91,24,E1a
MT00005,2023-07-10,28.87,24,E1a
MT00005,2023-07-11,36.76,24,E1a
MT00005,2023-07-12,28.22,24,E1a
MT00005,2023-07-13,17.95,24,E1a
MT00005,2023-07-14,26.58,24,E1a
MT00005,2023-07-15,37.93,24,E1a
MT00005,2023-07-16,47.90,24,E1a
MT00005,2023-07-17,44.19,24,E1a
MT00005,2023-07-18,53.04,24,E1a
MT00005,2023-07-19,48.72,22,E1a
MT00005,2023-07-20,48.19,16,E1a
MT00005,2023-07-21,42.26,24,E1a
MT00005,2023-07-22,45.67,24,E1a
MT00005,2023-07-23,43.16,24,E1a
MT00005,2023-07-24,42.00,24,E1a
MT00005,2023-07-25,27.61,24,E1a
MT00005,2023-07-26,18.98,24,E1a
MT00005,2023-07-27,18.84,24,E1a
MT00005,2023-07-28,18.91,24,E1a
MT00005,2023-07-29,17.10,24,E1a
MT00005,2023-07-30,14.44,21,E1a
MT00005,2023-07-31,24.09,24,E1a
MT00005,2023-08-01,20.37,24,E1a
MT00005,2023-08-02,18.76,24,E1a
MT00005,2023-08-03,20.30,24,E1a
MT00005,2023-08-04,20.54,21,E1a
MT00005,2023-08-05,11.87,24,E1a
MT00005,2023-08-06,9.57,24,E1a
MT00005,2023-08-07,16.91,24,E1a
MT00005,2023-08-08,23.11,24,E1a
MT00005,2023-08-09,26.85,22,E1a
MT00005,2023-08-10,24.73,24,E1a
MT00005,2023-08-11,32.54,24,E1a
MT00005,2023-08-12,28.63,24,E1a
MT00005,2023-08-13,25.59,24,E1a
MT00005,2023-08-14,23.07,24,E1a
MT00005,2023-08-15,17.21,24,E1a
MT00005,2023-08-16,23.52,24,E1a
MT00005,2023-08-17,18.45,23,E1a
MT00005,2023-08-18,21.20,24,E1a
MT00005,2023-08-19,26.85,24,E1a
MT00005,2023-08-20,18.30,24,E1a
MT00005,2023-08-21,23.46,24,E1a
MT00005,2023-08-22,18.77,24,E1a
MT00005,2023-08-23,26.78,24,E1a
MT00005,2023-08-24,26.03,24,E1a
MT00005,2023-08-25,31.23,24,E1a
MT00005,2023-08-26,20.83,24,E1a
MT00005,2023-08-27,25.58,24,E1a
MT00005,2023-08-28,17.30,24,E1a
MT00005,2023-08-29,18.67,24,E1a
MT00005,2023-08-30,18.57,22,E1a
MT00005,2023-08-31,33.43,24,E1a
MT00005,2023-09-01,39.03,21,E1a
MT00005,2023-09-02,30.81,24,E1a
MT00005,2023-09-03,24.84,24,E1a
MT00005,2023-09-04,27.52,24,E1a
MT00005,2023-09-05,17.27,24,E1a
MT00005,2023-09-06,17.16,24,E1a
MT00005,2023-09-07,17.03,24,E1a
MT00005,2023-09-08,15.68,24,E1a
MT00005,2023-09-09,25.68,24,E1a
MT00005,2023-09-10,30.65,24,E1a
MT00005,2023-09-11,34.49,24,E1a
MT00005,2023-09-12,28.62,24,E1a
MT00005,2023-09-13,31.45,24,E1a
MT00005,2023-09-14,21.36,22,E1a
MT00005,2023-09-15,24.11,24,E1a
MT00005,2023-09-16,29.82,24,E1a
MT00005,2023-09-17,30.14,24,E1a
MT00005,2023-09-18,35.35,24,E1a
MT00005,2023-09-19,31.71,24,E1a
MT00005,2023-09-20,44.37,24,E1a
MT00005,2023-09-21,19.03,24,E1a
MT00005,2023-09-22,14.16,23,E1a
MT00005,2023-09-23,11.82,24,E1a
MT00005,2023-09-24,12.91,24,E1a
MT00005,2023-09-25,21.34,24,E1a
MT00005,2023-09-26,21.29,24,E1a
MT00005,2023-09-27,20.56,24,E1a
MT00005,2023-09-28,36.18,24,E1a
MT00005,2023-09-29,31.77,20,E1a
MT00005,2023-09-30,29.59,24,E1a
MT00005,2023-10-01,37.43,24,E1a
MT00005,2023-10-02,39.11,24,E1a
MT00005,2023-10-03,43.37,24,E1a
MT00005,2023-10-04,35.92,24,E1a
MT00005,2023-10-05,35.08,24,E1a
MT00005,2023-10-06,36.74,24,E1a
MT00005,2023-10-07,42.71,24,E1a
MT00005,2023-10-08,23.84,24,E1a
MT00005,2023-10-09,34.08,24,E1a
MT00005,2023-10-10,45.83,24,E1a
MT00005,2023-10-11,45.33,24,E1a
MT00005,2023-10-12,33.93,21,E1a
MT00005,2023-10-13,41.34,24,E1a
MT00005,2023-10-14,30.90,24,E1a
MT00005,2023-10-15,25.74,24,E1a
MT00005,2023-10-16,26.16,24,E1a
MT00005,2023-10-17,26.33,24,E1a
MT00005,2023-10-18,45.34,24,E1a
MT00005,2023-10-19,33.59,24,E1a
MT00005,2023-10-20,20.13,24,E1a
MT00005,2023-10-21,19.15,24,E1a
MT00005,2023-10-22,28.11,24,E1a
MT00005,2023-10-23,34.40,24,E1a
MT00005,2023-10-24,29.86,24,E1a
MT00005,2023-10-25,35.48,24,E1a
MT00005,2023-10-26,27.53,24,E1a
MT00005,2023-10-27,32.55,24,E1a
MT00005,2023-10-28,25.53,24,E1a
MT00005,2023-10-29,31.98,24,E1a
MT00005,2023-10-30,28.54,24,E1a
MT00005,2023-10-31,17.57,24,E1a
MT00005,2023-11-01,32.97,24,E1a
MT00005,2023-11-02,24.88,24,E1a
MT00005,2023-11-03,32.01,24,E1a
MT00005,2023-11-04,25.44,24,E1a
MT00005,2023-11-05,19.12,24,E1a
MT00005,2023-11-06,48.27,24,E1a
MT00005,2023-11-07,35.39,24,E1a
MT00005,2023-11-08,27.92,24,E1a
MT00005,2023-11-09,25.04,24,E1a
MT00005,2023-11-10,37.40,22,E1a
MT00005,2023-11-11,25.09,24,E1a
MT00005,2023-11-12,17.62,24,E1a
MT00005,2023-11-13,23.48,24,E1a
MT00005,2023-11-14,28.70,24,E1a
MT00005,2023-11-15,31.72,24,E1a
MT00005,2023-11-16,31.46,24,E1a
MT00005,2023-11-17,23.57,24,E1a
MT00005,2023-11-18,16.05,24,E1a
MT00005,2023-11-19,19.78,24,E1a
MT00005,2023-11-20,36.62,24,E1a
MT00005,2023-11-21,38.39,24,E1a
MT00005,2023-11-22,35.02,24,E1a
MT00005,2023-11-23,37.10,24,E1a
MT00005,2023-11-24,53.59,24,E1a
MT00005,2023-11-25,21.90,16,E1a
MT00005,2023-11-26,28.48,18,E1a
MT00005,2023-11-27,37.93,24,E1a
MT00005,2023-11-28,28.11,24,E1a
MT00005,2023-11-29,41.18,24,E1a
MT00005,2023-11-30,34.95,24,E1a
MT00005,2023-12-01,19.30,24,E1a
MT00005,2023-12-02,27.93,24,E1a
MT00005,2023-12-03,13.42,24,E1a
MT00005,2023-12-04,43.15,24,E1a
MT00005,2023-12-05,40.64,24,E1a
MT00005,2023-12-06,35.86,24,E1a
MT00005,2023-12-07,29.23,23,E1a
MT00005,2023-12-08,29.04,24,E1a
MT00005,2023-12-09,14.59,24,E1a
MT00005,2023-12-10,19.91,24,E1a
MT00005,2023-12-11,31.50,24,E1a
MT00005,2023-12-12,45.78,24,E1a
MT00005,2023-12-13,21.77,24,E1a
MT00005,2023-12-14,34.83,24,E1a
MT00005,2023-12-15,27.93,24,E1a
MT00005,2023-12-16,24.64,24,E1a
MT00005,2023-12-17,5.98,24,E1a
MT00005,2023-12-18,8.80,24,E1a
MT00005,2023-12-19,16.27,24,E1a
MT00005,2023-12-20,30.35,24,E1a
MT00005,2023-12-21,39.19,24,E1a
MT00005,2023-12-22,14.19,24,E1a
MT00005,2023-12-23,13.98,24,E1a
MT00005,2023-12-24,15.70,24,E1a
MT00005,2023-12-25,18.82,24,E1a
MT00005,2023-12-26,31.94,24,E1a
MT00005,2023-12-27,50.58,24,E1a
MT00005,2023-12-28,45.35,24,E1a
MT00005,2023-12-29,56.03,24,E1a
MT00005,2023-12-30,45.55,24,E1a
MT00005,2023-12-31,45.29,23,E1a
MT00005,2024-01-01,,0,E1a
MT00005,2024-01-02,,0,E1a
MT00005,2024-01-03,,0,E1a
MT00005,2024-01-04,,0,E1a
MT00005,2024-01-05,,0,E1a
MT00005,2024-01-06,,0,E1a
MT00005,2024-01-07,,0,E1a
MT00005,2024-01-08,,0,E1a
MT00005,2024-01-09,,0,E1a
MT00005,2024-01-10,,0,E1a
MT00005,2024-01-11,,0,E1a
MT00005,2024-01-12,,0,E1a
MT00005,2024-01-13,,0,E1a
MT00005,2024-01-14,,0,E1a
MT00005,2024-01-15,,0,E1a
MT00005,2024-01-16,,0,E1a
MT00005,2024-01-17,,0,E1a
MT00005,2024-01-18,,0,E1a
MT00005,2024-01-19,,0,E1a
MT00005,2024-01-20,,0,E1a
MT00005,2024-01-21,,0,E1a
MT00005,2024-01-22,,0,E1a
MT00005,2024-01-23,,0,E1a
MT00005,2024-01-24,,0,E1a
MT00005,2024-01-25,,0,E1a
MT00005,2024-01-26,,0,E1a
MT00005,2024-01-27,,0,E1a
MT00005,2024-01-28,,0,E1a
MT00005,2024-01-29,,0,E1a
MT00005,2024-01-30,,0,E1a
MT00005,2024-01-31,,0,E1a
MT00005,2024-02-01,,0,E1a
MT00005,2024-02-02,,0,E1a
MT00005,2024-02-03,,0,E1a
MT00005,2024-02-04,,0,E1a
MT00005,2024-02-05,,0,E1a
MT00005,2024-02-06,,0,E1a
MT00005,2024-02-07,,0,E1a
MT00005,2024-02-08,,0,E1a
MT00005,2024-02-09,,0,E1a
MT00005,2024-02-10,,0,E1a
MT00005,2024-02-11,,0,E1a
MT00005,2024-02-12,,0,E1a
MT00005,2024-02-13,,0,E1a
MT00005,2024-02-14,,0,E1a
MT00005,2024-02-15,,0,E1a
MT00005,2024-02-16,,0,E1a
MT00005,2024-02-17,,0,E1a
MT00005,2024-02-18,,0,E1a
MT00005,2024-02-19,,0,E1a
MT00005,2024-02-20,,0,E1a
MT00008,2022-01-01,3.78,24,E1a
MT00008,2022-01-02,6.14,24,E1a
MT00008,2022-01-03,3.70,24,E1a
MT00008,2022-01-04,5.81,24,E1a
MT00008,2022-01-05,5.28,24,E1a
MT00008,2022-01-06,19.03,24,E1a
MT00008,2022-01-07,6.22,24,E1a
MT00008,2022-01-08,3.47,24,E1a
MT00008,2022-01-09,1.43,24,E1a
MT00008,2022-01-10,3.55,24,E1a
MT00008,2022-01-11,4.81,24,E1a
MT00008,2022-01-12,16.95,24,E1a
MT00008,2022-01-13,9.01,24,E1a
MT00008,2022-01-14,10.07,24,E1a
MT00008,2022-01-15,12.53,24,E1a
MT00008,2022-01-16,13.93,24,E1a
MT00008,2022-01-17,7.90,24,E1a
MT00008,2022-01-18,13.54,24,E1a
MT00008,2022-01-19,25.77,24,E1a
MT00008,2022-01-20,18.33,24,E1a
MT00008,2022-01-21,9.94,24,E1a
MT00008,2022-01-22,15.30,24,E1a
MT00008,2022-01-23,5.65,24,E1a
MT00008,2022-01-24,13.10,24,E1a
MT00008,2022-01-25,9.99,24,E1a
MT00008,2022-01-26,16.12,24,E1a
MT00008,2022-01-27,10.00,24,E1a
MT00008,2022-01-28,8.48,24,E1a
MT00008,2022-01-29,4.15,24,E1a
MT00008,2022-01-30,3.08,24,E1a
MT00008,2022-01-31,4.60,24,E1a
MT00008,2022-02-01,3.14,24,E1a
MT00008,2022-02-02,3.71,24,E1a
MT00008,2022-02-03,12.76,24,E1a
MT00008,2022-02-04,15.38,24,E1a
MT00008,2022-02-05,7.63,24,E1a
MT00008,2022-02-06,6.16,24,E1a
MT00008,2022-02-07,3.46,24,E1a
MT00008,2022-02-08,11.32,24,E1a
MT00008,2022-02-09,10.48,24,E1a
MT00008,2022-02-10,7.68,24,E1a
MT00008,2022-02-11,23.57,24,E1a
MT00008,2022-02-12,24.06,24,E1a
MT00008,2022-02-13,20.78,24,E1a
MT00008,2022-02-14,32.81,24,E1a
MT00008,2022-02-15,10.08,24,E1a
MT00008,2022-02-16,4.87,24,E1a
MT00008,2022-02-17,10.85,24,E1a
MT00008,2022-02-18,7.95,24,E1a
MT00008,2022-02-19,6.04,24,E1a
MT00008,2022-02-20,5.55,24,E1a
MT00008,2022-02-21,4.07,24,E1a
MT00008,2022-02-22,2.65,24,E1a
MT00008,2022-02-23,5.96,24,E1a
MT00008,2022-02-24,24.78,24,E1a
MT00008,2022-02-25,18.60,24,E1a
MT00008,2022-02-26,8.00,24,E1a
MT00008,2022-02-27,2.12,24,E1a
MT00008,2022-02-28,10.17,24,E1a
MT00008,2022-03-01,12.20,24,E1a
MT00008,2022-03-02,6.12,10,E1a
MT00008,2022-03-03,11.07,20,E1a
MT00008,2022-03-04,11.94,24,E1a
MT00008,2022-03-05,11.43,24,E1a
MT00008,2022-03-06,6.43,24,E1a
MT00008,2022-03-07,20.46,22,E1a
MT00008,2022-03-08,9.15,24,E1a
MT00008,2022-03-09,4.65,24,E1a
MT00008,2022-03-10,7.33,24,E1a
MT00008,2022-03-11,20.20,24,E1a
MT00008,2022-03-12,21.88,24,E1a
MT00008,2022-03-13,8.40,24,E1a
MT00008,2022-03-14,17.88,24,E1a
MT00008,2022-03-15,15.07,24,E1a
MT00008,2022-03-16,14.20,24,E1a
MT00008,2022-03-17,12.05,24,E1a
MT00008,2022-03-18,7.57,24,E1a
MT00008,2022-03-19,5.15,24,E1a
MT00008,2022-03-20,6.23,24,E1a
MT00008,2022-03-21,7.70,24,E1a
MT00008,2022-03-22,10.06,24,E1a
MT00008,2022-03-23,10.23,24,E1a
MT00008,2022-03-24,15.97,6,E1a
MT00008,2022-03-25,14.94,8,E1a
MT00008,2022-03-26,8.45,24,E1a
MT00008,2022-03-27,3.72,24,E1a
MT00008,2022-03-28,9.55,24,E1a
MT00008,2022-03-29,14.76,24,E1a
MT00008,2022-03-30,7.96,24,E1a
MT00008,2022-03-31,7.43,24,E1a
MT00008,2022-04-01,7.36,24,E1a
MT00008,2022-04-02,4.19,24,E1a
MT00008,2022-04-03,8.12,24,E1a
MT00008,2022-04-04,8.00,24,E1a
MT00008,2022-04-05,6.80,24,E1a
MT00008,2022-04-06,15.46,24,E1a
MT00008,2022-04-07,3.90,24,E1a
MT00008,2022-04-08,4.63,24,E1a
MT00008,2022-04-09,7.76,24,E1a
MT00008,2022-04-10,2.87,24,E1a
MT00008,2022-04-11,16.67,24,E1a
MT00008,2022-04-12,8.84,21,E1a
MT00008,2022-04-13,8.06,24,E1a
MT00008,2022-04-14,7.45,24,E1a
MT00008,2022-04-15,4.48,24,E1a
MT00008,2022-04-16,6.25,24,E1a
MT00008,2022-04-17,3.83,24,E1a
MT00008,2022-04-18,4.79,24,E1a
MT00008,2022-04-19,8.41,24,E1a
MT00008,2022-04-20,5.50,24,E1a
MT00008,2022-04-21,5.89,24,E1a
MT00008,2022-04-22,6.90,24,E1a
MT00008,2022-04-23,9.13,24,E1a
MT00008,2022-04-24,6.31,24,E1a
MT00008,2022-04-25,26.83,24,E1a
MT00008,2022-04-26,40.62,24,E1a
MT00008,2022-04-27,28.04,24,E1a
MT00008,2022-04-28,9.95,24,E1a
MT00008,2022-04-29,11.20,24,E1a
MT00008,2022-04-30,19.83,24,E1a
MT00008,2022-05-01,8.98,24,E1a
MT00008,2022-05-02,6.33,24,E1a
MT00008,2022-05-03,12.37,24,E1a
MT00008,2022-05-04,22.44,24,E1a
MT00008,2022-05-05,16.16,24,E1a
MT00008,2022-05-06,6.11,24,E1a
MT00008,2022-05-07,5.61,24,E1a
MT00008,2022-05-08,2.54,24,E1a
MT00008,2022-05-09,6.71,24,E1a
MT00008,2022-05-10,8.03,24,E1a
MT00008,2022-05-11,15.74,24,E1a
MT00008,2022-05-12,19.73,24,E1a
MT00008,2022-05-13,11.31,24,E1a
MT00008,2022-05-14,4.55,24,E1a
MT00008,2022-05-15,5.54,24,E1a
MT00008,2022-05-16,21.15,24,E1a
MT00008,2022-05-17,19.11,24,E1a
MT00008,2022-05-18,11.05,24,E1a
MT00008,2022-05-19,13.25,24,E1a
MT00008,2022-05-20,8.00,24,E1a
MT00008,2022-05-21,3.35,24,E1a
MT00008,2022-05-22,2.10,24,E1a
MT00008,2022-05-23,9.17,24,E1a
MT00008,2022-05-24,11.96,24,E1a
MT00008,2022-05-25,11.69,24,E1a
MT00008,2022-05-26,23.22,24,E1a
MT00008,2022-05-27,12.33,24,E1a
MT00008,2022-05-28,4.88,24,E1a
MT00008,2022-05-29,3.71,24,E1a
MT00008,2022-05-30,10.99,24,E1a
MT00008,2022-05-31,12.92,24,E1a
MT00008,2022-06-01,22.15,24,E1a
MT00008,2022-06-02,26.92,24,E1a
MT00008,2022-06-03,24.58,24,E1a
MT00008,2022-06-04,19.97,24,E1a
MT00008,2022-06-05,8.17,24,E1a
MT00008,2022-06-06,7.46,24,E1a
MT00008,2022-06-07,6.98,24,E1a
MT00008,2022-06-08,6.71,23,E1a
MT00008,2022-06-09,5.93,24,E1a
MT00008,2022-06-10,3.78,24,E1a
MT00008,2022-06-11,4.51,24,E1a
MT00008,2022-06-12,5.20,24,E1a
MT00008,2022-06-13,15.34,7,E1a
MT00008,2022-06-14,9.67,10,E1a
MT00008,2022-06-15,12.37,24,E1a
MT00008,2022-06-16,8.94,24,E1a
MT00008,2022-06-17,7.92,24,E1a
MT00008,2022-06-18,7.41,24,E1a
MT00008,2022-06-19,9.56,24,E1a
MT00008,2022-06-20,14.38,24,E1a
MT00008,2022-06-21,8.42,24,E1a
MT00008,2022-06-22,6.45,23,E1a
MT00008,2022-06-23,9.93,24,E1a
MT00008,2022-06-24,14.40,24,E1a
MT00008,2022-06-25,27.94,24,E1a
MT00008,2022-06-26,10.30,24,E1a
MT00008,2022-06-27,17.83,24,E1a
MT00008,2022-06-28,16.33,24,E1a
MT00008,2022-06-29,10.13,24,E1a
MT00008,2022-06-30,17.03,24,E1a
MT00008,2022-07-01,18.38,24,E1a
MT00008,2022-07-02,6.74,24,E1a
MT00008,2022-07-03,7.15,24,E1a
MT00008,2022-07-04,12.45,24,E1a
MT00008,2022-07-05,12.76,24,E1a
MT00008,2022-07-06,13.89,24,E1a
MT00008,2022-07-07,8.90,24,E1a
MT00008,2022-07-08,3.91,24,E1a
MT00008,2022-07-09,6.71,24,E1a
MT00008,2022-07-10,9.74,24,E1a
MT00008,2022-07-11,11.64,24,E1a
MT00008,2022-07-12,12.53,24,E1a
MT00008,2022-07-13,9.80,24,E1a
MT00008,2022-07-14,16.48,24,E1a
MT00008,2022-07-15,6.46,24,E1a
MT00008,2022-07-16,9.24,24,E1a
MT00008,2022-07-17,8.45,24,E1a
MT00008,2022-07-18,17.06,24,E1a
MT00008,2022-07-19,15.55,24,E1a
MT00008,2022-07-20,15.13,23,E1a
MT00008,2022-07-21,9.22,24,E1a
MT00008,2022-07-22,10.84,24,E1a
MT00008,2022-07-23,11.24,24,E1a
MT00008,2022-07-24,2.00,24,E1a
MT00008,2022-07-25,9.65,24,E1a
MT00008,2022-07-26,4.29,24,E1a
MT00008,2022-07-27,6.84,24,E1a
MT00008,2022-07-28,7.50,24,E1a
MT00008,2022-07-29,12.23,24,E1a
MT00008,2022-07-30,4.35,24,E1a
MT00008,2022-07-31,6.39,24,E1a
MT00008,2022-08-01,11.21,24,E1a
MT00008,2022-08-02,9.81,24,E1a
MT00008,2022-08-03,12.14,24,E1a
MT00008,2022-08-04,15.49,24,E1a
MT00008,2022-08-05,8.00,24,E1a
MT00008,2022-08-06,3.55,24,E1a
MT00008,2022-08-07,5.07,24,E1a
MT00008,2022-08-08,15.75,24,E1a
MT00008,2022-08-09,15.61,24,E1a
MT00008,2022-08-10,14.69,24,E1a
MT00008,2022-08-11,19.62,24,E1a
MT00008,2022-08-12,13.13,24,E1a
MT00008,2022-08-13,8.94,24,E1a
MT00008,2022-08-14,4.78,24,E1a
MT00008,2022-08-15,7.57,24,E1a
MT00008,2022-08-16,9.92,24,E1a
MT00008,2022-08-17,17.87,24,E1a
MT00008,2022-08-18,9.09,24,E1a
MT00008,2022-08-19,6.24,24,E1a
MT00008,2022-08-20,3.29,24,E1a
MT00008,2022-08-21,2.74,24,E1a
MT00008,2022-08-22,6.68,24,E1a
MT00008,2022-08-23,7.87,24,E1a
MT00008,2022-08-24,8.47,24,E1a
MT00008,2022-08-25,9.80,24,E1a
MT00008,2022-08-26,10.95,24,E1a
MT00008,2022-08-27,9.87,24,E1a
MT00008,2022-08-28,11.53,24,E1a
MT00008,2022-08-29,11.52,24,E1a
MT00008,2022-08-30,14.65,24,E1a
MT00008,2022-08-31,11.67,24,E1a
MT00008,2022-09-01,4.95,24,E1a
MT00008,2022-09-02,7.56,24,E1a
MT00008,2022-09-03,13.38,24,E1a
MT00008,2022-09-04,3.10,24,E1a
MT00008,2022-09-05,9.41,24,E1a
MT00008,2022-09-06,13.51,24,E1a
MT00008,2022-09-07,14.85,24,E1a
MT00008,2022-09-08,5.88,24,E1a
MT00008,2022-09-09,6.59,24,E1a
MT00008,2022-09-10,6.87,24,E1a
MT00008,2022-09-11,4.75,24,E1a
MT00008,2022-09-12,13.32,24,E1a
MT00008,2022-09-13,15.37,24,E1a
MT00008,2022-09-14,13.36,24,E1a
MT00008,2022-09-15,10.72,24,E1a
MT00008,2022-09-16,10.07,11,E1a
MT00008,2022-09-17,,0,E1a
MT00008,2022-09-18,,0,E1a
MT00008,2022-09-19,,0,E1a
MT00008,2022-09-20,11.46,14,E1a
MT00008,2022-09-21,9.19,24,E1a
MT00008,2022-09-22,14.85,24,E1a
MT00008,2022-09-23,5.63,24,E1a
MT00008,2022-09-24,15.93,24,E1a
MT00008,2022-09-25,4.77,24,E1a
MT00008,2022-09-26,3.40,24,E1a
MT00008,2022-09-27,6.01,24,E1a
MT00008,2022-09-28,9.10,24,E1a
MT00008,2022-09-29,16.50,24,E1a
MT00008,2022-09-30,11.58,24,E1a
MT00008,2022-10-01,3.60,24,E1a
MT00008,2022-10-02,1.60,24,E1a
MT00008,2022-10-03,5.56,24,E1a
MT00008,2022-10-04,14.87,24,E1a
MT00008,2022-10-05,19.03,24,E1a
MT00008,2022-10-06,20.96,24,E1a
MT00008,2022-10-07,26.64,24,E1a
MT00008,2022-10-08,23.42,24,E1a
MT00008,2022-10-09,8.55,24,E1a
MT00008,2022-10-10,11.45,24,E1a
MT00008,2022-10-11,23.18,24,E1a
MT00008,2022-10-12,16.93,24,E1a
MT00008,2022-10-13,15.41,24,E1a
MT00008,2022-10-14,2.59,24,E1a
MT00008,2022-10-15,11.42,24,E1a
MT00008,2022-10-16,18.80,24,E1a
MT00008,2022-10-17,18.83,24,E1a
MT00008,2022-10-18,13.49,24,E1a
MT00008,2022-10-19,26.68,24,E1a
MT00008,2022-10-20,28.54,24,E1a
MT00008,2022-10-21,27.05,24,E1a
MT00008,2022-10-22,25.01,24,E1a
MT00008,2022-10-23,13.89,24,E1a
MT00008,2022-10-24,18.12,24,E1a
MT00008,2022-10-25,8.79,24,E1a
MT00008,2022-10-26,20.34,24,E1a
MT00008,2022-10-27,31.77,24,E1a
MT00008,2022-10-28,24.62,23,E1a
MT00008,2022-10-29,7.50,24,E1a
MT00008,2022-10-30,5.87,24,E1a
MT00008,2022-10-31,11.52,24,E1a
MT00008,2022-11-01,6.88,24,E1a
MT00008,2022-11-02,9.52,24,E1a
MT00008,2022-11-03,14.79,24,E1a
MT00008,2022-11-04,5.45,24,E1a
MT00008,2022-11-05,1.74,24,E1a
MT00008,2022-11-06,2.01,23,E1a
MT00008,2022-11-07,10.48,24,E1a
MT00008,2022-11-08,27.32,24,E1a
MT00008,2022-11-09,35.96,24,E1a
MT00008,2022-11-10,37.21,24,E1a
MT00008,2022-11-11,21.58,24,E1a
MT00008,2022-11-12,17.86,24,E1a
MT00008,2022-11-13,19.73,24,E1a
MT00008,2022-11-14,27.54,24,E1a
MT00008,2022-11-15,25.26,24,E1a
MT00008,2022-11-16,13.36,24,E1a
MT00008,2022-11-17,14.78,24,E1a
MT00008,2022-11-18,7.99,24,E1a
MT00008,2022-11-19,7.27,6,E1a
MT00008,2022-11-20,,0,E1a
MT00008,2022-11-21,,0,E1a
MT00008,2022-11-22,,0,E1a
MT00008,2022-11-23,,0,E1a
MT00008,2022-11-24,,0,E1a
MT00008,2022-11-25,29.64,13,E1a
MT00008,2022-11-26,10.49,24,E1a
MT00008,2022-11-27,2.57,24,E1a
MT00008,2022-11-28,21.17,24,E1a
MT00008,2022-11-29,20.46,24,E1a
MT00008,2022-11-30,15.74,24,E1a
MT00008,2022-12-01,19.10,24,E1a
MT00008,2022-12-02,31.82,24,E1a
MT00008,2022-12-03,7.47,24,E1a
MT00008,2022-12-04,17.08,24,E1a
MT00008,2022-12-05,33.15,24,E1a
MT00008,2022-12-06,20.73,24,E1a
MT00008,2022-12-07,14.06,23,E1a
MT00008,2022-12-08,10.60,24,E1a
MT00008,2022-12-09,8.67,24,E1a
MT00008,2022-12-10,4.26,24,E1a
MT00008,2022-12-11,2.99,24,E1a
MT00008,2022-12-12,4.98,24,E1a
MT00008,2022-12-13,3.95,24,E1a
MT00008,2022-12-14,10.01,24,E1a
MT00008,2022-12-15,14.10,24,E1a
MT00008,2022-12-16,10.18,24,E1a
MT00008,2022-12-17,9.46,24,E1a
MT00008,2022-12-18,8.80,24,E1a
MT00008,2022-12-19,18.90,24,E1a
MT00008,2022-12-20,29.54,24,E1a
MT00008,2022-12-21,21.70,24,E1a
MT00008,2022-12-22,11.50,24,E1a
MT00008,2022-12-23,6.17,24,E1a
MT00008,2022-12-24,4.63,24,E1a
MT00008,2022-12-25,10.40,24,E1a
MT00008,2022-12-26,13.90,24,E1a
MT00008,2022-12-27,7.01,24,E1a
MT00008,2022-12-28,15.52,24,E1a
MT00008,2022-12-29,21.26,24,E1a
MT00008,2022-12-30,13.40,24,E1a
MT00008,2022-12-31,11.56,24,E1a
MT00008,2023-01-01,13.16,24,E1a
MT00008,2023-01-02,26.95,24,E1a
MT00008,2023-01-03,19.98,24,E1a
MT00008,2023-01-04,19.57,24,E1a
MT00008,2023-01-05,22.17,24,E1a
MT00008,2023-01-06,27.34,24,E1a
MT00008,2023-01-07,22.65,24,E1a
MT00008,2023-01-08,12.17,24,E1a
MT00008,2023-01-09,8.40,24,E1a
MT00008,2023-01-10,3.12,24,E1a
MT00008,2023-01-11,5.40,24,E1a
MT00008,2023-01-12,12.52,24,E1a
MT00008,2023-01-13,13.77,24,E1a
MT00008,2023-01-14,6.45,24,E1a
MT00008,2023-01-15,6.26,24,E1a
MT00008,2023-01-16,8.18,24,E1a
MT00008,2023-01-17,4.95,24,E1a
MT00008,2023-01-18,5.37,24,E1a
MT00008,2023-01-19,10.93,24,E1a
MT00008,2023-01-20,7.67,23,E1a
MT00008,2023-01-21,4.35,24,E1a
MT00008,2023-01-22,4.71,24,E1a
MT00008,2023-01-23,21.88,24,E1a
MT00008,2023-01-24,30.97,24,E1a
MT00008,2023-01-25,22.66,24,E1a
MT00008,2023-01-26,13.81,19,E1a
MT00008,2023-01-27,5.98,24,E1a
MT00008,2023-01-28,11.10,24,E1a
MT00008,2023-01-29,5.32,24,E1a
MT00008,2023-01-30,15.61,24,E1a
MT00008,2023-01-31,3.69,24,E1a
MT00008,2023-02-01,20.12,24,E1a
MT00008,2023-02-02,6.44,7,E1a
MT00008,2023-02-03,31.07,15,E1a
MT00008,2023-02-04,8.79,24,E1a
MT00008,2023-02-05,3.91,24,E1a
MT00008,2023-02-06,18.46,24,E1a
MT00008,2023-02-07,22.13,24,E1a
MT00008,2023-02-08,8.88,24,E1a
MT00008,2023-02-09,5.75,24,E1a
MT00008,2023-02-10,2.40,24,E1a
MT00008,2023-02-11,9.26,24,E1a
MT00008,2023-02-12,15.71,24,E1a
MT00008,2023-02-13,18.93,24,E1a
MT00008,2023-02-14,8.40,24,E1a
MT00008,2023-02-15,18.61,24,E1a
MT00008,2023-02-16,34.07,24,E1a
MT00008,2023-02-17,19.63,23,E1a
MT00008,2023-02-18,13.78,24,E1a
MT00008,2023-02-19,3.40,24,E1a
MT00008,2023-02-20,24.48,24,E1a
MT00008,2023-02-21,20.53,24,E1a
MT00008,2023-02-22,23.96,24,E1a
MT00008,2023-02-23,34.99,24,E1a
MT00008,2023-02-24,20.67,24,E1a
MT00008,2023-02-25,7.78,24,E1a
MT00008,2023-02-26,5.77,24,E1a
MT00008,2023-02-27,15.49,24,E1a
MT00008,2023-02-28,17.75,23,E1a
MT00008,2023-03-01,11.87,24,E1a
MT00008,2023-03-02,19.74,24,E1a
MT00008,2023-03-03,11.13,24,E1a
MT00008,2023-03-04,5.05,24,E1a
MT00008,2023-03-05,2.38,24,E1a
MT00008,2023-03-06,10.31,24,E1a
MT00008,2023-03-07,6.33,24,E1a
MT00008,2023-03-08,9.35,24,E1a
MT00008,2023-03-09,10.87,24,E1a
MT00008,2023-03-10,7.93,24,E1a
MT00008,2023-03-11,2.80,24,E1a
MT00008,2023-03-12,2.40,24,E1a
MT00008,2023-03-13,19.01,24,E1a
MT00008,2023-03-14,6.98,24,E1a
MT00008,2023-03-15,2.53,24,E1a
MT00008,2023-03-16,6.00,24,E1a
MT00008,2023-03-17,18.02,24,E1a
MT00008,2023-03-18,21.96,24,E1a
MT00008,2023-03-19,10.01,24,E1a
MT00008,2023-03-20,11.30,24,E1a
MT00008,2023-03-21,6.81,24,E1a
MT00008,2023-03-22,8.83,24,E1a
MT00008,2023-03-23,12.53,24,E1a
MT00008,2023-03-24,10.81,24,E1a
MT00008,2023-03-25,6.22,24,E1a
MT00008,2023-03-26,5.87,24,E1a
MT00008,2023-03-27,5.40,24,E1a
MT00008,2023-03-28,3.94,24,E1a
MT00008,2023-03-29,15.37,24,E1a
MT00008,2023-03-30,11.14,24,E1a
MT00008,2023-03-31,6.79,24,E1a
MT00008,2023-04-01,6.41,24,E1a
MT00008,2023-04-02,3.51,24,E1a
MT00008,2023-04-03,3.71,24,E1a
MT00008,2023-04-04,2.94,24,E1a
MT00008,2023-04-05,8.45,24,E1a
MT00008,2023-04-06,7.88,8,E1a
MT00008,2023-04-07,,0,E1a
MT00008,2023-04-08,,0,E1a
MT00008,2023-04-09,,0,E1a
MT00008,2023-04-10,6.73,18,E1a
MT00008,2023-04-11,4.25,24,E1a
MT00008,2023-04-12,4.28,24,E1a
MT00008,2023-04-13,8.47,24,E1a
MT00008,2023-04-14,3.45,24,E1a
MT00008,2023-04-15,5.91,24,E1a
MT00008,2023-04-16,2.98,24,E1a
MT00008,2023-04-17,4.28,24,E1a
MT00008,2023-04-18,6.06,24,E1a
MT00008,2023-04-19,13.78,24,E1a
MT00008,2023-04-20,12.42,24,E1a
MT00008,2023-04-21,7.04,24,E1a
MT00008,2023-04-22,7.27,24,E1a
MT00008,2023-04-23,10.56,24,E1a
MT00008,2023-04-24,11.98,24,E1a
MT00008,2023-04-25,4.95,23,E1a
MT00008,2023-04-26,5.03,24,E1a
MT00008,2023-04-27,16.48,24,E1a
MT00008,2023-04-28,15.45,24,E1a
MT00008,2023-04-29,7.95,24,E1a
MT00008,2023-04-30,6.78,24,E1a
MT00008,2023-05-01,5.67,24,E1a
MT00008,2023-05-02,3.64,24,E1a
MT00008,2023-05-03,3.69,24,E1a
MT00008,2023-05-04,9.82,24,E1a
MT00008,2023-05-05,10.87,24,E1a
MT00008,2023-05-06,10.92,24,E1a
MT00008,2023-05-07,10.17,24,E1a
MT00008,2023-05-08,18.67,24,E1a
MT00008,2023-05-09,6.84,24,E1a
MT00008,2023-05-10,9.66,24,E1a
MT00008,2023-05-11,5.80,24,E1a
MT00008,2023-05-12,13.31,24,E1a
MT00008,2023-05-13,7.38,24,E1a
MT00008,2023-05-14,9.71,24,E1a
MT00008,2023-05-15,7.59,24,E1a
MT00008,2023-05-16,4.50,24,E1a
MT00008,2023-05-17,5.18,24,E1a
MT00008,2023-05-18,18.52,24,E1a
MT00008,2023-05-19,9.69,24,E1a
MT00008,2023-05-20,6.95,24,E1a
MT00008,2023-05-21,3.59,24,E1a
MT00008,2023-05-22,7.83,22,E1a
MT00008,2023-05-23,11.69,24,E1a
MT00008,2023-05-24,12.92,24,E1a
MT00008,2023-05-25,7.69,24,E1a
MT00008,2023-05-26,9.87,24,E1a
MT00008,2023-05-27,7.49,24,E1a
MT00008,2023-05-28,6.49,24,E1a
MT00008,2023-05-29,16.50,24,E1a
MT00008,2023-05-30,16.10,24,E1a
MT00008,2023-05-31,6.16,24,E1a
MT00008,2023-06-01,13.34,24,E1a
MT00008,2023-06-02,15.67,24,E1a
MT00008,2023-06-03,13.92,24,E1a
MT00008,2023-06-04,11.95,24,E1a
MT00008,2023-06-05,9.84,24,E1a
MT00008,2023-06-06,13.10,24,E1a
MT00008,2023-06-07,6.98,24,E1a
MT00008,2023-06-08,12.63,24,E1a
MT00008,2023-06-09,11.05,24,E1a
MT00008,2023-06-10,10.66,24,E1a
MT00008,2023-06-11,8.14,24,E1a
MT00008,2023-06-12,6.58,24,E1a
MT00008,2023-06-13,8.93,24,E1a
MT00008,2023-06-14,13.85,24,E1a
MT00008,2023-06-15,4.17,24,E1a
MT00008,2023-06-16,5.12,24,E1a
MT00008,2023-06-17,5.34,24,E1a
MT00008,2023-06-18,14.91,24,E1a
MT00008,2023-06-19,24.50,24,E1a
MT00008,2023-06-20,20.15,24,E1a
MT00008,2023-06-21,11.88,24,E1a
MT00008,2023-06-22,13.12,24,E1a
MT00008,2023-06-23,9.44,24,E1a
MT00008,2023-06-24,7.54,24,E1a
MT00008,2023-06-25,3.41,24,E1a
MT00008,2023-06-26,10.58,24,E1a
MT00008,2023-06-27,8.17,24,E1a
MT00008,2023-06-28,6.90,24,E1a
MT00008,2023-06-29,5.85,24,E1a
MT00008,2023-06-30,18.57,24,E1a
MT00008,2023-07-01,12.60,24,E1a
MT00008,2023-07-02,2.71,24,E1a
MT00008,2023-07-03,5.40,24,E1a
MT00008,2023-07-04,6.06,24,E1a
MT00008,2023-07-05,7.54,23,E1a
MT00008,2023-07-06,19.24,24,E1a
MT00008,2023-07-07,18.97,24,E1a
MT00008,2023-07-08,16.53,24,E1a
MT00008,2023-07-09,15.28,24,E1a
MT00008,2023-07-10,22.72,24,E1a
MT00008,2023-07-11,17.33,24,E1a
MT00008,2023-07-12,16.32,24,E1a
MT00008,2023-07-13,14.40,24,E1a
MT00008,2023-07-14,14.40,24,E1a
MT00008,2023-07-15,18.61,24,E1a
MT00008,2023-07-16,20.48,24,E1a
MT00008,2023-07-17,27.59,24,E1a
MT00008,2023-07-18,27.63,24,E1a
MT00008,2023-07-19,26.06,24,E1a
MT00008,2023-07-20,17.13,24,E1a
MT00008,2023-07-21,19.81,24,E1a
MT00008,2023-07-22,24.02,24,E1a
MT00008,2023-07-23,19.56,24,E1a
MT00008,2023-07-24,22.69,24,E1a
MT00008,2023-07-25,11.58,24,E1a
MT00008,2023-07-26,7.40,24,E1a
MT00008,2023-07-27,5.40,24,E1a
MT00008,2023-07-28,11.80,24,E1a
MT00008,2023-07-29,10.96,24,E1a
MT00008,2023-07-30,8.21,24,E1a
MT00008,2023-07-31,8.08,24,E1a
MT00008,2023-08-01,8.53,23,E1a
MT00008,2023-08-02,6.61,24,E1a
MT00008,2023-08-03,8.48,24,E1a
MT00008,2023-08-04,9.35,21,E1a
MT00008,2023-08-05,2.07,24,E1a
MT00008,2023-08-06,0.52,24,E1a
MT00008,2023-08-07,3.34,24,E1a
MT00008,2023-08-08,6.52,24,E1a
MT00008,2023-08-09,12.45,24,E1a
MT00008,2023-08-10,8.43,24,E1a
MT00008,2023-08-11,18.20,24,E1a
MT00008,2023-08-12,16.74,24,E1a
MT00008,2023-08-13,10.32,24,E1a
MT00008,2023-08-14,10.11,24,E1a
MT00008,2023-08-15,10.39,24,E1a
MT00008,2023-08-16,7.76,24,E1a
MT00008,2023-08-17,4.66,24,E1a
MT00008,2023-08-18,6.61,24,E1a
MT00008,2023-08-19,11.61,24,E1a
MT00008,2023-08-20,6.26,24,E1a
MT00008,2023-08-21,14.65,24,E1a
MT00008,2023-08-22,8.23,24,E1a
MT00008,2023-08-23,10.78,24,E1a
MT00008,2023-08-24,12.73,24,E1a
MT00008,2023-08-25,9.53,24,E1a
MT00008,2023-08-26,6.63,24,E1a
MT00008,2023-08-27,6.25,24,E1a
MT00008,2023-08-28,4.63,24,E1a
MT00008,2023-08-29,5.04,24,E1a
MT00008,2023-08-30,6.22,24,E1a
MT00008,2023-08-31,22.89,24,E1a
MT00008,2023-09-01,20.35,24,E1a
MT00008,2023-09-02,18.79,24,E1a
MT00008,2023-09-03,11.25,24,E1a
MT00008,2023-09-04,10.38,24,E1a
MT00008,2023-09-05,7.23,24,E1a
MT00008,2023-09-06,5.30,24,E1a
MT00008,2023-09-07,5.05,24,E1a
MT00008,2023-09-08,4.97,24,E1a
MT00008,2023-09-09,11.67,24,E1a
MT00008,2023-09-10,11.56,24,E1a
MT00008,2023-09-11,13.78,24,E1a
MT00008,2023-09-12,16.06,24,E1a
MT00008,2023-09-13,14.47,24,E1a
MT00008,2023-09-14,11.61,24,E1a
MT00008,2023-09-15,17.71,24,E1a
MT00008,2023-09-16,15.38,24,E1a
MT00008,2023-09-17,12.28,24,E1a
MT00008,2023-09-18,18.46,24,E1a
MT00008,2023-09-19,12.41,24,E1a
MT00008,2023-09-20,23.03,24,E1a
MT00008,2023-09-21,5.25,24,E1a
MT00008,2023-09-22,4.25,23,E1a
MT00008,2023-09-23,2.86,24,E1a
MT00008,2023-09-24,2.94,24,E1a
MT00008,2023-09-25,6.43,24,E1a
MT00008,2023-09-26,7.03,24,E1a
MT00008,2023-09-27,7.16,24,E1a
MT00008,2023-09-28,13.03,23,E1a
MT00008,2023-09-29,7.87,24,E1a
MT00008,2023-09-30,14.57,24,E1a
MT00008,2023-10-01,17.77,24,E1a
MT00008,2023-10-02,21.63,24,E1a
MT00008,2023-10-03,21.54,24,E1a
MT00008,2023-10-04,15.73,24,E1a
MT00008,2023-10-05,18.29,24,E1a
MT00008,2023-10-06,21.65,24,E1a
MT00008,2023-10-07,26.52,24,E1a
MT00008,2023-10-08,10.66,24,E1a
MT00008,2023-10-09,20.26,24,E1a
MT00008,2023-10-10,27.39,24,E1a
MT00008,2023-10-11,22.38,24,E1a
MT00008,2023-10-12,21.73,24,E1a
MT00008,2023-10-13,25.50,24,E1a
MT00008,2023-10-14,18.43,24,E1a
MT00008,2023-10-15,10.86,24,E1a
MT00008,2023-10-16,8.11,24,E1a
MT00008,2023-10-17,9.02,24,E1a
MT00008,2023-10-18,24.61,24,E1a
MT00008,2023-10-19,16.28,24,E1a
MT00008,2023-10-20,5.67,23,E1a
MT00008,2023-10-21,6.96,24,E1a
MT00008,2023-10-22,17.33,24,E1a
MT00008,2023-10-23,20.24,24,E1a
MT00008,2023-10-24,20.99,24,E1a
MT00008,2023-10-25,19.47,24,E1a
MT00008,2023-10-26,6.17,24,E1a
MT00008,2023-10-27,9.55,24,E1a
MT00008,2023-10-28,10.92,24,E1a
MT00008,2023-10-29,15.18,24,E1a
MT00008,2023-10-30,10.27,24,E1a
MT00008,2023-10-31,6.34,24,E1a
MT00008,2023-11-01,13.37,24,E1a
MT00008,2023-11-02,11.07,24,E1a
MT00008,2023-11-03,10.51,24,E1a
MT00008,2023-11-04,5.83,24,E1a
MT00008,2023-11-05,5.62,24,E1a
MT00008,2023-11-06,23.52,24,E1a
MT00008,2023-11-07,12.58,23,E1a
MT00008,2023-11-08,12.43,24,E1a
MT00008,2023-11-09,13.49,24,E1a
MT00008,2023-11-10,12.60,24,E1a
MT00008,2023-11-11,6.41,24,E1a
MT00008,2023-11-12,3.25,24,E1a
MT00008,2023-11-13,5.75,24,E1a
MT00008,2023-11-14,7.86,24,E1a
MT00008,2023-11-15,7.75,24,E1a
MT00008,2023-11-16,10.61,24,E1a
MT00008,2023-11-17,4.96,24,E1a
MT00008,2023-11-18,5.66,24,E1a
MT00008,2023-11-19,4.69,24,E1a
MT00008,2023-11-20,8.41,24,E1a
MT00008,2023-11-21,9.17,24,E1a
MT00008,2023-11-22,13.04,24,E1a
MT00008,2023-11-23,14.22,24,E1a
MT00008,2023-11-24,21.42,24,E1a
MT00008,2023-11-25,3.31,24,E1a
MT00008,2023-11-26,12.49,24,E1a
MT00008,2023-11-27,12.01,24,E1a
MT00008,2023-11-28,6.23,24,E1a
MT00008,2023-11-29,10.54,24,E1a
MT00008,2023-11-30,11.94,24,E1a
MT00008,2023-12-01,8.60,24,E1a
MT00008,2023-12-02,6.24,24,E1a
MT00008,2023-12-03,4.56,24,E1a
MT00008,2023-12-04,22.17,24,E1a
MT00008,2023-12-05,8.56,23,E1a
MT00008,2023-12-06,10.00,24,E1a
MT00008,2023-12-07,7.43,24,E1a
MT00008,2023-12-08,8.98,24,E1a
MT00008,2023-12-09,7.50,24,E1a
MT00008,2023-12-10,4.81,24,E1a
MT00008,2023-12-11,6.81,23,E1a
MT00008,2023-12-12,9.38,24,E1a
MT00008,2023-12-13,7.59,23,E1a
MT00008,2023-12-14,8.32,24,E1a
MT00008,2023-12-15,8.96,24,E1a
MT00008,2023-12-16,17.47,24,E1a
MT00008,2023-12-17,4.36,24,E1a
MT00008,2023-12-18,7.63,24,E1a
MT00008,2023-12-19,12.51,24,E1a
MT00008,2023-12-20,14.47,24,E1a
MT00008,2023-12-21,9.28,24,E1a
MT00008,2023-12-22,2.53,24,E1a
MT00008,2023-12-23,2.83,24,E1a
MT00008,2023-12-24,2.01,13,E1a
MT00008,2023-12-25,3.82,8,E1a
MT00008,2023-12-26,5.27,24,E1a
MT00008,2023-12-27,19.39,24,E1a
MT00008,2023-12-28,25.72,24,E1a
MT00008,2023-12-29,34.81,24,E1a
MT00008,2023-12-30,23.21,24,E1a
MT00008,2023-12-31,13.43,24,E1a
MT00008,2024-01-01,8.70,24,E1a
MT00008,2024-01-02,12.07,24,E1a
MT00008,2024-01-03,8.10,24,E1a
MT00008,2024-01-04,6.71,10,E1a
MT00008,2024-01-05,9.52,13,E1a
MT00008,2024-01-06,3.95,24,E1a
MT00008,2024-01-07,1.48,24,E1a
MT00008,2024-01-08,3.83,24,E1a
MT00008,2024-01-09,5.97,21,E1a
MT00008,2024-01-10,20.57,22,E1a
MT00008,2024-01-11,8.88,23,E1a
MT00008,2024-01-12,13.46,24,E1a
MT00008,2024-01-13,7.35,23,E1a
MT00008,2024-01-14,2.63,24,E1a
MT00008,2024-01-15,3.31,24,E1a
MT00008,2024-01-16,3.34,21,E1a
MT00008,2024-01-17,10.78,24,E1a
MT00008,2024-01-18,13.78,21,E1a
MT00008,2024-01-19,18.20,24,E1a
MT00008,2024-01-20,4.42,24,E1a
MT00008,2024-01-21,2.88,24,E1a
MT00008,2024-01-22,19.05,22,E1a
MT00008,2024-01-23,6.90,23,E1a
MT00008,2024-01-24,9.16,24,E1a
MT00008,2024-01-25,3.95,24,E1a
MT00008,2024-01-26,18.97,24,E1a
MT00008,2024-01-27,15.08,24,E1a
MT00008,2024-01-28,5.54,23,E1a
MT00008,2024-01-29,18.39,23,E1a
MT00008,2024-01-30,12.98,24,E1a
MT00008,2024-01-31,21.03,23,E1a
MT00008,2024-02-01,13.85,24,E1a
MT00008,2024-02-02,16.70,24,E1a
MT00008,2024-02-03,10.08,24,E1a
MT00008,2024-02-04,3.50,24,E1a
MT00008,2024-02-05,4.50,24,E1a
MT00008,2024-02-06,9.27,24,E1a
MT00008,2024-02-07,6.92,24,E1a
MT00008,2024-02-08,5.09,24,E1a
MT00008,2024-02-09,9.44,24,E1a
MT00008,2024-02-10,6.04,23,E1a
MT00008,2024-02-11,3.74,24,E1a
MT00008,2024-02-12,4.86,24,E1a
MT00008,2024-02-13,6.80,23,E1a
MT00008,2024-02-14,7.49,24,E1a
MT00008,2024-02-15,12.62,24,E1a
MT00008,2024-02-16,29.33,24,E1a
MT00008,2024-02-17,19.37,24,E1a
MT00008,2024-02-18,13.08,24,E1a
MT00008,2024-02-19,6.09,24,E1a
MT00008,2024-02-20,6.45,24,E1a
MT00008,2024-02-21,12.71,23,E1a
MT00008,2024-02-22,15.29,24,E1a
MT00008,2024-02-23,8.45,24,E1a
MT00008,2024-02-24,5.38,24,E1a
MT00008,2024-02-25,2.24,24,E1a
MT00008,2024-02-26,7.26,23,E1a
MT00008,2024-02-27,8.50,22,E1a
MT00008,2024-02-28,8.86,24,E1a
MT00008,2024-02-29,19.81,24,E1a
MT00008,2024-03-01,11.34,24,E1a
MT00008,2024-03-02,4.87,24,E1a
MT00008,2024-03-03,7.13,24,E1a
MT00008,2024-03-04,3.70,24,E1a
MT00008,2024-03-05,2.45,24,E1a
MT00008,2024-03-06,5.52,24,E1a
MT00008,2024-03-07,13.15,24,E1a
MT00008,2024-03-08,7.01,24,E1a
MT00008,2024-03-09,4.30,24,E1a
MT00008,2024-03-10,1.77,23,E1a
MT00008,2024-03-11,4.37,24,E1a
MT00008,2024-03-12,3.12,24,E1a
MT00008,2024-03-13,4.49,24,E1a
MT00008,2024-03-14,23.06,24,E1a
MT00008,2024-03-15,18.88,24,E1a
MT00008,2024-03-16,7.19,24,E1a
MT00008,2024-03-17,5.43,24,E1a
MT00008,2024-03-18,6.85,24,E1a
MT00008,2024-03-19,5.10,24,E1a
MT00008,2024-03-20,18.97,24,E1a
MT00008,2024-03-21,23.57,24,E1a
MT00008,2024-03-22,12.13,24,E1a
MT00008,2024-03-23,7.13,24,E1a
MT00008,2024-03-24,2.87,24,E1a
MT00008,2024-03-25,10.92,24,E1a
MT00008,2024-03-26,11.51,23,E1a
MT00008,2024-03-27,5.68,24,E1a
MT00008,2024-03-28,8.13,24,E1a
MT00008,2024-03-29,4.87,23,E1a
MT00008,2024-03-30,2.88,24,E1a
MT00008,2024-03-31,8.78,24,E1a
MT00008,2024-04-01,15.88,24,E1a
MT00008,2024-04-02,4.53,24,E1a
MT00008,2024-04-03,17.18,24,E1a
MT00008,2024-04-04,19.22,24,E1a
MT00008,2024-04-05,23.57,24,E1a
MT00008,2024-04-06,20.66,24,E1a
MT00008,2024-04-07,6.83,24,E1a
MT00008,2024-04-08,16.67,24,E1a
MT00008,2024-04-09,13.06,22,E1a
MT00008,2024-04-10,3.53,23,E1a
MT00008,2024-04-11,7.41,24,E1a
MT00008,2024-04-12,6.26,24,E1a
MT00008,2024-04-13,6.35,24,E1a
MT00008,2024-04-14,6.73,24,E1a
MT00008,2024-04-15,17.49,24,E1a
MT00008,2024-04-16,13.94,24,E1a
MT00008,2024-04-17,3.40,24,E1a
MT00008,2024-04-18,4.69,21,E1a
MT00008,2024-04-19,4.86,24,E1a
MT00008,2024-04-20,5.54,24,E1a
MT00008,2024-04-21,5.32,24,E1a
MT00008,2024-04-22,5.53,24,E1a
MT00008,2024-04-23,5.05,24,E1a
MT00008,2024-04-24,6.88,23,E1a
MT00008,2024-04-25,6.41,24,E1a
MT00008,2024-04-26,16.52,24,E1a
MT00008,2024-04-27,7.41,24,E1a
MT00008,2024-04-28,3.67,24,E1a
MT00008,2024-04-29,8.10,24,E1a
MT00008,2024-04-30,12.13,24,E1a
MT00008,2024-05-01,5.15,24,E1a
MT00008,2024-05-02,7.93,24,E1a
MT00008,2024-05-03,5.62,24,E1a
MT00008,2024-05-04,3.96,24,E1a
MT00008,2024-05-05,10.29,24,E1a
MT00008,2024-05-06,13.63,24,E1a
MT00008,2024-05-07,15.85,24,E1a
MT00008,2024-05-08,10.85,19,E1a
MT00008,2024-05-09,5.45,24,E1a
MT00008,2024-05-10,7.64,23,E1a
MT00008,2024-05-11,6.62,24,E1a
MT00008,2024-05-12,7.31,24,E1a
MT00008,2024-05-13,8.70,24,E1a
MT00008,2024-05-14,19.37,24,E1a
MT00008,2024-05-15,17.18,24,E1a
MT00008,2024-05-16,18.85,24,E1a
MT00008,2024-05-17,34.98,24,E1a
MT00008,2024-05-18,26.96,24,E1a
MT00008,2024-05-19,15.31,24,E1a
MT00008,2024-05-20,19.20,24,E1a
MT00008,2024-05-21,5.30,23,E1a
MT00008,2024-05-22,8.51,21,E1a
MT00008,2024-05-23,27.31,24,E1a
MT00008,2024-05-24,20.60,24,E1a
MT00008,2024-05-25,11.10,24,E1a
MT00008,2024-05-26,7.97,24,E1a
MT00008,2024-05-27,14.04,24,E1a
MT00008,2024-05-28,7.31,24,E1a
MT00008,2024-05-29,6.56,24,E1a
MT00008,2024-05-30,5.47,24,E1a
MT00008,2024-05-31,9.10,24,E1a
MT00008,2024-06-01,10.12,24,E1a
MT00008,2024-06-02,5.51,24,E1a
MT00008,2024-06-03,8.66,24,E1a
MT00008,2024-06-04,11.50,24,E1a
MT00008,2024-06-05,7.78,24,E1a
MT00008,2024-06-06,11.75,24,E1a
MT00008,2024-06-07,8.99,24,E1a
MT00008,2024-06-08,19.94,24,E1a
MT00008,2024-06-09,8.17,24,E1a
MT00008,2024-06-10,11.08,23,E1a
MT00008,2024-06-11,23.66,24,E1a
MT00008,2024-06-12,13.55,24,E1a
MT00008,2024-06-13,10.82,24,E1a
MT00008,2024-06-14,9.38,24,E1a
MT00008,2024-06-15,11.29,24,E1a
MT00008,2024-06-16,4.50,23,E1a
MT00008,2024-06-17,21.21,24,E1a
MT00008,2024-06-18,29.13,24,E1a
MT00008,2024-06-19,23.53,22,E1a
MT00008,2024-06-20,17.30,24,E1a
MT00008,2024-06-21,12.85,24,E1a
MT00008,2024-06-22,6.89,24,E1a
MT00008,2024-06-23,4.33,24,E1a
MT00008,2024-06-24,20.10,23,E1a
MT00008,2024-06-25,10.23,24,E1a
MT00008,2024-06-26,7.72,24,E1a
MT00008,2024-06-27,15.33,24,E1a
MT00008,2024-06-28,24.16,24,E1a
MT00008,2024-06-29,11.46,24,E1a
MT00008,2024-06-30,14.78,24,E1a
MT00008,2024-07-01,17.83,24,E1a
MT00008,2024-07-02,3.81,22,E1a
MT00008,2024-07-03,3.34,22,E1a
MT00008,2024-07-04,3.66,24,E1a
MT00008,2024-07-05,12.62,24,E1a
MT00008,2024-07-06,10.77,24,E1a
MT00008,2024-07-07,7.45,24,E1a
MT00008,2024-07-08,13.01,24,E1a
MT00008,2024-07-09,14.78,24,E1a
MT00008,2024-07-10,14.01,23,E1a
MT00008,2024-07-11,17.53,24,E1a
MT00008,2024-07-12,23.03,24,E1a
MT00008,2024-07-13,18.40,24,E1a
MT00008,2024-07-14,12.41,24,E1a
MT00008,2024-07-15,16.05,24,E1a
MT00008,2024-07-16,19.54,24,E1a
MT00008,2024-07-17,15.40,24,E1a
MT00008,2024-07-18,16.43,24,E1a
MT00008,2024-07-19,10.79,23,E1a
MT00008,2024-07-20,5.56,24,E1a
MT00008,2024-07-21,6.83,24,E1a
MT00008,2024-07-22,14.42,24,E1a
MT00008,2024-07-23,4.54,22,E1a
MT00008,2024-07-24,6.83,24,E1a
MT00008,2024-07-25,6.23,24,E1a
MT00008,2024-07-26,12.02,24,E1a
MT00008,2024-07-27,12.57,24,E1a
MT00008,2024-07-28,6.22,24,E1a
MT00008,2024-07-29,12.24,24,E1a
MT00008,2024-07-30,11.80,24,E1a
MT00008,2024-07-31,9.39,24,E1a
MT00008,2024-08-01,15.65,24,E1a
MT00008,2024-08-02,11.20,24,E1a
MT00008,2024-08-03,8.18,24,E1a
MT00008,2024-08-04,3.62,24,E1a
MT00008,2024-08-05,15.94,24,E1a
MT00008,2024-08-06,14.09,24,E1a
MT00008,2024-08-07,12.91,24,E1a
MT00008,2024-08-08,8.46,24,E1a
MT00008,2024-08-09,10.04,24,E1a
MT00008,2024-08-10,9.24,23,E1a
MT00008,2024-08-11,4.53,24,E1a
MT00008,2024-08-12,10.91,24,E1a
MT00008,2024-08-13,9.93,24,E1a
MT00008,2024-08-14,12.35,24,E1a
MT00008,2024-08-15,10.91,24,E1a
MT00008,2024-08-16,12.01,24,E1a
MT00008,2024-08-17,12.31,24,E1a
MT00008,2024-08-18,3.02,24,E1a
MT00008,2024-08-19,3.19,24,E1a
MT00008,2024-08-20,1.97,24,E1a
MT00008,2024-08-21,4.13,24,E1a
MT00008,2024-08-22,8.22,24,E1a
MT00008,2024-08-23,12.18,24,E1a
MT00008,2024-08-24,9.97,24,E1a
MT00008,2024-08-25,1.30,24,E1a
MT00008,2024-08-26,5.65,24,E1a
MT00008,2024-08-27,15.49,24,E1a
MT00008,2024-08-28,14.99,24,E1a
MT00008,2024-08-29,15.42,24,E1a
MT00008,2024-08-30,10.65,24,E1a
MT00008,2024-08-31,6.57,24,E1a
MT00008,2024-09-01,5.31,24,E1a
MT00008,2024-09-02,15.59,24,E1a
MT00008,2024-09-03,9.56,24,E1a
MT00008,2024-09-04,6.15,24,E1a
MT00008,2024-09-05,10.03,24,E1a
MT00008,2024-09-06,11.43,24,E1a
MT00008,2024-09-07,19.53,24,E1a
MT00008,2024-09-08,13.22,24,E1a
MT00008,2024-09-09,3.54,24,E1a
MT00008,2024-09-10,3.38,23,E1a
MT00008,2024-09-11,4.14,24,E1a
MT00008,2024-09-12,2.84,24,E1a
MT00008,2024-09-13,5.20,24,E1a
MT00008,2024-09-14,2.57,24,E1a
MT00008,2024-09-15,2.09,24,E1a
MT00008,2024-09-16,6.79,24,E1a
MT00008,2024-09-17,18.00,24,E1a
MT00008,2024-09-18,23.09,24,E1a
MT00008,2024-09-19,22.07,24,E1a
MT00008,2024-09-20,15.34,24,E1a
MT00008,2024-09-21,18.04,24,E1a
MT00008,2024-09-22,16.80,24,E1a
MT00008,2024-09-23,29.72,24,E1a
MT00008,2024-09-24,9.44,23,E1a
MT00008,2024-09-25,14.34,24,E1a
MT00008,2024-09-26,11.66,24,E1a
MT00008,2024-09-27,8.22,24,E1a
MT00008,2024-09-28,5.01,24,E1a
MT00008,2024-09-29,2.33,24,E1a
MT00008,2024-09-30,9.40,24,E1a
MT00008,2024-10-01,15.57,24,E1a
MT00008,2024-10-02,12.54,24,E1a
MT00008,2024-10-03,4.68,24,E1a
MT00008,2024-10-04,4.08,24,E1a
MT00008,2024-10-05,7.98,24,E1a
MT00008,2024-10-06,3.88,24,E1a
MT00008,2024-10-07,25.36,24,E1a
MT00008,2024-10-08,15.57,24,E1a
MT00008,2024-10-09,17.21,24,E1a
MT00008,2024-10-10,17.47,20,E1a
MT00008,2024-10-11,5.70,24,E1a
MT00008,2024-10-12,15.62,24,E1a
MT00008,2024-10-13,11.96,24,E1a
MT00008,2024-10-14,14.98,24,E1a
MT00008,2024-10-15,26.82,24,E1a
MT00008,2024-10-16,24.02,24,E1a
MT00008,2024-10-17,18.03,24,E1a
MT00008,2024-10-18,15.24,24,E1a
MT00008,2024-10-19,7.44,24,E1a
MT00008,2024-10-20,9.38,24,E1a
MT00008,2024-10-21,23.64,24,E1a
MT00008,2024-10-22,13.89,24,E1a
MT00008,2024-10-23,18.12,24,E1a
MT00008,2024-10-24,28.74,24,E1a
MT00008,2024-10-25,30.65,24,E1a
MT00008,2024-10-26,17.80,24,E1a
MT00008,2024-10-27,5.74,24,E1a
MT00008,2024-10-28,12.72,24,E1a
MT00008,2024-10-29,34.78,24,E1a
MT00008,2024-10-30,32.61,24,E1a
MT00008,2024-10-31,24.06,24,E1a
MT00008,2024-11-01,20.21,23,E1a
MT00008,2024-11-02,25.30,24,E1a
MT00008,2024-11-03,19.17,24,E1a
MT00008,2024-11-04,20.52,24,E1a
MT00008,2024-11-05,33.21,24,E1a
MT00008,2024-11-06,26.78,23,E1a
MT00008,2024-11-07,30.28,24,E1a
MT00008,2024-11-08,36.29,24,E1a
MT00008,2024-11-09,22.24,24,E1a
MT00008,2024-11-10,24.95,23,E1a
MT00008,2024-11-11,37.23,24,E1a
MT00008,2024-11-12,31.99,24,E1a
MT00008,2024-11-13,22.99,24,E1a
MT00008,2024-11-14,13.04,24,E1a
MT00008,2024-11-15,8.57,24,E1a
MT00008,2024-11-16,9.03,24,E1a
MT00008,2024-11-17,5.58,24,E1a
MT00008,2024-11-18,7.82,24,E1a
MT00008,2024-11-19,14.54,23,E1a
MT00008,2024-11-20,9.18,21,E1a
MT00008,2024-11-21,5.85,24,E1a
MT00008,2024-11-22,4.67,23,E1a
MT00008,2024-11-23,4.31,24,E1a
MT00008,2024-11-24,14.99,24,E1a
MT00008,2024-11-25,33.17,24,E1a
MT00008,2024-11-26,23.74,24,E1a
MT00008,2024-11-27,31.04,24,E1a
MT00008,2024-11-28,25.18,24,E1a
MT00008,2024-11-29,7.12,24,E1a
MT00008,2024-11-30,3.70,24,E1a
MT00008,2024-12-01,3.34,24,E1a
MT00008,2024-12-02,7.88,24,E1a
MT00008,2024-12-03,8.93,24,E1a
MT00008,2024-12-04,13.12,24,E1a
MT00008,2024-12-05,5.96,24,E1a
MT00008,2024-12-06,7.55,23,E1a
MT00008,2024-12-07,6.28,24,E1a
MT00008,2024-12-08,2.01,24,E1a
MT00008,2024-12-09,10.25,24,E1a
MT00008,2024-12-10,16.10,23,E1a
MT00008,2024-12-11,41.61,24,E1a
MT00008,2024-12-12,20.04,24,E1a
MT00008,2024-12-13,4.46,24,E1a
MT00008,2024-12-14,8.00,24,E1a
MT00008,2024-12-15,3.74,24,E1a
MT00008,2024-12-16,7.50,24,E1a
MT00008,2024-12-17,19.77,24,E1a
MT00008,2024-12-18,14.55,23,E1a
MT00008,2024-12-19,6.66,24,E1a
MT00008,2024-12-20,4.31,24,E1a
MT00008,2024-12-21,3.20,24,E1a
MT00008,2024-12-22,3.11,24,E1a
MT00008,2024-12-23,2.56,24,E1a
MT00008,2024-12-24,2.48,24,E1a
MT00008,2024-12-25,3.20,24,E1a
MT00008,2024-12-26,7.83,24,E1a
MT00008,2024-12-27,7.28,22,E1a
MT00008,2024-12-28,10.61,24,E1a
MT00008,2024-12-29,20.58,24,E1a
MT00008,2024-12-30,33.60,24,E1a
MT00008,2024-12-31,28.12,24,E1a
MT00008,2025-01-01,14.09,24,E1a
MT00008,2025-01-02,16.62,24,E1a
MT00008,2025-01-03,20.98,24,E1a
MT00008,2025-01-04,6.27,24,E1a
MT00008,2025-01-05,11.34,24,E1a
MT00008,2025-01-06,13.78,24,E1a
MT00008,2025-01-07,7.35,24,E1a
MT00008,2025-01-08,4.97,23,E1a
MT00008,2025-01-09,12.44,21,E1a
MT00008,2025-01-10,4.74,23,E1a
MT00008,2025-01-11,4.96,23,E1a
MT00008,2025-01-12,3.63,23,E1a
MT00008,2025-01-13,11.52,23,E1a
MT00008,2025-01-14,6.65,23,E1a
MT00008,2025-01-15,9.34,23,E1a
MT00008,2025-01-16,21.29,23,E1a
MT00008,2025-01-17,7.43,24,E1a
MT00008,2025-01-18,5.77,23,E1a
MT00008,2025-01-19,15.60,23,E1a
MT00008,2025-01-20,23.64,23,E1a
MT00008,2025-01-21,13.03,23,E1a
MT00008,2025-01-22,17.48,23,E1a
MT00008,2025-01-23,10.04,23,E1a
MT00008,2025-01-24,7.62,23,E1a
MT00008,2025-01-25,19.06,23,E1a
MT00008,2025-01-26,6.52,23,E1a
MT00008,2025-01-27,10.23,23,E1a
MT00008,2025-01-28,5.08,24,E1a
MT00008,2025-01-29,8.35,24,E1a
MT00008,2025-01-30,11.01,24,E1a
MT00008,2025-01-31,19.15,24,E1a
MT00008,2025-02-01,8.95,24,E1a
MT00008,2025-02-02,3.94,24,E1a
MT00008,2025-02-03,13.59,24,E1a
MT00008,2025-02-04,21.95,24,E1a
MT00008,2025-02-05,26.78,22,E1a
MT00008,2025-02-06,25.63,24,E1a
MT00008,2025-02-07,18.67,24,E1a
MT00008,2025-02-08,7.12,24,E1a
MT00008,2025-02-09,8.46,24,E1a
MT00008,2025-02-10,8.30,23,E1a
MT00008,2025-02-11,16.11,24,E1a
MT00008,2025-02-12,24.49,24,E1a
MT00008,2025-02-13,21.89,24,E1a
MT00008,2025-02-14,15.42,24,E1a
MT00008,2025-02-15,4.02,24,E1a
MT00008,2025-02-16,3.18,24,E1a
MT00008,2025-02-17,16.73,24,E1a
MT00008,2025-02-18,18.54,24,E1a
MT00008,2025-02-19,26.94,23,E1a
MT00008,2025-02-20,24.59,24,E1a
MT00008,2025-02-21,22.27,24,E1a
MT00008,2025-02-22,20.94,24,E1a
MT00008,2025-02-23,17.00,24,E1a
MT00008,2025-02-24,17.29,24,E1a
MT00008,2025-02-25,10.32,23,E1a
MT00008,2025-02-26,8.80,24,E1a
MT00008,2025-02-27,3.85,20,E1a
MT00008,2025-02-28,11.05,23,E1a
MT00008,2025-03-01,5.78,24,E1a
MT00008,2025-03-02,5.43,24,E1a
MT00008,2025-03-03,7.53,24,E1a
MT00008,2025-03-04,19.96,23,E1a
MT00008,2025-03-05,13.39,22,E1a
MT00008,2025-03-06,13.88,24,E1a
MT00008,2025-03-07,13.49,23,E1a
MT00008,2025-03-08,6.19,24,E1a
MT00008,2025-03-09,8.79,24,E1a
MT00008,2025-03-10,6.78,23,E1a
MT00008,2025-03-11,18.46,24,E1a
MT00008,2025-03-12,25.41,23,E1a
MT00008,2025-03-13,16.15,24,E1a
MT00008,2025-03-14,4.21,23,E1a
MT00008,2025-03-15,7.21,24,E1a
MT00008,2025-03-16,3.55,24,E1a
MT00008,2025-03-17,12.28,24,E1a
MT00008,2025-03-18,15.13,24,E1a
MT00008,2025-03-19,5.84,24,E1a
MT00008,2025-03-20,12.70,24,E1a
MT00008,2025-03-21,15.93,24,E1a
MT00008,2025-03-22,4.64,24,E1a
MT00008,2025-03-23,4.92,24,E1a
MT00008,2025-03-24,10.89,23,E1a
MT00008,2025-03-25,15.64,24,E1a
MT00008,2025-03-26,5.41,21,E1a
MT00008,2025-03-27,3.51,23,E1a
MT00008,2025-03-28,3.48,24,E1a
MT00008,2025-03-29,3.06,24,E1a
MT00008,2025-03-30,4.04,24,E1a
MT00008,2025-03-31,5.15,24,E1a
MT00008,2025-04-01,5.34,24,E1a
MT00008,2025-04-02,8.50,23,E1a
MT00008,2025-04-03,23.58,24,E1a
MT00008,2025-04-04,21.94,24,E1a
MT00008,2025-04-05,16.75,24,E1a
MT00008,2025-04-06,5.39,24,E1a
MT00008,2025-04-07,7.88,24,E1a
MT00008,2025-04-08,19.00,24,E1a
MT00008,2025-04-09,13.58,24,E1a
MT00008,2025-04-10,11.62,23,E1a
MT00008,2025-04-11,9.80,24,E1a
MT00008,2025-04-12,12.54,24,E1a
MT00008,2025-04-13,4.81,24,E1a
MT00008,2025-04-14,10.18,24,E1a
MT00008,2025-04-15,8.34,22,E1a
MT00008,2025-04-16,13.72,24,E1a
MT00008,2025-04-17,4.97,24,E1a
MT00008,2025-04-18,7.23,24,E1a
MT00008,2025-04-19,13.13,24,E1a
MT00008,2025-04-20,11.48,24,E1a
MT00008,2025-04-21,9.79,24,E1a
MT00008,2025-04-22,6.40,24,E1a
MT00008,2025-04-23,2.85,24,E1a
MT00008,2025-04-24,3.21,24,E1a
MT00008,2025-04-25,3.51,24,E1a
MT00008,2025-04-26,4.24,24,E1a
MT00008,2025-04-27,8.94,24,E1a
MT00008,2025-04-28,8.61,22,E1a
MT00008,2025-04-29,7.63,24,E1a
MT00008,2025-04-30,7.52,24,E1a
MT00008,2025-05-01,4.37,24,E1a
MT00008,2025-05-02,6.65,24,E1a
MT00008,2025-05-03,19.69,24,E1a
MT00008,2025-05-04,9.27,24,E1a
MT00008,2025-05-05,17.97,24,E1a
MT00008,2025-05-06,13.29,24,E1a
MT00008,2025-05-07,11.14,24,E1a
MT00008,2025-05-08,24.29,24,E1a
MT00008,2025-05-09,6.52,24,E1a
MT00008,2025-05-10,13.21,23,E1a
MT00008,2025-05-11,4.64,24,E1a
MT00008,2025-05-12,3.77,24,E1a
MT00008,2025-05-13,4.14,24,E1a
MT00008,2025-05-14,14.22,22,E1a
MT00008,2025-05-15,6.63,24,E1a
MT00008,2025-05-16,3.01,24,E1a
MT00008,2025-05-17,3.09,24,E1a
MT00008,2025-05-18,4.84,24,E1a
MT00008,2025-05-19,4.41,24,E1a
MT00008,2025-05-20,14.53,24,E1a
MT00008,2025-05-21,12.86,24,E1a
MT00008,2025-05-22,11.86,24,E1a
MT00008,2025-05-23,6.82,24,E1a
MT00008,2025-05-24,5.67,24,E1a
MT00008,2025-05-25,2.92,24,E1a
MT00008,2025-05-26,6.16,24,E1a
MT00008,2025-05-27,4.54,10,E1a
MT00008,2025-05-28,,0,E1a
MT00008,2025-05-29,4.74,13,E1a
MT00008,2025-05-30,14.10,24,E1a
MT00008,2025-05-31,20.23,24,E1a
MT00008,2025-06-01,13.25,24,E1a
MT00008,2025-06-02,16.78,24,E1a
MT00008,2025-06-03,15.01,24,E1a
MT00008,2025-06-04,20.38,24,E1a
MT00008,2025-06-05,20.07,24,E1a
MT00008,2025-06-06,21.38,24,E1a
MT00008,2025-06-07,13.29,24,E1a
MT00008,2025-06-08,10.81,24,E1a
MT00008,2025-06-09,8.35,24,E1a
MT00008,2025-06-10,13.55,23,E1a
MT00008,2025-06-11,14.58,22,E1a
MT00008,2025-06-12,17.68,24,E1a
MT00008,2025-06-13,22.10,24,E1a
MT00008,2025-06-14,24.53,24,E1a
MT00008,2025-06-15,11.98,24,E1a
MT00008,2025-06-16,12.60,24,E1a
MT00008,2025-06-17,9.02,23,E1a
MT00008,2025-06-18,7.25,24,E1a
MT00008,2025-06-19,10.15,24,E1a
MT00008,2025-06-20,11.77,24,E1a
MT00008,2025-06-21,13.85,24,E1a
MT00008,2025-06-22,12.33,24,E1a
MT00008,2025-06-23,8.96,24,E1a
MT00008,2025-06-24,10.23,24,E1a
MT00008,2025-06-25,8.80,24,E1a
MT00008,2025-06-26,10.11,22,E1a
MT00008,2025-06-27,7.97,24,E1a
MT00008,2025-06-28,15.32,24,E1a
MT00008,2025-06-29,11.09,24,E1a
MT00008,2025-06-30,11.20,24,E1a
MT00008,2025-07-01,12.06,24,E1a
MT00008,2025-07-02,11.10,24,E1a
MT00008,2025-07-03,17.61,24,E1a
MT00008,2025-07-04,12.43,24,E1a
MT00008,2025-07-05,14.75,24,E1a
MT00008,2025-07-06,11.19,24,E1a
MT00008,2025-07-07,14.28,24,E1a
MT00008,2025-07-08,7.56,23,E1a
MT00008,2025-07-09,5.49,24,E1a
MT00008,2025-07-10,5.65,23,E1a
MT00008,2025-07-11,7.23,24,E1a
MT00008,2025-07-12,9.55,24,E1a
MT00008,2025-07-13,6.16,24,E1a
MT00008,2025-07-14,10.72,24,E1a
MT00008,2025-07-15,8.16,24,E1a
MT00008,2025-07-16,5.99,22,E1a
MT00008,2025-07-17,3.93,24,E1a
MT00008,2025-07-18,4.61,24,E1a
MT00008,2025-07-19,9.14,24,E1a
MT00008,2025-07-20,5.68,24,E1a
MT00008,2025-07-21,13.02,24,E1a
MT00008,2025-07-22,10.49,24,E1a
MT00008,2025-07-23,14.23,22,E1a
MT00008,2025-07-24,21.09,24,E1a
MT00008,2025-07-25,22.95,24,E1a
MT00008,2025-07-26,9.93,24,E1a
MT00008,2025-07-27,1.85,24,E1a
MT00008,2025-07-28,4.01,24,E1a
MT00008,2025-07-29,3.47,24,E1a
MT00008,2025-07-30,4.30,24,E1a
MT00008,2025-07-31,5.36,24,E1a
MT00008,2025-08-01,9.01,24,E1a
MT00008,2025-08-02,14.20,24,E1a
MT00008,2025-08-03,3.49,24,E1a
MT00008,2025-08-04,5.76,24,E1a
MT00008,2025-08-05,6.25,24,E1a
MT00008,2025-08-06,6.82,22,E1a
MT00008,2025-08-07,7.57,24,E1a
MT00008,2025-08-08,12.55,24,E1a
MT00008,2025-08-09,8.68,24,E1a
MT00008,2025-08-10,11.66,23,E1a
MT00008,2025-08-11,23.76,24,E1a
MT00008,2025-08-12,16.42,24,E1a
MT00008,2025-08-13,10.18,24,E1a
MT00008,2025-08-14,9.24,24,E1a
MT00008,2025-08-15,11.46,24,E1a
MT00008,2025-08-16,16.32,24,E1a
MT00008,2025-08-17,11.34,24,E1a
MT00008,2025-08-18,11.69,23,E1a
MT00008,2025-08-19,11.64,24,E1a
MT00008,2025-08-20,8.15,24,E1a
MT00008,2025-08-21,5.70,24,E1a
MT00008,2025-08-22,5.39,24,E1a
MT00008,2025-08-23,5.83,24,E1a
MT00008,2025-08-24,4.82,24,E1a
MT00008,2025-08-25,12.16,24,E1a
MT00008,2025-08-26,18.59,24,E1a
MT00008,2025-08-27,10.92,24,E1a
MT00008,2025-08-28,11.45,24,E1a
MT00008,2025-08-29,10.58,24,E1a
MT00008,2025-08-30,9.49,24,E1a
MT00008,2025-08-31,5.76,24,E1a
MT00008,2025-09-01,12.74,24,E1a
MT00008,2025-09-02,7.93,24,E1a
MT00008,2025-09-03,7.26,24,E1a
MT00008,2025-09-04,21.63,24,E1a
MT00008,2025-09-05,15.11,23,E1a
MT00008,2025-09-06,13.85,24,E1a
MT00008,2025-09-07,10.93,24,E1a
MT00008,2025-09-08,11.36,24,E1a
MT00008,2025-09-09,10.13,24,E1a
MT00008,2025-09-10,5.07,23,E1a
MT00008,2025-09-11,13.73,24,E1a
MT00008,2025-09-12,6.20,24,E1a
MT00008,2025-09-13,15.07,24,E1a
MT00008,2025-09-14,8.44,24,E1a
MT00008,2025-09-15,10.44,24,E1a
MT00008,2025-09-16,15.15,24,E1a
MT00008,2025-09-17,11.58,24,E1a
MT00008,2025-09-18,13.28,24,E1a
MT00008,2025-09-19,6.67,24,E1a
MT00008,2025-09-20,7.32,24,E1a
MT00008,2025-09-21,18.25,24,E1a
MT00008,2025-09-22,21.11,24,E1a
MT00008,2025-09-23,18.91,24,E1a
MT00008,2025-09-24,10.56,24,E1a
MT00008,2025-09-25,11.16,24,E1a
MT00008,2025-09-26,33.28,24,E1a
MT00008,2025-09-27,15.95,24,E1a
MT00008,2025-09-28,5.41,24,E1a
MT00008,2025-09-29,9.67,24,E1a
MT00008,2025-09-30,20.13,24,E1a
MT00008,2025-10-01,15.88,23,E1a
MT00008,2025-10-02,5.36,24,E1a
MT00008,2025-10-03,4.61,24,E1a
MT00008,2025-10-04,8.70,24,E1a
MT00008,2025-10-05,5.43,24,E1a
MT00008,2025-10-06,4.20,24,E1a
MT00008,2025-10-07,4.05,24,E1a
MT00008,2025-10-08,5.32,24,E1a
MT00008,2025-10-09,27.45,24,E1a
MT00008,2025-10-10,27.79,21,E1a
MT00008,2025-10-11,30.03,22,E1a
MT00008,2025-10-12,22.38,24,E1a
MT00008,2025-10-13,31.73,24,E1a
MT00008,2025-10-14,22.72,24,E1a
MT00008,2025-10-15,28.74,23,E1a
MT00008,2025-10-16,17.40,23,E1a
MT00008,2025-10-17,6.88,24,E1a
MT00008,2025-10-18,22.37,24,E1a
MT00008,2025-10-19,5.22,23,E1a
MT00008,2025-10-20,22.34,24,E1a
MT00008,2025-10-21,13.61,24,E1a
MT00008,2025-10-22,8.68,24,E1a
MT00008,2025-10-23,5.97,23,E1a
MT00008,2025-10-24,5.05,24,E1a
MT00008,2025-10-25,9.05,24,E1a
MT00008,2025-10-26,5.13,24,E1a
MT00008,2025-10-27,5.97,24,E1a
MT00008,2025-10-28,9.41,24,E1a
MT00008,2025-10-29,21.33,23,E1a
MT00008,2025-10-30,17.83,24,E1a
MT00008,2025-10-31,7.24,24,E1a
MT00008,2025-11-01,7.82,24,E1a
MT00008,2025-11-02,6.80,24,E1a
MT00008,2025-11-03,10.33,24,E1a
MT00008,2025-11-04,9.24,24,E1a
MT00008,2025-11-05,31.17,24,E1a
MT00008,2025-11-06,28.75,24,E1a
MT00008,2025-11-07,12.22,24,E1a
MT00008,2025-11-08,28.80,24,E1a
MT00008,2025-11-09,9.74,24,E1a
MT00008,2025-11-10,6.64,23,E1a
MT00008,2025-11-11,12.11,24,E1a
MT00008,2025-11-12,24.77,23,E1a
MT00008,2025-11-13,35.78,24,E1a
MT00008,2025-11-14,27.84,24,E1a
MT00008,2025-11-15,15.83,22,E1a
MT00008,2025-11-16,8.67,24,E1a
MT00008,2025-11-17,14.57,24,E1a
MT00008,2025-11-18,32.48,24,E1a
MT00008,2025-11-19,11.16,24,E1a
MT00008,2025-11-20,25.27,24,E1a
MT00008,2025-11-21,6.77,24,E1a
MT00008,2025-11-22,4.35,24,E1a
MT00008,2025-11-23,4.07,24,E1a
MT00008,2025-11-24,7.59,24,E1a
MT00008,2025-11-25,5.34,22,E1a
MT00008,2025-11-26,11.30,24,E1a
MT00008,2025-11-27,8.74,24,E1a
MT00008,2025-11-28,13.09,24,E1a
MT00008,2025-11-29,8.36,24,E1a
MT00008,2025-11-30,15.67,24,E1a
MT00008,2025-12-01,39.56,24,E1a
MT00008,2025-12-02,39.86,23,E1a
MT00008,2025-12-03,22.18,23,E1a
MT00008,2025-12-04,7.60,24,E1a
MT00008,2025-12-05,8.81,24,E1a
MT00008,2025-12-06,4.21,24,E1a
MT00008,2025-12-07,3.77,24,E1a
MT00008,2025-12-08,14.18,24,E1a
MT00008,2025-12-09,33.02,24,E1a
MT00008,2025-12-10,42.82,23,E1a
MT00008,2025-12-11,42.81,24,E1a
MT00008,2025-12-12,41.64,24,E1a
MT00008,2025-12-13,23.23,24,E1a
MT00008,2025-12-14,31.24,24,E1a
MT00008,2025-12-15,27.72,24,E1a
MT00008,2025-12-16,14.98,24,E1a
MT00008,2025-12-17,25.55,24,E1a
MT00008,2025-12-18,21.49,24,E1a
MT00008,2025-12-19,20.29,24,E1a
MT00008,2025-12-20,25.31,24,E1a
MT00008,2025-12-21,19.75,24,E1a
MT00008,2025-12-22,32.34,24,E1a
MT00008,2025-12-23,9.22,24,E1a
MT00008,2025-12-24,5.52,24,E1a
MT00008,2025-12-25,5.56,24,E1a
MT00008,2025-12-26,16.15,24,E1a
MT00008,2025-12-27,6.28,24,E1a
MT00008,2025-12-28,16.89,24,E1a
MT00008,2025-12-29,27.53,24,E1a
MT00008,2025-12-30,9.00,24,E1a
MT00008,2025-12-31,12.63,24,E1a
MT00008,2026-01-01,8.65,24,E2a
MT00008,2026-01-02,4.85,24,E2a
MT00008,2026-01-03,4.00,24,E2a
MT00008,2026-01-04,6.55,24,E2a
MT00008,2026-01-05,6.64,24,E2a
MT00008,2026-01-06,9.83,24,E2a
MT00008,2026-01-07,8.86,24,E2a
MT00008,2026-01-08,3.14,24,E2a
MT00008,2026-01-09,5.48,24,E2a
MT00008,2026-01-10,2.98,23,E2a
MT00008,2026-01-11,2.64,24,E2a
MT00008,2026-01-12,15.36,24,E2a
MT00008,2026-01-13,29.30,24,E2a
MT00008,2026-01-14,19.60,24,E2a
MT00008,2026-01-15,20.21,23,E2a
MT00008,2026-01-16,26.65,24,E2a
MT00008,2026-01-17,23.11,24,E2a
MT00008,2026-01-18,14.02,24,E2a
MT00008,2026-01-19,7.42,22,E2a
MT00008,2026-01-20,9.67,24,E2a
MT00008,2026-01-21,28.26,24,E2a
MT00008,2026-01-22,20.33,24,E2a
MT00008,2026-01-23,4.91,24,E2a
MT00008,2026-01-24,6.60,24,E2a
MT00008,2026-01-25,3.89,24,E2a
MT00008,2026-01-26,4.74,24,E2a
MT00008,2026-01-27,10.48,23,E2a
MT00008,2026-01-28,7.13,24,E2a
MT00008,2026-01-29,3.80,24,E2a
MT00008,2026-01-30,5.66,24,E2a
MT00008,2026-01-31,9.17,24,E2a
MT00008,2026-02-01,1.83,24,E2a
MT00008,2026-02-02,7.97,24,E2a
MT00008,2026-02-03,11.63,24,E2a
MT00008,2026-02-04,5.34,24,E2a
MT00008,2026-02-05,7.11,23,E2a
MT00008,2026-02-06,5.65,24,E2a
MT00008,2026-02-07,8.69,24,E2a
MT00008,2026-02-08,3.55,24,E2a
MT00008,2026-02-09,8.98,23,E2a
MT00008,2026-02-10,4.76,23,E2a
MT00008,2026-02-11,4.85,22,E2a
MT00008,2026-02-12,3.46,23,E2a
MT00008,2026-02-13,8.12,13,E2a
MT00008,2026-02-14,10.33,20,E2a
MT00008,2026-02-15,1.81,16,E2a
MT00008,2026-02-16,5.49,24,E2a
MT00008,2026-02-17,2.94,24,E2a
MT00008,2026-02-18,6.57,24,E2a
MT00008,2026-02-19,7.74,24,E2a
MT00008,2026-02-20,3.22,24,E2a
MT00008,2026-02-21,3.65,24,E2a
MT00008,2026-02-22,4.59,24,E2a
MT00008,2026-02-23,12.79,24,E2a
MT00008,2026-02-24,5.90,24,E2a
MT00008,2026-02-25,17.45,22,E2a
MT00008,2026-02-26,34.71,24,E2a
MT00008,2026-02-27,27.08,24,E2a
MT00008,2026-02-28,24.61,24,E2a
MT00008,2026-03-01,25.07,24,E2a
MT00008,2026-03-02,22.44,24,E2a
MT00008,2026-03-03,21.13,23,E2a
MT00008,2026-03-04,14.24,24,E2a
MT00008,2026-03-05,18.16,24,E2a
MT00008,2026-03-06,14.47,24,E2a
MT00008,2026-03-07,10.40,24,E2a
MT00008,2026-03-08,8.93,23,E2a
MT00008,2026-03-09,9.91,24,E2a
MT00008,2026-03-10,6.66,23,E2a
MT00008,2026-03-11,9.22,22,E2a
MT00008,2026-03-12,18.25,24,E2a
MT00008,2026-03-13,9.69,24,E2a
MT00008,2026-03-14,13.55,24,E2a
MT00008,2026-03-15,4.81,24,E2a
MT00008,2026-03-16,11.20,24,E2a
MT00008,2026-03-17,5.35,24,E2a
MT00008,2026-03-18,8.94,24,E2a
MT00008,2026-03-19,6.59,24,E2a
MT00008,2026-03-20,16.73,24,E2a
MT00008,2026-03-21,22.21,24,E2a
MT00008,2026-03-22,16.10,24,E2a
MT00008,2026-03-23,17.44,24,E2a
MT00008,2026-03-24,13.89,24,E2a
MT00008,2026-03-25,5.98,23,E2a
MT00008,2026-03-26,4.88,24,E2a
MT00008,2026-03-27,3.39,24,E2a
MT00008,2026-03-28,3.60,24,E2a
MT00008,2026-03-29,6.79,24,E2a
MT00008,2026-03-30,22.14,24,E2a
MT00008,2026-03-31,2.80,24,E2a
MT00008,2026-04-01,5.06,24,E2a
MT00008,2026-04-02,2.80,24,E2a
MT00008,2026-04-03,2.35,24,E2a
MT00008,2026-04-04,8.40,24,E2a
MT00008,2026-04-05,8.64,24,E2a
MT00008,2026-04-06,10.43,24,E2a
MT00008,2026-04-07,4.52,24,E2a
MT00008,2026-04-08,8.24,22,E2a
MT00008,2026-04-09,12.04,24,E2a
MT00008,2026-04-10,8.16,23,E2a
MT00008,2026-04-11,21.27,24,E2a
MT00008,2026-04-12,7.88,24,E2a
MT00008,2026-04-13,16.10,24,E2a
MT00008,2026-04-14,11.73,24,E2a
MT00008,2026-04-15,5.18,24,E2a
MT00008,2026-04-16,16.47,21,E2a
MT00008,2026-04-17,9.25,23,E2a
MT00008,2026-04-18,7.89,23,E2a
MT00008,2026-04-19,7.11,23,E2a
MT00008,2026-04-20,8.41,23,E2a
MT00008,2026-04-21,12.43,22,E2a
MT00008,2026-04-22,19.02,23,E2a
MT00008,2026-04-23,8.22,24,E2a
MT00008,2026-04-24,11.03,23,E2a
MT00008,2026-04-25,8.42,23,E2a
MT00008,2026-04-26,6.54,23,E2a
MT00008,2026-04-27,19.86,23,E2a
MT00008,2026-04-28,18.50,23,E2a
MT00008,2026-04-29,16.71,24,E2a
MT00008,2026-04-30,19.65,23,E2a
MT00008,2026-05-01,4.70,23,E2a
MT00008,2026-05-02,7.45,24,E2a
MT00008,2026-05-03,7.56,23,E2a
MT00008,2026-05-04,14.55,23,E2a
MT00008,2026-05-05,12.87,23,E2a
MT00008,2026-05-06,13.74,23,E2a
MT00008,2026-05-07,7.53,21,E2a
MT00008,2026-05-08,8.60,23,E2a
MT00008,2026-05-09,9.29,24,E2a
MT00008,2026-05-10,6.72,22,E2a
MT00008,2026-05-11,8.44,23,E2a
MT00008,2026-05-12,7.06,24,E2a
MT00008,2026-05-13,5.99,23,E2a
MT00008,2026-05-14,6.28,23,E2a
MT00008,2026-05-15,9.85,23,E2a
MT00008,2026-05-16,9.00,24,E2a
MT00008,2026-05-17,8.97,23,E2a
MT00008,2026-05-18,17.45,23,E2a
MT00008,2026-05-19,5.68,23,E2a
MT00008,2026-05-20,5.66,22,E2a
MT00008,2026-05-21,12.88,24,E2a
MT00008,2026-05-22,14.29,24,E2a
MT00008,2026-05-23,20.99,23,E2a
MT00008,2026-05-24,14.08,23,E2a
MT00008,2026-05-25,14.62,23,E2a
MT00008,2026-05-26,13.86,23,E2a
MT00008,2026-05-27,13.68,23,E2a
MT00008,2026-05-28,8.59,23,E2a
MT00008,2026-05-29,19.70,23,E2a
MT00008,2026-05-30,17.57,23,E2a
MT00008,2026-05-31,7.93,23,E2a
MT00008,2026-06-01,8.41,23,E2a
MT00008,2026-06-02,6.58,23,E2a
MT00008,2026-06-03,9.09,24,E2a
MT00008,2026-06-04,13.26,24,E2a
MT00008,2026-06-05,18.80,24,E2a
MT00008,2026-06-06,17.13,24,E2a
MT00008,2026-06-07,7.94,24,E2a
MT00008,2026-06-08,13.66,24,E2a
MT00008,2026-06-09,16.85,23,E2a
MT00008,2026-06-10,14.24,21,E2a
MT00008,2026-06-11,10.75,24,E2a
MT00008,2026-06-12,5.95,24,E2a
MT00008,2026-06-13,11.43,24,E2a
MT00008,2026-06-14,6.93,24,E2a
MT00008,2026-06-15,10.28,24,E2a
MT00008,2026-06-16,8.27,24,E2a
MT00008,2026-06-17,13.85,24,E2a
MT00008,2026-06-18,18.33,24,E2a
MT00008,2026-06-19,15.85,24,E2a
MT00008,2026-06-20,14.93,24,E2a
MT00008,2026-06-21,8.24,24,E2a
MT00008,2026-06-22,14.00,24,E2a
MT00008,2026-06-23,6.83,23,E2a
MT00008,2026-06-24,6.94,23,E2a
MT00008,2026-06-25,8.02,23,E2a
MT00008,2026-06-26,8.91,24,E2a
MT00008,2026-06-27,12.03,24,E2a
MT00008,2026-06-28,8.83,24,E2a
MT00008,2026-06-29,9.48,24,E2a
MT00008,2026-06-30,12.59,24,E2a
MT00008,2026-07-01,5.32,24,E2a
MT00008,2026-07-02,4.07,24,E2a
MT00008,2026-07-03,4.81,24,E2a
MT00008,2026-07-04,7.05,22,E2a
MT00008,2026-07-05,6.89,24,E2a
MT00008,2026-07-06,17.06,21,E2a
MT00008,2026-07-07,9.16,20,E2a
MT00008,2026-07-08,7.65,22,E2a
MT00008,2026-07-09,7.58,24,E2a
MT00008,2026-07-10,20.46,23,E2a
MT00008,2026-07-11,10.02,24,E2a
MT00008,2026-07-12,5.95,24,E2a
MT00008,2026-07-13,10.95,23,E2a
MT00008,2026-07-14,9.33,24,E2a
MT00008,2026-07-15,5.57,24,E2a
MT00008,2026-07-16,16.79,24,E2a
MT00008,2026-07-17,21.13,24,E2a
MT00008,2026-07-18,5.27,24,E2a
MT00008,2026-07-19,14.58,24,E2a
MT00008,2026-07-20,15.83,20,E2a
MT00008,2026-07-21,15.65,19,E2a
MT00008,2026-07-22,8.37,16,E2a
MT00008,2026-07-23,13.56,24,E2a
MT00008,2026-07-24,5.46,24,E2a
MT00008,2026-07-25,8.91,24,E2a
MT00008,2026-07-26,4.25,24,E2a
MT00008,2026-07-27,11.14,24,E2a
MT00008,2026-07-28,12.02,24,E2a
MT00008,2026-07-29,7.32,24,E2a
MT00008,2026-07-30,8.51,24,E2a
MT00008,2026-07-31,18.81,24,E2a
MT00008,2026-08-01,16.66,24,E2a
MT00008,2026-08-02,12.29,24,E2a
MT00008,2026-08-03,15.27,24,E2a
MT00008,2026-08-04,20.44,23,E2a
MT00008,2026-08-05,11.65,24,E2a
MT00008,2026-08-06,7.90,24,E2a
MT00008,2026-08-07,13.60,24,E2a
MT00008,2026-08-08,8.09,24,E2a
MT00008,2026-08-09,13.53,24,E2a
MT00008,2026-08-10,11.33,23,E2a
MT00008,2026-08-11,12.37,24,E2a
MT00008,2026-08-12,16.41,24,E2a
MT00008,2026-08-13,17.92,24,E2a
MT00008,2026-08-14,10.66,24,E2a
MT00008,2026-08-15,12.93,24,E2a
MT00008,2026-08-16,11.05,24,E2a
MT00008,2026-08-17,7.03,24,E2a
MT00008,2026-08-18,3.89,24,E2a
MT00008,2026-08-19,8.14,23,E2a
MT00008,2026-08-20,19.23,24,E2a
MT00008,2026-08-21,11.79,24,E2a
MT00008,2026-08-22,3.72,24,E2a
MT00008,2026-08-23,8.72,24,E2a
MT00008,2026-08-24,14.83,24,E2a
MT00008,2026-08-25,11.08,24,E2a
MT00008,2026-08-26,9.19,24,E2a
MT00008,2026-08-27,22.61,24,E2a
MT00008,2026-08-28,20.66,24,E2a
MT00008,2026-08-29,13.82,24,E2a
MT00008,2026-08-30,10.04,24,E2a
MT00008,2026-08-31,6.83,24,E2a
MT00008,2026-09-01,7.73,22,E2a
MT00008,2026-09-02,15.90,24,E2a
MT00008,2026-09-03,16.75,24,E2a
MT00008,2026-09-04,14.00,24,E2a
MT00008,2026-09-05,12.61,24,E2a
MT00008,2026-09-06,6.20,24,E2a
MT00008,2026-09-07,17.51,24,E2a
MT00008,2026-09-08,11.90,24,E2a
MT00008,2026-09-09,13.74,23,E2a
MT00008,2026-09-10,17.01,23,E2a
MT00008,2026-09-11,20.19,24,E2a
MT00008,2026-09-12,15.36,24,E2a
MT00008,2026-09-13,13.64,24,E2a
MT00008,2026-09-14,18.00,24,E2a
MT00008,2026-09-15,25.02,24,E2a
MT00008,2026-09-16,29.48,23,E2a
MT00008,2026-09-17,23.22,24,E2a
MT00008,2026-09-18,20.12,24,E2a
MT00008,2026-09-19,26.66,24,E2a
MT00008,2026-09-20,15.63,24,E2a
MT00008,2026-09-21,13.41,24,E2a
MT00008,2026-09-22,16.33,24,E2a
MT00008,2026-09-23,15.78,24,E2a
MT00008,2026-09-24,26.19,24,E2a
MT00008,2026-09-25,15.66,24,E2a
MT00008,2026-09-26,18.00,24,E2a
MT00008,2026-09-27,7.77,24,E2a
MT00008,2026-09-28,30.00,24,E2a
MT00008,2026-09-29,29.32,24,E2a
MT00008,2026-09-30,28.96,23,E2a
MT00008,2026-10-01,16.81,23,E2a
MT00008,2026-10-02,18.61,24,E2a
MT00008,2026-10-03,36.36,24,E2a
MT00008,2026-10-04,29.36,24,E2a
MT00008,2026-10-05,28.86,6,E2a
MT00009,2022-02-14,30.90,1,E1a
MT00009,2022-02-15,21.68,24,E1a
MT00009,2022-02-16,6.87,24,E1a
MT00009,2022-02-17,12.08,24,E1a
MT00009,2022-02-18,12.07,24,E1a
MT00009,2022-02-19,16.55,24,E1a
MT00009,2022-02-20,9.60,24,E1a
MT00009,2022-02-21,6.09,24,E1a
MT00009,2022-02-22,4.81,24,E1a
MT00009,2022-02-23,8.30,24,E1a
MT00009,2022-02-24,29.34,24,E1a
MT00009,2022-02-25,28.75,24,E1a
MT00009,2022-02-26,10.32,24,E1a
MT00009,2022-02-27,5.10,24,E1a
MT00009,2022-02-28,14.76,24,E1a
MT00009,2022-03-01,14.67,24,E1a
MT00009,2022-03-02,7.52,24,E1a
MT00009,2022-03-03,20.11,23,E1a
MT00009,2022-03-04,19.43,24,E1a
MT00009,2022-03-05,15.10,24,E1a
MT00009,2022-03-06,17.37,24,E1a
MT00009,2022-03-07,17.65,24,E1a
MT00009,2022-03-08,10.89,24,E1a
MT00009,2022-03-09,5.12,24,E1a
MT00009,2022-03-10,11.60,24,E1a
MT00009,2022-03-11,28.04,24,E1a
MT00009,2022-03-12,29.25,24,E1a
MT00009,2022-03-13,16.26,24,E1a
MT00009,2022-03-14,24.86,19,E1a
MT00009,2022-03-15,18.25,24,E1a
MT00009,2022-03-16,32.26,24,E1a
MT00009,2022-03-17,17.29,23,E1a
MT00009,2022-03-18,8.36,19,E1a
MT00009,2022-03-19,6.98,24,E1a
MT00009,2022-03-20,9.20,24,E1a
MT00009,2022-03-21,17.08,24,E1a
MT00009,2022-03-22,15.29,24,E1a
MT00009,2022-03-23,19.42,24,E1a
MT00009,2022-03-24,32.85,24,E1a
MT00009,2022-03-25,35.48,24,E1a
MT00009,2022-03-26,14.18,24,E1a
MT00009,2022-03-27,10.09,24,E1a
MT00009,2022-03-28,16.75,24,E1a
MT00009,2022-03-29,21.07,24,E1a
MT00009,2022-03-30,17.01,24,E1a
MT00009,2022-03-31,13.92,24,E1a
MT00009,2022-04-01,19.38,24,E1a
MT00009,2022-04-02,10.49,24,E1a
MT00009,2022-04-03,18.36,24,E1a
MT00009,2022-04-04,13.82,24,E1a
MT00009,2022-04-05,13.92,24,E1a
MT00009,2022-04-06,20.75,24,E1a
MT00009,2022-04-07,8.68,24,E1a
MT00009,2022-04-08,12.77,24,E1a
MT00009,2022-04-09,17.46,24,E1a
MT00009,2022-04-10,7.73,24,E1a
MT00009,2022-04-11,26.14,24,E1a
MT00009,2022-04-12,28.76,19,E1a
MT00009,2022-04-13,,0,E1a
MT00009,2022-04-14,,0,E1a
MT00009,2022-04-15,,0,E1a
MT00009,2022-04-16,,0,E1a
MT00009,2022-04-17,6.82,8,E1a
MT00009,2022-04-18,10.45,13,E1a
MT00009,2022-04-19,21.33,13,E1a
MT00009,2022-04-20,20.20,24,E1a
MT00009,2022-04-21,13.77,24,E1a
MT00009,2022-04-22,19.06,24,E1a
MT00009,2022-04-23,25.41,24,E1a
MT00009,2022-04-24,25.77,24,E1a
MT00009,2022-04-25,32.87,9,E1a
MT00009,2022-04-26,,0,E1a
MT00009,2022-04-27,,0,E1a
MT00009,2022-04-28,10.84,11,E1a
MT00009,2022-04-29,21.00,24,E1a
MT00009,2022-04-30,30.17,24,E1a
MT00009,2022-05-01,16.92,24,E1a
MT00009,2022-05-02,12.95,24,E1a
MT00009,2022-05-03,24.80,24,E1a
MT00009,2022-05-04,25.15,24,E1a
MT00009,2022-05-05,18.19,24,E1a
MT00009,2022-05-06,12.32,24,E1a
MT00009,2022-05-07,16.00,24,E1a
MT00009,2022-05-08,9.54,24,E1a
MT00009,2022-05-09,15.85,24,E1a
MT00009,2022-05-10,19.08,24,E1a
MT00009,2022-05-11,24.41,24,E1a
MT00009,2022-05-12,30.03,24,E1a
MT00009,2022-05-13,22.29,24,E1a
MT00009,2022-05-14,20.68,24,E1a
MT00009,2022-05-15,28.20,24,E1a
MT00009,2022-05-16,27.61,24,E1a
MT00009,2022-05-17,33.97,24,E1a
MT00009,2022-05-18,27.20,24,E1a
MT00009,2022-05-19,21.38,18,E1a
MT00009,2022-05-20,17.83,24,E1a
MT00009,2022-05-21,12.42,24,E1a
MT00009,2022-05-22,9.75,24,E1a
MT00009,2022-05-23,24.44,24,E1a
MT00009,2022-05-24,33.40,24,E1a
MT00009,2022-05-25,26.82,23,E1a
MT00009,2022-05-26,27.28,24,E1a
MT00009,2022-05-27,19.62,24,E1a
MT00009,2022-05-28,12.01,24,E1a
MT00009,2022-05-29,11.48,24,E1a
MT00009,2022-05-30,30.35,24,E1a
MT00009,2022-05-31,35.30,24,E1a
MT00009,2022-06-01,32.62,24,E1a
MT00009,2022-06-02,36.32,24,E1a
MT00009,2022-06-03,41.68,24,E1a
MT00009,2022-06-04,38.82,24,E1a
MT00009,2022-06-05,24.06,24,E1a
MT00009,2022-06-06,12.62,24,E1a
MT00009,2022-06-07,14.92,24,E1a
MT00009,2022-06-08,14.85,24,E1a
MT00009,2022-06-09,11.78,21,E1a
MT00009,2022-06-10,8.25,24,E1a
MT00009,2022-06-11,12.02,24,E1a
MT00009,2022-06-12,15.57,24,E1a
MT00009,2022-06-13,19.75,24,E1a
MT00009,2022-06-14,24.72,24,E1a
MT00009,2022-06-15,36.56,24,E1a
MT00009,2022-06-16,26.13,24,E1a
MT00009,2022-06-17,21.05,24,E1a
MT00009,2022-06-18,20.79,24,E1a
MT00009,2022-06-19,26.48,24,E1a
MT00009,2022-06-20,26.46,24,E1a
MT00009,2022-06-21,19.60,24,E1a
MT00009,2022-06-22,16.06,24,E1a
MT00009,2022-06-23,21.68,23,E1a
MT00009,2022-06-24,23.20,24,E1a
MT00009,2022-06-25,39.32,24,E1a
MT00009,2022-06-26,27.98,24,E1a
MT00009,2022-06-27,27.42,24,E1a
MT00009,2022-06-28,36.55,24,E1a
MT00009,2022-06-29,22.88,24,E1a
MT00009,2022-06-30,18.33,24,E1a
MT00009,2022-07-01,24.45,24,E1a
MT00009,2022-07-02,19.14,24,E1a
MT00009,2022-07-03,15.98,24,E1a
MT00009,2022-07-04,22.05,24,E1a
MT00009,2022-07-05,19.12,24,E1a
MT00009,2022-07-06,23.59,24,E1a
MT00009,2022-07-07,16.56,24,E1a
MT00009,2022-07-08,9.68,24,E1a
MT00009,2022-07-09,18.28,24,E1a
MT00009,2022-07-10,24.19,24,E1a
MT00009,2022-07-11,23.21,24,E1a
MT00009,2022-07-12,21.60,24,E1a
MT00009,2022-07-13,22.42,24,E1a
MT00009,2022-07-14,23.90,24,E1a
MT00009,2022-07-15,20.08,24,E1a
MT00009,2022-07-16,24.02,24,E1a
MT00009,2022-07-17,22.32,24,E1a
MT00009,2022-07-18,26.72,24,E1a
MT00009,2022-07-19,28.36,24,E1a
MT00009,2022-07-20,28.67,24,E1a
MT00009,2022-07-21,25.28,24,E1a
MT00009,2022-07-22,30.23,7,E1a
MT00009,2022-07-23,26.17,4,E1a
MT00009,2022-07-24,18.19,7,E1a
MT00009,2022-07-25,23.27,22,E1a
MT00009,2022-07-26,14.24,24,E1a
MT00009,2022-07-27,17.32,24,E1a
MT00009,2022-07-28,15.89,24,E1a
MT00009,2022-07-29,26.28,24,E1a
MT00009,2022-07-30,15.67,24,E1a
MT00009,2022-07-31,15.25,24,E1a
MT00009,2022-08-01,22.55,24,E1a
MT00009,2022-08-02,19.41,24,E1a
MT00009,2022-08-03,26.86,24,E1a
MT00009,2022-08-04,25.56,24,E1a
MT00009,2022-08-05,25.37,24,E1a
MT00009,2022-08-06,13.53,24,E1a
MT00009,2022-08-07,20.59,24,E1a
MT00009,2022-08-08,24.27,24,E1a
MT00009,2022-08-09,26.91,24,E1a
MT00009,2022-08-10,29.20,24,E1a
MT00009,2022-08-11,38.20,23,E1a
MT00009,2022-08-12,25.00,24,E1a
MT00009,2022-08-13,19.05,24,E1a
MT00009,2022-08-14,19.77,24,E1a
MT00009,2022-08-15,28.09,24,E1a
MT00009,2022-08-16,30.06,24,E1a
MT00009,2022-08-17,26.60,24,E1a
MT00009,2022-08-18,27.58,24,E1a
MT00009,2022-08-19,15.00,24,E1a
MT00009,2022-08-20,9.38,24,E1a
MT00009,2022-08-21,9.16,24,E1a
MT00009,2022-08-22,14.22,24,E1a
MT00009,2022-08-23,21.60,24,E1a
MT00009,2022-08-24,20.67,24,E1a
MT00009,2022-08-25,22.86,9,E1a
MT00009,2022-08-26,,0,E1a
MT00009,2022-08-27,,0,E1a
MT00009,2022-08-28,,0,E1a
MT00009,2022-08-29,,0,E1a
MT00009,2022-08-30,,0,E1a
MT00009,2022-08-31,,0,E1a
MT00009,2022-09-01,,0,E1a
MT00009,2022-09-02,18.46,18,E1a
MT00009,2022-09-03,28.79,24,E1a
MT00009,2022-09-04,20.66,24,E1a
MT00009,2022-09-05,24.04,24,E1a
MT00009,2022-09-06,27.89,24,E1a
MT00009,2022-09-07,30.14,22,E1a
MT00009,2022-09-08,27.92,24,E1a
MT00009,2022-09-09,26.84,24,E1a
MT00009,2022-09-10,20.45,24,E1a
MT00009,2022-09-11,13.45,24,E1a
MT00009,2022-09-12,24.78,24,E1a
MT00009,2022-09-13,32.52,24,E1a
MT00009,2022-09-14,34.46,24,E1a
MT00009,2022-09-15,33.82,24,E1a
MT00009,2022-09-16,32.60,24,E1a
MT00009,2022-09-17,18.50,24,E1a
MT00009,2022-09-18,24.79,24,E1a
MT00009,2022-09-19,37.99,24,E1a
MT00009,2022-09-20,34.86,24,E1a
MT00009,2022-09-21,28.08,24,E1a
MT00009,2022-09-22,30.80,24,E1a
MT00009,2022-09-23,22.29,23,E1a
MT00009,2022-09-24,38.85,24,E1a
MT00009,2022-09-25,31.44,24,E1a
MT00009,2022-09-26,22.52,24,E1a
MT00009,2022-09-27,17.25,24,E1a
MT00009,2022-09-28,20.83,24,E1a
MT00009,2022-09-29,34.52,24,E1a
MT00009,2022-09-30,25.85,24,E1a
MT00009,2022-10-01,11.46,24,E1a
MT00009,2022-10-02,10.74,24,E1a
MT00009,2022-10-03,14.09,24,E1a
MT00009,2022-10-04,29.14,24,E1a
MT00009,2022-10-05,33.61,24,E1a
MT00009,2022-10-06,32.89,21,E1a
MT00009,2022-10-07,39.13,22,E1a
MT00009,2022-10-08,37.30,24,E1a
MT00009,2022-10-09,30.15,24,E1a
MT00009,2022-10-10,31.57,24,E1a
MT00009,2022-10-11,32.93,24,E1a
MT00009,2022-10-12,26.11,24,E1a
MT00009,2022-10-13,28.25,24,E1a
MT00009,2022-10-14,10.62,24,E1a
MT00009,2022-10-15,23.97,24,E1a
MT00009,2022-10-16,40.91,24,E1a
MT00009,2022-10-17,34.82,24,E1a
MT00009,2022-10-18,27.08,24,E1a
MT00009,2022-10-19,34.02,21,E1a
MT00009,2022-10-20,38.00,24,E1a
MT00009,2022-10-21,38.28,24,E1a
MT00009,2022-10-22,39.19,24,E1a
MT00009,2022-10-23,28.58,24,E1a
MT00009,2022-10-24,29.85,24,E1a
MT00009,2022-10-25,24.05,24,E1a
MT00009,2022-10-26,33.28,24,E1a
MT00009,2022-10-27,34.47,24,E1a
MT00009,2022-10-28,36.75,24,E1a
MT00009,2022-10-29,17.91,24,E1a
MT00009,2022-10-30,22.30,24,E1a
MT00009,2022-10-31,21.30,24,E1a
MT00009,2022-11-01,19.85,24,E1a
MT00009,2022-11-02,25.75,21,E1a
MT00009,2022-11-03,24.56,24,E1a
MT00009,2022-11-04,17.18,24,E1a
MT00009,2022-11-05,9.16,24,E1a
MT00009,2022-11-06,8.00,24,E1a
MT00009,2022-11-07,17.90,24,E1a
MT00009,2022-11-08,33.89,24,E1a
MT00009,2022-11-09,43.25,24,E1a
MT00009,2022-11-10,40.93,24,E1a
MT00009,2022-11-11,29.51,24,E1a
MT00009,2022-11-12,28.13,24,E1a
MT00009,2022-11-13,27.23,24,E1a
MT00009,2022-11-14,30.30,24,E1a
MT00009,2022-11-15,33.21,22,E1a
MT00009,2022-11-16,22.96,17,E1a
MT00009,2022-11-17,18.87,24,E1a
MT00009,2022-11-18,14.61,24,E1a
MT00009,2022-11-19,17.23,24,E1a
MT00009,2022-11-20,8.32,24,E1a
MT00009,2022-11-21,7.70,24,E1a
MT00009,2022-11-22,5.72,24,E1a
MT00009,2022-11-23,5.55,24,E1a
MT00009,2022-11-24,8.18,24,E1a
MT00009,2022-11-25,29.53,24,E1a
MT00009,2022-11-26,16.74,24,E1a
MT00009,2022-11-27,3.08,24,E1a
MT00009,2022-11-28,23.25,24,E1a
MT00009,2022-11-29,24.76,24,E1a
MT00009,2022-11-30,21.47,24,E1a
MT00009,2022-12-01,25.46,24,E1a
MT00009,2022-12-02,45.73,22,E1a
MT00009,2022-12-03,17.74,24,E1a
MT00009,2022-12-04,26.18,24,E1a
MT00009,2022-12-05,37.94,24,E1a
MT00009,2022-12-06,34.60,24,E1a
MT00009,2022-12-07,23.20,24,E1a
MT00009,2022-12-08,21.08,24,E1a
MT00009,2022-12-09,20.01,24,E1a
MT00009,2022-12-10,8.78,24,E1a
MT00009,2022-12-11,6.19,24,E1a
MT00009,2022-12-12,9.13,24,E1a
MT00009,2022-12-13,9.32,24,E1a
MT00009,2022-12-14,17.59,24,E1a
MT00009,2022-12-15,20.91,24,E1a
MT00009,2022-12-16,14.89,24,E1a
MT00009,2022-12-17,19.64,24,E1a
MT00009,2022-12-18,19.28,24,E1a
MT00009,2022-12-19,26.11,24,E1a
MT00009,2022-12-20,33.21,24,E1a
MT00009,2022-12-21,30.02,24,E1a
MT00009,2022-12-22,15.12,24,E1a
MT00009,2022-12-23,10.82,24,E1a
MT00009,2022-12-24,8.23,24,E1a
MT00009,2022-12-25,18.06,24,E1a
MT00009,2022-12-26,26.32,24,E1a
MT00009,2022-12-27,16.24,24,E1a
MT00009,2022-12-28,23.42,24,E1a
MT00009,2022-12-29,27.72,24,E1a
MT00009,2022-12-30,25.07,24,E1a
MT00009,2022-12-31,21.93,24,E1a
MT00009,2023-01-01,31.87,24,E1a
MT00009,2023-01-02,34.13,24,E1a
MT00009,2023-01-03,28.88,24,E1a
MT00009,2023-01-04,30.14,24,E1a
MT00009,2023-01-05,32.60,24,E1a
MT00009,2023-01-06,34.17,24,E1a
MT00009,2023-01-07,30.64,24,E1a
MT00009,2023-01-08,21.20,24,E1a
MT00009,2023-01-09,15.51,20,E1a
MT00009,2023-01-10,5.48,24,E1a
MT00009,2023-01-11,8.70,24,E1a
MT00009,2023-01-12,10.17,24,E1a
MT00009,2023-01-13,19.80,24,E1a
MT00009,2023-01-14,9.81,24,E1a
MT00009,2023-01-15,13.43,24,E1a
MT00009,2023-01-16,15.89,24,E1a
MT00009,2023-01-17,9.82,24,E1a
MT00009,2023-01-18,11.63,24,E1a
MT00009,2023-01-19,15.73,24,E1a
MT00009,2023-01-20,11.21,24,E1a
MT00009,2023-01-21,8.72,24,E1a
MT00009,2023-01-22,13.73,24,E1a
MT00009,2023-01-23,23.24,21,E1a
MT00009,2023-01-24,39.85,21,E1a
MT00009,2023-01-25,28.55,24,E1a
MT00009,2023-01-26,24.36,24,E1a
MT00009,2023-01-27,8.77,24,E1a
MT00009,2023-01-28,17.59,24,E1a
MT00009,2023-01-29,11.69,24,E1a
MT00009,2023-01-30,19.22,20,E1a
MT00009,2023-01-31,7.04,24,E1a
MT00009,2023-02-01,27.93,24,E1a
MT00009,2023-02-02,18.88,24,E1a
MT00009,2023-02-03,33.85,24,E1a
MT00009,2023-02-04,11.13,24,E1a
MT00009,2023-02-05,6.68,24,E1a
MT00009,2023-02-06,15.68,24,E1a
MT00009,2023-02-07,27.25,24,E1a
MT00009,2023-02-08,10.32,22,E1a
MT00009,2023-02-09,8.13,24,E1a
MT00009,2023-02-10,4.68,24,E1a
MT00009,2023-02-11,15.25,24,E1a
MT00009,2023-02-12,22.58,24,E1a
MT00009,2023-02-13,20.93,24,E1a
MT00009,2023-02-14,10.87,24,E1a
MT00009,2023-02-15,29.56,24,E1a
MT00009,2023-02-16,42.54,24,E1a
MT00009,2023-02-17,28.96,24,E1a
MT00009,2023-02-18,21.32,24,E1a
MT00009,2023-02-19,10.90,24,E1a
MT00009,2023-02-20,30.35,24,E1a
MT00009,2023-02-21,28.23,24,E1a
MT00009,2023-02-22,29.57,24,E1a
MT00009,2023-02-23,42.93,24,E1a
MT00009,2023-02-24,25.84,24,E1a
MT00009,2023-02-25,13.12,24,E1a
MT00009,2023-02-26,13.02,24,E1a
MT00009,2023-02-27,23.26,24,E1a
MT00009,2023-02-28,23.91,24,E1a
MT00009,2023-03-01,19.28,24,E1a
MT00009,2023-03-02,26.18,24,E1a
MT00009,2023-03-03,18.37,24,E1a
MT00009,2023-03-04,7.85,24,E1a
MT00009,2023-03-05,6.26,24,E1a
MT00009,2023-03-06,18.94,24,E1a
MT00009,2023-03-07,12.24,23,E1a
MT00009,2023-03-08,18.55,24,E1a
MT00009,2023-03-09,19.70,24,E1a
MT00009,2023-03-10,14.95,24,E1a
MT00009,2023-03-11,6.21,24,E1a
MT00009,2023-03-12,5.92,24,E1a
MT00009,2023-03-13,23.62,24,E1a
MT00009,2023-03-14,18.03,24,E1a
MT00009,2023-03-15,5.91,24,E1a
MT00009,2023-03-16,10.96,24,E1a
MT00009,2023-03-17,28.53,24,E1a
MT00009,2023-03-18,34.59,24,E1a
MT00009,2023-03-19,23.63,24,E1a
MT00009,2023-03-20,16.50,24,E1a
MT00009,2023-03-21,9.65,24,E1a
MT00009,2023-03-22,19.33,24,E1a
MT00009,2023-03-23,21.13,24,E1a
MT00009,2023-03-24,18.62,24,E1a
MT00009,2023-03-25,11.32,24,E1a
MT00009,2023-03-26,15.62,24,E1a
MT00009,2023-03-27,9.69,24,E1a
MT00009,2023-03-28,8.60,24,E1a
MT00009,2023-03-29,28.86,24,E1a
MT00009,2023-03-30,27.62,24,E1a
MT00009,2023-03-31,19.78,24,E1a
MT00009,2023-04-01,15.71,24,E1a
MT00009,2023-04-02,9.57,24,E1a
MT00009,2023-04-03,6.68,24,E1a
MT00009,2023-04-04,7.31,24,E1a
MT00009,2023-04-05,14.43,24,E1a
MT00009,2023-04-06,11.74,24,E1a
MT00009,2023-04-07,30.08,24,E1a
MT00009,2023-04-08,31.01,24,E1a
MT00009,2023-04-09,7.80,24,E1a
MT00009,2023-04-10,9.25,24,E1a
MT00009,2023-04-11,6.74,24,E1a
MT00009,2023-04-12,9.56,24,E1a
MT00009,2023-04-13,14.73,24,E1a
MT00009,2023-04-14,7.27,24,E1a
MT00009,2023-04-15,13.56,24,E1a
MT00009,2023-04-16,8.28,24,E1a
MT00009,2023-04-17,7.61,24,E1a
MT00009,2023-04-18,12.49,24,E1a
MT00009,2023-04-19,23.11,24,E1a
MT00009,2023-04-20,18.44,17,E1a
MT00009,2023-04-21,11.21,24,E1a
MT00009,2023-04-22,15.86,24,E1a
MT00009,2023-04-23,26.07,24,E1a
MT00009,2023-04-24,22.63,24,E1a
MT00009,2023-04-25,13.86,24,E1a
MT00009,2023-04-26,15.38,24,E1a
MT00009,2023-04-27,30.86,24,E1a
MT00009,2023-04-28,31.90,24,E1a
MT00009,2023-04-29,33.29,24,E1a
MT00009,2023-04-30,25.08,24,E1a
MT00009,2023-05-01,14.29,24,E1a
MT00009,2023-05-02,9.28,24,E1a
MT00009,2023-05-03,8.75,24,E1a
MT00009,2023-05-04,17.76,24,E1a
MT00009,2023-05-05,23.35,24,E1a
MT00009,2023-05-06,22.42,24,E1a
MT00009,2023-05-07,25.26,24,E1a
MT00009,2023-05-08,25.51,24,E1a
MT00009,2023-05-09,9.69,24,E1a
MT00009,2023-05-10,18.90,24,E1a
MT00009,2023-05-11,11.65,24,E1a
MT00009,2023-05-12,23.60,24,E1a
MT00009,2023-05-13,13.41,24,E1a
MT00009,2023-05-14,17.51,24,E1a
MT00009,2023-05-15,12.29,23,E1a
MT00009,2023-05-16,9.51,24,E1a
MT00009,2023-05-17,13.16,24,E1a
MT00009,2023-05-18,25.53,24,E1a
MT00009,2023-05-19,16.00,24,E1a
MT00009,2023-05-20,18.20,24,E1a
MT00009,2023-05-21,10.47,24,E1a
MT00009,2023-05-22,20.17,24,E1a
MT00009,2023-05-23,20.87,24,E1a
MT00009,2023-05-24,19.72,24,E1a
MT00009,2023-05-25,13.74,24,E1a
MT00009,2023-05-26,19.98,24,E1a
MT00009,2023-05-27,18.30,24,E1a
MT00009,2023-05-28,16.93,24,E1a
MT00009,2023-05-29,20.14,24,E1a
MT00009,2023-05-30,20.36,24,E1a
MT00009,2023-05-31,14.34,24,E1a
MT00009,2023-06-01,22.02,24,E1a
MT00009,2023-06-02,21.64,22,E1a
MT00009,2023-06-03,20.75,24,E1a
MT00009,2023-06-04,16.72,24,E1a
MT00009,2023-06-05,15.05,24,E1a
MT00009,2023-06-06,22.44,24,E1a
MT00009,2023-06-07,17.87,24,E1a
MT00009,2023-06-08,25.27,24,E1a
MT00009,2023-06-09,29.60,24,E1a
MT00009,2023-06-10,20.19,22,E1a
MT00009,2023-06-11,14.72,24,E1a
MT00009,2023-06-12,17.23,15,E1a
MT00009,2023-06-13,18.62,17,E1a
MT00009,2023-06-14,22.59,24,E1a
MT00009,2023-06-15,10.78,24,E1a
MT00009,2023-06-16,10.50,24,E1a
MT00009,2023-06-17,15.33,24,E1a
MT00009,2023-06-18,30.49,24,E1a
MT00009,2023-06-19,31.99,24,E1a
MT00009,2023-06-20,36.61,12,E1a
MT00009,2023-06-21,,0,E1a
MT00009,2023-06-22,,0,E1a
MT00009,2023-06-23,17.75,11,E1a
MT00009,2023-06-24,14.58,24,E1a
MT00009,2023-06-25,8.97,24,E1a
MT00009,2023-06-26,20.48,24,E1a
MT00009,2023-06-27,18.61,24,E1a
MT00009,2023-06-28,14.55,24,E1a
MT00009,2023-06-29,21.11,24,E1a
MT00009,2023-06-30,33.87,24,E1a
MT00009,2023-07-01,19.03,24,E1a
MT00009,2023-07-02,8.08,24,E1a
MT00009,2023-07-03,11.76,24,E1a
MT00009,2023-07-04,13.23,24,E1a
MT00009,2023-07-05,18.96,24,E1a
MT00009,2023-07-06,26.67,24,E1a
MT00009,2023-07-07,31.13,24,E1a
MT00009,2023-07-08,37.44,24,E1a
MT00009,2023-07-09,35.68,24,E1a
MT00009,2023-07-10,27.96,24,E1a
MT00009,2023-07-11,29.05,24,E1a
MT00009,2023-07-12,29.76,23,E1a
MT00009,2023-07-13,28.09,24,E1a
MT00009,2023-07-14,26.68,24,E1a
MT00009,2023-07-15,31.92,24,E1a
MT00009,2023-07-16,37.16,24,E1a
MT00009,2023-07-17,33.58,24,E1a
MT00009,2023-07-18,45.15,24,E1a
MT00009,2023-07-19,37.50,24,E1a
MT00009,2023-07-20,24.83,24,E1a
MT00009,2023-07-21,29.66,13,E1a
MT00009,2023-07-22,41.04,24,E1a
MT00009,2023-07-23,31.09,24,E1a
MT00009,2023-07-24,39.20,24,E1a
MT00009,2023-07-25,23.46,24,E1a
MT00009,2023-07-26,11.50,24,E1a
MT00009,2023-07-27,13.60,24,E1a
MT00009,2023-07-28,34.31,24,E1a
MT00009,2023-07-29,25.60,24,E1a
MT00009,2023-07-30,20.27,24,E1a
MT00009,2023-07-31,19.11,24,E1a
MT00009,2023-08-01,17.72,24,E1a
MT00009,2023-08-02,16.57,24,E1a
MT00009,2023-08-03,20.14,24,E1a
MT00009,2023-08-04,24.60,24,E1a
MT00009,2023-08-05,7.92,24,E1a
MT00009,2023-08-06,7.40,24,E1a
MT00009,2023-08-07,9.71,24,E1a
MT00009,2023-08-08,18.12,24,E1a
MT00009,2023-08-09,25.33,24,E1a
MT00009,2023-08-10,21.82,20,E1a
MT00009,2023-08-11,30.66,22,E1a
MT00009,2023-08-12,34.71,24,E1a
MT00009,2023-08-13,33.55,24,E1a
MT00009,2023-08-14,28.79,24,E1a
MT00009,2023-08-15,22.75,24,E1a
MT00009,2023-08-16,23.18,24,E1a
MT00009,2023-08-17,18.81,24,E1a
MT00009,2023-08-18,22.99,24,E1a
MT00009,2023-08-19,24.58,24,E1a
MT00009,2023-08-20,21.25,24,E1a
MT00009,2023-08-21,25.89,24,E1a
MT00009,2023-08-22,19.82,24,E1a
MT00009,2023-08-23,21.98,23,E1a
MT00009,2023-08-24,26.32,24,E1a
MT00009,2023-08-25,26.68,24,E1a
MT00009,2023-08-26,21.76,24,E1a
MT00009,2023-08-27,34.70,24,E1a
MT00009,2023-08-28,10.48,24,E1a
MT00009,2023-08-29,11.98,24,E1a
MT00009,2023-08-30,16.31,24,E1a
MT00009,2023-08-31,31.17,22,E1a
MT00009,2023-09-01,36.49,24,E1a
MT00009,2023-09-02,33.25,24,E1a
MT00009,2023-09-03,32.48,24,E1a
MT00009,2023-09-04,24.09,24,E1a
MT00009,2023-09-05,13.65,24,E1a
MT00009,2023-09-06,6.85,23,E1a
MT00009,2023-09-07,8.16,24,E1a
MT00009,2023-09-08,7.86,24,E1a
MT00009,2023-09-09,29.52,24,E1a
MT00009,2023-09-10,33.54,24,E1a
MT00009,2023-09-11,30.51,24,E1a
MT00009,2023-09-12,26.74,24,E1a
MT00009,2023-09-13,26.84,24,E1a
MT00009,2023-09-14,24.23,24,E1a
MT00009,2023-09-15,26.72,24,E1a
MT00009,2023-09-16,26.61,24,E1a
MT00009,2023-09-17,27.24,24,E1a
MT00009,2023-09-18,25.52,24,E1a
MT00009,2023-09-19,18.15,23,E1a
MT00009,2023-09-20,34.42,24,E1a
MT00009,2023-09-21,27.22,24,E1a
MT00009,2023-09-22,19.22,23,E1a
MT00009,2023-09-23,10.65,24,E1a
MT00009,2023-09-24,7.46,24,E1a
MT00009,2023-09-25,10.19,24,E1a
MT00009,2023-09-26,10.54,24,E1a
MT00009,2023-09-27,14.68,24,E1a
MT00009,2023-09-28,27.58,24,E1a
MT00009,2023-09-29,16.40,24,E1a
MT00009,2023-09-30,27.76,24,E1a
MT00009,2023-10-01,34.75,24,E1a
MT00009,2023-10-02,35.36,24,E1a
MT00009,2023-10-03,33.76,24,E1a
MT00009,2023-10-04,26.02,24,E1a
MT00009,2023-10-05,26.12,23,E1a
MT00009,2023-10-06,32.02,24,E1a
MT00009,2023-10-07,36.41,24,E1a
MT00009,2023-10-08,25.71,24,E1a
MT00009,2023-10-09,28.74,24,E1a
MT00009,2023-10-10,37.13,24,E1a
MT00009,2023-10-11,35.61,24,E1a
MT00009,2023-10-12,30.18,24,E1a
MT00009,2023-10-13,34.26,24,E1a
MT00009,2023-10-14,27.62,24,E1a
MT00009,2023-10-15,20.02,24,E1a
MT00009,2023-10-16,19.71,24,E1a
MT00009,2023-10-17,22.28,24,E1a
MT00009,2023-10-18,34.91,24,E1a
MT00009,2023-10-19,30.82,24,E1a
MT00009,2023-10-20,21.51,23,E1a
MT00009,2023-10-21,13.93,24,E1a
MT00009,2023-10-22,25.80,24,E1a
MT00009,2023-10-23,34.10,24,E1a
MT00009,2023-10-24,31.64,24,E1a
MT00009,2023-10-25,24.52,24,E1a
MT00009,2023-10-26,10.18,20,E1a
MT00009,2023-10-27,22.20,24,E1a
MT00009,2023-10-28,20.05,24,E1a
MT00009,2023-10-29,30.94,24,E1a
MT00009,2023-10-30,23.57,24,E1a
MT00009,2023-10-31,11.56,23,E1a
MT00009,2023-11-01,24.81,24,E1a
MT00009,2023-11-02,23.01,24,E1a
MT00009,2023-11-03,20.16,24,E1a
MT00009,2023-11-04,11.98,24,E1a
MT00009,2023-11-05,16.32,24,E1a
MT00009,2023-11-06,37.52,24,E1a
MT00009,2023-11-07,27.41,24,E1a
MT00009,2023-11-08,19.54,24,E1a
MT00009,2023-11-09,25.30,24,E1a
MT00009,2023-11-10,22.90,24,E1a
MT00009,2023-11-11,11.15,24,E1a
MT00009,2023-11-12,7.35,24,E1a
MT00009,2023-11-13,7.59,24,E1a
MT00009,2023-11-14,10.34,24,E1a
MT00009,2023-11-15,9.80,24,E1a
MT00009,2023-11-16,12.41,23,E1a
MT00009,2023-11-17,9.92,18,E1a
MT00009,2023-11-18,7.16,24,E1a
MT00009,2023-11-19,8.39,24,E1a
MT00009,2023-11-20,11.58,24,E1a
MT00009,2023-11-21,19.26,24,E1a
MT00009,2023-11-22,16.81,24,E1a
MT00009,2023-11-23,32.46,24,E1a
MT00009,2023-11-24,33.50,24,E1a
MT00009,2023-11-25,4.79,24,E1a
MT00009,2023-11-26,15.73,24,E1a
MT00009,2023-11-27,22.03,24,E1a
MT00009,2023-11-28,9.98,24,E1a
MT00009,2023-11-29,13.46,24,E1a
MT00009,2023-11-30,23.14,24,E1a
MT00009,2023-12-01,18.34,24,E1a
MT00009,2023-12-02,11.79,24,E1a
MT00009,2023-12-03,6.50,24,E1a
MT00009,2023-12-04,22.00,24,E1a
MT00009,2023-12-05,14.34,24,E1a
MT00009,2023-12-06,12.15,24,E1a
MT00009,2023-12-07,10.56,24,E1a
MT00009,2023-12-08,18.59,24,E1a
MT00009,2023-12-09,10.46,24,E1a
MT00009,2023-12-10,9.53,24,E1a
MT00009,2023-12-11,11.73,22,E1a
MT00009,2023-12-12,15.82,22,E1a
MT00009,2023-12-13,10.03,24,E1a
MT00009,2023-12-14,14.17,24,E1a
MT00009,2023-12-15,13.35,24,E1a
MT00009,2023-12-16,16.97,22,E1a
MT00009,2023-12-17,6.40,24,E1a
MT00009,2023-12-18,10.31,24,E1a
MT00009,2023-12-19,21.02,24,E1a
MT00009,2023-12-20,18.57,24,E1a
MT00009,2023-12-21,15.21,24,E1a
MT00009,2023-12-22,6.62,24,E1a
MT00009,2023-12-23,7.22,24,E1a
MT00009,2023-12-24,6.10,24,E1a
MT00009,2023-12-25,7.39,24,E1a
MT00009,2023-12-26,11.91,24,E1a
MT00009,2023-12-27,25.64,24,E1a
MT00009,2023-12-28,41.30,24,E1a
MT00009,2023-12-29,48.28,24,E1a
MT00009,2023-12-30,36.88,24,E1a
MT00009,2023-12-31,30.65,24,E1a
MT00009,2024-01-01,23.15,22,E1a
MT00009,2024-01-02,20.01,22,E1a
MT00009,2024-01-03,12.00,22,E1a
MT00009,2024-01-04,17.45,22,E1a
MT00009,2024-01-05,32.77,22,E1a
MT00009,2024-01-06,8.55,22,E1a
MT00009,2024-01-07,3.37,22,E1a
MT00009,2024-01-08,6.52,22,E1a
MT00009,2024-01-09,9.69,19,E1a
MT00009,2024-01-10,31.23,21,E1a
MT00009,2024-01-11,25.96,22,E1a
MT00009,2024-01-12,22.57,22,E1a
MT00009,2024-01-13,14.73,22,E1a
MT00009,2024-01-14,14.39,22,E1a
MT00009,2024-01-15,10.77,21,E1a
MT00009,2024-01-16,10.60,22,E1a
MT00009,2024-01-17,24.17,22,E1a
MT00009,2024-01-18,21.02,21,E1a
MT00009,2024-01-19,25.61,22,E1a
MT00009,2024-01-20,11.86,22,E1a
MT00009,2024-01-21,11.73,22,E1a
MT00009,2024-01-22,18.33,22,E1a
MT00009,2024-01-23,10.27,18,E1a
MT00009,2024-01-24,9.21,22,E1a
MT00009,2024-01-25,7.82,22,E1a
MT00009,2024-01-26,26.81,20,E1a
MT00009,2024-01-27,19.70,22,E1a
MT00009,2024-01-28,21.46,22,E1a
MT00009,2024-01-29,27.84,21,E1a
MT00009,2024-01-30,21.66,22,E1a
MT00009,2024-01-31,29.55,22,E1a
MT00009,2024-02-01,20.50,21,E1a
MT00009,2024-02-02,27.11,22,E1a
MT00009,2024-02-03,24.17,22,E1a
MT00009,2024-02-04,8.95,22,E1a
MT00009,2024-02-05,8.92,22,E1a
MT00009,2024-02-06,15.96,22,E1a
MT00009,2024-02-07,13.51,20,E1a
MT00009,2024-02-08,10.07,22,E1a
MT00009,2024-02-09,25.19,22,E1a
MT00009,2024-02-10,15.70,21,E1a
MT00009,2024-02-11,9.73,22,E1a
MT00009,2024-02-12,9.11,22,E1a
MT00009,2024-02-13,11.68,22,E1a
MT00009,2024-02-14,10.27,22,E1a
MT00009,2024-02-15,26.59,22,E1a
MT00009,2024-02-16,41.07,22,E1a
MT00009,2024-02-17,33.14,22,E1a
MT00009,2024-02-18,27.60,22,E1a
MT00009,2024-02-19,11.51,21,E1a
MT00009,2024-02-20,12.52,21,E1a
MT00009,2024-02-21,13.88,22,E1a
MT00009,2024-02-22,18.45,22,E1a
MT00009,2024-02-23,21.57,20,E1a
MT00009,2024-02-24,21.41,22,E1a
MT00009,2024-02-25,5.54,22,E1a
MT00009,2024-02-26,19.27,22,E1a
MT00009,2024-02-27,23.14,22,E1a
MT00009,2024-02-28,17.64,22,E1a
MT00009,2024-02-29,34.51,22,E1a
MT00009,2024-03-01,19.44,22,E1a
MT00009,2024-03-02,12.90,22,E1a
MT00009,2024-03-03,26.65,22,E1a
MT00009,2024-03-04,7.69,22,E1a
MT00009,2024-03-05,6.82,22,E1a
MT00009,2024-03-06,10.82,22,E1a
MT00009,2024-03-07,25.33,21,E1a
MT00009,2024-03-08,26.49,21,E1a
MT00009,2024-03-09,14.67,22,E1a
MT00009,2024-03-10,9.41,20,E1a
MT00009,2024-03-11,9.28,22,E1a
MT00009,2024-03-12,7.61,21,E1a
MT00009,2024-03-13,10.24,19,E1a
MT00009,2024-03-14,27.14,22,E1a
MT00009,2024-03-15,29.87,22,E1a
MT00009,2024-03-16,13.40,22,E1a
MT00009,2024-03-17,14.92,22,E1a
MT00009,2024-03-18,17.45,22,E1a
MT00009,2024-03-19,17.90,22,E1a
MT00009,2024-03-20,25.88,22,E1a
MT00009,2024-03-21,27.74,22,E1a
MT00009,2024-03-22,24.16,21,E1a
MT00009,2024-03-23,17.98,22,E1a
MT00009,2024-03-24,9.56,22,E1a
MT00009,2024-03-25,21.63,22,E1a
MT00009,2024-03-26,19.69,22,E1a
MT00009,2024-03-27,15.30,21,E1a
MT00009,2024-03-28,24.47,20,E1a
MT00009,2024-03-29,17.44,22,E1a
MT00009,2024-03-30,11.28,22,E1a
MT00009,2024-03-31,18.54,21,E1a
MT00009,2024-04-01,30.71,22,E1a
MT00009,2024-04-02,10.18,22,E1a
MT00009,2024-04-03,25.53,22,E1a
MT00009,2024-04-04,27.33,22,E1a
MT00009,2024-04-05,32.37,22,E1a
MT00009,2024-04-06,25.96,22,E1a
MT00009,2024-04-07,17.19,22,E1a
MT00009,2024-04-08,23.42,22,E1a
MT00009,2024-04-09,24.64,22,E1a
MT00009,2024-04-10,7.58,21,E1a
MT00009,2024-04-11,10.28,22,E1a
MT00009,2024-04-12,11.84,22,E1a
MT00009,2024-04-13,12.15,22,E1a
MT00009,2024-04-14,12.29,22,E1a
MT00009,2024-04-15,17.92,22,E1a
MT00009,2024-04-16,19.83,22,E1a
MT00009,2024-04-17,6.09,22,E1a
MT00009,2024-04-18,8.57,22,E1a
MT00009,2024-04-19,7.32,22,E1a
MT00009,2024-04-20,14.41,22,E1a
MT00009,2024-04-21,13.46,22,E1a
MT00009,2024-04-22,6.90,22,E1a
MT00009,2024-04-23,7.65,17,E1a
MT00009,2024-04-24,12.44,22,E1a
MT00009,2024-04-25,11.56,22,E1a
MT00009,2024-04-26,30.48,21,E1a
MT00009,2024-04-27,12.55,22,E1a
MT00009,2024-04-28,8.62,22,E1a
MT00009,2024-04-29,14.72,22,E1a
MT00009,2024-04-30,17.15,22,E1a
MT00009,2024-05-01,13.64,22,E1a
MT00009,2024-05-02,14.90,22,E1a
MT00009,2024-05-03,11.21,22,E1a
MT00009,2024-05-04,9.64,22,E1a
MT00009,2024-05-05,23.19,22,E1a
MT00009,2024-05-06,25.45,22,E1a
MT00009,2024-05-07,22.46,20,E1a
MT00009,2024-05-08,17.31,22,E1a
MT00009,2024-05-09,8.92,15,E1a
MT00009,2024-05-10,16.23,21,E1a
MT00009,2024-05-11,18.25,22,E1a
MT00009,2024-05-12,24.13,22,E1a
MT00009,2024-05-13,24.56,22,E1a
MT00009,2024-05-14,26.10,22,E1a
MT00009,2024-05-15,19.98,22,E1a
MT00009,2024-05-16,20.34,22,E1a
MT00009,2024-05-17,29.37,22,E1a
MT00009,2024-05-18,35.55,22,E1a
MT00009,2024-05-19,16.44,22,E1a
MT00009,2024-05-20,20.24,22,E1a
MT00009,2024-05-21,9.59,22,E1a
MT00009,2024-05-22,16.12,22,E1a
MT00009,2024-05-23,32.93,19,E1a
MT00009,2024-05-24,29.40,21,E1a
MT00009,2024-05-25,19.83,22,E1a
MT00009,2024-05-26,18.84,22,E1a
MT00009,2024-05-27,23.01,22,E1a
MT00009,2024-05-28,19.20,21,E1a
MT00009,2024-05-29,15.68,22,E1a
MT00009,2024-05-30,13.94,22,E1a
MT00009,2024-05-31,20.35,22,E1a
MT00009,2024-06-01,17.38,22,E1a
MT00009,2024-06-02,11.19,22,E1a
MT00009,2024-06-03,16.45,22,E1a
MT00009,2024-06-04,13.35,17,E1a
MT00009,2024-06-05,15.71,22,E1a
MT00009,2024-06-06,20.39,22,E1a
MT00009,2024-06-07,16.38,22,E1a
MT00009,2024-06-08,26.76,22,E1a
MT00009,2024-06-09,26.07,22,E1a
MT00009,2024-06-10,27.51,21,E1a
MT00009,2024-06-11,23.40,22,E1a
MT00009,2024-06-12,19.77,22,E1a
MT00009,2024-06-13,16.03,21,E1a
MT00009,2024-06-14,19.02,22,E1a
MT00009,2024-06-15,22.07,22,E1a
MT00009,2024-06-16,12.50,22,E1a
MT00009,2024-06-17,29.40,22,E1a
MT00009,2024-06-18,31.41,22,E1a
MT00009,2024-06-19,31.28,22,E1a
MT00009,2024-06-20,37.06,22,E1a
MT00009,2024-06-21,28.32,19,E1a
MT00009,2024-06-22,17.72,22,E1a
MT00009,2024-06-23,13.70,22,E1a
MT00009,2024-06-24,21.89,22,E1a
MT00009,2024-06-25,18.74,22,E1a
MT00009,2024-06-26,10.77,22,E1a
MT00009,2024-06-27,21.19,22,E1a
MT00009,2024-06-28,27.53,22,E1a
MT00009,2024-06-29,26.00,22,E1a
MT00009,2024-06-30,30.74,22,E1a
MT00009,2024-07-01,29.61,22,E1a
MT00009,2024-07-02,7.86,22,E1a
MT00009,2024-07-03,7.36,22,E1a
MT00009,2024-07-04,7.98,21,E1a
MT00009,2024-07-05,24.99,22,E1a
MT00009,2024-07-06,22.90,22,E1a
MT00009,2024-07-07,20.11,22,E1a
MT00009,2024-07-08,18.06,22,E1a
MT00009,2024-07-09,21.46,22,E1a
MT00009,2024-07-10,24.31,21,E1a
MT00009,2024-07-11,25.07,22,E1a
MT00009,2024-07-12,35.98,22,E1a
MT00009,2024-07-13,26.88,22,E1a
MT00009,2024-07-14,25.14,22,E1a
MT00009,2024-07-15,20.44,22,E1a
MT00009,2024-07-16,15.91,22,E1a
MT00009,2024-07-17,19.40,22,E1a
MT00009,2024-07-18,33.18,19,E1a
MT00009,2024-07-19,24.03,22,E1a
MT00009,2024-07-20,16.37,22,E1a
MT00009,2024-07-21,19.08,22,E1a
MT00009,2024-07-22,39.27,3,E1a
MT00009,2024-07-23,10.89,21,E1a
MT00009,2024-07-24,15.22,22,E1a
MT00009,2024-07-25,14.19,22,E1a
MT00009,2024-07-26,23.97,20,E1a
MT00009,2024-07-27,18.78,22,E1a
MT00009,2024-07-28,16.49,22,E1a
MT00009,2024-07-29,16.75,22,E1a
MT00009,2024-07-30,21.40,21,E1a
MT00009,2024-07-31,16.53,22,E1a
MT00009,2024-08-01,20.76,22,E1a
MT00009,2024-08-02,19.45,22,E1a
MT00009,2024-08-03,18.12,22,E1a
MT00009,2024-08-04,9.76,22,E1a
MT00009,2024-08-05,19.12,22,E1a
MT00009,2024-08-06,19.03,22,E1a
MT00009,2024-08-07,20.24,22,E1a
MT00009,2024-08-08,21.47,22,E1a
MT00009,2024-08-09,23.16,22,E1a
MT00009,2024-08-10,22.34,21,E1a
MT00009,2024-08-11,18.67,22,E1a
MT00009,2024-08-12,20.10,22,E1a
MT00009,2024-08-13,20.76,22,E1a
MT00009,2024-08-14,22.20,22,E1a
MT00009,2024-08-15,22.61,22,E1a
MT00009,2024-08-16,25.19,22,E1a
MT00009,2024-08-17,22.26,22,E1a
MT00009,2024-08-18,11.71,22,E1a
MT00009,2024-08-19,10.50,22,E1a
MT00009,2024-08-20,8.11,22,E1a
MT00009,2024-08-21,12.76,22,E1a
MT00009,2024-08-22,13.84,22,E1a
MT00009,2024-08-23,20.96,22,E1a
MT00009,2024-08-24,19.40,22,E1a
MT00009,2024-08-25,10.87,22,E1a
MT00009,2024-08-26,16.76,22,E1a
MT00009,2024-08-27,18.18,21,E1a
MT00009,2024-08-28,22.96,22,E1a
MT00009,2024-08-29,24.36,18,E1a
MT00009,2024-08-30,22.51,21,E1a
MT00009,2024-08-31,17.91,22,E1a
MT00009,2024-09-01,22.06,22,E1a
MT00009,2024-09-02,24.13,22,E1a
MT00009,2024-09-03,23.18,22,E1a
MT00009,2024-09-04,23.35,21,E1a
MT00009,2024-09-05,26.38,21,E1a
MT00009,2024-09-06,21.53,22,E1a
MT00009,2024-09-07,21.07,20,E1a
MT00009,2024-09-08,17.49,22,E1a
MT00009,2024-09-09,9.16,22,E1a
MT00009,2024-09-10,10.38,19,E1a
MT00009,2024-09-11,13.44,22,E1a
MT00009,2024-09-12,14.41,20,E1a
MT00009,2024-09-13,12.49,22,E1a
MT00009,2024-09-14,10.24,22,E1a
MT00009,2024-09-15,12.14,22,E1a
MT00009,2024-09-16,12.67,22,E1a
MT00009,2024-09-17,37.35,21,E1a
MT00009,2024-09-18,34.81,22,E1a
MT00009,2024-09-19,29.33,22,E1a
MT00009,2024-09-20,28.19,22,E1a
MT00009,2024-09-21,29.77,22,E1a
MT00009,2024-09-22,34.32,22,E1a
MT00009,2024-09-23,37.24,21,E1a
MT00009,2024-09-24,20.81,22,E1a
MT00009,2024-09-25,22.62,22,E1a
MT00009,2024-09-26,22.95,22,E1a
MT00009,2024-09-27,28.77,20,E1a
MT00009,2024-09-28,13.63,22,E1a
MT00009,2024-09-29,5.48,21,E1a
MT00009,2024-09-30,18.64,22,E1a
MT00009,2024-10-01,23.97,22,E1a
MT00009,2024-10-02,26.23,21,E1a
MT00009,2024-10-03,17.31,22,E1a
MT00009,2024-10-04,8.24,22,E1a
MT00009,2024-10-05,15.61,22,E1a
MT00009,2024-10-06,14.30,22,E1a
MT00009,2024-10-07,34.97,22,E1a
MT00009,2024-10-08,27.41,22,E1a
MT00009,2024-10-09,21.66,22,E1a
MT00009,2024-10-10,24.16,21,E1a
MT00009,2024-10-11,8.44,20,E1a
MT00009,2024-10-12,27.89,22,E1a
MT00009,2024-10-13,24.41,22,E1a
MT00009,2024-10-14,24.56,22,E1a
MT00009,2024-10-15,31.69,18,E1a
MT00009,2024-10-16,37.12,24,E1a
MT00009,2024-10-17,23.59,24,E1a
MT00009,2024-10-18,25.27,24,E1a
MT00009,2024-10-19,16.54,24,E1a
MT00009,2024-10-20,20.60,24,E1a
MT00009,2024-10-21,29.93,24,E1a
MT00009,2024-10-22,14.26,24,E1a
MT00009,2024-10-23,25.63,24,E1a
MT00009,2024-10-24,33.11,24,E1a
MT00009,2024-10-25,41.18,23,E1a
MT00009,2024-10-26,25.87,24,E1a
MT00009,2024-10-27,15.20,24,E1a
MT00009,2024-10-28,19.12,23,E1a
MT00009,2024-10-29,29.76,24,E1a
MT00009,2024-10-30,32.00,24,E1a
MT00009,2024-10-31,26.62,24,E1a
MT00009,2024-11-01,21.74,24,E1a
MT00009,2024-11-02,31.76,24,E1a
MT00009,2024-11-03,30.55,24,E1a
MT00009,2024-11-04,25.68,24,E1a
MT00009,2024-11-05,33.81,24,E1a
MT00009,2024-11-06,35.24,24,E1a
MT00009,2024-11-07,34.46,24,E1a
MT00009,2024-11-08,37.70,23,E1a
MT00009,2024-11-09,26.15,24,E1a
MT00009,2024-11-10,38.50,23,E1a
MT00009,2024-11-11,43.39,24,E1a
MT00009,2024-11-12,32.00,24,E1a
MT00009,2024-11-13,24.31,24,E1a
MT00009,2024-11-14,20.82,24,E1a
MT00009,2024-11-15,11.77,24,E1a
MT00009,2024-11-16,14.40,24,E1a
MT00009,2024-11-17,14.40,24,E1a
MT00009,2024-11-18,10.74,24,E1a
MT00009,2024-11-19,15.22,24,E1a
MT00009,2024-11-20,17.05,24,E1a
MT00009,2024-11-21,7.89,24,E1a
MT00009,2024-11-22,9.49,24,E1a
MT00009,2024-11-23,5.35,24,E1a
MT00009,2024-11-24,24.54,24,E1a
MT00009,2024-11-25,39.97,24,E1a
MT00009,2024-11-26,37.46,24,E1a
MT00009,2024-11-27,29.38,24,E1a
MT00009,2024-11-28,33.91,24,E1a
MT00009,2024-11-29,12.13,24,E1a
MT00009,2024-11-30,4.83,24,E1a
MT00009,2024-12-01,5.25,24,E1a
MT00009,2024-12-02,7.94,24,E1a
MT00009,2024-12-03,12.12,23,E1a
MT00009,2024-12-04,17.28,24,E1a
MT00009,2024-12-05,6.28,24,E1a
MT00009,2024-12-06,6.30,24,E1a
MT00009,2024-12-07,8.64,24,E1a
MT00009,2024-12-08,3.91,24,E1a
MT00009,2024-12-09,12.35,24,E1a
MT00009,2024-12-10,26.03,22,E1a
MT00009,2024-12-11,36.96,24,E1a
MT00009,2024-12-12,20.99,23,E1a
MT00009,2024-12-13,11.92,24,E1a
MT00009,2024-12-14,19.94,24,E1a
MT00009,2024-12-15,5.97,24,E1a
MT00009,2024-12-16,5.11,24,E1a
MT00009,2024-12-17,19.41,22,E1a
MT00009,2024-12-18,19.80,24,E1a
MT00009,2024-12-19,7.54,19,E1a
MT00009,2024-12-20,4.12,24,E1a
MT00009,2024-12-21,3.55,24,E1a
MT00009,2024-12-22,4.69,23,E1a
MT00009,2024-12-23,4.33,24,E1a
MT00009,2024-12-24,3.86,24,E1a
MT00009,2024-12-25,3.08,24,E1a
MT00009,2024-12-26,13.14,24,E1a
MT00009,2024-12-27,10.23,23,E1a
MT00009,2024-12-28,24.84,24,E1a
MT00009,2024-12-29,35.52,24,E1a
MT00009,2024-12-30,36.97,22,E1a
MT00009,2024-12-31,42.93,22,E1a
MT00009,2025-01-01,32.78,22,E1a
MT00009,2025-01-02,27.23,22,E1a
MT00009,2025-01-03,31.96,22,E1a
MT00009,2025-01-04,12.03,22,E1a
MT00009,2025-01-05,27.00,22,E1a
MT00009,2025-01-06,33.83,22,E1a
MT00009,2025-01-07,10.98,14,E1a
MT00009,2025-01-08,8.09,22,E1a
MT00009,2025-01-09,24.58,22,E1a
MT00009,2025-01-10,7.32,21,E1a
MT00009,2025-01-11,11.48,21,E1a
MT00009,2025-01-12,6.38,21,E1a
MT00009,2025-01-13,14.00,20,E1a
MT00009,2025-01-14,5.45,21,E1a
MT00009,2025-01-15,3.07,11,E1a
MT00009,2025-01-16,24.76,15,E1a
MT00009,2025-01-17,11.47,21,E1a
MT00009,2025-01-18,30.03,22,E1a
MT00009,2025-01-19,42.48,21,E1a
MT00009,2025-01-20,32.19,21,E1a
MT00009,2025-01-21,24.79,16,E1a
MT00009,2025-01-22,38.61,21,E1a
MT00009,2025-01-23,18.29,21,E1a
MT00009,2025-01-24,18.62,20,E1a
MT00009,2025-01-25,32.97,20,E1a
MT00009,2025-01-26,16.02,20,E1a
MT00009,2025-01-27,17.39,20,E1a
MT00009,2025-01-28,13.37,21,E1a
MT00009,2025-01-29,15.16,21,E1a
MT00009,2025-01-30,23.47,16,E1a
MT00009,2025-01-31,41.75,22,E1a
MT00009,2025-02-01,16.91,21,E1a
MT00009,2025-02-02,10.94,12,E1a
MT00009,2025-02-03,15.02,11,E1a
MT00009,2025-02-04,31.35,21,E1a
MT00009,2025-02-05,40.56,23,E1a
MT00009,2025-02-06,36.34,19,E1a
MT00009,2025-02-07,25.41,21,E1a
MT00009,2025-02-08,14.15,22,E1a
MT00009,2025-02-09,19.76,22,E1a
MT00009,2025-02-10,13.42,22,E1a
MT00009,2025-02-11,23.22,22,E1a
MT00009,2025-02-12,41.52,22,E1a
MT00009,2025-02-13,39.97,22,E1a
MT00009,2025-02-14,26.03,22,E1a
MT00009,2025-02-15,7.47,22,E1a
MT00009,2025-02-16,7.89,22,E1a
MT00009,2025-02-17,26.75,22,E1a
MT00009,2025-02-18,34.35,22,E1a
MT00009,2025-02-19,37.13,22,E1a
MT00009,2025-02-20,39.04,22,E1a
MT00009,2025-02-21,31.25,20,E1a
MT00009,2025-02-22,34.87,22,E1a
MT00009,2025-02-23,39.07,22,E1a
MT00009,2025-02-24,28.94,22,E1a
MT00009,2025-02-25,21.31,21,E1a
MT00009,2025-02-26,20.85,23,E1a
MT00009,2025-02-27,7.01,20,E1a
MT00009,2025-02-28,28.61,23,E1a
MT00009,2025-03-01,18.58,22,E1a
MT00009,2025-03-02,8.47,22,E1a
MT00009,2025-03-03,14.81,22,E1a
MT00009,2025-03-04,33.30,16,E1a
MT00009,2025-03-05,21.33,22,E1a
MT00009,2025-03-06,19.69,20,E1a
MT00009,2025-03-07,30.82,22,E1a
MT00009,2025-03-08,12.50,22,E1a
MT00009,2025-03-09,25.87,22,E1a
MT00009,2025-03-10,12.73,21,E1a
MT00009,2025-03-11,27.05,23,E1a
MT00009,2025-03-12,30.67,22,E1a
MT00009,2025-03-13,28.48,21,E1a
MT00009,2025-03-14,15.69,22,E1a
MT00009,2025-03-15,23.48,21,E1a
MT00009,2025-03-16,8.08,21,E1a
MT00009,2025-03-17,28.84,21,E1a
MT00009,2025-03-18,23.36,21,E1a
MT00009,2025-03-19,12.82,21,E1a
MT00009,2025-03-20,32.46,20,E1a
MT00009,2025-03-21,31.35,21,E1a
MT00009,2025-03-22,12.08,21,E1a
MT00009,2025-03-23,12.01,21,E1a
MT00009,2025-03-24,25.07,21,E1a
MT00009,2025-03-25,24.28,21,E1a
MT00009,2025-03-26,11.83,21,E1a
MT00009,2025-03-27,6.98,21,E1a
MT00009,2025-03-28,6.88,21,E1a
MT00009,2025-03-29,6.01,21,E1a
MT00009,2025-03-30,9.22,21,E1a
MT00009,2025-03-31,9.25,21,E1a
MT00009,2025-04-01,10.48,21,E1a
MT00009,2025-04-02,21.30,21,E1a
MT00009,2025-04-03,31.30,19,E1a
MT00009,2025-04-04,31.57,21,E1a
MT00009,2025-04-05,30.22,21,E1a
MT00009,2025-04-06,13.48,21,E1a
MT00009,2025-04-07,17.45,21,E1a
MT00009,2025-04-08,24.75,21,E1a
MT00009,2025-04-09,33.93,21,E1a
MT00009,2025-04-10,20.91,21,E1a
MT00009,2025-04-11,20.79,19,E1a
MT00009,2025-04-12,29.40,21,E1a
MT00009,2025-04-13,18.11,21,E1a
MT00009,2025-04-14,19.82,21,E1a
MT00009,2025-04-15,18.17,21,E1a
MT00009,2025-04-16,18.87,21,E1a
MT00009,2025-04-17,12.03,20,E1a
MT00009,2025-04-18,18.44,21,E1a
MT00009,2025-04-19,29.70,21,E1a
MT00009,2025-04-20,24.10,21,E1a
MT00009,2025-04-21,13.02,21,E1a
MT00009,2025-04-22,13.22,21,E1a
MT00009,2025-04-23,6.71,21,E1a
MT00009,2025-04-24,7.01,21,E1a
MT00009,2025-04-25,8.73,20,E1a
MT00009,2025-04-26,17.78,21,E1a
MT00009,2025-04-27,22.15,21,E1a
MT00009,2025-04-28,19.13,21,E1a
MT00009,2025-04-29,19.89,21,E1a
MT00009,2025-04-30,23.51,20,E1a
MT00009,2025-05-01,19.72,21,E1a
MT00009,2025-05-02,29.14,21,E1a
MT00009,2025-05-03,43.05,21,E1a
MT00009,2025-05-04,30.99,21,E1a
MT00009,2025-05-05,26.98,21,E1a
MT00009,2025-05-06,19.55,21,E1a
MT00009,2025-05-07,16.35,21,E1a
MT00009,2025-05-08,29.02,21,E1a
MT00009,2025-05-09,14.86,21,E1a
MT00009,2025-05-10,26.50,21,E1a
MT00009,2025-05-11,16.97,21,E1a
MT00009,2025-05-12,8.35,21,E1a
MT00009,2025-05-13,12.31,21,E1a
MT00009,2025-05-14,24.57,22,E1a
MT00009,2025-05-15,14.76,22,E1a
MT00009,2025-05-16,8.93,20,E1a
MT00009,2025-05-17,8.53,22,E1a
MT00009,2025-05-18,15.90,22,E1a
MT00009,2025-05-19,16.62,22,E1a
MT00009,2025-05-20,34.00,22,E1a
MT00009,2025-05-21,18.03,22,E1a
MT00009,2025-05-22,23.89,22,E1a
MT00009,2025-05-23,9.88,22,E1a
MT00009,2025-05-24,12.48,22,E1a
MT00009,2025-05-25,6.26,22,E1a
MT00009,2025-05-26,13.81,3,E1a
MT00009,2025-05-27,,0,E1a
MT00009,2025-05-28,,0,E1a
MT00009,2025-05-29,10.20,13,E1a
MT00009,2025-05-30,22.00,22,E1a
MT00009,2025-05-31,32.82,22,E1a
MT00009,2025-06-01,26.19,22,E1a
MT00009,2025-06-02,23.86,22,E1a
MT00009,2025-06-03,22.99,22,E1a
MT00009,2025-06-04,27.27,22,E1a
MT00009,2025-06-05,33.16,22,E1a
MT00009,2025-06-06,42.72,22,E1a
MT00009,2025-06-07,29.08,22,E1a
MT00009,2025-06-08,23.14,22,E1a
MT00009,2025-06-09,17.52,21,E1a
MT00009,2025-06-10,20.43,21,E1a
MT00009,2025-06-11,26.05,22,E1a
MT00009,2025-06-12,32.86,22,E1a
MT00009,2025-06-13,31.29,22,E1a
MT00009,2025-06-14,34.75,22,E1a
MT00009,2025-06-15,22.46,22,E1a
MT00009,2025-06-16,22.40,22,E1a
MT00009,2025-06-17,17.91,21,E1a
MT00009,2025-06-18,18.75,22,E1a
MT00009,2025-06-19,25.03,22,E1a
MT00009,2025-06-20,21.93,22,E1a
MT00009,2025-06-21,35.08,22,E1a
MT00009,2025-06-22,35.19,22,E1a
MT00009,2025-06-23,20.61,21,E1a
MT00009,2025-06-24,23.29,20,E1a
MT00009,2025-06-25,20.48,22,E1a
MT00009,2025-06-26,24.00,22,E1a
MT00009,2025-06-27,21.52,22,E1a
MT00009,2025-06-28,23.53,22,E1a
MT00009,2025-06-29,27.53,22,E1a
MT00009,2025-06-30,23.26,22,E1a
MT00009,2025-07-01,24.87,22,E1a
MT00009,2025-07-02,25.55,22,E1a
MT00009,2025-07-03,26.09,22,E1a
MT00009,2025-07-04,21.50,22,E1a
MT00009,2025-07-05,25.30,22,E1a
MT00009,2025-07-06,15.67,22,E1a
MT00009,2025-07-07,22.43,22,E1a
MT00009,2025-07-08,23.13,22,E1a
MT00009,2025-07-09,11.92,20,E1a
MT00009,2025-07-10,11.74,18,E1a
MT00009,2025-07-11,12.79,22,E1a
MT00009,2025-07-12,28.35,22,E1a
MT00009,2025-07-13,21.27,22,E1a
MT00009,2025-07-14,13.81,22,E1a
MT00009,2025-07-15,12.28,22,E1a
MT00009,2025-07-16,16.43,22,E1a
MT00009,2025-07-17,8.81,22,E1a
MT00009,2025-07-18,10.80,22,E1a
MT00009,2025-07-19,17.36,22,E1a
MT00009,2025-07-20,19.58,22,E1a
MT00009,2025-07-21,25.92,22,E1a
MT00009,2025-07-22,19.04,22,E1a
MT00009,2025-07-23,23.02,22,E1a
MT00009,2025-07-24,33.10,22,E1a
MT00009,2025-07-25,32.24,20,E1a
MT00009,2025-07-26,15.86,22,E1a
MT00009,2025-07-27,6.00,22,E1a
MT00009,2025-07-28,7.36,22,E1a
MT00009,2025-07-29,7.66,22,E1a
MT00009,2025-07-30,10.87,22,E1a
MT00009,2025-07-31,13.21,22,E1a
MT00009,2025-08-01,25.03,22,E1a
MT00009,2025-08-02,24.82,22,E1a
MT00009,2025-08-03,11.17,22,E1a
MT00009,2025-08-04,11.23,22,E1a
MT00009,2025-08-05,12.02,22,E1a
MT00009,2025-08-06,17.07,22,E1a
MT00009,2025-08-07,20.23,20,E1a
MT00009,2025-08-08,28.56,22,E1a
MT00009,2025-08-09,25.61,22,E1a
MT00009,2025-08-10,34.50,21,E1a
MT00009,2025-08-11,30.35,22,E1a
MT00009,2025-08-12,25.44,22,E1a
MT00009,2025-08-13,26.61,21,E1a
MT00009,2025-08-14,27.81,22,E1a
MT00009,2025-08-15,19.02,22,E1a
MT00009,2025-08-16,22.28,22,E1a
MT00009,2025-08-17,25.99,22,E1a
MT00009,2025-08-18,25.85,22,E1a
MT00009,2025-08-19,24.32,22,E1a
MT00009,2025-08-20,24.46,22,E1a
MT00009,2025-08-21,19.77,5,E1a
MT00009,2025-08-22,10.32,11,E1a
MT00009,2025-08-23,9.15,22,E1a
MT00009,2025-08-24,12.35,22,E1a
MT00009,2025-08-25,19.45,22,E1a
MT00009,2025-08-26,25.09,22,E1a
MT00009,2025-08-27,17.84,22,E1a
MT00009,2025-08-28,13.56,22,E1a
MT00009,2025-08-29,17.21,22,E1a
MT00009,2025-08-30,12.78,18,E1a
MT00009,2025-08-31,12.47,22,E1a
MT00009,2025-09-01,20.90,22,E1a
MT00009,2025-09-02,11.66,22,E1a
MT00009,2025-09-03,11.02,22,E1a
MT00009,2025-09-04,25.07,20,E1a
MT00009,2025-09-05,19.56,12,E1a
MT00009,2025-09-06,23.50,19,E1a
MT00009,2025-09-07,19.93,22,E1a
MT00009,2025-09-08,19.07,22,E1a
MT00009,2025-09-09,18.72,21,E1a
MT00009,2025-09-10,14.36,21,E1a
MT00009,2025-09-11,15.76,22,E1a
MT00009,2025-09-12,10.21,22,E1a
MT00009,2025-09-13,22.24,22,E1a
MT00009,2025-09-14,14.87,22,E1a
MT00009,2025-09-15,19.11,22,E1a
MT00009,2025-09-16,20.85,22,E1a
MT00009,2025-09-17,18.87,22,E1a
MT00009,2025-09-18,18.26,19,E1a
MT00009,2025-09-19,11.30,21,E1a
MT00009,2025-09-20,16.07,22,E1a
MT00009,2025-09-21,27.46,22,E1a
MT00009,2025-09-22,30.98,22,E1a
MT00009,2025-09-23,29.70,22,E1a
MT00009,2025-09-24,21.86,22,E1a
MT00009,2025-09-25,16.85,22,E1a
MT00009,2025-09-26,37.97,22,E1a
MT00009,2025-09-27,20.87,22,E1a
MT00009,2025-09-28,6.02,22,E1a
MT00009,2025-09-29,11.82,22,E1a
MT00009,2025-09-30,22.66,22,E1a
MT00009,2025-10-01,20.50,22,E1a
MT00009,2025-10-02,6.26,22,E1a
MT00009,2025-10-03,5.13,20,E1a
MT00009,2025-10-04,15.53,22,E1a
MT00009,2025-10-05,11.36,22,E1a
MT00009,2025-10-06,4.54,22,E1a
MT00009,2025-10-07,3.78,22,E1a
MT00009,2025-10-08,7.26,22,E1a
MT00009,2025-10-09,30.17,22,E1a
MT00009,2025-10-10,36.36,21,E1a
MT00009,2025-10-11,31.44,22,E1a
MT00009,2025-10-12,26.69,22,E1a
MT00009,2025-10-13,24.75,22,E1a
MT00009,2025-10-14,23.66,21,E1a
MT00009,2025-10-15,33.17,22,E1a
MT00009,2025-10-16,25.52,22,E1a
MT00009,2025-10-17,10.52,22,E1a
MT00009,2025-10-18,23.18,22,E1a
MT00009,2025-10-19,5.82,22,E1a
MT00009,2025-10-20,18.90,22,E1a
MT00009,2025-10-21,24.68,20,E1a
MT00009,2025-10-22,19.32,22,E1a
MT00009,2025-10-23,11.36,22,E1a
MT00009,2025-10-24,8.05,22,E1a
MT00009,2025-10-25,23.98,22,E1a
MT00009,2025-10-26,9.44,22,E1a
MT00009,2025-10-27,6.08,22,E1a
MT00009,2025-10-28,13.15,20,E1a
MT00009,2025-10-29,31.40,22,E1a
MT00009,2025-10-30,28.29,22,E1a
MT00009,2025-10-31,14.06,22,E1a
MT00009,2025-11-01,14.08,22,E1a
MT00009,2025-11-02,11.71,22,E1a
MT00009,2025-11-03,13.95,22,E1a
MT00009,2025-11-04,12.53,22,E1a
MT00009,2025-11-05,28.82,22,E1a
MT00009,2025-11-06,37.47,22,E1a
MT00009,2025-11-07,17.59,22,E1a
MT00009,2025-11-08,30.60,22,E1a
MT00009,2025-11-09,10.52,22,E1a
MT00009,2025-11-10,7.51,21,E1a
MT00009,2025-11-11,16.51,22,E1a
MT00009,2025-11-12,37.45,22,E1a
MT00009,2025-11-13,38.16,22,E1a
MT00009,2025-11-14,35.59,20,E1a
MT00009,2025-11-15,29.61,22,E1a
MT00009,2025-11-16,21.40,22,E1a
MT00009,2025-11-17,17.96,22,E1a
MT00009,2025-11-18,31.01,22,E1a
MT00009,2025-11-19,12.59,22,E1a
MT00009,2025-11-20,31.02,22,E1a
MT00009,2025-11-21,10.01,22,E1a
MT00009,2025-11-22,6.44,22,E1a
MT00009,2025-11-23,6.09,22,E1a
MT00009,2025-11-24,12.55,22,E1a
MT00009,2025-11-25,8.90,22,E1a
MT00009,2025-11-26,14.91,22,E1a
MT00009,2025-11-27,10.49,22,E1a
MT00009,2025-11-28,19.02,22,E1a
MT00009,2025-11-29,9.85,22,E1a
MT00009,2025-11-30,22.33,22,E1a
MT00009,2025-12-01,43.23,22,E1a
MT00009,2025-12-02,48.37,21,E1a
MT00009,2025-12-03,20.88,21,E1a
MT00009,2025-12-04,9.47,24,E1a
MT00009,2025-12-05,10.37,24,E1a
MT00009,2025-12-06,5.09,22,E1a
MT00009,2025-12-07,5.40,22,E1a
MT00009,2025-12-08,15.60,22,E1a
MT00009,2025-12-09,34.86,22,E1a
MT00009,2025-12-10,32.60,20,E1a
MT00009,2025-12-11,42.57,22,E1a
MT00009,2025-12-12,35.05,22,E1a
MT00009,2025-12-13,29.05,22,E1a
MT00009,2025-12-14,35.80,22,E1a
MT00009,2025-12-15,30.98,22,E1a
MT00009,2025-12-16,26.39,22,E1a
MT00009,2025-12-17,29.87,21,E1a
MT00009,2025-12-18,27.43,21,E1a
MT00009,2025-12-19,26.06,22,E1a
MT00009,2025-12-20,32.14,22,E1a
MT00009,2025-12-21,26.99,22,E1a
MT00009,2025-12-22,37.21,22,E1a
MT00009,2025-12-23,18.16,22,E1a
MT00009,2025-12-24,13.02,22,E1a
MT00009,2025-12-25,13.93,22,E1a
MT00009,2025-12-26,28.03,22,E1a
MT00009,2025-12-27,10.73,21,E1a
MT00009,2025-12-28,27.46,21,E1a
MT00009,2025-12-29,35.22,22,E1a
MT00009,2025-12-30,15.11,22,E1a
MT00009,2025-12-31,16.47,22,E1a
MT00009,2026-01-01,18.07,22,E2a
MT00009,2026-01-02,11.77,22,E2a
MT00009,2026-01-03,9.62,22,E2a
MT00009,2026-01-04,15.00,22,E2a
MT00009,2026-01-05,11.05,22,E2a
MT00009,2026-01-06,15.37,22,E2a
MT00009,2026-01-07,12.11,22,E2a
MT00009,2026-01-08,3.95,22,E2a
MT00009,2026-01-09,6.81,22,E2a
MT00009,2026-01-10,3.72,21,E2a
MT00009,2026-01-11,3.89,22,E2a
MT00009,2026-01-12,12.87,22,E2a
MT00009,2026-01-13,33.79,22,E2a
MT00009,2026-01-14,38.98,22,E2a
MT00009,2026-01-15,35.30,19,E2a
MT00009,2026-01-16,32.80,20,E2a
MT00009,2026-01-17,21.31,10,E2a
MT00009,2026-01-18,20.33,22,E2a
MT00009,2026-01-19,7.03,22,E2a
MT00009,2026-01-20,4.94,22,E2a
MT00009,2026-01-21,28.57,22,E2a
MT00009,2026-01-22,18.78,22,E2a
MT00009,2026-01-23,6.66,22,E2a
MT00009,2026-01-24,15.95,22,E2a
MT00009,2026-01-25,7.22,22,E2a
MT00009,2026-01-26,6.09,22,E2a
MT00009,2026-01-27,9.22,22,E2a
MT00009,2026-01-28,11.04,22,E2a
MT00009,2026-01-29,3.82,22,E2a
MT00009,2026-01-30,8.31,22,E2a
MT00009,2026-01-31,12.74,22,E2a
MT00009,2026-02-01,3.01,22,E2a
MT00009,2026-02-02,11.98,22,E2a
MT00009,2026-02-03,18.28,22,E2a
MT00009,2026-02-04,7.18,22,E2a
MT00009,2026-02-05,11.39,21,E2a
MT00009,2026-02-06,9.68,22,E2a
MT00009,2026-02-07,11.75,22,E2a
MT00009,2026-02-08,11.56,22,E2a
MT00009,2026-02-09,10.66,21,E2a
MT00009,2026-02-10,8.39,21,E2a
MT00009,2026-02-11,8.11,22,E2a
MT00009,2026-02-12,4.97,22,E2a
MT00009,2026-02-13,9.48,22,E2a
MT00009,2026-02-14,14.39,22,E2a
MT00009,2026-02-15,2.91,22,E2a
MT00009,2026-02-16,5.97,22,E2a
MT00009,2026-02-17,3.38,22,E2a
MT00009,2026-02-18,9.89,22,E2a
MT00009,2026-02-19,14.97,22,E2a
MT00009,2026-02-20,4.80,22,E2a
MT00009,2026-02-21,5.40,22,E2a
MT00009,2026-02-22,7.15,22,E2a
MT00009,2026-02-23,13.67,21,E2a
MT00009,2026-02-24,10.17,22,E2a
MT00009,2026-02-25,23.01,21,E2a
MT00009,2026-02-26,29.21,21,E2a
MT00009,2026-02-27,25.35,20,E2a
MT00009,2026-02-28,29.71,22,E2a
MT00009,2026-03-01,30.10,22,E2a
MT00009,2026-03-02,37.00,22,E2a
MT00009,2026-03-03,27.17,22,E2a
MT00009,2026-03-04,19.26,22,E2a
MT00009,2026-03-05,20.55,22,E2a
MT00009,2026-03-06,19.26,22,E2a
MT00009,2026-03-07,14.24,22,E2a
MT00009,2026-03-08,11.65,19,E2a
MT00009,2026-03-09,13.45,22,E2a
MT00009,2026-03-10,12.93,21,E2a
MT00009,2026-03-11,19.11,22,E2a
MT00009,2026-03-12,21.68,21,E2a
MT00009,2026-03-13,16.67,22,E2a
MT00009,2026-03-14,20.22,22,E2a
MT00009,2026-03-15,13.94,22,E2a
MT00009,2026-03-16,14.31,22,E2a
MT00009,2026-03-17,5.83,22,E2a
MT00009,2026-03-18,15.32,22,E2a
MT00009,2026-03-19,9.91,22,E2a
MT00009,2026-03-20,27.81,21,E2a
MT00009,2026-03-21,29.06,20,E2a
MT00009,2026-03-22,31.15,22,E2a
MT00009,2026-03-23,26.08,22,E2a
MT00009,2026-03-24,20.15,22,E2a
MT00009,2026-03-25,8.75,22,E2a
MT00009,2026-03-26,8.32,22,E2a
MT00009,2026-03-27,6.48,21,E2a
MT00009,2026-03-28,5.28,22,E2a
MT00009,2026-03-29,15.10,22,E2a
MT00009,2026-03-30,27.31,22,E2a
MT00009,2026-03-31,4.80,22,E2a
MT00009,2026-04-01,5.56,22,E2a
MT00009,2026-04-02,4.80,22,E2a
MT00009,2026-04-03,4.16,22,E2a
MT00009,2026-04-04,20.62,22,E2a
MT00009,2026-04-05,20.23,22,E2a
MT00009,2026-04-06,16.15,22,E2a
MT00009,2026-04-07,11.74,22,E2a
MT00009,2026-04-08,20.86,22,E2a
MT00009,2026-04-09,27.61,22,E2a
MT00009,2026-04-10,22.10,21,E2a
MT00009,2026-04-11,32.91,22,E2a
MT00009,2026-04-12,13.44,22,E2a
MT00009,2026-04-13,26.54,22,E2a
MT00009,2026-04-14,16.29,22,E2a
MT00009,2026-04-15,12.15,22,E2a
MT00009,2026-04-16,25.17,22,E2a
MT00009,2026-04-17,19.61,21,E2a
MT00009,2026-04-18,17.92,21,E2a
MT00009,2026-04-19,21.88,21,E2a
MT00009,2026-04-20,21.55,21,E2a
MT00009,2026-04-21,29.40,22,E2a
MT00009,2026-04-22,25.24,18,E2a
MT00009,2026-04-23,17.21,20,E2a
MT00009,2026-04-24,24.83,21,E2a
MT00009,2026-04-25,22.79,21,E2a
MT00009,2026-04-26,21.04,21,E2a
MT00009,2026-04-27,25.94,21,E2a
MT00009,2026-04-28,27.30,21,E2a
MT00009,2026-04-29,21.99,22,E2a
MT00009,2026-04-30,21.76,21,E2a
MT00009,2026-05-01,12.56,21,E2a
MT00009,2026-05-02,18.35,22,E2a
MT00009,2026-05-03,19.84,21,E2a
MT00009,2026-05-04,29.72,21,E2a
MT00009,2026-05-05,26.87,21,E2a
MT00009,2026-05-06,21.14,21,E2a
MT00009,2026-05-07,18.87,21,E2a
MT00009,2026-05-08,19.54,21,E2a
MT00009,2026-05-09,17.46,22,E2a
MT00009,2026-05-10,13.48,20,E2a
MT00009,2026-05-11,13.24,21,E2a
MT00009,2026-05-12,17.13,22,E2a
MT00009,2026-05-13,11.46,21,E2a
MT00009,2026-05-14,10.52,21,E2a
MT00009,2026-05-15,20.23,21,E2a
MT00009,2026-05-16,9.01,22,E2a
MT00009,2026-05-17,18.52,21,E2a
MT00009,2026-05-18,22.37,20,E2a
MT00009,2026-05-19,9.64,20,E2a
MT00009,2026-05-20,11.11,21,E2a
MT00009,2026-05-21,16.51,22,E2a
MT00009,2026-05-22,20.26,21,E2a
MT00009,2026-05-23,29.00,22,E2a
MT00009,2026-05-24,24.80,22,E2a
MT00009,2026-05-25,26.95,22,E2a
MT00009,2026-05-26,26.85,22,E2a
MT00009,2026-05-27,22.87,22,E2a
MT00009,2026-05-28,18.35,22,E2a
MT00009,2026-05-29,25.71,22,E2a
MT00009,2026-05-30,30.69,22,E2a
MT00009,2026-05-31,19.24,22,E2a
MT00009,2026-06-01,12.21,22,E2a
MT00009,2026-06-02,17.26,21,E2a
MT00009,2026-06-03,23.04,21,E2a
MT00009,2026-06-04,16.66,22,E2a
MT00009,2026-06-05,19.67,22,E2a
MT00009,2026-06-06,21.66,22,E2a
MT00009,2026-06-07,15.01,22,E2a
MT00009,2026-06-08,19.76,22,E2a
MT00009,2026-06-09,21.74,21,E2a
MT00009,2026-06-10,21.08,21,E2a
MT00009,2026-06-11,11.82,22,E2a
MT00009,2026-06-12,11.52,22,E2a
MT00009,2026-06-13,23.76,22,E2a
MT00009,2026-06-14,19.90,22,E2a
MT00009,2026-06-15,20.77,22,E2a
MT00009,2026-06-16,18.74,22,E2a
MT00009,2026-06-17,26.30,22,E2a
MT00009,2026-06-18,30.46,22,E2a
MT00009,2026-06-19,28.03,22,E2a
MT00009,2026-06-20,33.10,22,E2a
MT00009,2026-06-21,24.32,22,E2a
MT00009,2026-06-22,21.87,22,E2a
MT00009,2026-06-23,19.34,22,E2a
MT00009,2026-06-24,19.52,22,E2a
MT00009,2026-06-25,20.42,22,E2a
MT00009,2026-06-26,27.11,20,E2a
MT00009,2026-06-27,24.97,22,E2a
MT00009,2026-06-28,27.65,22,E2a
MT00009,2026-06-29,27.36,22,E2a
MT00009,2026-06-30,28.28,22,E2a
MT00009,2026-07-01,15.18,22,E2a
MT00009,2026-07-02,8.80,22,E2a
MT00009,2026-07-03,10.66,21,E2a
MT00009,2026-07-04,18.86,22,E2a
MT00009,2026-07-05,19.20,22,E2a
MT00009,2026-07-06,26.46,22,E2a
MT00009,2026-07-07,18.02,22,E2a
MT00009,2026-07-08,15.64,22,E2a
MT00009,2026-07-09,20.83,22,E2a
MT00009,2026-07-10,32.48,21,E2a
MT00009,2026-07-11,24.21,22,E2a
MT00009,2026-07-12,22.62,22,E2a
MT00009,2026-07-13,19.74,22,E2a
MT00009,2026-07-14,20.98,22,E2a
MT00009,2026-07-15,14.58,22,E2a
MT00009,2026-07-16,23.72,22,E2a
MT00009,2026-07-17,32.56,21,E2a
MT00009,2026-07-18,17.18,22,E2a
MT00009,2026-07-19,35.42,22,E2a
MT00009,2026-07-20,26.89,22,E2a
MT00009,2026-07-21,40.26,22,E2a
MT00009,2026-07-22,19.87,22,E2a
MT00009,2026-07-23,27.80,22,E2a
MT00009,2026-07-24,14.72,16,E2a
MT00009,2026-07-25,35.62,23,E2a
MT00009,2026-07-26,24.20,22,E2a
MT00009,2026-07-27,24.54,24,E2a
MT00009,2026-07-28,22.80,22,E2a
MT00009,2026-07-29,13.45,21,E2a
MT00009,2026-07-30,20.25,21,E2a
MT00009,2026-07-31,30.26,23,E2a
MT00009,2026-08-01,36.32,24,E2a
MT00009,2026-08-02,20.92,22,E2a
MT00009,2026-08-03,26.74,22,E2a
MT00009,2026-08-04,31.85,22,E2a
MT00009,2026-08-05,25.14,22,E2a
MT00009,2026-08-06,16.41,22,E2a
MT00009,2026-08-07,32.85,24,E2a
MT00009,2026-08-08,24.73,22,E2a
MT00009,2026-08-09,28.35,22,E2a
MT00009,2026-08-10,28.28,21,E2a
MT00009,2026-08-11,30.63,22,E2a
MT00009,2026-08-12,34.48,22,E2a
MT00009,2026-08-13,36.62,23,E2a
MT00009,2026-08-14,33.94,21,E2a
MT00009,2026-08-15,24.50,22,E2a
MT00009,2026-08-16,23.47,23,E2a
MT00009,2026-08-17,16.13,22,E2a
MT00009,2026-08-18,11.38,22,E2a
MT00009,2026-08-19,24.30,22,E2a
MT00009,2026-08-20,33.94,22,E2a
MT00009,2026-08-21,25.28,22,E2a
MT00009,2026-08-22,12.61,22,E2a
MT00009,2026-08-23,24.38,22,E2a
MT00009,2026-08-24,31.85,22,E2a
MT00009,2026-08-25,26.02,22,E2a
MT00009,2026-08-26,25.14,22,E2a
MT00009,2026-08-27,34.41,22,E2a
MT00009,2026-08-28,23.95,20,E2a
MT00009,2026-08-29,28.83,22,E2a
MT00009,2026-08-30,24.54,22,E2a
MT00009,2026-08-31,17.16,22,E2a
MT00009,2026-09-01,24.51,22,E2a
MT00009,2026-09-02,29.09,22,E2a
MT00009,2026-09-03,30.83,22,E2a
MT00009,2026-09-04,29.49,22,E2a
MT00009,2026-09-05,31.86,22,E2a
MT00009,2026-09-06,22.91,22,E2a
MT00009,2026-09-07,33.42,22,E2a
MT00009,2026-09-08,28.11,22,E2a
MT00009,2026-09-09,26.84,22,E2a
MT00009,2026-09-10,32.53,21,E2a
MT00009,2026-09-11,28.94,20,E2a
MT00009,2026-09-12,26.93,22,E2a
MT00009,2026-09-13,-218.99,19,E2a
MT00009,2026-09-14,28.22,22,E2a
MT00009,2026-09-15,33.05,22,E2a
MT00009,2026-09-16,41.80,22,E2a
MT00009,2026-09-17,40.19,22,E2a
MT00009,2026-09-18,37.65,22,E2a
MT00009,2026-09-19,35.73,22,E2a
MT00009,2026-09-20,31.13,22,E2a
MT00009,2026-09-21,33.78,22,E2a
MT00009,2026-09-22,26.43,21,E2a
MT00009,2026-09-23,22.81,22,E2a
MT00009,2026-09-24,43.81,22,E2a
MT00009,2026-09-25,30.74,21,E2a
MT00009,2026-09-26,30.30,22,E2a
MT00009,2026-09-27,25.01,22,E2a
MT00009,2026-09-28,36.00,22,E2a
MT00009,2026-09-29,43.13,22,E2a
MT00009,2026-09-30,41.68,20,E2a
MT00009,2026-10-01,22.62,22,E2a
MT00009,2026-10-02,26.00,22,E2a
MT00009,2026-10-03,43.94,22,E2a
MT00009,2026-10-04,39.89,22,E2a
MT00009,2026-10-05,40.29,4,E2a
MT00011,2024-01-16,,0,E1a
MT00011,2024-01-17,36.16,14,E1a
MT00011,2024-01-18,43.82,22,E1a
MT00011,2024-01-19,35.65,20,E1a
MT00011,2024-01-20,26.28,24,E1a
MT00011,2024-01-21,12.91,23,E1a
MT00011,2024-01-22,26.18,23,E1a
MT00011,2024-01-23,20.73,24,E1a
MT00011,2024-01-24,20.99,24,E1a
MT00011,2024-01-25,16.02,24,E1a
MT00011,2024-01-26,42.88,23,E1a
MT00011,2024-01-27,24.62,24,E1a
MT00011,2024-01-28,13.09,24,E1a
MT00011,2024-01-29,25.24,24,E1a
MT00011,2024-01-30,18.14,14,E1a
MT00011,2024-01-31,38.04,24,E1a
MT00011,2024-02-01,33.37,1,E1a
MT00011,2024-02-02,25.16,11,E1a
MT00011,2024-02-03,26.46,24,E1a
MT00011,2024-02-04,21.62,23,E1a
MT00011,2024-02-05,17.60,24,E1a
MT00011,2024-02-06,30.46,23,E1a
MT00011,2024-02-07,22.39,21,E1a
MT00011,2024-02-08,26.21,22,E1a
MT00011,2024-02-09,32.02,24,E1a
MT00011,2024-02-10,16.57,23,E1a
MT00011,2024-02-11,20.03,24,E1a
MT00011,2024-02-12,26.36,23,E1a
MT00011,2024-02-13,20.55,24,E1a
MT00011,2024-02-14,15.28,23,E1a
MT00011,2024-02-15,38.47,23,E1a
MT00011,2024-02-16,47.30,23,E1a
MT00011,2024-02-17,34.55,23,E1a
MT00011,2024-02-18,24.47,24,E1a
MT00011,2024-02-19,29.15,23,E1a
MT00011,2024-02-20,21.93,24,E1a
MT00011,2024-02-21,17.98,24,E1a
MT00011,2024-02-22,21.69,23,E1a
MT00011,2024-02-23,29.16,24,E1a
MT00011,2024-02-24,15.30,24,E1a
MT00011,2024-02-25,5.81,23,E1a
MT00011,2024-02-26,23.40,22,E1a
MT00011,2024-02-27,21.67,24,E1a
MT00011,2024-02-28,24.55,22,E1a
MT00011,2024-02-29,35.16,24,E1a
MT00011,2024-03-01,25.31,7,E1a
MT00011,2024-03-02,18.13,19,E1a
MT00011,2024-03-03,25.22,24,E1a
MT00011,2024-03-04,14.66,24,E1a
MT00011,2024-03-05,15.17,24,E1a
MT00011,2024-03-06,19.74,24,E1a
MT00011,2024-03-07,36.18,22,E1a
MT00011,2024-03-08,35.15,23,E1a
MT00011,2024-03-09,12.55,24,E1a
MT00011,2024-03-10,8.27,23,E1a
MT00011,2024-03-11,18.09,24,E1a
MT00011,2024-03-12,16.98,24,E1a
MT00011,2024-03-13,20.05,24,E1a
MT00011,2024-03-14,34.77,24,E1a
MT00011,2024-03-15,33.62,24,E1a
MT00011,2024-03-16,22.93,24,E1a
MT00011,2024-03-17,14.36,24,E1a
MT00011,2024-03-18,19.21,15,E1a
MT00011,2024-03-19,11.52,7,E1a
MT00011,2024-03-20,21.29,21,E1a
MT00011,2024-03-21,28.38,21,E1a
MT00011,2024-03-22,23.73,24,E1a
MT00011,2024-03-23,14.28,24,E1a
MT00011,2024-03-24,12.45,24,E1a
MT00011,2024-03-25,21.59,24,E1a
MT00011,2024-03-26,22.59,24,E1a
MT00011,2024-03-27,22.62,24,E1a
MT00011,2024-03-28,22.05,24,E1a
MT00011,2024-03-29,13.49,24,E1a
MT00011,2024-03-30,9.43,24,E1a
MT00011,2024-03-31,12.76,24,E1a
MT00011,2024-04-01,29.95,24,E1a
MT00011,2024-04-02,10.85,24,E1a
MT00011,2024-04-03,29.82,24,E1a
MT00011,2024-04-04,23.01,24,E1a
MT00011,2024-04-05,38.81,19,E1a
MT00011,2024-04-06,29.85,23,E1a
MT00011,2024-04-07,17.18,24,E1a
MT00011,2024-04-08,21.23,24,E1a
MT00011,2024-04-09,14.93,24,E1a
MT00011,2024-04-10,7.68,23,E1a
MT00011,2024-04-11,10.40,24,E1a
MT00011,2024-04-12,9.65,22,E1a
MT00011,2024-04-13,10.68,24,E1a
MT00011,2024-04-14,8.74,24,E1a
MT00011,2024-04-15,17.47,24,E1a
MT00011,2024-04-16,18.49,24,E1a
MT00011,2024-04-17,8.93,24,E1a
MT00011,2024-04-18,12.52,24,E1a
MT00011,2024-04-19,10.78,24,E1a
MT00011,2024-04-20,11.85,24,E1a
MT00011,2024-04-21,11.26,24,E1a
MT00011,2024-04-22,7.79,22,E1a
MT00011,2024-04-23,9.54,24,E1a
MT00011,2024-04-24,13.32,24,E1a
MT00011,2024-04-25,17.29,24,E1a
MT00011,2024-04-26,23.39,24,E1a
MT00011,2024-04-27,8.34,24,E1a
MT00011,2024-04-28,5.25,24,E1a
MT00011,2024-04-29,11.08,24,E1a
MT00011,2024-04-30,19.24,24,E1a
MT00011,2024-05-01,16.01,24,E1a
MT00011,2024-05-02,12.92,23,E1a
MT00011,2024-05-03,13.26,24,E1a
MT00011,2024-05-04,10.52,24,E1a
MT00011,2024-05-05,16.66,24,E1a
MT00011,2024-05-06,20.87,24,E1a
MT00011,2024-05-07,18.67,24,E1a
MT00011,2024-05-08,22.76,24,E1a
MT00011,2024-05-09,12.52,24,E1a
MT00011,2024-05-10,18.24,23,E1a
MT00011,2024-05-11,14.03,24,E1a
MT00011,2024-05-12,16.15,24,E1a
MT00011,2024-05-13,17.62,24,E1a
MT00011,2024-05-14,22.00,24,E1a
MT00011,2024-05-15,20.91,24,E1a
MT00011,2024-05-16,24.25,21,E1a
MT00011,2024-05-17,39.92,24,E1a
MT00011,2024-05-18,37.42,24,E1a
MT00011,2024-05-19,13.59,19,E1a
MT00011,2024-05-20,19.03,18,E1a
MT00011,2024-05-21,8.93,24,E1a
MT00011,2024-05-22,14.45,24,E1a
MT00011,2024-05-23,29.58,24,E1a
MT00011,2024-05-24,21.34,24,E1a
MT00011,2024-05-25,12.44,23,E1a
MT00011,2024-05-26,11.26,24,E1a
MT00011,2024-05-27,18.32,24,E1a
MT00011,2024-05-28,12.56,24,E1a
MT00011,2024-05-29,14.18,24,E1a
MT00011,2024-05-30,11.76,24,E1a
MT00011,2024-05-31,18.17,20,E1a
MT00011,2024-06-01,13.51,24,E1a
MT00011,2024-06-02,6.59,24,E1a
MT00011,2024-06-03,10.85,24,E1a
MT00011,2024-06-04,13.76,24,E1a
MT00011,2024-06-05,12.42,24,E1a
MT00011,2024-06-06,20.93,24,E1a
MT00011,2024-06-07,17.82,22,E1a
MT00011,2024-06-08,24.03,24,E1a
MT00011,2024-06-09,13.70,24,E1a
MT00011,2024-06-10,18.52,23,E1a
MT00011,2024-06-11,16.92,24,E1a
MT00011,2024-06-12,19.02,23,E1a
MT00011,2024-06-13,9.67,21,E1a
MT00011,2024-06-14,11.08,24,E1a
MT00011,2024-06-15,11.86,24,E1a
MT00011,2024-06-16,9.33,23,E1a
MT00011,2024-06-17,20.96,24,E1a
MT00011,2024-06-18,26.48,24,E1a
MT00011,2024-06-19,22.98,24,E1a
MT00011,2024-06-20,28.30,24,E1a
MT00011,2024-06-21,30.47,22,E1a
MT00011,2024-06-22,10.49,24,E1a
MT00011,2024-06-23,6.97,24,E1a
MT00011,2024-06-24,24.93,24,E1a
MT00011,2024-06-25,12.25,24,E1a
MT00011,2024-06-26,8.35,24,E1a
MT00011,2024-06-27,17.40,24,E1a
MT00011,2024-06-28,23.57,22,E1a
MT00011,2024-06-29,15.53,24,E1a
MT00011,2024-06-30,26.82,24,E1a
MT00011,2024-07-01,26.48,24,E1a
MT00011,2024-07-02,8.08,24,E1a
MT00011,2024-07-03,8.31,24,E1a
MT00011,2024-07-04,8.41,24,E1a
MT00011,2024-07-05,13.55,24,E1a
MT00011,2024-07-06,15.06,24,E1a
MT00011,2024-07-07,11.46,24,E1a
MT00011,2024-07-08,15.80,24,E1a
MT00011,2024-07-09,18.98,24,E1a
MT00011,2024-07-10,18.77,23,E1a
MT00011,2024-07-11,19.57,24,E1a
MT00011,2024-07-12,34.55,23,E1a
MT00011,2024-07-13,28.62,24,E1a
MT00011,2024-07-14,24.88,24,E1a
MT00011,2024-07-15,28.11,24,E1a
MT00011,2024-07-16,26.82,20,E1a
MT00011,2024-07-17,16.56,24,E1a
MT00011,2024-07-18,21.21,24,E1a
MT00011,2024-07-19,23.72,24,E1a
MT00011,2024-07-20,14.73,24,E1a
MT00011,2024-07-21,10.92,24,E1a
MT00011,2024-07-22,20.78,24,E1a
MT00011,2024-07-23,7.75,24,E1a
MT00011,2024-07-24,13.89,24,E1a
MT00011,2024-07-25,9.94,24,E1a
MT00011,2024-07-26,14.21,24,E1a
MT00011,2024-07-27,11.37,24,E1a
MT00011,2024-07-28,10.66,24,E1a
MT00011,2024-07-29,15.17,24,E1a
MT00011,2024-07-30,19.01,24,E1a
MT00011,2024-07-31,12.82,24,E1a
MT00011,2024-08-01,17.40,24,E1a
MT00011,2024-08-02,18.11,24,E1a
MT00011,2024-08-03,15.95,24,E1a
MT00011,2024-08-04,6.48,24,E1a
MT00011,2024-08-05,13.25,24,E1a
MT00011,2024-08-06,11.79,24,E1a
MT00011,2024-08-07,13.29,24,E1a
MT00011,2024-08-08,16.76,24,E1a
MT00011,2024-08-09,14.90,20,E1a
MT00011,2024-08-10,14.81,21,E1a
MT00011,2024-08-11,10.99,24,E1a
MT00011,2024-08-12,17.75,9,E1a
MT00011,2024-08-13,23.72,14,E1a
MT00011,2024-08-14,22.35,22,E1a
MT00011,2024-08-15,19.43,23,E1a
MT00011,2024-08-16,21.33,24,E1a
MT00011,2024-08-17,22.22,24,E1a
MT00011,2024-08-18,9.75,24,E1a
MT00011,2024-08-19,12.30,24,E1a
MT00011,2024-08-20,12.90,24,E1a
MT00011,2024-08-21,12.92,22,E1a
MT00011,2024-08-22,13.87,24,E1a
MT00011,2024-08-23,20.85,23,E1a
MT00011,2024-08-24,16.09,24,E1a
MT00011,2024-08-25,10.48,24,E1a
MT00011,2024-08-26,20.61,24,E1a
MT00011,2024-08-27,20.89,24,E1a
MT00011,2024-08-28,23.29,24,E1a
MT00011,2024-08-29,23.87,24,E1a
MT00011,2024-08-30,27.44,23,E1a
MT00011,2024-08-31,13.38,16,E1a
MT00011,2024-09-01,11.34,24,E1a
MT00011,2024-09-02,18.72,24,E1a
MT00011,2024-09-03,17.14,24,E1a
MT00011,2024-09-04,14.46,23,E1a
MT00011,2024-09-05,19.84,24,E1a
MT00011,2024-09-06,19.02,20,E1a
MT00011,2024-09-07,25.70,24,E1a
MT00011,2024-09-08,18.35,24,E1a
MT00011,2024-09-09,11.77,24,E1a
MT00011,2024-09-10,12.97,23,E1a
MT00011,2024-09-11,16.22,24,E1a
MT00011,2024-09-12,20.39,24,E1a
MT00011,2024-09-13,18.07,24,E1a
MT00011,2024-09-14,10.93,24,E1a
MT00011,2024-09-15,11.67,24,E1a
MT00011,2024-09-16,19.09,24,E1a
MT00011,2024-09-17,44.80,8,E1a
MT00011,2024-09-18,,0,E1a
MT00011,2024-09-19,44.08,13,E1a
MT00011,2024-09-20,32.43,6,E1a
MT00011,2024-09-21,28.62,12,E1a
MT00011,2024-09-22,41.81,24,E1a
MT00011,2024-09-23,54.11,24,E1a
MT00011,2024-09-24,29.82,24,E1a
MT00011,2024-09-25,30.87,24,E1a
MT00011,2024-09-26,28.22,24,E1a
MT00011,2024-09-27,28.82,24,E1a
MT00011,2024-09-28,20.60,24,E1a
MT00011,2024-09-29,5.49,24,E1a
MT00011,2024-09-30,19.68,24,E1a
MT00011,2024-10-01,33.71,24,E1a
MT00011,2024-10-02,37.15,23,E1a
MT00011,2024-10-03,24.38,23,E1a
MT00011,2024-10-04,14.66,24,E1a
MT00011,2024-10-05,18.91,24,E1a
MT00011,2024-10-06,21.14,24,E1a
MT00011,2024-10-07,44.31,24,E1a
MT00011,2024-10-08,66.02,7,E1a
MT00011,2024-10-09,32.31,18,E1a
MT00011,2024-10-10,31.59,23,E1a
MT00011,2024-10-11,13.52,24,E1a
MT00011,2024-10-12,29.35,24,E1a
MT00011,2024-10-13,31.63,24,E1a
MT00011,2024-10-14,32.57,24,E1a
MT00011,2024-10-15,42.50,24,E1a
MT00011,2024-10-16,39.36,24,E1a
MT00011,2024-10-17,39.53,24,E1a
MT00011,2024-10-18,28.81,23,E1a
MT00011,2024-10-19,24.59,24,E1a
MT00011,2024-10-20,27.01,24,E1a
MT00011,2024-10-21,39.86,24,E1a
MT00011,2024-10-22,19.66,23,E1a
MT00011,2024-10-23,35.01,23,E1a
MT00011,2024-10-24,50.68,23,E1a
MT00011,2024-10-25,45.85,23,E1a
MT00011,2024-10-26,35.22,23,E1a
MT00011,2024-10-27,30.51,23,E1a
MT00011,2024-10-28,31.74,21,E1a
MT00011,2024-10-29,36.64,24,E1a
MT00011,2024-10-30,45.40,24,E1a
MT00011,2024-10-31,33.52,24,E1a
MT00011,2024-11-01,24.24,24,E1a
MT00011,2024-11-02,42.75,24,E1a
MT00011,2024-11-03,41.36,24,E1a
MT00011,2024-11-04,47.15,24,E1a
MT00011,2024-11-05,58.20,24,E1a
MT00011,2024-11-06,57.93,24,E1a
MT00011,2024-11-07,48.41,24,E1a
MT00011,2024-11-08,58.12,24,E1a
MT00011,2024-11-09,36.12,24,E1a
MT00011,2024-11-10,48.33,23,E1a
MT00011,2024-11-11,67.92,24,E1a
MT00011,2024-11-12,58.37,24,E1a
MT00011,2024-11-13,56.52,24,E1a
MT00011,2024-11-14,50.91,24,E1a
MT00011,2024-11-15,29.51,23,E1a
MT00011,2024-11-16,29.62,24,E1a
MT00011,2024-11-17,41.44,24,E1a
MT00011,2024-11-18,33.94,24,E1a
MT00011,2024-11-19,44.98,24,E1a
MT00011,2024-11-20,40.70,24,E1a
MT00011,2024-11-21,28.09,24,E1a
MT00011,2024-11-22,29.01,24,E1a
MT00011,2024-11-23,9.70,24,E1a
MT00011,2024-11-24,22.00,24,E1a
MT00011,2024-11-25,55.86,24,E1a
MT00011,2024-11-26,58.83,24,E1a
MT00011,2024-11-27,65.83,24,E1a
MT00011,2024-11-28,60.23,24,E1a
MT00011,2024-11-29,44.10,24,E1a
MT00011,2024-11-30,14.14,24,E1a
MT00011,2024-12-01,10.08,24,E1a
MT00011,2024-12-02,19.73,24,E1a
MT00011,2024-12-03,37.29,24,E1a
MT00011,2024-12-04,37.32,23,E1a
MT00011,2024-12-05,17.60,20,E1a
MT00011,2024-12-06,18.62,24,E1a
MT00011,2024-12-07,32.21,24,E1a
MT00011,2024-12-08,13.49,24,E1a
MT00011,2024-12-09,43.66,24,E1a
MT00011,2024-12-10,58.29,23,E1a
MT00011,2024-12-11,62.58,24,E1a
MT00011,2024-12-12,22.16,22,E1a
MT00011,2024-12-13,13.24,24,E1a
MT00011,2024-12-14,29.93,24,E1a
MT00011,2024-12-15,16.99,24,E1a
MT00011,2024-12-16,10.54,24,E1a
MT00011,2024-12-17,34.50,24,E1a
MT00011,2024-12-18,44.69,24,E1a
MT00011,2024-12-19,43.67,24,E1a
MT00011,2024-12-20,24.58,24,E1a
MT00011,2024-12-21,16.49,24,E1a
MT00011,2024-12-22,18.18,24,E1a
MT00011,2024-12-23,12.80,24,E1a
MT00011,2024-12-24,7.27,22,E1a
MT00011,2024-12-25,5.74,22,E1a
MT00011,2024-12-26,15.18,24,E1a
MT00011,2024-12-27,10.66,24,E1a
MT00011,2024-12-28,29.57,24,E1a
MT00011,2024-12-29,38.56,24,E1a
MT00011,2024-12-30,48.51,24,E1a
MT00011,2024-12-31,48.79,24,E1a
MT00011,2025-01-01,29.18,24,E1a
MT00011,2025-01-02,26.54,24,E1a
MT00011,2025-01-03,32.95,24,E1a
MT00011,2025-01-04,32.28,24,E1a
MT00011,2025-01-05,30.35,24,E1a
MT00011,2025-01-06,41.54,24,E1a
MT00011,2025-01-07,23.24,22,E1a
MT00011,2025-01-08,19.40,23,E1a
MT00011,2025-01-09,33.71,24,E1a
MT00011,2025-01-10,17.40,23,E1a
MT00011,2025-01-11,21.07,23,E1a
MT00011,2025-01-12,14.62,23,E1a
MT00011,2025-01-13,24.11,21,E1a
MT00011,2025-01-14,10.63,23,E1a
MT00011,2025-01-15,19.14,23,E1a
MT00011,2025-01-16,31.47,23,E1a
MT00011,2025-01-17,12.46,24,E1a
MT00011,2025-01-18,19.43,23,E1a
MT00011,2025-01-19,37.70,23,E1a
MT00011,2025-01-20,42.28,22,E1a
MT00011,2025-01-21,47.44,8,E1a
MT00011,2025-01-22,40.85,15,E1a
MT00011,2025-01-23,35.88,23,E1a
MT00011,2025-01-24,31.00,23,E1a
MT00011,2025-01-25,34.61,23,E1a
MT00011,2025-01-26,27.11,23,E1a
MT00011,2025-01-27,30.71,23,E1a
MT00011,2025-01-28,24.11,24,E1a
MT00011,2025-01-29,23.03,24,E1a
MT00011,2025-01-30,37.23,24,E1a
MT00011,2025-01-31,33.38,22,E1a
MT00011,2025-02-01,16.67,24,E1a
MT00011,2025-02-02,17.95,24,E1a
MT00011,2025-02-03,35.12,24,E1a
MT00011,2025-02-04,43.86,21,E1a
MT00011,2025-02-05,39.63,22,E1a
MT00011,2025-02-06,30.72,24,E1a
MT00011,2025-02-07,20.21,24,E1a
MT00011,2025-02-08,10.72,24,E1a
MT00011,2025-02-09,20.49,24,E1a
MT00011,2025-02-10,12.98,23,E1a
MT00011,2025-02-11,20.66,24,E1a
MT00011,2025-02-12,40.31,24,E1a
MT00011,2025-02-13,43.45,24,E1a
MT00011,2025-02-14,31.48,24,E1a
MT00011,2025-02-15,15.07,24,E1a
MT00011,2025-02-16,9.78,24,E1a
MT00011,2025-02-17,34.37,22,E1a
MT00011,2025-02-18,50.81,22,E1a
MT00011,2025-02-19,41.42,23,E1a
MT00011,2025-02-20,31.69,24,E1a
MT00011,2025-02-21,32.57,24,E1a
MT00011,2025-02-22,30.71,24,E1a
MT00011,2025-02-23,38.90,24,E1a
MT00011,2025-02-24,34.49,24,E1a
MT00011,2025-02-25,36.29,24,E1a
MT00011,2025-02-26,28.34,24,E1a
MT00011,2025-02-27,19.13,24,E1a
MT00011,2025-02-28,28.24,24,E1a
MT00011,2025-03-01,19.64,24,E1a
MT00011,2025-03-02,10.39,24,E1a
MT00011,2025-03-03,15.54,24,E1a
MT00011,2025-03-04,24.52,21,E1a
MT00011,2025-03-05,19.17,22,E1a
MT00011,2025-03-06,17.57,24,E1a
MT00011,2025-03-07,32.97,24,E1a
MT00011,2025-03-08,20.67,24,E1a
MT00011,2025-03-09,24.79,24,E1a
MT00011,2025-03-10,21.47,23,E1a
MT00011,2025-03-11,24.16,23,E1a
MT00011,2025-03-12,34.49,24,E1a
MT00011,2025-03-13,33.16,24,E1a
MT00011,2025-03-14,16.83,24,E1a
MT00011,2025-03-15,26.63,24,E1a
MT00011,2025-03-16,8.10,24,E1a
MT00011,2025-03-17,29.05,23,E1a
MT00011,2025-03-18,23.93,24,E1a
MT00011,2025-03-19,9.99,24,E1a
MT00011,2025-03-20,28.73,21,E1a
MT00011,2025-03-21,34.39,24,E1a
MT00011,2025-03-22,13.63,24,E1a
MT00011,2025-03-23,15.07,24,E1a
MT00011,2025-03-24,30.98,24,E1a
MT00011,2025-03-25,23.70,20,E1a
MT00011,2025-03-26,14.38,21,E1a
MT00011,2025-03-27,15.99,24,E1a
MT00011,2025-03-28,14.52,24,E1a
MT00011,2025-03-29,12.70,24,E1a
MT00011,2025-03-30,11.70,24,E1a
MT00011,2025-03-31,8.03,24,E1a
MT00011,2025-04-01,22.13,24,E1a
MT00011,2025-04-02,23.35,24,E1a
MT00011,2025-04-03,27.68,24,E1a
MT00011,2025-04-04,33.20,24,E1a
MT00011,2025-04-05,27.68,24,E1a
MT00011,2025-04-06,19.26,24,E1a
MT00011,2025-04-07,11.38,11,E1a
MT00011,2025-04-08,27.58,24,E1a
MT00011,2025-04-09,27.17,22,E1a
MT00011,2025-04-10,18.34,20,E1a
MT00011,2025-04-11,14.31,24,E1a
MT00011,2025-04-12,22.91,24,E1a
MT00011,2025-04-13,15.53,24,E1a
MT00011,2025-04-14,24.32,24,E1a
MT00011,2025-04-15,20.60,24,E1a
MT00011,2025-04-16,22.22,24,E1a
MT00011,2025-04-17,15.68,22,E1a
MT00011,2025-04-18,14.33,22,E1a
MT00011,2025-04-19,25.86,24,E1a
MT00011,2025-04-20,20.76,24,E1a
MT00011,2025-04-21,15.34,24,E1a
MT00011,2025-04-22,12.81,24,E1a
MT00011,2025-04-23,9.65,24,E1a
MT00011,2025-04-24,9.89,24,E1a
MT00011,2025-04-25,10.93,22,E1a
MT00011,2025-04-26,9.58,16,E1a
MT00011,2025-04-27,14.08,18,E1a
MT00011,2025-04-28,10.81,10,E1a
MT00011,2025-04-29,12.73,24,E1a
MT00011,2025-04-30,22.55,24,E1a
MT00011,2025-05-01,13.58,24,E1a
MT00011,2025-05-02,23.30,22,E1a
MT00011,2025-05-03,33.43,24,E1a
MT00011,2025-05-04,20.96,23,E1a
MT00011,2025-05-05,23.53,21,E1a
MT00011,2025-05-06,14.11,15,E1a
MT00011,2025-05-07,15.98,24,E1a
MT00011,2025-05-08,30.87,22,E1a
MT00011,2025-05-09,13.11,22,E1a
MT00011,2025-05-10,11.84,23,E1a
MT00011,2025-05-11,10.31,24,E1a
MT00011,2025-05-12,9.28,24,E1a
MT00011,2025-05-13,12.05,24,E1a
MT00011,2025-05-14,22.83,24,E1a
MT00011,2025-05-15,22.83,24,E1a
MT00011,2025-05-16,14.39,24,E1a
MT00011,2025-05-17,15.05,24,E1a
MT00011,2025-05-18,13.99,24,E1a
MT00011,2025-05-19,16.18,24,E1a
MT00011,2025-05-20,29.95,24,E1a
MT00011,2025-05-21,22.82,24,E1a
MT00011,2025-05-22,22.13,24,E1a
MT00011,2025-05-23,11.87,21,E1a
MT00011,2025-05-24,12.00,24,E1a
MT00011,2025-05-25,6.06,24,E1a
MT00011,2025-05-26,11.76,24,E1a
MT00011,2025-05-27,15.20,24,E1a
MT00011,2025-05-28,13.63,24,E1a
MT00011,2025-05-29,13.02,24,E1a
MT00011,2025-05-30,19.02,24,E1a
MT00011,2025-05-31,29.07,24,E1a
MT00011,2025-06-01,22.93,24,E1a
MT00011,2025-06-02,24.83,24,E1a
MT00011,2025-06-03,24.61,24,E1a
MT00011,2025-06-04,24.02,24,E1a
MT00011,2025-06-05,30.81,24,E1a
MT00011,2025-06-06,39.23,24,E1a
MT00011,2025-06-07,35.05,24,E1a
MT00011,2025-06-08,35.18,23,E1a
MT00011,2025-06-09,24.75,24,E1a
MT00011,2025-06-10,16.76,23,E1a
MT00011,2025-06-11,21.38,24,E1a
MT00011,2025-06-12,22.41,21,E1a
MT00011,2025-06-13,28.78,24,E1a
MT00011,2025-06-14,25.84,24,E1a
MT00011,2025-06-15,21.90,24,E1a
MT00011,2025-06-16,23.26,24,E1a
MT00011,2025-06-17,22.17,22,E1a
MT00011,2025-06-18,14.64,24,E1a
MT00011,2025-06-19,15.64,22,E1a
MT00011,2025-06-20,15.09,21,E1a
MT00011,2025-06-21,14.57,24,E1a
MT00011,2025-06-22,18.92,24,E1a
MT00011,2025-06-23,12.97,24,E1a
MT00011,2025-06-24,16.42,24,E1a
MT00011,2025-06-25,17.48,24,E1a
MT00011,2025-06-26,20.68,24,E1a
MT00011,2025-06-27,15.03,23,E1a
MT00011,2025-06-28,23.56,24,E1a
MT00011,2025-06-29,17.84,24,E1a
MT00011,2025-06-30,17.25,24,E1a
MT00011,2025-07-01,17.10,24,E1a
MT00011,2025-07-02,17.58,24,E1a
MT00011,2025-07-03,22.87,24,E1a
MT00011,2025-07-04,21.77,24,E1a
MT00011,2025-07-05,17.26,24,E1a
MT00011,2025-07-06,19.29,24,E1a
MT00011,2025-07-07,23.69,24,E1a
MT00011,2025-07-08,20.09,19,E1a
MT00011,2025-07-09,12.38,24,E1a
MT00011,2025-07-10,13.51,23,E1a
MT00011,2025-07-11,16.12,23,E1a
MT00011,2025-07-12,12.43,24,E1a
MT00011,2025-07-13,13.35,24,E1a
MT00011,2025-07-14,18.09,24,E1a
MT00011,2025-07-15,16.26,24,E1a
MT00011,2025-07-16,18.80,24,E1a
MT00011,2025-07-17,11.92,22,E1a
MT00011,2025-07-18,12.52,24,E1a
MT00011,2025-07-19,13.16,24,E1a
MT00011,2025-07-20,9.55,24,E1a
MT00011,2025-07-21,23.11,24,E1a
MT00011,2025-07-22,32.56,19,E1a
MT00011,2025-07-23,17.66,24,E1a
MT00011,2025-07-24,33.67,23,E1a
MT00011,2025-07-25,40.55,24,E1a
MT00011,2025-07-26,19.35,24,E1a
MT00011,2025-07-27,6.18,24,E1a
MT00011,2025-07-28,11.50,24,E1a
MT00011,2025-07-29,12.81,24,E1a
MT00011,2025-07-30,13.83,24,E1a
MT00011,2025-07-31,12.03,24,E1a
MT00011,2025-08-01,20.51,24,E1a
MT00011,2025-08-02,25.88,24,E1a
MT00011,2025-08-03,11.72,24,E1a
MT00011,2025-08-04,14.38,19,E1a
MT00011,2025-08-05,15.24,23,E1a
MT00011,2025-08-06,18.19,24,E1a
MT00011,2025-08-07,23.58,24,E1a
MT00011,2025-08-08,25.46,24,E1a
MT00011,2025-08-09,20.55,24,E1a
MT00011,2025-08-10,24.93,23,E1a
MT00011,2025-08-11,32.16,24,E1a
MT00011,2025-08-12,26.45,24,E1a
MT00011,2025-08-13,25.07,24,E1a
MT00011,2025-08-14,24.44,24,E1a
MT00011,2025-08-15,18.12,24,E1a
MT00011,2025-08-16,22.09,24,E1a
MT00011,2025-08-17,22.22,24,E1a
MT00011,2025-08-18,19.67,24,E1a
MT00011,2025-08-19,19.67,24,E1a
MT00011,2025-08-20,16.67,21,E1a
MT00011,2025-08-21,18.22,23,E1a
MT00011,2025-08-22,13.90,23,E1a
MT00011,2025-08-23,14.29,24,E1a
MT00011,2025-08-24,12.10,24,E1a
MT00011,2025-08-25,18.74,24,E1a
MT00011,2025-08-26,32.09,24,E1a
MT00011,2025-08-27,23.24,24,E1a
MT00011,2025-08-28,21.89,22,E1a
MT00011,2025-08-29,23.25,24,E1a
MT00011,2025-08-30,17.16,24,E1a
MT00011,2025-08-31,9.59,24,E1a
MT00011,2025-09-01,24.13,24,E1a
MT00011,2025-09-02,17.65,23,E1a
MT00011,2025-09-03,12.37,23,E1a
MT00011,2025-09-04,26.82,24,E1a
MT00011,2025-09-05,25.32,24,E1a
MT00011,2025-09-06,27.35,24,E1a
MT00011,2025-09-07,19.36,24,E1a
MT00011,2025-09-08,23.09,24,E1a
MT00011,2025-09-09,27.71,16,E1a
MT00011,2025-09-10,17.91,22,E1a
MT00011,2025-09-11,20.64,24,E1a
MT00011,2025-09-12,16.26,22,E1a
MT00011,2025-09-13,18.83,24,E1a
MT00011,2025-09-14,17.59,24,E1a
MT00011,2025-09-15,23.25,24,E1a
MT00011,2025-09-16,31.40,24,E1a
MT00011,2025-09-17,20.22,24,E1a
MT00011,2025-09-18,23.07,24,E1a
MT00011,2025-09-19,18.39,24,E1a
MT00011,2025-09-20,18.54,24,E1a
MT00011,2025-09-21,31.70,24,E1a
MT00011,2025-09-22,40.12,23,E1a
MT00011,2025-09-23,33.62,24,E1a
MT00011,2025-09-24,26.83,24,E1a
MT00011,2025-09-25,23.82,24,E1a
MT00011,2025-09-26,45.89,23,E1a
MT00011,2025-09-27,34.83,24,E1a
MT00011,2025-09-28,10.36,24,E1a
MT00011,2025-09-29,19.99,24,E1a
MT00011,2025-09-30,37.22,24,E1a
MT00011,2025-10-01,40.38,24,E1a
MT00011,2025-10-02,16.29,24,E1a
MT00011,2025-10-03,10.84,24,E1a
MT00011,2025-10-04,29.04,24,E1a
MT00011,2025-10-05,30.96,24,E1a
MT00011,2025-10-06,12.11,24,E1a
MT00011,2025-10-07,9.52,24,E1a
MT00011,2025-10-08,16.05,22,E1a
MT00011,2025-10-09,45.67,24,E1a
MT00011,2025-10-10,49.06,22,E1a
MT00011,2025-10-11,41.24,24,E1a
MT00011,2025-10-12,41.19,24,E1a
MT00011,2025-10-13,56.29,24,E1a
MT00011,2025-10-14,44.09,24,E1a
MT00011,2025-10-15,49.42,24,E1a
MT00011,2025-10-16,48.40,24,E1a
MT00011,2025-10-17,30.76,24,E1a
MT00011,2025-10-18,32.85,24,E1a
MT00011,2025-10-19,10.03,24,E1a
MT00011,2025-10-20,37.56,24,E1a
MT00011,2025-10-21,34.54,24,E1a
MT00011,2025-10-22,39.42,24,E1a
MT00011,2025-10-23,29.37,14,E1a
MT00011,2025-10-24,18.71,23,E1a
MT00011,2025-10-25,32.95,23,E1a
MT00011,2025-10-26,26.89,23,E1a
MT00011,2025-10-27,15.07,23,E1a
MT00011,2025-10-28,22.78,23,E1a
MT00011,2025-10-29,37.93,22,E1a
MT00011,2025-10-30,34.45,22,E1a
MT00011,2025-10-31,24.27,16,E1a
MT00011,2025-11-01,15.34,24,E1a
MT00011,2025-11-02,16.25,24,E1a
MT00011,2025-11-03,29.33,24,E1a
MT00011,2025-11-04,19.69,24,E1a
MT00011,2025-11-05,43.08,24,E1a
MT00011,2025-11-06,47.35,24,E1a
MT00011,2025-11-07,39.12,23,E1a
MT00011,2025-11-08,44.81,24,E1a
MT00011,2025-11-09,25.15,24,E1a
MT00011,2025-11-10,24.35,23,E1a
MT00011,2025-11-11,35.06,24,E1a
MT00011,2025-11-12,51.60,24,E1a
MT00011,2025-11-13,57.81,24,E1a
MT00011,2025-11-14,59.29,24,E1a
MT00011,2025-11-15,54.80,24,E1a
MT00011,2025-11-16,32.06,24,E1a
MT00011,2025-11-17,38.46,24,E1a
MT00011,2025-11-18,46.11,24,E1a
MT00011,2025-11-19,24.19,24,E1a
MT00011,2025-11-20,38.58,24,E1a
MT00011,2025-11-21,36.97,23,E1a
MT00011,2025-11-22,21.11,24,E1a
MT00011,2025-11-23,18.19,24,E1a
MT00011,2025-11-24,30.74,24,E1a
MT00011,2025-11-25,19.59,24,E1a
MT00011,2025-11-26,34.47,24,E1a
MT00011,2025-11-27,35.46,24,E1a
MT00011,2025-11-28,38.69,24,E1a
MT00011,2025-11-29,34.23,24,E1a
MT00011,2025-11-30,53.99,24,E1a
MT00011,2025-12-01,68.21,24,E1a
MT00011,2025-12-02,60.64,23,E1a
MT00011,2025-12-03,45.54,23,E1a
MT00011,2025-12-04,38.75,24,E1a
MT00011,2025-12-05,37.74,24,E1a
MT00011,2025-12-06,11.18,24,E1a
MT00011,2025-12-07,14.44,24,E1a
MT00011,2025-12-08,25.58,24,E1a
MT00011,2025-12-09,48.15,24,E1a
MT00011,2025-12-10,56.73,23,E1a
MT00011,2025-12-11,62.32,22,E1a
MT00011,2025-12-12,63.08,24,E1a
MT00011,2025-12-13,41.12,22,E1a
MT00011,2025-12-14,53.96,22,E1a
MT00011,2025-12-15,35.55,24,E1a
MT00011,2025-12-16,36.28,24,E1a
MT00011,2025-12-17,41.17,24,E1a
MT00011,2025-12-18,38.24,22,E1a
MT00011,2025-12-19,27.63,22,E1a
MT00011,2025-12-20,39.23,23,E1a
MT00011,2025-12-21,42.86,24,E1a
MT00011,2025-12-22,61.11,23,E1a
MT00011,2025-12-23,41.01,24,E1a
MT00011,2025-12-24,31.53,23,E1a
MT00011,2025-12-25,28.13,24,E1a
MT00011,2025-12-26,36.69,24,E1a
MT00011,2025-12-27,13.27,22,E1a
MT00011,2025-12-28,43.56,22,E1a
MT00011,2025-12-29,43.35,24,E1a
MT00011,2025-12-30,36.71,24,E1a
MT00011,2025-12-31,39.56,24,E1a
MT00011,2026-01-01,23.05,24,E2a
MT00011,2026-01-02,27.85,24,E2a
MT00011,2026-01-03,12.17,24,E2a
MT00011,2026-01-04,25.34,24,E2a
MT00011,2026-01-05,23.32,24,E2a
MT00011,2026-01-06,42.81,24,E2a
MT00011,2026-01-07,29.77,24,E2a
MT00011,2026-01-08,15.35,24,E2a
MT00011,2026-01-09,28.40,23,E2a
MT00011,2026-01-10,13.47,23,E2a
MT00011,2026-01-11,8.11,24,E2a
MT00011,2026-01-12,29.63,24,E2a
MT00011,2026-01-13,60.81,24,E2a
MT00011,2026-01-14,57.15,9,E2a
MT00011,2026-01-15,41.34,21,E2a
MT00011,2026-01-16,43.69,24,E2a
MT00011,2026-01-17,46.15,24,E2a
MT00011,2026-01-18,43.38,24,E2a
MT00011,2026-01-19,17.64,23,E2a
MT00011,2026-01-20,10.83,24,E2a
MT00011,2026-01-21,52.89,24,E2a
MT00011,2026-01-22,46.78,24,E2a
MT00011,2026-01-23,26.87,24,E2a
MT00011,2026-01-24,27.16,24,E2a
MT00011,2026-01-25,15.85,24,E2a
MT00011,2026-01-26,21.89,24,E2a
MT00011,2026-01-27,26.64,24,E2a
MT00011,2026-01-28,25.22,24,E2a
MT00011,2026-01-29,16.37,24,E2a
MT00011,2026-01-30,26.61,24,E2a
MT00011,2026-01-31,24.28,24,E2a
MT00011,2026-02-01,8.43,24,E2a
MT00011,2026-02-02,35.85,24,E2a
MT00011,2026-02-03,32.58,24,E2a
MT00011,2026-02-04,20.14,24,E2a
MT00011,2026-02-05,26.04,21,E2a
MT00011,2026-02-06,18.86,24,E2a
MT00011,2026-02-07,28.17,24,E2a
MT00011,2026-02-08,16.40,24,E2a
MT00011,2026-02-09,26.73,23,E2a
MT00011,2026-02-10,19.86,23,E2a
MT00011,2026-02-11,21.34,24,E2a
MT00011,2026-02-12,14.10,24,E2a
MT00011,2026-02-13,24.80,24,E2a
MT00011,2026-02-14,33.73,24,E2a
MT00011,2026-02-15,9.80,24,E2a
MT00011,2026-02-16,18.69,24,E2a
MT00011,2026-02-17,11.97,24,E2a
MT00011,2026-02-18,25.71,24,E2a
MT00011,2026-02-19,26.46,24,E2a
MT00011,2026-02-20,15.90,23,E2a
MT00011,2026-02-21,11.50,24,E2a
MT00011,2026-02-22,11.72,24,E2a
MT00011,2026-02-23,37.48,23,E2a
MT00011,2026-02-24,32.81,18,E2a
MT00011,2026-02-25,32.05,24,E2a
MT00011,2026-02-26,43.55,23,E2a
MT00011,2026-02-27,39.85,24,E2a
MT00011,2026-02-28,37.65,24,E2a
MT00011,2026-03-01,38.35,24,E2a
MT00011,2026-03-02,45.55,24,E2a
MT00011,2026-03-03,37.89,24,E2a
MT00011,2026-03-04,38.82,24,E2a
MT00011,2026-03-05,36.07,23,E2a
MT00011,2026-03-06,31.94,24,E2a
MT00011,2026-03-07,21.15,24,E2a
MT00011,2026-03-08,16.04,24,E2a
MT00011,2026-03-09,20.51,24,E2a
MT00011,2026-03-10,18.04,23,E2a
MT00011,2026-03-11,26.44,17,E2a
MT00011,2026-03-12,23.78,14,E2a
MT00011,2026-03-13,36.56,19,E2a
MT00011,2026-03-14,31.46,24,E2a
MT00011,2026-03-15,25.30,24,E2a
MT00011,2026-03-16,30.64,24,E2a
MT00011,2026-03-17,19.46,24,E2a
MT00011,2026-03-18,26.45,24,E2a
MT00011,2026-03-19,23.88,24,E2a
MT00011,2026-03-20,44.56,24,E2a
MT00011,2026-03-21,43.81,24,E2a
MT00011,2026-03-22,39.47,24,E2a
MT00011,2026-03-23,41.19,24,E2a
MT00011,2026-03-24,36.98,24,E2a
MT00011,2026-03-25,22.88,24,E2a
MT00011,2026-03-26,29.36,24,E2a
MT00011,2026-03-27,25.51,24,E2a
MT00011,2026-03-28,17.13,24,E2a
MT00011,2026-03-29,26.49,24,E2a
MT00011,2026-03-30,52.23,24,E2a
MT00011,2026-03-31,24.60,24,E2a
MT00011,2026-04-01,28.62,24,E2a
MT00011,2026-04-02,20.08,22,E2a
MT00011,2026-04-03,19.53,23,E2a
MT00011,2026-04-04,32.00,24,E2a
MT00011,2026-04-05,35.17,24,E2a
MT00011,2026-04-06,39.16,24,E2a
MT00011,2026-04-07,36.30,24,E2a
MT00011,2026-04-08,44.24,24,E2a
MT00011,2026-04-09,44.00,22,E2a
MT00011,2026-04-10,36.01,23,E2a
MT00011,2026-04-11,48.75,24,E2a
MT00011,2026-04-12,21.42,24,E2a
MT00011,2026-04-13,33.55,24,E2a
MT00011,2026-04-14,19.06,24,E2a
MT00011,2026-04-15,18.95,24,E2a
MT00011,2026-04-16,28.70,23,E2a
MT00011,2026-04-17,17.90,5,E2a
MT00011,2026-04-18,,0,E2a
MT00011,2026-04-19,17.97,20,E2a
MT00011,2026-04-20,18.28,23,E2a
MT00011,2026-04-21,30.91,24,E2a
MT00011,2026-04-22,32.00,23,E2a
MT00011,2026-04-23,15.55,24,E2a
MT00011,2026-04-24,20.37,23,E2a
MT00011,2026-04-25,27.61,23,E2a
MT00011,2026-04-26,19.16,23,E2a
MT00011,2026-04-27,33.89,23,E2a
MT00011,2026-04-28,33.86,23,E2a
MT00011,2026-04-29,28.71,24,E2a
MT00011,2026-04-30,22.08,22,E2a
MT00011,2026-05-01,10.62,23,E2a
MT00011,2026-05-02,14.94,24,E2a
MT00011,2026-05-03,18.50,23,E2a
MT00011,2026-05-04,30.62,23,E2a
MT00011,2026-05-05,24.16,23,E2a
MT00011,2026-05-06,20.50,16,E2a
MT00011,2026-05-07,31.24,23,E2a
MT00011,2026-05-08,30.71,23,E2a
MT00011,2026-05-09,18.07,24,E2a
MT00011,2026-05-10,11.57,22,E2a
MT00011,2026-05-11,22.64,23,E2a
MT00011,2026-05-12,27.34,24,E2a
MT00011,2026-05-13,18.52,21,E2a
MT00011,2026-05-14,18.94,21,E2a
MT00011,2026-05-15,26.17,23,E2a
MT00011,2026-05-16,12.78,24,E2a
MT00011,2026-05-17,14.81,23,E2a
MT00011,2026-05-18,25.41,23,E2a
MT00011,2026-05-19,15.65,23,E2a
MT00011,2026-05-20,13.72,23,E2a
MT00011,2026-05-21,17.11,24,E2a
MT00011,2026-05-22,22.49,24,E2a
MT00011,2026-05-23,35.92,23,E2a
MT00011,2026-05-24,27.43,23,E2a
MT00011,2026-05-25,21.54,23,E2a
MT00011,2026-05-26,22.38,23,E2a
MT00011,2026-05-27,32.01,23,E2a
MT00011,2026-05-28,24.37,22,E2a
MT00011,2026-05-29,25.52,23,E2a
MT00011,2026-05-30,17.71,23,E2a
MT00011,2026-05-31,14.91,23,E2a
MT00011,2026-06-01,19.00,23,E2a
MT00011,2026-06-02,16.69,23,E2a
MT00011,2026-06-03,24.22,23,E2a
MT00011,2026-06-04,16.57,24,E2a
MT00011,2026-06-05,15.68,24,E2a
MT00011,2026-06-06,15.72,24,E2a
MT00011,2026-06-07,15.40,24,E2a
MT00011,2026-06-08,15.27,24,E2a
MT00011,2026-06-09,18.03,23,E2a
MT00011,2026-06-10,21.26,23,E2a
MT00011,2026-06-11,22.83,24,E2a
MT00011,2026-06-12,11.42,22,E2a
MT00011,2026-06-13,16.83,24,E2a
MT00011,2026-06-14,11.55,24,E2a
MT00011,2026-06-15,19.83,24,E2a
MT00011,2026-06-16,17.65,24,E2a
MT00011,2026-06-17,20.37,24,E2a
MT00011,2026-06-18,23.61,24,E2a
MT00011,2026-06-19,22.49,24,E2a
MT00011,2026-06-20,23.12,24,E2a
MT00011,2026-06-21,24.57,24,E2a
MT00011,2026-06-22,23.46,24,E2a
MT00011,2026-06-23,24.19,24,E2a
MT00011,2026-06-24,19.57,24,E2a
MT00011,2026-06-25,15.07,24,E2a
MT00011,2026-06-26,16.55,24,E2a
MT00011,2026-06-27,18.56,24,E2a
MT00011,2026-06-28,15.17,24,E2a
MT00011,2026-06-29,18.53,24,E2a
MT00011,2026-06-30,15.04,24,E2a
MT00011,2026-07-01,15.35,24,E2a
MT00011,2026-07-02,13.74,24,E2a
MT00011,2026-07-03,14.99,24,E2a
MT00011,2026-07-04,14.29,24,E2a
MT00011,2026-07-05,15.48,24,E2a
MT00011,2026-07-06,18.53,24,E2a
MT00011,2026-07-07,23.67,24,E2a
MT00011,2026-07-08,20.86,24,E2a
MT00011,2026-07-09,16.53,22,E2a
MT00011,2026-07-10,29.72,21,E2a
MT00011,2026-07-11,16.19,24,E2a
MT00011,2026-07-12,14.94,24,E2a
MT00011,2026-07-13,14.88,24,E2a
MT00011,2026-07-14,17.31,24,E2a
MT00011,2026-07-15,23.05,24,E2a
MT00011,2026-07-16,20.90,24,E2a
MT00011,2026-07-17,41.52,24,E2a
MT00011,2026-07-18,24.64,24,E2a
MT00011,2026-07-19,37.75,24,E2a
MT00011,2026-07-20,41.47,24,E2a
MT00011,2026-07-21,51.48,24,E2a
MT00011,2026-07-22,41.25,24,E2a
MT00011,2026-07-23,23.20,24,E2a
MT00011,2026-07-24,19.15,9,E2a
MT00011,2026-07-25,15.67,11,E2a
MT00011,2026-07-26,13.70,24,E2a
MT00011,2026-07-27,23.01,23,E2a
MT00011,2026-07-28,20.76,24,E2a
MT00011,2026-07-29,14.80,24,E2a
MT00011,2026-07-30,17.97,23,E2a
MT00011,2026-07-31,27.05,24,E2a
MT00011,2026-08-01,28.80,24,E2a
MT00011,2026-08-02,19.92,24,E2a
MT00011,2026-08-03,25.30,24,E2a
MT00011,2026-08-04,28.68,24,E2a
MT00011,2026-08-05,21.48,24,E2a
MT00011,2026-08-06,17.59,24,E2a
MT00011,2026-08-07,19.68,24,E2a
MT00011,2026-08-08,15.38,24,E2a
MT00011,2026-08-09,18.30,24,E2a
MT00011,2026-08-10,17.13,12,E2a
MT00011,2026-08-11,21.00,3,E2a
MT00011,2026-08-12,25.06,20,E2a
MT00011,2026-08-13,22.97,23,E2a
MT00011,2026-08-14,18.25,23,E2a
MT00011,2026-08-15,14.30,23,E2a
MT00011,2026-08-16,11.99,23,E2a
MT00011,2026-08-17,17.42,23,E2a
MT00011,2026-08-18,16.52,23,E2a
MT00011,2026-08-19,18.31,23,E2a
MT00011,2026-08-20,23.16,23,E2a
MT00011,2026-08-21,22.53,23,E2a
MT00011,2026-08-22,14.02,24,E2a
MT00011,2026-08-23,16.49,24,E2a
MT00011,2026-08-24,19.77,24,E2a
MT00011,2026-08-25,22.86,24,E2a
MT00011,2026-08-26,24.52,24,E2a
MT00011,2026-08-27,25.13,14,E2a
MT00011,2026-08-28,34.80,24,E2a
MT00011,2026-08-29,33.94,23,E2a
MT00011,2026-08-30,28.33,24,E2a
MT00011,2026-08-31,17.39,24,E2a
MT00011,2026-09-01,16.89,23,E2a
MT00011,2026-09-02,22.58,23,E2a
MT00011,2026-09-03,27.28,23,E2a
MT00011,2026-09-04,30.93,1,E2a
MT00011,2026-09-05,,0,E2a
MT00011,2026-09-06,33.11,4,E2a
MT00011,2026-09-07,29.89,19,E2a
MT00011,2026-09-08,27.92,24,E2a
MT00011,2026-09-09,25.81,17,E2a
MT00011,2026-09-10,35.76,14,E2a
MT00011,2026-09-11,39.37,5,E2a
MT00011,2026-09-12,22.32,19,E2a
MT00011,2026-09-13,30.25,24,E2a
MT00011,2026-09-14,34.35,17,E2a
MT00011,2026-09-15,35.30,17,E2a
MT00011,2026-09-16,51.38,6,E2a
MT00011,2026-09-17,39.01,20,E2a
MT00011,2026-09-18,74.94,1,E2a
MT00011,2026-09-19,51.62,4,E2a
MT00011,2026-09-20,31.31,20,E2a
MT00011,2026-09-21,33.84,24,E2a
MT00011,2026-09-22,29.95,16,E2a
MT00011,2026-09-23,26.04,11,E2a
MT00011,2026-09-24,52.23,19,E2a
MT00011,2026-09-25,55.33,11,E2a
MT00011,2026-09-26,29.65,19,E2a
MT00011,2026-09-27,18.97,24,E2a
MT00011,2026-09-28,40.27,23,E2a
MT00011,2026-09-29,63.44,5,E2a
MT00011,2026-09-30,47.37,3,E2a
MT00011,2026-10-01,24.93,16,E2a
MT00011,2026-10-02,32.94,21,E2a
MT00011,2026-10-03,52.67,23,E2a
MT00011,2026-10-04,49.52,24,E2a
MT00011,2026-10-05,49.95,6,E2a
