date,MT00002,MT00003,MT00004,MT00005,MT00007,MT00008,MT00009,MT00011
2004-07-01,0.0,,,,,,,
2004-07-02,0.0,,,,,,,
2004-07-03,0.0,,,,,,,
2004-07-04,0.0,,,,,,,
2004-07-05,0.0,,,,,,,
2004-07-06,0.0,,,,,,,
2004-07-07,0.0,,,,,,,
2004-07-08,0.0,,,,,,,
2004-07-09,0.0,,,,,,,
2004-07-10,0.0,46.1,,,,,,
2004-07-11,0.0,39.3,,,,,,
2004-07-12,0.0,37.2,,,,,,
2004-07-13,0.0,,,,,,,
2004-07-14,0.0,21.6,,,,,,
2004-07-15,0.0,16.6,,,,,,
2004-07-16,0.0,18.4,,,,,,
2004-07-17,0.0,,,,,,,
2004-07-18,0.0,,,,,,,
2004-07-19,1.9,18.1,,,,,,
2004-07-20,2.2,17.2,,,,,,
2004-07-21,2.9,26.0,,,,,,
2004-07-22,2.6,21.4,,,,,,
2004-07-23,3.6,30.2,,,,,,
2004-07-24,2.9,28.8,,,,,,
2004-07-25,3.4,34.6,,,,,,
2004-07-26,3.2,,,,,,,
2004-07-27,3.4,,,,,,,
2004-07-28,3.5,24.1,,,,,,
2004-07-29,3.5,,,,,,,
2004-07-30,3.6,,,,,,,
2004-07-31,3.3,19.6,,,,,,
2004-08-04,,12.6,,,,,,
2004-08-06,,14.3,,,,,,
2004-08-07,,10.5,,,,,,
2004-08-08,,12.8,,,,,,
2004-08-09,,13.2,,,,,,
2004-08-10,,21.5,,,,,,
2004-08-11,,19.9,,,,,,
2004-08-13,,25.2,,,,,,
2004-08-14,,28.0,,,,,,
2004-08-15,,16.6,,,,,,
2004-08-16,,14.9,,,,,,
2004-08-17,,10.8,,,,,,
2004-08-21,,28.2,,,,,,
2004-08-22,,13.3,,,,,,
2004-08-23,,20.4,,,,,,
2004-08-24,,19.6,,,,,,
2004-08-26,,21.8,,,,,,
2004-08-28,,15.0,,,,,,
2004-08-29,,11.9,,,,,,
2004-08-30,,14.0,,,,,,
2004-08-31,,15.7,,,,,,
2004-09-01,2.9,19.6,,,,,,
2004-09-02,3.0,17.0,,,,,,
2004-09-03,3.0,,,,,,,
2004-09-04,2.6,13.4,,,,,,
2004-09-05,2.7,21.2,,,,,,
2004-09-06,2.9,18.5,,,,,,
2004-09-07,3.0,12.9,,,,,,
2004-09-08,2.8,11.6,,,,,,
2004-09-09,3.0,21.0,,,,,,
2004-09-10,2.8,26.4,,,,,,
2004-09-11,3.0,17.9,,,,,,
2004-09-12,2.5,15.1,,,,,,
2004-09-13,2.7,,,,,,,
2004-09-14,,16.4,,,,,,
2004-09-15,,16.3,,,,,,
2004-09-16,27.4,27.0,,,,,,
2004-09-17,33.5,26.3,,,,,,
2004-09-18,34.2,,,,,,,
2004-09-19,30.6,,,,,,,
2004-09-20,36.5,,,,,,,
2004-09-21,31.7,,,,,,,
2004-09-22,38.9,,,,,,,
2004-09-23,42.9,,,,,,,
2004-09-24,51.1,,,,,,,
2004-09-25,31.7,,,,,,,
2004-09-26,19.7,,,,,,,
2004-09-27,43.0,,,,,,,
2004-09-28,52.5,,,,,,,
2004-09-29,31.4,,,,,,,
2004-09-30,40.5,,,,,,,
2004-10-01,52.0,,,,,,,
2004-10-02,40.5,,,,,,,
2004-10-03,33.0,,,,,,,
2004-10-04,50.5,,,,,,,
2004-10-05,52.2,,,,,,,
2004-10-06,61.0,,,,,,,
2004-10-07,63.6,27.1,,,,,,
2004-10-08,52.5,26.1,,,,,,
2004-10-09,57.5,20.7,,,,,,
2004-10-10,50.2,20.5,,,,,,
2004-10-11,45.7,25.5,,,,,,
2004-10-12,39.5,19.5,,,,,,
2004-10-13,44.5,17.8,,,,,,
2004-10-14,31.5,17.5,,,,,,
2004-10-15,,9.5,,,,,,
2004-10-16,45.0,20.4,,,,,,
2004-10-17,40.2,20.4,,,,,,
2004-10-18,48.3,,,,,,,
2004-10-19,57.0,,,,,,,
2004-10-20,79.7,43.1,,,,,,
2004-10-21,47.9,,,,,,,
2004-10-22,71.5,30.0,,,,,,
2004-10-23,61.2,27.2,,,,,,
2004-10-24,56.2,27.8,,,,,,
2004-10-25,52.0,,,,,,,
2004-10-26,67.6,,,,,,,
2004-10-27,72.7,,,,,,,
2004-10-28,67.0,,,,,,,
2004-10-29,48.1,27.3,,,,,,
2004-10-30,71.4,43.6,,,,,,
2004-10-31,64.0,,,,,,,
2004-11-01,55.2,27.5,,,,,,
2004-11-02,66.2,36.9,,,,,,
2004-11-03,26.9,,,,,,,
2004-11-04,40.4,,,,,,,
2004-11-05,34.8,,,,,,,
2004-11-06,43.8,19.2,,,,,,
2004-11-07,38.9,17.4,,,,,,
2004-11-08,32.6,20.3,,,,,,
2004-11-09,45.1,23.2,,,,,,
2004-11-10,76.2,20.6,,,,,,
2004-11-11,61.2,18.5,,,,,,
2004-11-12,90.6,30.9,,,,,,
2004-11-14,75.7,,,,,,,
2004-11-15,22.0,21.9,,,,,,
2004-11-16,21.0,15.1,,,,,,
2004-11-17,28.4,,,,,,,
2004-11-18,38.9,21.3,,,,,,
2004-11-19,28.2,22.6,,,,,,
2004-11-20,37.4,24.8,,,,,,
2004-11-21,25.5,17.1,,,,,,
2004-11-22,19.4,9.6,,,,,,
2004-11-23,44.8,17.0,,,,,,
2004-11-24,36.9,20.0,,,,,,
2004-11-25,28.6,15.2,,,,,,
2004-11-26,43.2,15.0,,,,,,
2004-11-27,46.4,,,,,,,
2004-11-28,41.7,,,,,,,
2004-11-29,59.3,22.3,,,,,,
2004-11-30,50.1,28.3,,,,,,
2004-12-01,127.3,80.1,,,,,,
2004-12-02,55.1,35.6,,,,,,
2004-12-03,45.3,25.9,,,,,,
2004-12-04,34.5,19.8,,,,,,
2004-12-05,31.9,20.1,,,,,,
2004-12-06,34.5,21.5,,,,,,
2004-12-07,44.8,28.1,,,,,,
2004-12-08,54.4,33.8,,,,,,
2004-12-09,87.4,52.7,,,,,,
2004-12-10,65.5,27.4,,,,,,
2004-12-11,37.2,18.9,,,,,,
2004-12-12,57.3,30.5,,,,,,
2004-12-13,41.5,18.6,,,,,,
2004-12-14,36.2,16.4,,,,,,
2004-12-15,59.5,29.9,,,,,,
2004-12-16,27.5,16.7,,,,,,
2004-12-17,34.3,20.4,,,,,,
2004-12-18,32.9,22.2,,,,,,
2004-12-19,30.3,20.3,,,,,,
2004-12-20,39.3,19.1,,,,,,
2004-12-21,31.4,20.3,,,,,,
2004-12-22,25.1,9.3,,,,,,
2004-12-23,,11.8,,,,,,
2004-12-24,,11.5,,,,,,
2004-12-25,,14.5,,,,,,
2004-12-26,,40.2,,,,,,
2004-12-27,,118.8,,,,,,
2004-12-28,,19.2,,,,,,
2004-12-29,,8.0,,,,,,
2004-12-30,,11.1,,,,,,
2004-12-31,26.3,8.6,,,,,,
2005-01-01,28.9,,,,,,,
2005-01-02,29.3,14.6,,,,,,
2005-01-03,40.1,,,,,,,
2005-01-04,40.9,29.0,,,,,,
2005-01-05,35.3,21.6,,,,,,
2005-01-06,36.5,19.0,,,,,,
2005-01-07,75.2,44.2,,,,,,
2005-01-08,72.3,36.2,,,,,,
2005-01-09,50.9,22.3,,,,,,
2005-01-10,73.4,40.0,,,,,,
2005-01-11,81.3,45.2,,,,,,
2005-01-12,72.0,44.2,,,,,,
2005-01-13,49.6,34.1,,,,,,
2005-01-14,34.3,17.1,,,,,,
2005-01-15,31.8,17.3,,,,,,
2005-01-16,23.5,12.6,,,,,,
2005-01-17,46.7,27.7,,,,,,
2005-01-18,44.0,23.3,,,,,,
2005-01-19,30.8,17.9,,,,,,
2005-01-20,35.2,10.9,,,,,,
2005-01-21,55.1,,,,,,,
2005-01-22,53.2,,,,,,,
2005-01-23,42.1,,,,,,,
2005-01-24,56.3,27.8,,,,,,
2005-01-25,50.9,36.6,,,,,,
2005-01-26,27.9,11.5,,,,,,
2005-01-27,58.2,26.1,,,,,,
2005-01-28,52.4,25.8,,,,,,
2005-01-29,26.7,15.6,,,,,,
2005-01-30,25.8,,,,,,,
2005-01-31,29.0,21.2,,,,,,
2005-02-01,60.7,27.6,,,,,,
2005-02-02,23.2,17.3,,,,,,
2005-02-03,26.5,17.8,,,,,,
2005-02-04,27.6,23.2,,,,,,
2005-02-05,40.4,21.1,,,,,,
2005-02-06,36.5,17.7,,,,,,
2005-02-07,24.7,,,,,,,
2005-02-08,29.7,13.8,,,,,,
2005-02-09,43.7,30.0,,,,,,
2005-02-10,36.7,26.1,,,,,,
2005-02-11,40.2,29.1,,,,,,
2005-02-12,43.4,37.0,,,,,,
2005-02-13,34.3,32.7,,,,,,
2005-02-14,63.4,32.8,,,,,,
2005-02-15,28.7,26.5,,,,,,
2005-02-16,36.7,23.9,,,,,,
2005-02-17,49.6,,,,,,,
2005-02-18,35.8,19.1,,,,,,
2005-02-19,27.9,16.4,,,,,,
2005-02-20,31.9,,,,,,,
2005-02-21,59.5,29.8,,,,,,
2005-02-22,63.8,39.8,,,,,,
2005-02-23,72.4,44.5,,,,,,
2005-02-24,93.4,57.7,,,,,,
2005-02-25,117.0,87.2,,,,,,
2005-02-26,77.2,72.1,,,,,,
2005-02-27,26.6,23.3,,,,,,
2005-02-28,29.5,13.4,,,,,,
2005-03-01,31.9,10.9,,,,,,
2005-03-02,32.2,20.1,,,,,,
2005-03-03,50.5,27.8,,,,,,
2005-03-04,150.2,67.9,,,,,,
2005-03-05,166.8,164.9,,,,,,
2005-03-06,38.3,,,,,,,
2005-03-07,34.0,26.2,,,,,,
2005-03-08,31.9,25.8,,,,,,
2005-03-09,30.3,22.7,,,,,,
2005-03-10,44.3,31.2,,,,,,
2005-03-11,57.8,27.9,,,,,,
2005-03-12,50.4,27.4,,,,,,
2005-03-13,61.4,55.0,,,,,,
2005-03-14,66.2,44.4,,,,,,
2005-03-15,50.9,39.3,,,,,,
2005-03-16,60.4,,,,,,,
2005-03-17,55.7,49.4,,,,,,
2005-03-18,71.2,,,,,,,
2005-03-19,46.7,,,,,,,
2005-03-20,43.1,,,,,,,
2005-03-21,56.6,,,,,,,
2005-03-22,62.7,61.5,,,,,,
2005-03-23,55.9,40.7,,,,,,
2005-03-24,33.4,28.8,,,,,,
2005-03-25,44.3,36.0,,,,,,
2005-03-26,68.5,40.9,,,,,,
2005-03-27,60.8,61.4,,,,,,
2005-03-28,52.6,30.1,,,,,,
2005-03-29,48.1,39.0,,,,,,
2005-03-30,41.9,29.1,,,,,,
2005-03-31,34.3,24.1,,,,,,
2005-04-01,40.9,25.9,,,,,,
2005-04-02,44.1,28.4,,,,,,
2005-04-03,21.9,16.1,,,,,,
2005-04-04,44.4,30.6,,,,,,
2005-04-05,59.9,48.6,,,,,,
2005-04-06,54.9,52.5,,,,,,
2005-04-07,60.4,33.3,,,,,,
2005-04-08,56.3,31.0,,,,,,
2005-04-09,,42.5,,,,,,
2005-04-10,,80.2,,,,,,
2005-04-11,,33.8,,,,,,
2005-04-12,,30.5,,,,,,
2005-04-13,,30.6,,,,,,
2005-04-14,,28.4,,,,,,
2005-04-15,56.1,40.2,,,,,,
2005-04-16,73.0,52.5,,,,,,
2005-04-17,34.9,26.7,,,,,,
2005-04-18,47.2,33.5,,,,,,
2005-04-19,52.2,26.3,,,,,,
2005-04-20,53.3,38.3,,,,,,
2005-04-21,41.0,34.1,,,,,,
2005-04-22,41.6,,,,,,,
2005-04-23,39.8,19.1,,,,,,
2005-04-24,33.7,20.3,,,,,,
2005-04-25,58.9,31.7,,,,,,
2005-04-26,67.1,49.6,,,,,,
2005-04-27,57.0,41.7,,,,,,
2005-04-28,46.0,,,,,,,
2005-04-29,54.2,42.3,,,,,,
2005-04-30,45.0,23.0,,,,,,
2005-05-01,49.3,,,,,,,
2005-05-02,47.8,,,,,,,
2005-05-03,,33.4,,,,,,
2005-05-04,,37.7,,,,,,
2005-05-05,61.4,37.7,,,,,,
2005-05-06,61.2,42.2,,,,,,
2005-05-07,57.7,56.7,,,,,,
2005-05-08,33.2,29.2,,,,,,
2005-05-09,59.1,36.8,,,,,,
2005-05-10,63.7,47.0,,,,,,
2005-05-11,,55.6,,,,,,
2005-05-12,,80.1,,,,,,
2005-05-13,65.5,31.9,,,,,,
2005-05-14,65.4,,,,,,,
2005-05-15,68.1,,,,,,,
2005-05-16,85.5,,,,,,,
2005-05-17,66.4,,,,,,,
2005-05-18,79.8,,,,,,,
2005-05-19,59.1,,,,,,,
2005-05-20,43.2,44.0,,,,,,
2005-05-21,49.3,51.3,,,,,,
2005-05-22,39.8,35.3,,,,,,
2005-05-23,37.5,33.4,,,,,,
2005-05-24,65.0,68.0,,,,,,
2005-05-25,56.3,64.1,,,,,,
2005-05-26,,47.8,,,,,,
2005-05-27,,43.8,,,,,,
2005-05-29,,39.6,,,,,,
2005-05-30,,49.4,,,,,,
2005-05-31,,54.7,,,,,,
2005-06-02,63.4,56.6,,,,,,
2005-06-03,50.9,47.9,,,,,,
2005-06-04,49.7,39.7,,,,,,
2005-06-05,62.3,49.2,,,,,,
2005-06-06,74.0,76.8,,,,,,
2005-06-07,60.2,54.3,,,,,,
2005-06-08,59.0,52.7,,,,,,
2005-06-09,52.2,47.9,,,,,,
2005-06-10,41.5,41.8,,,,,,
2005-06-11,40.7,25.9,,,,,,
2005-06-12,40.2,31.7,,,,,,
2005-06-13,,34.9,,,,,,
2005-06-14,,50.9,,,,,,
2005-06-15,51.4,44.6,,,,,,
2005-06-16,77.6,70.2,,,,,,
2005-06-17,61.2,43.7,,,,,,
2005-06-18,51.5,41.1,,,,,,
2005-06-19,,38.6,,,,,,
2005-06-20,,50.0,,,,,,
2005-06-21,60.0,52.2,,,,,,
2005-06-22,,50.4,,,,,,
2005-06-24,,58.6,,,,,,
2005-06-25,,39.4,,,,,,
2005-06-27,,52.9,,,,,,
2005-06-28,,68.1,,,,,,
2005-06-29,,51.0,,,,,,
2005-07-01,,47.1,,,,,,
2005-07-02,,102.2,,,,,,
2005-07-03,,42.9,,,,,,
2005-07-05,,41.9,,,,,,
2005-07-06,,42.2,,,,,,
2005-07-08,,49.0,,,,,,
2005-07-10,,34.3,,,,,,
2005-07-11,,63.3,,,,,,
2005-07-12,,39.8,,,,,,
2005-07-14,,40.2,,,,,,
2005-07-15,,33.2,,,,,,
2005-07-16,,36.5,,,,,,
2005-07-17,,60.1,,,,,,
2005-07-18,,48.5,,,,,,
2005-07-19,,76.8,,,,,,
2005-07-20,,72.2,,,,,,
2005-07-21,,72.0,,,,,,
2005-07-23,,36.8,,,,,,
2005-07-25,,59.1,,,,,,
2005-07-26,,28.6,,,,,,
2005-07-27,,32.8,,,,,,
2005-07-28,,40.8,,,,,,
2005-07-29,,65.0,,,,,,
2005-07-31,,90.5,,,,,,
2005-08-01,,80.1,,,,,,
2005-08-02,,77.6,,,,,,
2005-08-03,108.7,,,,,,,
2005-08-04,71.9,,,,,,,
2005-08-05,60.1,56.3,,,,,,
2005-08-06,46.3,37.5,,,,,,
2005-08-07,42.6,43.4,,,,,,
2005-08-08,44.5,48.7,,,,,,
2005-08-09,50.4,37.0,,,,,,
2005-08-10,39.6,40.3,,,,,,
2005-08-11,41.5,35.9,,,,,,
2005-08-12,50.9,38.2,,,,,,
2005-08-13,50.5,42.5,,,,,,
2005-08-14,44.8,38.5,,,,,,
2005-08-15,42.8,39.8,,,,,,
2005-08-16,47.8,43.7,,,,,,
2005-08-17,46.0,,,,,,,
2005-08-18,40.0,32.5,,,,,,
2005-08-19,41.7,35.4,,,,,,
2005-08-20,49.8,33.0,,,,,,
2005-08-21,46.3,42.5,,,,,,
2005-08-22,35.8,40.5,,,,,,
2005-08-23,53.7,66.0,,,,,,
2005-08-24,42.1,42.0,,,,,,
2005-08-25,38.6,31.9,,,,,,
2005-08-26,44.3,42.3,,,,,,
2005-08-27,43.5,,,,,,,
2005-08-28,42.2,32.8,,,,,,
2005-08-29,36.2,27.3,,,,,,
2005-08-30,49.9,24.6,,,,,,
2005-08-31,48.3,38.0,,,,,,
2005-09-01,51.2,46.4,,,,,,
2005-09-02,53.1,50.9,,,,,,
2005-09-03,54.8,42.5,,,,,,
2005-09-04,50.8,44.8,,,,,,
2005-09-05,69.6,57.7,,,,,,
2005-09-06,54.7,50.4,,,,,,
2005-09-07,54.0,52.0,,,,,,
2005-09-08,45.1,41.8,,,,,,
2005-09-09,61.8,58.0,,,,,,
2005-09-10,66.3,,,,,,,
2005-09-11,50.8,51.9,,,,,,
2005-09-12,63.8,66.1,,,,,,
2005-09-13,57.0,59.4,,,,,,
2005-09-14,47.5,44.3,,,,,,
2005-09-15,46.3,100.6,,,,,,
2005-09-16,40.6,43.6,,,,,,
2005-09-17,37.5,30.3,,,,,,
2005-09-18,53.9,49.0,,,,,,
2005-09-19,46.6,50.7,,,,,,
2005-09-20,38.2,73.2,,,,,,
2005-09-21,33.9,34.9,,,,,,
2005-09-22,36.1,36.6,,,,,,
2005-09-23,36.9,34.2,,,,,,
2005-09-24,37.5,,,,,,,
2005-09-25,46.8,30.6,,,,,,
2005-09-26,41.4,,,,,,,
2005-09-27,29.5,25.8,,,,,,
2005-09-28,47.9,53.4,,,,,,
2005-09-29,61.8,53.5,,,,,,
2005-09-30,53.5,52.4,,,,,,
2005-10-01,32.1,38.2,,,,,,
2005-10-02,26.6,28.6,,,,,,
2005-10-03,47.8,38.5,,,,,,
2005-10-04,30.1,31.4,,,,,,
2005-10-05,32.1,35.0,,,,,,
2005-10-06,51.0,45.0,,,,,,
2005-10-07,79.3,67.9,,,,,,
2005-10-08,25.4,24.0,,,,,,
2005-10-09,24.1,,,,,,,
2005-10-10,24.7,15.9,,,,,,
2005-10-11,36.7,31.4,,,,,,
2005-10-12,33.3,32.3,,,,,,
2005-10-13,31.9,24.9,,,,,,
2005-10-14,49.9,39.2,,,,,,
2005-10-15,29.4,36.7,,,,,,
2005-10-16,49.6,41.7,,,,,,
2005-10-17,50.4,,,,,,,
2005-10-18,61.6,51.5,,,,,,
2005-10-19,33.6,35.3,,,,,,
2005-10-20,28.5,31.1,,,,,,
2005-10-21,49.2,66.5,,,,,,
2005-10-22,69.5,,,,,,,
2005-10-23,56.2,55.9,,,,,,
2005-10-24,53.8,51.1,,,,,,
2005-10-25,53.6,76.9,,,,,,
2005-10-26,50.9,71.5,,,,,,
2005-10-27,49.7,76.1,,,,,,
2005-10-28,75.1,75.1,,,,,,
2005-10-29,56.9,66.0,,,,,,
2005-10-30,55.3,69.9,,,,,,
2005-10-31,74.5,74.7,,,,,,
2005-11-01,64.1,68.1,,,,,,
2005-11-02,69.1,64.9,,,,,,
2005-11-03,36.7,,,,,,,
2005-11-04,30.9,,,,,,,
2005-11-05,45.9,29.3,,,,,,
2005-11-06,46.8,37.1,,,,,,
2005-11-07,40.6,34.7,,,,,,
2005-11-08,42.3,36.5,,,,,,
2005-11-09,55.5,42.7,,,,,,
2005-11-10,51.5,57.0,,,,,,
2005-11-11,43.1,57.3,,,,,,
2005-11-12,32.7,39.8,,,,,,
2005-11-13,29.8,35.8,,,,,,
2005-11-14,37.3,32.7,,,,,,
2005-11-15,50.4,45.8,,,,,,
2005-11-16,119.8,116.2,,,,,,
2005-11-17,53.3,71.4,,,,,,
2005-11-18,43.9,36.5,,,,,,
2005-11-19,27.7,30.8,,,,,,
2005-11-20,18.7,17.2,,,,,,
2005-11-21,35.8,39.7,,,,,,
2005-11-22,48.0,24.5,,,,,,
2005-11-23,33.4,41.1,,,,,,
2005-11-24,42.9,25.9,,,,,,
2005-11-25,36.5,35.7,,,,,,
2005-11-26,39.1,19.1,,,,,,
2005-11-27,61.6,61.9,,,,,,
2005-11-28,51.7,50.0,,,,,,
2005-11-29,82.9,54.8,,,,,,
2005-11-30,80.2,52.9,,,,,,
2005-12-01,49.1,41.7,,,,,,
2005-12-02,45.7,38.7,,,,,,
2005-12-03,40.7,,,,,,,
2005-12-04,40.5,,,,,,,
2005-12-05,58.2,38.1,,,,,,
2005-12-06,46.6,41.8,,,,,,
2005-12-07,54.5,47.7,,,,,,
2005-12-08,26.6,34.9,,,,,,
2005-12-09,,36.2,,,,,,
2005-12-10,36.0,80.0,,,,,,
2005-12-11,32.6,44.6,,,,,,
2005-12-12,39.0,35.2,,,,,,
2005-12-13,21.7,,,,,,,
2005-12-14,34.2,,,,,,,
2005-12-15,47.1,,,,,,,
2005-12-16,38.1,,,,,,,
2005-12-17,37.4,,,,,,,
2005-12-18,30.5,,,,,,,
2005-12-19,27.2,,,,,,,
2005-12-20,34.6,,,,,,,
2005-12-21,50.7,,,,,,,
2005-12-22,41.8,,,,,,,
2005-12-23,46.0,,,,,,,
2005-12-24,47.5,,,,,,,
2005-12-25,35.9,,,,,,,
2005-12-26,39.8,,,,,,,
2005-12-27,73.7,,,,,,,
2005-12-28,97.1,,,,,,,
2005-12-29,45.6,,,,,,,
2005-12-30,35.7,,,,,,,
2005-12-31,32.8,,,,,,,
2006-07-01,,,,70.4,,,,
2006-07-02,,,,64.1,,,,
2006-07-03,,,,49.2,,,,
2006-07-04,,,,56.6,,,,
2006-07-05,,,,32.0,,,,
2006-07-06,,,20.8,28.8,,,,
2006-07-07,,,26.7,32.8,,,,
2006-07-08,,,32.0,37.9,,,,
2006-07-09,,,29.2,40.1,,,,
2006-07-10,,,24.0,33.2,,,,
2006-07-11,,,28.7,35.7,,,,
2006-07-12,,,33.6,39.8,,,,
2006-07-13,,,39.6,42.5,,,,
2006-07-14,,,40.6,43.1,,,,
2006-07-15,,,39.5,38.9,,,,
2006-07-16,,,46.1,43.0,,,,
2006-07-17,,,30.3,41.5,,,,
2006-07-18,,,30.6,36.0,,,,
2006-07-19,,,27.2,37.1,,,,
2006-07-20,,,31.9,43.4,,,,
2006-07-21,,,30.7,44.3,,,,
2006-07-22,,,32.7,50.5,,,,
2006-07-23,,,33.3,48.2,,,,
2006-07-24,,,32.6,46.7,,,,
2006-07-25,,,37.5,39.4,,,,
2006-07-26,,,37.4,40.1,,,,
2006-07-27,,,44.7,53.3,,,,
2006-07-28,,,42.3,,,,,
2006-07-29,,,40.5,,,,,
2006-07-30,,,36.5,,,,,
2006-07-31,,,33.2,38.9,,,,
2006-08-01,,,31.1,37.0,,,,
2006-08-02,,,31.9,35.4,,,,
2006-08-03,,,30.4,33.8,,,,
2006-08-04,,,28.7,31.9,,,,
2006-08-05,,,44.6,,,,,
2006-08-06,,,31.1,,,,,
2006-08-07,,,25.8,,,,,
2006-08-08,,,31.7,35.4,,,,
2006-08-09,,,31.0,29.9,,,,
2006-08-10,,,26.5,57.1,,,,
2006-08-11,,,30.6,53.2,,,,
2006-08-12,,,23.8,32.7,,,,
2006-08-13,,,35.5,55.9,,,,
2006-08-14,,,27.4,,,,,
2006-08-15,,,23.1,,,,,
2006-08-16,,,18.6,,,,,
2006-08-17,,,15.8,,,,,
2006-08-18,,,17.3,,,,,
2006-08-19,,,39.4,,,,,
2006-08-23,,,31.9,42.0,,,,
2006-08-24,,,26.0,44.2,,,,
2006-08-25,,,28.4,44.0,,,,
2006-08-26,,,22.6,30.2,,,,
2006-08-27,,,25.2,31.0,,,,
2006-08-28,,,27.1,36.5,,,,
2006-08-29,,,25.5,33.4,,,,
2006-08-30,,,21.5,30.7,,,,
2006-08-31,,,23.3,30.6,,,,
2006-09-01,,,20.8,25.0,,,,
2006-09-02,,,24.4,33.9,,,,
2006-09-03,,,23.2,38.5,,,,
2006-09-04,,,28.2,35.2,,,,
2006-09-05,,,30.2,36.9,,,,
2006-09-06,,,31.4,40.3,,,,
2006-09-07,,,35.2,54.0,,,,
2006-09-08,,,40.6,51.1,,,,
2006-09-09,,,30.5,36.1,,,,
2006-09-10,,,25.9,30.4,,,,
2006-09-11,,,29.2,39.3,,,,
2006-09-12,,,22.7,46.9,,,,
2006-09-13,,,21.8,42.4,,,,
2006-09-14,,,21.8,42.6,,,,
2006-09-15,,,70.4,89.1,,,,
2006-09-16,,,31.8,51.2,,,,
2006-09-17,,,20.1,32.0,,,,
2006-09-18,,,22.4,34.3,,,,
2006-09-19,,,22.5,34.6,,,,
2006-09-20,,,24.7,37.0,,,,
2006-09-21,,,24.0,35.2,,,,
2006-09-22,,,26.4,48.2,,,,
2006-09-23,,,22.6,42.5,,,,
2006-09-24,,,13.0,38.4,,,,
2006-09-25,,,24.2,42.6,,,,
2006-09-26,,,29.9,40.8,,,,
2006-09-27,,,24.8,28.4,,,,
2006-09-28,,,30.2,40.7,,,,
2006-09-29,,,31.1,39.4,,,,
2006-09-30,,,30.6,46.5,,,,
2006-10-01,,,28.9,43.3,,,,
2006-10-02,,,27.8,51.0,,,,
2006-10-03,,,18.7,46.5,,,,
2006-10-04,,,21.0,39.3,,,,
2006-10-05,,,28.8,43.5,,,,
2006-10-06,,,19.4,41.6,,,,
2006-10-07,,,17.9,29.9,,,,
2006-10-08,,,19.4,24.2,,,,
2006-10-09,,,18.1,28.4,,,,
2006-10-10,,,18.8,32.0,,,,
2006-10-11,,,26.6,45.7,,,,
2006-10-12,,,29.6,64.7,,,,
2006-10-13,,,26.3,67.9,,,,
2006-10-14,,,13.4,51.2,,,,
2006-10-15,,,12.9,32.0,,,,
2006-10-16,,,18.6,30.5,,,,
2006-10-17,,,27.3,47.2,,,,
2006-10-18,,,20.5,49.2,,,,
2006-10-19,,,13.9,36.5,,,,
2006-10-20,,,51.6,42.0,,,,
2006-10-21,,,20.5,48.6,,,,
2006-10-22,,,46.0,67.6,,,,
2006-10-23,,,36.0,64.1,,,,
2006-10-24,,,42.6,81.9,,,,
2006-10-25,,,39.8,73.0,,,,
2006-10-26,,,13.4,60.4,,,,
2006-10-27,,,18.3,35.3,,,,
2006-10-28,,,38.8,53.3,,,,
2006-10-29,,,36.2,44.9,,,,
2006-10-30,,,38.9,60.0,,,,
2006-10-31,,,21.8,47.8,,,,
2006-11-01,,,23.6,51.4,,,,
2006-11-02,,,35.8,47.5,,,,
2006-11-03,,,16.1,29.0,,,,
2006-11-04,,,11.3,18.6,,,,
2006-11-05,,,13.2,24.7,,,,
2006-11-06,,,15.1,55.6,,,,
2006-11-07,,,24.9,83.8,,,,
2006-11-08,,,38.8,79.8,,,,
2006-11-09,,,37.2,50.2,,,,
2006-11-10,,,26.9,43.2,,,,
2006-11-11,,,20.1,25.6,,,,
2006-11-12,,,19.6,27.1,,,,
2006-11-13,,,23.7,31.2,,,,
2006-11-14,,,11.3,32.9,,,,
2006-11-15,,,13.3,59.9,,,,
2006-11-16,,,24.8,64.5,,,,
2006-11-17,,,11.9,61.0,,,,
2006-11-18,,,20.0,44.1,,,,
2006-11-19,,,20.4,29.8,,,,
2006-11-20,,,31.0,44.6,,,,
2006-11-21,,,26.8,45.9,,,,
2006-11-22,,,24.9,23.8,,,,
2006-11-23,,,25.3,36.7,,,,
2006-11-24,,,41.6,75.5,,,,
2006-11-25,,,20.5,80.4,,,,
2006-11-26,,,17.5,61.7,,,,
2006-11-27,,,12.0,21.7,,,,
2006-11-28,,,10.5,31.8,,,,
2006-11-29,,,14.5,38.8,,,,
2006-11-30,,,22.6,31.0,,,,
2006-12-01,,,23.3,32.6,,,,
2006-12-02,,,19.3,40.9,,,,
2006-12-03,,,15.8,38.0,,,,
2006-12-04,,,38.4,66.9,,,,
2006-12-05,,,26.2,52.2,,,,
2006-12-06,,,23.2,44.4,,,,
2006-12-07,,,23.1,78.2,,,,
2006-12-08,,,25.9,70.8,,,,
2006-12-09,,,20.5,65.3,,,,
2006-12-10,,,23.3,65.9,,,,
2006-12-11,,,19.7,89.6,,,,
2006-12-12,,,13.1,22.4,,,,
2006-12-13,,,7.7,16.6,,,,
2006-12-14,,,13.0,29.1,,,,
2006-12-15,,,14.0,30.6,,,,
2006-12-16,,,12.8,21.0,,,,
2006-12-17,,,19.5,35.8,,,,
2006-12-18,,,19.0,53.8,,,,
2006-12-19,,,24.1,52.4,,,,
2006-12-20,,,31.4,96.0,,,,
2006-12-21,,,22.4,44.7,,,,
2006-12-22,,,37.3,67.7,,,,
2006-12-23,,,18.8,58.1,,,,
2006-12-24,,,15.6,25.4,,,,
2006-12-25,,,17.9,49.4,,,,
2006-12-26,,,19.4,25.2,,,,
2006-12-27,,,23.9,74.5,,,,
2006-12-28,,,26.5,73.7,,,,
2006-12-29,,,46.7,65.8,,,,
2006-12-30,,,25.7,72.1,,,,
2006-12-31,,,25.4,51.8,,,,
2007-01-01,,,14.4,35.1,,,,
2007-01-02,,,15.0,29.8,,,,
2007-01-03,,,16.8,23.8,,,,
2007-01-04,,,13.8,20.5,,,,
2007-01-05,,,19.7,31.3,,,,
2007-01-06,,,25.2,51.5,,,,
2007-01-07,,,20.0,60.3,,,,
2007-01-08,,,26.3,70.6,,,,
2007-01-09,,,27.4,54.0,,,,
2007-01-10,,,18.4,30.5,,,,
2007-01-11,,,29.3,43.8,,,,
2007-01-12,,,24.9,37.6,,,,
2007-01-13,,,31.9,57.0,,,,
2007-01-14,,,30.6,47.4,,,,
2007-01-15,,,25.8,58.4,,,,
2007-01-16,,,22.2,76.4,,,,
2007-01-17,,,16.3,78.9,,,,
2007-01-18,,,25.4,50.2,,,,
2007-01-19,,,30.5,39.1,,,,
2007-01-20,,,35.0,54.1,,,,
2007-01-21,,,21.9,31.4,,,,
2007-01-22,,,20.9,36.9,,,,
2007-01-23,,,24.0,32.3,,,,
2007-01-24,,,37.6,55.4,,,,
2007-01-25,,,30.4,47.1,,,,
2007-01-26,,,27.4,55.4,,,,
2007-01-27,,,32.3,41.5,,,,
2007-01-28,,,16.7,24.2,,,,
2007-01-29,,,19.6,35.6,,,,
2007-01-30,,,27.1,47.6,,,,
2007-01-31,,,13.1,21.5,,,,
2007-02-01,,,22.8,48.0,,,,
2007-02-02,,,18.7,31.7,,,,
2007-02-03,,,27.9,50.7,,,,
2007-02-04,,,17.4,28.5,,,,
2007-02-05,,,17.9,30.8,,,,
2007-02-06,,,16.4,47.6,,,,
2007-02-07,,,18.0,26.4,,,,
2007-02-08,,,28.8,43.5,,,,
2007-02-09,,,20.7,47.9,,,,
2007-02-10,,,18.0,22.5,,,,
2007-02-11,,,22.3,27.2,,,,
2007-02-12,,,30.9,32.7,,,,
2007-02-13,,,31.8,41.6,,,,
2007-02-14,,,30.1,37.5,,,,
2007-02-15,,,22.8,34.4,,,,
2007-02-16,,,22.1,31.0,,,,
2007-02-17,,,13.1,22.6,,,,
2007-02-18,,,10.6,37.1,,,,
2007-02-19,,,23.8,39.4,,,,
2007-02-20,,,22.2,29.0,,,,
2007-02-21,,,22.0,30.6,,,,
2007-02-22,,,16.8,30.4,,,,
2007-02-23,,,19.7,30.5,,,,
2007-02-24,,,25.8,35.4,,,,
2007-02-25,,,22.8,27.3,,,,
2007-02-26,,,24.6,32.2,,,,
2007-02-27,,,24.4,29.0,,,,
2007-02-28,,,30.6,33.6,,,,
2007-03-01,,,25.3,32.7,,,,
2007-03-02,,,19.1,29.9,,,,
2007-03-03,,,25.7,30.4,,,,
2007-03-04,,,28.5,31.8,,,,
2007-03-05,,,25.6,45.7,,,,
2007-03-06,,,15.3,35.5,,,,
2007-03-07,,,19.1,39.1,,,,
2007-03-08,,,22.3,38.4,,,,
2007-03-09,,,36.1,41.0,,,,
2007-03-10,,,26.2,28.2,,,,
2007-03-11,,,32.0,36.2,,,,
2007-03-12,,,26.6,57.3,,,,
2007-03-13,,,26.6,42.3,,,,
2007-03-14,,,44.3,57.1,,,,
2007-03-15,,,44.4,60.2,,,,
2007-03-16,,,37.2,60.0,,,,
2007-03-17,,,24.3,65.7,,,,
2007-03-18,,,29.9,37.6,,,,
2007-03-19,,,31.4,34.1,,,,
2007-03-20,,,38.7,48.1,,,,
2007-03-21,,,15.4,22.7,,,,
2007-03-22,,,20.3,23.7,,,,
2007-03-23,,,21.3,22.3,,,,
2007-03-24,,,19.6,26.2,,,,
2007-03-25,,,50.2,58.0,,,,
2007-03-26,,,50.2,66.3,,,,
2007-03-27,,,34.4,48.8,,,,
2007-03-28,,,34.2,50.0,,,,
2007-03-29,,,158.1,172.5,,,,
2007-03-30,,,47.5,59.7,,,,
2007-03-31,,,28.0,32.3,,,,
2007-04-01,,,21.3,33.2,,,,
2007-04-02,,,20.4,26.6,,,,
2007-04-03,,,28.2,50.9,,,,
2007-04-04,,,21.7,28.9,,,,
2007-04-05,,,36.2,42.3,,,,
2007-04-06,,,27.3,32.7,,,,
2007-04-07,,,27.1,36.8,,,,
2007-04-08,,,23.7,29.7,,,,
2007-04-09,,,24.6,30.2,,,,
2007-04-10,,,26.3,46.5,,,,
2007-04-11,,,24.8,44.9,,,,
2007-04-12,,,27.0,32.0,,,,
2007-04-13,,,24.4,37.1,,,,
2007-04-14,,,31.8,39.5,,,,
2007-04-15,,,32.2,36.9,,,,
2007-04-16,,,29.8,40.9,,,,
2007-04-17,,,38.5,48.2,,,,
2007-04-18,,,35.3,52.7,,,,
2007-04-19,,,20.4,31.8,,,,
2007-04-20,,,31.8,35.0,,,,
2007-04-21,,,35.3,39.4,,,,
2007-04-22,,,33.5,39.4,,,,
2007-04-23,,,31.1,51.2,,,,
2007-04-24,,,23.6,40.5,,,,
2007-04-25,,,26.3,44.2,,,,
2007-04-26,,,32.2,42.7,,,,
2007-04-27,,,26.3,35.4,,,,
2007-04-28,,,25.4,33.0,,,,
2007-04-29,,,24.0,37.7,,,,
2007-04-30,,,20.8,39.8,,,,
2007-05-01,,,24.3,27.8,,,,
2007-05-02,,,24.8,33.9,,,,
2007-05-03,,,19.8,37.6,,,,
2007-05-04,,,44.1,60.3,,,,
2007-05-05,,,47.5,58.8,,,,
2007-05-06,,,31.9,38.4,,,,
2007-05-08,,,,28.6,,,,
2007-05-09,,,29.1,36.5,,,,
2007-05-10,,,39.3,46.2,,,,
2007-05-11,,,29.9,37.7,,,,
2007-05-12,,,28.3,39.0,,,,
2007-05-13,,,33.9,42.0,,,,
2007-05-14,,,37.6,56.4,,,,
2007-05-15,,,35.7,,,,,
2007-05-22,,,22.5,33.0,,,,
2007-05-23,,,23.0,29.6,,,,
2007-05-24,,,33.9,46.6,,,,
2007-05-25,,,34.6,52.8,,,,
2007-05-26,,,23.7,42.6,,,,
2007-05-27,,,41.3,91.9,,,,
2007-05-28,,,25.0,34.9,,,,
2007-05-29,,,20.5,,,,,
2007-05-30,,,22.2,,,,,
2007-05-31,,,23.4,30.0,,,,
2007-06-01,,,20.2,26.9,16.3,,,
2007-06-02,,,15.8,23.8,15.2,,,
2007-06-03,,,4.4,13.9,8.1,,,
2007-06-04,,,11.9,20.8,11.5,,,
2007-06-05,,,20.4,60.8,22.7,,,
2007-06-06,,,19.5,,15.2,,,
2007-06-07,,,15.9,,24.2,,,
2007-06-08,,,22.1,,21.6,,,
2007-06-09,,,24.1,,26.2,,,
2007-06-10,,,26.9,,23.0,,,
2007-06-11,,,23.8,,17.6,,,
2007-06-12,,,20.6,,17.5,,,
2007-06-13,,,20.9,31.9,16.1,,,
2007-06-14,,,33.1,41.2,27.1,,,
2007-06-15,,,29.2,51.0,33.2,,,
2007-06-16,,,32.8,42.0,29.6,,,
2007-06-17,,,27.4,32.2,14.8,,,
2007-06-18,,,24.4,41.1,32.0,,,
2007-06-19,,,12.8,42.0,29.8,,,
2007-06-20,,,26.1,45.8,34.7,,,
2007-06-21,,,52.6,66.9,48.2,,,
2007-06-22,,,57.7,74.6,53.1,,,
2007-06-23,,,56.8,75.0,53.6,,,
2007-06-24,,,49.9,86.2,56.0,,,
2007-06-25,,,62.4,,66.3,,,
2007-06-26,,,60.4,,72.2,,,
2007-06-27,,,65.5,,56.6,,,
2007-06-28,,,29.6,,40.5,,,
2007-06-29,,,22.4,,28.1,,,
2007-06-30,,,27.5,,32.9,,,
2007-07-01,,,21.6,,35.6,,,
2007-07-02,,,15.2,,25.6,,,
2007-07-03,,,24.9,,29.0,,,
2007-07-04,,,42.3,,37.3,,,
2007-07-05,,,56.9,,39.0,,,
2007-07-06,,,27.8,,27.1,,,
2007-07-07,,,28.4,38.3,29.6,,,
2007-07-08,,,23.6,29.3,25.3,,,
2007-07-09,,,23.8,30.7,19.2,,,
2007-07-10,,,34.6,38.2,32.9,,,
2007-07-11,,,40.7,42.7,36.6,,,
2007-07-12,,,27.2,32.5,41.6,,,
2007-07-13,,,22.1,33.4,24.8,,,
2007-07-14,,,28.0,25.0,22.2,,,
2007-07-15,,,20.5,29.8,24.4,,,
2007-07-16,,,31.1,47.8,26.9,,,
2007-07-17,,,29.2,38.3,31.8,,,
2007-07-18,,,36.8,47.7,32.2,,,
2007-07-19,,,36.9,,36.6,,,
2007-07-20,,,48.2,,36.5,,,
2007-07-21,,,49.7,,40.2,,,
2007-07-22,,,51.7,,35.5,,,
2007-07-23,,,66.9,,57.3,,,
2007-07-24,,,71.3,,51.3,,,
2007-07-25,,,59.2,,53.6,,,
2007-07-26,,,33.4,,33.8,,,
2007-07-27,,,33.7,,35.8,,,
2007-07-28,,,38.3,43.1,34.9,,,
2007-07-29,,,38.5,46.6,46.3,,,
2007-07-30,,,44.9,54.1,45.0,,,
2007-07-31,,,37.6,42.8,38.5,,,
2007-08-01,,,39.0,48.1,39.5,,,
2007-08-02,,,33.2,53.5,37.2,,,
2007-08-03,,,32.2,34.8,29.7,,,
2007-08-04,,,28.7,34.8,33.3,,,
2007-08-05,,,29.4,35.5,38.0,,,
2007-08-06,,,26.2,34.8,34.3,,,
2007-08-07,,,33.0,36.6,27.9,,,
2007-08-08,,,24.3,39.1,25.7,,,
2007-08-09,,,35.4,44.6,34.0,,,
2007-08-10,,,33.2,46.7,31.8,,,
2007-08-11,,,27.4,29.5,26.2,,,
2007-08-12,,,22.5,26.7,26.3,,,
2007-08-13,,,30.3,37.3,22.8,,,
2007-08-14,,,28.9,36.8,,,,
2007-08-15,,,28.7,41.1,,,,
2007-08-16,,,27.2,40.7,,,,
2007-08-17,,,,46.5,,,,
2007-08-18,,,37.8,43.2,,,,
2007-08-19,,,27.1,33.2,,,,
2007-08-20,,,28.9,44.8,,,,
2007-08-21,,,39.7,62.4,,,,
2007-08-22,,,38.2,80.9,,,,
2007-08-23,,,32.6,,,,,
2007-08-24,,,58.1,,,,,
2007-08-25,,,54.8,65.9,,,,
2007-08-26,,,55.2,61.9,,,,
2007-08-27,,,64.7,73.5,,,,
2007-08-28,,,37.0,,,,,
2007-08-29,,,48.6,,,,,
2007-08-30,,,43.2,,25.5,,,
2007-08-31,,,,,51.8,,,
2007-09-01,,,,,38.0,,,
2007-09-02,,,,,31.6,,,
2007-09-03,,,,,25.4,,,
2007-09-04,,,,39.3,25.6,,,
2007-09-05,,,,42.8,30.1,,,
2007-09-06,,,,29.4,15.5,,,
2007-09-07,,,,48.5,22.7,,,
2007-09-08,,,,18.9,14.2,,,
2007-09-09,,,,36.3,23.6,,,
2007-09-10,,,,42.7,12.6,,,
2007-09-11,,,22.2,43.2,24.6,,,
2007-09-12,,,22.2,39.1,29.5,,,
2007-09-13,,,14.2,26.7,27.5,,,
2007-09-14,,,16.4,32.9,29.3,,,
2007-09-15,,,30.5,45.9,29.6,,,
2007-09-16,,,27.8,44.1,31.9,,,
2007-09-17,,,27.9,54.4,41.2,,,
2007-09-18,,,23.1,46.3,28.9,,,
2007-09-19,,,,52.4,51.3,,,
2007-09-20,,,29.5,39.4,35.7,,,
2007-09-21,,,21.6,30.6,31.8,,,
2007-09-22,,,25.4,62.8,29.4,,,
2007-09-23,,,23.5,79.4,21.9,,,
2007-09-24,,,13.4,60.1,31.6,,,
2007-09-25,,,,44.6,29.8,,,
2007-09-26,,,23.6,40.0,25.1,,,
2007-09-27,,,18.2,38.8,32.4,,,
2007-09-28,,,30.4,47.8,36.4,,,
2007-09-29,,,28.6,52.4,35.4,,,
2007-09-30,,,17.0,35.7,29.9,,,
2007-10-01,,,15.6,27.5,24.5,,,
2007-10-02,,,32.0,55.1,33.6,,,
2007-10-03,,,42.4,62.8,35.6,,,
2007-10-04,,,45.2,63.3,31.7,,,
2007-10-05,,,33.7,48.6,27.0,,,
2007-10-06,,,30.0,51.2,32.0,,,
2007-10-07,,,21.3,41.9,23.5,,,
2007-10-08,,,20.3,29.5,17.9,,,
2007-10-09,,,22.6,52.6,23.9,,,
2007-10-10,,,24.1,55.1,25.9,,,
2007-10-11,,,26.9,41.9,22.3,,,
2007-10-12,,,24.6,,21.9,,,
2007-10-13,,,13.9,,21.3,,,
2007-10-14,,,14.5,,21.7,,,
2007-10-15,,,19.9,,,,,
2007-10-16,,,26.4,,,,,
2007-10-17,,,21.6,,,,,
2007-10-18,,,20.1,,,,,
2007-10-19,,,36.6,,,,,
2007-10-20,,,22.9,,,,,
2007-10-21,,,10.2,,,,,
2007-10-24,,,28.2,,,,,
2007-10-25,,,33.5,,,,,
2007-10-26,,,66.7,,,,,
2007-10-27,,,294.5,,,,,
2007-10-28,,,89.1,,,,,
2007-10-29,,,78.2,,,,,
2007-10-30,,,39.6,,,,,
2007-10-31,,,51.9,,,,,
2007-11-01,,,31.9,,,,,
2007-11-02,,,31.3,,,,,
2007-11-03,,,21.6,,11.5,,,
2007-11-04,,,27.7,,14.1,,,
2007-11-05,,,25.1,,10.8,,,
2007-11-06,,,29.1,,12.7,,,
2007-11-07,,,28.4,,22.9,,,
2007-11-08,,,17.6,,13.3,,,
2007-11-09,,,19.0,,24.1,,,
2007-11-10,,,22.3,,30.0,,,
2007-11-11,,,20.0,,27.3,,,
2007-11-12,,,19.0,,26.9,,,
2007-11-13,,,27.8,,26.9,,,
2007-11-14,,,16.7,,22.9,,,
2007-11-15,,,29.9,,22.9,,,
2007-11-16,,,18.6,,16.0,,,
2007-11-17,,,16.0,,16.1,,,
2007-11-18,,,11.2,,17.1,,,
2007-11-19,,,24.8,,16.1,,,
2007-11-20,,,16.0,,22.0,,,
2007-11-21,,,9.1,,23.4,,,
2007-11-22,,,15.4,,29.0,,,
2007-11-23,,,23.5,,41.9,,,
2007-11-24,,,50.5,,57.5,,,
2007-11-25,,,16.3,,30.4,,,
2007-11-26,,,31.0,,42.5,,,
2007-11-27,,,27.6,,,,,
2007-11-28,,,17.2,,,,,
2007-11-29,,,47.3,,56.6,,,
2007-11-30,,,32.2,,27.1,,,
2007-12-01,,,28.0,,17.2,,,
2007-12-02,,,23.0,,13.8,,,
2007-12-03,,,28.1,,16.3,,,
2007-12-04,,,20.4,,24.5,,,
2007-12-05,,,14.2,,20.2,,,
2007-12-06,,,21.0,,14.6,,,
2007-12-07,,,32.1,,11.2,,,
2007-12-08,,,15.7,,26.3,,,
2007-12-09,,,22.3,,28.6,,,
2007-12-10,,,24.2,,26.8,,,
2007-12-11,,,16.1,,16.9,,,
2007-12-12,,,11.6,,14.9,,,
2007-12-13,,,15.0,,13.2,,,
2007-12-14,,,24.2,,12.9,,,
2007-12-15,,,9.5,,13.6,,,
2007-12-16,,,8.6,,10.5,,,
2007-12-17,,,31.5,,9.6,,,
2007-12-18,,,30.7,,9.1,,,
2007-12-19,,,33.5,,10.4,,,
2007-12-20,,,,,11.7,,,
2007-12-21,,,4.9,,16.2,,,
2007-12-22,,,8.7,,25.7,,,
2007-12-23,,,10.7,,27.6,,,
2007-12-24,,,17.3,,33.5,,,
2007-12-25,,,18.4,,21.9,,,
2007-12-26,,,15.7,,19.4,,,
2007-12-27,,,18.4,,23.5,,,
2007-12-28,,,15.3,,20.6,,,
2007-12-29,,,18.7,,23.7,,,
2007-12-30,,,10.3,,9.6,,,
2007-12-31,,,10.6,,12.7,,,
2008-01-01,,,19.7,,16.6,,,
2008-01-02,,,20.2,,10.0,,,
2008-01-03,,,15.0,,24.9,,,
2008-01-04,,,38.8,,47.6,,,
2008-01-05,,,17.8,,26.7,,,
2008-01-06,,,25.0,,31.3,,,
2008-01-07,,,34.2,,33.3,,,
2008-01-08,,,24.7,,18.9,,,
2008-01-09,,,17.2,,19.4,,,
2008-01-10,,,14.9,,21.0,,,
2008-01-11,,,19.9,,15.5,,,
2008-01-12,,,8.2,,13.8,,,
2008-01-13,,,15.9,,14.3,,,
2008-01-14,,,,,13.4,,,
2008-01-15,,,,,21.0,,,
2008-01-16,,,19.4,,17.6,,,
2008-01-17,,,17.3,,17.9,,,
2008-01-18,,,,,15.8,,,
2008-01-19,,,18.2,,14.7,,,
2008-01-20,,,29.0,,15.9,,,
2008-01-21,,,25.8,,14.2,,,
2008-01-22,,,18.5,,21.0,,,
2008-01-23,,,19.8,,23.3,,,
2008-01-24,,,20.5,,26.4,,,
2008-01-25,,,29.9,,22.9,,,
2008-01-26,,,31.7,,22.5,,,
2008-01-27,,,21.3,,17.7,,,
2008-01-28,,,,,29.5,,,
2008-01-29,,,,,24.6,,,
2008-01-30,,,,,23.5,,,
2008-01-31,,,,,24.1,,,
2008-02-01,,,,,19.9,,,
2008-02-02,,,,,20.8,,,
2008-02-03,,,,,18.1,,,
2008-02-04,,,,,24.8,,,
2008-02-05,,,,,20.5,,,
2008-02-06,,,25.8,,20.5,,,
2008-02-07,,,21.3,,21.5,,,
2008-02-08,,,9.9,,15.2,,,
2008-02-09,,,22.7,,20.3,,,
2008-02-10,,,23.5,,13.7,,,
2008-02-11,,,31.4,,,,,
2008-02-12,,,21.1,,,,,
2008-02-13,,,19.4,,,,,
2008-02-14,,,32.9,,18.7,,,
2008-02-15,,,17.6,,18.8,,,
2008-02-16,,,,,24.9,,,
2008-02-19,,,25.4,,,,,
2008-02-20,,,13.8,,,,,
2008-02-21,,,14.4,,19.5,,,
2008-02-22,,,,,21.1,,,
2008-02-23,,,,,15.5,,,
2008-02-24,,,,,21.9,,,
2008-02-25,,,,,16.0,,,
2008-02-26,,,24.1,,16.7,,,
2008-02-27,,,24.9,,24.3,,,
2008-02-28,,,41.3,,29.4,,,
2008-02-29,,,,,23.5,,,
2008-03-01,,,31.1,,30.3,,,
2008-03-02,,,27.9,,38.1,,,
2008-03-03,,,29.3,,35.0,,,
2008-03-04,,,29.1,,26.0,,,
2008-03-05,,,30.7,,18.6,,,
2008-03-06,,,,,50.1,,,
2008-03-07,,,,,26.5,,,
2008-03-08,,,30.3,,43.0,,,
2008-03-09,,,17.9,,12.2,,,
2008-03-10,,,5.2,,10.2,,,
2008-03-11,,,23.2,,24.4,,,
2008-03-12,,,22.8,,31.6,,,
2008-03-13,,,,,38.3,,,
2008-03-14,,,31.3,,27.2,,,
2008-03-15,,,19.8,,21.2,,,
2008-03-16,,,9.8,,19.6,,,
2008-03-17,,,28.8,,29.6,,,
2008-03-18,,,25.8,,26.4,,,
2008-03-19,,,34.6,44.0,29.9,,,
2008-03-20,,,21.4,33.4,23.5,,,
2008-03-21,,,,22.9,22.3,,,
2008-03-22,,,15.6,29.2,21.2,,,
2008-03-23,,,,41.6,44.5,,,
2008-03-24,,,,27.4,21.7,,,
2008-03-25,,,,26.8,,,,
2008-03-26,,,21.3,24.3,,,,
2008-03-27,,,15.6,18.6,,,,
2008-03-28,,,21.6,24.6,,,,
2008-03-29,,,17.9,21.3,,,,
2008-03-30,,,18.3,25.6,,,,
2008-03-31,,,13.3,32.3,,,,
2008-04-01,,,12.8,24.6,9.0,,,
2008-04-02,,,19.5,18.1,18.0,,,
2008-04-03,,,,28.7,36.6,,,
2008-04-04,,,,29.7,22.4,,,
2008-04-05,,,18.4,20.4,25.0,,,
2008-04-06,,,21.7,23.3,26.2,,,
2008-04-07,,,,,48.0,,,
2008-04-08,,,,,148.0,,,
2008-04-09,,,,,27.5,,,
2008-04-10,,,,,103.1,,,
2008-04-11,,,,,220.5,,,
2008-04-12,,,,,95.1,,,
2008-04-13,,,,,31.1,,,
2008-04-14,,,,,23.3,,,
2008-04-15,,,,,22.9,,,
2008-04-16,,,,24.3,21.2,,,
2008-04-17,,,,32.8,33.8,,,
2008-04-18,,,,88.0,107.7,,,
2008-04-19,,,,,159.9,,,
2008-04-20,,,,,118.5,,,
2008-04-21,,,,,60.8,,,
2008-04-22,,,,,27.6,,,
2008-04-23,,,,29.8,26.3,,,
2008-04-24,,,,29.4,26.5,,,
2008-04-25,,,,,26.3,,,
2008-04-26,,,,29.0,32.6,,,
2008-04-27,,,,20.6,21.1,,,
2008-04-28,,,,31.4,25.5,,,
2008-04-29,,,,38.5,31.5,,,
2008-04-30,,,,45.8,42.3,,,
2008-05-01,,,,32.1,37.6,,,
2008-05-02,,,,37.3,41.4,,,
2008-05-03,,,,36.1,37.1,,,
2008-05-04,,,,33.5,30.7,,,
2008-05-05,,,,35.9,35.6,,,
2008-05-06,,,,35.6,30.9,,,
2008-05-07,,,,,30.5,,,
2008-05-08,,,,,27.2,,,
2008-05-09,,,,,30.1,,,
2008-05-13,,,,,22.7,,,
2008-05-14,,,,,23.3,,,
2008-05-15,,,,,23.0,,,
2008-05-16,,,,24.5,24.3,,,
2008-05-17,,,,30.5,35.6,,,
2008-05-18,,,,47.4,51.6,,,
2008-05-19,,,,50.9,63.3,,,
2008-05-20,,,,,17.7,,,
2008-05-21,,,10.6,,17.1,,,
2008-05-22,,,9.3,24.1,13.6,,,
2008-05-23,,,6.1,27.6,8.6,,,
2008-05-24,,,,25.9,,,,
2008-05-25,,,,26.0,,,,
2008-05-26,,,,29.8,34.4,,,
2008-05-27,,,,30.9,33.4,,,
2008-05-28,,,,36.6,37.7,,,
2008-05-29,,,,59.5,53.3,,,
2008-05-30,,,25.8,31.1,33.4,,,
2008-05-31,,,30.2,33.8,21.0,,,
2008-06-01,,,31.0,35.2,35.2,,,
2008-06-02,,,,37.8,39.9,,,
2008-06-03,,,7.0,40.7,39.0,,,
2008-06-04,,,27.9,36.3,33.0,,,
2008-06-05,,,26.0,,19.2,,,
2008-06-06,,,20.1,,17.0,,,
2008-06-07,,,,32.6,20.3,,,
2008-06-08,,,,33.0,28.9,,,
2008-06-09,,,,33.3,29.8,,,
2008-06-10,,,,24.3,24.9,,,
2008-06-11,,,,24.6,26.4,,,
2008-06-12,,,,28.0,24.9,,,
2008-06-13,,,,37.8,32.2,,,
2008-06-14,,,,32.2,30.5,,,
2008-06-15,,,,,21.5,,,
2008-06-16,,,15.6,,28.3,,,
2008-06-17,,,20.4,35.7,35.3,,,
2008-06-18,,,24.3,44.4,37.5,,,
2008-06-19,,,31.7,46.7,39.1,,,
2008-06-20,,,35.9,49.0,32.1,,,
2008-06-21,,,33.8,40.0,31.3,,,
2008-06-22,,,29.2,32.4,37.8,,,
2008-06-23,,,33.2,42.3,34.3,,,
2008-06-24,,,34.8,46.9,32.5,,,
2008-06-25,,,33.6,48.5,31.8,,,
2008-06-26,,,,,33.9,,,
2008-06-27,,,,,47.2,,,
2008-06-28,,,,52.5,48.7,,,
2008-06-29,,,,48.2,38.8,,,
2008-06-30,,,,,33.4,,,
2008-07-01,,,,56.9,39.8,,,
2008-07-02,,,,,37.7,,,
2008-07-03,,,,52.2,33.4,,,
2008-07-04,,,,46.9,31.0,,,
2008-07-05,,,,50.1,38.3,,,
2008-07-06,,,,41.7,36.9,,,
2008-07-07,,,,51.2,41.0,,,
2008-07-08,,,,45.7,35.2,,,
2008-07-09,,,,42.3,36.9,,,
2008-07-10,,,,38.3,31.1,,,
2008-07-11,,,,45.4,27.2,,,
2008-07-12,,,,54.7,28.8,,,
2008-07-13,,,,43.9,46.7,,,
2008-07-14,,,,47.3,36.4,,,
2008-07-15,,,6.2,38.0,38.0,,,
2008-07-16,,,6.4,27.4,28.8,,,
2008-07-17,,,12.9,34.2,27.9,,,
2008-07-18,,,13.6,59.7,25.4,,,
2008-07-19,,,19.2,52.1,32.2,,,
2008-07-20,,,20.4,46.7,27.0,,,
2008-07-21,,,9.6,34.8,25.7,,,
2008-07-22,,,,52.6,40.9,,,
2008-07-23,,,,40.9,32.0,,,
2008-07-24,,,7.4,21.8,17.7,,,
2008-07-25,,,4.4,,20.0,,,
2008-07-26,,,,34.8,26.3,,,
2008-07-27,,,,35.0,37.3,,,
2008-07-28,,,,39.8,30.5,,,
2008-07-29,,,,43.0,34.3,,,
2008-07-30,,,,41.0,27.9,,,
2008-07-31,,,,52.5,29.0,,,
2008-08-01,,,,35.8,27.5,,,
2008-08-02,,,,38.2,29.2,,,
2008-08-03,,,,39.0,,,,
2008-08-04,,,,51.5,27.5,,,
2008-08-05,,,,34.9,29.3,,,
2008-08-06,,,,40.0,30.5,,,
2008-08-07,,,,45.4,27.9,,,
2008-08-08,,,,38.2,27.2,,,
2008-08-09,,,,41.3,39.1,,,
2008-08-10,,,,32.6,35.3,,,
2008-08-11,,,,33.7,35.1,,,
2008-08-12,,,,33.1,27.8,,,
2008-08-13,,,,32.1,20.4,,,
2008-08-14,,,,27.6,20.7,,,
2008-08-15,,,,28.7,27.5,,,
2008-08-16,,,,38.5,32.9,,,
2008-08-17,,,,26.9,26.8,,,
2008-08-18,,,,36.2,30.0,,,
2008-08-19,,,,36.1,28.3,,,
2008-08-20,,,,34.0,22.8,,,
2008-08-21,,,,31.1,25.2,,,
2008-08-22,,,,45.3,26.3,,,
2008-08-23,,,,32.1,27.2,,,
2008-08-24,,,,28.3,27.7,,,
2008-08-25,,,,38.8,32.5,,,
2008-08-26,,,,33.4,31.3,,,
2008-08-27,,,,,32.4,,,
2008-08-28,,,,,30.1,,,
2008-08-29,,,,31.4,24.0,,,
2008-08-30,,,,36.0,34.7,,,
2008-08-31,,,,31.6,25.8,,,
2008-09-01,,,,31.4,24.6,,,
2008-09-02,,,,34.1,35.4,,,
2008-09-03,,,,,28.2,,,
2008-09-04,,,,,35.4,,,
2008-09-05,,,,53.7,47.3,,,
2008-09-06,,,,55.2,46.0,,,
2008-09-07,,,,64.5,61.2,,,
2008-09-08,,,,64.6,53.0,,,
2008-09-09,,,,63.2,59.1,,,
2008-09-10,,,,51.7,50.1,,,
2008-09-11,,,,49.2,39.2,,,
2008-09-12,,,,,45.2,,,
2008-09-13,,,,,55.1,,,
2008-09-14,,,,,39.6,,,
2008-09-15,,,,,23.8,,,
2008-09-16,,,,32.0,24.6,,,
2008-09-17,,,,27.3,24.5,,,
2008-09-18,,,,31.6,24.8,,,
2008-09-19,,,,32.9,19.4,,,
2008-09-20,,,,25.5,25.6,,,
2008-09-21,,,,30.4,20.9,,,
2008-09-22,,,,47.3,17.5,,,
2008-09-23,,,,39.9,20.0,,,
2008-09-24,,,,39.3,,,,
2008-09-25,,,,23.6,,,,
2008-09-26,,,,23.0,,,,
2008-10-04,,,,34.6,,,,
2008-10-05,,,,27.3,,,,
2008-10-06,,,,38.9,,,,
2008-10-07,,,,58.6,,,,
2008-10-08,,,,57.1,,,,
2008-10-09,,,,26.7,,,,
2008-10-10,,,,24.2,,,,
2008-10-11,,,,24.9,,,,
2008-10-12,,,,29.6,,,,
2008-10-13,,,,50.3,,,,
2008-10-14,,,,53.6,,,,
2008-10-15,,,,52.2,,,,
2008-10-16,,,,57.6,,,,
2008-10-17,,,,52.6,30.0,,,
2008-10-18,,,,63.2,30.2,,,
2008-10-19,,,,58.6,33.3,,,
2008-10-20,,,,40.9,30.1,,,
2008-10-21,,,,36.1,27.0,,,
2008-10-22,,,,39.5,31.0,,,
2008-10-23,,,,61.6,31.7,,,
2008-10-24,,,,48.0,28.9,,,
2008-10-25,,,,58.9,34.2,,,
2008-10-26,,,,40.2,20.9,,,
2008-10-27,,,,48.7,14.8,,,
2008-10-28,,,,52.1,36.2,,,
2008-10-29,,,,71.9,54.9,,,
2008-10-30,,,,97.2,73.0,,,
2008-10-31,,,,81.4,82.3,,,
2008-11-01,,,,77.9,89.9,,,
2008-11-02,,,,101.1,101.9,,,
2008-11-03,,,,52.8,57.5,,,
2008-11-04,,,,64.8,47.2,,,
2008-11-05,,,40.5,66.5,33.8,,,
2008-11-06,,,22.9,39.4,17.6,,,
2008-11-07,,,24.1,32.3,13.5,,,
2008-11-08,,,24.1,39.8,9.6,,,
2008-11-09,,,15.5,30.2,12.6,,,
2008-11-10,,,12.1,23.5,11.4,,,
2008-11-11,,,10.2,44.4,15.1,,,
2008-11-12,,,21.1,58.2,14.4,,,
2008-11-13,,,15.3,35.0,15.6,,,
2008-11-14,,,26.4,54.1,15.9,,,
2008-11-15,,,21.6,43.2,13.2,,,
2008-11-16,,,18.0,62.2,17.1,,,
2008-11-17,,,19.9,61.4,11.1,,,
2008-11-18,,,16.9,30.2,13.0,,,
2008-11-19,,,30.0,44.9,8.8,,,
2008-11-20,,,26.3,46.4,7.7,,,
2008-11-21,,,20.5,32.5,14.5,,,
2008-11-22,,,22.4,24.9,34.6,,,
2008-11-23,,,19.2,21.8,25.2,,,
2008-11-24,,,23.4,54.3,17.0,,,
2008-11-25,,,40.6,55.3,69.6,,,
2008-11-26,,,45.9,62.7,19.4,,,
2008-11-27,,,15.5,33.4,17.5,,,
2008-11-28,,,30.3,45.3,59.5,,,
2008-11-29,,,27.5,33.8,23.5,,,
2008-11-30,,,20.5,24.8,39.9,,,
2008-12-01,,,47.6,72.7,65.7,,,
2008-12-02,,,41.2,88.4,54.4,,,
2008-12-03,,,29.4,40.1,33.5,,,
2008-12-04,,,19.0,30.1,19.0,,,
2008-12-05,,,11.5,50.4,,,,
2008-12-06,,,20.1,47.9,,,,
2008-12-07,,,19.0,29.8,,,,
2008-12-08,,,14.2,23.5,,,,
2008-12-09,,,5.3,19.2,,,,
2008-12-10,,,11.7,24.8,,,,
2008-12-11,,,20.9,,,,,
2008-12-12,,,13.9,21.2,16.5,,,
2008-12-13,,,11.9,30.5,16.4,,,
2008-12-14,,,18.4,26.2,30.2,,,
2008-12-15,,,38.0,57.5,45.6,,,
2008-12-16,,,108.7,146.1,,,,
2008-12-17,,,30.7,43.7,,,,
2008-12-18,,,14.2,22.4,17.6,,,
2008-12-19,,,17.5,25.9,21.3,,,
2008-12-20,,,13.0,19.0,12.2,,,
2008-12-21,,,10.1,16.4,17.3,,,
2008-12-22,,,19.6,34.7,22.0,,,
2008-12-23,,,18.0,30.9,16.2,,,
2008-12-24,,,21.7,32.7,15.6,,,
2008-12-25,,,16.6,50.8,12.8,,,
2008-12-26,,,9.4,45.7,12.9,,,
2008-12-27,,,10.8,30.0,,,,
2008-12-28,,,15.6,52.7,,,,
2008-12-29,,,16.6,66.5,,,,
2008-12-30,,,13.3,20.8,15.6,,,
2008-12-31,,,10.9,21.4,16.1,,,
2009-01-01,,,9.7,28.3,17.0,,,
2009-01-02,,,20.7,62.1,28.2,,,
2009-01-03,,,25.3,40.7,31.9,,,
2009-01-04,,,14.9,23.0,14.8,,,
2009-01-05,,,7.7,17.0,9.9,,,
2009-01-06,,,19.4,38.0,9.9,,,
2009-01-07,,,13.6,62.8,10.3,,,
2009-01-08,,,16.2,53.2,14.3,,,
2009-01-09,,,31.7,67.9,58.7,,,
2009-01-10,,,32.9,47.8,24.8,,,
2009-01-11,,,16.9,32.5,16.8,,,
2009-01-12,,,33.1,34.9,58.2,,,
2009-01-13,,,201.6,229.2,233.5,,,
2009-01-14,,,30.7,38.1,43.6,,,
2009-01-15,,,20.0,52.0,,,,
2009-01-16,,,25.0,37.2,,,,
2009-01-17,,,20.1,57.8,,,,
2009-01-18,,,15.7,50.9,,,,
2009-01-19,,,30.9,41.3,40.7,,,
2009-01-20,,,22.6,31.0,,,,
2009-01-21,,,53.5,66.6,,,,
2009-01-22,,,52.4,62.7,,,,
2009-01-23,,,15.7,15.3,,,,
2009-01-24,,,17.9,21.7,,,,
2009-01-25,,,18.9,25.3,,,,
2009-01-26,,,92.6,116.8,,,,
2009-01-27,,,29.1,40.4,,,,
2009-01-28,,,11.3,15.6,,,,
2009-01-29,,,16.8,22.8,,,,
2009-01-30,,,,40.6,,,,
2009-01-31,,,27.6,32.7,,,,
2009-02-01,,,20.8,30.9,,,,
2009-02-02,,,34.0,69.7,54.9,,,
2009-02-03,,,98.9,132.1,141.3,,,
2009-02-04,,,23.6,28.9,22.4,,,
2009-02-05,,,37.3,74.1,45.0,,,
2009-02-06,,,123.1,154.5,168.1,,,
2009-02-07,,,114.9,145.1,130.6,,,
2009-02-08,,,26.7,26.3,18.2,,,
2009-02-09,,,21.2,29.1,30.4,,,
2009-02-10,,,20.9,27.3,25.2,,,
2009-02-11,,,15.6,23.6,25.7,,,
2009-02-12,,,13.1,16.6,25.8,,,
2009-02-13,,,12.5,15.8,26.6,,,
2009-02-14,,,14.0,16.5,,,,
2009-02-15,,,13.3,16.2,,,,
2009-02-16,,,22.9,30.4,9.4,,,
2009-02-17,,,29.9,47.4,10.3,,,
2009-02-18,,,17.6,28.1,17.9,,,
2009-02-19,,,23.8,29.4,22.8,,,
2009-02-20,,,16.9,23.9,17.6,,,
2009-02-21,,,23.6,35.5,24.0,,,
2009-02-22,,,18.1,27.5,29.5,,,
2009-02-23,,,17.5,25.9,30.7,,,
2009-02-24,,,7.0,17.0,27.5,,,
2009-02-25,,,11.5,24.3,24.9,,,
2009-02-26,,,26.3,30.6,,,,
2009-02-27,,,24.6,28.3,,,,
2009-02-28,,,21.1,39.1,,,,
2009-03-01,,,34.1,30.7,,,,
2009-03-02,,,,51.0,,,,
2009-03-03,,,21.1,51.5,,,,
2009-03-04,,,23.9,48.3,,,,
2009-03-05,,,65.3,74.5,,,,
2009-03-06,,,45.1,58.9,,,,
2009-03-07,,,18.8,25.4,,,,
2009-03-08,,,24.2,29.4,,,,
2009-03-09,,,27.9,40.9,,,,
2009-03-10,,,29.0,44.0,,,,
2009-03-11,,,25.0,35.0,,,,
2009-03-12,,,25.1,33.8,,,,
2009-03-13,,,20.3,24.4,,,,
2009-03-14,,,23.8,43.9,,,,
2009-03-15,,,18.0,43.2,,,,
2009-03-16,,,12.2,40.7,,,,
2009-03-17,,,,19.7,,,,
2009-03-18,,,23.2,36.9,,,,
2009-03-19,,,21.5,41.1,,,,
2009-03-20,,,18.7,42.8,,,,
2009-03-21,,,18.1,24.1,,,,
2009-03-22,,,16.3,21.3,,,,
2009-03-23,,,20.7,31.3,,,,
2009-03-24,,,22.0,33.6,,,,
2009-03-25,,,29.5,44.7,,,,
2009-03-26,,,28.8,40.7,,,,
2009-03-27,,,27.4,38.8,,,,
2009-03-28,,,21.4,41.8,,,,
2009-03-29,,,78.7,106.9,,,,
2009-03-30,,,62.5,,,,,
2009-03-31,,,34.7,54.0,,,,
2009-04-01,,,52.9,,,,,
2009-04-02,,,20.6,34.6,,,,
2009-04-03,,,25.6,42.0,,,,
2009-04-04,,,29.1,40.1,,,,
2009-04-05,,,17.9,23.6,,,,
2009-04-06,,,24.6,35.3,,,,
2009-04-07,,,18.7,26.2,,,,
2009-04-08,,,12.9,30.0,,,,
2009-04-09,,,19.7,33.9,,,,
2009-04-10,,,32.5,47.9,,,,
2009-04-11,,,36.8,52.8,,,,
2009-04-12,,,42.0,63.3,,,,
2009-04-13,,,14.1,21.0,,,,
2009-04-14,,,32.3,45.4,,,,
2009-04-15,,,28.7,42.6,,,,
2009-04-16,,,25.6,52.9,,,,
2009-04-17,,,19.3,48.7,,,,
2009-04-18,,,21.8,38.8,,,,
2009-04-19,,,85.5,109.6,,,,
2009-04-20,,,16.2,32.0,,,,
2009-04-21,,,15.1,22.1,,,,
2009-04-22,,,16.1,25.7,,,,
2009-04-23,,,16.8,33.1,,,,
2009-04-24,,,30.0,44.2,,,,
2009-04-25,,,20.4,48.9,,,,
2009-04-26,,,19.1,40.4,,,,
2009-04-27,,,30.6,57.6,,,,
2009-04-28,,,17.6,32.1,,,,
2009-04-29,,,20.1,28.8,,,,
2009-04-30,,,20.6,35.5,,,,
2009-05-01,,,17.7,26.6,,,,
2009-05-02,,,24.2,34.6,,,,
2009-05-03,,,27.1,34.2,,,,
2009-05-04,,,23.0,35.4,,,,
2009-05-05,,,23.3,33.0,,,,
2009-05-06,,,,42.9,,,,
2009-05-07,,,,46.9,,,,
2009-05-08,,,27.7,38.7,,,,
2009-05-09,,,18.4,,,,,
2009-05-10,,,12.1,,,,,
2009-05-11,,,16.1,,,,,
2009-05-12,,,12.4,44.7,,,,
2009-05-13,,,9.9,,,,,
2009-05-14,,,22.1,,,,,
2009-05-15,,,80.1,,,,,
2009-05-16,,,88.6,149.7,,,,
2009-05-17,,,36.1,78.0,,,,
2009-05-18,,,33.6,63.4,,,,
2009-05-19,,,37.0,,,,,
2009-05-20,,,59.3,,,,,
2009-05-21,,,51.7,,,,,
2009-05-22,,,40.9,77.8,,,,
2009-05-23,,,52.3,,,,,
2009-05-24,,,37.9,,,,,
2009-05-25,,,30.1,,,,,
2009-05-26,,,34.8,,,,,
2009-05-27,,,39.0,,,,,
2009-05-28,,,34.7,,,,,
2009-05-29,,,33.9,,,,,
2009-05-30,,,25.8,46.7,,,,
2009-05-31,,,24.8,42.7,,,,
2009-06-01,,,26.6,48.7,,,,
2009-06-02,,,22.5,34.2,,,,
2009-06-03,,,15.9,25.0,,,,
2009-06-04,,,16.9,,,,,
2009-06-05,,,16.7,,,,,
2009-06-06,,,12.0,,,,,
2009-06-07,,,30.6,,,,,
2009-06-08,,,26.5,,,,,
2009-06-09,,,20.5,,,,,
2009-06-10,,,23.1,54.0,,,,
2009-06-11,,,29.6,53.0,,,,
2009-06-12,,,27.3,41.3,,,,
2009-06-13,,,22.9,44.9,,,,
2009-06-14,,,21.5,39.4,,,,
2009-06-15,,,26.9,44.7,,,,
2009-06-18,,,23.7,49.5,,,,
2009-06-19,,,23.2,46.1,,,,
2009-06-20,,,19.9,34.7,,,,
2009-06-21,,,30.9,46.7,,,,
2009-06-22,,,25.2,43.6,,,,
2009-06-23,,,23.3,39.1,,,,
2009-06-24,,,22.3,34.4,,,,
2009-06-25,,,14.0,30.9,,,,
2009-06-26,,,15.4,29.8,,,,
2009-06-27,,,28.7,44.6,,,,
2009-06-28,,,24.6,34.7,,,,
2009-06-29,,,20.0,34.2,,,,
2009-06-30,,,24.7,38.3,,,,
2009-07-01,,,23.6,40.4,,,,
2009-07-02,,,26.3,36.9,,,,
2009-07-03,,,21.5,35.1,35.3,,,
2009-07-04,,,22.2,35.4,32.8,,,
2009-07-05,,,20.2,29.7,31.0,,,
2009-07-06,,,26.3,32.9,29.6,,,
2009-07-07,,,26.3,41.7,32.6,,,
2009-07-08,,,23.2,56.7,31.8,,,
2009-07-09,,,29.5,55.0,29.7,,,
2009-07-10,,,25.5,38.5,35.9,,,
2009-07-11,,,26.5,41.7,37.8,,,
2009-07-12,,,21.0,33.0,31.6,,,
2009-07-13,,,22.3,43.9,27.3,,,
2009-07-14,,,17.4,42.5,27.4,,,
2009-07-15,,,19.7,45.0,29.3,,,
2009-07-16,,,22.9,41.9,19.6,,,
2009-07-17,,,21.1,29.8,22.6,,,
2009-07-18,,,40.3,72.2,52.8,,,
2009-07-19,,,22.5,39.1,47.5,,,
2009-07-20,,,24.2,47.5,36.0,,,
2009-07-21,,,29.2,50.4,30.9,,,
2009-07-22,,,22.6,39.2,22.7,,,
2009-07-23,,,20.9,29.5,18.9,,,
2009-07-24,,,25.1,46.0,19.3,,,
2009-07-25,,,44.6,66.6,53.0,,,
2009-07-26,,,44.5,62.9,48.5,,,
2009-07-27,,,27.7,46.0,37.2,,,
2009-07-28,,,24.5,32.0,29.3,,,
2009-07-29,,,,36.0,26.7,,,
2009-07-30,,,,39.9,32.9,,,
2009-07-31,,,38.3,48.6,,,,
2009-08-01,,,,44.2,,,,
2009-08-02,,,,38.3,,,,
2009-08-03,,,,43.1,,,,
2009-08-04,,,,43.3,,,,
2009-08-05,,,23.9,30.4,,,,
2009-08-06,,,26.8,38.8,,,,
2009-08-07,,,26.5,41.5,,,,
2009-08-08,,,27.3,37.6,,,,
2009-08-09,,,26.5,37.6,,,,
2009-08-10,,,22.9,36.0,,,,
2009-08-11,,,28.4,,,,,
2009-08-12,,,27.6,,35.3,,,
2009-08-13,,,22.2,34.8,,,,
2009-08-14,,,23.7,33.6,,,,
2009-08-15,,,18.4,28.3,,,,
2009-08-16,,,17.6,29.1,,,,
2009-08-17,,,23.0,35.1,,,,
2009-08-18,,,28.0,38.9,,,,
2009-08-19,,,33.7,43.4,,,,
2009-08-20,,,35.8,44.6,,,,
2009-08-21,,,37.4,46.9,,,,
2009-08-22,,,34.3,42.4,,,,
2009-08-23,,,34.9,37.2,,,,
2009-08-24,,,35.4,46.8,170.0,,,
2009-08-25,,,37.1,39.3,,,,
2009-08-26,,,23.8,40.5,41.1,,,
2009-08-27,,,25.5,41.6,36.2,,,
2009-08-28,,,28.0,40.1,37.4,,,
2009-08-29,,,32.1,49.3,37.1,,,
2009-08-30,,,35.2,44.7,39.8,,,
2009-08-31,,,33.0,47.5,33.3,,,
2009-09-01,,,18.2,44.6,35.3,,,
2009-09-02,,,20.8,,37.5,,,
2009-09-03,,,28.6,47.1,,,,
2009-09-04,,,30.6,38.0,54.0,,,
2009-09-05,,,29.9,37.6,,,,
2009-09-06,,,27.6,32.2,,,,
2009-09-07,,,23.7,32.1,,,,
2009-09-08,,,18.7,28.7,,,,
2009-09-09,,,14.6,35.7,,,,
2009-09-10,,,21.6,35.1,,,,
2009-09-11,,,21.6,33.2,,,,
2009-09-12,,,28.1,34.9,,,,
2009-09-13,,,28.4,34.6,,,,
2009-09-14,,,33.8,46.0,,,,
2009-09-15,,,22.3,54.7,,,,
2009-09-16,,,37.5,71.0,,,,
2009-09-17,,,37.9,49.9,,,,
2009-09-18,,,25.7,41.8,,,,
2009-09-19,,,15.1,31.1,,,,
2009-09-20,,,16.8,29.9,,,,
2009-09-21,,,16.8,22.5,,,,
2009-09-22,,,,37.6,,,,
2009-09-23,,,,31.7,,,,
2009-09-24,,,17.9,44.0,,,,
2009-09-25,,,20.1,36.5,,,,
2009-09-26,,,33.2,43.5,,,,
2009-09-27,,,23.8,43.0,,,,
2009-09-28,,,17.2,28.2,,,,
2009-09-29,,,15.2,31.2,,,,
2009-09-30,,,14.4,32.5,,,,
2009-10-01,,,15.0,45.6,,,,
2009-10-02,,,23.4,34.4,,,,
2009-10-03,,,28.6,39.8,,,,
2009-10-04,,,25.1,34.0,,,,
2009-10-05,,,30.6,43.8,,,,
2009-10-06,,,33.6,49.9,,,,
2009-10-07,,,,45.0,,,,
2009-10-08,,,,54.0,,,,
2009-10-09,,,,42.1,,,,
2009-10-10,,,,37.7,,,,
2009-10-11,,,,39.5,,,,
2009-10-12,,,,32.6,,,,
2009-10-13,,,,30.6,,,,
2009-10-14,,,,33.3,,,,
2009-10-15,,,,29.2,,,,
2009-10-16,,,,30.4,,,,
2009-10-17,,,18.6,24.4,,,,
2009-10-18,,,16.1,23.4,,,,
2009-10-19,,,22.0,25.4,,,,
2009-10-20,,,18.1,,,,,
2009-10-21,,,32.8,64.1,,,,
2009-10-22,,,54.0,79.5,,,,
2009-10-23,,,49.7,63.2,,,,
2009-10-24,,,27.0,33.8,,,,
2009-10-25,,,13.7,24.0,,,,
2009-10-26,,,21.1,39.2,,,,
2009-10-27,,,31.8,51.2,,,,
2009-10-28,,,32.4,47.8,,,,
2009-10-29,,,29.2,,,,,
2009-10-30,,,24.5,,,,,
2009-10-31,,,27.5,,21.3,,,
2009-11-01,,,17.7,,19.2,,,
2009-11-02,,,18.9,,19.3,,,
2009-11-03,,,23.2,,66.2,,,
2009-11-04,,,21.7,,33.6,,,
2009-11-05,,,26.8,,105.7,,,
2009-11-06,,,16.5,,9.7,,,
2009-11-07,,,12.6,,11.9,,,
2009-11-08,,,11.4,,19.4,,,
2009-11-09,,,15.2,,14.3,,,
2009-11-10,,,17.0,,19.2,,,
2009-11-11,,,17.9,,23.0,,,
2009-11-12,,,,,17.6,,,
2009-11-13,,,,,12.0,,,
2009-11-14,,,14.8,,13.0,,,
2009-11-15,,,14.8,,16.8,,,
2009-11-16,,,21.7,,17.4,,,
2009-11-17,,,20.3,,16.9,,,
2009-11-18,,,19.9,,15.9,,,
2009-11-19,,,23.6,67.3,33.6,,,
2009-11-20,,,24.6,,35.3,,,
2009-11-21,,,26.2,44.6,37.8,,,
2009-11-22,,,38.2,55.5,43.7,,,
2009-11-23,,,45.4,60.9,39.9,,,
2009-11-24,,,,34.1,30.1,,,
2009-11-25,,,,42.3,20.5,,,
2009-11-26,,,,60.5,20.1,,,
2009-11-27,,,,73.5,27.7,,,
2009-11-28,,,,69.3,49.9,,,
2009-11-29,,,,50.7,20.8,,,
2009-11-30,,,,61.0,16.5,,,
2009-12-01,,,,40.5,4.5,,,
2009-12-02,,,,24.0,5.3,,,
2009-12-03,,,,33.3,5.1,,,
2009-12-04,,,,24.0,31.2,,,
2009-12-05,,,,23.7,29.0,,,
2009-12-06,,,,29.3,21.9,,,
2009-12-07,,,,51.3,22.7,,,
2009-12-08,,,,43.3,24.0,,,
2009-12-09,,,,30.7,25.1,,,
2009-12-10,,,,19.8,20.2,,,
2009-12-11,,,,25.6,20.0,,,
2009-12-12,,,18.0,24.2,13.1,,,
2009-12-13,,,13.3,34.7,15.6,,,
2009-12-14,,,22.6,38.4,30.9,,,
2009-12-15,,,35.6,45.5,44.5,,,
2009-12-16,,,20.0,27.1,23.4,,,
2009-12-17,,,25.5,31.8,36.1,,,
2009-12-18,,,26.3,34.8,23.9,,,
2009-12-19,,,51.0,64.3,72.6,,,
2009-12-20,,,21.7,22.7,16.4,,,
2009-12-21,,,23.4,28.3,17.7,,,
2009-12-22,,,47.1,48.9,54.9,,,
2009-12-23,,,75.9,81.8,76.5,,,
2009-12-24,,,46.6,50.0,46.5,,,
2009-12-25,,,40.8,39.2,47.7,,,
2009-12-26,,,38.2,44.9,36.7,,,
2009-12-27,,,26.5,30.2,22.6,,,
2009-12-28,,,28.9,26.6,29.4,,,
2009-12-29,,,31.0,27.6,32.0,,,
2009-12-30,,,52.9,47.0,53.1,,,
2009-12-31,,,53.8,57.4,52.8,,,
2010-01-01,,,41.7,40.8,38.3,,,
2010-01-02,,,27.3,25.6,26.7,,,
2010-01-03,,,21.2,21.5,19.9,,,
2010-01-04,,,19.0,41.3,22.3,,,
2010-01-05,,,34.7,40.7,42.7,,,
2010-01-06,,,60.5,58.6,55.1,,,
2010-01-07,,,44.6,73.8,44.1,,,
2010-01-08,,,80.8,83.1,92.6,,,
2010-01-09,,,66.1,60.8,51.7,,,
2010-01-10,,,17.5,20.1,11.5,,,
2010-01-11,,,35.0,44.2,25.1,,,
2010-01-12,,,36.3,36.0,19.6,,,
2010-01-13,,,17.9,28.7,18.2,,,
2010-01-14,,,34.1,42.1,18.7,,,
2010-01-15,,,16.6,27.2,16.8,,,
2010-01-16,,,20.2,24.3,10.4,,,
2010-01-17,,,30.8,33.6,19.6,,,
2010-01-18,,,28.6,34.6,11.4,,,
2010-01-19,,,27.7,43.8,12.8,,,
2010-01-20,,,40.3,58.1,9.2,,,
2010-01-21,,,,21.8,20.5,,,
2010-01-22,,,,,13.7,,,
2010-01-23,,,,26.9,,,,
2010-01-24,,,,35.0,,,,
2010-01-25,,,,35.6,24.2,,,
2010-01-26,,,,44.3,43.2,,,
2010-01-27,,,,206.0,207.2,,,
2010-01-28,,,,102.7,70.6,,,
2010-01-29,,,,25.2,15.9,,,
2010-01-30,,,,21.6,20.1,,,
2010-01-31,,,,22.7,23.1,,,
2010-02-01,,,,32.7,25.8,,,
2010-02-02,,,,25.9,18.4,,,
2010-02-03,,,,32.3,20.0,,,
2010-02-04,,,,59.5,20.3,,,
2010-02-05,,,,39.4,25.2,,,
2010-02-06,,,,30.3,15.9,,,
2010-02-07,,,,21.3,24.2,,,
2010-02-08,,,,34.6,21.2,,,
2010-02-09,,,,47.8,18.6,,,
2010-02-10,,,15.0,25.0,22.1,,,
2010-02-11,,,,23.8,15.9,,,
2010-02-12,,,22.0,29.6,20.2,,,
2010-02-13,,,18.0,31.5,20.6,,,
2010-02-14,,,16.3,28.9,19.7,,,
2010-02-15,,,28.6,34.6,24.3,,,
2010-02-16,,,47.5,87.9,81.9,,,
2010-02-17,,,107.6,153.1,122.0,,,
2010-02-18,,,131.7,,160.4,,,
2010-02-19,,,159.1,,283.3,,,
2010-02-20,,,317.2,,366.4,,,
2010-02-21,,,23.2,,19.6,,,
2010-02-22,,,36.1,,44.8,,,
2010-02-23,,,28.1,,45.9,,,
2010-02-24,,,26.2,,24.2,,,
2010-02-25,,,,42.6,32.7,,,
2010-02-26,,,24.7,,26.3,,,
2010-02-27,,,30.8,37.2,28.3,,,
2010-02-28,,,20.6,41.1,23.0,,,
2010-03-01,,,33.7,67.7,28.1,,,
2010-03-02,,,27.5,36.1,28.9,,,
2010-03-03,,,21.7,43.6,37.5,,,
2010-03-04,,,38.0,46.4,31.8,,,
2010-03-05,,,21.1,28.0,20.2,,,
2010-03-06,,,18.3,28.1,15.9,,,
2010-03-07,,,13.5,19.7,18.7,,,
2010-03-08,,,11.0,21.7,9.2,,,
2010-03-09,,,24.8,41.9,39.2,,,
2010-03-10,,,34.1,47.4,28.4,,,
2010-03-11,,,27.1,35.5,20.2,,,
2010-03-12,,,18.1,36.1,16.9,,,
2010-03-13,,,,23.4,12.1,,,
2010-03-14,,,17.1,23.4,14.7,,,
2010-03-15,,,24.8,30.4,23.1,,,
2010-03-16,,,38.0,38.2,26.2,,,
2010-03-17,,,23.9,36.5,17.2,,,
2010-03-18,,,28.8,38.5,13.2,,,
2010-03-19,,,17.7,37.1,17.8,,,
2010-03-20,,,15.8,,19.2,,,
2010-03-21,,,16.6,,19.6,,,
2010-03-22,,,12.2,,18.2,,,
2010-03-23,,,12.9,33.1,18.9,,,
2010-03-24,,,,47.5,44.3,,,
2010-03-25,,,,50.5,33.5,,,
2010-03-26,,,24.4,48.2,44.7,,,
2010-03-27,,,32.1,46.7,34.5,,,
2010-03-28,,,25.6,32.4,29.0,,,
2010-03-29,,,19.8,27.6,16.5,,,
2010-03-30,,,23.7,45.7,31.6,,,
2010-03-31,,,26.5,34.5,30.4,,,
2010-04-01,,,22.2,38.8,30.6,,,
2010-04-02,,,19.7,28.1,35.8,,,
2010-04-03,,,22.9,,29.9,,,
2010-04-04,,,15.1,,35.5,,,
2010-04-05,,,23.8,,29.0,,,
2010-04-06,,,,34.9,20.1,,,
2010-04-07,,,13.4,31.2,21.9,,,
2010-04-08,,,15.1,24.3,24.1,,,
2010-04-09,,,28.3,35.5,30.6,,,
2010-04-10,,,23.4,31.7,23.0,,,
2010-04-11,,,21.9,26.0,23.2,,,
2010-04-12,,,26.0,41.8,44.3,,,
2010-04-13,,,36.0,61.9,50.8,,,
2010-04-14,,,38.3,62.8,54.7,,,
2010-04-15,,,126.3,138.9,109.3,,,
2010-04-16,,,168.2,185.5,129.5,,,
2010-04-17,,,48.5,76.8,63.0,,,
2010-04-18,,,43.4,63.1,62.6,,,
2010-04-19,,,33.3,44.6,27.2,,,
2010-04-20,,,24.8,31.5,11.4,,,
2010-04-21,,,26.2,30.3,13.3,,,
2010-04-22,,,20.1,40.7,21.0,,,
2010-04-23,,,38.1,62.3,45.1,,,
2010-04-24,,,31.4,43.4,24.5,,,
2010-04-25,,,22.8,28.1,19.3,,,
2010-04-26,,,34.8,46.7,27.5,,,
2010-04-27,,,33.3,45.6,21.0,,,
2010-04-28,,,30.7,41.8,14.4,,,
2010-04-29,,,33.1,46.3,,,,
2010-04-30,,,19.0,27.6,,,,
2010-05-01,,,19.8,29.3,,,,
2010-05-02,,,,37.0,,,,
2010-05-03,,,31.6,43.4,42.2,,,
2010-05-04,,,,65.7,55.5,,,
2010-05-05,,,60.3,69.9,55.1,,,
2010-05-06,,,21.3,30.4,16.8,,,
2010-05-07,,,17.7,32.9,18.5,,,
2010-05-08,,,29.0,28.5,23.7,,,
2010-05-09,,,25.5,31.3,14.1,,,
2010-05-10,,,18.6,36.7,21.0,,,
2010-05-11,,,25.0,42.4,28.2,,,
2010-05-12,,,26.9,38.2,25.6,,,
2010-05-13,,,30.2,37.7,22.0,,,
2010-05-14,,,42.0,59.9,53.0,,,
2010-05-15,,,57.0,52.4,25.3,,,
2010-05-16,,,20.9,27.9,17.6,,,
2010-05-17,,,35.8,39.8,25.8,,,
2010-05-18,,,32.7,42.1,,,,
2010-05-19,,,32.4,38.6,,,,
2010-05-20,,,37.9,42.8,32.6,,,
2010-05-21,,,33.4,40.4,28.3,,,
2010-05-22,,,23.0,23.4,16.0,,,
2010-05-23,,,30.2,23.5,11.5,,,
2010-05-24,,,11.8,22.5,9.4,,,
2010-05-25,,,24.2,32.5,15.2,,,
2010-05-26,,,33.6,,16.4,,,
2010-05-27,,,21.4,,22.5,,,
2010-05-28,,,29.5,,34.0,,,
2010-05-29,,,61.3,,62.2,,,
2010-05-30,,,41.7,,40.8,,,
2010-05-31,,,32.9,,30.3,,,
2010-06-01,,,37.5,,31.5,,,
2010-06-02,,,29.0,35.3,21.7,,,
2010-06-03,,,,31.1,20.1,,,
2010-06-04,,,24.0,31.2,17.6,,,
2010-06-05,,,20.9,28.3,12.5,,,
2010-06-06,,,22.6,25.7,10.2,,,
2010-06-07,,,15.0,16.9,2.9,,,
2010-06-08,,,15.8,31.4,17.5,,,
2010-06-09,,,13.7,25.9,17.1,,,
2010-06-10,,,16.2,,16.1,,,
2010-06-11,,,16.7,39.6,32.9,,,
2010-06-12,,,23.1,35.0,24.6,,,
2010-06-13,,,41.2,58.2,40.6,,,
2010-06-14,,,72.7,92.8,62.7,,,
2010-06-15,,,63.3,95.5,86.6,,,
2010-06-16,,,84.6,109.4,66.5,,,
2010-06-17,,,,80.1,60.4,,,
2010-06-18,,,71.9,89.4,74.9,,,
2010-06-19,,,37.8,40.0,19.1,,,
2010-06-20,,,24.8,26.3,15.2,,,
2010-06-21,,,30.4,33.6,14.1,,,
2010-06-22,,,42.1,37.7,19.8,,,
2010-06-23,,,30.0,36.2,22.4,,,
2010-06-24,,,25.6,32.7,16.8,,,
2010-06-25,,,23.5,33.9,10.9,,,
2010-06-26,,,,35.4,14.4,,,
2010-06-27,,,20.4,32.9,15.1,,,
2010-06-28,,,26.6,39.0,14.0,,,
2010-06-29,,,27.1,30.9,17.6,,,
2010-06-30,,,37.8,45.1,23.0,,,
2010-07-01,,,34.5,46.3,24.4,,,
2010-07-02,,,40.4,52.5,26.3,,,
2010-07-03,,,35.5,41.8,21.4,,,
2010-07-04,,,33.6,38.7,27.2,,,
2010-07-05,,,48.7,,27.1,,,
2010-07-06,,,42.0,,28.5,,,
2010-07-07,,,,53.6,30.8,,,
2010-07-08,,,,42.0,29.2,,,
2010-07-09,,,,38.5,22.9,,,
2010-07-10,,,,33.3,18.6,,,
2010-07-11,,,,28.0,20.8,,,
2010-07-12,,,,29.0,14.9,,,
2010-07-13,,,26.8,31.5,16.6,,,
2010-07-14,,,34.2,40.1,18.4,,,
2010-07-15,,,39.5,66.6,21.2,,,
2010-07-16,,,42.6,65.0,31.9,,,
2010-07-17,,,44.3,68.2,38.7,,,
2010-07-18,,,41.8,50.6,36.3,,,
2010-07-19,,,50.8,63.0,41.9,,,
2010-07-20,,,,50.1,32.4,,,
2010-07-21,,,29.4,38.7,18.4,,,
2010-07-22,,,32.3,47.4,20.7,,,
2010-07-23,,,,41.7,24.9,,,
2010-07-24,,,60.4,61.3,40.4,,,
2010-07-25,,,35.9,43.4,33.7,,,
2010-07-26,,,33.4,39.7,33.4,,,
2010-07-27,,,28.9,36.1,27.7,,,
2010-07-28,,,24.6,30.3,22.2,,,
2010-07-29,,,25.0,35.4,25.6,,,
2010-07-30,,,24.8,30.8,19.3,,,
2010-07-31,,,22.3,28.9,26.5,,,
2010-08-01,,,23.3,29.0,19.4,,,
2010-08-02,,,25.5,32.5,16.2,,,
2010-08-03,,,20.2,26.1,16.5,,,
2010-08-04,,,26.6,33.8,29.4,,,
2010-08-05,,,32.2,38.5,34.0,,,
2010-08-06,,,31.2,40.0,29.3,,,
2010-08-07,,,28.3,35.2,27.1,,,
2010-08-08,,,27.3,30.9,27.0,,,
2010-08-09,,,30.3,40.3,22.1,,,
2010-08-10,,,32.5,40.3,19.0,,,
2010-08-11,,,31.3,43.1,15.1,,,
2010-08-12,,,29.6,33.6,17.1,,,
2010-08-13,,,31.1,39.0,20.2,,,
2010-08-14,,,,33.9,27.4,,,
2010-08-15,,,25.6,46.7,38.4,,,
2010-08-16,,,39.7,64.3,35.3,,,
2010-08-17,,,46.0,49.0,34.6,,,
2010-08-18,,,31.8,39.6,,,,
2010-08-19,,,27.3,31.7,,,,
2010-08-20,,,30.6,36.5,,,,
2010-08-21,,,34.1,35.7,,,,
2010-08-22,,,,37.5,,,,
2010-08-23,,,37.5,42.6,44.1,,,
2010-08-24,,,33.7,39.8,36.5,,,
2010-08-25,,,,43.3,37.7,,,
2010-08-26,,,43.8,48.5,45.2,,,
2010-08-27,,,41.0,49.1,33.0,,,
2010-08-28,,,29.8,51.9,24.1,,,
2010-08-29,,,40.0,62.2,36.4,,,
2010-08-30,,,35.2,55.7,33.4,,,
2010-08-31,,,36.7,59.0,29.4,,,
2010-09-01,,,19.4,34.4,23.9,,,
2010-09-02,,,20.8,43.2,26.7,,,
2010-09-03,,,22.4,45.1,21.0,,,
2010-09-04,,,16.3,30.5,,,,
2010-09-05,,,14.8,26.0,,,,
2010-09-06,,,29.3,37.1,,,,
2010-09-07,,,15.7,33.4,,,,
2010-09-08,,,18.6,27.8,,,,
2010-09-09,,,15.1,36.7,,,,
2010-09-10,,,17.3,34.4,,,,
2010-09-11,,,22.6,36.4,,,,
2010-09-12,,,16.9,22.4,,,,
2010-09-13,,,23.4,34.5,,,,
2010-09-14,,,28.5,44.9,,,,
2010-09-15,,,17.9,38.4,,,,
2010-09-16,,,29.2,49.7,,,,
2010-09-17,,,18.6,40.0,,,,
2010-09-18,,,19.4,43.5,,,,
2010-09-19,,,22.3,36.8,,,,
2010-09-20,,,21.1,30.1,,,,
2010-09-21,,,25.0,36.0,,,,
2010-09-22,,,20.5,39.1,,,,
2010-09-23,,,21.3,35.9,,,,
2010-09-24,,,24.8,40.9,,,,
2010-09-25,,,21.0,39.9,,,,
2010-09-26,,,19.2,33.6,,,,
2010-09-27,,,17.7,51.6,20.4,,,
2010-09-28,,,23.4,40.4,24.0,,,
2010-09-29,,,21.2,32.6,19.5,,,
2010-09-30,,,20.9,37.9,19.2,,,
2010-10-01,,,24.4,38.7,18.5,,,
2010-10-02,,,29.2,42.6,16.7,,,
2010-10-03,,,15.8,50.4,16.8,,,
2010-10-04,,,16.6,34.2,20.9,,,
2010-10-05,,,17.2,31.3,,,,
2010-10-06,,,21.4,37.4,,,,
2010-10-07,,,22.4,38.7,,,,
2010-10-08,,,17.0,35.5,34.2,,,
2010-10-09,,,12.6,29.7,18.2,,,
2010-10-10,,,12.9,36.7,24.4,,,
2010-10-11,,,33.8,65.3,32.8,,,
2010-10-12,,,53.5,73.2,50.4,,,
2010-10-13,,,86.7,120.1,100.0,,,
2010-10-14,,,45.0,73.9,39.2,,,
2010-10-15,,,23.0,33.5,16.3,,,
2010-10-16,,,23.3,72.2,13.8,,,
2010-10-17,,,13.0,36.0,14.9,,,
2010-10-18,,,11.1,22.0,15.9,,,
2010-10-19,,,14.8,19.4,23.1,,,
2010-10-20,,,26.2,38.8,30.6,,,
2010-10-21,,,29.0,43.4,20.4,,,
2010-10-22,,,32.5,47.7,17.2,,,
2010-10-23,,,24.3,51.2,18.4,,,
2010-10-24,,,13.4,36.7,17.3,,,
2010-10-25,,,19.0,27.2,13.2,,,
2010-10-26,,,18.8,33.5,10.2,,,
2010-10-27,,,15.7,27.5,12.5,,,
2010-10-28,,,21.5,36.8,21.2,,,
2010-10-29,,,33.8,63.8,15.2,,,
2010-10-30,,,25.4,57.1,12.0,,,
2010-10-31,,,13.4,33.5,19.8,,,
2010-11-01,,,53.5,90.3,56.3,,,
2010-11-02,,,72.0,111.3,51.3,,,
2010-11-03,,,22.8,51.1,17.4,,,
2010-11-04,,,19.7,49.3,12.6,,,
2010-11-05,,,21.7,38.9,28.9,,,
2010-11-06,,,23.1,43.8,31.5,,,
2010-11-07,,,21.1,52.2,33.6,,,
2010-11-08,,,20.6,30.0,32.2,,,
2010-11-09,,,90.8,132.9,155.1,,,
2010-11-10,,,173.9,232.1,240.9,,,
2010-11-11,,,81.7,96.4,66.5,,,
2010-11-12,,,15.0,24.5,17.9,,,
2010-11-13,,,18.7,29.9,20.0,,,
2010-11-14,,,22.6,54.5,21.9,,,
2010-11-15,,,,56.2,17.9,,,
2010-11-16,,,21.3,43.9,20.5,,,
2010-11-17,,,16.3,25.4,19.5,,,
2010-11-18,,,27.9,60.9,25.2,,,
2010-11-19,,,32.6,91.5,19.1,,,
2010-11-20,,,23.7,81.5,18.5,,,
2010-11-21,,,19.7,56.3,21.9,,,
2010-11-22,,,26.2,38.3,27.1,,,
2010-11-23,,,19.2,28.6,21.2,,,
2010-11-24,,,16.9,26.0,14.1,,,
2010-11-25,,,30.5,58.1,13.7,,,
2010-11-26,,,32.5,42.9,24.5,,,
2010-11-27,,,17.4,32.2,24.7,,,
2010-11-28,,,91.7,114.1,122.9,,,
2010-11-29,,,41.9,50.2,30.3,,,
2010-11-30,,,82.2,108.0,121.2,,,
2010-12-01,,,78.1,107.0,105.0,,,
2010-12-02,,,28.3,58.5,15.8,,,
2010-12-03,,,34.5,52.4,20.8,,,
2010-12-04,,,17.9,22.9,14.5,,,
2010-12-05,,,13.5,24.7,12.5,,,
2010-12-06,,,19.1,33.1,22.3,,,
2010-12-07,,,35.6,75.5,30.0,,,
2010-12-08,,,31.5,62.5,38.2,,,
2010-12-09,,,69.9,87.4,53.7,,,
2010-12-10,,,40.6,50.4,38.4,,,
2010-12-11,,,15.7,20.9,14.4,,,
2010-12-12,,,19.6,34.0,18.5,,,
2010-12-13,,,25.3,33.3,27.3,,,
2010-12-14,,,24.5,33.2,17.7,,,
2010-12-15,,,20.9,28.2,26.8,,,
2010-12-16,,,12.3,18.1,14.5,,,
2010-12-17,,,14.9,22.0,11.0,,,
2010-12-18,,,24.8,41.3,37.7,,,
2010-12-19,,,51.9,99.3,66.3,,,
2010-12-20,,,66.4,83.5,64.0,,,
2010-12-21,,,32.7,54.6,15.4,,,
2010-12-22,,,29.1,60.3,34.1,,,
2010-12-23,,,50.8,70.2,63.8,,,
2010-12-24,,,64.7,77.6,58.6,,,
2010-12-25,,,18.8,26.9,15.6,,,
2010-12-26,,,13.3,18.7,6.7,,,
2010-12-27,,,24.6,37.9,10.3,,,
2010-12-28,,,23.0,39.1,8.2,,,
2010-12-29,,,29.5,50.0,6.1,,,
2010-12-30,,,17.4,55.7,15.6,,,
2010-12-31,,,11.1,46.2,13.3,,,
2011-01-01,,,13.6,25.8,11.0,,,
2011-01-02,,,18.0,26.2,8.8,,,
2011-01-03,,,19.6,33.4,6.3,,,
2011-01-04,,,30.5,58.9,11.6,,,
2011-01-05,,,22.9,60.4,13.4,,,
2011-01-06,,,,67.3,13.0,,,
2011-01-07,,,14.4,94.8,15.3,,,
2011-01-08,,,17.7,64.1,20.2,,,
2011-01-09,,,22.0,58.7,20.8,,,
2011-01-10,,,17.3,,11.9,,,
2011-01-11,,,20.9,34.9,16.8,,,
2011-01-12,,,16.2,28.1,9.6,,,
2011-01-13,,,22.6,39.8,11.7,,,
2011-01-14,,,28.0,42.0,12.8,,,
2011-01-15,,,23.5,29.3,18.6,,,
2011-01-16,,,24.4,43.3,21.8,,,
2011-01-17,,,28.6,75.5,20.6,,,
2011-01-18,,,41.4,66.8,13.9,,,
2011-01-19,,,31.0,44.9,14.8,,,
2011-01-20,,,23.6,31.3,11.1,,,
2011-01-21,,,27.1,40.2,19.9,,,
2011-01-22,,,15.3,23.7,9.2,,,
2011-01-23,,,17.8,27.9,7.7,,,
2011-01-24,,,28.5,38.1,9.8,,,
2011-01-25,,,14.9,27.0,9.4,,,
2011-01-26,,,22.4,46.0,9.4,,,
2011-01-27,,,84.1,115.7,106.3,,,
2011-01-28,,,36.3,44.6,27.2,,,
2011-01-29,,,30.5,58.0,20.6,,,
2011-01-30,,,39.4,65.0,34.4,,,
2011-01-31,,,15.1,25.5,13.0,,,
2011-02-01,,,16.9,28.8,12.2,,,
2011-02-02,,,21.5,32.6,12.8,,,
2011-02-03,,,,21.9,14.7,,,
2011-02-04,,,,40.8,12.6,,,
2011-02-05,,,,30.1,15.4,,,
2011-02-06,,,,28.7,15.8,,,
2011-02-07,,,,62.9,,,,
2011-02-08,,,43.1,,,,,
2011-02-09,,,41.2,55.2,,,,
2011-02-10,,,34.9,48.6,,,,
2011-02-11,,,31.2,47.6,,,,
2011-02-12,,,23.1,27.2,,,,
2011-02-13,,,21.1,34.7,,,,
2011-02-14,,,20.7,32.3,18.3,,,
2011-02-15,,,28.3,40.8,13.2,,,
2011-02-16,,,17.0,36.4,22.9,,,
2011-02-17,,,53.4,84.4,66.0,,,
2011-02-18,,,41.8,47.4,47.1,,,
2011-02-19,,,29.3,37.0,30.7,,,
2011-02-20,,,20.6,30.5,17.4,,,
2011-02-21,,,18.9,,18.9,,,
2011-02-22,,,20.7,25.4,16.1,,,
2011-02-23,,,11.2,17.0,11.0,,,
2011-02-24,,,17.5,23.4,19.7,,,
2011-02-25,,,26.2,34.8,17.7,,,
2011-02-26,,,20.4,27.3,14.1,,,
2011-02-27,,,19.0,26.2,15.2,,,
2011-02-28,,,19.4,52.5,19.5,,,
2011-03-01,,,19.2,26.2,11.7,,,
2011-03-02,,,16.2,26.8,14.2,,,
2011-03-03,,,16.1,46.7,13.6,,,
2011-03-04,,,29.2,42.8,32.4,,,
2011-03-05,,,34.6,44.4,28.0,,,
2011-03-06,,,15.7,18.4,12.5,,,
2011-03-07,,,22.9,29.9,18.0,,,
2011-03-08,,,20.5,33.2,18.7,,,
2011-03-09,,,15.2,32.2,17.7,,,
2011-03-10,,,26.0,52.9,16.3,,,
2011-03-11,,,27.2,40.7,15.8,,,
2011-03-12,,,15.9,40.6,18.6,,,
2011-03-13,,,48.9,66.7,75.1,,,
2011-03-14,,,65.4,94.3,83.0,,,
2011-03-15,,,248.8,323.0,207.0,,,
2011-03-16,,,82.5,118.9,101.8,,,
2011-03-17,,,32.7,38.9,21.2,,,
2011-03-18,,,35.5,48.5,28.4,,,
2011-03-19,,,26.6,31.7,22.9,,,
2011-03-20,,,16.8,28.0,13.2,,,
2011-03-21,,,17.7,36.6,12.5,,,
2011-03-22,,,20.0,31.9,,,,
2011-03-23,,,22.3,28.9,,,,
2011-03-24,,,27.8,40.6,,,,
2011-03-25,,,26.6,36.8,,,,
2011-03-26,,,24.9,44.6,27.8,,,
2011-03-27,,,26.7,42.0,24.4,,,
2011-03-28,,,20.8,47.7,25.3,,,
2011-03-29,,,24.8,31.3,21.9,,,
2011-03-30,,,19.6,32.8,17.2,,,
2011-03-31,,,17.2,20.6,21.4,,,
2011-04-01,,,23.4,26.0,27.9,,,
2011-04-02,,,31.1,34.4,27.8,,,
2011-04-03,,,27.1,32.8,25.3,,,
2011-04-04,,,26.3,29.3,22.6,,,
2011-04-05,,,27.7,33.9,26.4,,,
2011-04-06,,,24.3,31.4,28.4,,,
2011-04-07,,,28.0,,22.9,,,
2011-04-08,,,28.2,35.7,23.8,,,
2011-04-09,,,23.7,27.5,22.0,,,
2011-04-10,,,28.3,32.6,25.8,,,
2011-04-11,,,25.3,34.5,27.8,,,
2011-04-12,,,27.3,39.6,23.3,,,
2011-04-13,,,38.3,43.5,32.0,,,
2011-04-14,,,21.1,34.0,24.2,,,
2011-04-15,,,19.3,35.7,24.6,,,
2011-04-16,,,22.2,30.1,21.0,,,
2011-04-17,,,16.6,27.4,16.8,,,
2011-04-18,,,22.0,26.8,20.6,,,
2011-04-19,,,24.2,35.9,26.7,,,
2011-04-20,,,26.2,38.6,29.0,,,
2011-04-21,,,32.3,45.3,36.1,,,
2011-04-22,,,17.3,25.6,25.4,,,
2011-04-23,,,19.1,28.0,30.9,,,
2011-04-24,,,24.2,31.5,37.4,,,
2011-04-25,,,39.7,51.7,50.9,,,
2011-04-26,,,80.5,107.1,80.7,,,
2011-04-27,,,27.0,33.1,23.4,,,
2011-04-28,,,24.8,30.8,31.4,,,
2011-04-29,,,28.7,,34.0,,,
2011-04-30,,,45.7,,100.9,,,
2011-05-01,,,82.5,,98.2,,,
2011-05-02,,,32.4,,64.8,,,
2011-05-03,,,89.1,105.7,75.2,,,
2011-05-04,,,33.2,47.4,39.0,,,
2011-05-05,,,30.7,,44.2,,,
2011-05-06,,,18.9,,32.8,,,
2011-05-07,,,16.3,,31.9,,,
2011-05-08,,,20.2,,29.5,,,
2011-05-09,,,21.9,,28.0,,,
2011-05-10,,,18.5,,23.2,,,
2011-05-11,,,26.3,,35.3,,,
2011-05-12,,,31.5,,40.6,,,
2011-05-13,,,33.0,,41.3,,,
2011-05-14,,,28.2,,25.6,,,
2011-05-15,,,18.7,,23.7,,,
2011-05-16,,,35.9,,40.7,,,
2011-05-17,,,21.0,,25.8,,,
2011-05-18,,,16.7,,18.4,,,
2011-05-19,,,16.0,,23.7,,,
2011-05-20,,,12.4,,21.7,,,
2011-05-21,,,17.4,,,,,
2011-05-22,,,28.1,,,,,
2011-05-23,,,40.2,,37.1,,,
2011-05-24,,,24.0,,28.7,,,
2011-05-25,,,24.8,,31.7,,,
2011-05-26,,,35.2,,34.3,,,
2011-05-27,,,38.0,,39.9,,,
2011-05-28,,,25.7,,43.2,,,
2011-05-29,,,25.4,,37.2,,,
2011-05-30,,,22.1,,33.6,,,
2011-05-31,,,18.8,,38.8,,,
2011-06-01,,,22.5,,26.9,,,
2011-06-02,,,22.3,,32.7,,,
2011-06-03,,,25.3,,36.4,,,
2011-06-04,,,27.6,,38.6,,,
2011-06-05,,,85.2,,102.9,,,
2011-06-06,,,44.2,,57.4,,,
2011-06-07,,,81.3,,104.7,,,
2011-06-08,,,38.2,,35.5,,,
2011-06-09,,,31.2,,29.8,,,
2011-06-10,,,20.3,,28.9,,,
2011-06-11,,,22.6,,29.5,,,
2011-06-12,,,19.8,,31.2,,,
2011-06-13,,,22.1,,26.5,,,
2011-06-14,,,21.5,,28.2,,,
2011-06-15,,,24.1,,28.2,,,
2011-06-16,,,20.4,,19.8,,,
2011-06-17,,,24.1,,24.0,,,
2011-06-18,,,18.6,,20.6,,,
2011-06-19,,,26.1,,34.7,,,
2011-06-20,,,30.6,,38.3,,,
2011-06-21,,,25.4,,35.8,,,
2011-06-22,,,24.9,,35.8,,,
2011-06-23,,,35.4,,31.2,,,
2011-06-24,,,,,36.1,,,
2011-06-25,,,,,42.4,,,
2011-06-26,,,,,35.2,,,
2011-06-27,,,,,29.4,,,
2011-06-28,,,31.0,,20.7,,,
2011-06-29,,,,,23.5,,,
2011-06-30,,,25.3,,31.6,,,
2011-07-01,,,,,41.3,,,
2011-07-02,,,,,35.0,,,
2011-07-03,,,,,27.5,,,
2011-07-04,,,,,31.0,,,
2011-07-05,,,,,37.0,,,
2011-07-06,,,,,33.4,,,
2011-07-07,,,30.6,32.8,34.4,,,
2011-07-08,,,34.0,38.3,30.4,,,
2011-07-09,,,32.0,43.7,31.2,,,
2011-07-10,,,27.8,32.2,26.8,,,
2011-07-11,,,29.1,32.8,23.3,,,
2011-07-12,,,35.7,41.1,24.8,,,
2011-07-13,,,43.6,,36.5,,,
2011-07-14,,,50.7,60.1,45.2,,,
2011-07-15,,,50.8,54.2,39.5,,,
2011-07-16,,,49.6,57.0,36.0,,,
2011-07-17,,,38.5,49.1,31.8,,,
2011-07-18,,,49.2,73.3,48.8,,,
2011-07-19,,,55.2,62.6,46.0,,,
2011-07-20,,,67.9,68.8,35.5,,,
2011-07-21,,,30.1,34.7,26.5,,,
2011-07-22,,,,,25.2,,,
2011-07-23,,,,37.4,34.0,,,
2011-07-24,,,,35.8,30.7,,,
2011-07-25,,,,30.0,27.9,,,
2011-07-26,,,,28.9,23.4,,,
2011-07-27,,,,24.6,21.5,,,
2011-07-28,,,,27.8,26.0,,,
2011-07-29,,,23.7,,25.1,,,
2011-07-30,,,25.9,,22.8,,,
2011-07-31,,,26.1,,22.9,,,
2011-08-01,,,22.1,,24.4,,,
2011-08-02,,,28.8,33.7,24.0,,,
2011-08-03,,,31.2,37.6,25.2,,,
2011-08-04,,,25.0,29.2,16.3,,,
2011-08-05,,,37.4,36.4,33.5,,,
2011-08-06,,,29.9,34.6,36.7,,,
2011-08-07,,,28.8,40.0,30.1,,,
2011-08-08,,,31.5,40.5,35.4,,,
2011-08-09,,,39.7,,34.8,,,
2011-08-10,,,34.7,,36.9,,,
2011-08-11,,,,,31.2,,,
2011-08-12,,,26.4,27.0,24.6,,,
2011-08-13,,,28.1,29.7,22.6,,,
2011-08-14,,,,25.9,23.1,,,
2011-08-15,,,,25.7,17.4,,,
2011-08-16,,,,31.5,33.0,,,
2011-08-17,,,,39.8,42.1,,,
2011-08-18,,,,43.4,44.7,,,
2011-08-19,,,,51.0,44.0,,,
2011-08-20,,,,44.5,37.4,,,
2011-08-21,,,,51.3,36.4,,,
2011-08-22,,,,41.2,40.0,,,
2011-08-23,,,,44.1,39.1,,,
2011-08-24,,,,39.7,33.0,,,
2011-08-25,,,38.5,42.0,33.9,,,
2011-08-26,,,42.2,50.8,43.9,,,
2011-08-27,,,44.6,48.8,37.1,,,
2011-08-28,,,41.8,46.6,39.8,,,
2011-08-29,,,,50.6,37.1,,,
2011-08-30,,,29.2,33.5,31.2,,,
2011-08-31,,,28.5,36.8,25.9,,,
2011-09-01,,,30.1,45.2,40.5,,,
2011-09-02,,,22.0,33.2,24.7,,,
2011-09-03,,,21.3,49.6,31.0,,,
2011-09-04,,,23.4,41.3,49.9,,,
2011-09-05,,,22.5,47.0,47.2,,,
2011-09-06,,,25.3,43.8,38.4,,,
2011-09-07,,,20.6,32.4,31.6,,,
2011-09-08,,,20.3,31.8,33.4,,,
2011-09-09,,,,37.4,30.3,,,
2011-09-10,,,,,34.2,,,
2011-09-11,,,,,29.5,,,
2011-09-12,,,,29.6,26.2,,,
2011-09-13,,,,36.5,38.7,,,
2011-09-14,,,,35.2,29.6,,,
2011-09-15,,,,28.0,25.1,,,
2011-09-16,,,,43.8,33.6,,,
2011-09-17,,,,36.6,38.3,,,
2011-09-18,,,,30.1,29.8,,,
2011-09-19,,,,35.1,37.2,,,
2011-09-20,,,,,33.3,,,
2011-09-21,,,,,31.1,,,
2011-09-22,,,,,31.0,,,
2011-09-23,,,,32.8,30.8,,,
2011-09-24,,,,35.4,27.7,,,
2011-09-25,,,,27.3,28.7,,,
2011-09-26,,,,36.5,26.8,,,
2011-09-27,,,,28.2,23.2,,,
2011-09-28,,,,27.6,22.9,,,
2011-09-29,,,,45.7,31.7,,,
2011-09-30,,,,48.2,38.9,,,
2011-10-01,,,,28.1,33.9,,,
2011-10-02,,,,27.9,33.4,,,
2011-10-03,,,,26.2,30.7,,,
2011-10-04,,,,39.9,27.7,,,
2011-10-05,,,,42.6,25.8,,,
2011-10-06,,,,,31.6,,,
2011-10-07,,,,35.1,20.9,,,
2011-10-08,,,,27.8,29.8,,,
2011-10-09,,,,18.0,22.6,,,
2011-10-10,,,,21.6,23.3,,,
2011-10-11,,,,21.0,28.4,,,
2011-10-12,,,,,22.2,,,
2011-10-13,,,,,26.5,,,
2011-10-14,,,,33.6,29.9,,,
2011-10-15,,,,28.8,23.5,,,
2011-10-16,,,,27.0,27.2,,,
2011-10-17,,,,35.7,27.0,,,
2011-10-18,,,,57.0,23.2,,,
2011-10-19,,,,54.9,19.1,,,
2011-10-20,,,,39.8,18.3,,,
2011-10-21,,,,54.7,20.0,,,
2011-10-22,,,,55.4,22.9,,,
2011-10-23,,,,20.8,16.2,,,
2011-10-24,,,,20.9,14.8,,,
2011-10-25,,,,35.9,23.1,,,
2011-10-26,,,,,24.3,,,
2011-10-27,,,,,17.1,,,
2011-10-28,,,,48.8,27.4,,,
2011-10-29,,,,20.9,19.1,,,
2011-10-30,,,,24.8,23.4,,,
2011-10-31,,,,32.4,27.7,,,
2011-11-01,,,,42.7,27.4,,,
2011-11-02,,,,52.4,24.7,,,
2011-11-03,,,,,32.1,,,
2011-11-04,,,,,40.7,,,
2011-11-05,,,,,39.8,,,
2011-11-06,,,,,70.8,,,
2011-11-07,,,,,97.3,,,
2011-11-08,,,,57.2,45.2,,,
2011-11-09,,,,,47.2,,,
2011-11-10,,,,48.2,27.9,,,
2011-11-11,,,,31.3,16.7,,,
2011-11-12,,,,33.2,21.6,,,
2011-11-13,,,,28.3,21.0,,,
2011-11-14,,,,32.5,19.7,,,
2011-11-15,,,,36.3,24.4,,,
2011-11-16,,,,29.1,13.8,,,
2011-11-17,,,,28.2,12.7,,,
2011-11-18,,,,30.4,19.3,,,
2011-11-19,,,,52.6,18.1,,,
2011-11-20,,,,38.8,16.3,,,
2011-11-21,,,,39.5,27.9,,,
2011-11-22,,,,74.6,43.6,,,
2011-11-23,,,,83.7,55.6,,,
2011-11-24,,,,60.9,22.3,,,
2011-11-25,,,,40.6,17.9,,,
2011-11-26,,,,33.7,19.9,,,
2011-11-27,,,,49.3,22.2,,,
2011-11-28,,,,53.2,23.9,,,
2011-11-29,,,,23.5,19.3,,,
2011-11-30,,,,31.0,14.6,,,
2011-12-01,,,,69.1,18.8,,,
2011-12-02,,,,71.1,20.2,,,
2011-12-03,,,,68.0,18.1,,,
2011-12-04,,,,54.6,15.4,,,
2011-12-05,,,,49.5,16.0,,,
2011-12-06,,,,35.4,16.3,,,
2011-12-07,,,,32.9,21.0,,,
2011-12-08,,,,30.5,24.2,,,
2011-12-09,,,,45.6,19.3,,,
2011-12-10,,,,42.4,18.1,,,
2011-12-11,,,,26.9,22.0,,,
2011-12-12,,,,47.3,17.0,,,
2011-12-13,,,,29.5,17.6,,,
2011-12-14,,,,39.1,18.0,,,
2011-12-15,,,,35.6,19.9,,,
2011-12-16,,,19.0,29.4,19.3,,,
2011-12-17,,,22.4,34.0,27.8,,,
2011-12-18,,,,22.3,7.5,,,
2011-12-19,,,,23.4,11.8,,,
2011-12-20,,,16.2,26.7,14.8,,,
2011-12-21,,,12.5,23.1,23.2,,,
2011-12-22,,,13.0,,21.0,,,
2011-12-23,,,14.7,37.6,18.6,,,
2011-12-24,,,9.8,33.3,20.2,,,
2011-12-25,,,,26.5,26.5,,,
2011-12-26,,,,23.9,17.0,,,
2011-12-27,,,,22.4,19.4,,,
2011-12-28,,,,22.1,19.4,,,
2011-12-29,,,,30.1,15.5,,,
2011-12-30,,,,22.3,14.8,,,
2011-12-31,,,,24.8,24.7,,,
2012-01-01,,,,40.4,15.1,,,
2012-01-02,,,,41.0,14.7,,,
2012-01-03,,,,41.6,16.5,,,
2012-01-04,,,13.4,24.6,13.4,,,
2012-01-05,,,,,25.3,,,
2012-01-06,,,,,35.1,,,
2012-01-07,,,,,24.3,,,
2012-01-08,,,,,25.2,,,
2012-01-09,,,,,19.5,,,
2012-01-10,,,,18.8,13.4,,,
2012-01-11,,,,26.4,10.3,,,
2012-01-12,,,,30.1,13.2,,,
2012-01-13,,,,,13.6,,,
2012-01-14,,,,48.7,15.8,,,
2012-01-15,,,,24.4,13.7,,,
2012-01-16,,,,19.8,15.3,,,
2012-01-17,,,,16.8,15.3,,,
2012-01-18,,,,25.8,11.5,,,
2012-01-19,,,,32.4,9.2,,,
2012-01-20,,,,45.4,16.1,,,
2012-01-21,,,,35.6,29.9,,,
2012-01-22,,,,43.2,25.1,,,
2012-01-23,,,,47.6,17.8,,,
2012-01-24,,,,28.5,14.1,,,
2012-01-25,,,,34.4,22.6,,,
2012-01-26,,,,27.2,17.1,,,
2012-01-27,,,,36.0,13.0,,,
2012-01-28,,,10.9,19.1,14.5,,,
2012-01-29,,,8.9,15.8,12.3,,,
2012-01-30,,,3.4,31.6,12.6,,,
2012-01-31,,,,35.1,14.8,,,
2012-02-01,,,,28.6,16.2,,,
2012-02-02,,,,57.6,35.2,,,
2012-02-03,,,37.2,57.9,46.7,,,
2012-02-04,,,24.8,34.0,16.5,,,
2012-02-05,,,21.9,35.5,11.9,,,
2012-02-06,,,10.8,20.8,16.1,,,
2012-02-07,,,16.8,16.7,14.9,,,
2012-02-08,,,13.0,28.6,9.0,,,
2012-02-09,,,25.0,52.7,9.0,,,
2012-02-10,,,16.5,29.2,20.1,,,
2012-02-11,,,20.8,39.4,14.9,,,
2012-02-12,,,13.8,21.2,11.1,,,
2012-02-13,,,22.6,30.8,8.9,,,
2012-02-14,,,14.0,24.5,10.4,,,
2012-02-15,,,18.2,24.1,14.4,,,
2012-02-16,,,22.1,27.6,18.0,,,
2012-02-17,,,23.9,21.4,17.3,,,
2012-02-18,,,33.7,50.5,13.4,,,
2012-02-19,,,14.9,48.8,15.0,,,
2012-02-20,,,9.0,40.1,14.9,,,
2012-02-21,,,21.5,35.3,25.6,,,
2012-02-22,,,36.6,52.3,33.1,,,
2012-02-23,,,15.4,31.4,17.3,,,
2012-02-24,,,27.8,46.3,14.9,,,
2012-02-25,,,27.4,35.3,25.5,,,
2012-02-26,,,18.0,27.8,24.9,,,
2012-02-27,,,19.0,29.2,25.8,,,
2012-02-28,,,20.3,37.5,17.2,,,
2012-02-29,,,22.8,39.3,18.8,,,
2012-03-01,,,32.8,55.7,23.6,,,
2012-03-02,,,32.4,56.2,26.1,,,
2012-03-03,,,26.6,32.1,29.4,,,
2012-03-04,,,28.5,35.7,32.1,,,
2012-03-05,,,27.8,36.3,27.8,,,
2012-03-06,,,34.5,48.2,29.8,,,
2012-03-07,,,20.3,32.0,18.5,,,
2012-03-08,,,13.8,27.8,14.6,,,
2012-03-09,,,26.0,43.9,21.1,,,
2012-03-10,,,191.1,286.2,216.6,,,
2012-03-11,,,48.5,65.9,43.8,,,
2012-03-12,,,27.5,41.3,33.2,,,
2012-03-13,,,22.2,39.7,19.8,,,
2012-03-14,,,17.0,38.7,15.9,,,
2012-03-15,,,29.4,47.7,18.4,,,
2012-03-16,,,30.8,49.2,20.5,,,
2012-03-17,,,32.4,41.7,19.5,,,
2012-03-18,,,,30.5,17.5,,,
2012-03-19,,,,36.7,23.4,,,
2012-03-20,,,,42.4,25.7,,,
2012-03-21,,,,,20.6,,,
2012-03-22,,,13.9,,33.6,,,
2012-03-23,,,27.4,,41.6,,,
2012-03-24,,,23.2,,31.5,,,
2012-03-25,,,25.1,,28.1,,,
2012-03-26,,,29.7,,34.3,,,
2012-03-27,,,23.5,,33.5,,,
2012-03-28,,,32.7,64.5,31.1,,,
2012-03-29,,,29.4,85.2,20.6,,,
2012-03-30,,,,50.9,18.0,,,
2012-03-31,,,,,36.1,,,
2012-04-01,,,,,31.3,,,
2012-04-02,,,,,31.1,,,
2012-04-03,,,55.8,,62.1,,,
2012-04-04,,,72.3,,82.3,,,
2012-04-05,,,36.9,,35.8,,,
2012-04-06,,,42.7,66.9,37.0,,,
2012-04-07,,,53.3,80.7,62.5,,,
2012-04-08,,,20.9,31.4,30.3,,,
2012-04-09,,,30.8,44.8,33.2,,,
2012-04-10,,,21.9,37.9,26.3,,,
2012-04-11,,,22.3,47.0,29.0,,,
2012-04-12,,,25.5,44.2,26.4,,,
2012-04-13,,,25.8,43.3,35.2,,,
2012-04-14,,,19.9,34.3,27.7,,,
2012-04-15,,,47.1,69.1,49.2,,,
2012-04-16,,,34.3,54.0,33.2,,,
2012-04-17,,,25.1,31.2,20.0,,,
2012-04-18,,,25.9,39.6,30.4,,,
2012-04-19,,,33.8,60.2,41.8,,,
2012-04-20,,,18.0,34.5,18.2,,,
2012-04-21,,,25.7,36.6,27.8,,,
2012-04-22,,,19.1,,22.3,,,
2012-04-23,,,21.3,42.0,30.1,,,
2012-04-24,,,32.9,,29.5,,,
2012-04-25,,,34.6,,26.7,,,
2012-04-26,,,21.6,,26.1,,,
2012-04-27,,,31.5,,24.9,,,
2012-04-28,,,23.1,,25.2,,,
2012-04-29,,,25.2,34.9,24.3,,,
2012-04-30,,,24.9,55.1,25.8,,,
2012-05-01,,,19.0,33.4,,,,
2012-05-02,,,26.8,46.4,,,,
2012-05-03,,,32.0,53.1,,,,
2012-05-04,,,29.3,36.6,23.3,,,
2012-05-05,,,28.0,,24.7,,,
2012-05-06,,,22.5,,19.1,,,
2012-05-07,,,24.1,42.1,26.0,,,
2012-05-08,,,25.5,35.3,14.8,,,
2012-05-09,,,24.8,,23.4,,,
2012-05-10,,,22.5,,13.7,,,
2012-05-11,,,20.8,,17.0,,,
2012-05-12,,,,,26.4,,,
2012-05-13,,,,,32.6,,,
2012-05-14,,,,,33.4,,,
2012-05-15,,,,,23.6,,,
2012-05-16,,,,,32.1,,,
2012-05-17,,,,,31.8,,,
2012-05-18,,,,,16.9,,,
2012-05-19,,,,,25.6,,,
2012-05-20,,,,,32.6,,,
2012-05-21,,,,,29.2,,,
2012-05-22,,,,,27.2,,,
2012-05-23,,,,,26.5,,,
2012-05-24,,,,,16.5,,,
2012-05-25,,,,34.5,,,,
2012-05-26,,,,30.7,,,,
2012-05-27,,,,20.7,,,,
2012-05-28,,,,32.3,,,,
2012-05-29,,,,28.6,34.3,,,
2012-05-30,,,,29.9,30.9,,,
2012-05-31,,,,33.7,27.5,,,
2012-06-01,,,19.9,22.2,19.9,,,
2012-06-02,,,23.1,30.9,21.9,,,
2012-06-03,,,16.8,27.2,22.6,,,
2012-06-04,,,19.4,26.8,33.9,,,
2012-06-05,,,22.3,31.6,31.0,,,
2012-06-06,,,26.5,32.4,32.6,,,
2012-06-07,,,,25.6,22.0,,,
2012-06-08,,,7.6,25.6,23.9,,,
2012-06-09,,,,24.3,29.5,,,
2012-06-10,,,,25.0,27.5,,,
2012-06-11,,,,29.4,34.8,,,
2012-06-12,,,17.0,26.7,37.7,,,
2012-06-13,,,28.2,35.6,40.3,,,
2012-06-14,,,20.4,29.8,36.5,,,
2012-06-15,,,30.6,29.0,37.1,,,
2012-06-16,,,,19.6,29.1,,,
2012-06-17,,,17.3,24.9,34.6,,,
2012-06-18,,,26.8,33.5,37.7,,,
2012-06-19,,,25.2,33.5,34.3,,,
2012-06-20,,,27.3,35.6,36.4,,,
2012-06-21,,,21.5,40.6,42.0,,,
2012-06-22,,,,58.8,69.7,,,
2012-06-23,,,,50.8,52.4,,,
2012-06-24,,,,53.0,45.4,,,
2012-06-25,,,,41.2,46.5,,,
2012-06-26,,,,42.5,46.6,,,
2012-06-27,,,,43.1,47.5,,,
2012-06-28,,,,28.7,37.4,,,
2012-06-29,,,,,30.7,,,
2012-06-30,,,,,33.4,,,
2012-07-03,,,,63.7,,,,
2012-07-04,,,,63.1,,,,
2012-07-05,,,,22.3,,,,
2012-07-06,,,,38.6,30.0,,,
2012-07-07,,,,35.0,36.0,,,
2012-07-08,,,,42.8,36.4,,,
2012-07-09,,,,38.0,28.1,,,
2012-07-10,,,,47.9,42.8,,,
2012-07-11,,,,54.7,45.0,,,
2012-07-12,,,,81.4,60.2,,,
2012-07-13,,,,59.8,50.7,,,
2012-07-14,,,,39.5,38.3,,,
2012-07-15,,,,36.9,35.3,,,
2012-07-16,,,,46.1,43.7,,,
2012-07-17,,,,36.6,39.4,,,
2012-07-18,,,,34.6,36.6,,,
2012-07-19,,,33.9,37.0,34.3,,,
2012-07-20,,,30.5,29.7,18.4,,,
2012-07-21,,,29.5,35.0,18.5,,,
2012-07-22,,,37.9,36.9,31.7,,,
2012-07-23,,,31.6,36.7,30.8,,,
2012-07-24,,,20.9,25.1,19.4,,,
2012-07-25,,,24.6,28.9,19.7,,,
2012-07-26,,,27.7,33.3,24.9,,,
2012-07-27,,,,39.3,27.5,,,
2012-07-28,,,,37.7,30.5,,,
2012-07-29,,,32.9,30.7,23.2,,,
2012-07-30,,,59.6,66.9,54.4,,,
2012-07-31,,,19.9,38.2,34.4,,,
2012-08-01,,,35.9,43.0,27.0,,,
2012-08-02,,,,39.0,32.8,,,
2012-08-03,,,,42.8,29.5,,,
2012-08-04,,,,30.6,24.6,,,
2012-08-05,,,,27.5,32.2,,,
2012-08-06,,,,36.3,22.4,,,
2012-08-07,,,,48.8,34.6,,,
2012-08-08,,,69.1,69.4,65.5,,,
2012-08-09,,,62.6,59.2,45.3,,,
2012-08-10,,,,42.4,37.9,,,
2012-08-11,,,,30.2,32.1,,,
2012-08-12,,,,35.5,31.8,,,
2012-08-13,,,,40.1,35.5,,,
2012-08-14,,,,42.1,31.4,,,
2012-08-15,,,,38.7,41.6,,,
2012-08-16,,,,40.1,35.8,,,
2012-08-17,,,,37.4,31.0,,,
2012-08-18,,,,35.0,32.7,,,
2012-08-19,,,,36.0,37.0,,,
2012-08-20,,,,42.2,36.0,,,
2012-08-21,,,,40.5,35.4,,,
2012-08-22,,,,37.3,23.6,,,
2012-08-23,,,,36.1,25.5,,,
2012-08-24,,,,39.1,25.0,,,
2012-08-25,,,,42.5,27.0,,,
2012-08-26,,,,35.9,32.0,,,
2012-08-27,,,,39.0,37.3,,,
2012-08-28,,,,40.0,31.5,,,
2012-08-29,,,,40.0,26.0,,,
2012-08-30,,,,30.6,20.2,,,
2012-08-31,,,,29.9,20.1,,,
2012-09-01,,,,39.2,31.1,,,
2012-09-02,,,,33.2,25.0,,,
2012-09-03,,,,37.9,20.1,,,
2012-09-04,,,,78.0,19.3,,,
2012-09-05,,,,77.0,18.3,,,
2012-09-06,,,,67.6,20.8,,,
2012-09-07,,,,54.2,20.2,,,
2012-09-08,,,,54.8,31.7,,,
2012-09-09,,,,45.1,23.9,,,
2012-09-10,,,,52.6,25.9,,,
2012-09-11,,,,54.3,25.2,,,
2012-09-12,,,,53.6,25.9,,,
2012-09-13,,,,66.5,35.1,,,
2012-09-14,,,,33.9,21.2,,,
2012-09-15,,,,31.0,20.8,,,
2012-09-16,,,,29.3,12.1,,,
2012-09-17,,,,35.3,18.1,,,
2012-09-18,,,,38.7,16.7,,,
2012-09-19,,,,54.2,19.6,,,
2012-09-20,,,,47.3,24.9,,,
2012-09-21,,,,32.0,26.7,,,
2012-09-22,,,,41.0,19.2,,,
2012-09-23,,,,30.4,23.5,,,
2012-09-24,,,,45.8,31.1,,,
2012-09-25,,,,55.6,40.6,,,
2012-09-26,,,,54.2,37.5,,,
2012-09-27,,,,47.5,39.8,,,
2012-09-28,,,,47.2,38.9,,,
2012-09-29,,,,51.8,41.5,,,
2012-09-30,,,,48.8,41.9,,,
2012-10-01,,,,56.1,41.7,,,
2012-10-02,,,,36.8,20.0,,,
2012-10-03,,,,29.6,20.8,,,
2012-10-04,,,,34.3,19.8,,,
2012-10-05,,,,43.1,17.8,,,
2012-10-06,,,,47.7,21.1,,,
2012-10-07,,,,44.1,19.8,,,
2012-10-08,,,,,36.6,,,
2012-10-09,,,,39.4,30.5,,,
2012-10-10,,,,37.6,21.5,,,
2012-10-11,,,,35.1,23.3,,,
2012-10-12,,,,53.5,21.0,,,
2012-10-13,,,,,22.4,,,
2012-10-14,,,,,16.1,,,
2012-10-15,,,,,24.7,,,
2012-10-16,,,,,26.0,,,
2012-10-17,,,,,24.7,,,
2012-10-18,,,,,28.9,,,
2012-10-19,,,,,27.7,,,
2012-10-20,,,,,23.7,,,
2012-10-21,,,,,25.2,,,
2012-10-22,,,,,22.9,,,
2012-10-23,,,,,25.9,,,
2012-10-24,,,,,24.6,,,
2012-10-25,,,,,12.2,,,
2012-10-26,,,,,8.7,,,
2012-10-27,,,,,47.2,,,
2012-10-28,,,,,22.5,,,
2012-10-29,,,,,11.7,,,
2012-10-30,,,,,7.4,,,
2012-11-01,,,,34.6,,,,
2012-11-02,,,,39.4,14.4,,,
2012-11-03,,,,65.9,11.1,,,
2012-11-04,,,,47.0,12.2,,,
2012-11-05,,,,33.7,19.5,,,
2012-11-06,,,,28.3,9.5,,,
2012-11-07,,,,28.2,7.2,,,
2012-11-08,,,,33.0,9.0,,,
2012-11-09,,,,46.0,4.9,,,
2012-11-10,,,,47.6,7.9,,,
2012-11-11,,,,35.7,13.7,,,
2012-11-12,,,,41.4,23.7,,,
2012-11-13,,,,24.9,14.5,,,
2012-11-14,,,,23.3,9.5,,,
2012-11-15,,,,24.3,6.8,,,
2012-11-16,,,,36.1,4.9,,,
2012-11-17,,,,37.4,3.2,,,
2012-11-18,,,,36.4,4.1,,,
2012-11-19,,,,,5.0,,,
2012-11-20,,,,35.9,7.2,,,
2012-11-21,,,,26.0,4.9,,,
2012-11-22,,,,57.5,3.6,,,
2012-11-23,,,,126.4,2.8,,,
2012-11-24,,,,56.8,1.8,,,
2012-11-25,,,,43.6,2.1,,,
2012-11-26,,,,69.1,4.2,,,
2012-11-27,,,,45.3,8.3,,,
2012-11-28,,,,56.5,59.0,,,
2012-11-29,,,,49.9,48.0,,,
2012-11-30,,,,47.9,19.2,,,
2012-12-01,,,,60.7,15.1,,,
2012-12-02,,,,21.2,6.8,,,
2012-12-03,,,,41.3,18.2,,,
2012-12-04,,,,44.2,10.1,,,
2012-12-05,,,,,15.6,,,
2012-12-06,,,,26.7,12.4,,,
2012-12-07,,,,35.2,5.1,,,
2012-12-08,,,,19.3,,,,
2012-12-09,,,,20.5,,,,
2012-12-10,,,,24.3,,,,
2012-12-11,,,,33.0,,,,
2012-12-12,,,,47.2,,,,
2012-12-13,,,,44.8,,,,
2012-12-14,,,,60.6,,,,
2012-12-15,,,,85.3,,,,
2012-12-16,,,,46.7,,,,
2012-12-17,,,,26.2,,,,
2012-12-18,,,,33.1,24.2,,,
2012-12-19,,,,26.2,16.7,,,
2012-12-20,,,,25.3,8.6,,,
2012-12-21,,,,36.6,15.7,,,
2012-12-22,,,,18.6,9.1,,,
2012-12-23,,,,21.7,6.9,,,
2012-12-24,,,,41.4,6.4,,,
2012-12-25,,,,47.5,9.1,,,
2012-12-26,,,,35.5,12.4,,,
2012-12-27,,,,44.0,16.3,,,
2012-12-28,,,,32.6,19.4,,,
2012-12-29,,,,22.8,15.7,,,
2012-12-30,,,,31.4,6.2,,,
2012-12-31,,,,49.3,,,,
2013-01-01,,19.1,,37.9,,,,
2013-01-02,,24.9,,51.4,,,,
2013-01-03,,20.2,,38.3,,,,
2013-01-04,,15.4,,29.3,,,,
2013-01-05,,16.0,,25.4,12.2,,,
2013-01-06,,17.1,,24.5,13.0,,,
2013-01-07,,25.6,,33.0,16.3,,,
2013-01-08,,26.7,,46.9,13.7,,,
2013-01-09,,25.7,,32.2,16.9,,,
2013-01-10,,28.6,,35.9,15.8,,,
2013-01-11,,22.9,,29.7,16.7,,,
2013-01-12,,23.1,,32.0,16.7,,,
2013-01-13,,17.5,,35.4,8.6,,,
2013-01-14,,23.9,,53.4,8.7,,,
2013-01-15,,29.0,,43.9,12.3,,,
2013-01-16,,18.9,,24.0,24.3,,,
2013-01-17,,41.2,,49.8,46.2,,,
2013-01-18,,19.2,,20.3,16.4,,,
2013-01-19,,30.8,,,21.2,,,
2013-01-20,,57.7,,,70.0,,,
2013-01-21,,33.2,,,22.9,,,
2013-01-22,,25.1,,49.8,18.1,,,
2013-01-23,,22.9,,44.5,17.4,,,
2013-01-24,,40.3,,46.5,80.7,,,
2013-01-25,,97.7,,63.6,48.6,,,
2013-01-26,,19.1,,27.4,12.8,,,
2013-01-27,,16.1,,25.5,13.0,,,
2013-01-28,,32.4,,46.7,13.5,,,
2013-01-29,,24.3,,35.6,,,,
2013-01-30,,24.1,,36.8,,,,
2013-01-31,,33.1,,40.3,,,,
2013-02-01,,26.6,,34.5,,,,
2013-02-02,,61.7,,76.4,,,,
2013-02-03,,36.8,,39.6,,,,
2013-02-04,,22.4,,33.4,,,,
2013-02-05,,16.5,,20.8,19.2,,,
2013-02-06,,25.4,,29.4,25.8,,,
2013-02-07,,18.0,,19.3,18.0,,,
2013-02-08,,,,20.5,20.3,,,
2013-02-09,,17.3,,21.6,12.5,,,
2013-02-10,,11.8,,15.7,8.7,,,
2013-02-11,,25.6,,37.2,34.7,,,
2013-02-12,,43.6,,52.8,45.8,,,
2013-02-13,,10.8,,16.8,6.6,,,
2013-02-14,,13.6,,22.9,10.5,,,
2013-02-15,,25.7,,34.5,18.8,,,
2013-02-16,,18.6,,25.6,15.6,,,
2013-02-17,,20.1,,34.8,15.8,,,
2013-02-18,,30.1,,42.9,20.4,,,
2013-02-19,,28.4,,40.0,14.1,,,
2013-02-20,,22.9,,44.2,19.4,,,
2013-02-21,,37.0,,52.4,32.2,,,
2013-02-22,,22.1,,27.2,22.0,,,
2013-02-23,,45.1,,59.2,51.9,,,
2013-02-24,,44.4,,53.3,41.4,,,
2013-02-25,,22.7,,39.1,12.5,,,
2013-02-26,,18.1,,27.6,9.9,,,
2013-02-27,,16.9,,26.6,9.2,,,
2013-02-28,,29.3,,40.4,12.7,,,
2013-03-01,,18.1,,35.8,21.9,,,
2013-03-02,,,,71.6,69.0,,,
2013-03-03,,,,31.1,17.2,,,
2013-03-04,,,,49.5,25.7,,,
2013-03-05,,,16.9,36.5,24.2,,,
2013-03-06,,91.8,62.0,94.6,75.1,,,
2013-03-07,,198.2,157.6,237.8,169.8,,,
2013-03-08,,31.2,25.3,41.2,27.9,,,
2013-03-09,,17.6,15.9,27.8,15.9,,,
2013-03-10,,13.8,14.7,27.1,14.1,,,
2013-03-11,,18.8,18.8,27.1,16.4,,,
2013-03-12,,22.6,21.4,32.0,26.6,,,
2013-03-13,,42.4,41.4,57.7,13.1,,,
2013-03-14,,24.1,36.7,27.9,,,,
2013-03-15,,21.0,23.4,27.4,,,,
2013-03-16,,20.7,24.8,30.0,,,,
2013-03-17,,24.8,26.4,47.9,,,,
2013-03-18,,59.1,42.7,68.7,,,,
2013-03-19,,32.2,34.0,47.8,,,,
2013-03-20,,33.0,30.6,54.7,,,,
2013-03-21,,28.9,28.0,40.9,,,,
2013-03-22,,24.2,25.9,31.8,29.4,,,
2013-03-23,,24.3,18.7,51.0,29.6,,,
2013-03-24,,60.8,53.8,76.1,75.3,,,
2013-03-25,,42.7,39.8,53.8,34.0,,,
2013-03-26,,24.8,26.3,34.4,30.9,,,
2013-03-27,,31.0,30.0,42.9,24.1,,,
2013-03-28,,45.8,42.1,56.0,47.7,,,
2013-03-29,,52.1,52.9,64.8,47.6,,,
2013-03-30,,22.7,27.0,33.9,25.4,,,
2013-03-31,,16.9,15.7,21.5,20.3,,,
2013-04-01,,21.1,21.7,36.8,23.6,,,
2013-04-02,,20.0,20.7,28.5,17.6,,,
2013-04-03,,22.0,19.0,26.6,19.1,,,
2013-04-04,,26.8,21.9,40.4,22.0,,,
2013-04-05,,43.0,45.5,56.1,20.9,,,
2013-04-06,,21.7,27.0,33.8,20.9,,,
2013-04-07,,17.8,19.2,24.1,17.8,,,
2013-04-08,,23.2,25.0,30.3,32.2,,,
2013-04-09,,34.1,25.8,40.7,20.0,,,
2013-04-10,,27.2,27.8,36.1,12.3,,,
2013-04-11,,29.4,28.8,38.1,25.1,,,
2013-04-12,,22.5,19.8,27.2,15.5,,,
2013-04-13,,23.8,22.6,37.6,14.4,,,
2013-04-14,,23.6,23.1,53.5,20.8,,,
2013-04-15,,16.9,22.7,,17.6,,,
2013-04-16,,26.2,24.8,33.1,14.5,,,
2013-04-17,,22.6,23.7,30.9,17.6,,,
2013-04-18,,24.1,26.8,34.9,18.1,,,
2013-04-19,,21.9,23.7,32.7,20.1,,,
2013-04-20,,22.9,27.3,34.8,23.3,,,
2013-04-21,,21.7,25.5,35.1,26.6,,,
2013-04-22,,24.7,25.7,30.1,24.6,,,
2013-04-23,,29.2,30.4,37.1,30.8,,,
2013-04-24,,35.0,30.3,41.8,34.8,,,
2013-04-25,,33.0,31.0,40.1,30.0,,,
2013-04-26,,32.6,31.9,48.6,31.6,,,
2013-04-27,,24.7,23.9,42.0,25.9,,,
2013-04-28,,25.6,27.3,33.7,28.4,,,
2013-04-29,,28.8,39.6,43.8,33.1,,,
2013-04-30,,31.3,29.3,41.1,31.8,,,
2013-05-01,,23.7,26.1,29.5,33.3,,,
2013-05-02,,27.9,37.2,43.3,40.5,,,
2013-05-03,,28.9,31.3,39.3,29.6,,,
2013-05-04,,27.8,32.0,37.8,33.6,,,
2013-05-05,,36.4,39.5,45.9,42.4,,,
2013-05-06,,25.4,27.6,36.4,24.9,,,
2013-05-07,,,17.7,23.0,17.3,,,
2013-05-08,,18.1,19.6,20.8,14.4,,,
2013-05-09,,23.6,22.6,29.9,25.0,,,
2013-05-10,,26.8,30.4,30.7,21.4,,,
2013-05-11,,18.8,22.6,29.2,23.4,,,
2013-05-12,,31.2,35.1,41.6,30.5,,,
2013-05-13,,30.8,32.4,36.8,27.5,,,
2013-05-14,,25.6,27.6,35.4,25.0,,,
2013-05-15,,24.8,19.7,34.1,24.9,,,
2013-05-16,,136.9,125.0,161.1,149.1,,,
2013-05-17,,60.9,71.6,69.4,40.5,,,
2013-05-18,,77.9,79.9,86.3,112.8,,,
2013-05-19,,60.1,65.2,76.1,85.1,,,
2013-05-20,,29.5,29.7,39.5,31.9,,,
2013-05-21,,27.7,24.2,42.3,40.4,,,
2013-05-22,,234.8,222.8,289.2,345.7,,,
2013-05-23,,25.9,29.9,32.6,46.6,,,
2013-05-24,,21.0,21.6,24.6,24.3,,,
2013-05-25,,19.3,18.8,27.8,18.9,,,
2013-05-26,,17.6,16.9,21.2,19.1,,,
2013-05-27,,,25.1,27.2,16.7,,,
2013-05-28,,31.5,25.4,32.9,28.0,,,
2013-05-29,,24.8,27.4,31.3,28.6,,,
2013-05-30,,19.6,27.0,23.9,18.1,,,
2013-05-31,,14.5,15.3,17.5,12.9,,,
2013-06-01,,15.7,19.1,22.3,13.8,,,
2013-06-02,,27.0,32.9,31.4,32.1,,,
2013-06-03,,23.2,21.9,24.8,21.0,,,
2013-06-04,,24.5,23.2,27.8,18.3,,,
2013-06-05,,25.3,25.0,30.3,25.2,,,
2013-06-06,,20.9,19.0,28.0,25.3,,,
2013-06-07,,20.5,23.3,28.7,22.6,,,
2013-06-08,,33.0,28.4,38.7,27.6,,,
2013-06-09,,14.8,17.9,25.3,27.3,,,
2013-06-10,,21.8,23.7,27.4,23.9,,,
2013-06-11,,25.8,29.9,34.1,24.2,,,
2013-06-12,,23.8,,34.4,27.2,,,
2013-06-13,,25.9,,30.3,25.4,,,
2013-06-14,,24.9,,35.3,27.7,,,
2013-06-15,,22.3,,29.4,18.2,,,
2013-06-16,,14.6,,18.7,13.6,,,
2013-06-17,,27.2,,29.3,12.9,,,
2013-06-18,,31.1,,39.1,22.9,,,
2013-06-19,,23.8,27.8,35.3,23.8,,,
2013-06-20,,34.7,36.4,47.3,27.1,,,
2013-06-21,,30.2,29.2,45.1,24.5,,,
2013-06-22,,33.9,34.9,49.3,28.0,,,
2013-06-23,,34.9,45.7,41.4,34.4,,,
2013-06-24,,29.8,34.6,37.0,27.4,,,
2013-06-25,,34.3,38.6,44.1,33.2,,,
2013-06-26,,32.3,32.7,39.0,30.2,,,
2013-06-27,,28.0,28.5,35.8,27.8,,,
2013-06-28,,25.8,25.5,34.8,24.3,,,
2013-06-29,,27.9,32.8,33.3,33.0,,,
2013-06-30,,22.8,24.9,30.8,29.5,,,
2013-07-01,,25.6,28.4,32.8,26.2,,,
2013-07-02,,19.8,21.4,24.6,22.9,,,
2013-07-03,,21.4,19.0,25.7,25.5,,,
2013-07-04,,27.0,26.7,27.7,32.7,,,
2013-07-05,,28.5,36.6,34.5,32.0,,,
2013-07-06,,19.7,23.4,28.6,26.5,,,
2013-07-07,,34.6,36.8,37.4,,,,
2013-07-08,,33.5,33.9,37.5,23.8,,,
2013-07-09,,22.0,26.2,30.5,26.3,,,
2013-07-10,,25.7,27.6,29.9,27.4,,,
2013-07-11,,23.7,27.3,28.9,30.4,,,
2013-07-12,,26.4,29.3,29.9,28.2,,,
2013-07-13,,23.9,26.8,28.2,25.3,,,
2013-07-14,,27.2,26.7,33.1,27.4,,,
2013-07-15,,26.9,30.7,31.0,30.2,,,
2013-07-16,,22.1,29.1,32.5,31.6,,,
2013-07-17,,31.2,30.5,39.5,29.9,,,
2013-07-18,,24.8,24.7,47.0,30.2,,,
2013-07-19,,24.5,30.5,42.9,23.6,,,
2013-07-20,,24.1,28.5,46.1,23.3,,,
2013-07-21,,20.7,20.7,38.3,25.1,,,
2013-07-22,,25.9,25.5,34.4,28.2,,,
2013-07-23,,24.8,26.3,29.3,30.4,,,
2013-07-24,,31.7,32.6,37.5,27.8,,,
2013-07-25,,32.2,25.7,28.9,29.3,,,
2013-07-26,,29.1,32.0,33.3,26.1,,,
2013-07-27,,26.0,30.1,24.6,23.4,,,
2013-07-28,,20.7,20.2,22.0,22.9,,,
2013-07-29,,27.3,22.2,31.0,25.2,,,
2013-07-30,,69.8,40.2,51.9,43.2,,,
2013-07-31,,25.3,26.6,34.8,32.3,,,
2013-08-01,,27.3,28.1,34.1,32.4,,,
2013-08-02,,30.2,32.1,36.7,35.4,,,
2013-08-03,,29.6,28.8,36.1,33.1,,,
2013-08-04,,23.3,25.4,27.9,28.7,,,
2013-08-05,,32.0,29.5,41.8,30.8,,,
2013-08-06,,30.6,33.9,48.2,33.7,,,
2013-08-07,,30.1,28.5,33.8,28.7,,,
2013-08-08,,31.9,29.9,34.5,23.3,,,
2013-08-09,,42.0,34.5,40.4,37.2,,,
2013-08-10,,43.7,33.1,43.5,39.0,,,
2013-08-11,,26.4,28.3,32.2,40.3,,,
2013-08-12,,28.4,29.2,34.3,41.9,,,
2013-08-13,,32.6,31.1,38.0,34.9,,,
2013-08-14,,24.6,27.2,30.6,27.4,,,
2013-08-15,,21.7,25.9,30.8,30.9,,,
2013-08-16,,23.4,27.7,26.6,27.8,,,
2013-08-17,,21.9,23.2,26.6,22.8,,,
2013-08-18,,18.5,25.8,23.0,20.9,,,
2013-08-19,,34.5,26.5,31.9,23.7,,,
2013-08-20,,24.4,27.4,24.8,28.5,,,
2013-08-21,,16.4,24.2,31.7,27.2,,,
2013-08-22,,20.0,21.4,30.4,23.8,,,
2013-08-23,,23.3,30.4,32.0,23.7,,,
2013-08-24,,27.4,31.0,32.9,26.3,,,
2013-08-25,,26.2,29.9,31.2,27.5,,,
2013-08-26,,32.5,31.3,38.2,33.7,,,
2013-08-27,,29.3,28.7,36.9,35.1,,,
2013-08-28,,36.7,17.5,43.9,35.3,,,
2013-08-29,,28.6,,41.1,27.7,,,
2013-08-30,,22.5,,32.1,35.2,,,
2013-08-31,,19.1,,29.2,29.4,,,
2013-09-01,,22.8,,30.0,31.3,,,
2013-09-02,,24.5,,30.8,32.6,,,
2013-09-03,,19.1,,25.5,27.2,,,
2013-09-04,,19.1,,56.4,23.5,,,
2013-09-05,,18.4,,30.5,24.5,,,
2013-09-06,,34.1,,,38.6,,,
2013-09-07,,32.5,,,30.5,,,
2013-09-08,,28.7,,,34.3,,,
2013-09-09,,29.5,,,27.8,,,
2013-09-10,,23.1,,,25.0,,,
2013-09-11,,20.8,,29.2,19.6,,,
2013-09-12,,23.1,,37.5,21.8,,,
2013-09-13,,22.2,3.4,,21.9,,,
2013-09-14,,16.6,,,20.1,,,
2013-09-15,,18.7,,,21.5,,,
2013-09-16,,25.6,,,30.2,,,
2013-09-17,,25.3,,,25.2,,,
2013-09-18,,21.8,,42.5,25.5,,,
2013-09-19,,19.3,,41.8,21.9,,,
2013-09-20,,23.9,,41.1,22.9,,,
2013-09-21,,20.4,,41.7,24.2,,,
2013-09-22,,15.7,,33.3,21.1,,,
2013-09-23,,21.4,,33.9,18.2,,,
2013-09-24,,27.3,,37.4,16.4,,,
2013-09-25,,21.4,,31.0,13.7,,,
2013-09-26,,25.2,,48.8,20.9,,,
2013-09-27,,23.4,,41.2,29.3,,,
2013-09-28,,26.3,,34.7,26.2,,,
2013-09-29,,31.0,,41.1,36.9,,,
2013-09-30,,34.1,,58.9,35.0,,,
2013-10-01,,21.3,,52.1,27.6,,,
2013-10-02,,20.7,,47.5,22.5,,,
2013-10-03,,25.5,,42.0,22.2,,,
2013-10-04,,18.5,,35.4,,,,
2013-10-05,,15.4,,27.6,,,,
2013-10-06,,13.9,,30.3,,,,
2013-10-07,,22.8,,43.1,,,,
2013-10-08,,23.1,,47.0,,,,
2013-10-09,,25.7,,54.5,18.7,,,
2013-10-10,,37.6,,62.2,35.0,,,
2013-10-11,,66.9,,59.6,52.2,,,
2013-10-12,,35.6,,80.3,37.2,,,
2013-10-13,,25.6,,68.7,33.6,,,
2013-10-14,,38.8,,68.9,28.0,,,
2013-10-15,,33.8,37.5,69.7,34.5,,,
2013-10-16,,27.5,28.3,36.8,34.1,,,
2013-10-17,,22.5,24.7,34.8,27.4,,,
2013-10-18,,25.3,24.2,39.7,20.1,,,
2013-10-19,,22.3,18.3,44.3,20.7,,,
2013-10-20,,11.3,10.5,17.2,17.7,,,
2013-10-21,,17.6,16.7,31.2,21.0,,,
2013-10-22,,19.0,18.2,34.5,17.7,,,
2013-10-23,,18.8,,39.9,15.2,,,
2013-10-24,,24.6,17.8,39.2,17.3,,,
2013-10-25,,23.9,17.0,35.5,14.8,,,
2013-10-26,,24.5,19.6,39.7,19.5,,,
2013-10-27,,19.3,25.2,25.9,19.7,,,
2013-10-28,,30.1,29.0,36.6,18.5,,,
2013-10-29,,21.0,16.8,30.4,13.0,,,
2013-10-30,,21.0,16.5,41.8,17.6,,,
2013-10-31,,21.1,16.5,33.3,18.6,,,
2013-11-01,,16.3,15.6,46.5,14.7,,,
2013-11-02,,30.1,23.3,56.0,13.9,,,
2013-11-03,,19.9,20.9,49.3,10.6,,,
2013-11-04,,19.3,15.7,52.5,10.3,,,
2013-11-05,,22.2,21.0,32.7,11.9,,,
2013-11-06,,17.8,16.4,24.0,12.7,,,
2013-11-07,,24.6,23.3,38.2,10.2,,,
2013-11-08,,28.2,25.6,51.0,7.2,,,
2013-11-09,,21.3,21.6,46.6,6.5,,,
2013-11-10,,16.3,18.7,29.7,8.2,,,
2013-11-11,,17.3,14.4,23.8,11.5,,,
2013-11-12,,15.1,12.5,27.1,5.4,,,
2013-11-13,,14.3,18.7,31.8,-0.4,,,
2013-11-14,,29.0,23.8,50.0,0.5,,,
2013-11-15,,28.0,19.2,49.8,-0.6,,,
2013-11-16,,17.0,23.7,37.4,0.1,,,
2013-11-17,,18.0,17.9,44.5,4.6,,,
2013-11-18,,14.5,10.3,28.9,5.9,,,
2013-11-19,,59.6,52.3,70.8,61.1,,,
2013-11-20,,28.8,25.6,34.1,23.5,,,
2013-11-21,,20.0,16.7,21.6,9.6,,,
2013-11-22,,20.3,17.2,32.1,17.7,,,
2013-11-23,,15.1,15.7,19.7,9.2,,,
2013-11-24,,12.5,9.7,13.8,7.7,,,
2013-11-25,,16.2,14.6,21.8,2.7,,,
2013-11-26,,14.4,16.1,19.2,9.9,,,
2013-11-27,,17.5,18.8,25.6,4.1,,,
2013-11-28,,16.2,8.7,46.8,2.4,,,
2013-11-29,,13.1,7.6,23.3,0.7,,,
2013-11-30,,7.1,6.9,10.9,-0.4,,,
2013-12-01,,12.2,12.8,17.2,4.7,,,
2013-12-02,,21.2,13.1,20.1,6.9,,,
2013-12-03,,13.5,12.0,23.7,-0.7,,,
2013-12-04,,15.0,14.6,23.0,8.1,,,
2013-12-05,,36.0,26.1,47.9,6.8,,,
2013-12-06,,26.7,25.4,39.8,11.0,,,
2013-12-07,,26.4,22.8,41.0,12.6,,,
2013-12-08,,20.2,14.0,26.8,10.0,,,
2013-12-09,,21.3,9.5,40.4,8.6,,,
2013-12-10,,30.0,20.0,49.6,3.6,,,
2013-12-11,,18.6,16.1,21.5,10.8,,,
2013-12-12,,38.0,31.4,45.6,9.4,,,
2013-12-13,,25.3,25.0,43.7,5.6,,,
2013-12-14,,24.2,27.5,47.1,3.9,,,
2013-12-15,,18.3,22.1,34.3,6.1,,,
2013-12-16,,21.1,17.1,34.1,8.6,,,
2013-12-17,,15.3,18.8,30.9,7.2,,,
2013-12-18,,15.4,17.6,32.2,8.8,,,
2013-12-19,,28.3,21.6,58.7,10.1,,,
2013-12-20,,10.2,9.3,32.9,5.7,,,
2013-12-21,,13.9,10.5,19.8,4.6,,,
2013-12-22,,12.7,10.2,14.4,5.8,,,
2013-12-23,,14.1,11.9,15.7,7.2,,,
2013-12-24,,15.7,17.2,21.7,9.0,,,
2013-12-25,,14.2,13.6,23.6,5.4,,,
2013-12-26,,16.5,15.3,22.0,14.7,,,
2013-12-27,,11.7,19.5,15.2,6.6,,,
2013-12-28,,24.5,25.1,37.0,5.4,,,
2013-12-29,,18.5,20.8,38.4,4.3,,,
2013-12-30,,22.4,22.0,36.4,2.4,,,
2013-12-31,,10.1,9.1,13.9,3.8,,,
2014-01-01,,15.5,17.7,27.9,8.9,,,
2014-01-02,,29.3,24.4,52.5,6.6,,,
2014-01-03,,28.3,27.4,55.8,13.2,,,
2014-01-04,,18.8,19.3,35.2,8.9,,,
2014-01-05,,19.9,20.4,18.2,11.7,,,
2014-01-06,,14.1,13.5,13.5,7.4,,,
2014-01-07,,12.1,15.3,30.3,7.5,,,
2014-01-08,,39.0,26.1,51.8,5.7,,,
2014-01-09,,27.9,22.3,54.5,7.7,,,
2014-01-10,,23.2,17.7,46.3,11.6,,,
2014-01-11,,25.2,22.9,47.8,11.6,,,
2014-01-12,,27.6,26.7,34.8,16.3,,,
2014-01-13,,22.9,23.7,31.1,3.9,,,
2014-01-14,,33.4,20.2,42.5,5.6,,,
2014-01-15,,22.5,21.2,29.0,2.1,,,
2014-01-16,,30.8,26.2,47.5,4.7,,,
2014-01-17,,22.7,15.9,36.9,6.1,,,
2014-01-18,,80.8,66.2,86.7,64.2,,,
2014-01-19,,104.1,98.8,113.7,78.2,,,
2014-01-20,,130.1,123.9,155.9,82.8,,,
2014-01-21,,18.3,18.2,19.2,9.1,,,
2014-01-22,,21.3,21.4,24.4,9.7,,,
2014-01-23,,34.7,27.2,64.2,16.5,,,
2014-01-24,,24.2,24.9,24.8,11.8,,,
2014-01-25,,16.0,18.0,17.4,12.2,,,
2014-01-26,,20.5,24.1,23.6,15.1,,,
2014-01-27,,24.2,23.8,27.6,10.4,,,
2014-01-28,,16.3,19.6,17.9,9.0,,,
2014-01-29,,30.5,24.9,31.3,15.3,,,
2014-01-30,,65.3,54.8,79.0,45.1,,,
2014-01-31,,126.3,116.3,145.1,87.9,,,
2014-02-01,,118.6,109.2,139.3,93.1,,,
2014-02-02,,24.0,24.8,29.1,14.6,,,
2014-02-03,,24.0,21.4,22.7,10.2,,,
2014-02-04,,33.6,30.2,57.2,16.1,,,
2014-02-05,,24.9,23.8,34.3,10.9,,,
2014-02-06,,28.6,27.5,32.1,17.1,,,
2014-02-07,,26.7,20.2,35.9,10.8,,,
2014-02-08,,23.7,24.1,25.8,12.8,,,
2014-02-09,,25.2,26.5,32.1,17.9,,,
2014-02-10,,33.1,28.6,37.3,19.6,,,
2014-02-11,,53.8,50.9,57.1,34.7,,,
2014-02-12,,22.9,24.0,26.5,12.1,,,
2014-02-13,,20.4,20.4,22.7,8.2,,,
2014-02-14,,26.4,24.4,27.3,10.6,,,
2014-02-15,,25.8,26.0,32.4,5.7,,,
2014-02-16,,19.7,19.9,19.6,,,,
2014-02-17,,23.9,17.7,25.2,,,,
2014-02-18,,27.5,26.1,33.1,,,,
2014-02-19,,41.1,39.0,47.2,,,,
2014-02-20,,43.7,44.8,44.1,,,,
2014-02-21,,26.1,28.3,30.5,,,,
2014-02-22,,25.6,30.3,27.1,11.3,,,
2014-02-23,,18.2,22.3,16.8,8.4,,,
2014-02-24,,21.5,21.4,21.8,6.8,,,
2014-02-25,,19.1,15.8,22.5,9.9,,,
2014-02-26,,14.1,11.1,18.8,9.0,,,
2014-02-27,,15.0,13.1,17.5,7.6,,,
2014-02-28,,19.8,23.7,21.3,10.4,,,
2014-03-01,,15.5,16.0,22.1,9.2,,,
2014-03-02,,9.5,13.8,14.3,6.9,,,
2014-03-03,,16.8,18.1,19.4,10.3,,,
2014-03-04,,15.5,18.8,16.5,9.9,,,
2014-03-05,,13.9,16.4,15.3,9.6,,,
2014-03-06,,20.6,21.3,29.4,8.9,,,
2014-03-07,,20.9,20.2,27.0,9.5,,,
2014-03-08,,14.4,17.3,22.2,10.1,,,
2014-03-09,,14.8,17.9,19.1,11.2,,,
2014-03-10,,19.7,22.9,34.7,7.4,,,
2014-03-11,,32.2,25.5,48.2,7.4,,,
2014-03-12,,22.6,19.3,35.6,7.8,,,
2014-03-13,,19.4,17.1,19.5,12.0,,,
2014-03-14,,33.4,32.2,35.6,23.3,,,
2014-03-15,,31.6,33.1,31.6,20.3,,,
2014-03-16,,41.4,41.4,44.8,24.3,,,
2014-03-17,,49.6,49.1,46.4,26.2,,,
2014-03-18,,44.1,50.0,41.0,20.3,,,
2014-03-19,,34.7,37.3,39.5,17.7,,,
2014-03-20,,39.4,38.2,46.2,17.8,,,
2014-03-21,,27.4,26.2,30.1,16.8,,,
2014-03-22,,28.2,26.0,31.8,16.4,,,
2014-03-23,,23.6,22.2,26.8,11.8,,,
2014-03-24,,23.3,22.6,19.9,12.6,,,
2014-03-25,,26.7,26.8,24.2,16.2,,,
2014-03-26,,26.4,22.9,24.7,18.6,,,
2014-03-27,,,27.5,26.4,14.0,,,
2014-03-28,,,26.2,24.9,17.0,,,
2014-03-29,,,15.8,18.5,11.1,,,
2014-03-30,,,24.8,21.6,19.3,,,
2014-03-31,,,27.1,27.1,20.7,,,
2014-04-01,,,28.7,27.7,18.2,,,
2014-04-02,,,34.6,36.4,22.1,,,
2014-04-03,,,33.3,41.5,32.5,,,
2014-04-04,,,40.1,42.2,23.0,,,
2014-04-05,,,27.3,23.5,17.5,,,
2014-04-06,,,23.1,22.6,16.7,,,
2014-04-07,,,24.4,25.5,13.8,,,
2014-04-08,,35.4,31.6,36.2,16.4,,,
2014-04-09,,,29.8,30.0,16.8,,,
2014-04-10,,27.0,29.0,28.9,15.8,,,
2014-04-11,,26.3,28.0,26.6,13.3,,,
2014-04-12,,21.1,18.1,24.1,10.0,,,
2014-04-13,,15.1,17.0,17.7,8.1,,,
2014-04-14,,16.7,15.9,17.6,8.1,,,
2014-04-15,,20.0,18.4,20.7,9.4,,,
2014-04-16,,25.4,20.2,21.1,13.0,,,
2014-04-17,,14.2,13.2,12.2,7.3,,,
2014-04-18,,12.1,18.8,15.2,10.1,,,
2014-04-19,,20.0,18.6,21.8,9.6,,,
2014-04-20,,32.5,37.2,,32.2,,,
2014-04-21,,47.9,51.3,,33.7,,,
2014-04-22,,40.8,121.3,,27.0,,,
2014-04-23,,30.7,48.0,,17.8,,,
2014-04-24,,24.8,36.6,,17.1,,,
2014-04-25,,20.2,23.9,18.9,11.8,,,
2014-04-26,,18.9,20.3,18.7,12.7,,,
2014-04-27,,15.8,18.2,18.9,14.6,,,
2014-04-28,,27.7,42.6,,18.1,,,
2014-04-29,,22.2,25.0,,14.5,,,
2014-04-30,,21.4,26.3,19.6,14.3,,,
2014-05-01,,16.8,18.4,17.5,11.6,,,
2014-05-02,,23.6,26.8,23.8,17.1,,,
2014-05-03,,14.8,16.8,15.0,10.5,,,
2014-05-04,,26.6,29.8,27.6,21.0,,,
2014-05-05,,24.5,26.8,21.4,12.6,,,
2014-05-06,,24.1,21.9,25.0,9.9,,,
2014-05-07,,18.9,14.1,21.2,7.0,,,
2014-05-08,,19.5,20.3,23.8,9.0,,,
2014-05-09,,25.5,25.3,32.3,14.7,,,
2014-05-10,,24.7,25.3,30.6,15.5,,,
2014-05-11,,19.6,25.0,22.5,14.2,,,
2014-05-12,,24.4,20.9,28.3,9.1,,,
2014-05-13,,46.0,36.8,55.1,35.6,,,
2014-05-14,,39.5,46.4,54.6,22.9,,,
2014-05-15,,29.6,28.6,33.1,17.7,,,
2014-05-16,,23.2,,24.5,11.1,,,
2014-05-17,,14.6,18.5,17.1,8.2,,,
2014-05-18,,17.4,17.9,19.9,10.1,,,
2014-05-19,,20.3,,29.9,13.8,,,
2014-05-20,,26.2,27.4,30.2,17.1,,,
2014-05-21,,26.4,27.9,33.2,21.9,,,
2014-05-22,,20.8,17.5,29.8,25.9,,,
2014-05-23,,17.5,15.6,24.6,17.4,,,
2014-05-24,,24.1,37.1,26.3,16.3,,,
2014-05-25,,32.1,36.8,37.2,19.4,,,
2014-05-26,,30.0,33.0,33.9,21.9,,,
2014-05-27,,32.0,34.9,37.3,20.6,,,
2014-05-28,,28.3,31.1,36.2,17.8,,,
2014-05-29,,21.1,27.3,25.8,19.6,,,
2014-05-30,,22.9,28.8,26.0,14.5,,,
2014-05-31,,18.9,22.8,21.5,14.6,,,
2014-06-01,,17.2,20.4,23.5,10.8,,,
2014-06-02,,50.4,23.7,17.6,16.9,,,
2014-06-03,,26.1,27.2,32.2,16.5,,,
2014-06-04,,27.9,27.6,36.1,16.7,,,
2014-06-05,,19.7,19.8,22.6,12.7,,,
2014-06-06,,22.9,24.0,32.2,14.6,,,
2014-06-07,,30.9,31.9,34.2,9.3,,,
2014-06-08,,30.5,20.5,36.8,11.6,,,
2014-06-09,,32.2,30.2,34.3,19.5,,,
2014-06-10,,26.9,25.8,34.8,18.0,,,
2014-06-11,,31.5,28.4,35.8,19.2,,,
2014-06-12,,,33.6,38.5,18.5,,,
2014-06-13,,30.0,38.1,41.9,17.8,,,
2014-06-14,,32.1,37.4,41.0,20.9,,,
2014-06-15,,23.5,24.1,26.1,17.1,,,
2014-06-16,,56.3,23.9,34.3,18.9,,,
2014-06-17,,28.6,29.4,42.7,18.9,,,
2014-06-18,,20.8,22.5,26.4,14.2,,,
2014-06-19,,24.2,22.8,26.5,14.7,,,
2014-06-20,,19.9,20.7,23.0,13.9,,,
2014-06-21,,21.0,19.1,27.8,10.2,,,
2014-06-22,,19.8,18.6,31.4,15.1,,,
2014-06-23,,24.2,21.6,33.6,16.3,,,
2014-06-24,,21.6,18.0,25.5,15.2,,,
2014-06-25,,34.4,23.6,35.8,27.0,,,
2014-06-26,,49.7,45.1,60.8,37.8,,,
2014-06-27,,27.8,29.8,40.1,26.7,,,
2014-06-28,,33.6,35.2,37.9,20.0,,,
2014-06-29,,35.8,32.3,40.8,16.2,,,
2014-06-30,,32.4,50.5,40.4,20.3,,,
2014-07-01,,36.3,27.8,37.8,22.1,,,
2014-07-02,,25.7,22.9,29.6,19.6,,,
2014-07-03,,27.9,21.3,32.0,17.9,,,
2014-07-04,,18.9,21.9,28.3,19.5,,,
2014-07-05,,17.7,21.8,28.0,14.8,,,
2014-07-06,,23.9,33.0,37.8,25.1,,,
2014-07-07,,37.7,20.7,32.9,24.2,,,
2014-07-08,,23.6,34.5,42.2,24.0,,,
2014-07-09,,38.4,28.4,,18.0,,,
2014-07-10,,28.3,28.6,36.0,16.8,,,
2014-07-11,,32.8,33.2,39.2,17.9,,,
2014-07-12,,40.8,31.0,33.9,19.3,,,
2014-07-13,,28.3,23.8,25.2,15.1,,,
2014-07-14,,18.8,20.7,25.4,10.6,,,
2014-07-15,,,23.0,28.1,15.9,,,
2014-07-16,,25.3,21.6,25.3,17.0,,,
2014-07-17,,22.5,22.7,32.2,18.6,,,
2014-07-18,,30.0,27.4,33.0,17.1,,,
2014-07-19,,30.6,25.7,30.6,19.7,,,
2014-07-20,,29.9,27.0,32.8,21.4,,,
2014-07-21,,36.9,29.1,44.5,17.5,,,
2014-07-22,,28.7,33.1,39.4,17.7,,,
2014-07-23,,33.8,31.0,33.0,18.8,,,
2014-07-24,,27.2,26.7,33.4,18.3,,,
2014-07-25,,26.6,21.1,28.6,17.2,,,
2014-07-26,,23.3,17.0,25.3,21.5,,,
2014-07-27,,19.7,27.2,31.0,20.3,,,
2014-07-28,,29.0,26.6,33.3,20.6,,,
2014-07-29,,40.0,21.7,32.2,16.1,,,
2014-07-30,,51.2,30.2,34.1,16.2,,,
2014-07-31,,54.1,29.4,34.2,18.1,,,
2014-08-01,,36.0,30.8,31.0,18.3,,,
2014-08-02,,35.4,26.1,27.7,14.9,,,
2014-08-03,,22.2,14.3,22.0,11.3,,,
2014-08-04,,36.4,26.1,29.6,17.6,,,
2014-08-05,,37.4,26.3,37.7,17.4,,,
2014-08-06,,42.5,26.9,32.1,17.6,,,
2014-08-07,,38.3,25.3,30.3,16.0,,,
2014-08-08,,40.8,28.3,31.9,15.7,,,
2014-08-09,,31.4,20.2,26.3,17.8,,,
2014-08-10,,28.4,19.2,30.2,12.7,,,
2014-08-11,,36.9,23.8,24.6,12.0,,,
2014-08-12,,26.1,23.1,25.5,11.1,,,
2014-08-13,,22.0,17.7,28.0,,,,
2014-08-14,,38.6,30.1,,18.2,,,
2014-08-15,,38.5,37.0,,21.6,,,
2014-08-16,,30.2,24.0,,19.2,,,
2014-08-17,,23.9,21.3,,16.2,,,
2014-08-18,,28.5,23.5,28.4,18.5,,,
2014-08-19,,21.7,13.9,28.7,15.1,,,
2014-08-20,,20.9,13.9,23.2,13.3,,,
2014-08-21,,25.9,17.0,29.5,18.4,,,
2014-08-22,,43.9,29.7,40.8,22.2,,,
2014-08-23,,38.1,26.8,42.2,21.4,,,
2014-08-24,,37.9,34.6,36.8,22.9,,,
2014-08-25,,29.4,26.1,32.2,17.8,,,
2014-08-26,,29.6,23.5,32.9,15.2,,,
2014-08-27,,28.0,24.9,33.2,8.9,,,
2014-08-28,,29.2,27.3,33.0,15.6,,,
2014-08-29,,35.5,31.1,36.0,18.0,,,
2014-08-30,,24.9,26.7,30.6,20.8,,,
2014-08-31,,24.5,24.5,26.6,16.0,,,
2014-09-01,,44.5,34.4,35.6,15.5,,,
2014-09-02,,38.6,40.8,41.8,,,,
2014-09-03,,27.0,23.6,26.7,17.9,,,
2014-09-04,,19.3,21.6,22.7,11.5,,,
2014-09-05,,26.3,23.1,27.8,13.9,,,
2014-09-06,,25.0,24.6,26.2,14.1,,,
2014-09-07,,22.8,24.6,25.3,14.9,,,
2014-09-08,,25.1,22.9,23.8,17.3,,,
2014-09-09,,,,30.2,16.3,,,
2014-09-10,,38.4,31.0,40.6,22.9,,,
2014-09-11,,25.5,21.7,24.6,15.7,,,
2014-09-12,,10.9,43.1,51.8,31.1,,,
2014-09-13,,48.0,42.3,48.0,27.1,,,
2014-09-14,,22.6,20.5,22.1,13.0,,,
2014-09-15,,23.3,23.3,31.6,12.2,,,
2014-09-16,,25.7,20.5,31.2,15.1,,,
2014-09-17,,22.4,18.5,29.3,15.8,,,
2014-09-18,,,17.9,38.0,15.9,,,
2014-09-19,,30.1,20.8,37.1,19.9,,,
2014-09-20,,46.4,39.7,49.8,27.3,,,
2014-09-21,,23.8,53.9,61.2,30.9,,,
2014-09-22,,101.3,86.5,105.2,69.2,,,
2014-09-23,,92.4,95.8,,57.5,,,
2014-09-24,,40.2,38.4,53.1,34.3,,,
2014-09-25,,32.9,37.0,48.5,26.0,,,
2014-09-26,,24.0,27.3,31.9,12.5,,,
2014-09-27,,14.1,20.8,22.6,12.7,,,
2014-09-28,,17.0,15.9,17.7,11.9,,,
2014-09-29,,18.9,17.1,20.5,13.3,,,
2014-09-30,,17.0,16.6,24.3,13.3,,,
2014-10-01,,33.7,25.9,34.0,10.7,,,
2014-10-02,,30.0,23.2,34.7,10.4,,,
2014-10-03,,21.2,27.4,44.1,12.1,,,
2014-10-04,,,20.5,60.2,13.7,,,
2014-10-05,,,25.4,51.1,11.7,,,
2014-10-06,,,10.9,43.6,13.5,,,
2014-10-07,,26.8,32.7,53.0,12.5,,,
2014-10-08,,23.3,25.1,42.7,14.6,,,
2014-10-09,,20.0,11.7,49.3,7.2,,,
2014-10-10,,20.3,10.1,55.1,8.7,,,
2014-10-11,,16.2,11.5,41.8,9.6,,,
2014-10-12,,13.4,13.4,28.2,5.5,,,
2014-10-13,,29.6,18.6,44.0,11.5,,,
2014-10-14,,46.2,33.4,62.6,28.1,,,
2014-10-15,,68.6,55.4,78.3,41.9,,,
2014-10-16,,63.7,64.1,124.8,61.2,,,
2014-10-17,,67.4,61.6,78.0,50.8,,,
2014-10-18,,58.6,61.5,70.3,41.2,,,
2014-10-19,,36.6,37.8,42.9,30.9,,,
2014-10-20,,30.5,27.3,46.7,16.1,,,
2014-10-21,,30.3,31.4,43.4,14.7,,,
2014-10-22,,69.5,59.9,73.6,26.6,,,
2014-10-23,,31.2,25.8,31.8,14.1,,,
2014-10-24,,22.0,23.3,33.8,11.3,,,
2014-10-25,,17.0,20.0,27.7,10.3,,,
2014-10-26,,11.6,13.1,18.2,6.8,,,
2014-10-27,,26.4,17.1,50.8,10.2,,,
2014-10-28,,27.5,31.5,53.1,10.2,,,
2014-10-29,,38.8,19.0,89.9,11.3,,,
2014-10-30,,28.1,24.6,69.0,9.4,,,
2014-10-31,,14.8,18.3,29.7,7.8,,,
2014-11-01,,18.1,21.8,28.2,13.7,,,
2014-11-02,,25.6,25.7,55.6,15.6,,,
2014-11-03,,56.4,20.6,98.5,11.4,,,
2014-11-04,,26.7,15.1,57.9,13.4,,,
2014-11-05,,151.2,142.4,162.1,88.1,,,
2014-11-06,,225.0,216.2,252.1,176.4,,,
2014-11-07,,26.4,18.6,22.2,12.2,,,
2014-11-08,,23.4,23.6,30.5,15.3,,,
2014-11-09,,28.7,25.6,51.5,12.8,,,
2014-11-10,,30.5,15.2,60.9,11.9,,,
2014-11-11,,114.4,67.5,126.4,,,,
2014-11-12,,119.9,94.5,97.0,,,,
2014-11-13,,27.7,19.8,36.9,,,,
2014-11-14,,23.8,23.4,52.7,12.0,,,
2014-11-15,,29.4,19.6,47.7,12.9,,,
2014-11-16,,30.1,27.1,41.0,19.9,,,
2014-11-17,,36.0,26.0,47.3,17.7,,,
2014-11-18,,34.8,31.2,54.8,15.8,,,
2014-11-19,,37.2,33.0,56.2,16.7,,,
2014-11-20,,37.7,29.9,61.7,16.4,,,
2014-11-21,,39.9,29.9,114.0,16.2,,,
2014-11-22,,24.3,19.2,55.2,17.5,,,
2014-11-23,,24.6,22.8,57.6,18.7,,,
2014-11-24,,35.1,22.1,54.9,13.6,,,
2014-11-25,,34.7,29.8,,17.2,,,
2014-11-26,,30.8,25.7,,11.3,,,
2014-11-27,,31.7,20.1,,13.2,,,
2014-11-28,,135.4,,,82.3,,,
2014-11-29,,81.5,,,60.4,,,
2014-11-30,,63.9,,,52.4,,,
2014-12-01,,163.0,,,111.7,,,
2014-12-02,,112.5,,,70.3,,,
2014-12-03,,55.6,,,31.6,,,
2014-12-04,,28.7,,46.1,14.1,,,
2014-12-05,,22.5,,,12.9,,,
2014-12-06,,19.4,,,11.1,,,
2014-12-07,,13.7,,,8.6,,,
2014-12-08,,9.4,,,7.9,,,
2014-12-09,,19.4,,,9.1,,,
2014-12-10,,8.6,,14.9,9.8,,,
2014-12-11,,11.4,,21.6,9.5,,,
2014-12-12,,23.2,,41.7,10.3,,,
2014-12-13,,27.1,,68.1,11.1,,,
2014-12-14,,16.4,,67.8,12.1,,,
2014-12-15,,35.0,,52.0,16.8,,,
2014-12-16,,,,50.9,28.8,,,
2014-12-17,,,,35.8,16.1,,,
2014-12-18,,48.1,,44.1,9.2,,,
2014-12-19,,33.6,,,10.4,,,
2014-12-20,,30.9,,36.0,6.9,,,
2014-12-21,,28.9,,30.3,14.8,,,
2014-12-22,,37.3,,45.4,16.7,,,
2014-12-23,,34.5,,34.5,9.8,,,
2014-12-24,,26.7,,28.2,8.7,,,
2014-12-25,,19.3,,17.2,8.3,,,
2014-12-26,,21.9,,21.3,10.7,,,
2014-12-27,,17.9,,11.7,9.3,,,
2014-12-28,,28.0,,,19.7,,,
2014-12-29,,24.1,,,10.4,,,
2014-12-30,,15.1,,,11.0,,,
2014-12-31,,13.0,,10.4,8.2,,,
2015-01-01,,12.6,,14.7,7.0,,,
2015-01-02,,23.1,,,9.8,,,
2015-01-03,,22.4,,34.2,13.4,,,
2015-01-04,,30.8,,34.6,25.1,,,
2015-01-05,,18.3,,21.6,14.4,,,
2015-01-06,,18.8,,23.9,9.8,,,
2015-01-07,,31.3,,,12.4,,,
2015-01-08,,34.2,,56.2,10.4,,,
2015-01-09,,17.4,,28.4,,,,
2015-01-10,,26.9,,34.5,,,,
2015-01-11,,28.0,,31.2,,,,
2015-01-12,,31.0,,38.6,22.6,,,
2015-01-13,,42.5,,,15.6,,,
2015-01-14,,35.2,,51.3,16.1,,,
2015-01-15,,40.2,,39.9,14.1,,,
2015-01-16,,32.4,,56.6,11.5,,,
2015-01-17,,31.5,,35.6,16.9,,,
2015-01-18,,33.8,,33.2,18.8,,,
2015-01-19,,37.8,,46.5,17.9,,,
2015-01-20,,39.9,,70.5,17.0,,,
2015-01-21,,53.9,,78.6,29.0,,,
2015-01-22,,35.1,,39.6,19.9,,,
2015-01-23,,25.9,,27.6,15.1,,,
2015-01-24,,21.6,,22.7,10.0,,,
2015-01-25,,17.0,,19.6,8.7,,,
2015-01-26,,23.8,,34.4,8.6,,,
2015-01-27,,16.7,,24.1,4.5,,,
2015-01-28,,13.3,,17.8,6.9,,,
2015-01-29,,21.1,,29.1,,,,
2015-01-30,,43.4,,44.8,,,,
2015-01-31,,351.8,,343.9,,,,
2015-02-01,,16.1,,20.6,,,,
2015-02-02,,19.2,,20.0,,,,
2015-02-03,,52.6,,67.3,,,,
2015-02-04,,113.0,,137.6,,,,
2015-02-05,,105.9,,124.6,69.2,,,
2015-02-06,,26.1,,,12.7,,,
2015-02-07,,26.0,,,8.4,,,
2015-02-08,,13.6,,,6.8,,,
2015-02-09,,16.1,,20.0,10.9,,,
2015-02-10,,12.5,,18.7,12.1,,,
2015-02-11,,19.1,,39.0,13.4,,,
2015-02-12,,19.0,,50.1,11.9,,,
2015-02-13,,10.3,,21.9,8.9,,,
2015-02-14,,8.6,,21.6,7.5,,,
2015-02-15,,14.1,,45.3,9.1,,,
2015-02-16,,18.7,,37.9,12.7,,,
2015-02-17,,11.2,,20.3,8.1,,,
2015-02-18,,23.5,,34.3,12.7,,,
2015-02-19,,15.3,,27.7,12.0,,,
2015-02-20,,21.0,,43.5,11.2,,,
2015-02-21,,29.0,,38.0,17.0,,,
2015-02-22,,39.5,,44.0,26.6,,,
2015-02-23,,27.6,,32.9,9.4,,,
2015-02-24,,29.5,,33.3,19.6,,,
2015-02-25,,21.3,,25.2,15.1,,,
2015-02-26,,10.8,,16.0,7.1,,,
2015-02-27,,16.9,,23.1,10.5,,,
2015-02-28,,18.6,,36.7,10.9,,,
2015-03-01,,16.5,,29.0,10.3,,,
2015-03-02,,28.1,,38.0,13.9,,,
2015-03-03,,32.9,,34.5,21.8,,,
2015-03-04,,24.4,,39.4,10.6,,,
2015-03-05,,29.0,,31.6,16.9,,,
2015-03-06,,13.9,,20.4,10.1,,,
2015-03-07,,14.8,,28.7,12.8,,,
2015-03-08,,11.7,,21.0,9.8,,,
2015-03-09,,11.6,,19.0,5.2,,,
2015-03-10,,17.5,,32.0,7.6,,,
2015-03-11,,25.3,,32.2,14.4,,,
2015-03-12,,31.5,,35.6,17.6,,,
2015-03-13,,14.4,,27.4,11.9,,,
2015-03-14,,23.3,,42.5,16.6,,,
2015-03-15,,20.3,,28.5,15.7,,,
2015-03-16,,33.4,,40.6,22.4,,,
2015-03-17,,38.4,,53.6,19.7,,,
2015-03-18,,18.4,,29.9,11.1,,,
2015-03-19,,30.5,,45.1,21.7,,,
2015-03-20,,28.8,,36.4,21.5,,,
2015-03-21,,28.2,,30.3,17.5,,,
2015-03-22,,78.8,,88.1,52.4,,,
2015-03-23,,61.9,,80.2,32.0,,,
2015-03-24,,69.2,,82.3,43.3,,,
2015-03-25,,88.1,,98.6,52.3,,,
2015-03-26,,146.7,,162.9,116.9,,,
2015-03-27,,45.8,,53.9,35.6,,,
2015-03-28,,21.7,,,17.3,,,
2015-03-29,,23.7,,,22.1,,,
2015-03-30,,28.1,,,22.0,,,
2015-03-31,,34.1,,47.5,30.0,,,
2015-04-01,,39.1,,52.9,31.1,,,
2015-04-02,,42.0,,54.9,33.7,,,
2015-04-03,,32.6,,40.9,25.9,,,
2015-04-04,,26.8,,42.1,22.8,,,
2015-04-05,,21.6,,30.3,18.0,,,
2015-04-06,,23.6,,30.6,17.3,,,
2015-04-07,,19.6,,,10.3,,,
2015-04-08,,17.1,,,10.9,,,
2015-04-09,,15.4,,,10.6,,,
2015-04-10,,21.6,,36.1,8.6,,,
2015-04-11,,17.7,,,9.6,,,
2015-04-12,,14.7,,,11.8,,,
2015-04-13,,24.3,,,14.1,,,
2015-04-14,,25.0,,,13.9,,,
2015-04-15,,29.4,,43.2,14.9,,,
2015-04-16,,25.8,,34.3,15.3,,,
2015-04-17,,32.6,,41.6,20.1,,,
2015-04-18,,33.5,,53.0,17.9,,,
2015-04-19,,31.1,,40.9,23.1,,,
2015-04-20,,26.5,,35.9,21.2,,,
2015-04-21,,29.8,,38.0,15.6,,,
2015-04-22,,32.9,,44.8,16.5,,,
2015-04-23,,24.6,,31.3,14.8,,,
2015-04-24,,28.4,,41.4,17.0,,,
2015-04-25,,25.5,,36.8,14.9,,,
2015-04-26,,24.8,,35.4,17.7,,,
2015-04-27,,53.8,,69.9,38.8,,,
2015-04-28,,,,39.4,19.4,,,
2015-04-29,,28.3,,39.0,19.6,,,
2015-04-30,,26.4,,32.9,17.2,,,
2015-05-01,,20.2,,27.0,10.9,,,
2015-05-02,,26.9,,39.5,15.3,,,
2015-05-03,,22.0,,29.6,13.6,,,
2015-05-04,,24.4,,38.1,13.1,,,
2015-05-05,,23.7,,28.0,11.4,,,
2015-05-06,,19.9,24.4,40.7,10.8,,,
2015-05-07,,45.0,45.6,48.6,30.3,,,
2015-05-08,,55.9,56.7,65.2,34.7,,,
2015-05-09,,33.8,35.3,39.4,23.1,,,
2015-05-10,,26.0,27.6,29.8,21.8,,,
2015-05-11,,34.8,31.1,38.3,21.1,,,
2015-05-12,,22.5,25.8,30.2,14.7,,,
2015-05-13,,25.4,28.4,26.3,13.1,,,
2015-05-14,,19.9,23.2,22.1,12.0,,,
2015-05-15,,28.3,25.5,,,,,
2015-05-16,,45.4,38.4,,33.1,,,
2015-05-17,,20.1,19.5,,18.5,,,
2015-05-18,,13.0,13.4,,12.5,,,
2015-05-19,,33.3,32.6,39.9,22.7,,,
2015-05-20,,42.9,36.8,54.3,35.6,,,
2015-05-21,,44.1,42.4,54.6,27.4,,,
2015-05-22,,37.5,33.1,42.6,22.1,,,
2015-05-23,,31.3,,33.1,22.6,,,
2015-05-24,,24.3,,30.7,17.6,,,
2015-05-25,,35.2,,38.0,25.3,,,
2015-05-26,,25.7,,31.0,,,,
2015-05-27,,41.0,,40.3,,,,
2015-05-28,,33.3,,33.8,19.8,,,
2015-05-29,,16.8,,23.9,12.0,,,
2015-05-30,,14.2,,25.2,9.9,,,
2015-05-31,,11.2,,18.8,9.2,,,
2015-06-01,,16.8,,24.7,11.0,,,
2015-06-02,,21.7,,31.0,17.2,,,
2015-06-03,,25.6,,30.9,16.8,,,
2015-06-04,,24.3,31.4,39.5,18.1,,,
2015-06-05,,25.9,26.2,38.5,16.2,,,
2015-06-06,,26.0,27.0,32.5,,,,
2015-06-07,,23.6,31.5,31.9,,,,
2015-06-08,,28.9,27.8,31.1,,,,
2015-06-09,,26.7,22.4,26.9,14.8,,,
2015-06-10,,27.9,20.1,31.4,18.1,,,
2015-06-11,,33.5,16.1,24.9,14.3,,,
2015-06-12,,33.4,15.1,26.4,18.0,,,
2015-06-13,,40.3,25.1,38.7,27.2,,,
2015-06-14,,38.0,33.9,39.4,23.9,,,
2015-06-15,,38.6,32.6,39.1,26.5,,,
2015-06-16,,39.1,36.7,45.5,29.1,,,
2015-06-17,,41.2,34.5,43.4,19.1,,,
2015-06-18,,38.9,34.3,41.3,17.3,,,
2015-06-19,,30.6,26.9,31.7,15.0,,,
2015-06-20,,34.5,33.1,36.9,23.2,,,
2015-06-21,,38.0,37.7,39.2,25.1,,,
2015-06-22,,32.2,31.4,35.9,21.3,,,
2015-06-23,,25.4,24.0,27.4,16.5,,,
2015-06-24,,28.3,24.6,33.4,20.0,,,
2015-06-25,,33.5,22.2,28.5,20.4,,,
2015-06-26,,23.1,22.1,31.3,18.6,,,
2015-06-27,,22.9,26.4,30.6,16.8,,,
2015-06-28,,27.0,29.4,28.0,17.7,,,
2015-06-29,,22.2,30.0,28.6,21.6,,,
2015-06-30,,23.4,18.2,30.3,20.2,,,
2015-07-01,,21.3,23.7,29.0,15.7,,,
2015-07-02,,23.7,23.1,29.9,16.4,,,
2015-07-03,,22.6,21.5,28.6,14.8,,,
2015-07-04,,20.9,26.7,26.9,14.1,,,
2015-07-05,,19.6,25.8,27.0,12.9,,,
2015-07-06,,28.8,25.8,27.9,16.5,,,
2015-07-07,,27.5,24.8,31.0,17.0,,,
2015-07-08,,29.2,26.7,31.5,20.4,,,
2015-07-09,,32.1,30.6,33.0,25.4,,,
2015-07-10,,42.0,42.1,47.5,,,,
2015-07-11,,42.8,42.5,47.5,29.1,,,
2015-07-12,,36.1,34.4,36.9,27.0,,,
2015-07-13,,,50.0,37.0,28.2,,,
2015-07-14,,42.3,38.0,40.3,29.0,,,
2015-07-15,,29.4,25.2,33.6,17.9,,,
2015-07-16,,30.2,29.4,37.8,23.0,,,
2015-07-17,,32.3,26.7,47.0,23.8,,,
2015-07-18,,29.6,25.3,39.2,21.2,,,
2015-07-19,,34.4,35.1,42.8,20.4,,,
2015-07-20,,40.0,30.8,48.1,26.1,,,
2015-07-21,,43.7,31.7,46.4,18.4,,,
2015-07-22,,41.4,35.6,38.4,,,,
2015-07-23,,38.2,29.2,33.7,,,,
2015-07-24,,36.3,28.1,33.6,,,,
2015-07-25,,32.1,28.9,34.7,16.2,,,
2015-07-26,,30.2,23.1,24.9,17.3,,,
2015-07-27,,42.8,29.4,39.9,28.7,,,
2015-07-28,,,,44.0,35.3,,,
2015-07-29,,,,42.2,36.4,,,
2015-07-30,,,,45.5,32.3,,,
2015-07-31,,,,36.9,23.3,,,
2015-08-01,,,,60.7,34.5,,,
2015-08-02,,,,28.9,31.3,,,
2015-08-03,,,,48.3,37.0,,,
2015-08-04,,41.7,34.1,41.4,47.0,,,
2015-08-05,,36.3,34.5,40.4,36.7,,,
2015-08-06,,41.1,28.6,40.2,,,,
2015-08-07,,38.5,32.1,46.5,,,,
2015-08-08,,40.3,36.4,39.2,30.6,,,
2015-08-09,,27.0,36.3,33.7,25.7,,,
2015-08-10,,43.3,,42.9,28.0,,,
2015-08-11,,31.1,23.3,36.5,20.5,,,
2015-08-12,,23.6,20.8,28.8,20.5,,,
2015-08-13,,20.6,16.9,27.3,20.8,,,
2015-08-14,,28.4,25.6,31.7,25.6,,,
2015-08-15,,37.3,33.9,41.6,32.7,,,
2015-08-16,,31.1,27.7,35.0,25.1,,,
2015-08-17,,19.8,16.9,29.2,18.1,,,
2015-08-18,,24.8,19.2,26.1,12.0,,,
2015-08-19,,27.5,23.4,32.7,20.1,,,
2015-08-20,,30.1,25.9,36.5,16.2,,,
2015-08-21,,30.9,26.2,35.3,16.4,,,
2015-08-22,,26.7,22.0,25.2,12.2,,,
2015-08-23,,20.0,17.9,24.2,9.6,,,
2015-08-24,,23.7,13.0,23.4,10.5,,,
2015-08-25,,26.9,20.5,27.5,12.8,,,
2015-08-26,,38.3,35.7,43.9,25.3,,,
2015-08-27,,27.6,23.6,29.1,18.4,,,
2015-08-28,,26.4,22.7,26.4,19.4,,,
2015-08-29,,26.7,27.6,34.0,24.6,,,
2015-08-30,,26.7,23.3,26.7,18.4,,,
2015-08-31,,28.1,24.5,28.5,22.8,,,
2015-09-01,,31.5,29.1,33.8,21.8,,,
2015-09-02,,31.2,26.9,29.0,21.3,,,
2015-09-03,,41.4,31.4,38.3,24.0,,,
2015-09-04,,33.7,27.1,33.9,24.4,,,
2015-09-05,,46.1,35.1,44.5,38.4,,,
2015-09-06,,54.6,48.1,57.1,43.3,,,
2015-09-07,,43.4,37.2,42.4,24.9,,,
2015-09-08,,39.4,39.0,41.9,26.8,,,
2015-09-09,,32.8,29.8,46.4,19.4,,,
2015-09-10,,28.5,23.1,29.7,17.3,,,
2015-09-11,,22.6,20.6,32.8,12.0,,,
2015-09-12,,17.3,17.9,36.9,16.0,,,
2015-09-13,,16.7,13.5,24.1,14.0,,,
2015-09-14,,53.7,13.1,32.4,14.1,,,
2015-09-15,,26.9,15.1,21.9,13.0,,,
2015-09-16,,27.2,16.7,27.9,11.7,,,
2015-09-17,,30.9,21.0,32.1,15.5,,,
2015-09-18,,62.5,51.7,73.3,26.0,,,
2015-09-19,,67.4,59.0,67.5,35.4,,,
2015-09-20,,48.3,34.8,48.8,19.2,,,
2015-09-21,,30.7,23.5,28.2,15.8,,,
2015-09-22,,30.3,20.3,27.4,13.2,,,
2015-09-23,,23.8,22.7,27.6,19.2,,,
2015-09-24,,34.3,22.8,44.9,23.5,,,
2015-09-25,,32.5,27.4,33.4,19.4,,,
2015-09-26,,23.1,24.7,25.1,11.9,,,
2015-09-27,,19.3,18.0,22.0,14.8,,,
2015-09-28,,26.1,18.9,22.9,11.3,,,
2015-09-29,,27.2,20.9,30.3,12.3,,,
2015-09-30,,27.2,19.9,36.8,14.8,,,
2015-10-01,,20.3,15.5,30.8,15.1,,,
2015-10-02,,22.0,22.1,52.3,13.9,,,
2015-10-03,,27.1,22.3,50.6,15.6,,,
2015-10-04,,27.4,25.7,48.7,14.5,,,
2015-10-05,,32.2,29.5,35.0,15.8,,,
2015-10-06,,39.1,32.3,42.5,24.4,,,
2015-10-07,,44.5,41.1,49.2,32.2,,,
2015-10-08,,33.3,28.8,41.0,17.7,,,
2015-10-09,,30.0,21.8,40.4,24.7,,,
2015-10-10,,42.7,41.6,48.1,27.3,,,
2015-10-11,,26.3,22.7,27.5,18.4,,,
2015-10-12,,49.1,22.5,37.0,11.1,,,
2015-10-13,,27.5,12.4,40.4,11.9,,,
2015-10-14,,29.7,15.9,31.2,16.1,,,
2015-10-15,,44.9,36.3,52.0,25.0,,,
2015-10-16,,34.0,33.2,45.6,17.7,,,
2015-10-17,,30.0,26.1,48.2,11.9,,,
2015-10-18,,25.3,17.2,38.1,14.6,,,
2015-10-19,,24.0,20.9,32.0,12.6,,,
2015-10-20,,45.1,34.8,42.8,23.4,,,
2015-10-21,,79.8,65.3,73.3,53.6,,,
2015-10-22,,23.0,18.6,23.9,10.3,,,
2015-10-23,,24.4,18.9,25.7,12.5,,,
2015-10-24,,21.6,20.9,30.2,11.6,,,
2015-10-25,,22.0,19.3,27.6,11.9,,,
2015-10-26,,29.7,20.0,38.6,14.5,,,
2015-10-27,,,13.6,39.1,10.5,,,
2015-10-28,,,14.0,54.5,10.9,,,
2015-10-29,,,26.9,48.7,10.8,,,
2015-10-30,,,27.8,33.4,5.8,,,
2015-10-31,,,15.5,34.5,6.3,,,
2015-11-01,,,,35.0,6.5,,,
2015-11-02,,,,43.4,9.0,,,
2015-11-03,,,,,12.9,,,
2015-11-04,,,37.6,,10.8,,,
2015-11-05,,,31.0,,11.4,,,
2015-11-06,,,23.7,44.8,14.8,,,
2015-11-07,,,21.7,30.1,14.1,,,
2015-11-08,,,30.6,38.9,13.8,,,
2015-11-09,,,27.4,43.8,12.7,,,
2015-11-10,,33.4,30.0,51.1,9.7,,,
2015-11-11,,40.2,32.5,49.9,12.4,,,
2015-11-12,,38.8,28.8,56.3,15.5,,,
2015-11-13,,27.9,18.2,34.1,14.1,,,
2015-11-14,,23.3,25.0,27.7,15.0,,,
2015-11-15,,22.4,21.8,28.8,12.1,,,
2015-11-16,,,27.7,39.0,8.7,,,
2015-11-17,,,29.9,46.1,15.0,,,
2015-11-18,,,35.8,44.5,11.0,,,
2015-11-19,,,26.0,36.7,11.0,,,
2015-11-20,,,29.5,31.3,11.6,,,
2015-11-21,,,51.5,59.0,51.3,,,
2015-11-22,,,38.4,40.0,30.3,,,
2015-11-23,,,,42.3,,,,
2015-11-24,,,,53.1,,,,
2015-11-25,,,,25.2,12.0,,,
2015-11-26,,,,19.1,12.9,,,
2015-11-27,,,,18.2,11.4,,,
2015-11-28,,,,27.2,11.7,,,
2015-11-29,,,,27.8,13.7,,,
2015-11-30,,,,36.3,16.6,,,
2015-12-01,,,30.5,38.9,14.2,,,
2015-12-02,,,36.2,45.3,13.7,,,
2015-12-03,,,29.5,41.7,,,,
2015-12-04,,,18.0,33.8,,,,
2015-12-05,,20.2,16.9,26.2,,,,
2015-12-06,,30.4,13.8,21.8,,,,
2015-12-07,,44.1,16.7,51.3,,,,
2015-12-08,,26.7,25.7,42.5,,,,
2015-12-09,,29.1,23.3,31.7,,,,
2015-12-10,,29.5,24.0,33.4,12.6,,,
2015-12-11,,22.7,17.9,25.2,11.1,,,
2015-12-12,,26.1,23.4,35.8,11.4,,,
2015-12-13,,23.7,21.4,46.2,9.6,,,
2015-12-14,,50.0,28.7,74.2,11.5,,,
2015-12-15,,47.1,36.5,66.0,11.5,,,
2015-12-16,,41.0,28.3,46.6,11.5,,,
2015-12-17,,22.7,18.2,27.5,11.7,,,
2015-12-18,,38.5,31.7,49.9,10.4,,,
2015-12-19,,30.4,26.3,55.0,9.2,,,
2015-12-20,,17.8,16.1,34.4,10.3,,,
2015-12-21,,23.9,11.7,38.5,8.2,,,
2015-12-22,,40.0,32.3,71.4,8.9,,,
2015-12-23,,30.5,28.4,59.2,9.9,,,
2015-12-24,,23.6,21.9,52.6,6.2,,,
2015-12-25,,22.2,22.7,51.5,9.4,,,
2015-12-26,,29.4,29.0,51.8,11.6,,,
2015-12-27,,27.3,30.5,49.2,12.6,,,
2015-12-28,,30.1,28.3,35.7,16.6,,,
2015-12-29,,27.1,22.9,31.2,12.2,,,
2015-12-30,,22.9,24.4,27.5,10.8,,,
2015-12-31,,30.7,24.7,40.1,17.6,,,
2016-01-01,,28.3,28.5,48.4,14.6,,,
2016-01-02,,34.7,32.5,47.2,19.0,,,
2016-01-03,,38.0,32.1,37.1,23.0,,,
2016-01-04,,45.4,30.5,33.1,25.2,,,
2016-01-05,,70.4,58.5,62.4,42.3,,,
2016-01-06,,54.7,50.3,51.5,33.4,,,
2016-01-07,,28.7,22.9,27.7,14.0,,,
2016-01-08,,30.0,25.6,38.0,14.4,,,
2016-01-09,,58.4,54.0,67.1,40.1,,,
2016-01-10,,44.4,46.6,51.3,33.9,,,
2016-01-11,,35.2,28.7,42.4,17.8,,,
2016-01-12,,36.9,34.9,41.9,17.2,,,
2016-01-13,,29.4,27.0,35.1,14.0,,,
2016-01-14,,31.6,26.2,36.5,11.8,,,
2016-01-15,,36.8,29.8,37.2,17.0,,,
2016-01-16,,17.7,16.7,19.6,9.5,,,
2016-01-17,,19.9,14.2,18.8,11.1,,,
2016-01-18,,30.9,17.2,27.0,14.0,,,
2016-01-19,,35.7,24.4,36.3,16.0,,,
2016-01-20,,19.6,17.3,27.6,8.5,,,
2016-01-21,,32.0,23.0,54.0,6.3,,,
2016-01-22,,30.2,27.8,58.4,7.7,,,
2016-01-23,,20.7,24.5,41.7,6.7,,,
2016-01-24,,14.3,13.8,23.7,5.6,,,
2016-01-25,,29.0,23.5,39.5,6.8,,,
2016-01-26,,23.5,21.4,43.9,7.5,,,
2016-01-27,,33.2,23.8,64.3,8.3,,,
2016-01-28,,40.9,28.3,65.7,8.5,,,
2016-01-29,,44.1,34.2,61.6,14.5,,,
2016-01-30,,43.9,33.2,74.0,22.6,,,
2016-01-31,,22.2,22.4,35.2,13.2,,,
2016-02-01,,37.9,31.0,37.0,20.0,,,
2016-02-02,,37.1,29.9,59.0,15.3,,,
2016-02-03,,29.9,25.1,36.8,13.7,,,
2016-02-04,,37.1,30.9,38.1,15.3,,,
2016-02-05,,30.8,24.1,31.0,14.5,,,
2016-02-06,,23.8,18.5,33.2,11.9,,,
2016-02-07,,26.1,20.6,30.7,12.5,,,
2016-02-08,,30.0,22.7,29.6,12.6,,,
2016-02-09,,32.0,26.4,39.1,13.2,,,
2016-02-10,,44.8,39.7,40.8,26.5,,,
2016-02-11,,53.3,40.8,50.4,30.1,,,
2016-02-12,,38.8,37.7,42.8,18.6,,,
2016-02-13,,36.5,38.1,39.1,31.2,,,
2016-02-14,,57.2,46.1,54.1,30.4,,,
2016-02-15,,72.9,63.1,72.3,48.9,,,
2016-02-16,,74.5,65.7,72.2,41.0,,,
2016-02-17,,77.2,69.1,75.2,35.1,,,
2016-02-18,,43.4,32.8,39.2,18.7,,,
2016-02-19,,33.9,30.4,38.9,15.9,,,
2016-02-20,,28.0,26.3,35.7,16.7,,,
2016-02-21,,21.5,24.1,24.8,14.9,,,
2016-02-22,,30.8,27.2,31.9,14.8,,,
2016-02-23,,35.3,28.9,43.6,21.9,,,
2016-02-24,,55.5,46.6,55.3,32.1,,,
2016-02-25,,71.8,65.9,74.8,52.5,,,
2016-02-26,,50.8,51.0,51.0,25.8,,,
2016-02-27,,35.1,25.4,42.4,18.7,,,
2016-02-28,,100.1,75.5,86.3,63.7,,,
2016-02-29,,118.2,103.7,103.4,61.4,,,
2016-03-01,,41.4,37.2,44.4,23.4,,,
2016-03-02,,30.5,33.2,38.3,22.6,,,
2016-03-03,,26.9,28.0,30.6,17.1,,,
2016-03-04,,27.6,27.3,33.0,16.8,,,
2016-03-05,,33.7,27.8,50.4,20.3,,,
2016-03-06,,39.1,39.1,46.1,29.2,,,
2016-03-07,,21.2,18.2,22.0,10.4,,,
2016-03-08,,28.3,20.6,35.2,10.0,,,
2016-03-09,,23.9,20.7,27.6,10.1,,,
2016-03-10,,23.8,20.1,28.9,15.7,,,
2016-03-11,,32.2,21.8,29.3,15.5,,,
2016-03-12,,15.5,18.5,25.1,11.3,,,
2016-03-13,,15.1,13.1,17.0,7.2,,,
2016-03-14,,33.3,26.7,32.2,17.3,,,
2016-03-15,,28.1,28.4,34.4,14.9,,,
2016-03-16,,39.1,31.0,47.0,20.8,,,
2016-03-17,,25.9,25.4,32.5,12.9,,,
2016-03-18,,21.7,18.7,23.9,9.8,,,
2016-03-19,,16.1,15.9,22.1,7.8,,,
2016-03-20,,17.9,16.0,32.1,7.5,,,
2016-03-21,,42.8,28.6,40.8,30.1,,,
2016-03-22,,339.7,271.9,314.5,282.8,,,
2016-03-23,,429.9,326.6,351.1,206.1,,,
2016-03-24,,28.3,25.0,27.2,15.7,,,
2016-03-25,,24.4,22.4,23.8,14.6,,,
2016-03-26,,27.7,25.8,33.8,16.3,,,
2016-03-27,,22.7,22.0,23.2,15.5,,,
2016-03-28,,26.5,23.6,31.7,11.9,,,
2016-03-29,,33.2,26.2,34.1,14.4,,,
2016-03-30,,35.2,18.4,43.9,11.2,,,
2016-03-31,,31.5,17.1,22.7,14.2,,,
2016-04-01,,25.8,21.4,30.2,15.3,,,
2016-04-02,,35.3,31.7,32.0,19.1,,,
2016-04-03,,35.9,35.0,34.1,19.0,,,
2016-04-04,,,30.5,34.5,19.7,,,
2016-04-05,,34.7,25.6,39.5,21.9,,,
2016-04-06,,29.4,29.6,27.5,21.2,,,
2016-04-07,,42.6,46.4,42.4,30.4,,,
2016-04-08,,43.0,40.3,49.0,32.0,,,
2016-04-09,,26.5,25.6,30.5,21.9,,,
2016-04-10,,18.7,21.6,25.8,18.6,,,
2016-04-11,,30.1,23.9,34.0,16.5,,,
2016-04-12,,34.5,31.4,49.6,20.6,,,
2016-04-13,,93.6,73.1,118.5,86.5,,,
2016-04-14,,65.5,58.5,67.1,32.7,,,
2016-04-15,,48.2,40.1,54.3,30.1,,,
2016-04-16,,60.5,47.4,56.9,39.5,,,
2016-04-17,,33.4,25.7,33.6,24.7,,,
2016-04-18,,67.3,56.1,72.8,40.7,,,
2016-04-19,,73.4,63.9,79.1,36.2,,,
2016-04-20,,,36.6,35.3,25.8,,,
2016-04-21,,,32.7,33.0,26.4,,,
2016-04-22,,,40.1,47.6,32.0,,,
2016-04-23,,,48.8,51.9,23.4,,,
2016-04-24,,,21.7,23.3,15.7,,,
2016-04-25,,,39.2,59.6,23.5,,,
2016-04-26,,,24.4,31.8,17.0,,,
2016-04-27,,,26.0,35.6,21.4,,,
2016-04-28,,,28.6,34.3,19.3,,,
2016-04-29,,,31.6,35.2,18.9,,,
2016-04-30,,,23.7,29.3,15.9,,,
2016-05-01,,,20.8,21.3,15.2,,,
2016-05-02,,,26.9,37.6,17.3,,,
2016-05-03,,33.2,27.0,38.3,23.7,,,
2016-05-04,,39.7,36.2,44.0,26.7,,,
2016-05-05,,41.1,28.5,36.6,18.4,,,
2016-05-06,,21.3,18.6,28.2,19.3,,,
2016-05-07,,20.4,18.0,26.0,15.3,,,
2016-05-08,,30.8,26.9,31.4,19.5,,,
2016-05-09,,30.6,26.8,35.6,20.8,,,
2016-05-10,,38.1,21.4,36.8,23.5,,,
2016-05-11,,244.1,284.2,154.8,224.9,,,
2016-05-12,,79.3,72.0,85.0,50.6,,,
2016-05-13,,28.0,21.6,30.2,19.6,,,
2016-05-14,,29.8,23.4,31.6,18.9,,,
2016-05-15,,23.6,18.8,26.1,15.1,,,
2016-05-16,,21.5,18.4,23.1,13.3,,,
2016-05-17,,32.6,27.2,31.9,,,,
2016-05-18,,36.4,27.4,39.7,,,,
2016-05-19,,31.2,19.6,33.5,16.3,,,
2016-05-20,,37.4,30.3,44.3,16.7,,,
2016-05-21,,35.5,29.8,38.7,21.7,,,
2016-05-22,,28.0,25.2,27.9,17.3,,,
2016-05-23,,32.0,26.2,34.6,17.4,,,
2016-05-24,,30.9,26.9,33.4,18.5,,,
2016-05-25,,35.9,27.6,35.8,19.8,,,
2016-05-26,,31.0,20.4,36.3,20.0,,,
2016-05-27,,27.0,16.3,30.6,24.3,,,
2016-05-28,,33.7,23.4,37.2,23.8,,,
2016-05-29,,43.4,38.0,45.1,32.0,,,
2016-05-30,,40.3,31.5,44.4,24.6,,,
2016-05-31,,38.8,33.6,45.7,23.7,,,
2016-06-01,,32.5,15.9,43.3,16.0,,,
2016-06-02,,26.4,21.4,33.2,13.4,,,
2016-06-03,,18.8,19.2,30.8,8.3,,,
2016-06-04,,25.4,15.8,28.7,11.7,,,
2016-06-05,,20.7,21.0,25.8,11.6,,,
2016-06-06,,32.5,24.0,36.4,13.8,,,
2016-06-07,,27.7,24.4,30.8,14.7,,,
2016-06-08,,30.0,20.6,28.3,13.7,,,
2016-06-09,,32.1,21.6,33.0,15.6,,,
2016-06-10,,26.6,18.3,24.9,11.4,,,
2016-06-11,,24.9,19.3,25.5,11.5,,,
2016-06-12,,24.7,21.2,31.1,14.5,,,
2016-06-13,,34.6,32.0,40.9,19.1,,,
2016-06-14,,25.5,,30.5,14.5,,,
2016-06-15,,41.2,38.7,51.4,33.5,,,
2016-06-16,,67.5,45.7,77.4,71.6,,,
2016-06-17,,64.2,57.2,66.5,46.5,,,
2016-06-18,,53.5,57.5,57.0,33.6,,,
2016-06-19,,38.4,29.2,36.9,20.0,,,
2016-06-20,,32.4,27.1,33.4,20.2,,,
2016-06-21,,30.2,25.0,30.9,17.9,,,
2016-06-22,,27.9,24.0,31.9,10.8,,,
2016-06-23,,28.8,28.3,33.0,15.5,,,
2016-06-24,,37.8,32.2,43.7,23.3,,,
2016-06-25,,35.1,35.6,47.0,23.6,,,
2016-06-26,,37.1,36.5,42.4,22.6,,,
2016-06-27,,45.4,43.0,47.0,21.3,,,
2016-06-28,,44.3,36.8,47.3,23.6,,,
2016-06-29,,34.3,30.2,40.6,23.1,,,
2016-06-30,,33.6,24.7,50.8,22.2,,,
2016-07-01,,21.5,15.7,28.0,19.0,,,
2016-07-02,,18.7,15.4,32.4,18.5,,,
2016-07-03,,25.9,25.1,32.8,14.1,,,
2016-07-04,,,38.2,45.1,25.2,,,
2016-07-05,,41.1,36.2,42.8,16.5,,,
2016-07-06,,43.5,35.9,43.8,20.7,,,
2016-07-07,,34.8,32.2,44.3,20.6,,,
2016-07-08,,30.6,27.5,35.0,18.6,,,
2016-07-09,,31.7,29.7,33.6,18.9,,,
2016-07-10,,27.3,26.0,34.8,16.4,,,
2016-07-11,,30.3,29.5,35.7,18.7,,,
2016-07-12,,24.9,17.6,32.3,15.8,,,
2016-07-13,,24.5,19.9,38.4,19.2,,,
2016-07-14,,49.7,38.9,47.7,22.1,,,
2016-07-15,,59.7,45.0,63.1,18.8,,,
2016-07-16,,29.0,27.4,39.4,15.0,,,
2016-07-17,,21.6,19.5,24.5,13.9,,,
2016-07-18,,20.6,15.5,24.8,12.8,,,
2016-07-19,,29.1,24.7,27.8,12.5,,,
2016-07-20,,27.5,21.0,30.7,13.3,,,
2016-07-21,,26.2,20.5,30.4,16.6,,,
2016-07-22,,,22.9,31.8,13.2,,,
2016-07-23,,,18.4,29.2,9.1,,,
2016-07-24,,,24.8,28.4,21.8,,,
2016-07-25,,,27.5,34.8,20.7,,,
2016-07-26,,,30.3,37.2,23.7,,,
2016-07-27,,38.1,32.5,39.0,22.6,,,
2016-07-28,,35.7,29.4,33.2,18.4,,,
2016-07-29,,37.8,34.1,37.6,18.2,,,
2016-07-30,,36.2,31.3,34.7,22.5,,,
2016-07-31,,34.9,32.7,33.4,17.5,,,
2016-08-01,,41.5,35.6,41.5,25.5,,,
2016-08-02,,41.1,34.1,39.3,24.2,,,
2016-08-03,,40.2,32.4,36.9,20.2,,,
2016-08-04,,35.0,25.8,40.0,20.3,,,
2016-08-05,,27.5,25.0,30.4,14.2,,,
2016-08-06,,47.1,31.3,39.7,18.1,,,
2016-08-07,,29.1,23.9,30.2,16.6,,,
2016-08-08,,24.9,20.7,25.1,14.4,,,
2016-08-09,,31.6,27.3,31.6,16.1,,,
2016-08-10,,26.7,23.1,27.8,14.0,,,
2016-08-11,,43.4,35.7,40.1,20.8,,,
2016-08-12,,44.2,36.7,41.2,24.5,,,
2016-08-13,,33.2,33.9,34.2,18.8,,,
2016-08-14,,23.2,20.1,25.2,18.0,,,
2016-08-15,,28.8,27.5,26.2,18.1,,,
2016-08-16,,27.8,19.8,22.8,14.2,,,
2016-08-17,,21.7,21.6,21.5,11.1,,,
2016-08-18,,24.2,24.4,27.0,12.7,,,
2016-08-19,,31.4,28.9,30.0,13.8,,,
2016-08-20,,26.0,26.7,29.2,14.7,,,
2016-08-21,,27.8,29.4,33.0,12.3,,,
2016-08-22,,48.3,38.5,46.3,23.8,,,
2016-08-23,,43.9,28.6,32.0,20.2,,,
2016-08-24,,24.2,18.9,23.8,10.9,,,
2016-08-25,,31.1,20.4,30.5,11.3,,,
2016-08-26,,40.3,33.8,51.0,19.5,,,
2016-08-27,,39.8,37.8,40.9,21.6,,,
2016-08-28,,26.2,25.2,30.1,17.8,,,
2016-08-29,,26.3,26.1,28.9,18.5,,,
2016-08-30,,32.8,30.0,31.6,22.0,,,
2016-08-31,,25.8,20.3,32.3,21.7,,,
2016-09-01,,30.0,24.5,36.6,18.6,,,
2016-09-02,,31.5,28.4,31.6,23.0,,,
2016-09-03,,32.2,27.2,31.2,21.2,,,
2016-09-04,,28.4,28.0,32.0,21.9,,,
2016-09-05,,30.7,27.6,32.7,18.7,,,
2016-09-06,,39.3,31.5,38.2,23.5,,,
2016-09-07,,35.5,23.2,28.5,12.7,,,
2016-09-08,,15.4,15.2,17.9,10.3,,,
2016-09-09,,22.8,20.0,26.5,,,,
2016-09-10,,30.1,27.5,33.8,,,,
2016-09-11,,30.2,29.0,30.5,,,,
2016-09-12,,38.4,32.6,35.3,,,,
2016-09-13,,33.0,34.1,33.4,18.3,,,
2016-09-14,,33.2,27.1,37.2,20.1,,,
2016-09-15,,36.3,29.2,42.5,25.8,,,
2016-09-16,,32.7,19.8,35.3,23.8,,,
2016-09-17,,34.2,27.3,36.8,17.4,,,
2016-09-18,,24.2,22.2,28.4,14.1,,,
2016-09-19,,33.3,26.5,34.2,13.7,,,
2016-09-20,,34.0,29.5,36.8,18.6,,,
2016-09-21,,23.0,21.7,27.0,12.1,,,
2016-09-22,,24.0,22.1,25.8,12.8,,,
2016-09-23,,22.7,24.4,31.9,12.3,,,
2016-09-24,,30.3,20.2,61.4,17.7,,,
2016-09-25,,22.0,13.8,35.5,10.2,,,
2016-09-26,,22.6,20.5,31.7,5.9,,,
2016-09-27,,24.0,24.1,42.2,13.2,,,
2016-09-28,,23.7,19.7,24.1,11.6,,,
2016-09-29,,28.1,18.2,33.4,16.0,,,
2016-09-30,,29.5,19.6,40.1,18.8,,,
2016-10-01,,29.9,19.8,36.8,19.8,,,
2016-10-02,,61.5,56.2,70.0,30.8,,,
2016-10-03,,58.9,56.0,67.6,34.9,,,
2016-10-04,,49.3,45.0,57.8,27.1,,,
2016-10-05,,29.5,27.5,42.3,14.1,,,
2016-10-06,,29.4,24.0,35.8,14.3,,,
2016-10-07,,52.7,41.5,56.0,27.3,,,
2016-10-08,,25.8,21.6,32.6,12.4,,,
2016-10-09,,58.1,25.4,34.9,15.3,,,
2016-10-10,,30.2,24.1,36.7,12.4,,,
2016-10-11,,27.3,23.8,33.4,12.5,,,
2016-10-12,,26.6,21.9,36.2,14.6,,,
2016-10-13,,28.9,20.3,43.4,17.5,,,
2016-10-14,,,45.0,68.1,46.0,,,
2016-10-15,,,88.5,106.9,50.7,,,
2016-10-16,,,61.0,65.2,40.6,,,
2016-10-17,,36.1,33.2,39.0,23.3,,,
2016-10-18,,36.9,31.3,49.5,20.9,,,
2016-10-19,,33.7,29.1,43.7,15.7,,,
2016-10-20,,27.4,24.1,36.3,11.1,,,
2016-10-21,,54.6,47.9,54.4,28.4,,,
2016-10-22,,25.9,23.6,38.4,10.5,,,
2016-10-23,,29.5,23.5,36.2,19.1,,,
2016-10-24,,39.7,32.9,38.0,,,,
2016-10-25,,37.3,31.9,45.9,24.9,,,
2016-10-26,,46.3,42.9,49.8,24.1,,,
2016-10-27,,48.9,47.3,60.2,26.5,,,
2016-10-28,,18.6,15.1,26.5,9.8,,,
2016-10-29,,,23.6,33.1,10.8,,,
2016-10-30,,31.8,25.7,56.8,15.9,,,
2016-10-31,,28.1,22.6,40.9,13.2,,,
2016-11-01,,29.4,21.6,51.1,18.1,,,
2016-11-02,,21.2,15.1,49.7,12.2,,,
2016-11-03,,34.2,26.1,49.8,14.7,,,
2016-11-04,,33.1,32.1,61.4,13.3,,,
2016-11-05,,28.9,24.5,57.2,14.6,,,
2016-11-06,,52.9,43.3,56.3,29.2,,,
2016-11-07,,52.9,49.4,60.3,,,,
2016-11-08,,231.1,172.8,190.4,151.7,,,
2016-11-09,,27.9,19.1,25.9,12.0,,,
2016-11-10,,29.4,25.9,40.7,8.1,,,
2016-11-11,,29.4,30.5,52.5,6.6,,,
2016-11-12,,24.0,21.7,32.6,9.0,,,
2016-11-13,,27.7,27.7,51.3,8.4,,,
2016-11-14,,30.0,15.3,51.5,9.7,,,
2016-11-15,,26.7,17.9,36.7,11.1,,,
2016-11-16,,22.6,18.7,46.6,9.5,,,
2016-11-17,,26.8,21.5,44.3,10.6,,,
2016-11-18,,31.8,26.7,36.0,11.2,,,
2016-11-19,,27.1,22.6,33.8,9.7,,,
2016-11-20,,23.9,20.2,40.6,9.4,,,
2016-11-21,,30.9,23.4,65.7,7.7,,,
2016-11-22,,34.0,20.8,81.1,13.4,,,
2016-11-23,,29.9,18.9,70.5,15.3,,,
2016-11-24,,35.6,24.3,44.0,23.9,,,
2016-11-25,,41.6,29.4,48.4,21.6,,,
2016-11-26,,57.2,56.9,74.6,25.9,,,
2016-11-27,,46.3,46.8,67.1,32.0,,,
2016-11-28,,32.2,23.2,35.4,11.5,,,
2016-11-29,,28.2,24.0,31.1,13.0,,,
2016-11-30,,19.8,18.6,34.5,10.6,,,
2016-12-01,,28.1,23.4,39.3,8.9,,,
2016-12-02,,21.2,19.8,31.1,7.9,,,
2016-12-03,,31.8,26.3,84.5,13.7,,,
2016-12-04,,22.3,24.0,55.6,9.4,,,
2016-12-05,,19.1,13.5,37.6,5.2,,,
2016-12-06,,27.3,,49.2,9.6,,,
2016-12-07,,14.7,11.6,20.4,3.7,,,
2016-12-08,,14.0,11.3,15.7,5.0,,,
2016-12-09,,23.5,22.3,64.3,3.6,,,
2016-12-10,,34.7,31.3,65.3,4.4,,,
2016-12-11,,21.3,21.2,40.9,3.0,,,
2016-12-12,,20.7,17.5,26.2,5.2,,,
2016-12-13,,23.7,19.9,32.0,9.1,,,
2016-12-14,,20.6,16.6,49.8,8.8,,,
2016-12-15,,13.4,11.1,19.1,4.1,,,
2016-12-16,,19.8,15.1,20.5,8.0,,,
2016-12-17,,20.3,15.4,19.4,,,,
2016-12-18,,20.9,16.2,21.1,,,,
2016-12-19,,26.6,16.9,31.7,,,,
2016-12-20,,121.2,93.0,137.7,94.3,,,
2016-12-21,,70.5,67.2,,47.4,,,
2016-12-22,,22.3,17.5,30.3,11.0,,,
2016-12-23,,35.9,35.7,70.4,12.7,,,
2016-12-24,,26.4,27.7,52.4,10.3,,,
2016-12-25,,20.8,18.7,34.3,10.0,,,
2016-12-26,,24.3,25.6,45.5,9.5,,,
2016-12-27,,25.6,20.1,27.7,9.6,,,
2016-12-28,,22.8,19.3,26.9,10.6,,,
2016-12-29,,21.1,16.4,27.2,10.1,,,
2016-12-30,,16.6,14.3,22.3,7.6,,,
2016-12-31,,16.0,19.3,31.1,8.8,,,
2017-01-01,,,22.5,50.0,6.9,,,
2017-01-02,,,21.3,59.7,4.0,,,
2017-01-03,,,21.9,55.6,11.3,,,
2017-01-04,,,23.3,34.5,13.9,,,
2017-01-05,,,24.6,31.8,14.6,,,
2017-01-06,,,11.1,17.3,9.8,,,
2017-01-07,,,12.4,18.2,10.6,,,
2017-01-08,,,13.4,19.6,7.9,,,
2017-01-09,,,10.6,20.4,6.0,,,
2017-01-10,,,18.1,32.1,7.2,,,
2017-01-11,,,28.9,61.3,15.2,,,
2017-01-12,,,27.7,76.4,6.5,,,
2017-01-13,,,23.0,52.6,11.5,,,
2017-01-14,,,29.2,38.5,13.9,,,
2017-01-15,,,9.7,13.0,6.2,,,
2017-01-16,,,14.2,19.6,7.1,,,
2017-01-17,,,13.4,19.6,8.1,,,
2017-01-18,,,13.1,22.1,6.8,,,
2017-01-19,,,23.9,74.9,7.5,,,
2017-01-20,,,25.2,45.7,16.5,,,
2017-01-21,,,42.7,60.2,29.0,,,
2017-01-22,,,46.5,53.9,38.2,,,
2017-01-23,,,69.7,96.2,36.4,,,
2017-01-24,,,35.8,60.7,20.5,,,
2017-01-25,,,27.8,50.5,11.1,,,
2017-01-26,,,31.5,95.0,9.1,,,
2017-01-27,,,19.8,77.4,8.7,,,
2017-01-28,,,15.0,35.9,11.5,,,
2017-01-29,,,12.0,16.6,7.9,,,
2017-01-30,,,27.7,51.9,8.6,,,
2017-01-31,,,42.7,80.3,9.9,,,
2017-02-01,,,20.4,65.4,9.4,,,
2017-02-02,,,20.9,34.3,13.3,,,
2017-02-03,,,26.7,51.0,15.3,,,
2017-02-04,,,28.1,49.6,17.1,,,
2017-02-05,,,33.2,40.0,22.4,,,
2017-02-06,,,22.1,28.5,12.6,,,
2017-02-07,,,,28.6,12.5,,,
2017-02-08,,,19.5,46.3,9.4,,,
2017-02-09,,,16.2,31.4,8.9,,,
2017-02-10,,,15.0,28.3,4.6,,,
2017-02-11,,,18.8,70.8,12.5,,,
2017-02-12,,,10.1,43.2,7.0,,,
2017-02-13,,,12.9,47.5,,,,
2017-02-14,,,11.0,21.2,8.9,,,
2017-02-15,,,12.2,25.2,10.8,,,
2017-02-16,,,39.5,65.9,17.0,,,
2017-02-17,,,27.9,67.1,11.2,,,
2017-02-18,,,24.9,62.1,17.9,,,
2017-02-19,,,36.4,52.0,20.2,,,
2017-02-20,,,26.5,33.0,14.8,,,
2017-02-21,,,14.6,27.4,6.9,,,
2017-02-22,,,22.1,43.3,8.8,,,
2017-02-23,,,21.4,40.1,9.1,,,
2017-02-24,,,40.3,75.6,31.5,,,
2017-02-25,,,81.8,95.9,56.6,,,
2017-02-26,,,43.4,49.6,29.8,,,
2017-02-27,,,41.1,52.5,20.3,,,
2017-02-28,,,42.7,59.0,30.5,,,
2017-03-01,,,33.4,47.4,21.8,,,
2017-03-02,,,29.1,39.4,17.4,,,
2017-03-03,,,24.5,39.2,12.7,,,
2017-03-04,,,12.5,28.4,11.9,,,
2017-03-05,,,21.2,29.0,11.7,,,
2017-03-06,,,23.3,32.5,,,,
2017-03-07,,,35.2,45.4,20.1,,,
2017-03-08,,,21.2,32.5,17.4,,,
2017-03-09,,,22.0,30.7,16.2,,,
2017-03-10,,,29.0,36.1,18.2,,,
2017-03-11,,,18.9,26.1,13.7,,,
2017-03-12,,,19.3,26.6,10.2,,,
2017-03-13,,,14.5,37.4,8.4,,,
2017-03-14,,,17.2,20.3,11.5,,,
2017-03-15,,,18.3,25.0,13.6,,,
2017-03-16,,,46.2,29.1,19.3,,,
2017-03-17,,,26.2,31.9,16.8,,,
2017-03-18,,,25.2,30.7,15.5,,,
2017-03-19,,,6.5,30.2,18.5,,,
2017-03-20,,,22.8,42.0,17.2,,,
2017-03-21,,,20.5,25.5,13.4,,,
2017-03-22,,,27.2,37.7,17.9,,,
2017-03-23,,,21.4,40.6,7.3,,,
2017-03-24,,,14.3,43.7,11.7,,,
2017-03-25,,,18.7,31.0,17.1,,,
2017-03-26,,,28.2,34.4,19.1,,,
2017-03-27,,,30.5,42.2,14.4,,,
2017-03-28,,,17.8,29.6,13.7,,,
2017-03-29,,,18.6,32.5,12.0,,,
2017-03-30,,,28.8,39.6,18.9,,,
2017-03-31,,,25.2,36.1,17.0,,,
2017-04-01,,,21.4,29.7,14.5,,,
2017-04-02,,,23.8,29.2,13.1,,,
2017-04-03,,,14.1,22.9,10.9,,,
2017-04-04,,,16.4,22.1,9.5,,,
2017-04-05,,,30.0,36.2,18.6,,,
2017-04-06,,,32.3,38.8,18.2,,,
2017-04-07,,,28.5,42.9,19.3,,,
2017-04-08,,,20.7,24.5,17.3,,,
2017-04-09,,,18.6,18.8,11.2,,,
2017-04-10,,,24.4,26.0,,,,
2017-04-11,,,21.5,29.2,11.9,,,
2017-04-12,,,30.4,37.2,17.2,,,
2017-04-13,,,29.2,32.6,19.9,,,
2017-04-14,,,19.5,21.8,15.3,,,
2017-04-15,,,18.0,24.2,11.3,,,
2017-04-16,,,26.5,33.2,21.1,,,
2017-04-17,,,33.7,42.1,23.2,,,
2017-04-18,,,30.0,33.2,17.2,,,
2017-04-19,,,32.6,40.1,19.6,,,
2017-04-20,,,18.8,28.5,12.0,,,
2017-04-21,,,12.8,18.8,10.7,,,
2017-04-22,,,17.0,24.4,10.1,,,
2017-04-23,,,14.2,21.6,7.5,,,
2017-04-24,,,11.1,35.8,10.3,,,
2017-04-25,,,20.5,32.7,15.0,,,
2017-04-26,,,31.7,45.5,27.9,,,
2017-04-27,,,28.7,45.8,25.7,,,
2017-04-28,,,47.4,69.2,47.6,,,
2017-04-29,,,69.8,80.2,37.5,,,
2017-04-30,,,25.6,33.0,14.7,,,
2017-05-01,,,22.3,28.6,15.1,,,
2017-05-02,,,24.2,32.9,14.9,,,
2017-05-03,,,24.1,32.5,14.1,,,
2017-05-04,,,18.6,34.6,13.5,,,
2017-05-05,,,23.9,41.1,23.2,,,
2017-05-06,,,27.6,44.7,31.5,,,
2017-05-07,,,27.6,32.5,21.2,,,
2017-05-08,,,26.9,37.0,18.3,,,
2017-05-09,,,31.4,40.0,18.7,,,
2017-05-10,,,20.7,34.2,14.7,,,
2017-05-11,,,41.9,64.8,46.7,,,
2017-05-12,,,119.8,155.3,121.3,,,
2017-05-13,,,63.6,69.1,25.0,,,
2017-05-14,,,50.7,62.3,40.2,,,
2017-05-15,,,29.5,32.6,19.9,,,
2017-05-16,,,22.4,29.4,13.9,,,
2017-05-17,,,18.5,20.1,12.8,,,
2017-05-18,,,25.2,24.6,15.6,,,
2017-05-19,,,17.8,22.4,13.3,,,
2017-05-20,,,25.3,23.4,15.0,,,
2017-05-21,,,26.8,34.8,17.0,,,
2017-05-22,,,20.2,28.0,11.7,,,
2017-05-23,,,23.0,31.3,9.1,,,
2017-05-24,,,17.7,28.1,10.1,,,
2017-05-25,,,19.2,24.3,10.1,,,
2017-05-26,,,20.0,28.4,12.5,,,
2017-05-27,,,16.0,21.3,11.1,,,
2017-05-28,,,17.6,22.7,11.3,,,
2017-05-29,,,17.8,24.5,14.8,,,
2017-05-30,,,11.1,21.4,9.8,,,
2017-05-31,,,13.5,25.9,10.1,,,
2017-06-01,,,17.7,25.3,13.3,,,
2017-06-02,,,19.2,32.1,14.7,,,
2017-06-03,,,18.0,29.3,10.9,,,
2017-06-04,,,17.3,20.6,7.4,,,
2017-06-05,,,22.6,29.5,19.4,,,
2017-06-06,,,25.9,,19.4,,,
2017-06-07,,,22.2,29.4,14.4,,,
2017-06-08,,,31.3,45.1,21.5,,,
2017-06-09,,,42.0,36.4,15.6,,,
2017-06-10,,,19.0,31.6,13.8,,,
2017-06-11,,,19.6,24.0,14.5,,,
2017-06-12,,,20.4,24.6,14.0,,,
2017-06-13,,,20.3,27.7,14.7,,,
2017-06-14,,,24.2,30.2,13.3,,,
2017-06-15,,,17.1,27.8,8.8,,,
2017-06-16,,,19.9,27.0,10.3,,,
2017-06-17,,,37.9,35.4,24.3,,,
2017-06-18,,,28.4,31.0,20.5,,,
2017-06-19,,,28.2,34.8,20.8,,,
2017-06-20,,,21.7,27.9,15.4,,,
2017-06-21,,,21.5,23.1,8.9,,,
2017-06-22,,,32.4,28.3,9.6,,,
2017-06-23,,,27.3,27.0,10.1,,,
2017-06-24,,,40.2,30.7,14.1,,,
2017-06-25,,,36.8,26.3,15.1,,,
2017-06-26,,,24.1,27.6,11.2,,,
2017-06-27,,,31.7,33.5,14.1,,,
2017-06-28,,,49.4,46.6,35.7,,,
2017-06-29,,,50.4,57.1,36.1,,,
2017-06-30,,,52.0,55.2,39.3,,,
2017-07-01,,,51.4,61.3,36.9,,,
2017-07-02,,,30.1,38.7,17.0,,,
2017-07-03,,,20.8,29.0,20.3,,,
2017-07-04,,,21.5,29.6,16.3,,,
2017-07-05,,,21.4,27.2,18.5,,,
2017-07-06,,,23.2,29.7,11.0,,,
2017-07-07,,,22.3,33.6,12.8,,,
2017-07-08,,,22.9,32.8,11.6,,,
2017-07-09,,,28.6,34.3,11.1,,,
2017-07-10,,,23.7,34.4,10.4,,,
2017-07-11,,,33.2,40.5,12.7,,,
2017-07-12,,,32.4,37.5,13.6,,,
2017-07-13,,,36.5,44.9,23.4,,,
2017-07-14,,,40.0,45.3,22.1,,,
2017-07-15,,,29.8,40.4,21.0,,,
2017-07-16,,,29.5,30.8,17.8,,,
2017-07-17,,,21.8,26.8,18.6,,,
2017-07-18,,,25.6,34.1,18.5,,,
2017-07-19,,,25.7,35.7,15.2,,,
2017-07-20,,,26.9,36.1,16.6,,,
2017-07-21,,,20.4,31.2,13.4,,,
2017-07-22,,,19.8,30.8,14.5,,,
2017-07-23,,,33.4,51.3,16.5,,,
2017-07-24,,,56.2,66.8,44.2,,,
2017-07-25,,,38.7,48.6,20.3,,,
2017-07-26,,,33.6,43.9,18.1,,,
2017-07-27,,,32.8,39.5,20.8,,,
2017-07-28,,,30.7,37.2,20.1,,,
2017-07-29,,,28.0,32.0,14.9,,,
2017-07-30,,,18.3,22.1,9.4,,,
2017-07-31,,,17.5,26.3,12.0,,,
2017-08-01,,,9.3,24.7,9.4,,,
2017-08-02,,,31.6,38.2,12.9,,,
2017-08-03,,,37.2,34.3,12.5,,,
2017-08-04,,,45.3,46.9,19.6,,,
2017-08-05,,,47.6,76.9,22.8,,,
2017-08-06,,,39.7,,25.3,,,
2017-08-07,,,42.4,,31.6,,,
2017-08-08,,,39.5,,36.5,,,
2017-08-09,,,44.5,,33.8,,,
2017-08-10,,,43.1,,26.4,,,
2017-08-11,,,44.7,,32.7,,,
2017-08-12,,,28.1,46.4,22.5,,,
2017-08-13,,,20.0,24.1,18.0,,,
2017-08-14,,,27.3,29.7,19.4,,,
2017-08-15,,,20.1,26.2,12.8,,,
2017-08-16,,,21.2,23.0,8.4,,,
2017-08-17,,,20.9,23.5,11.8,,,
2017-08-18,,,21.9,28.0,17.1,,,
2017-08-19,,,29.4,40.9,17.5,,,
2017-08-20,,,30.0,28.2,16.2,,,
2017-08-21,,,31.7,39.3,19.9,,,
2017-08-22,,,28.6,39.2,23.7,,,
2017-08-23,,,25.4,41.8,13.4,,,
2017-08-24,,,28.7,36.6,19.1,,,
2017-08-25,,,25.3,28.9,17.4,,,
2017-08-26,,,26.3,32.4,16.2,,,
2017-08-27,,,31.0,31.4,16.0,,,
2017-08-28,,,27.7,38.3,17.7,,,
2017-08-29,,,31.3,35.7,19.8,,,
2017-08-30,,,24.8,31.2,22.1,,,
2017-08-31,,,22.9,30.5,21.0,,,
2017-09-01,,,27.6,35.2,17.1,,,
2017-09-02,,,23.0,31.5,16.9,,,
2017-09-03,,,29.1,37.9,15.1,,,
2017-09-04,,,22.1,27.3,18.0,,,
2017-09-05,,,26.1,33.7,15.6,,,
2017-09-06,,,18.4,30.3,13.9,,,
2017-09-07,,,22.2,28.8,8.2,,,
2017-09-08,,,17.2,34.2,9.9,,,
2017-09-09,,,31.3,48.3,16.3,,,
2017-09-10,,,22.0,33.4,16.8,,,
2017-09-11,,,29.4,37.1,,,,
2017-09-12,,,24.9,31.4,,,,
2017-09-13,,,26.1,40.3,,,,
2017-09-14,,,27.4,37.1,11.7,,,
2017-09-15,,,22.7,36.6,13.1,,,
2017-09-16,,,20.0,43.2,18.8,,,
2017-09-17,,,27.2,34.0,20.2,,,
2017-09-18,,,31.7,38.3,23.2,,,
2017-09-19,,,29.8,40.6,20.1,,,
2017-09-20,,,29.2,35.6,16.6,,,
2017-09-21,,,17.5,22.8,10.9,,,
2017-09-22,,,19.7,36.1,12.4,,,
2017-09-23,,,10.9,22.3,12.0,,,
2017-09-24,,,17.7,23.8,13.1,,,
2017-09-25,,,24.5,39.4,13.4,,,
2017-09-26,,,29.4,53.3,12.9,,,
2017-09-27,,,29.0,43.0,12.5,,,
2017-09-28,,,21.6,35.7,11.2,,,
2017-09-29,,,20.6,27.6,10.4,,,
2017-09-30,,,23.3,40.7,12.5,,,
2017-10-01,,,16.4,30.2,13.2,,,
2017-10-02,,,12.2,42.2,11.0,,,
2017-10-03,,,12.9,23.9,10.2,,,
2017-10-04,,,20.1,30.2,15.6,,,
2017-10-05,,,26.7,35.9,17.3,,,
2017-10-06,,,23.1,29.5,14.8,,,
2017-10-07,,,28.8,37.8,19.5,,,
2017-10-08,,,17.7,23.3,10.7,,,
2017-10-09,,,23.9,36.6,9.4,,,
2017-10-10,,,29.9,40.6,11.7,,,
2017-10-11,,,25.4,32.9,12.2,,,
2017-10-12,,,17.7,30.3,11.9,,,
2017-10-13,,,31.4,46.1,11.3,,,
2017-10-14,,,35.6,49.2,10.9,,,
2017-10-15,,,24.3,30.1,10.6,,,
2017-10-16,,,27.9,41.2,11.1,,,
2017-10-17,,,39.2,52.7,11.8,,,
2017-10-18,,,26.6,50.5,10.4,,,
2017-10-19,,,22.5,57.7,13.3,,,
2017-10-20,,,17.5,44.5,15.1,,,
2017-10-21,,,18.9,24.3,11.8,,,
2017-10-22,,,25.8,28.5,14.7,,,
2017-10-23,,,26.7,36.6,16.4,,,
2017-10-24,,,14.9,24.1,11.6,,,
2017-10-25,,,15.6,27.1,13.2,,,
2017-10-26,,,19.6,35.1,11.0,,,
2017-10-27,,,22.8,38.8,10.6,,,
2017-10-28,,,30.4,39.3,17.9,,,
2017-10-29,,,27.3,30.9,14.1,,,
2017-10-30,,,30.5,37.3,17.7,,,
2017-10-31,,,33.8,45.4,15.7,,,
2017-11-01,,,18.2,39.3,13.6,,,
2017-11-02,,,22.2,57.6,11.9,,,
2017-11-03,,,26.9,63.7,14.8,,,
2017-11-04,,,19.1,35.9,14.7,,,
2017-11-05,,,16.4,25.4,15.2,,,
2017-11-06,,,24.1,34.4,13.1,,,
2017-11-07,,,16.3,24.2,7.2,,,
2017-11-08,,,24.7,35.2,13.8,,,
2017-11-09,,,17.2,48.7,13.8,,,
2017-11-10,,,26.4,,19.4,,,
2017-11-11,,,42.1,,22.8,,,
2017-11-12,,,71.4,,52.4,,,
2017-11-13,,,21.1,,12.0,,,
2017-11-14,,,11.0,13.9,5.3,,,
2017-11-15,,,13.6,39.6,5.8,,,
2017-11-16,,,13.9,23.4,5.7,,,
2017-11-17,,,21.3,28.4,4.8,,,
2017-11-18,,,23.4,35.0,9.8,,,
2017-11-19,,,21.0,28.7,11.1,,,
2017-11-20,,,30.3,42.7,12.7,,,
2017-11-21,,,32.2,48.8,11.4,,,
2017-11-22,,,34.3,83.2,11.5,,,
2017-11-23,,,18.2,62.4,10.7,,,
2017-11-24,,,21.0,29.9,13.3,,,
2017-11-25,,,29.6,64.1,12.2,,,
2017-11-26,,,26.4,43.1,13.7,,,
2017-11-27,,,24.4,29.5,11.8,,,
2017-11-28,,,23.2,36.9,9.7,,,
2017-11-29,,,22.5,35.1,14.9,,,
2017-11-30,,,63.7,69.0,29.7,,,
2017-12-01,,,45.3,50.8,15.6,,,
2017-12-02,,,16.8,27.4,7.9,,,
2017-12-03,,,15.8,30.1,6.1,,,
2017-12-04,,,16.4,,8.0,,,
2017-12-05,,,15.0,,7.0,,,
2017-12-06,,,27.2,,7.2,,,
2017-12-07,,,33.4,60.8,5.0,,,
2017-12-08,,,18.3,44.8,3.6,,,
2017-12-09,,,17.2,52.4,8.1,,,
2017-12-10,,,26.8,42.3,12.9,,,
2017-12-11,,,15.3,31.4,12.4,,,
2017-12-12,,,,59.5,14.2,,,
2017-12-13,,,,55.6,15.1,,,
2017-12-14,,,,43.5,10.1,,,
2017-12-15,,,,39.1,18.7,,,
2017-12-16,,,,34.8,14.3,,,
2017-12-17,,,,25.6,10.9,,,
2017-12-18,,,,31.5,6.6,,,
2017-12-19,,,,54.1,6.5,,,
2017-12-20,,,,18.4,8.0,,,
2017-12-21,,,,25.2,11.9,,,
2017-12-22,,,,52.0,9.3,,,
2017-12-23,,,,56.7,11.8,,,
2017-12-24,,,,48.9,10.5,,,
2017-12-25,,,,40.6,10.0,,,
2017-12-26,,,,31.4,14.1,,,
2017-12-27,,,,36.4,19.8,,,
2017-12-28,,,,52.3,23.4,,,
2017-12-29,,,,26.7,12.6,,,
2017-12-30,,,,33.2,13.7,,,
2017-12-31,,,,43.3,17.1,,,
2018-01-01,,,,31.4,19.3,,,
2018-01-02,,,,39.9,23.0,,,
2018-01-03,,,,38.9,21.8,,,
2018-01-04,,,,46.2,26.9,,,
2018-01-05,,,,34.9,18.2,,,
2018-01-06,,,,44.2,18.6,,,
2018-01-07,,,,36.5,18.9,,,
2018-01-08,,,,57.4,26.4,,,
2018-01-09,,,,59.8,28.8,,,
2018-01-10,,,,36.2,20.3,,,
2018-01-11,,,,38.0,14.0,,,
2018-01-12,,,,28.0,11.4,,,
2018-01-13,,,,25.0,12.3,,,
2018-01-14,,,,37.4,12.8,,,
2018-01-15,,,,87.2,25.8,,,
2018-01-16,,,,53.4,23.7,,,
2018-01-17,,,,38.3,23.2,,,
2018-01-18,,,,47.4,21.5,,,
2018-01-19,,,,57.5,15.5,,,
2018-01-20,,,,51.8,20.7,,,
2018-01-21,,,34.1,36.6,19.3,,,
2018-01-22,,,39.6,48.6,23.4,,,
2018-01-23,,,33.7,38.5,19.9,,,
2018-01-24,,,19.8,29.1,12.1,,,
2018-01-25,,,26.4,57.6,12.3,,,
2018-01-26,,,17.4,55.7,10.6,,,
2018-01-27,,,13.8,40.9,13.2,,,
2018-01-28,,,12.9,35.8,9.9,,,
2018-01-29,,,25.4,58.5,12.4,,,
2018-01-30,,,26.0,52.5,10.4,,,
2018-01-31,,,28.9,43.6,9.1,,,
2018-02-01,,,21.4,53.5,12.2,,,
2018-02-02,,,36.2,52.8,24.0,,,
2018-02-03,,,69.0,73.5,42.4,,,
2018-02-04,,,19.6,30.4,9.6,,,
2018-02-05,,,17.6,43.1,14.5,,,
2018-02-06,,,64.4,87.9,57.1,,,
2018-02-07,,,74.0,87.2,56.3,,,
2018-02-08,,,37.2,55.7,16.9,,,
2018-02-09,,,19.5,26.6,14.7,,,
2018-02-10,,,15.0,18.3,11.8,,,
2018-02-11,,,16.1,18.5,9.8,,,
2018-02-12,,,17.6,23.5,10.9,,,
2018-02-13,,,29.6,36.9,18.4,,,
2018-02-14,,,18.6,29.5,11.1,,,
2018-02-15,,,17.2,25.8,12.7,,,
2018-02-16,,,19.0,52.3,10.8,,,
2018-02-17,,,17.5,56.9,10.6,,,
2018-02-18,,,25.8,49.0,11.0,,,
2018-02-19,,,22.4,33.4,13.7,,,
2018-02-20,,,19.6,28.7,10.9,,,
2018-02-21,,,17.2,34.3,8.1,,,
2018-02-22,,,,45.5,12.8,,,
2018-02-23,,,,19.7,10.2,,,
2018-02-24,,,,34.7,13.9,,,
2018-02-25,,,,46.2,26.1,,,
2018-02-26,,,,39.4,16.9,,,
2018-02-27,,,26.6,30.6,18.1,,,
2018-02-28,,,23.6,41.6,13.3,,,
2018-03-01,,,,59.6,31.1,,,
2018-03-02,,,78.6,98.7,67.4,,,
2018-03-03,,,163.1,237.9,111.8,,,
2018-03-04,,,78.0,104.8,50.1,,,
2018-03-05,,,43.7,50.0,29.4,,,
2018-03-06,,,43.4,57.7,25.3,,,
2018-03-07,,,56.9,79.7,41.6,,,
2018-03-08,,,26.9,34.5,14.9,,,
2018-03-09,,,26.0,38.8,13.6,,,
2018-03-10,,,22.6,38.4,14.1,,,
2018-03-11,,,36.9,59.7,30.9,,,
2018-03-12,,,27.2,42.6,17.9,,,
2018-03-13,,,32.6,37.9,21.3,,,
2018-03-14,,,23.3,35.3,15.7,,,
2018-03-15,,,26.1,45.3,19.7,,,
2018-03-16,,,,75.4,48.2,,,
2018-03-17,,,54.7,62.2,32.2,,,
2018-03-18,,,64.7,87.6,59.3,,,
2018-03-19,,,36.5,30.5,13.1,,,
2018-03-20,,,24.8,36.0,18.4,,,
2018-03-21,,,22.8,35.5,17.3,,,
2018-03-22,,,14.3,22.2,11.5,,,
2018-03-23,,,19.4,22.1,13.6,,,
2018-03-24,,,21.5,35.3,15.8,,,
2018-03-25,,,116.0,128.3,74.8,,,
2018-03-26,,,31.9,25.9,14.6,,,
2018-03-27,,,29.2,34.3,14.7,,,
2018-03-28,,,27.3,37.8,18.1,,,
2018-03-29,,,26.4,34.2,12.1,,,
2018-03-30,,,17.8,24.8,15.9,,,
2018-03-31,,,39.1,52.0,30.0,,,
2018-04-01,,,30.4,34.5,19.3,,,
2018-04-02,,,30.2,37.6,20.7,,,
2018-04-03,,,20.4,38.3,20.1,,,
2018-04-04,,,19.6,29.8,14.6,,,
2018-04-05,,,30.7,42.0,24.2,,,
2018-04-06,,,24.3,31.7,20.2,,,
2018-04-07,,,21.4,41.3,13.7,,,
2018-04-08,,,18.6,26.1,23.1,,,
2018-04-09,,,39.1,45.6,28.9,,,
2018-04-10,,,31.5,54.5,25.6,,,
2018-04-11,,,37.3,55.2,36.8,,,
2018-04-12,,,65.1,84.8,56.7,,,
2018-04-13,,,54.3,65.7,43.4,,,
2018-04-14,,,62.9,65.5,48.8,,,
2018-04-15,,,310.7,324.4,158.2,,,
2018-04-16,,,77.9,65.3,40.4,,,
2018-04-17,,,34.4,41.8,25.5,,,
2018-04-18,,,45.6,61.9,36.8,,,
2018-04-19,,,105.5,105.5,62.9,,,
2018-04-20,,,47.1,55.2,36.9,,,
2018-04-21,,,50.9,54.2,27.4,,,
2018-04-22,,,53.7,55.0,36.9,,,
2018-04-23,,,54.6,62.2,38.0,,,
2018-04-24,,,43.8,56.2,32.2,,,
2018-04-25,,,30.9,45.6,23.5,,,
2018-04-26,,,22.7,40.6,24.3,,,
2018-04-27,,,31.5,36.1,29.8,,,
2018-04-28,,,38.6,49.7,30.4,,,
2018-04-29,,,74.0,85.5,43.4,,,
2018-04-30,,,44.0,50.9,32.1,,,
2018-05-01,,,36.2,43.3,32.2,,,
2018-05-02,,,37.7,54.9,35.8,,,
2018-05-03,,,25.8,35.3,24.3,,,
2018-05-04,,,24.9,31.6,,,,
2018-05-05,,,17.3,36.7,,,,
2018-05-06,,,18.0,25.3,,,,
2018-05-07,,,28.2,29.2,,,,
2018-05-08,,,19.5,25.9,,,,
2018-05-09,,,23.8,30.6,,,,
2018-05-10,,,29.8,36.9,,,,
2018-05-11,,,30.8,38.1,,,,
2018-05-12,,,32.8,34.6,18.8,,,
2018-05-13,,,18.5,21.0,12.3,,,
2018-05-14,,,29.9,37.9,19.1,,,
2018-05-15,,,24.2,33.5,15.1,,,
2018-05-16,,,19.3,26.7,15.8,,,
2018-05-17,,,23.0,27.4,13.3,,,
2018-05-18,,,27.8,31.2,5.7,,,
2018-05-19,,,25.1,30.0,13.6,,,
2018-05-20,,,28.6,34.5,16.1,,,
2018-05-21,,,29.3,34.0,,,,
2018-05-22,,,39.7,46.3,25.9,,,
2018-05-23,,,29.7,37.7,24.7,,,
2018-05-24,,,23.2,32.1,10.1,,,
2018-05-25,,,26.2,40.3,12.9,,,
2018-05-26,,,28.9,35.2,16.2,,,
2018-05-27,,,27.3,35.4,20.7,,,
2018-05-28,,,24.1,34.2,22.8,,,
2018-05-29,,,25.9,36.3,25.0,,,
2018-05-30,,,28.2,35.4,21.4,,,
2018-05-31,,,30.6,39.7,24.5,,,
2018-06-01,,,44.8,44.0,23.2,,,
2018-06-02,,,38.1,44.7,30.7,,,
2018-06-03,,,27.3,36.5,26.5,,,
2018-06-04,,,26.1,34.6,16.3,,,
2018-06-05,,,32.7,37.4,20.6,,,
2018-06-06,,,27.5,32.5,18.4,,,
2018-06-07,,,37.3,42.5,22.7,,,
2018-06-08,,,38.3,47.4,19.0,,,
2018-06-09,,,22.4,25.2,15.2,,,
2018-06-10,,,19.9,23.3,13.3,,,
2018-06-11,,,18.8,27.0,16.2,,,
2018-06-12,,,21.7,27.6,20.9,,,
2018-06-13,,,33.0,45.6,18.2,,,
2018-06-14,,,34.1,43.2,19.3,,,
2018-06-15,,,39.6,36.3,20.7,,,
2018-06-16,,,31.2,36.4,19.9,,,
2018-06-17,,,27.8,29.2,22.1,,,
2018-06-18,,,36.0,41.2,19.7,,,
2018-06-19,,,27.6,37.1,18.5,,,
2018-06-20,,,21.4,31.8,12.5,,,
2018-06-21,,,19.0,31.5,13.1,,,
2018-06-22,,,20.8,32.8,12.6,,,
2018-06-23,,,25.6,28.4,15.9,,,
2018-06-24,,,27.7,35.3,20.2,,,
2018-06-25,,,25.3,33.9,15.1,,,
2018-06-26,,,24.2,38.4,15.1,,,
2018-06-27,,,26.2,36.0,16.9,,,
2018-06-28,,,23.2,27.6,13.5,,,
2018-06-29,,,28.1,25.1,10.9,,,
2018-06-30,,,22.7,33.1,14.1,,,
2018-07-01,,,19.0,23.8,10.7,,,
2018-07-02,,,16.9,32.0,10.0,,,
2018-07-03,,,21.8,36.6,13.4,,,
2018-07-04,,,41.7,50.8,22.8,,,
2018-07-05,,,36.9,57.4,23.4,,,
2018-07-06,,,45.8,54.8,24.3,,,
2018-07-07,,,29.8,37.7,20.2,,,
2018-07-08,,,26.8,40.3,15.8,,,
2018-07-09,,,27.4,32.1,14.7,,,
2018-07-10,,,23.3,28.2,14.7,,,
2018-07-11,,,28.6,38.9,14.4,,,
2018-07-12,,,26.3,30.2,12.3,,,
2018-07-13,,,33.3,46.4,10.1,,,
2018-07-14,,,38.1,52.3,11.2,,,
2018-07-15,,,51.6,56.5,33.7,,,
2018-07-16,,,55.9,57.9,35.1,,,
2018-07-17,,,44.2,53.2,22.6,,,
2018-07-18,,,32.8,36.0,23.0,,,
2018-07-19,,,35.5,39.9,25.4,,,
2018-07-20,,,22.8,35.9,15.6,,,
2018-07-21,,,26.9,32.8,12.6,,,
2018-07-22,,,40.9,39.2,29.5,,,
2018-07-23,,,44.5,64.0,24.5,,,
2018-07-24,,,30.6,38.5,21.4,,,
2018-07-25,,,33.0,32.8,27.2,,,
2018-07-26,,,27.0,28.9,14.5,,,
2018-07-27,,,26.7,28.6,12.1,,,
2018-07-28,,,32.7,31.3,22.3,,,
2018-07-29,,,24.2,27.2,15.0,,,
2018-07-30,,,24.7,28.2,17.3,,,
2018-07-31,,,27.7,30.7,22.7,,,
2018-08-01,,,31.1,34.8,19.3,,,
2018-08-02,,,39.1,43.1,15.9,,,
2018-08-03,,,30.2,29.1,17.5,,,
2018-08-04,,,27.7,28.5,19.9,,,
2018-08-05,,,32.5,39.1,20.0,,,
2018-08-06,,,18.8,24.5,15.2,,,
2018-08-07,,,20.2,30.7,15.7,,,
2018-08-08,,,29.7,37.1,15.5,,,
2018-08-09,,,21.8,26.5,15.6,,,
2018-08-10,,,31.1,29.3,16.9,,,
2018-08-11,,,45.0,45.5,20.2,,,
2018-08-12,,,31.2,31.6,21.6,,,
2018-08-13,,,30.9,30.3,16.5,,,
2018-08-14,,,30.2,30.5,15.8,,,
2018-08-15,,,25.3,25.1,15.2,,,
2018-08-16,,,23.0,31.6,9.9,,,
2018-08-17,,,17.0,21.5,10.2,,,
2018-08-18,,,19.0,23.0,4.2,,,
2018-08-19,,,23.3,28.3,20.4,,,
2018-08-20,,,18.3,21.4,9.2,,,
2018-08-21,,,32.4,27.6,10.1,,,
2018-08-22,,,19.4,36.4,15.9,,,
2018-08-23,,,20.2,25.4,11.9,,,
2018-08-24,,,21.2,27.7,13.2,,,
2018-08-25,,,30.0,38.3,21.8,,,
2018-08-26,,,22.4,24.9,17.2,,,
2018-08-27,,,24.3,31.7,14.9,,,
2018-08-28,,,17.0,23.7,10.6,,,
2018-08-29,,,26.4,31.4,9.5,,,
2018-08-30,,,21.4,27.2,9.8,,,
2018-08-31,,,30.2,32.3,9.7,,,
2018-09-01,,,23.6,23.5,7.8,,,
2018-09-02,,,36.6,19.4,9.1,,,
2018-09-03,,,47.9,36.6,14.0,,,
2018-09-04,,,46.2,39.7,16.1,,,
2018-09-05,,,53.2,43.8,18.2,,,
2018-09-06,,,55.8,42.9,19.4,,,
2018-09-07,,,64.6,61.3,32.5,,,
2018-09-08,,,45.9,45.8,21.3,,,
2018-09-09,,,,35.0,18.3,,,
2018-09-10,,,44.2,34.1,18.1,,,
2018-09-11,,,32.8,36.5,15.2,,,
2018-09-12,,,21.0,26.1,15.8,,,
2018-09-13,,,34.2,35.7,14.9,,,
2018-09-14,,,26.9,36.2,14.8,,,
2018-09-15,,,23.7,31.0,17.2,,,
2018-09-16,,,28.9,26.3,15.6,,,
2018-09-17,,,32.1,32.6,14.5,,,
2018-09-18,,,39.2,38.9,13.5,,,
2018-09-19,,,41.2,33.1,14.4,,,
2018-09-20,,,24.4,40.0,14.3,,,
2018-09-21,,,24.3,36.5,15.2,,,
2018-09-22,,,36.4,38.8,13.0,,,
2018-09-23,,,25.8,28.0,14.8,,,
2018-09-24,,,26.3,31.2,16.5,,,
2018-09-25,,,29.6,25.7,21.4,,,
2018-09-26,,,27.5,25.3,20.3,,,
2018-09-27,,,30.2,24.4,15.5,,,
2018-09-28,,,18.2,26.8,13.0,,,
2018-09-29,,,32.0,,12.6,,,
2018-09-30,,,27.6,,15.6,,,
2018-10-01,,,29.4,,13.4,,,
2018-10-02,,,23.9,47.1,11.8,,,
2018-10-03,,,20.1,39.9,8.3,,,
2018-10-04,,,15.7,57.6,11.2,,,
2018-10-05,,,28.0,55.0,12.4,,,
2018-10-06,,,26.8,48.2,7.7,,,
2018-10-07,,,29.8,47.1,17.9,,,
2018-10-08,,,37.2,61.8,,,,
2018-10-09,,,15.9,40.3,,,,
2018-10-10,,,10.6,28.0,12.4,,,
2018-10-11,,,12.3,56.7,13.0,,,
2018-10-12,,,19.5,51.3,12.9,,,
2018-10-13,,,17.8,31.8,12.9,,,
2018-10-14,,,11.4,19.6,10.5,,,
2018-10-15,,,24.4,49.1,9.1,,,
2018-10-16,,,17.2,48.6,10.5,,,
2018-10-17,,,27.3,39.6,21.0,,,
2018-10-18,,,34.9,51.3,26.4,,,
2018-10-19,,,27.8,37.8,15.0,,,
2018-10-20,,,44.9,46.1,28.1,,,
2018-10-21,,,44.1,48.9,32.7,,,
2018-10-22,,,29.5,52.1,15.6,,,
2018-10-23,,,18.2,33.7,7.9,,,
2018-10-24,,,23.8,45.1,16.9,,,
2018-10-25,,,33.5,67.9,16.1,,,
2018-10-26,,,29.0,54.8,14.3,,,
2018-10-27,,,16.4,38.7,14.5,,,
2018-10-28,,,78.0,110.4,65.4,,,
2018-10-29,,,169.6,203.4,157.5,,,
2018-10-30,,,80.3,100.8,37.7,,,
2018-10-31,,,51.7,62.8,27.8,,,
2018-11-01,,,41.5,55.3,35.4,,,
2018-11-02,,,23.2,38.5,13.5,,,
2018-11-03,,,20.8,35.1,17.6,,,
2018-11-04,,,26.9,54.8,13.7,,,
2018-11-05,,,27.1,68.0,15.4,,,
2018-11-06,,,22.5,63.2,12.9,,,
2018-11-07,,,27.5,45.5,12.1,,,
2018-11-08,,,39.7,53.7,16.7,,,
2018-11-09,,,25.1,55.8,17.6,,,
2018-11-10,,,13.9,37.7,10.5,,,
2018-11-11,,,19.1,22.3,12.6,,,
2018-11-12,,,20.5,30.1,16.1,,,
2018-11-13,,,17.3,27.4,10.0,,,
2018-11-14,,,27.1,65.3,15.1,,,
2018-11-15,,,23.4,65.8,20.7,,,
2018-11-16,,,14.4,36.4,10.7,,,
2018-11-17,,,15.5,21.1,9.7,,,
2018-11-18,,,18.8,36.4,12.5,,,
2018-11-19,,,25.9,46.2,20.1,,,
2018-11-20,,,55.9,71.0,39.5,,,
2018-11-21,,,30.5,55.3,14.2,,,
2018-11-22,,,37.4,72.9,15.1,,,
2018-11-23,,,28.1,82.5,16.3,,,
2018-11-24,,,17.6,39.4,15.5,,,
2018-11-25,,,32.2,38.1,19.8,,,
2018-11-26,,,22.4,19.8,11.7,,,
2018-11-27,,,26.0,32.0,16.9,,,
2018-11-28,,,18.5,26.6,12.3,,,
2018-11-29,,,19.3,36.2,9.4,,,
2018-11-30,,,27.1,63.1,10.5,,,
2018-12-01,,,16.0,34.9,11.0,,,
2018-12-02,,,10.6,26.2,7.2,,,
2018-12-03,,,24.2,38.5,11.2,,,
2018-12-04,,,25.6,36.4,17.1,,,
2018-12-05,,,23.9,53.9,21.7,,,
2018-12-06,,,29.6,50.7,12.2,,,
2018-12-07,,,16.1,28.5,10.0,,,
2018-12-08,,,25.7,36.4,13.7,,,
2018-12-09,,,26.5,32.2,17.8,,,
2018-12-10,,,37.5,40.4,18.5,,,
2018-12-11,,,37.4,24.9,5.9,,,
2018-12-12,,,33.9,47.2,5.5,,,
2018-12-13,,,20.3,38.2,5.5,,,
2018-12-14,,,21.4,31.8,5.6,,,
2018-12-15,,,29.4,43.2,7.1,,,
2018-12-16,,,17.7,24.1,4.4,,,
2018-12-17,,,25.2,35.4,5.8,,,
2018-12-18,,,24.9,31.6,5.2,,,
2018-12-19,,,26.0,57.1,4.1,,,
2018-12-20,,,32.8,77.2,4.0,,,
2018-12-21,,,30.8,45.7,4.1,,,
2018-12-22,,,23.9,28.3,3.8,,,
2018-12-23,,,18.9,24.5,4.4,,,
2018-12-24,,,17.8,21.5,10.7,,,
2018-12-25,,,21.5,27.5,14.9,,,
2018-12-26,,,15.5,24.9,3.1,,,
2018-12-27,,,24.4,38.6,6.1,,,
2018-12-28,,,19.3,44.2,4.7,,,
2018-12-29,,,24.6,38.4,6.1,,,
2018-12-30,,,17.6,22.1,5.8,,,
2018-12-31,,,12.0,16.9,8.0,,,
2019-01-01,,,12.0,17.6,7.8,,,
2019-01-02,,,17.7,26.1,9.6,,,
2019-01-03,,,12.7,18.2,9.0,,,
2019-01-04,,,10.9,14.7,5.5,,,
2019-01-05,,,10.7,13.2,5.8,,,
2019-01-06,,,15.7,26.0,7.6,,,
2019-01-07,,,23.7,62.5,8.1,,,
2019-01-08,,,16.0,22.0,7.2,,,
2019-01-09,,,17.5,23.5,13.9,,,
2019-01-10,,,23.1,38.5,12.4,,,
2019-01-11,,,27.1,46.6,6.2,,,
2019-01-12,,,13.0,18.9,7.5,,,
2019-01-13,,,16.8,21.3,9.3,,,
2019-01-14,,,24.2,30.5,20.0,,,
2019-01-15,,,24.5,36.8,16.7,,,
2019-01-16,,,16.2,55.7,10.8,,,
2019-01-17,,,18.5,43.3,13.2,,,
2019-01-18,,,48.9,92.0,23.8,,,
2019-01-19,,,29.5,47.7,9.4,,,
2019-01-20,,,17.5,36.5,7.4,,,
2019-01-21,,,19.4,63.3,15.5,,,
2019-01-22,,,25.7,33.0,10.5,,,
2019-01-23,,,15.0,20.1,6.7,,,
2019-01-24,,,17.4,22.4,11.6,,,
2019-01-25,,,16.1,23.0,9.6,,,
2019-01-26,,,20.4,29.4,12.5,,,
2019-01-27,,,18.8,22.9,11.5,,,
2019-01-28,,,31.1,46.0,15.1,,,
2019-01-29,,,17.1,23.8,9.8,,,
2019-01-30,,,18.1,25.1,10.0,,,
2019-01-31,,,30.2,43.6,13.4,,,
2019-02-01,,,32.2,55.0,23.5,,,
2019-02-02,,,49.7,63.2,33.0,,,
2019-02-03,,,19.8,23.1,10.3,,,
2019-02-04,,,25.2,,12.4,,,
2019-02-05,,,19.8,,15.9,,,
2019-02-06,,,34.6,,26.2,,,
2019-02-07,,,35.3,,14.6,,,
2019-02-08,,,30.3,,11.6,,,
2019-02-09,,,32.5,,12.1,,,
2019-02-10,,,21.5,,10.9,,,
2019-02-11,,,31.6,,19.7,,,
2019-02-12,,,18.6,,10.6,,,
2019-02-13,,,14.5,,10.6,,,
2019-02-14,,,20.1,,10.2,,,
2019-02-15,,,26.8,,11.6,,,
2019-02-16,,,16.4,23.8,9.2,,,
2019-02-17,,,29.2,43.3,11.7,,,
2019-02-18,,,33.2,52.6,9.4,,,
2019-02-19,,,26.1,65.8,11.3,,,
2019-02-20,,,27.1,80.0,10.5,,,
2019-02-21,,,42.0,71.5,12.8,,,
2019-02-22,,,31.0,43.7,12.5,,,
2019-02-23,,,17.9,24.7,11.2,,,
2019-02-24,,,22.2,26.2,13.0,,,
2019-02-25,,,27.5,40.5,4.5,,,
2019-02-26,,,20.0,62.9,11.2,,,
2019-02-27,,,23.0,43.8,16.7,,,
2019-02-28,,,32.1,67.1,16.3,,,
2019-03-01,,,32.7,60.6,19.3,,,
2019-03-02,,,40.5,66.7,26.7,,,
2019-03-03,,,28.9,35.5,19.6,,,
2019-03-04,,,34.5,49.0,16.6,,,
2019-03-05,,,24.5,49.5,14.2,,,
2019-03-06,,,21.6,41.2,13.2,,,
2019-03-07,,,24.7,42.0,15.9,,,
2019-03-08,,,24.2,46.9,16.0,,,
2019-03-09,,,40.3,69.1,23.0,,,
2019-03-10,,,28.7,37.3,17.3,,,
2019-03-11,,,34.5,50.4,23.5,,,
2019-03-12,,,37.5,68.4,21.8,,,
2019-03-13,,,21.1,27.4,14.5,,,
2019-03-14,,,28.4,37.2,17.2,,,
2019-03-15,,,31.0,40.3,20.4,,,
2019-03-16,,,37.5,44.3,25.3,,,
2019-03-17,,,16.7,20.2,11.1,,,
2019-03-18,,,33.4,56.7,,,,
2019-03-19,,,31.6,33.5,21.3,,,
2019-03-20,,,29.1,29.1,17.3,,,
2019-03-21,,,35.1,42.8,22.6,,,
2019-03-22,,,35.0,46.5,24.0,,,
2019-03-23,,,38.5,39.5,26.6,,,
2019-03-24,,,37.8,41.3,28.6,,,
2019-03-25,,,31.2,41.2,23.7,,,
2019-03-26,,,35.6,49.9,27.6,,,
2019-03-27,,,23.3,25.6,17.4,,,
2019-03-28,,,13.9,25.0,11.2,,,
2019-03-29,,,20.4,28.9,15.9,,,
2019-03-30,,,36.5,43.8,23.5,,,
2019-03-31,,,23.2,28.1,15.6,,,
2019-04-01,,,20.8,36.9,,,,
2019-04-02,,,29.3,32.0,12.7,,,
2019-04-03,,,24.1,33.3,10.7,,,
2019-04-04,,,27.0,45.3,19.9,,,
2019-04-05,,,36.5,46.4,21.0,,,
2019-04-06,,,23.8,37.3,12.9,,,
2019-04-07,,,16.1,21.0,9.0,,,
2019-04-08,,,18.3,27.2,12.9,,,
2019-04-09,,,21.5,26.8,12.7,,,
2019-04-10,,,21.3,25.6,15.2,,,
2019-04-11,,,21.6,29.5,13.4,,,
2019-04-12,,,23.2,29.9,13.0,,,
2019-04-13,,,22.3,28.2,12.1,,,
2019-04-14,,,27.2,30.1,19.9,,,
2019-04-15,,,24.1,34.9,,,,
2019-04-16,,,20.8,29.8,11.3,,,
2019-04-17,,,19.9,34.2,9.0,,,
2019-04-18,,,19.8,45.2,12.7,,,
2019-04-19,,,18.5,25.9,16.4,,,
2019-04-20,,,20.5,26.8,18.3,,,
2019-04-21,,,27.5,37.7,19.9,,,
2019-04-22,,,72.1,105.1,64.0,,,
2019-04-23,,,226.6,245.9,181.6,,,
2019-04-24,,,101.0,115.5,69.3,,,
2019-04-25,,,101.2,112.0,61.2,,,
2019-04-26,,,52.9,64.9,40.1,,,
2019-04-27,,,61.3,68.8,42.7,,,
2019-04-28,,,24.5,27.7,16.2,,,
2019-04-29,,,34.2,39.9,,,,
2019-04-30,,,31.2,35.1,21.1,,,
2019-05-01,,,19.0,22.3,14.3,,,
2019-05-02,,,22.5,27.1,12.6,,,
2019-05-03,,,23.1,28.9,13.2,,,
2019-05-04,,,43.6,54.2,24.2,,,
2019-05-05,,,27.1,31.5,18.5,,,
2019-05-06,,,32.9,39.6,19.7,,,
2019-05-07,,,30.8,35.1,17.2,,,
2019-05-08,,,23.7,34.6,13.6,,,
2019-05-09,,,26.3,36.9,17.6,,,
2019-05-10,,,34.0,41.0,24.0,,,
2019-05-11,,,26.2,35.5,21.6,,,
2019-05-12,,,28.4,32.2,18.6,,,
2019-05-13,,,28.1,30.3,,,,
2019-05-14,,,17.6,24.0,11.1,,,
2019-05-15,,,19.6,26.3,12.2,,,
2019-05-16,,,19.8,28.0,11.8,,,
2019-05-17,,,10.3,34.1,10.4,,,
2019-05-18,,,23.9,37.4,18.9,,,
2019-05-19,,,23.4,28.7,17.2,,,
2019-05-20,,,16.3,22.1,12.5,,,
2019-05-21,,,18.1,20.9,10.1,,,
2019-05-22,,,17.0,23.1,7.3,,,
2019-05-23,,,20.0,28.5,12.9,,,
2019-05-24,,,23.9,28.2,13.8,,,
2019-05-25,,,15.0,25.3,14.4,,,
2019-05-26,,,28.6,41.3,20.0,,,
2019-05-27,,,17.7,23.1,,,,
2019-05-28,,,22.2,25.6,12.3,,,
2019-05-29,,,18.3,24.9,10.6,,,
2019-05-30,,,26.5,37.5,18.7,,,
2019-05-31,,,22.7,33.6,25.1,,,
2019-06-01,,,19.2,30.0,14.1,,,
2019-06-02,,,22.5,23.5,10.9,,,
2019-06-03,,,23.1,28.3,12.1,,,
2019-06-04,,,18.9,23.8,8.1,,,
2019-06-05,,,17.1,27.4,13.7,,,
2019-06-06,,,20.5,33.7,21.7,,,
2019-06-07,,,17.2,29.8,23.2,,,
2019-06-08,,,23.3,45.5,16.3,,,
2019-06-09,,,38.0,58.5,21.2,,,
2019-06-10,,,,69.6,32.8,,,
2019-06-11,,,45.2,61.0,39.8,,,
2019-06-12,,,46.9,69.3,47.8,,,
2019-06-13,,,57.9,68.0,41.4,,,
2019-06-14,,,53.8,62.5,47.0,,,
2019-06-15,,,66.4,76.1,41.4,,,
2019-06-16,,,62.7,73.5,43.2,,,
2019-06-17,,,55.0,67.8,,,,
2019-06-18,,,,64.3,,,,
2019-06-19,,,44.2,57.2,,,,
2019-06-20,,,27.4,32.0,,,,
2019-06-21,,,25.4,37.4,15.6,,,
2019-06-22,,,23.8,37.7,18.9,,,
2019-06-23,,,23.5,28.0,22.5,,,
2019-06-24,,,39.9,48.6,30.1,,,
2019-06-25,,,30.1,35.5,24.4,,,
2019-06-26,,,26.3,32.2,22.9,,,
2019-06-27,,,27.9,34.6,21.6,,,
2019-06-28,,,27.7,32.2,18.1,,,
2019-06-29,,,26.0,30.7,22.9,,,
2019-06-30,,,26.9,33.7,20.3,,,
2019-07-01,,,20.8,27.8,20.3,,,
2019-07-02,,,25.3,30.4,24.6,,,
2019-07-03,,,29.8,35.0,16.7,,,
2019-07-04,,,42.9,30.7,14.9,,,
2019-07-05,,,39.5,36.6,15.8,,,
2019-07-06,,,35.6,41.6,21.8,,,
2019-07-07,,,34.8,35.2,20.4,,,
2019-07-08,,,54.7,62.8,39.5,,,
2019-07-09,,,57.6,59.5,38.8,,,
2019-07-10,,,55.1,63.7,37.5,,,
2019-07-11,,,39.2,48.0,28.5,,,
2019-07-12,,,32.5,34.4,21.2,,,
2019-07-13,,,30.6,32.4,17.5,,,
2019-07-14,,,26.6,33.0,22.5,,,
2019-07-15,,,27.2,34.5,19.5,,,
2019-07-16,,,31.1,40.8,18.4,,,
2019-07-17,,,23.3,25.4,14.5,,,
2019-07-18,,,23.6,35.5,12.6,,,
2019-07-19,,,22.9,30.8,15.0,,,
2019-07-20,,,30.6,39.6,16.3,,,
2019-07-21,,,28.0,35.9,17.3,,,
2019-07-22,,,25.1,29.5,15.8,,,
2019-07-23,,,23.1,28.3,14.2,,,
2019-07-24,,,26.8,28.7,15.0,,,
2019-07-25,,,24.5,33.9,20.5,,,
2019-07-26,,,29.9,28.3,16.6,,,
2019-07-27,,,20.7,28.3,17.5,,,
2019-07-28,,,31.9,39.5,22.8,,,
2019-07-29,,,30.0,35.8,18.7,,,
2019-07-30,,,27.9,31.9,18.8,,,
2019-07-31,,,25.8,31.4,15.9,,,
2019-08-01,,,26.7,39.7,14.8,,,
2019-08-02,,,22.3,39.4,12.2,,,
2019-08-03,,,37.8,53.2,18.7,,,
2019-08-04,,,32.9,37.8,23.2,,,
2019-08-05,,,24.7,31.5,,,,
2019-08-06,,,25.6,35.2,14.6,,,
2019-08-07,,,19.9,33.2,14.9,,,
2019-08-08,,,27.6,43.2,17.2,,,
2019-08-09,,,44.2,53.0,36.1,,,
2019-08-10,,,38.2,41.7,30.5,,,
2019-08-11,,,41.3,47.3,31.8,,,
2019-08-12,,,41.7,44.6,32.2,,,
2019-08-13,,,32.1,36.8,25.6,,,
2019-08-14,,,45.9,58.5,22.6,,,
2019-08-15,,,26.5,29.1,19.4,,,
2019-08-16,,,25.9,31.4,18.2,,,
2019-08-17,,,38.3,33.2,17.4,,,
2019-08-18,,,18.5,21.2,16.1,,,
2019-08-19,,,15.2,21.7,11.7,,,
2019-08-20,,,15.0,23.9,13.2,,,
2019-08-21,,,24.3,27.0,14.2,,,
2019-08-22,,,28.2,34.3,20.0,,,
2019-08-23,,,26.1,28.0,15.7,,,
2019-08-24,,,27.9,32.3,20.0,,,
2019-08-25,,,30.0,33.1,23.1,,,
2019-08-26,,,29.3,32.1,19.8,,,
2019-08-27,,,30.0,34.1,18.4,,,
2019-08-28,,,38.9,40.5,26.6,,,
2019-08-29,,,36.9,39.2,22.7,,,
2019-08-30,,,31.9,39.6,27.4,,,
2019-08-31,,,30.7,37.4,29.7,,,
2019-09-01,,,23.6,27.5,18.7,,,
2019-09-02,,,17.9,36.7,12.4,,,
2019-09-03,,,26.1,37.9,15.3,,,
2019-09-04,,,26.8,44.6,16.6,,,
2019-09-05,,,31.6,45.4,15.7,,,
2019-09-06,,,31.2,50.2,15.5,,,
2019-09-07,,,30.2,38.4,17.9,,,
2019-09-08,,,26.6,34.4,19.1,,,
2019-09-09,,,27.1,31.6,15.0,,,
2019-09-10,,,25.1,38.7,15.5,,,
2019-09-11,,,19.7,30.7,12.1,,,
2019-09-12,,,18.1,27.6,14.8,,,
2019-09-13,,,24.7,29.2,14.4,,,
2019-09-14,,,33.5,40.4,21.1,,,
2019-09-15,,,22.2,26.6,14.8,,,
2019-09-16,,,36.5,35.2,16.4,,,
2019-09-17,,,29.5,38.4,18.6,,,
2019-09-18,,,27.8,39.5,18.4,,,
2019-09-19,,,31.1,47.9,23.3,,,
2019-09-20,,,30.8,41.7,24.3,,,
2019-09-21,,,21.5,29.5,19.7,,,
2019-09-22,,,23.3,33.5,21.3,,,
2019-09-23,,,34.6,48.2,25.9,,,
2019-09-24,,,31.9,42.9,16.1,,,
2019-09-25,,,23.5,28.5,14.3,,,
2019-09-26,,,25.6,29.8,14.8,,,
2019-09-27,,,21.3,24.3,17.6,,,
2019-09-28,,,23.5,29.5,17.8,,,
2019-09-29,,,23.3,24.8,13.4,,,
2019-09-30,,,26.9,29.6,13.2,,,
2019-10-01,,,28.6,31.6,14.3,,,
2019-10-02,,,21.9,36.3,13.5,,,
2019-10-03,,,32.6,42.7,16.7,,,
2019-10-04,,,29.6,39.9,13.8,,,
2019-10-05,,,36.4,28.1,12.4,,,
2019-10-06,,,34.4,31.1,14.2,,,
2019-10-07,,,24.4,25.3,12.1,,,
2019-10-08,,,17.4,25.5,11.3,,,
2019-10-09,,,32.0,47.5,16.6,,,
2019-10-10,,,41.9,59.2,19.8,,,
2019-10-11,,,36.3,45.3,,,,
2019-10-12,,,31.7,41.4,21.8,,,
2019-10-13,,,30.0,40.3,24.6,,,
2019-10-14,,,25.7,50.2,23.1,,,
2019-10-15,,,31.2,50.2,24.4,,,
2019-10-16,,,22.5,31.5,14.0,,,
2019-10-17,,,29.2,38.2,10.5,,,
2019-10-18,,,26.4,42.3,11.3,,,
2019-10-19,,,28.2,54.5,14.8,,,
2019-10-20,,,19.1,37.6,11.3,,,
2019-10-21,,,15.6,46.2,,,,
2019-10-22,,,15.5,42.1,15.4,,,
2019-10-23,,,17.5,34.2,16.0,,,
2019-10-24,,,20.8,37.2,21.7,,,
2019-10-25,,,34.9,45.4,19.0,,,
2019-10-26,,,38.0,47.0,12.9,,,
2019-10-27,,,19.6,37.1,12.7,,,
2019-10-28,,,20.1,42.2,11.6,,,
2019-10-29,,,23.4,65.9,10.1,,,
2019-10-30,,,21.9,44.0,11.2,,,
2019-10-31,,,28.6,40.7,13.8,,,
2019-11-01,,,22.5,49.6,9.8,,,
2019-11-02,,,20.8,47.3,4.6,,,
2019-11-03,,,17.2,33.5,12.0,,,
2019-11-04,,,31.7,44.5,14.8,,,
2019-11-05,,,33.2,63.0,20.3,,,
2019-11-06,,,53.0,74.3,38.1,,,
2019-11-07,,,16.5,25.2,7.2,,,
2019-11-08,,,17.1,36.6,9.1,,,
2019-11-09,,,24.2,34.4,11.7,,,
2019-11-10,,,13.7,22.9,8.6,,,
2019-11-11,,,13.9,26.3,9.6,,,
2019-11-12,,,18.1,22.1,11.2,,,
2019-11-13,,,28.4,35.3,15.0,,,
2019-11-14,,,22.6,44.7,12.1,,,
2019-11-15,,,36.2,68.1,21.8,,,
2019-11-16,,,58.7,91.0,44.1,,,
2019-11-17,,,38.3,47.8,22.6,,,
2019-11-18,,,19.5,42.8,9.2,,,
2019-11-19,,,13.5,32.7,9.9,,,
2019-11-20,,,37.6,71.2,13.1,,,
2019-11-21,,,27.0,103.2,11.1,,,
2019-11-22,,,28.7,78.5,15.6,,,
2019-11-23,,,25.4,51.1,18.4,,,
2019-11-24,,,19.5,23.3,12.1,,,
2019-11-25,,,16.2,21.4,12.6,,,
2019-11-26,,,17.9,29.2,10.0,,,
2019-11-27,,,21.6,34.9,10.6,,,
2019-11-28,,,21.6,44.8,12.1,,,
2019-11-29,,,33.1,47.4,16.2,,,
2019-11-30,,,25.8,42.5,13.4,,,
2019-12-01,,,17.4,35.8,14.9,,,
2019-12-02,,,17.1,34.5,12.8,,,
2019-12-03,,,56.9,92.4,32.4,,,
2019-12-04,,,28.9,37.2,15.1,,,
2019-12-05,,,39.2,51.5,18.0,,,
2019-12-06,,,36.8,50.9,18.0,,,
2019-12-07,,,54.2,74.7,34.5,,,
2019-12-08,,,31.3,45.8,26.3,,,
2019-12-09,,,22.9,30.5,11.4,,,
2019-12-10,,,17.6,22.6,10.3,,,
2019-12-11,,,15.7,24.0,9.2,,,
2019-12-12,,,21.2,27.1,12.5,,,
2019-12-13,,,14.9,18.9,9.1,,,
2019-12-14,,,31.5,40.0,22.7,,,
2019-12-15,,,34.5,48.2,23.5,,,
2019-12-16,,,17.5,36.0,11.8,,,
2019-12-17,,,20.1,46.3,16.5,,,
2019-12-18,,,59.5,93.3,51.1,,,
2019-12-19,,,281.0,310.4,210.8,,,
2019-12-20,,,68.0,79.6,37.2,,,
2019-12-21,,,75.3,88.2,50.8,,,
2019-12-22,,,53.2,62.5,40.3,,,
2019-12-23,,,32.5,41.4,28.1,,,
2019-12-24,,,26.7,34.2,16.9,,,
2019-12-25,,,25.7,30.4,18.8,,,
2019-12-26,,,26.5,35.6,17.8,,,
2019-12-27,,,23.2,38.8,14.7,,,
2019-12-28,,,15.4,25.0,10.4,,,
2019-12-29,,,9.9,15.2,6.4,,,
2019-12-30,,,10.4,15.8,6.5,,,
2019-12-31,,,13.2,21.6,6.9,,,
2020-01-01,,,15.9,29.0,7.9,,,
2020-01-02,,,24.7,44.8,9.3,,,
2020-01-03,,,24.5,42.6,9.6,,,
2020-01-04,,,18.3,24.0,8.0,,,
2020-01-05,,,15.8,21.3,11.2,,,
2020-01-06,,,21.0,34.2,11.4,,,
2020-01-07,,,29.2,48.8,9.9,,,
2020-01-08,,,24.5,68.8,9.4,,,
2020-01-09,,,17.4,64.7,13.5,,,
2020-01-10,,,22.5,47.6,11.9,,,
2020-01-11,,,9.0,31.0,9.1,,,
2020-01-12,,,9.6,22.2,8.0,,,
2020-01-13,,,13.2,28.9,8.9,,,
2020-01-14,,,16.2,29.7,8.8,,,
2020-01-15,,,18.5,30.9,11.9,,,
2020-01-16,,,31.6,49.8,11.5,,,
2020-01-17,,,25.1,30.9,10.5,,,
2020-01-18,,,19.1,23.7,9.6,,,
2020-01-19,,,20.9,33.8,14.6,,,
2020-01-20,,,14.0,26.6,9.8,,,
2020-01-21,,,17.7,33.2,18.1,,,
2020-01-22,,,15.1,29.0,16.9,,,
2020-01-23,,,11.7,24.3,13.5,,,
2020-01-24,,,11.2,25.7,12.6,,,
2020-01-25,,,24.0,41.3,21.1,,,
2020-01-26,,,36.6,41.3,26.3,,,
2020-01-27,,,39.4,45.9,28.4,,,
2020-01-28,,,27.7,36.2,15.9,,,
2020-01-29,,,28.4,34.8,16.0,,,
2020-01-30,,,29.4,35.2,15.8,,,
2020-01-31,,,24.9,34.2,8.6,,,
2020-02-01,,,27.8,42.1,13.9,,,
2020-02-02,,,22.7,26.5,13.8,,,
2020-02-03,,,28.3,34.4,16.8,,,
2020-02-04,,,42.1,50.4,23.4,,,
2020-02-05,,,27.3,42.0,14.8,,,
2020-02-06,,,15.6,23.3,10.5,,,
2020-02-07,,,27.0,40.0,10.3,,,
2020-02-08,,,18.2,56.7,11.9,,,
2020-02-09,,,15.6,37.7,9.8,,,
2020-02-10,,,21.4,34.0,13.8,,,
2020-02-11,,,34.7,45.9,22.2,,,
2020-02-12,,,32.5,42.0,21.9,,,
2020-02-13,,,28.7,49.5,23.1,,,
2020-02-14,,,30.5,41.7,16.8,,,
2020-02-15,,,27.9,35.6,17.3,,,
2020-02-16,,,18.3,38.4,16.4,,,
2020-02-17,,,25.0,40.8,10.5,,,
2020-02-18,,,23.8,29.5,11.3,,,
2020-02-19,,,25.9,32.0,16.4,,,
2020-02-20,,,30.5,38.0,19.5,,,
2020-02-21,,,26.8,34.9,11.7,,,
2020-02-22,,,19.9,21.6,14.6,,,
2020-02-23,,,23.9,27.6,17.0,,,
2020-02-24,,,31.0,36.8,15.8,,,
2020-02-25,,,30.1,33.1,17.1,,,
2020-02-26,,,31.8,44.3,20.1,,,
2020-02-27,,,28.9,36.4,14.3,,,
2020-02-28,,,31.2,37.2,14.3,,,
2020-02-29,,,26.6,35.4,21.2,,,
2020-03-01,,,32.3,38.9,19.1,,,
2020-03-02,,,34.8,57.2,,,,
2020-03-03,,,22.8,29.1,13.7,,,
2020-03-04,,,14.9,22.1,10.3,,,
2020-03-05,,,22.3,30.2,13.7,,,
2020-03-06,,,31.1,40.9,21.1,,,
2020-03-07,,,17.3,22.2,9.6,,,
2020-03-08,,,17.0,22.6,10.7,,,
2020-03-09,,,22.2,29.5,10.7,,,
2020-03-10,,,13.5,21.6,7.5,,,
2020-03-11,,,21.9,31.1,9.5,,,
2020-03-12,,,24.8,32.5,15.1,,,
2020-03-13,,,22.9,27.0,13.6,,,
2020-03-14,,,27.5,39.6,16.6,,,
2020-03-15,,,25.4,26.1,19.9,,,
2020-03-16,,,23.5,25.7,18.4,,,
2020-03-17,,,19.8,27.9,16.4,,,
2020-03-18,,,10.8,15.2,14.3,,,
2020-03-19,,,14.7,17.7,12.6,,,
2020-03-20,,,21.0,26.8,19.8,,,
2020-03-21,,,19.4,27.5,16.5,,,
2020-03-22,,,26.8,29.1,18.0,,,
2020-03-23,,,20.9,29.5,15.6,,,
2020-03-24,,,19.5,31.7,17.4,,,
2020-03-25,,,29.6,39.6,23.4,,,
2020-03-26,,,15.9,20.6,8.3,,,
2020-03-27,,,22.9,28.7,13.9,,,
2020-03-28,,,18.2,29.0,9.6,,,
2020-03-29,,,12.8,15.5,7.8,,,
2020-03-30,,,9.9,14.4,6.2,,,
2020-03-31,,,23.8,30.3,14.2,,,
2020-04-01,,,21.5,27.5,14.1,,,
2020-04-02,,,19.5,24.6,13.6,,,
2020-04-03,,,21.9,23.6,11.3,,,
2020-04-04,,,18.8,24.9,13.4,,,
2020-04-05,,,23.4,26.8,16.3,,,
2020-04-06,,,29.5,39.0,18.6,,,
2020-04-07,,,19.9,20.3,9.6,,,
2020-04-08,,,21.6,22.4,,,,
2020-04-09,,,23.9,26.9,,,,
2020-04-10,,,20.0,19.8,11.2,,,
2020-04-11,,,18.1,24.3,8.3,,,
2020-04-12,,,16.1,19.6,11.4,,,
2020-04-13,,,19.8,31.6,14.8,,,
2020-04-14,,,44.3,53.4,34.2,,,
2020-04-15,,,31.8,38.0,26.0,,,
2020-04-16,,,23.5,29.7,21.4,,,
2020-04-17,,,26.5,30.7,18.6,,,
2020-04-18,,,21.6,28.0,18.1,,,
2020-04-19,,,22.0,36.5,32.7,,,
2020-04-20,,,27.6,42.9,24.5,,,
2020-04-21,,,32.0,38.0,24.6,,,
2020-04-22,,,25.9,36.7,19.6,,,
2020-04-23,,,24.5,26.7,14.8,,,
2020-04-24,,,20.9,23.7,12.4,,,
2020-04-25,,,17.1,18.6,8.4,,,
2020-04-26,,,12.1,15.6,10.3,,,
2020-04-27,,,22.7,27.1,13.1,,,
2020-04-28,,,22.1,22.5,11.7,,,
2020-04-29,,,19.2,24.0,9.6,,,
2020-04-30,,,25.9,28.6,16.0,,,
2020-05-01,,,22.8,18.9,9.7,,,
2020-05-02,,,26.0,24.7,12.3,,,
2020-05-03,,,27.6,30.0,19.1,,,
2020-05-04,,,26.3,32.5,17.8,,,
2020-05-05,,,18.3,24.6,13.3,,,
2020-05-06,,,30.6,38.6,21.5,,,
2020-05-07,,,27.5,29.7,18.1,,,
2020-05-08,,,21.5,21.9,16.9,,,
2020-05-09,,,18.5,25.7,18.6,,,
2020-05-10,,,25.9,29.8,14.5,,,
2020-05-11,,,32.5,40.3,24.9,,,
2020-05-12,,,23.4,29.6,19.5,,,
2020-05-13,,,31.4,41.4,32.7,,,
2020-05-14,,,64.3,94.4,73.9,,,
2020-05-15,,,58.3,67.0,75.4,,,
2020-05-16,,,51.3,51.4,40.5,,,
2020-05-17,,,57.3,64.8,50.2,,,
2020-05-18,,,51.7,57.4,32.7,,,
2020-05-19,,,34.4,42.7,17.2,,,
2020-05-20,,,36.4,34.8,13.8,,,
2020-05-21,,,26.3,30.4,16.1,,,
2020-05-22,,,30.1,23.1,11.4,,,
2020-05-23,,,20.3,20.3,9.8,,,
2020-05-24,,,16.2,15.3,9.1,,,
2020-05-25,,,23.2,28.7,14.8,,,
2020-05-26,,,23.9,21.2,17.1,,,
2020-05-27,,,13.2,26.7,13.9,,,
2020-05-28,,,20.2,36.3,7.3,,,
2020-05-29,,,13.8,19.8,8.7,,,
2020-05-30,,,15.7,26.3,12.3,,,
2020-05-31,,,20.4,22.0,12.1,,,
2020-06-01,,,17.9,19.4,12.0,,,
2020-06-02,,,14.4,19.1,9.9,,,
2020-06-03,,,18.4,20.3,8.2,,,
2020-06-04,,,15.7,25.9,12.2,,,
2020-06-05,,,34.3,43.7,19.8,,,
2020-06-06,,,31.4,32.4,15.1,,,
2020-06-07,,,17.0,21.3,12.3,,,
2020-06-08,,,19.5,23.6,14.0,,,
2020-06-09,,,25.0,29.8,17.6,,,
2020-06-10,,,22.9,28.1,14.8,,,
2020-06-11,,,19.5,22.2,11.4,,,
2020-06-12,,,12.3,23.3,11.2,,,
2020-06-13,,,15.2,22.3,15.5,,,
2020-06-14,,,21.2,24.2,14.8,,,
2020-06-15,,,31.8,39.5,18.5,,,
2020-06-16,,,30.4,31.8,18.3,,,
2020-06-17,,,26.1,28.0,14.6,,,
2020-06-18,,,25.3,27.5,16.8,,,
2020-06-19,,,18.3,25.4,17.7,,,
2020-06-20,,,30.7,35.8,21.2,,,
2020-06-21,,,27.5,28.8,17.7,,,
2020-06-22,,,,33.8,20.9,,,
2020-06-23,,,25.6,27.3,18.1,,,
2020-06-24,,,26.0,31.7,17.0,,,
2020-06-25,,,24.7,23.2,9.2,,,
2020-06-26,,,10.3,21.1,10.6,,,
2020-06-27,,,13.7,19.2,11.5,,,
2020-06-28,,,14.8,18.0,8.4,,,
2020-06-29,,,28.4,28.7,17.7,,,
2020-06-30,,,37.7,37.8,18.3,,,
2020-07-01,,,39.4,35.9,18.0,,,
2020-07-02,,,49.8,46.8,26.3,,,
2020-07-03,,,46.5,49.0,26.3,,,
2020-07-04,,,46.4,46.7,25.0,,,
2020-07-05,,,26.8,29.5,19.4,,,
2020-07-06,,,31.2,33.7,19.1,,,
2020-07-07,,,38.6,45.6,27.9,,,
2020-07-08,,,44.4,47.2,38.8,,,
2020-07-09,,,38.8,40.7,25.5,,,
2020-07-10,,,29.6,29.6,17.9,,,
2020-07-11,,,25.9,25.7,15.4,,,
2020-07-12,,,25.1,23.2,12.7,,,
2020-07-13,,,24.3,25.2,12.2,,,
2020-07-14,,,25.0,24.6,15.1,,,
2020-07-15,,,27.6,24.7,14.1,,,
2020-07-16,,,23.9,26.0,15.1,,,
2020-07-17,,,33.7,32.1,18.5,,,
2020-07-18,,,27.9,28.5,18.3,,,
2020-07-19,,,26.5,26.3,19.7,,,
2020-07-20,,,18.9,21.1,13.7,,,
2020-07-21,,,21.9,22.6,13.2,,,
2020-07-22,,,17.2,18.7,9.7,,,
2020-07-23,,,27.3,29.5,11.1,,,
2020-07-24,,,29.0,26.0,11.6,,,
2020-07-25,,,30.4,28.4,24.2,,,
2020-07-26,,,22.6,23.4,18.2,,,
2020-07-27,,,19.9,24.0,39.0,,,
2020-07-28,,,21.3,21.4,11.6,,,
2020-07-29,,,21.5,23.4,,,,
2020-07-30,,,22.5,22.7,,,,
2020-07-31,,,29.1,26.6,11.1,,,
2020-08-01,,,32.1,29.7,15.0,,,
2020-08-02,,,32.5,33.2,24.2,,,
2020-08-03,,,34.5,34.2,19.2,,,
2020-08-04,,,35.6,38.6,,,,
2020-08-05,,,36.1,40.5,17.2,,,
2020-08-06,,,23.6,26.5,13.6,,,
2020-08-07,,,18.3,22.6,13.9,,,
2020-08-08,,,24.5,26.7,16.4,,,
2020-08-09,,,22.7,24.9,19.0,,,
2020-08-10,,,23.5,26.7,16.9,,,
2020-08-11,,,26.7,28.5,12.7,,,
2020-08-12,,,27.4,29.2,14.9,,,
2020-08-13,,,27.2,28.9,13.9,,,
2020-08-14,,,30.7,30.2,15.1,,,
2020-08-15,,,33.2,34.7,23.8,,,
2020-08-16,,,39.4,42.7,28.3,,,
2020-08-17,,,56.0,48.2,27.4,,,
2020-08-18,,,25.5,41.0,18.7,,,
2020-08-19,,,23.2,33.2,20.7,,,
2020-08-20,,,23.9,,16.9,,,
2020-08-21,,,22.9,25.1,16.4,,,
2020-08-22,,,21.4,22.4,12.6,,,
2020-08-23,,,37.2,39.2,23.5,,,
2020-08-24,,,30.0,33.8,19.6,,,
2020-08-25,,,32.2,36.4,22.3,,,
2020-08-26,,,25.8,27.5,17.6,,,
2020-08-27,,,26.2,27.9,13.3,,,
2020-08-28,,,31.0,31.9,15.3,,,
2020-08-29,,,16.9,24.0,12.5,,,
2020-08-30,,,19.3,26.0,16.9,,,
2020-08-31,,,19.9,27.5,14.8,,,
2020-09-01,,,22.5,29.3,22.7,,,
2020-09-02,,,35.1,34.0,19.3,,,
2020-09-03,,,30.9,33.7,17.8,,,
2020-09-04,,,22.2,25.3,20.3,,,
2020-09-05,,,18.1,22.5,15.0,,,
2020-09-06,,,26.3,21.3,17.1,,,
2020-09-07,,,28.8,47.1,17.3,,,
2020-09-08,,,41.4,57.5,32.4,,,
2020-09-09,,,25.5,31.7,24.3,,,
2020-09-10,,,31.6,37.3,22.2,,,
2020-09-11,,,29.9,33.8,20.3,,,
2020-09-12,,,29.1,50.6,10.4,,,
2020-09-13,,,18.8,31.6,11.4,,,
2020-09-14,,,21.8,31.2,10.8,,,
2020-09-15,,,29.7,39.1,,,,
2020-09-16,,,23.3,34.3,,,,
2020-09-17,,,36.5,46.9,,,,
2020-09-18,,,34.4,43.6,,,,
2020-09-19,,,38.4,46.7,,,,
2020-09-20,,,36.8,41.7,25.4,,,
2020-09-21,,,26.4,29.2,15.3,,,
2020-09-22,,,26.4,36.0,18.2,,,
2020-09-23,,,42.1,51.2,25.3,,,
2020-09-24,,,26.8,36.3,13.3,,,
2020-09-25,,,31.9,44.8,22.2,,,
2020-09-26,,,30.1,38.3,14.7,,,
2020-09-27,,,23.7,33.9,14.3,,,
2020-09-28,,,36.7,41.7,18.8,,,
2020-09-29,,,27.1,34.6,,,,
2020-09-30,,,25.6,36.4,13.7,,,
2020-10-01,,,19.5,43.4,14.7,,,
2020-10-02,,,30.2,45.0,22.8,,,
2020-10-03,,,65.1,90.7,45.7,,,
2020-10-04,,,49.1,60.1,29.8,,,
2020-10-05,,,60.5,67.7,36.3,,,
2020-10-06,,,27.4,37.9,17.0,,,
2020-10-07,,,23.2,33.0,11.9,,,
2020-10-08,,,27.8,36.9,20.1,,,
2020-10-09,,,20.7,38.1,16.7,,,
2020-10-10,,,25.8,35.2,11.6,,,
2020-10-11,,,16.6,23.7,7.7,,,
2020-10-12,,,16.0,20.0,8.6,,,
2020-10-13,,,24.6,32.1,12.2,,,
2020-10-14,,,19.9,33.6,12.4,,,
2020-10-15,,,27.8,40.6,18.0,,,
2020-10-16,,,18.7,25.2,9.9,,,
2020-10-17,,,15.3,18.6,8.7,,,
2020-10-18,,,14.2,16.8,7.1,,,
2020-10-19,,,16.2,27.2,7.3,,,
2020-10-20,,,10.6,33.7,7.1,,,
2020-10-21,,,9.8,42.8,7.8,,,
2020-10-22,,,18.6,48.6,7.6,,,
2020-10-23,,,18.7,49.7,7.8,,,
2020-10-24,,,37.8,51.3,17.6,,,
2020-10-25,,,19.0,21.1,11.9,,,
2020-10-26,,,22.8,39.4,10.4,,,
2020-10-27,,,20.0,29.1,9.6,,,
2020-10-28,,,18.4,28.2,10.8,,,
2020-10-29,,,21.3,29.4,11.1,,,
2020-10-30,,,24.2,34.8,15.5,,,
2020-10-31,,,26.9,46.0,15.1,,,
2020-11-01,,,17.6,23.9,8.5,,,
2020-11-02,,,23.9,34.7,8.4,,,
2020-11-03,,,26.9,40.6,9.5,,,
2020-11-04,,,24.8,47.4,9.1,,,
2020-11-05,,,26.1,59.7,11.4,,,
2020-11-06,,,21.0,46.0,12.4,,,
2020-11-07,,,22.7,26.3,15.8,,,
2020-11-08,,,22.4,30.1,13.2,,,
2020-11-09,,,24.2,41.9,12.9,,,
2020-11-10,,,24.3,40.4,11.4,,,
2020-11-11,,,30.2,48.7,15.3,,,
2020-11-12,,,36.3,60.4,13.5,,,
2020-11-13,,,32.2,52.2,12.8,,,
2020-11-14,,,22.9,57.2,10.9,,,
2020-11-15,,,18.1,55.4,11.8,,,
2020-11-16,,,27.1,57.1,14.6,,,
2020-11-17,,,27.9,50.0,15.8,,,
2020-11-18,,,22.4,45.5,12.9,,,
2020-11-19,,,26.4,32.1,13.7,,,
2020-11-20,,,32.5,42.5,19.2,,,
2020-11-21,,,23.7,33.1,11.2,,,
2020-11-22,,,11.5,20.6,9.1,,,
2020-11-23,,,11.6,31.8,9.4,,,
2020-11-24,,,13.9,22.6,7.6,,,
2020-11-25,,,15.4,38.2,8.1,,,
2020-11-26,,,11.8,36.1,9.6,,,
2020-11-27,,,11.4,25.9,10.6,,,
2020-11-28,,,39.5,64.4,30.9,,,
2020-11-29,,,71.2,75.5,55.8,,,
2020-11-30,,,45.1,72.2,25.0,,,
2020-12-01,,,29.6,51.5,11.0,,,
2020-12-02,,,14.0,51.8,8.0,,,
2020-12-03,,,17.9,26.8,11.3,,,
2020-12-04,,,18.9,26.9,7.4,,,
2020-12-05,,,20.4,41.2,15.1,,,
2020-12-06,,,21.2,27.8,13.0,,,
2020-12-07,,,21.7,30.9,9.0,,,
2020-12-08,,,46.4,48.5,23.5,,,
2020-12-09,,,92.5,101.9,42.7,,,
2020-12-10,,,17.2,23.8,8.3,,,
2020-12-11,,,22.7,27.9,11.3,,,
2020-12-12,,,13.9,17.6,6.0,,,
2020-12-13,,,10.5,14.4,8.0,,,
2020-12-14,,,21.9,32.5,10.2,,,
2020-12-15,,,30.1,78.1,10.4,,,
2020-12-16,,,23.4,89.7,10.2,,,
2020-12-17,,,12.2,53.8,11.6,,,
2020-12-18,,,10.3,22.5,8.1,,,
2020-12-19,,,11.0,19.5,9.1,,,
2020-12-20,,,15.5,21.8,9.8,,,
2020-12-21,,,14.8,25.6,8.2,,,
2020-12-22,,,26.0,53.5,9.1,,,
2020-12-23,,,26.9,49.0,7.6,,,
2020-12-24,,,19.4,33.7,9.4,,,
2020-12-25,,,22.1,24.9,14.6,,,
2020-12-26,,,18.3,20.5,9.9,,,
2020-12-27,,,10.3,11.6,7.3,,,
2020-12-28,,,27.9,29.3,14.7,,,
2020-12-29,,,103.0,117.1,82.4,,,
2020-12-30,,,91.5,98.9,64.0,,,
2020-12-31,,,20.3,32.1,8.5,,,
2021-01-01,,,16.0,25.6,8.3,,,
2021-01-02,,,31.2,,21.3,,,
2021-01-03,,,31.3,,24.0,,,
2021-01-04,,,18.0,29.5,7.0,,,
2021-01-05,,,28.3,32.2,13.9,,,
2021-01-06,,,28.4,64.3,21.2,,,
2021-01-07,,,38.8,54.5,28.1,,,
2021-01-08,,,79.8,96.3,67.4,,,
2021-01-09,,,69.1,111.3,55.5,,,
2021-01-10,,,100.3,130.8,101.3,,,
2021-01-11,,,47.6,54.2,24.6,,,
2021-01-12,,,17.7,24.0,6.8,,,
2021-01-13,,,21.3,28.2,10.8,,,
2021-01-14,,,27.2,40.4,15.2,,,
2021-01-15,,,29.6,38.2,16.7,,,
2021-01-16,,,14.5,20.7,8.3,,,
2021-01-17,,,14.2,16.5,8.2,,,
2021-01-18,,,18.6,28.3,10.8,,,
2021-01-19,,,23.2,46.7,7.1,,,
2021-01-20,,,13.9,49.2,8.1,,,
2021-01-21,,,21.9,33.1,14.4,,,
2021-01-22,,,25.4,52.9,15.4,,,
2021-01-23,,,27.0,31.6,15.0,,,
2021-01-24,,,31.8,36.7,20.3,,,
2021-01-25,,,35.5,37.9,19.0,,,
2021-01-26,,,29.2,35.5,19.3,,,
2021-01-27,,,19.2,26.7,8.4,,,
2021-01-28,,,13.7,22.0,6.3,,,
2021-01-29,,,20.9,30.3,13.6,,,
2021-01-30,,,25.4,32.2,15.8,,,
2021-01-31,,,22.4,26.8,12.9,,,
2021-02-01,,,27.3,34.0,14.8,,,
2021-02-02,,,29.8,38.6,21.1,,,
2021-02-03,,,27.4,42.8,14.5,,,
2021-02-04,,,26.7,45.5,22.6,,,
2021-02-05,,,28.7,64.0,22.5,,,
2021-02-06,,,24.3,44.2,18.6,,,
2021-02-07,,,37.3,49.3,25.5,,,
2021-02-08,,,33.2,38.1,20.2,,,
2021-02-09,,,89.5,97.8,61.4,,,
2021-02-10,,,49.5,54.8,33.3,,,
2021-02-11,,,27.4,36.6,16.2,,,
2021-02-12,,,25.9,31.2,13.2,,,
2021-02-13,,,20.9,27.6,12.3,,,
2021-02-14,,,10.9,18.2,8.8,,,
2021-02-15,,,12.7,20.0,10.3,,,
2021-02-16,,,15.6,20.4,7.6,,,
2021-02-17,,,26.5,54.0,14.0,,,
2021-02-18,,,22.6,42.6,13.7,,,
2021-02-19,,,9.3,37.8,11.2,,,
2021-02-20,,,20.0,55.4,20.3,,,
2021-02-21,,,7.9,24.2,9.0,,,
2021-02-22,,,11.9,21.0,11.9,,,
2021-02-23,,,20.8,38.2,16.5,,,
2021-02-24,,,30.6,44.2,13.1,,,
2021-02-25,,,33.4,37.5,21.5,,,
2021-02-26,,,47.8,52.8,32.9,,,
2021-02-27,,,52.3,62.0,29.7,,,
2021-02-28,,,47.9,53.7,37.2,,,
2021-03-01,,,35.1,41.1,26.7,,,
2021-03-02,,,26.9,32.6,26.0,,,
2021-03-03,,,23.3,32.9,18.1,,,
2021-03-04,,,17.1,37.9,14.7,,,
2021-03-05,,,18.5,32.2,14.7,,,
2021-03-06,,,26.0,28.2,17.2,,,
2021-03-07,,,23.5,25.8,18.7,,,
2021-03-08,,,26.9,36.1,19.6,,,
2021-03-09,,,37.9,48.4,26.5,,,
2021-03-10,,,28.0,35.3,18.3,,,
2021-03-11,,,20.6,26.7,13.1,,,
2021-03-12,,,24.2,30.8,11.1,,,
2021-03-13,,,23.8,31.1,12.3,,,
2021-03-14,,,23.1,29.1,13.9,,,
2021-03-15,,,29.7,38.9,16.3,,,
2021-03-16,,,20.8,27.3,15.1,,,
2021-03-17,,,15.9,21.7,11.7,,,
2021-03-18,,,19.3,25.6,13.9,,,
2021-03-19,,,17.1,21.0,9.3,,,
2021-03-20,,,23.2,32.6,16.7,,,
2021-03-21,,,25.2,28.0,13.6,,,
2021-03-22,,,16.5,20.4,9.3,,,
2021-03-23,,,13.9,19.0,10.8,,,
2021-03-24,,,18.0,25.1,12.5,,,
2021-03-25,,,19.3,27.4,11.7,,,
2021-03-26,,,25.6,35.9,,,,
2021-03-27,,,16.8,29.5,9.4,,,
2021-03-28,,,18.0,25.6,15.9,,,
2021-03-29,,,17.2,23.5,13.0,,,
2021-03-30,,,22.9,34.7,14.0,,,
2021-03-31,,,25.1,35.6,16.3,,,
2021-04-01,,,24.3,38.6,13.0,,,
2021-04-02,,,24.1,30.0,18.4,,,
2021-04-03,,,49.1,58.5,33.6,,,
2021-04-04,,,38.0,39.8,27.9,,,
2021-04-05,,,25.9,31.8,17.0,,,
2021-04-06,,,27.7,36.9,18.8,,,
2021-04-07,,,29.5,40.9,22.8,,,
2021-04-08,,,20.1,24.4,15.1,,,
2021-04-09,,,14.5,16.3,11.4,,,
2021-04-10,,,17.2,23.6,15.1,,,
2021-04-11,,,20.2,27.6,17.2,,,
2021-04-12,,,27.1,35.1,18.5,,,
2021-04-13,,,34.0,45.2,22.7,,,
2021-04-14,,,31.6,35.6,23.7,,,
2021-04-15,,,21.6,30.5,19.3,,,
2021-04-16,,,25.5,27.5,20.4,,,
2021-04-17,,,29.8,35.2,21.8,,,
2021-04-18,,,18.9,20.7,12.2,,,
2021-04-19,,,21.4,27.2,13.6,,,
2021-04-20,,,23.1,28.0,13.9,,,
2021-04-21,,,19.6,36.0,15.1,,,
2021-04-22,,,38.9,55.0,29.9,,,
2021-04-23,,,47.6,53.7,30.4,,,
2021-04-24,,,17.5,25.9,13.6,,,
2021-04-25,,,22.4,25.7,13.2,,,
2021-04-26,,,20.8,36.5,16.9,,,
2021-04-27,,,47.1,51.4,33.6,,,
2021-04-28,,,35.5,46.0,25.8,,,
2021-04-29,,,45.2,54.8,35.2,,,
2021-04-30,,,47.3,53.3,49.7,,,
2021-05-01,,,49.2,55.0,54.9,,,
2021-05-02,,,43.2,47.1,30.9,,,
2021-05-03,,,25.7,34.4,21.1,,,
2021-05-04,,,20.3,27.7,15.7,,,
2021-05-05,,,23.6,39.8,22.8,,,
2021-05-06,,,25.9,34.6,17.2,,,
2021-05-07,,,24.6,35.4,19.6,,,
2021-05-08,,,38.5,44.5,28.1,,,
2021-05-09,,,22.6,28.6,18.7,,,
2021-05-10,,,24.5,35.5,23.1,,,
2021-05-11,,,24.8,33.4,24.7,,,
2021-05-12,,,36.2,50.2,20.5,,,
2021-05-13,,,30.7,36.6,18.7,,,
2021-05-14,,,16.4,27.1,14.2,,,
2021-05-15,,,31.9,41.6,24.9,,,
2021-05-16,,,27.3,22.2,16.6,,,
2021-05-17,,,26.0,34.3,16.8,,,
2021-05-18,,,23.5,33.5,20.9,,,
2021-05-19,,,34.7,43.6,22.9,,,
2021-05-20,,,34.1,55.3,21.0,,,
2021-05-21,,,19.0,26.7,17.3,,,
2021-05-22,,,19.1,29.8,15.4,,,
2021-05-23,,,14.3,22.0,11.6,,,
2021-05-24,,,17.7,24.2,14.7,,,
2021-05-25,,,28.3,38.9,25.1,,,
2021-05-26,,,25.0,30.9,22.3,,,
2021-05-27,,,23.6,28.9,19.3,,,
2021-05-28,,,22.3,28.6,20.1,,,
2021-05-29,,,18.0,27.8,25.4,,,
2021-05-30,,,23.1,33.1,21.1,,,
2021-05-31,,,24.8,35.8,24.7,,,
2021-06-01,,,18.0,28.9,22.9,,,
2021-06-02,,,13.8,33.2,20.5,,,
2021-06-03,,,11.4,24.4,18.2,,,
2021-06-04,,,12.3,26.6,17.5,,,
2021-06-05,,,29.6,35.8,15.8,,,
2021-06-06,,,14.9,29.2,19.5,,,
2021-06-07,,,21.2,34.7,22.7,,,
2021-06-08,,,28.0,38.1,23.6,,,
2021-06-09,,,22.4,35.2,21.9,,,
2021-06-10,,,17.6,28.7,17.2,,,
2021-06-11,,,22.9,33.0,20.2,,,
2021-06-12,,,25.2,33.4,18.8,,,
2021-06-13,,,20.2,24.7,19.0,,,
2021-06-14,,,22.2,31.9,16.6,,,
2021-06-15,,,16.8,25.3,18.6,,,
2021-06-16,,,15.7,26.5,19.0,,,
2021-06-17,,,19.3,24.8,16.6,,,
2021-06-18,,,15.8,24.9,14.8,,,
2021-06-19,,,22.5,24.4,10.8,,,
2021-06-20,,,21.3,28.5,13.4,,,
2021-06-21,,,46.9,75.9,60.0,,,
2021-06-22,,,80.7,109.7,95.5,,,
2021-06-23,,,109.4,133.0,110.3,,,
2021-06-24,,,112.7,129.9,107.5,,,
2021-06-25,,,104.6,126.2,90.8,,,
2021-06-26,,,103.8,111.1,79.6,,,
2021-06-27,,,73.1,83.6,71.1,,,
2021-06-28,,,75.9,93.5,86.4,,,
2021-06-29,,,79.3,91.8,82.0,,,
2021-06-30,,,106.1,116.2,95.0,,,
2021-07-01,,,75.3,82.8,43.9,,,
2021-07-02,,,32.1,38.2,27.2,,,
2021-07-03,,,32.5,37.2,20.3,,,
2021-07-04,,,25.1,26.7,18.6,,,
2021-07-05,,,36.6,48.3,24.2,,,
2021-07-06,,,23.4,28.5,21.7,,,
2021-07-07,,,24.2,29.9,17.5,,,
2021-07-08,,,25.5,31.4,14.4,,,
2021-07-09,,,30.8,39.2,17.3,,,
2021-07-10,,,28.0,37.9,21.9,,,
2021-07-11,,,23.3,27.4,20.7,,,
2021-07-12,,,34.2,43.3,22.8,,,
2021-07-13,,,26.8,32.0,19.2,,,
2021-07-14,,,40.6,46.5,29.7,,,
2021-07-15,,,27.9,39.4,23.3,,,
2021-07-16,,,32.0,42.3,18.8,,,
2021-07-17,,,40.7,48.5,18.9,,,
2021-07-18,,,32.2,41.3,20.2,,,
2021-07-19,,,22.9,40.3,21.9,,,
2021-07-20,,,24.9,26.6,23.8,,,
2021-07-21,,,21.0,22.6,16.9,,,
2021-07-22,,,23.8,28.0,17.6,,,
2021-07-23,,,24.3,28.4,20.1,,,
2021-07-24,,,26.9,26.1,15.4,,,
2021-07-25,,,20.3,25.8,15.5,,,
2021-07-26,,,14.4,25.0,18.7,,,
2021-07-27,,,19.9,25.4,16.6,,,
2021-07-28,,,25.9,31.3,22.7,,,
2021-07-29,,,41.0,48.1,16.4,,,
2021-07-30,,,47.2,,23.8,,,
2021-07-31,,,51.1,56.3,42.3,,,
2021-08-01,,,62.6,65.9,50.5,,,
2021-08-02,,,63.1,65.5,35.2,,,
2021-08-03,,,45.0,54.6,,,,
2021-08-04,,,47.6,68.5,,,,
2021-08-05,,,57.3,66.1,,,,
2021-08-06,,,23.1,32.5,18.7,,,
2021-08-07,,,13.7,24.3,19.5,,,
2021-08-08,,,14.3,30.5,21.4,,,
2021-08-09,,,18.0,26.6,15.4,,,
2021-08-10,,,37.2,40.7,18.8,,,
2021-08-11,,,74.7,79.4,34.4,,,
2021-08-12,,,40.8,50.4,47.9,,,
2021-08-13,,,29.1,34.6,30.0,,,
2021-08-14,,,33.8,38.0,31.1,,,
2021-08-15,,,38.9,43.9,35.7,,,
2021-08-16,,,35.7,44.9,54.4,,,
2021-08-17,,,33.1,37.3,19.4,,,
2021-08-18,,,39.3,46.8,26.6,,,
2021-08-19,,,36.3,35.6,27.0,,,
2021-08-20,,,25.9,26.5,17.9,,,
2021-08-21,,,23.9,26.1,21.7,,,
2021-08-22,,,24.0,22.9,21.1,,,
2021-08-23,,,28.9,28.0,14.5,,,
2021-08-24,,,24.2,24.4,11.8,,,
2021-08-25,,,28.3,31.9,22.1,,,
2021-08-26,,,42.9,50.0,34.8,,,
2021-08-27,,,29.0,32.3,17.0,,,
2021-08-28,,,25.0,25.8,14.5,,,
2021-08-29,,,25.1,29.1,16.4,,,
2021-08-30,,,26.8,24.8,20.0,,,
2021-08-31,,,27.3,28.9,16.5,,,
2021-09-01,,,25.0,24.0,17.0,,,
2021-09-02,,,14.9,20.5,16.6,,,
2021-09-03,,,14.8,21.4,13.4,,,
2021-09-04,,,19.0,36.7,16.8,,,
2021-09-05,,,28.1,45.9,23.1,,,
2021-09-06,,,22.0,24.7,14.6,,,
2021-09-07,,,20.0,20.0,13.5,,,
2021-09-08,,,21.1,23.0,11.0,,,
2021-09-09,,,17.7,35.9,16.5,,,
2021-09-10,,,18.2,35.8,17.2,,,
2021-09-11,,,31.2,43.4,18.0,,,
2021-09-12,,,15.7,19.6,11.4,,,
2021-09-13,,,22.6,26.0,15.8,,,
2021-09-14,,,29.9,35.2,18.3,,,
2021-09-15,,,28.6,33.3,13.5,,,
2021-09-16,,,24.9,35.5,18.1,,,
2021-09-17,,,25.1,33.7,19.2,,,
2021-09-18,,,37.9,32.3,23.3,,,
2021-09-19,,,40.0,42.6,30.5,,,
2021-09-20,,,38.9,48.8,27.6,,,
2021-09-21,,,34.3,35.4,25.8,,,
2021-09-22,,,23.6,27.6,19.8,,,
2021-09-23,,,22.5,28.0,20.7,,,
2021-09-24,,,25.2,39.5,20.9,,,
2021-09-25,,,24.4,37.6,23.4,,,
2021-09-26,,,15.8,20.7,13.0,,,
2021-09-27,,,21.3,33.0,12.6,,,
2021-09-28,,,54.9,90.0,37.8,,,
2021-09-29,,,38.6,52.8,31.2,,,
2021-09-30,,,24.3,41.5,19.2,,,
2021-10-01,,,22.3,35.0,22.2,,,
2021-10-02,,,14.5,34.0,12.7,,,
2021-10-03,,,11.5,35.8,12.5,,,
2021-10-04,,,9.5,34.1,10.6,,,
2021-10-05,,,13.1,34.6,13.0,,,
2021-10-06,,,28.9,59.3,19.8,,,
2021-10-07,,,27.1,50.8,14.9,,,
2021-10-08,,,20.6,43.2,10.4,,,
2021-10-09,,,22.7,37.8,11.3,,,
2021-10-10,,,14.9,30.1,8.8,,,
2021-10-11,,,24.8,57.8,12.6,,,
2021-10-12,,,20.4,44.5,10.6,,,
2021-10-13,,,24.5,36.0,14.9,,,
2021-10-14,,,18.8,29.4,10.1,,,
2021-10-15,,,17.8,30.2,12.2,,,
2021-10-16,,,24.4,32.8,14.9,,,
2021-10-17,,,22.4,33.3,10.1,,,
2021-10-18,,,22.5,66.4,10.2,,,
2021-10-19,,,11.6,24.8,11.9,,,
2021-10-20,,,16.9,32.7,12.2,,,
2021-10-21,,,18.1,45.0,11.4,,,
2021-10-22,,,23.9,41.8,20.8,,,
2021-10-23,,,35.1,47.8,24.5,,,
2021-10-24,,,64.0,69.9,42.4,,,
2021-10-25,,,18.9,37.0,,,,
2021-10-26,,,22.9,34.2,,,,
2021-10-27,,,25.6,27.9,15.3,,,
2021-10-28,,,21.1,23.0,14.6,,,
2021-10-29,,,14.4,18.2,13.0,,,
2021-10-30,,,21.5,26.9,11.6,,,
2021-10-31,,,23.8,35.3,11.9,,,
2021-11-01,,,20.9,26.9,,,,
2021-11-02,,,25.2,40.3,,,,
2021-11-03,,,36.0,63.3,,,,
2021-11-04,,,69.1,89.3,,,,
2021-11-05,,,51.4,67.5,,,,
2021-11-06,,,42.4,64.6,,,,
2021-11-07,,,34.1,47.7,,,,
2021-11-08,,,29.8,51.6,,,,
2021-11-09,,,26.1,44.0,,,,
2021-11-10,,,25.1,44.2,19.6,,,
2021-11-11,,,29.4,49.0,17.1,,,
2021-11-12,,,37.8,62.5,8.8,,,
2021-11-13,,,34.5,76.0,13.4,,,
2021-11-14,,,21.8,49.2,15.4,,,
2021-11-15,,,15.9,47.0,11.1,,,
2021-11-16,,,23.7,65.2,19.2,,,
2021-11-17,,,34.6,49.1,22.4,,,
2021-11-18,,,29.7,39.7,8.1,,,
2021-11-19,,,22.6,42.6,11.7,,,
2021-11-20,,,31.8,43.3,11.2,,,
2021-11-21,,,15.3,32.2,8.2,,,
2021-11-22,,,20.1,40.6,12.7,,,
2021-11-23,,,27.0,54.0,,,,
2021-11-24,,,24.1,72.5,10.2,,,
2021-11-25,,,16.4,31.9,10.3,,,
2021-11-26,,,16.9,34.2,9.2,,,
2021-11-27,,,43.2,52.6,31.5,,,
2021-11-28,,,16.8,19.4,16.0,,,
2021-11-29,,,15.9,22.5,,,,
2021-11-30,,,24.9,32.9,,,,
2021-12-01,,,28.9,50.8,11.2,,,
2021-12-02,,,62.9,78.4,59.0,,,
2021-12-03,,,54.7,64.2,,,,
2021-12-04,,,19.8,24.9,,,,
2021-12-05,,,21.1,24.1,12.3,,,
2021-12-06,,,13.0,16.6,7.3,,,
2021-12-07,,,20.3,32.9,,,,
2021-12-08,,,32.9,46.7,40.4,,,
2021-12-09,,,41.9,45.8,,,,
2021-12-10,,,27.8,51.3,9.0,,,
2021-12-11,,,20.7,21.3,,,,
2021-12-12,,,21.4,25.2,,,,
2021-12-13,,,11.9,18.5,11.3,,,
2021-12-14,,,19.3,34.3,9.1,,,
2021-12-15,,,21.8,49.4,8.0,,,
2021-12-16,,,36.0,70.0,9.0,,,
2021-12-17,,,28.4,55.8,8.2,,,
2021-12-18,,,19.2,25.8,4.3,,,
2021-12-19,,,15.6,25.7,4.2,,,
2021-12-20,,,27.6,44.1,6.8,,,
2021-12-21,,,28.0,45.5,7.8,,,
2021-12-22,,,24.9,36.9,9.3,,,
2021-12-23,,,13.9,18.8,9.5,,,
2021-12-24,,,15.7,37.9,7.3,,,
2021-12-25,,,29.9,38.5,22.0,,,
2021-12-26,,,35.0,37.7,23.3,,,
2021-12-27,,,30.8,36.0,17.8,,,
2021-12-28,,,30.9,34.6,22.2,,,
2021-12-29,,,38.2,41.6,27.6,,,
2021-12-30,,,30.1,41.9,23.8,,,
2021-12-31,,,23.5,30.5,13.4,,,
2022-01-01,,,22.0,26.5,15.2,,23.2,
2022-01-02,,,21.3,23.8,14.4,,20.1,
2022-01-03,,,19.0,24.2,10.1,,13.6,
2022-01-04,,,22.1,27.2,13.7,,20.5,
2022-01-05,,,24.8,30.9,17.2,,24.0,
2022-01-06,,,31.7,42.6,19.9,,32.0,
2022-01-07,,,13.5,17.8,8.5,,12.3,
2022-01-08,,,13.8,18.2,9.2,,14.2,
2022-01-09,,,17.1,19.5,10.6,,16.9,
2022-01-10,,,13.2,19.0,,,14.8,
2022-01-11,,,14.8,19.6,,,16.1,
2022-01-12,,,22.8,34.8,,,26.2,
2022-01-13,,,17.3,17.4,,,25.4,
2022-01-14,,,26.3,32.4,,,23.4,
2022-01-15,,,28.4,43.1,,,17.4,
2022-01-16,,,22.0,40.8,,,19.5,
2022-01-17,,,23.3,42.0,,,,
2022-01-18,,,25.5,39.9,,,19.9,
2022-01-19,,,14.2,35.9,12.3,,26.7,
2022-01-20,,,19.7,46.3,9.6,,21.2,
2022-01-21,,,23.4,42.5,11.1,,15.6,
2022-01-22,,,19.4,29.4,10.6,,18.7,
2022-01-23,,,13.7,19.8,7.0,,13.5,
2022-01-24,,,15.6,23.5,8.2,,15.2,
2022-01-25,,,18.8,27.0,10.1,,25.3,
2022-01-26,,,24.1,43.6,7.7,,15.0,
2022-01-27,,,19.9,38.8,9.0,,12.8,
2022-01-28,,,20.4,32.1,8.4,,13.4,
2022-01-29,,,15.0,22.4,10.8,,16.8,
2022-01-30,,,19.0,23.0,11.8,,20.5,
2022-01-31,,,26.8,31.3,14.5,,22.7,
2022-02-01,,,22.1,28.0,19.2,,21.2,
2022-02-02,,,20.0,33.8,18.4,,23.2,
2022-02-03,,,24.2,41.2,19.9,,25.4,
2022-02-04,,,34.5,47.6,20.6,,31.5,
2022-02-05,,,,60.2,42.6,,49.3,
2022-02-06,,,27.3,28.5,18.3,,25.7,
2022-02-07,,,32.8,36.5,20.2,,27.2,
2022-02-08,,,24.3,29.0,17.3,,27.3,
2022-02-09,,,24.7,32.6,11.6,,20.1,
2022-02-10,,,23.5,29.5,10.9,,18.7,
2022-02-11,,,26.0,33.0,8.5,,20.0,
2022-02-12,,,30.4,41.2,12.4,,23.7,
2022-02-13,,,23.4,34.5,12.8,,21.8,
2022-02-14,,,11.2,35.0,8.8,,21.1,
2022-02-15,,,22.4,35.8,16.8,,28.2,
2022-02-16,,,22.0,27.6,11.1,,17.5,
2022-02-17,,,18.4,29.8,9.5,,14.1,
2022-02-18,,,29.9,43.5,18.0,,24.1,
2022-02-19,,,19.3,23.8,12.2,,19.0,
2022-02-20,,,30.2,31.2,18.4,,26.2,
2022-02-21,,,34.1,38.5,18.2,,29.3,
2022-02-22,,,29.6,37.8,19.8,,28.9,
2022-02-23,,,18.1,25.5,11.9,,17.3,
2022-02-24,,,23.3,37.4,12.9,,23.9,
2022-02-25,,,22.4,42.2,13.7,,23.4,
2022-02-26,,,33.4,37.5,17.7,,25.7,
2022-02-27,,,23.5,24.8,12.5,,19.4,
2022-02-28,,,20.8,24.5,10.7,,47.1,
2022-03-01,,,16.0,22.5,8.0,,13.2,
2022-03-02,,,17.3,24.5,11.0,,15.0,
2022-03-03,,,21.7,29.9,11.0,,18.3,
2022-03-04,,,22.7,36.6,14.5,,20.2,
2022-03-05,,,23.6,32.0,11.6,,18.2,
2022-03-06,,,20.4,24.3,12.4,,20.3,
2022-03-07,,,21.2,29.3,8.9,,15.7,
2022-03-08,,,18.0,23.0,11.5,,14.8,
2022-03-09,,,15.2,19.4,11.1,,12.9,
2022-03-10,,,18.7,21.3,9.8,,14.5,
2022-03-11,,,23.3,34.7,13.0,,19.4,
2022-03-12,,,15.4,33.5,12.6,,21.7,
2022-03-13,,,12.7,16.5,9.8,,14.9,
2022-03-14,,,13.3,19.9,9.1,,22.4,
2022-03-15,,,12.9,23.4,11.7,,23.1,
2022-03-16,,,16.1,28.4,15.9,,29.7,
2022-03-17,,,21.2,34.0,17.8,,32.3,
2022-03-18,,,27.7,33.0,20.4,,38.1,
2022-03-19,,,30.3,37.9,24.1,,45.1,
2022-03-20,,,16.3,20.0,12.8,,22.8,
2022-03-21,,,15.3,17.5,12.0,,19.5,
2022-03-22,,,19.9,21.3,14.2,,20.0,
2022-03-23,,,21.0,29.1,13.4,,19.5,
2022-03-24,,,32.3,47.4,19.6,,31.1,
2022-03-25,,,16.7,32.9,13.8,,24.9,
2022-03-26,,,21.7,32.6,19.5,,30.1,
2022-03-27,,,43.1,59.0,35.9,,50.5,
2022-03-28,,,67.5,74.8,45.3,,60.2,
2022-03-29,,,53.8,68.6,41.0,,58.9,
2022-03-30,,,66.8,92.8,60.5,,84.8,
2022-03-31,,,99.0,107.3,71.2,,94.2,
2022-04-01,,,25.0,28.2,14.2,,23.3,
2022-04-02,,,22.3,25.4,15.1,,18.3,
2022-04-03,,,21.9,23.9,19.6,,23.3,
2022-04-04,,,24.3,23.4,17.3,,30.1,
2022-04-05,,,29.7,30.3,17.2,,32.1,
2022-04-06,,,39.4,56.4,27.2,,56.8,
2022-04-07,,,34.3,41.5,20.5,,30.6,
2022-04-08,,,24.4,29.6,16.1,,21.3,
2022-04-09,,,19.2,31.6,12.8,,17.9,
2022-04-10,,,28.4,32.9,19.5,,25.6,
2022-04-11,,,17.3,22.8,15.3,,27.4,
2022-04-12,,,13.6,21.0,14.4,,22.5,
2022-04-13,,,19.0,21.4,13.7,,25.2,
2022-04-14,,,28.9,32.9,20.5,,38.8,
2022-04-15,,,38.3,34.7,22.0,,43.4,
2022-04-16,,,38.8,38.1,22.0,,41.7,
2022-04-17,,,24.7,28.9,20.8,,26.3,
2022-04-18,,,21.4,27.7,17.0,,22.4,
2022-04-19,,,23.4,25.8,15.2,,22.1,
2022-04-20,,,30.5,44.3,28.8,,39.3,
2022-04-21,,,113.1,141.9,82.2,,133.1,
2022-04-22,,,27.2,32.5,15.7,,23.6,
2022-04-23,,,22.7,28.5,16.7,,23.4,
2022-04-24,,,31.4,34.1,29.5,,33.1,
2022-04-25,,,38.9,42.2,18.1,,31.7,
2022-04-26,,,42.6,43.0,31.0,,35.7,
2022-04-27,,,34.0,36.9,30.5,,40.5,
2022-04-28,,,30.9,34.0,20.8,,32.6,
2022-04-29,,,26.7,31.7,18.2,,27.8,
2022-04-30,,,21.9,29.1,14.3,,24.1,
2022-05-01,,,21.4,26.7,18.8,,27.4,
2022-05-02,,,29.5,33.9,21.1,,26.2,
2022-05-03,,,24.6,28.8,14.0,,24.2,
2022-05-04,,,18.9,28.9,18.1,,33.8,
2022-05-05,,,27.2,41.7,32.1,,46.4,
2022-05-06,,,48.4,63.3,32.0,,46.3,
2022-05-07,,,23.7,24.9,15.4,,23.2,
2022-05-08,,,20.9,24.5,15.9,,23.2,
2022-05-09,,,21.2,32.5,13.4,,21.2,
2022-05-10,,,21.0,36.2,15.1,,25.9,
2022-05-11,,,27.5,39.5,16.6,,28.8,
2022-05-12,,,35.5,44.6,35.3,,34.4,
2022-05-13,,,43.3,43.4,19.7,,27.7,
2022-05-14,,,29.6,32.0,18.8,,26.7,
2022-05-15,,,16.6,22.3,13.0,,21.4,
2022-05-16,,,23.9,32.1,22.8,,28.9,
2022-05-17,,,25.1,29.9,20.2,,31.2,
2022-05-18,,,27.5,34.8,16.9,,25.7,
2022-05-19,,,29.3,31.7,22.5,,32.8,
2022-05-20,,,34.7,35.8,27.3,,36.9,
2022-05-21,,,26.4,30.8,19.0,,25.3,
2022-05-22,,,18.8,20.3,10.9,,16.6,
2022-05-23,,,24.8,27.4,10.3,,23.0,
2022-05-24,,,16.7,27.3,17.7,,34.8,
2022-05-25,,,17.8,28.9,23.7,,31.5,
2022-05-26,,,18.5,29.7,22.4,,33.8,
2022-05-27,,,35.4,44.5,30.9,,45.8,
2022-05-28,,,22.5,26.0,14.7,,19.9,
2022-05-29,,,23.9,25.8,18.5,,22.9,
2022-05-30,,,18.1,32.9,20.7,,35.0,
2022-05-31,,,30.2,42.7,31.8,,45.4,
2022-06-01,,,42.0,54.6,41.4,,48.6,
2022-06-02,,,39.3,45.4,34.7,,45.7,
2022-06-03,,,38.8,47.9,25.0,,41.2,
2022-06-04,,,35.7,49.3,27.1,,37.2,
2022-06-05,,,28.7,31.0,20.6,,28.9,
2022-06-06,,,53.4,53.5,29.0,,37.4,
2022-06-07,,,30.3,32.5,26.4,,31.2,
2022-06-08,,,26.7,29.6,21.1,,28.7,
2022-06-09,,,31.3,32.3,18.7,,25.8,
2022-06-10,,,44.8,49.2,25.0,,41.4,
2022-06-11,,,25.9,31.2,23.7,,30.0,
2022-06-12,,,24.3,24.3,19.5,,24.6,
2022-06-13,,,24.3,28.3,17.5,,22.8,
2022-06-14,,,23.4,25.6,16.4,,24.6,
2022-06-15,,,22.7,24.2,9.5,,24.4,
2022-06-16,,,23.1,30.0,9.2,,19.8,
2022-06-17,,,27.4,23.3,10.4,,20.2,
2022-06-18,,,20.1,23.4,16.7,,24.6,
2022-06-19,,,20.2,24.6,16.5,,26.7,
2022-06-20,,,20.1,23.9,15.9,,25.7,
2022-06-21,,,23.9,25.9,12.7,,22.3,
2022-06-22,,,25.6,25.0,10.6,,16.8,
2022-06-23,,,31.4,29.6,10.0,,18.7,
2022-06-24,,,41.2,47.7,20.6,,27.2,
2022-06-25,,,37.5,53.3,30.5,,46.3,
2022-06-26,,,49.8,73.9,74.1,,74.8,
2022-06-27,,,68.9,88.4,83.4,,91.7,
2022-06-28,,,91.6,104.2,79.9,,101.8,
2022-06-29,,,69.4,73.9,40.7,,65.2,
2022-06-30,,,56.5,68.5,43.2,,56.3,
2022-07-01,,,56.2,77.2,54.8,,63.4,
2022-07-02,,,62.5,77.6,41.4,,56.1,
2022-07-03,,,52.8,57.1,38.9,,49.2,
2022-07-04,,,46.7,55.1,28.8,,43.5,
2022-07-05,,,42.5,49.2,20.2,,31.6,
2022-07-06,,,54.0,57.3,38.7,,49.1,
2022-07-07,,,46.6,52.0,30.4,,38.9,
2022-07-08,,,48.7,56.2,25.9,,38.6,
2022-07-09,,,18.3,21.7,16.0,,20.4,
2022-07-10,,,20.0,22.0,16.3,,23.2,
2022-07-11,,,20.1,25.4,14.0,,21.4,
2022-07-12,,,18.7,22.6,12.3,,21.3,
2022-07-13,,,20.1,21.6,12.6,,25.9,
2022-07-14,,,17.1,22.3,12.4,,21.4,
2022-07-15,,,28.9,23.7,11.4,,17.6,
2022-07-16,,,19.6,23.7,9.1,,19.9,
2022-07-17,,,18.6,24.3,12.2,,21.1,
2022-07-18,,,23.2,27.8,13.8,,24.2,
2022-07-19,,,26.3,29.2,21.2,,29.9,
2022-07-20,,,23.1,26.8,19.7,,29.3,
2022-07-21,,,28.4,27.8,18.9,,29.1,
2022-07-22,,,26.8,28.2,14.8,,28.6,
2022-07-23,,,26.9,25.6,13.2,,23.5,
2022-07-24,,,22.0,22.0,15.0,,19.9,
2022-07-25,,,32.3,33.5,15.7,,24.0,
2022-07-26,,,29.3,30.9,17.7,,22.6,
2022-07-27,,,34.5,34.7,19.8,,29.6,
2022-07-28,,,33.4,34.5,22.7,,29.9,
2022-07-29,,,33.6,33.0,20.8,,32.3,
2022-07-30,,,31.7,29.7,17.5,,24.8,
2022-07-31,,,25.4,27.6,20.1,,26.5,
2022-08-01,,,21.8,25.5,16.8,,25.8,
2022-08-02,,,23.0,25.1,15.2,,23.6,
2022-08-03,,,22.7,23.5,15.9,,26.9,
2022-08-04,,,26.6,33.0,18.6,,26.5,
2022-08-05,,,26.0,31.7,13.0,,24.7,
2022-08-06,,,22.5,27.5,14.4,,18.1,
2022-08-07,,,24.3,25.9,16.0,,24.1,
2022-08-08,,,27.1,34.5,22.6,,29.9,
2022-08-09,,,34.4,32.0,18.9,,29.8,
2022-08-10,,,20.9,30.9,17.9,,31.2,
2022-08-11,,,21.4,37.6,15.2,,32.4,
2022-08-12,,,28.0,39.7,13.7,,26.2,
2022-08-13,,,22.3,26.2,12.9,,19.5,
2022-08-14,,,20.6,23.7,14.2,,19.8,
2022-08-15,,,18.2,23.8,14.7,,27.6,
2022-08-16,,,23.3,29.3,18.5,,30.2,
2022-08-17,,,39.4,47.4,35.4,,42.3,
2022-08-18,,,36.3,51.1,40.3,,53.9,
2022-08-19,,,48.6,56.2,28.6,,43.0,
2022-08-20,,,28.4,36.6,18.4,,27.5,
2022-08-21,,,23.8,27.2,19.4,,24.7,
2022-08-22,,,23.7,27.5,17.4,,22.9,
2022-08-23,,,24.0,23.3,,,21.8,
2022-08-24,,,22.4,24.6,15.5,,20.3,
2022-08-25,,,19.8,21.6,12.0,,18.7,
2022-08-26,,,18.9,22.8,11.4,,18.9,
2022-08-27,,,18.4,21.4,10.2,,17.8,
2022-08-28,,,20.6,24.2,12.1,,23.6,
2022-08-29,,,31.3,36.3,21.5,,32.8,
2022-08-30,,,24.8,27.3,16.5,,27.8,
2022-08-31,,,18.6,23.1,8.8,,18.0,
2022-09-01,,,24.7,26.8,13.3,,20.2,
2022-09-02,,,30.5,35.7,22.3,,28.9,
2022-09-03,,,26.2,30.7,20.9,,30.6,
2022-09-04,,,27.7,32.1,17.9,,28.0,
2022-09-05,,,30.7,38.9,28.4,,38.8,
2022-09-06,,,15.9,31.0,16.4,,23.7,
2022-09-07,,,17.1,26.3,13.1,,24.3,
2022-09-08,,,17.4,20.3,10.9,,21.6,
2022-09-09,,,23.3,30.7,18.9,,30.5,
2022-09-10,,,39.2,46.8,28.0,,39.8,
2022-09-11,,,21.3,25.4,14.3,,20.4,
2022-09-12,,,22.5,32.5,11.3,,22.9,
2022-09-13,,,20.1,32.2,11.6,,23.1,
2022-09-14,,,20.7,30.3,15.3,,24.4,
2022-09-15,,,22.5,28.1,20.5,,24.7,
2022-09-16,,,17.1,28.3,21.8,,23.0,
2022-09-17,,,29.0,35.6,31.8,,28.0,
2022-09-18,,,28.1,31.2,18.8,,27.4,
2022-09-19,,,26.6,39.9,15.5,,28.4,
2022-09-20,,,31.0,42.1,15.3,,28.4,
2022-09-21,,,22.4,27.0,15.9,,22.2,
2022-09-22,,,13.7,21.5,11.0,,22.4,
2022-09-23,,,14.7,28.2,,,22.5,
2022-09-24,,,15.6,32.1,12.8,,29.1,
2022-09-25,,,15.4,32.6,12.1,,23.1,
2022-09-26,,,29.0,40.4,20.5,,34.7,
2022-09-27,,,24.4,30.5,13.2,,19.7,
2022-09-28,,,20.8,28.3,11.1,,17.0,
2022-09-29,,,27.8,28.4,10.4,,19.4,
2022-09-30,,,22.8,41.0,20.6,,36.5,
2022-10-01,,,39.6,47.7,21.6,,37.5,
2022-10-02,,,18.0,23.1,14.5,,19.5,
2022-10-03,,,23.6,31.0,15.9,,22.1,
2022-10-04,,,17.6,28.3,14.2,,27.0,
2022-10-05,,,17.6,29.3,28.4,,30.6,
2022-10-06,,,21.8,31.1,15.8,,29.0,
2022-10-07,,,20.5,36.5,15.9,,26.1,
2022-10-08,,,17.8,35.0,12.1,,22.5,
2022-10-09,,,13.8,22.4,9.5,,18.3,
2022-10-10,,,24.5,46.8,16.0,,29.2,
2022-10-11,,,34.5,63.6,19.0,,40.6,
2022-10-12,,,22.4,40.1,18.3,,32.5,
2022-10-13,,,24.4,48.4,17.7,,32.0,
2022-10-14,,,23.6,36.6,13.3,,20.8,
2022-10-15,,,18.6,27.7,11.8,,19.4,
2022-10-16,,,17.8,32.3,13.4,,24.4,
2022-10-17,,,19.3,36.7,18.6,,30.0,
2022-10-18,,,23.1,37.8,17.5,,26.3,
2022-10-19,,,29.2,53.0,14.9,,28.1,
2022-10-20,,,30.8,59.4,13.3,,29.5,
2022-10-21,,,26.3,48.3,16.6,,30.6,
2022-10-22,,,25.6,42.3,13.4,,26.1,
2022-10-23,,,19.1,31.9,12.9,,20.4,
2022-10-24,,,29.2,38.2,19.8,,30.1,
2022-10-25,,,30.6,36.3,16.1,,23.5,
2022-10-26,,,46.9,60.9,18.8,,35.7,
2022-10-27,,,72.3,80.2,24.3,,45.4,
2022-10-28,,,55.2,74.2,40.1,,58.7,
2022-10-29,,,32.1,34.7,21.3,,33.8,
2022-10-30,,,28.8,34.2,17.6,,28.8,
2022-10-31,,,34.4,55.6,23.9,,28.0,
2022-11-01,,,29.8,48.9,,,27.3,
2022-11-02,,,30.4,40.4,,,26.6,
2022-11-03,,,27.3,37.3,,,29.0,
2022-11-04,,,27.4,42.6,,,31.0,
2022-11-05,,,20.6,23.7,,,17.1,
2022-11-06,,,18.4,23.2,,,18.2,
2022-11-07,,,24.3,31.5,,,17.7,
2022-11-08,,,24.3,44.7,,,24.8,
2022-11-09,,,19.3,67.5,,,26.7,
2022-11-10,,,19.2,53.7,,,25.8,
2022-11-11,,,15.7,31.8,,,20.2,
2022-11-12,,,19.8,25.6,,,21.1,
2022-11-13,,,17.1,53.1,,,20.4,
2022-11-14,,,18.9,64.8,,,24.5,
2022-11-15,,,26.3,68.2,,,26.2,
2022-11-16,,,37.1,57.9,,,35.8,
2022-11-17,,,32.2,50.7,,,29.5,
2022-11-18,,,31.8,47.2,,,28.7,
2022-11-19,,,62.2,74.3,,,58.5,
2022-11-20,,,35.9,37.4,,,26.1,
2022-11-21,,,17.6,25.3,,,17.9,
2022-11-22,,,29.8,36.9,,,29.0,
2022-11-23,,,19.1,23.2,,,17.8,
2022-11-24,,,29.4,37.1,,,29.8,
2022-11-25,,,39.6,53.7,,,39.3,
2022-11-26,,,15.7,24.5,9.0,,14.6,
2022-11-27,,,14.7,18.4,,,20.2,
2022-11-28,,,21.7,40.7,,,33.4,
2022-11-29,,,10.3,15.9,7.9,,14.1,
2022-11-30,,,13.2,20.3,6.4,,11.4,
2022-12-01,,,25.1,46.9,8.2,,20.4,
2022-12-02,,,13.2,40.6,10.8,,22.9,
2022-12-03,,,49.9,70.6,35.4,,58.1,
2022-12-04,,,60.8,82.9,49.8,,57.8,
2022-12-05,,,55.4,82.0,44.6,,62.2,
2022-12-06,,,49.5,107.4,35.0,,56.2,
2022-12-07,,,112.0,132.3,89.9,,107.4,
2022-12-08,,,39.2,56.8,22.5,,32.9,
2022-12-09,,,43.3,58.2,29.2,,45.8,
2022-12-10,,,57.5,70.1,42.1,,61.8,
2022-12-11,,,19.5,24.1,12.9,,18.7,
2022-12-12,,,23.4,32.8,14.8,,21.6,
2022-12-13,,,26.9,32.2,16.6,,26.7,
2022-12-14,,,29.7,38.8,19.5,,34.1,
2022-12-15,,,32.6,48.4,18.6,,29.2,
2022-12-16,,,58.3,74.1,35.7,,45.9,
2022-12-17,,,31.0,39.6,17.4,,28.1,
2022-12-18,,,23.2,30.7,15.8,,21.9,
2022-12-19,,,22.2,33.1,15.5,,28.1,
2022-12-20,,,28.6,44.7,14.1,,29.4,
2022-12-21,,,26.9,43.5,8.6,,20.5,
2022-12-22,,,29.6,39.6,14.1,,20.1,
2022-12-23,,,26.8,33.5,,,24.3,
2022-12-24,,,30.7,34.5,22.0,,30.2,
2022-12-25,,,30.6,37.1,24.4,,29.3,
2022-12-26,,,23.3,35.6,14.5,,23.8,
2022-12-27,,,21.4,29.9,12.9,,20.2,
2022-12-28,,,34.8,35.5,15.9,,26.1,
2022-12-29,,,26.6,38.8,12.9,,24.0,
2022-12-30,,,20.8,,14.1,,23.6,
2022-12-31,,,33.8,41.4,21.5,,29.7,
2023-01-01,,,28.9,39.3,20.4,,33.7,
2023-01-02,,,13.3,28.6,12.9,,26.6,
2023-01-03,,,15.9,39.1,10.0,,19.4,
2023-01-04,,,27.1,59.5,12.6,,25.6,
2023-01-05,,,33.8,51.6,13.7,,25.4,
2023-01-06,,,31.8,59.2,11.6,,30.9,
2023-01-07,,,30.4,45.3,11.2,,26.4,
2023-01-08,,,16.7,27.9,6.9,,12.8,
2023-01-09,,,31.1,49.5,17.4,,29.3,
2023-01-10,,,23.6,32.7,17.8,,23.9,
2023-01-11,,,21.0,32.5,13.0,,20.1,
2023-01-12,,,25.9,37.6,13.7,,20.8,
2023-01-13,,,27.1,40.6,9.4,,21.8,
2023-01-14,,,26.6,37.6,14.5,,21.5,
2023-01-15,,,17.8,27.6,10.8,,16.8,
2023-01-16,,,33.4,42.5,23.9,,33.0,
2023-01-17,,,99.0,114.1,73.5,,104.2,
2023-01-18,,,194.1,217.8,131.3,,201.0,
2023-01-19,,,25.7,28.1,8.6,,15.8,
2023-01-20,,,23.9,31.9,16.7,,25.6,
2023-01-21,,,20.5,32.9,12.0,,19.1,
2023-01-22,,,12.2,19.7,8.2,,12.7,
2023-01-23,,,15.0,57.7,6.2,,18.2,
2023-01-24,,,9.0,33.0,5.6,,19.7,
2023-01-25,,,24.4,66.8,8.1,,21.5,
2023-01-26,,,20.8,45.4,7.0,,23.2,
2023-01-27,,,14.6,19.3,6.3,,11.7,
2023-01-28,,,11.3,16.4,5.2,,9.9,
2023-01-29,,,10.4,26.3,6.5,,11.4,
2023-01-30,,,21.2,43.1,6.7,,17.2,
2023-01-31,,,17.9,27.6,12.6,,17.7,
2023-02-01,,,25.3,58.1,8.1,,26.1,
2023-02-02,,,23.2,41.4,11.4,,16.6,
2023-02-03,,,32.8,81.7,13.6,,35.4,
2023-02-04,,,24.3,39.4,12.7,,17.5,
2023-02-05,,,17.5,27.1,14.7,,18.3,
2023-02-06,,,16.9,34.7,10.9,,23.7,
2023-02-07,,,12.5,28.2,10.3,,25.1,
2023-02-08,,,10.9,16.4,8.0,,17.5,
2023-02-09,,,26.3,30.4,8.9,,32.0,
2023-02-10,,,17.0,,10.0,,28.4,
2023-02-11,,,22.1,,14.6,,28.9,
2023-02-12,,,24.7,,13.9,,20.9,
2023-02-13,,,18.1,,10.0,,20.1,
2023-02-14,,,24.2,,13.8,,20.7,
2023-02-15,,,29.5,47.5,11.7,,24.8,
2023-02-16,,,27.1,71.9,,,30.2,
2023-02-17,,,27.6,45.1,9.5,,21.1,
2023-02-18,,,26.8,38.8,9.2,,18.0,
2023-02-19,,,18.5,35.6,10.9,,15.4,
2023-02-20,,,31.3,54.9,17.9,,30.7,
2023-02-21,,,26.3,49.3,13.1,,26.1,
2023-02-22,,,27.2,54.4,14.5,,26.8,
2023-02-23,,,25.3,49.9,18.2,,34.5,
2023-02-24,,,22.0,46.7,23.2,,33.6,
2023-02-25,,,68.2,83.1,47.0,,84.2,
2023-02-26,,,75.4,73.2,23.7,,50.7,
2023-02-27,,,129.8,153.5,70.0,,113.5,
2023-02-28,,,123.0,146.8,89.6,,122.0,
2023-03-01,,,40.2,41.4,23.5,,34.3,
2023-03-02,,,22.3,32.2,13.9,,23.2,
2023-03-03,,,20.5,33.6,10.2,,19.4,
2023-03-04,,,16.2,21.6,9.6,,13.7,
2023-03-05,,,18.5,22.4,12.9,,17.4,
2023-03-06,,,28.0,45.6,16.7,,28.7,
2023-03-07,,,22.2,33.9,11.4,,18.3,
2023-03-08,,,20.3,26.5,12.4,,21.0,
2023-03-09,,,15.6,31.2,10.7,,19.4,
2023-03-10,,,26.3,38.6,15.3,,23.8,
2023-03-11,,,36.4,46.6,23.8,,34.8,
2023-03-12,,,35.1,40.9,25.5,,34.9,
2023-03-13,,,27.7,36.9,20.1,,28.6,
2023-03-14,,,24.7,32.1,18.9,,27.1,
2023-03-15,,,39.1,48.3,23.4,,34.8,
2023-03-16,,,23.8,32.3,19.6,,23.0,
2023-03-17,,,19.6,30.9,16.8,,28.8,
2023-03-18,,,19.9,34.5,16.2,,26.8,
2023-03-19,,,10.7,26.0,10.9,,17.1,
2023-03-20,,,14.7,28.7,12.4,,23.7,
2023-03-21,,,21.4,31.5,13.0,,22.4,
2023-03-22,,,19.7,31.9,14.0,,19.8,
2023-03-23,,,23.1,33.4,10.6,,19.9,
2023-03-24,,,24.5,32.4,12.0,,21.3,
2023-03-25,,,24.5,30.7,16.8,,21.1,
2023-03-26,,,20.0,24.4,16.1,,21.1,
2023-03-27,,,31.0,41.1,24.2,,27.6,
2023-03-28,,,34.4,43.1,,,33.4,
2023-03-29,,,18.4,30.7,17.2,,28.1,
2023-03-30,,,23.1,33.8,17.6,,22.7,
2023-03-31,,,28.6,34.5,18.9,,28.5,
2023-04-01,,,34.7,37.0,24.4,,31.2,
2023-04-02,,,22.9,26.3,19.5,,23.1,
2023-04-03,,,16.5,23.8,14.3,,18.2,
2023-04-04,,,25.8,32.1,18.9,,25.1,
2023-04-05,,,22.9,28.1,14.1,,19.8,
2023-04-06,,,19.3,32.9,13.3,,17.3,
2023-04-07,,,11.6,29.3,9.8,,18.8,
2023-04-08,,,14.8,35.7,9.3,,17.6,
2023-04-09,,,14.8,26.4,10.8,,14.4,
2023-04-10,,,16.1,23.0,12.7,,13.6,
2023-04-11,,,18.4,23.5,18.9,,15.7,
2023-04-12,,,29.4,37.4,18.2,,24.6,
2023-04-13,,,41.8,64.0,33.9,,46.8,
2023-04-14,,,25.4,34.8,17.9,,24.5,
2023-04-15,,,24.0,31.0,17.9,,24.0,
2023-04-16,,,17.7,20.2,14.1,,17.5,
2023-04-17,,,20.3,26.2,14.3,,19.9,
2023-04-18,,,24.3,28.5,16.1,,22.8,
2023-04-19,,,23.8,33.4,13.5,,24.4,
2023-04-20,,,23.2,35.2,15.6,,30.7,
2023-04-21,,,26.7,28.9,12.6,,30.2,
2023-04-22,,,17.2,21.9,9.5,,19.4,
2023-04-23,,,14.8,22.6,9.3,,17.1,
2023-04-24,,,24.6,25.5,9.3,,19.5,
2023-04-25,,,17.3,21.8,10.7,,15.5,
2023-04-26,,,22.0,26.7,14.4,,18.9,
2023-04-27,,,16.9,26.9,14.5,,23.4,
2023-04-28,,,15.4,28.3,11.7,,22.9,
2023-04-29,,,17.1,22.6,13.3,,23.1,
2023-04-30,,,23.0,33.7,17.6,,30.1,
2023-05-01,,,27.6,30.2,18.7,,26.4,
2023-05-02,,,28.4,33.7,20.6,,27.3,
2023-05-03,,,20.8,26.5,15.7,,21.0,
2023-05-04,,,16.6,27.5,14.9,,19.9,
2023-05-05,,,19.5,31.3,11.2,,21.3,
2023-05-06,,,17.2,23.7,10.1,,17.7,
2023-05-07,,,13.4,23.8,11.8,,19.4,
2023-05-08,,,18.7,32.7,13.6,,26.4,
2023-05-09,,,22.3,32.4,13.1,,23.5,
2023-05-10,,,21.0,32.6,12.7,,22.0,
2023-05-11,,,29.0,32.2,23.2,,27.6,
2023-05-12,,,16.7,33.3,13.1,,23.9,
2023-05-13,,,35.6,60.8,57.2,,54.4,
2023-05-14,,,65.7,87.4,41.0,,72.5,
2023-05-15,,,49.8,59.5,31.2,,45.9,
2023-05-16,,,26.0,32.8,18.9,,25.9,
2023-05-17,,,25.7,30.9,17.3,,25.1,
2023-05-18,,,20.1,43.5,16.8,,31.5,
2023-05-19,,,34.1,52.2,22.6,,47.4,
2023-05-20,,,63.6,79.8,36.1,,68.2,
2023-05-21,,,27.3,33.5,18.0,,25.7,
2023-05-22,,,21.3,58.7,16.7,,22.2,
2023-05-23,,,19.0,41.8,17.6,,27.9,
2023-05-24,,,23.4,36.6,18.4,,31.9,
2023-05-25,,,29.0,38.9,17.4,,32.7,
2023-05-26,,,24.5,54.1,15.6,,28.5,
2023-05-27,,,26.5,38.0,18.7,,26.9,
2023-05-28,,,31.4,40.7,17.9,,31.1,
2023-05-29,,,26.2,41.2,16.8,,24.5,
2023-05-30,,,20.8,37.1,19.0,,23.9,
2023-05-31,,,19.6,26.1,13.8,,20.2,
2023-06-01,,,22.7,52.2,17.8,,27.2,
2023-06-02,,,24.8,44.0,13.1,,25.8,
2023-06-03,,,21.1,45.5,13.2,,22.2,
2023-06-04,,,18.9,32.8,15.4,,25.4,
2023-06-05,,,27.9,42.0,15.3,,35.7,
2023-06-06,,,26.2,45.0,15.3,,34.6,
2023-06-07,,,18.7,29.1,13.3,,21.8,
2023-06-08,,,25.5,32.8,10.3,,21.6,
2023-06-09,,,19.3,32.2,13.9,,27.2,
2023-06-10,,,32.2,48.3,19.0,,29.4,
2023-06-11,,,32.0,43.6,23.4,,34.0,
2023-06-12,,,28.9,40.1,20.2,,29.5,
2023-06-13,,,24.9,39.1,15.9,,23.0,
2023-06-14,,,16.1,38.8,12.5,,26.7,
2023-06-15,,,20.3,32.5,17.0,,19.5,
2023-06-16,,,27.0,33.5,16.0,,25.2,
2023-06-17,,,26.4,33.2,21.1,,29.7,
2023-06-18,,,21.8,41.7,16.3,,26.5,
2023-06-19,,,18.3,43.1,16.6,,26.8,
2023-06-20,,,21.8,40.9,10.1,,21.4,
2023-06-21,,,19.2,32.1,8.0,,22.7,
2023-06-22,,,22.2,33.9,8.9,,21.4,
2023-06-23,,,40.6,44.3,20.3,,31.1,
2023-06-24,,,47.3,47.2,24.5,,36.2,
2023-06-25,,,29.6,31.6,,,26.3,
2023-06-26,,,26.6,52.3,25.1,,26.2,
2023-06-27,,,26.1,39.6,15.6,,22.6,
2023-06-28,,,27.7,28.2,15.2,,21.8,
2023-06-29,,,20.8,24.0,13.6,,21.5,
2023-06-30,,,20.7,45.3,15.9,,29.1,
2023-07-01,,,28.2,54.3,19.1,,26.6,
2023-07-02,,,29.5,36.1,18.3,,27.0,
2023-07-03,,,26.8,32.0,18.8,,28.9,
2023-07-04,,,22.9,33.6,17.0,,21.8,
2023-07-05,,,22.8,38.4,,,23.0,
2023-07-06,,,25.5,46.2,14.7,,25.9,
2023-07-07,,,26.0,47.6,10.1,,23.9,
2023-07-08,,,16.1,33.8,12.4,,25.6,
2023-07-09,,,12.9,30.3,11.6,,26.2,
2023-07-10,,,11.9,44.2,12.2,,22.0,
2023-07-11,,,23.5,72.5,12.2,,26.2,
2023-07-12,,,19.9,46.0,11.6,,24.5,
2023-07-13,,,20.0,29.4,11.3,,22.0,
2023-07-14,,,30.2,32.6,11.5,,23.1,
2023-07-15,,,31.2,50.5,12.9,,23.6,
2023-07-16,,,26.1,72.7,16.6,,31.8,
2023-07-17,,,34.9,65.1,28.0,,37.0,
2023-07-18,,,48.0,104.1,26.8,,46.3,
2023-07-19,,,53.3,85.7,39.7,,59.3,
2023-07-20,,,61.2,76.8,31.9,,45.8,
2023-07-21,,,55.6,90.7,34.7,,,
2023-07-22,,,117.9,100.4,,,59.2,
2023-07-23,,,47.2,67.8,,,45.7,
2023-07-24,,,60.7,94.2,36.5,,59.7,
2023-07-25,,,34.9,95.5,63.5,,71.0,
2023-07-26,,,52.3,67.9,24.2,,40.6,
2023-07-27,,,28.3,42.5,17.4,,26.4,
2023-07-28,,,23.2,35.8,16.2,,30.8,
2023-07-29,,,22.7,42.3,17.0,,31.5,
2023-07-30,,,21.2,35.2,15.2,,24.0,
2023-07-31,,,31.2,41.6,15.6,,25.7,
2023-08-01,,,29.9,36.6,16.1,,28.6,
2023-08-02,,,26.3,48.9,19.9,,23.7,
2023-08-03,,,28.8,41.5,15.1,,21.4,
2023-08-04,,,25.6,44.3,16.2,,24.3,
2023-08-05,,,40.2,89.3,28.9,,35.4,
2023-08-06,,,31.0,45.3,23.3,,28.7,
2023-08-07,,,38.6,58.4,24.9,,34.9,
2023-08-08,,,28.0,81.5,19.9,,24.5,
2023-08-09,,,28.3,48.3,15.5,,22.0,
2023-08-10,,,24.1,54.0,15.2,,19.8,
2023-08-11,,,19.7,78.8,15.0,,24.4,
2023-08-12,,,24.1,61.8,17.3,,23.6,
2023-08-13,,,22.6,46.3,18.2,,24.0,
2023-08-14,,,33.3,47.7,15.0,,24.1,
2023-08-15,,,37.0,42.7,12.7,,20.9,
2023-08-16,,,21.5,44.2,13.8,,24.5,
2023-08-17,,,26.1,33.4,13.6,,20.7,
2023-08-18,,,30.0,45.4,17.4,,24.6,
2023-08-19,,,24.5,44.8,12.9,,25.4,
2023-08-20,,,31.2,42.7,18.9,,24.5,
2023-08-21,,,30.5,61.4,22.1,,33.0,
2023-08-22,,,39.8,69.8,27.3,,34.6,
2023-08-23,,,34.5,69.6,28.0,,34.8,
2023-08-24,,,44.8,67.6,29.8,,39.7,
2023-08-25,,,45.2,71.1,26.8,,41.8,
2023-08-26,,,43.0,51.4,24.2,,37.4,
2023-08-27,,,43.9,61.6,30.8,,46.4,
2023-08-28,,,34.2,70.9,27.2,,34.6,
2023-08-29,,,21.5,35.1,12.9,,19.7,
2023-08-30,,,23.6,44.6,15.0,,20.4,
2023-08-31,,,,64.8,17.9,,29.1,
2023-09-01,,,26.0,61.0,15.6,,29.2,
2023-09-02,,,22.9,53.1,19.5,,29.0,
2023-09-03,,,15.3,50.3,12.1,,20.6,
2023-09-04,,,26.4,43.9,16.4,,23.1,
2023-09-05,,,23.5,57.1,18.7,,27.3,
2023-09-06,,,17.6,58.3,13.5,,22.9,
2023-09-07,,,17.7,48.3,12.8,,22.0,
2023-09-08,,,18.2,66.2,15.8,,22.8,
2023-09-09,,,32.0,82.6,18.7,,30.7,
2023-09-10,,,34.5,49.9,19.8,,28.9,
2023-09-11,,,31.3,55.6,19.3,,32.0,
2023-09-12,,,26.4,38.2,18.7,,29.0,
2023-09-13,,,24.9,34.9,17.2,,27.0,
2023-09-14,,,24.3,33.5,15.4,,22.4,
2023-09-15,,,22.1,31.2,13.9,,24.1,
2023-09-16,,,18.7,29.9,15.4,,26.2,
2023-09-17,,,16.2,28.8,10.4,,19.8,
2023-09-18,,,22.3,31.6,7.5,,20.1,
2023-09-19,,,32.9,38.4,14.5,,23.1,
2023-09-20,,,52.9,75.2,38.6,,51.6,
2023-09-21,,,32.5,43.9,29.5,,43.2,
2023-09-22,,,30.2,47.5,25.6,,39.8,
2023-09-23,,,43.7,59.8,29.4,,42.7,
2023-09-24,,,19.5,25.4,13.0,,17.9,
2023-09-25,,,21.0,25.7,11.3,,18.8,
2023-09-26,,,15.0,24.5,9.2,,13.7,
2023-09-27,,,21.2,42.7,14.1,,22.4,
2023-09-28,,,34.2,47.4,20.5,,31.9,
2023-09-29,,,32.4,40.3,19.8,,25.5,
2023-09-30,,,32.5,39.7,23.0,,33.9,
2023-10-01,,,34.1,37.1,21.5,,32.7,
2023-10-02,,,35.5,43.3,19.7,,35.4,
2023-10-03,,,32.1,39.2,17.3,,33.2,
2023-10-04,,,31.3,35.8,15.6,,26.8,
2023-10-05,,,26.2,35.2,16.0,,28.4,
2023-10-06,,,27.4,34.7,15.8,,29.6,
2023-10-07,,,25.6,37.2,16.4,,28.7,
2023-10-08,,,21.5,24.1,13.2,,21.4,
2023-10-09,,,24.0,31.5,13.5,,26.7,
2023-10-10,,,39.5,46.3,23.0,,37.1,
2023-10-11,,,40.1,51.5,24.2,,38.7,
2023-10-12,,,30.4,41.5,17.4,,29.6,
2023-10-13,,,25.9,40.5,22.1,,32.5,
2023-10-14,,,32.8,39.2,19.1,,28.5,
2023-10-15,,,34.6,39.4,24.1,,29.6,
2023-10-16,,,37.8,42.6,24.7,,32.7,
2023-10-17,,,37.0,44.2,30.2,,34.2,
2023-10-18,,,42.0,58.4,31.2,,48.2,
2023-10-19,,,36.2,56.1,35.8,,55.0,
2023-10-20,,,55.3,73.8,45.1,,60.4,
2023-10-21,,,66.1,81.7,47.4,,67.7,
2023-10-22,,,25.0,32.2,17.0,,25.2,
2023-10-23,,,29.6,46.4,25.4,,46.8,
2023-10-24,,,76.4,94.1,56.2,,91.5,
2023-10-25,,,77.6,86.1,48.1,,76.0,
2023-10-26,,,31.3,34.7,16.1,,25.3,
2023-10-27,,,66.6,69.6,43.7,,65.0,
2023-10-28,,,33.7,35.7,17.4,,29.5,
2023-10-29,,,25.4,32.7,16.3,,30.3,
2023-10-30,,,19.3,36.5,18.6,,32.2,
2023-10-31,,,36.3,47.1,26.0,,36.6,
2023-11-01,,,27.5,34.4,15.3,,25.3,
2023-11-02,,,27.6,28.4,12.3,,23.4,
2023-11-03,,,44.9,54.3,27.1,,42.4,
2023-11-04,,,22.4,30.0,,,18.1,
2023-11-05,,,71.0,74.7,,,64.0,
2023-11-06,,,32.3,53.1,,,43.0,
2023-11-07,,,55.7,81.9,56.1,,81.5,
2023-11-08,,,49.9,60.9,44.3,,50.4,
2023-11-09,,,23.7,30.1,11.1,,25.6,
2023-11-10,,,31.2,34.8,13.0,,25.2,
2023-11-11,,,22.9,28.4,12.7,,18.1,
2023-11-12,,,21.0,24.8,14.8,,20.4,
2023-11-13,,,25.5,34.3,18.2,,24.9,
2023-11-14,,,22.2,25.7,12.8,,17.9,
2023-11-15,,,24.6,30.0,13.9,,19.6,
2023-11-16,,,30.9,38.8,20.9,,28.7,
2023-11-17,,,24.1,29.4,12.3,,20.5,
2023-11-18,,,26.4,33.6,14.9,,24.2,
2023-11-19,,,16.3,18.4,,,13.1,
2023-11-20,,,24.6,34.2,12.3,,21.9,
2023-11-21,,,28.6,41.5,19.1,,31.3,
2023-11-22,,,17.1,26.7,14.5,,17.1,
2023-11-23,,,11.6,34.8,8.0,,21.6,
2023-11-24,,,24.8,36.1,17.8,,29.0,
2023-11-25,,,23.0,27.7,15.5,,22.8,
2023-11-26,,,17.3,24.3,11.2,,20.9,
2023-11-27,,,24.0,36.0,15.2,,26.2,
2023-11-28,,,37.1,44.7,20.6,,31.7,
2023-11-29,,,23.8,39.3,12.0,,18.7,
2023-11-30,,,25.5,54.1,17.9,,30.8,
2023-12-01,,,57.9,73.6,40.5,,63.9,
2023-12-02,,,58.4,81.2,37.3,,54.9,
2023-12-03,,,15.2,23.1,10.8,,15.3,
2023-12-04,,,26.5,56.1,13.1,,22.9,
2023-12-05,,,20.0,34.7,11.2,,17.7,
2023-12-06,,,23.5,30.8,10.2,,17.2,
2023-12-07,,,16.7,25.0,9.3,,13.3,
2023-12-08,,,13.5,23.4,8.0,,13.4,
2023-12-09,,,13.8,24.9,8.6,,19.5,
2023-12-10,,,22.1,28.6,14.3,,22.0,
2023-12-11,,,26.7,45.6,17.8,,23.8,
2023-12-12,,,22.4,40.2,11.8,,19.2,
2023-12-13,,,51.5,57.2,36.8,,47.9,
2023-12-14,,,58.4,67.3,19.7,,47.2,
2023-12-15,,,15.2,41.0,9.3,,14.7,
2023-12-16,,,17.0,68.4,8.9,,21.2,
2023-12-17,,,18.9,23.2,10.7,,31.5,
2023-12-18,,,17.4,20.1,9.5,,27.5,
2023-12-19,,,12.5,29.5,9.5,,21.9,
2023-12-20,,,19.7,36.7,10.3,,20.6,
2023-12-21,,,28.1,38.9,15.3,,23.7,
2023-12-22,,,31.3,36.4,20.7,,30.4,
2023-12-23,,,36.3,42.0,24.1,,36.0,
2023-12-24,,,29.9,33.4,20.6,,28.8,
2023-12-25,,,24.8,26.1,15.6,,22.7,
2023-12-26,,,20.5,24.4,9.6,,14.8,
2023-12-27,,,22.7,37.5,8.4,,17.2,
2023-12-28,,,15.7,30.8,10.5,,21.4,
2023-12-29,,,18.0,46.2,12.2,,28.9,
2023-12-30,,,16.6,32.2,8.7,,19.4,
2023-12-31,,,19.2,,10.9,,21.5,
2024-01-01,,,21.2,,11.7,,20.6,
2024-01-02,,,25.6,,14.2,,14.6,
2024-01-03,,,22.4,,13.7,,19.2,
2024-01-04,,,35.1,,20.1,,29.7,
2024-01-05,,,23.8,,16.0,,28.1,
2024-01-06,,,39.4,,21.1,,35.8,
2024-01-07,,,16.5,,12.1,,17.1,
2024-01-08,,,15.5,,10.3,,15.7,
2024-01-09,,,18.6,,11.4,,19.3,
2024-01-10,,,19.6,,10.3,,28.6,
2024-01-11,,,33.9,,21.0,,37.6,
2024-01-12,,,12.9,,8.0,,12.6,
2024-01-13,,,16.0,,11.0,,17.5,
2024-01-14,,,16.6,,9.6,,19.5,
2024-01-15,,,59.8,,34.0,,60.6,
2024-01-16,,,36.8,,25.9,,38.1,
2024-01-17,,,41.9,,32.8,50.9,46.5,65.1
2024-01-18,,,82.8,,59.9,84.1,84.7,109.5
2024-01-19,,,78.7,,59.4,96.9,99.8,111.9
2024-01-20,,,37.7,,28.6,49.6,43.2,54.0
2024-01-21,,,14.3,,9.4,13.4,21.4,17.7
2024-01-22,,,17.6,,8.9,19.3,24.6,22.3
2024-01-23,,,19.9,,11.6,22.7,17.9,24.6
2024-01-24,,,17.6,,11.0,19.6,15.9,21.7
2024-01-25,,,28.1,,16.7,37.1,24.8,35.0
2024-01-26,,,26.1,,16.3,27.2,26.8,36.6
2024-01-27,,,25.3,,15.3,23.9,23.5,26.8
2024-01-28,,,20.7,,17.4,19.3,26.6,26.5
2024-01-29,,,19.6,,14.3,21.4,26.0,24.2
2024-01-30,,,19.1,,12.5,21.9,20.8,
2024-01-31,,,28.9,,11.4,29.6,24.0,39.2
2024-02-01,,,21.2,,7.3,20.5,15.6,
2024-02-02,,,22.6,,13.4,20.9,20.2,
2024-02-03,,,25.6,,11.3,20.4,23.5,33.6
2024-02-04,,,21.8,,14.3,23.2,19.8,28.9
2024-02-05,,,26.5,,16.2,33.8,22.8,30.3
2024-02-06,,,29.2,,18.4,30.2,25.1,33.7
2024-02-07,,,48.1,,34.7,50.1,44.7,55.2
2024-02-08,,,33.6,,20.5,37.7,28.4,38.5
2024-02-09,,,27.2,,24.8,31.1,30.3,41.4
2024-02-10,,,51.3,,40.1,71.2,59.9,67.2
2024-02-11,,,76.0,,23.5,65.0,46.4,55.1
2024-02-12,,,25.2,,13.2,22.4,21.9,36.1
2024-02-13,,,18.5,,9.5,17.6,16.6,21.5
2024-02-14,,,16.7,,13.6,17.7,17.0,22.5
2024-02-15,,,24.1,,11.9,19.6,19.5,33.7
2024-02-16,,,14.5,,10.5,21.6,24.7,40.3
2024-02-17,,,9.4,,9.7,17.0,20.8,26.1
2024-02-18,,,13.4,,9.4,14.7,18.2,20.6
2024-02-19,,,20.1,,13.2,22.8,16.4,31.6
2024-02-20,,,19.9,,14.1,21.5,17.8,22.8
2024-02-21,,,16.6,,12.6,18.2,19.9,25.0
2024-02-22,,,17.7,,15.8,21.0,22.8,29.2
2024-02-23,,,13.1,,11.5,15.3,18.2,25.5
2024-02-24,,,27.7,,17.5,27.0,24.4,29.7
2024-02-25,,,10.6,,10.2,13.6,13.5,13.5
2024-02-26,,,28.2,,22.1,34.4,29.9,39.1
2024-02-27,,,58.6,,39.2,69.1,60.5,66.5
2024-02-28,,,50.5,,27.7,53.0,44.9,55.0
2024-02-29,,,16.4,,9.6,22.1,25.8,32.6
2024-03-01,,,30.5,,18.1,30.5,28.5,33.9
2024-03-02,,,18.4,,14.1,23.4,22.7,27.1
2024-03-03,,,49.4,,35.4,57.4,63.7,70.1
2024-03-04,,,22.1,,12.1,27.9,22.3,29.3
2024-03-05,,,17.4,,14.8,22.1,22.6,27.3
2024-03-06,,,19.2,,15.0,22.3,23.5,30.3
2024-03-07,,,15.3,,10.3,16.7,23.0,33.8
2024-03-08,,,22.1,,14.7,21.2,30.3,38.2
2024-03-09,,,25.4,,14.8,29.0,28.7,30.2
2024-03-10,,,57.5,,33.5,58.2,58.1,55.7
2024-03-11,,,25.0,,13.7,27.8,25.9,31.8
2024-03-12,,,16.0,,12.1,19.1,18.5,23.8
2024-03-13,,,20.4,,18.1,22.9,27.0,31.0
2024-03-14,,,24.9,,16.9,23.0,30.3,37.8
2024-03-15,,,17.5,,10.5,21.4,24.1,28.1
2024-03-16,,,23.6,,14.1,19.5,19.3,27.5
2024-03-17,,,21.3,,17.0,19.4,20.3,20.6
2024-03-18,,,18.5,,11.1,18.5,18.8,25.1
2024-03-19,,,22.6,,14.9,20.9,22.5,27.0
2024-03-20,,,19.5,,14.1,22.2,24.8,25.7
2024-03-21,,,24.1,,16.0,24.5,25.8,31.0
2024-03-22,,,22.6,,11.6,18.1,19.7,25.1
2024-03-23,,,21.1,,12.4,17.5,19.9,22.2
2024-03-24,,,17.9,,11.5,18.8,17.7,22.8
2024-03-25,,,31.9,,24.5,33.5,34.8,37.6
2024-03-26,,,141.9,,138.8,191.3,166.1,167.5
2024-03-27,,,178.8,,173.9,239.9,243.7,208.5
2024-03-28,,,141.1,,120.4,164.4,148.8,156.5
2024-03-29,,,254.5,,213.3,344.6,289.1,304.4
2024-03-30,,,49.4,,50.8,84.1,74.4,68.6
2024-03-31,,,80.4,,111.3,128.2,110.5,108.0
2024-04-01,,,96.7,,99.8,121.0,118.1,114.2
2024-04-02,,,26.4,,19.3,27.0,27.6,31.4
2024-04-03,,,25.3,,19.3,27.0,29.8,35.5
2024-04-04,,,25.4,,16.3,22.3,23.2,26.1
2024-04-05,,,22.5,,11.7,26.8,23.8,35.0
2024-04-06,,,19.4,,9.0,19.9,19.7,28.3
2024-04-07,,,12.0,,6.5,7.5,11.9,15.8
2024-04-08,,,19.3,,12.4,22.2,22.7,25.5
2024-04-09,,,19.6,,13.3,24.9,16.3,21.3
2024-04-10,,,42.9,,22.8,48.8,30.7,48.3
2024-04-11,,,20.4,,14.1,24.5,15.9,25.7
2024-04-12,,,39.4,,22.6,39.5,26.5,39.3
2024-04-13,,,35.9,,21.2,37.5,27.2,39.9
2024-04-14,,,,,19.7,31.4,26.7,35.9
2024-04-15,,,30.4,,22.3,36.8,32.9,35.2
2024-04-16,,,32.0,,20.3,34.4,30.9,35.1
2024-04-17,,,32.5,,20.6,41.6,31.1,36.0
2024-04-18,,,20.4,,15.0,28.2,18.5,27.8
2024-04-19,,,18.3,,12.3,24.9,18.3,24.8
2024-04-20,,,14.0,,9.2,18.1,11.3,18.0
2024-04-21,,,16.7,,12.0,18.0,11.4,19.1
2024-04-22,,,28.0,,11.9,28.4,17.5,25.7
2024-04-23,,,21.7,,13.7,32.2,22.3,26.3
2024-04-24,,,13.1,,10.0,14.2,10.8,15.5
2024-04-25,,,17.6,,11.9,23.3,14.9,24.1
2024-04-26,,,13.4,,9.3,21.6,12.7,18.4
2024-04-27,,,19.9,,10.4,21.0,15.2,20.7
2024-04-28,,,38.1,,15.0,31.8,23.8,32.5
2024-04-29,,,45.7,,18.6,41.1,28.1,42.2
2024-04-30,,,48.5,,25.8,47.3,30.8,40.9
2024-05-01,,,46.3,,24.4,37.6,31.6,39.5
2024-05-02,,,23.0,,15.7,21.9,13.1,24.4
2024-05-03,,,22.7,,13.1,27.7,13.3,22.3
2024-05-04,,,20.7,,13.8,21.3,11.9,19.9
2024-05-05,,,18.6,,10.6,17.8,12.3,19.4
2024-05-06,,,14.9,,11.2,21.2,13.4,21.3
2024-05-07,,,20.6,,18.5,31.3,28.9,27.6
2024-05-08,,,,,10.1,18.9,20.7,25.3
2024-05-09,,,12.7,,5.4,10.6,13.3,14.8
2024-05-10,,,16.5,,13.3,16.9,19.0,21.8
2024-05-11,,,28.3,,15.3,24.9,24.7,26.3
2024-05-12,,,14.7,,9.4,14.5,16.7,16.8
2024-05-13,,,18.4,,15.8,30.5,25.6,26.4
2024-05-14,,,38.5,,33.8,52.2,44.3,46.2
2024-05-15,,,62.7,,36.4,74.0,63.5,65.5
2024-05-16,,,100.0,,68.3,106.0,75.2,90.8
2024-05-17,,,62.9,,45.9,79.3,48.5,68.8
2024-05-18,,,136.4,,107.4,140.8,112.5,126.7
2024-05-19,,,120.4,,95.4,134.3,110.4,112.5
2024-05-20,,,111.4,,88.0,125.7,110.8,110.2
2024-05-21,,,54.0,,36.3,65.2,50.1,56.5
2024-05-22,,,22.7,,15.3,23.4,23.5,26.5
2024-05-23,,,14.5,,8.0,22.5,21.0,24.4
2024-05-24,,,14.0,,10.5,22.2,23.6,21.3
2024-05-25,,,19.5,,11.7,18.8,23.9,23.6
2024-05-26,,,,,12.7,16.7,18.3,18.6
2024-05-27,,,,,13.0,21.9,20.0,21.4
2024-05-28,,,21.2,,10.0,18.3,18.1,21.6
2024-05-29,,,20.9,,11.7,28.0,19.7,26.1
2024-05-30,,,29.3,,16.3,35.6,23.2,26.7
2024-05-31,,,24.1,,14.5,28.4,26.6,31.0
2024-06-01,,,23.4,,16.5,29.1,27.7,26.8
2024-06-02,,,38.8,,18.9,35.5,34.4,37.7
2024-06-03,,,27.9,,18.3,31.1,28.2,29.3
2024-06-04,,,36.7,,22.3,38.9,37.4,38.6
2024-06-05,,,36.6,,22.4,36.0,37.8,39.2
2024-06-06,,,29.4,,17.8,30.6,25.3,30.7
2024-06-07,,,22.6,,12.3,19.6,18.0,28.4
2024-06-08,,,20.0,,8.2,21.4,19.0,25.4
2024-06-09,,,15.0,,14.8,15.4,23.2,18.5
2024-06-10,,,28.1,,28.4,37.1,35.8,33.5
2024-06-11,,,23.4,,20.3,43.3,30.7,28.0
2024-06-12,,,,,21.9,35.5,31.6,36.8
2024-06-13,,,,,23.8,44.9,34.3,41.2
2024-06-14,,,23.4,,14.9,24.0,22.5,26.2
2024-06-15,,,19.6,,11.1,20.7,21.3,24.3
2024-06-16,,,24.1,,16.4,29.8,23.3,30.8
2024-06-17,,,42.2,,31.7,51.9,43.3,46.8
2024-06-18,,,38.3,,39.3,58.2,45.7,45.2
2024-06-19,,,32.8,,26.5,50.7,36.1,36.9
2024-06-20,,,36.6,,24.6,42.8,39.4,40.8
2024-06-21,,,65.3,,30.9,57.7,47.7,55.6
2024-06-22,,,57.6,,33.7,64.6,55.5,59.7
2024-06-23,,,32.9,,21.2,35.1,33.5,36.6
2024-06-24,,,25.6,,20.9,35.5,31.0,31.0
2024-06-25,,,26.2,,22.8,48.9,37.4,35.9
2024-06-26,,,32.2,,18.9,49.6,30.7,35.9
2024-06-27,,,25.5,,15.5,30.4,25.6,29.7
2024-06-28,,,23.8,,13.0,32.0,29.5,28.6
2024-06-29,,,16.3,,12.7,18.1,22.1,20.4
2024-06-30,,,21.2,,11.6,21.0,22.5,30.8
2024-07-01,,,21.7,,18.0,36.1,29.7,32.8
2024-07-02,,,50.4,,24.1,,45.9,52.1
2024-07-03,,,39.9,,22.7,52.2,36.7,41.6
2024-07-04,,,33.2,,20.4,48.6,33.4,35.3
2024-07-05,,,25.8,,19.7,30.3,32.9,29.0
2024-07-06,,,18.2,,13.9,22.0,24.2,29.7
2024-07-07,,,15.3,,11.5,16.0,19.7,15.1
2024-07-08,,,23.0,,8.5,26.3,18.0,21.8
2024-07-09,,,32.1,,11.4,34.5,27.4,32.5
2024-07-10,,,58.8,,41.3,57.0,46.8,50.9
2024-07-11,,,41.2,,46.2,51.3,44.5,44.9
2024-07-12,,,47.0,,39.8,54.7,49.2,49.9
2024-07-13,,,34.9,,28.8,40.6,37.9,42.4
2024-07-14,,,30.0,,20.6,32.8,36.8,35.2
2024-07-15,,,37.9,,21.9,40.7,33.2,37.0
2024-07-16,,,35.9,,,49.9,31.4,41.7
2024-07-17,,,35.4,,29.5,39.3,37.3,36.8
2024-07-18,,,32.9,,22.6,37.1,35.0,32.6
2024-07-19,,,27.8,,,30.7,26.6,27.7
2024-07-20,,,29.8,,,25.2,22.2,29.8
2024-07-21,,,24.1,,17.7,26.3,24.8,27.1
2024-07-22,,,44.9,,20.7,60.4,37.6,47.6
2024-07-23,,,34.2,,25.3,48.0,34.2,35.5
2024-07-24,,,38.6,,26.6,40.5,37.0,40.5
2024-07-25,,,36.5,,19.9,46.5,32.8,36.4
2024-07-26,,,24.9,,18.2,31.3,30.3,28.4
2024-07-27,,,24.9,,19.9,34.3,35.5,28.3
2024-07-28,,,22.2,,17.6,23.2,25.5,23.2
2024-07-29,,,26.9,,14.6,33.2,25.0,26.9
2024-07-30,,,29.2,,14.9,30.8,25.1,27.2
2024-07-31,,,27.0,,20.9,38.6,31.1,32.5
2024-08-01,,,27.5,,16.2,32.8,28.0,27.9
2024-08-02,,,23.1,,12.1,26.4,22.4,24.0
2024-08-03,,,27.1,,14.6,27.4,21.1,27.8
2024-08-04,,,42.9,,31.8,48.2,40.8,42.2
2024-08-05,,,42.0,,30.8,55.8,45.0,43.5
2024-08-06,,,38.5,,27.9,46.9,39.8,36.3
2024-08-07,,,34.0,,24.4,38.2,37.6,35.3
2024-08-08,,,37.6,,26.1,33.7,32.6,35.8
2024-08-09,,,30.2,,19.2,36.4,33.1,33.2
2024-08-10,,,26.0,,16.8,29.6,29.2,26.8
2024-08-11,,,21.7,,16.8,21.9,27.8,23.6
2024-08-12,,,22.1,,14.3,23.2,23.3,22.7
2024-08-13,,,23.6,,11.6,24.2,23.8,31.2
2024-08-14,,,20.6,,11.7,20.4,22.0,23.7
2024-08-15,,,25.5,,12.9,20.8,22.0,22.0
2024-08-16,,,31.5,,18.5,33.1,29.4,32.3
2024-08-17,,,32.6,,,33.8,32.1,35.8
2024-08-18,,,27.4,,21.5,27.1,26.1,27.1
2024-08-19,,,22.1,,14.1,24.8,20.7,24.1
2024-08-20,,,31.4,,16.7,31.1,24.2,29.4
2024-08-21,,,27.6,,15.6,24.4,22.6,25.5
2024-08-22,,,24.4,,16.5,25.5,22.2,24.4
2024-08-23,,,22.4,,18.8,26.5,24.3,26.3
2024-08-24,,,25.7,,13.1,22.4,21.3,22.8
2024-08-25,,,21.9,,14.3,18.4,18.3,23.2
2024-08-26,,,26.3,,17.8,25.9,22.9,28.9
2024-08-27,,,24.9,,18.0,31.9,28.0,29.6
2024-08-28,,,22.6,,19.8,29.6,28.3,30.8
2024-08-29,,,25.1,,16.3,23.9,25.3,30.3
2024-08-30,,,25.0,,16.6,24.8,23.6,32.4
2024-08-31,,,26.9,,16.2,20.2,23.1,26.3
2024-09-01,,,20.8,,14.7,17.2,21.9,21.8
2024-09-02,,,20.5,,14.5,23.7,25.8,26.5
2024-09-03,,,21.5,,20.4,28.1,28.2,30.7
2024-09-04,,,23.2,,20.0,28.7,31.6,34.6
2024-09-05,,,33.6,,36.0,41.0,49.4,47.7
2024-09-06,,,41.7,,32.6,47.2,48.1,47.8
2024-09-07,,,47.9,,45.5,54.5,57.4,56.5
2024-09-08,,,51.4,,43.4,52.6,58.6,59.4
2024-09-09,,,44.1,,26.1,40.0,39.8,45.0
2024-09-10,,,48.5,,19.3,34.2,31.4,36.3
2024-09-11,,,40.1,,19.2,29.0,27.3,32.6
2024-09-12,,,32.0,,19.5,27.5,25.6,32.9
2024-09-13,,,38.8,,15.6,22.1,23.3,27.0
2024-09-14,,,40.7,,16.8,31.8,29.8,34.0
2024-09-15,,,21.8,,14.1,20.3,17.8,21.8
2024-09-16,,,26.9,,15.8,24.3,20.0,26.7
2024-09-17,,,20.5,,11.0,18.3,26.0,40.5
2024-09-18,,,17.0,,11.1,21.9,30.5,35.8
2024-09-19,,,20.2,,13.7,24.3,28.9,43.3
2024-09-20,,,25.0,,12.0,18.3,24.7,37.9
2024-09-21,,,18.9,,10.5,20.1,24.0,36.5
2024-09-22,,,13.8,,11.8,18.1,23.8,28.9
2024-09-23,,,15.1,,15.7,23.2,32.4,34.1
2024-09-24,,,18.1,,8.8,15.5,24.6,32.3
2024-09-25,,,15.6,,7.9,16.7,22.9,29.2
2024-09-26,,,13.5,,7.5,14.0,23.5,32.8
2024-09-27,,,15.7,,12.1,17.0,28.0,29.0
2024-09-28,,,24.2,,13.6,21.5,22.3,27.1
2024-09-29,,,15.4,,11.1,18.8,20.4,21.7
2024-09-30,,,15.2,,7.9,16.2,21.7,21.1
2024-10-01,,,15.1,,8.0,17.0,34.9,28.5
2024-10-02,,,13.4,,8.6,17.1,28.5,32.2
2024-10-03,,,34.7,,30.4,47.1,48.2,53.1
2024-10-04,,,21.5,,12.5,26.9,25.5,31.5
2024-10-05,,,13.9,,7.7,14.8,17.4,19.6
2024-10-06,,,14.8,,6.8,12.1,15.6,20.5
2024-10-07,,,12.6,,6.5,20.9,25.5,30.3
2024-10-08,,,10.5,,9.4,22.2,25.0,24.8
2024-10-09,,,33.8,,23.5,41.2,39.9,44.2
2024-10-10,,,56.6,,47.5,92.9,92.0,93.0
2024-10-11,,,27.4,,12.6,32.2,25.9,30.8
2024-10-12,,,23.9,,9.3,18.6,23.1,25.1
2024-10-13,,,22.3,,8.4,15.2,19.5,25.5
2024-10-14,,,20.7,,7.3,16.6,20.7,24.2
2024-10-15,,,17.7,,9.6,27.7,25.7,27.9
2024-10-16,,,14.1,,9.2,22.4,26.6,25.4
2024-10-17,,,12.6,,9.6,26.0,20.3,17.1
2024-10-18,,,25.1,,16.1,40.3,33.9,30.8
2024-10-19,,,25.0,,13.3,25.4,23.4,30.5
2024-10-20,,,16.6,,4.1,8.9,15.6,24.4
2024-10-21,,,21.3,,6.3,23.1,26.5,32.3
2024-10-22,,,26.8,,13.3,33.8,33.3,32.6
2024-10-23,,,19.6,,10.4,25.8,26.0,26.7
2024-10-24,,,16.1,,11.2,25.0,26.9,25.7
2024-10-25,,,11.0,,8.2,29.9,27.5,31.7
2024-10-26,,,10.0,,5.9,23.5,19.0,15.8
2024-10-27,,,16.7,,9.6,19.3,20.6,22.0
2024-10-28,,,19.4,,10.0,24.9,25.8,25.8
2024-10-29,,,12.6,,7.6,20.5,22.8,22.4
2024-10-30,,,20.1,,7.1,27.2,25.2,31.2
2024-10-31,,,24.3,,12.3,29.3,26.8,28.9
2024-11-01,,,23.0,,14.0,26.2,28.7,30.5
2024-11-02,,,28.2,,13.5,31.4,29.4,36.6
2024-11-03,,,31.9,,12.0,22.1,28.2,31.4
2024-11-04,,,30.0,,9.3,28.8,24.3,36.8
2024-11-05,,,23.8,,11.1,30.5,29.6,46.7
2024-11-06,,,18.0,,11.5,25.3,28.8,39.6
2024-11-07,,,14.7,,10.1,26.5,31.1,37.7
2024-11-08,,,10.0,,6.9,13.8,22.0,29.6
2024-11-09,,,11.9,,6.1,13.8,20.0,30.1
2024-11-10,,,11.9,,9.2,16.5,26.6,27.0
2024-11-11,,,15.0,,8.1,16.8,23.9,22.7
2024-11-12,,,16.0,,5.8,15.2,18.1,42.7
2024-11-13,,,19.1,,4.8,12.6,21.0,37.8
2024-11-14,,,18.6,,5.9,16.4,21.3,42.2
2024-11-15,,,22.5,,7.7,16.3,17.3,29.4
2024-11-16,,,18.3,,3.9,10.6,10.7,22.5
2024-11-17,,,20.2,,9.0,15.9,17.5,32.6
2024-11-18,,,45.0,,22.6,42.1,37.3,50.3
2024-11-19,,,41.9,,16.7,31.6,30.9,51.8
2024-11-20,,,49.7,,31.1,43.6,43.1,59.7
2024-11-21,,,27.6,,14.1,22.8,22.3,34.6
2024-11-22,,,26.6,,15.9,26.2,23.8,36.8
2024-11-23,,,20.1,,13.3,17.8,18.4,24.7
2024-11-24,,,12.4,,8.5,12.5,21.0,22.5
2024-11-25,,,17.2,,9.1,19.7,24.7,47.2
2024-11-26,,,16.6,,6.4,14.2,22.7,31.0
2024-11-27,,,23.3,,13.1,22.6,24.1,55.0
2024-11-28,,,23.6,,13.6,23.9,19.9,98.5
2024-11-29,,,31.2,,16.9,26.1,26.2,47.0
2024-11-30,,,14.1,,9.6,12.8,13.9,19.0
2024-12-01,,,13.9,,10.2,10.1,13.3,17.4
2024-12-02,,,15.6,,10.2,13.4,12.9,20.0
2024-12-03,,,19.1,,9.5,13.1,13.3,27.4
2024-12-04,,,28.9,,17.8,27.4,28.5,47.9
2024-12-05,,,23.5,,11.9,22.9,19.6,25.4
2024-12-06,,,13.2,,10.3,12.5,17.2,21.7
2024-12-07,,,24.5,,15.1,18.1,21.9,35.1
2024-12-08,,,15.9,,10.5,14.3,15.8,22.1
2024-12-09,,,27.1,,10.4,19.8,20.7,46.4
2024-12-10,,,27.7,,9.6,17.8,21.3,74.0
2024-12-11,,,19.0,,9.0,35.4,34.9,76.5
2024-12-12,,,18.2,,12.4,24.5,28.0,33.2
2024-12-13,,,20.0,,18.1,28.7,28.9,30.9
2024-12-14,,,33.0,,25.1,33.5,34.3,50.5
2024-12-15,,,17.0,,11.2,12.9,14.8,20.5
2024-12-16,,,12.5,,8.1,12.3,18.9,19.0
2024-12-17,,,22.4,,8.4,19.8,19.8,40.8
2024-12-18,,,23.4,,9.0,12.6,15.8,46.2
2024-12-19,,,24.8,,12.0,18.7,17.3,45.9
2024-12-20,,,32.5,,20.8,32.3,31.4,41.9
2024-12-21,,,23.2,,12.6,19.6,20.7,27.5
2024-12-22,,,16.2,,10.0,15.5,16.1,21.0
2024-12-23,,,19.6,,12.8,20.8,20.9,25.3
2024-12-24,,,12.9,,9.6,13.3,13.4,15.8
2024-12-25,,,7.5,,6.5,8.8,9.3,11.1
2024-12-26,,,13.0,,9.3,12.9,24.8,19.0
2024-12-27,,,16.7,,11.0,16.7,22.7,25.2
2024-12-28,,,19.9,,8.8,13.5,17.8,33.5
2024-12-29,,,14.9,,10.0,15.7,19.4,39.9
2024-12-30,,,19.8,,11.2,27.8,22.2,61.7
2024-12-31,,,13.0,,11.4,20.6,21.6,63.0
2025-01-01,,,7.3,,6.7,11.6,15.4,30.2
2025-01-02,,,7.8,,5.9,11.4,14.0,20.7
2025-01-03,,,14.5,,8.0,16.3,16.7,31.5
2025-01-04,,,24.5,,13.8,16.2,18.9,33.2
2025-01-05,,,18.1,,12.1,14.8,19.6,32.9
2025-01-06,,,20.5,,14.9,20.5,24.5,41.8
2025-01-07,,,35.8,,23.5,35.9,33.1,46.5
2025-01-08,,,24.0,,17.8,22.6,21.9,35.6
2025-01-09,,,26.1,,16.7,23.0,25.6,44.1
2025-01-10,,,28.4,,22.0,26.1,27.5,35.5
2025-01-11,,,23.1,,17.2,20.5,21.9,34.8
2025-01-12,,,20.1,,12.7,16.9,17.9,27.7
2025-01-13,,,14.1,,6.0,,18.6,23.3
2025-01-14,,,12.1,,12.0,,21.7,19.0
2025-01-15,,,16.4,,9.1,,,26.9
2025-01-16,,,10.5,,6.9,,,31.0
2025-01-17,,,26.6,,17.5,,34.1,35.5
2025-01-18,,,16.5,,13.5,,27.4,31.1
2025-01-19,,,25.1,,16.2,,33.6,51.6
2025-01-20,,,29.1,,16.6,,32.3,56.4
2025-01-21,,,18.3,,10.3,,17.5,39.3
2025-01-22,,,42.8,,,,38.2,73.8
2025-01-23,,,29.0,,20.4,,28.6,47.5
2025-01-24,,,50.0,,33.1,,43.8,59.9
2025-01-25,,,24.4,,12.2,,22.5,39.2
2025-01-26,,,31.6,,22.4,,29.2,39.6
2025-01-27,,,26.9,,18.2,,25.0,37.6
2025-01-28,,,34.0,,25.2,,30.8,
2025-01-29,,,23.8,,17.1,,23.1,29.0
2025-01-30,,,25.4,,19.5,,28.0,48.9
2025-01-31,,,19.7,,18.5,,31.8,49.2
2025-02-01,,,17.8,,15.3,,25.5,28.3
2025-02-02,,,65.8,,41.1,,65.4,75.2
2025-02-03,,,17.7,,8.7,,15.4,34.1
2025-02-04,,,23.9,,7.1,,19.5,68.5
2025-02-05,,,19.1,,11.8,,27.0,53.4
2025-02-06,,,17.3,,14.0,,26.1,40.8
2025-02-07,,,13.3,,10.3,,23.2,24.1
2025-02-08,,,17.4,,13.2,,21.6,23.0
2025-02-09,,,15.8,,13.3,,18.2,19.7
2025-02-10,,,13.6,,9.7,,18.5,17.9
2025-02-11,,,,,11.3,18.3,21.2,29.8
2025-02-12,,,16.4,,8.4,19.2,24.0,
2025-02-13,,,26.4,,20.4,36.5,38.8,
2025-02-14,,,60.6,,43.9,58.1,67.4,
2025-02-15,,,20.1,,14.3,18.1,19.7,31.6
2025-02-16,,,18.0,,15.1,15.2,18.8,20.9
2025-02-17,,,23.7,,10.9,15.9,18.9,40.4
2025-02-18,,,22.7,,11.9,20.3,22.8,57.7
2025-02-19,,,20.0,,12.9,27.4,26.1,44.2
2025-02-20,,,15.7,,12.2,19.2,25.1,22.0
2025-02-21,,,18.5,,13.4,23.2,29.1,34.7
2025-02-22,,,16.2,,11.4,20.3,24.3,33.8
2025-02-23,,,21.1,,10.6,18.2,23.2,35.7
2025-02-24,,,22.6,,8.5,16.3,17.9,32.7
2025-02-25,,,25.8,,16.0,21.1,20.9,50.2
2025-02-26,,,27.4,,18.1,27.2,25.9,43.8
2025-02-27,,,23.8,,17.5,22.1,23.2,32.5
2025-02-28,,,23.3,,15.7,19.0,25.1,37.6
2025-03-01,,,20.9,,16.9,24.7,27.2,32.1
2025-03-02,,,27.1,,18.1,29.5,32.9,33.1
2025-03-03,,,25.1,,17.8,25.0,30.3,33.6
2025-03-04,,,20.7,,14.1,22.2,25.5,28.3
2025-03-05,,,14.7,,12.7,18.1,20.9,26.1
2025-03-06,,,18.0,,14.7,25.4,25.1,29.2
2025-03-07,,,20.6,,11.5,17.8,19.5,23.0
2025-03-08,,,14.9,,9.6,12.1,15.2,19.6
2025-03-09,,,14.4,,11.0,14.2,20.9,22.8
2025-03-10,,,59.7,,47.0,,73.4,81.7
2025-03-11,,,73.9,,59.6,,76.0,90.3
2025-03-12,,,64.6,,54.6,,72.6,82.3
2025-03-13,,,37.3,,46.9,,,58.1
2025-03-14,,,129.1,,112.2,,165.4,176.8
2025-03-15,,,129.0,,97.6,,132.3,172.5
2025-03-16,,,20.9,,15.8,,18.8,24.4
2025-03-17,,,19.5,,9.3,,15.6,27.1
2025-03-18,,,16.8,,11.5,,21.8,26.3
2025-03-19,,,18.7,,14.2,,26.9,30.0
2025-03-20,,,15.9,,13.1,,25.6,29.8
2025-03-21,,,11.9,,11.1,,23.9,29.2
2025-03-22,,,30.5,,24.6,,40.9,45.4
2025-03-23,,,118.3,,120.0,,167.1,166.5
2025-03-24,,,123.7,,104.5,,132.3,163.2
2025-03-25,,,62.8,,38.5,,58.3,65.9
2025-03-26,,,16.8,,9.6,,15.8,24.7
2025-03-27,,,19.2,,11.2,,16.2,36.7
2025-03-28,,,27.7,,18.2,,25.8,44.3
2025-03-29,,,23.0,,16.7,,21.8,33.1
2025-03-30,,,21.7,,15.9,,19.9,26.0
2025-03-31,,,18.6,,13.3,,18.1,20.9
2025-04-01,,,15.8,,8.7,,13.6,23.5
2025-04-02,,,17.9,,7.9,,14.5,25.1
2025-04-03,,,17.2,,11.4,,21.7,34.4
2025-04-04,,,18.5,,11.0,,21.3,37.4
2025-04-05,,,17.2,,11.0,,19.2,29.2
2025-04-06,,,23.2,,15.6,,21.1,31.1
2025-04-07,,,25.1,,17.9,,34.6,
2025-04-08,,,23.9,,16.7,,24.8,38.3
2025-04-09,,,19.0,,14.4,,23.2,29.8
2025-04-10,,,19.7,,15.0,,26.8,29.8
2025-04-11,,,18.2,,12.5,,19.0,23.9
2025-04-12,,,16.6,,10.2,,16.6,25.9
2025-04-13,,,13.6,,13.6,,18.7,20.8
2025-04-14,,,37.8,,30.2,,45.2,56.2
2025-04-15,,,60.9,,54.9,,79.6,83.6
2025-04-16,,,82.2,,81.2,,118.4,121.1
2025-04-17,,,21.1,,12.3,,18.0,32.6
2025-04-18,,,15.9,,10.5,,15.1,20.4
2025-04-19,,,11.0,,9.7,,16.6,21.2
2025-04-20,,,12.1,,10.5,,16.9,18.9
2025-04-21,,,12.8,,11.2,,18.6,22.2
2025-04-22,,,20.9,,18.1,20.1,22.1,26.9
2025-04-23,,,25.0,,18.4,23.9,24.6,50.4
2025-04-24,,,24.7,,20.6,23.7,26.0,39.3
2025-04-25,,,25.2,,21.5,24.1,26.7,35.1
2025-04-26,,,21.6,,18.4,19.0,22.8,28.9
2025-04-27,,,15.7,,15.2,16.6,22.3,19.4
2025-04-28,,,11.7,,9.9,12.6,15.4,16.2
2025-04-29,,,17.4,,13.5,16.0,17.9,21.6
2025-04-30,,,19.2,,12.6,15.9,19.4,29.0
2025-05-01,,,17.7,,13.2,13.4,17.0,23.0
2025-05-02,,,22.1,,10.5,19.1,15.7,29.8
2025-05-03,,,18.6,,8.7,25.1,18.7,27.9
2025-05-04,,,17.9,,14.8,21.4,21.6,26.6
2025-05-05,,,32.8,,22.5,40.3,30.4,46.5
2025-05-06,,,35.2,,24.3,35.8,33.5,
2025-05-07,,,21.8,,18.7,23.2,22.2,36.9
2025-05-08,,,20.1,,13.8,25.2,,31.3
2025-05-09,,,24.2,,15.2,24.4,27.7,49.2
2025-05-10,,,19.1,,13.5,20.5,22.4,22.9
2025-05-11,,,39.4,,20.6,49.6,46.6,54.0
2025-05-12,,,29.7,,17.3,26.7,23.2,41.1
2025-05-13,,,24.7,,17.4,22.8,22.6,35.4
2025-05-14,,,18.9,,17.8,26.7,27.4,56.6
2025-05-15,,,26.6,,26.4,30.5,31.9,35.1
2025-05-16,,,25.4,,18.6,23.8,24.4,31.0
2025-05-17,,,28.7,,21.7,27.7,27.7,103.7
2025-05-18,,,21.7,,17.0,19.7,22.3,26.1
2025-05-19,,,23.4,,22.1,,27.1,81.5
2025-05-20,,,27.4,,31.7,,46.8,43.4
2025-05-21,,,36.4,,24.0,,33.3,42.5
2025-05-22,,,27.9,,,,32.0,38.1
2025-05-23,,,25.1,,,,26.7,33.9
2025-05-24,,,27.2,,20.6,,29.4,48.0
2025-05-25,,,17.0,,17.7,,19.5,20.5
2025-05-26,,,20.4,,18.3,,23.0,42.7
2025-05-27,,,20.2,,14.2,,18.4,27.0
2025-05-28,,,30.6,,24.0,,30.2,34.6
2025-05-29,,,34.2,,23.7,,32.3,40.8
2025-05-30,,,37.4,,15.3,,19.9,41.8
2025-05-31,,,27.0,,8.5,,18.9,28.4
2025-06-01,,,26.1,,6.9,,15.4,20.6
2025-06-02,,,14.0,,7.8,,14.1,21.9
2025-06-03,,,13.8,,14.7,,23.2,25.1
2025-06-04,,,14.7,,18.9,,27.4,26.8
2025-06-05,,,15.4,,21.9,,31.7,29.0
2025-06-06,,,31.3,,21.7,,34.4,50.6
2025-06-07,,,29.5,,13.8,,25.4,38.8
2025-06-08,,,30.7,,17.7,,27.0,36.6
2025-06-09,,,37.5,,21.9,,29.5,43.9
2025-06-10,,,29.5,,19.3,,30.6,44.0
2025-06-11,,,32.5,,24.4,,31.5,52.2
2025-06-12,,,30.4,,23.5,,35.4,44.5
2025-06-13,,,34.8,,22.4,,32.8,46.5
2025-06-14,,,36.9,,19.0,,33.6,41.5
2025-06-15,,,29.1,,22.7,,30.9,33.6
2025-06-16,,,32.9,,20.7,,27.6,38.2
2025-06-17,,,31.3,,26.5,27.4,27.3,51.2
2025-06-18,,,30.8,,20.7,27.3,28.6,39.8
2025-06-19,,,23.4,,15.4,20.6,22.8,41.5
2025-06-20,,,18.3,,11.9,19.1,20.2,23.9
2025-06-21,,,19.9,,14.5,20.5,26.9,34.1
2025-06-22,,,23.7,,16.7,20.6,27.4,25.7
2025-06-23,,,24.1,,15.9,23.7,23.5,34.4
2025-06-24,,,23.0,,15.0,19.6,24.0,31.2
2025-06-25,,,25.2,,14.5,19.2,23.5,46.0
2025-06-26,,,24.3,,15.7,19.5,23.6,42.7
2025-06-27,,,29.7,,21.0,28.6,31.4,44.7
2025-06-28,,,32.6,,29.0,36.8,39.1,147.8
2025-06-29,,,24.5,,20.0,27.5,31.0,28.3
2025-06-30,,,23.6,,17.4,22.7,25.8,84.0
2025-07-01,,,19.2,,,20.1,22.2,58.4
2025-07-02,,,19.1,,9.3,17.5,18.8,29.7
2025-07-03,,,23.1,,10.8,24.5,21.2,25.8
2025-07-04,,,29.4,,12.7,24.8,20.9,30.3
2025-07-05,,,26.2,,14.2,25.8,24.6,24.0
2025-07-06,,,28.7,,11.4,20.1,19.2,25.5
2025-07-07,,,18.9,,11.9,19.0,18.9,27.5
2025-07-08,,,26.3,,18.1,24.1,25.2,35.0
2025-07-09,,,38.6,,23.3,38.2,33.3,47.4
2025-07-10,,,21.2,,15.4,20.5,21.7,30.9
2025-07-11,,,21.6,,16.4,19.8,20.6,66.9
2025-07-12,,,14.5,,13.4,18.5,21.1,28.0
2025-07-13,,,15.1,,10.5,14.1,19.2,18.0
2025-07-14,,,24.1,,14.2,,21.9,43.6
2025-07-15,,,23.8,,17.0,,21.3,44.0
2025-07-16,,,25.6,,22.0,,22.2,42.3
2025-07-17,,,38.0,,24.4,,35.5,46.2
2025-07-18,,,33.7,,25.4,,32.9,47.7
2025-07-19,,,20.4,,17.6,,23.1,42.9
2025-07-20,,,16.2,,12.9,,20.7,22.2
2025-07-21,,,27.6,,20.2,,31.4,40.3
2025-07-22,,,39.5,,20.7,,30.5,44.3
2025-07-23,,,26.3,,19.4,,31.3,40.6
2025-07-24,,,29.8,,23.6,,24.7,36.3
2025-07-25,,,28.4,,27.5,,34.0,42.4
2025-07-26,,,38.2,,22.2,,32.3,53.6
2025-07-27,,,32.9,,20.3,,30.3,40.9
2025-07-28,,,37.4,,21.5,,31.9,58.5
2025-07-29,,,32.2,,23.3,,32.7,55.6
2025-07-30,,,26.5,,21.8,,28.8,57.6
2025-07-31,,,23.5,,17.1,,24.1,35.8
2025-08-01,,,23.2,,16.9,,28.4,30.8
2025-08-02,,,22.9,,8.8,,19.6,30.9
2025-08-03,,,19.8,,15.3,,19.7,24.2
2025-08-04,,,27.3,,20.3,,26.6,32.5
2025-08-05,,,19.8,,13.8,,18.3,23.2
2025-08-06,,,21.9,,12.3,,18.3,22.0
2025-08-07,,,20.4,,12.7,,18.6,24.7
2025-08-08,,,22.1,,13.8,,23.2,24.1
2025-08-09,,,20.4,,15.6,,22.0,22.9
2025-08-10,,,20.4,,13.2,,26.2,24.7
2025-08-11,,,25.9,,23.3,,30.4,31.1
2025-08-12,,,29.1,,20.1,25.9,30.6,28.9
2025-08-13,,,28.2,,22.0,23.6,30.5,38.3
2025-08-14,,,34.9,,19.1,26.2,30.0,33.5
2025-08-15,,,27.8,,20.8,27.7,25.4,31.7
2025-08-16,,,28.0,,24.8,27.9,30.7,34.8
2025-08-17,,,20.8,,16.0,16.3,25.2,23.0
2025-08-18,,,29.9,,23.4,26.7,30.8,35.1
2025-08-19,,,31.2,,21.4,27.2,29.5,34.3
2025-08-20,,,23.6,,17.6,22.4,25.1,27.9
2025-08-21,,,32.7,,27.6,37.6,40.3,49.5
2025-08-22,,,32.3,,21.3,28.8,29.3,35.6
2025-08-23,,,25.4,,17.9,23.3,22.7,29.3
2025-08-24,,,27.3,,17.7,22.1,23.1,27.8
2025-08-25,,,24.0,,14.3,,19.6,23.5
2025-08-26,,,20.6,,13.5,23.1,22.7,28.6
2025-08-27,,,14.2,,12.8,18.0,20.3,22.8
2025-08-28,,,13.7,,16.0,30.5,23.4,23.4
2025-08-29,,,16.8,,18.5,26.7,27.1,25.2
2025-08-30,,,30.3,,19.6,28.2,29.1,32.0
2025-08-31,,,21.5,,13.6,17.1,19.6,19.6
2025-09-01,,,21.0,,10.4,20.6,20.1,23.0
2025-09-02,,,27.5,,14.2,23.7,24.4,29.9
2025-09-03,,,25.4,,14.7,22.9,23.8,26.0
2025-09-04,,,34.1,,18.3,26.8,28.4,30.9
2025-09-05,,,25.5,,11.4,22.1,,28.4
2025-09-06,,,24.1,,13.9,24.2,24.5,31.2
2025-09-07,,,23.3,,8.6,16.7,24.5,24.3
2025-09-08,,,,,7.0,,18.7,18.1
2025-09-09,,,15.2,,9.6,,18.2,22.9
2025-09-10,,,20.2,,18.4,,28.9,31.6
2025-09-11,,,22.1,,19.5,,29.9,30.6
2025-09-12,,,24.5,,16.3,,22.6,25.9
2025-09-13,,,23.3,,15.0,,24.8,23.9
2025-09-14,,,19.2,,10.1,,16.7,23.0
2025-09-15,,,20.9,,9.8,,17.4,24.1
2025-09-16,,,20.2,,9.9,,23.7,27.3
2025-09-17,,,22.2,,13.8,,22.1,23.4
2025-09-18,,,21.8,,18.2,,29.5,27.2
2025-09-19,,,27.1,,19.2,,29.6,29.5
2025-09-20,,,19.1,,13.9,,23.0,23.5
2025-09-21,,,16.2,,12.2,,22.4,24.9
2025-09-22,,,13.4,,10.6,,25.2,28.7
2025-09-23,,,15.4,,10.1,,21.1,28.1
2025-09-24,,,17.7,,16.4,,27.9,28.2
2025-09-25,,,21.2,,10.0,,16.6,25.2
2025-09-26,,,20.4,,14.3,,26.6,31.1
2025-09-27,,,19.6,,10.2,,22.5,33.6
2025-09-28,,,13.5,,9.3,,12.6,17.9
2025-09-29,,,18.2,,10.5,,16.4,22.5
2025-09-30,,,23.3,,9.6,,18.9,31.8
2025-10-01,,,20.7,,11.9,,20.1,36.9
2025-10-02,,,17.7,,9.1,,14.2,21.0
2025-10-03,,,16.7,,9.9,,15.4,19.7
2025-10-04,,,24.6,,10.9,,16.3,30.7
2025-10-05,,,20.2,,10.3,,15.5,31.3
2025-10-06,,,,,13.0,,20.0,29.2
2025-10-07,,,,,9.0,12.4,10.1,14.2
2025-10-08,,,16.7,,10.1,15.5,14.5,21.6
2025-10-09,,,18.0,,10.0,28.5,19.5,45.2
2025-10-10,,,13.1,,10.2,22.1,22.9,35.8
2025-10-11,,,10.7,,8.9,21.6,19.4,33.9
2025-10-12,,,14.2,,9.9,16.0,17.2,33.6
2025-10-13,,,18.6,,11.6,22.0,18.1,51.7
2025-10-14,,,19.8,,12.2,26.8,22.2,44.9
2025-10-15,,,,,12.6,20.2,24.5,34.6
2025-10-16,,,,,11.2,19.0,23.7,30.3
2025-10-17,,,,,10.9,15.3,15.1,25.5
2025-10-18,,,,,12.2,21.9,23.8,30.7
2025-10-19,,,,,11.6,14.5,18.1,19.1
2025-10-20,,,,,11.9,,20.7,28.4
2025-10-21,,,18.8,,12.9,,19.2,
2025-10-22,,,25.4,,,,20.5,
2025-10-23,,,24.9,,14.2,,16.5,
2025-10-24,,,32.1,,19.9,,27.1,
2025-10-25,,,30.7,,18.9,,25.8,
2025-10-26,,,,,33.9,,,
2025-10-27,,,,,17.6,,,
2025-10-28,,,25.3,,15.5,,21.1,31.0
2025-10-29,,,17.4,,15.4,,22.0,31.6
2025-10-30,,,15.3,,15.2,,28.5,27.0
2025-10-31,,,38.9,,21.0,,29.5,42.6
2025-11-01,,,17.9,,11.8,,17.6,24.9
2025-11-02,,,17.3,,12.9,,17.4,25.8
2025-11-03,,,24.2,,13.4,,20.4,35.2
2025-11-04,,,22.1,,12.2,,19.6,31.6
2025-11-05,,,21.5,,12.7,,25.5,51.5
2025-11-06,,,,,10.0,,21.5,36.5
2025-11-07,,,,,14.1,,21.1,33.7
2025-11-08,,,,,11.4,,22.0,40.1
2025-11-09,,,,,13.9,,21.5,33.2
2025-11-10,,,,,7.5,,12.7,22.2
2025-11-11,,,,,9.2,,14.6,31.8
2025-11-12,,,,,9.0,,22.9,52.5
2025-11-13,,,,,7.6,,21.5,46.9
2025-11-14,,,,,9.6,,21.6,48.6
2025-11-15,,,21.9,,16.8,,24.9,39.7
2025-11-16,,,24.5,,17.1,,27.2,33.7
2025-11-17,,,53.1,,41.6,,55.7,75.9
2025-11-18,,,75.1,,66.0,,87.0,98.7
2025-11-19,,,48.8,,11.7,,24.6,50.7
2025-11-20,,,26.0,,11.4,,25.0,45.9
2025-11-21,,,18.8,,9.1,,13.9,35.5
2025-11-22,,,13.5,,7.0,,11.3,21.1
2025-11-23,,,15.6,,8.9,,13.5,19.1
2025-11-24,,,19.4,,12.0,,19.8,36.5
2025-11-25,,,43.8,,29.3,,40.8,54.7
2025-11-26,,,37.3,,11.6,,26.1,47.0
2025-11-27,,,17.1,,6.1,,11.0,24.3
2025-11-28,,,13.5,,4.2,,11.3,16.7
2025-11-29,,,23.3,,6.5,,12.1,26.6
2025-11-30,,,24.8,,8.6,,18.0,47.4
2025-12-01,,,20.0,,11.1,,27.8,66.7
2025-12-02,,,26.6,,19.0,,49.1,55.9
2025-12-03,,,29.3,,13.4,,23.3,32.3
2025-12-04,,,21.9,,10.5,,16.3,25.5
2025-12-05,,,14.1,,9.1,,13.6,19.6
2025-12-06,,,16.6,,11.0,,14.9,16.9
2025-12-07,,,22.1,,16.3,,21.8,22.7
2025-12-08,,,24.8,,15.1,,22.3,29.4
2025-12-09,,,18.1,,12.8,,28.2,41.0
2025-12-10,,,19.5,,10.0,,29.8,48.8
2025-12-11,,,24.4,,11.2,,30.9,74.0
2025-12-12,,,42.8,,12.0,,29.9,85.5
2025-12-13,,,12.8,,10.7,,22.0,36.7
2025-12-14,,,12.9,,10.2,,20.5,43.8
2025-12-15,,,10.5,,10.8,,21.2,30.0
2025-12-16,,,14.9,,11.4,,23.1,31.5
2025-12-17,,,20.4,,14.7,,29.7,
2025-12-18,,,15.7,,12.4,,25.1,36.0
2025-12-19,,,15.4,,13.5,,25.0,32.9
2025-12-20,,,9.3,,7.1,,19.8,22.0
2025-12-21,,,10.1,,6.6,,14.9,15.3
2025-12-22,,,18.1,,8.1,,25.1,48.9
2025-12-23,,,15.2,,11.1,,19.5,27.6
2025-12-24,,,17.0,,11.7,,19.1,27.0
2025-12-25,,,42.1,,29.1,,43.6,56.7
2025-12-26,,,11.6,,10.3,,20.8,27.5
2025-12-27,,,23.7,,15.2,,29.9,28.2
2025-12-28,,,24.3,,16.2,,28.7,32.7
2025-12-29,,,17.6,,12.5,,28.8,28.3
2025-12-30,,,21.1,,,,17.0,26.3
2025-12-31,,,15.1,,11.2,,17.0,22.6
2026-01-01,,,13.2,,9.6,11.8,18.0,14.7
2026-01-02,,,13.1,,14.5,12.2,13.6,
2026-01-03,,,29.9,,31.2,34.7,34.3,30.4
2026-01-04,,,80.0,,59.1,93.2,88.9,78.5
2026-01-05,,,187.7,,155.3,221.9,216.0,174.9
2026-01-06,,,170.8,,119.8,184.4,177.4,150.5
2026-01-07,,,25.4,,12.3,22.2,20.6,
2026-01-08,,,16.2,,13.9,17.9,16.6,
2026-01-09,,,23.5,,15.0,23.3,18.8,
2026-01-10,,,24.1,,15.2,22.1,21.7,
2026-01-11,,,14.7,,11.2,15.0,15.5,11.9
2026-01-12,,,15.5,,5.3,12.1,16.1,20.5
2026-01-13,,,18.0,,5.2,15.3,18.4,44.8
2026-01-14,,,16.6,,11.0,22.7,22.1,30.4
2026-01-15,,,22.1,,20.8,33.1,26.5,25.5
2026-01-16,,,30.8,,21.9,39.2,32.1,31.4
2026-01-17,,,19.6,,11.7,22.9,,27.1
2026-01-18,,,21.8,,19.0,24.5,28.8,27.2
2026-01-19,,,32.8,,23.9,46.7,51.1,35.6
2026-01-20,,,88.4,,42.1,107.5,79.1,84.7
2026-01-21,,,43.6,,35.7,38.6,41.6,39.5
2026-01-22,,,,,42.9,48.3,50.7,48.3
2026-01-23,,,32.0,,13.6,25.8,22.4,25.1
2026-01-24,,,143.0,,128.4,165.8,156.6,142.1
2026-01-25,,,41.0,,25.6,39.8,36.0,36.6
2026-01-26,,,17.1,,12.2,17.0,17.0,16.9
2026-01-27,,,21.6,,9.7,15.6,14.8,20.9
2026-01-28,,,95.1,,69.5,103.0,90.7,
2026-01-29,,,38.0,,21.2,37.4,31.9,36.6
2026-01-30,,,17.8,,10.8,14.4,12.6,19.0
2026-01-31,,,21.2,,15.0,22.4,20.3,27.2
2026-02-01,,,13.7,,10.5,14.1,13.1,16.0
2026-02-02,,,27.3,,16.0,24.1,21.7,32.7
2026-02-03,,,48.0,,40.7,55.5,49.6,60.0
2026-02-04,,,144.1,,94.6,147.5,118.0,165.5
2026-02-05,,,139.8,,80.7,124.3,118.3,137.4
2026-02-06,,,87.9,,67.8,82.1,85.7,101.3
2026-02-07,,,29.1,,,24.1,18.6,33.7
2026-02-08,,,21.4,,14.8,18.1,17.8,25.4
2026-02-09,,,29.2,,13.4,23.7,21.2,33.9
2026-02-10,,,18.0,,9.9,14.2,11.9,21.5
2026-02-11,,,23.3,,16.0,23.9,18.0,29.9
2026-02-12,,,35.3,,25.7,33.3,32.1,38.9
2026-02-13,,,48.4,,34.3,,41.4,51.4
2026-02-14,,,77.1,,52.3,83.8,85.2,89.8
2026-02-15,,,20.8,,15.5,,18.9,23.9
2026-02-16,,,30.4,,20.3,27.6,26.4,35.0
2026-02-17,,,28.9,,21.6,27.3,25.3,34.1
2026-02-18,,,32.0,,18.3,24.4,24.1,35.6
2026-02-19,,,25.3,,17.6,25.7,20.1,34.6
2026-02-20,,,26.9,,16.0,20.9,20.2,33.8
2026-02-21,,,37.4,,19.5,25.7,26.3,32.9
2026-02-22,,,16.8,,11.7,11.9,13.1,17.5
2026-02-23,,,24.9,,12.9,16.9,13.4,28.3
2026-02-24,,,22.5,,13.7,18.3,13.8,31.7
2026-02-25,,,22.1,,13.2,19.2,17.5,
2026-02-26,,,22.2,,12.8,27.9,16.6,29.7
2026-02-27,,,23.1,,9.0,18.2,11.9,28.3
2026-02-28,,,22.2,,7.3,14.1,12.3,24.3
2026-03-01,,,14.5,,11.2,16.7,16.0,23.6
2026-03-02,,,12.9,,12.8,24.9,17.4,24.1
2026-03-03,,,16.7,,13.0,25.6,20.1,24.7
2026-03-04,,,16.3,,14.6,24.9,19.3,24.3
2026-03-05,,,14.9,,11.9,23.0,18.8,
2026-03-06,,,21.1,,14.5,27.6,22.1,29.9
2026-03-07,,,25.6,,18.8,28.4,28.0,34.1
2026-03-08,,,33.5,,23.2,40.7,32.8,40.1
2026-03-09,,,31.0,,21.1,32.8,31.2,41.0
2026-03-10,,,31.0,,18.7,35.3,34.3,43.4
2026-03-11,,,31.6,,20.7,32.3,28.6,41.9
2026-03-12,,,32.2,,21.1,27.0,23.4,36.7
2026-03-13,,,32.8,,15.1,19.9,18.5,34.6
2026-03-14,,,11.9,,5.6,8.3,10.0,19.2
2026-03-15,,,27.2,,16.6,24.5,23.5,29.6
2026-03-16,,,19.8,,12.5,20.2,23.4,34.8
2026-03-17,,,25.3,,13.3,23.3,28.7,35.4
2026-03-18,,,32.5,,13.9,22.9,25.0,36.8
2026-03-19,,,15.4,,7.0,10.1,10.6,18.5
2026-03-20,,,19.1,,6.6,13.4,12.4,30.0
2026-03-21,,,17.4,,12.4,16.7,17.8,32.0
2026-03-22,,,14.1,,8.9,11.9,16.3,25.1
2026-03-23,,,17.3,,7.9,14.2,16.5,34.0
2026-03-24,,,23.7,,7.8,14.2,16.8,37.9
2026-03-25,,,22.4,,14.7,18.3,19.3,30.1
2026-03-26,,,27.0,,15.5,21.0,20.3,40.9
2026-03-27,,,20.0,,12.1,15.3,17.6,29.0
2026-03-28,,,16.1,,8.5,11.6,12.8,18.0
2026-03-29,,,24.9,,13.8,18.3,18.4,26.9
2026-03-30,,,31.0,,11.5,22.7,17.3,42.3
2026-03-31,,,16.8,,10.7,13.8,13.9,22.9
2026-04-01,,,12.5,,8.4,11.3,11.0,16.5
2026-04-02,,,12.9,,10.3,11.8,12.5,16.0
2026-04-03,,,16.4,,12.4,15.0,14.7,19.6
2026-04-04,,,,,11.6,11.6,15.0,21.5
2026-04-05,,,21.7,,14.6,14.2,15.3,24.7
2026-04-06,,,27.3,,17.8,20.5,18.6,32.4
2026-04-07,,,23.5,,14.2,16.6,14.1,31.4
2026-04-08,,,19.7,,13.3,16.4,15.7,30.5
2026-04-09,,,30.0,,13.8,19.5,19.9,39.2
2026-04-10,,,24.5,,11.8,18.0,16.6,31.5
2026-04-11,,,18.0,,11.9,21.1,19.1,38.4
2026-04-12,,,35.7,,28.6,54.9,42.7,40.3
2026-04-13,,,285.8,,294.3,368.9,,308.2
2026-04-14,,,209.3,,105.5,217.9,199.5,197.6
2026-04-15,,,22.9,,10.7,23.9,16.0,24.9
2026-04-16,,,31.8,,18.7,35.0,27.9,38.1
2026-04-17,,,37.0,,24.2,36.4,30.2,44.6
2026-04-18,,,44.6,,23.9,42.2,33.8,47.2
2026-04-19,,,46.6,,23.9,46.7,36.9,49.0
2026-04-20,,,36.7,,23.9,33.8,30.7,40.3
2026-04-21,,,36.7,,,43.1,42.8,46.4
2026-04-22,,,41.0,,,43.4,45.6,49.8
2026-04-23,,,20.1,,,26.8,30.6,29.7
2026-04-24,,,16.9,,,15.8,24.1,20.2
2026-04-25,,,18.3,,,12.4,15.4,25.9
2026-04-26,,,13.1,,,9.6,9.9,20.6
2026-04-27,,,14.5,,,21.8,17.5,22.2
2026-04-28,,,14.6,,,22.5,24.3,21.8
2026-04-29,,,23.3,,18.8,35.0,28.2,31.2
2026-04-30,,,23.2,,21.5,32.1,25.3,31.5
2026-05-01,,,24.1,,17.7,28.8,28.0,28.9
2026-05-02,,,21.5,,16.7,20.9,25.6,26.0
2026-05-03,,,21.4,,14.2,18.6,18.9,11.6
2026-05-04,,,17.2,,13.0,21.5,19.1,24.5
2026-05-05,,,15.3,,14.5,29.6,21.9,
2026-05-06,,,29.3,,25.0,50.6,38.2,
2026-05-07,,,85.4,,79.9,112.2,103.3,
2026-05-08,,,88.9,,68.9,93.9,77.0,104.6
2026-05-09,,,48.9,,30.6,53.1,40.5,50.5
2026-05-10,,,41.8,,26.7,48.8,36.6,45.9
2026-05-11,,,28.6,,19.0,22.5,18.0,28.5
2026-05-12,,,26.3,,15.6,22.8,17.2,32.5
2026-05-13,,,29.2,,19.6,31.3,20.3,45.1
2026-05-14,,,21.4,,13.8,21.8,16.1,33.7
2026-05-15,,,38.2,,28.5,47.0,37.5,
2026-05-16,,,35.8,,23.0,37.9,22.6,
2026-05-17,,,19.2,,12.9,17.6,11.7,21.1
2026-05-18,,,21.8,,14.2,24.3,11.8,30.5
2026-05-19,,,21.2,,13.2,20.2,9.2,30.4
2026-05-20,,,18.4,,13.6,17.8,8.9,
2026-05-21,,,19.4,,11.5,20.9,9.6,25.5
2026-05-22,,,24.4,,17.3,25.0,12.7,29.0
2026-05-23,,,23.6,,13.6,25.5,11.7,32.9
2026-05-24,,,18.4,,11.2,16.3,10.6,24.3
2026-05-25,,,26.2,,17.4,22.2,15.5,30.9
2026-05-26,,,23.1,,17.3,22.5,16.1,26.7
2026-05-27,,,26.3,,13.2,22.0,19.1,30.6
2026-05-28,,,32.4,,18.9,24.3,17.6,38.8
2026-05-29,,,32.8,,24.1,33.4,23.5,36.4
2026-05-30,,,23.8,,19.1,25.6,19.2,28.8
2026-05-31,,,25.1,,15.5,21.6,14.7,25.8
2026-06-01,,,27.1,,17.8,23.1,16.3,34.2
2026-06-02,,,24.1,,15.1,20.5,17.4,29.3
2026-06-03,,,32.2,,24.8,35.0,27.6,45.4
2026-06-04,,,33.8,,24.4,34.8,25.2,44.4
2026-06-05,,,42.7,,23.9,36.3,30.8,40.3
2026-06-06,,,27.0,,19.1,29.3,25.4,34.3
2026-06-07,,,25.1,,16.8,20.1,18.1,28.5
2026-06-08,,,22.1,,14.2,24.3,18.1,25.5
2026-06-09,,,24.2,,16.5,27.7,19.0,26.7
2026-06-10,,,21.9,,13.1,25.7,20.1,25.9
2026-06-11,,,21.5,,19.0,27.4,27.7,37.5
2026-06-12,,,36.5,,26.7,34.4,26.4,45.4
2026-06-13,,,34.9,,25.7,37.0,25.3,38.6
2026-06-14,,,26.3,,12.3,21.6,16.7,29.1
2026-06-15,,,20.1,,14.6,20.3,18.5,25.3
2026-06-16,,,25.2,,19.0,28.4,23.1,33.3
2026-06-17,,,,,17.6,23.8,20.1,27.3
2026-06-18,,,,,16.9,29.1,20.7,25.7
2026-06-19,,,,,14.3,24.1,19.9,26.3
2026-06-20,,,24.1,,12.5,22.1,20.4,22.3
2026-06-21,,,20.1,,12.0,16.8,19.7,22.0
2026-06-22,,,24.6,,15.5,28.0,21.2,26.0
2026-06-23,,,24.7,,,19.2,18.0,
2026-06-24,,,22.1,,,19.0,16.9,
2026-06-25,,,23.2,,15.4,17.4,17.0,22.2
2026-06-26,,,23.4,,15.5,20.7,19.3,23.6
2026-06-27,,,24.6,,19.6,24.1,22.9,27.9
2026-06-28,,,24.6,,20.2,21.7,22.7,27.9
2026-06-29,,,26.7,,20.9,25.3,26.6,32.1
2026-06-30,,,27.8,,24.0,28.8,25.7,30.7
2026-07-01,,,35.8,,24.2,35.7,24.6,44.4
2026-07-02,,,48.7,,29.4,46.6,30.1,68.7
2026-07-03,,,37.7,,25.4,36.1,24.4,49.1
2026-07-04,,,26.7,,20.8,25.0,19.9,31.5
2026-07-05,,,24.6,,20.7,22.9,18.0,29.3
2026-07-06,,,18.8,,13.6,23.0,16.8,25.9
2026-07-07,,,21.1,,13.2,17.0,16.0,27.8
2026-07-08,,,22.0,,15.6,20.1,14.1,28.0
2026-07-09,,,34.7,,23.5,28.3,21.1,35.1
2026-07-10,,,20.2,,29.6,31.6,26.4,27.4
2026-07-11,,,17.8,,18.7,23.5,19.7,22.8
2026-07-12,,,,,15.6,17.2,17.2,22.7
2026-07-13,,,28.4,,26.2,28.9,21.4,33.4
2026-07-14,,,31.7,,-119.7,22.8,20.0,31.6
2026-07-15,,,24.4,,17.2,21.1,17.2,33.8
2026-07-16,,,35.1,,28.8,36.9,27.3,40.0
2026-07-17,,,36.0,,30.3,40.8,37.8,44.7
2026-07-18,,,55.9,,38.9,50.8,39.0,62.8
2026-07-19,,,71.9,,68.4,-192.4,72.1,81.5
2026-07-20,,,82.4,,65.8,84.0,79.9,90.7
2026-07-21,,,77.1,,65.7,86.9,81.9,85.2
2026-07-22,,,87.1,,60.2,,70.8,97.0
2026-07-23,,,68.2,,,63.9,56.0,63.7
2026-07-24,,,44.4,,29.6,40.9,34.3,
2026-07-25,,,19.7,,16.7,22.3,24.2,
2026-07-26,,,23.3,,19.9,30.0,27.9,27.6
2026-07-27,,,33.4,,24.2,47.0,35.7,38.1
2026-07-28,,,45.4,,34.2,41.9,33.9,50.0
2026-07-29,,,30.3,,16.8,28.4,22.0,32.7
2026-07-30,,,27.5,,19.8,28.3,22.5,32.8
2026-07-31,,,30.3,,28.1,37.4,34.1,36.8
2026-08-01,,,38.2,,30.1,40.4,36.8,40.8
2026-08-02,,,32.7,,27.7,30.5,26.9,37.1
2026-08-03,,,32.4,,19.7,32.2,25.3,33.9
2026-08-04,,,25.3,,19.2,31.4,29.2,33.3
2026-08-17,,,29.0,,22.4,27.0,23.5,33.8
2026-08-18,,,31.0,,23.8,29.8,27.9,38.7
2026-08-19,,,23.9,,19.2,23.2,20.9,
2026-08-20,,,18.9,,22.0,27.8,22.5,21.7
2026-08-21,,,23.1,,16.0,22.5,20.3,24.9
2026-08-22,,,21.4,,14.9,18.2,14.9,26.4
2026-08-23,,,20.5,,15.6,19.1,19.7,22.8
2026-08-24,,,26.3,,30.0,37.9,35.2,32.1
2026-08-25,,,32.5,,26.2,37.5,37.4,42.8
2026-08-26,,,46.9,,34.4,49.6,41.2,55.5
2026-08-27,,,40.5,,42.9,54.6,57.8,50.4
2026-08-28,,,82.8,,56.1,145.4,101.9,103.2
2026-08-29,,,120.7,,,128.1,114.7,
2026-08-30,,,92.4,,,100.0,90.1,
2026-08-31,,,60.6,,45.0,66.3,52.7,66.8
2026-09-01,,,34.3,,29.1,39.9,33.6,37.5
2026-09-02,,,27.8,,16.3,30.9,25.6,28.5
2026-09-03,,,19.7,,14.6,22.9,19.1,23.4
2026-09-04,,,21.9,,14.7,21.9,19.0,24.0
2026-09-05,,,23.4,,13.4,22.9,20.0,25.2
2026-09-06,,,21.0,,13.7,18.8,17.4,25.4
2026-09-07,,,23.0,,14.3,23.4,16.8,24.6
2026-09-08,,,23.8,,12.1,20.7,20.2,26.0
2026-09-09,,,21.1,,11.0,19.2,17.4,26.3
2026-09-10,,,22.1,,18.3,28.8,23.3,28.3
2026-09-11,,,30.3,,20.5,30.5,26.3,27.0
2026-09-12,,,24.6,,16.8,28.3,22.3,27.3
2026-09-13,,,25.6,,14.3,25.0,25.1,37.0
2026-09-14,,,17.2,,12.8,22.2,17.8,29.8
2026-09-15,,,22.2,,10.6,28.3,17.9,32.7
2026-09-16,,,14.9,,12.2,18.3,16.2,22.9
2026-09-17,,,24.8,,8.0,32.5,17.0,25.3
2026-09-18,,,23.3,,8.8,17.9,16.1,27.6
2026-09-19,,,22.8,,12.7,20.6,18.1,27.3
2026-09-20,,,23.2,,9.2,17.3,16.6,26.2
2026-09-21,,,18.4,,8.4,15.5,14.0,21.7
2026-09-22,,,23.7,,12.4,21.7,17.0,28.1
2026-09-23,,,17.6,,12.3,21.4,26.6,35.2
2026-09-24,,,17.5,,12.5,23.4,21.6,27.5
2026-09-25,,,21.9,,9.0,14.4,14.9,29.1
2026-09-26,,,17.7,,9.8,14.8,15.1,25.8
2026-09-27,,,14.2,,9.9,13.7,23.0,21.5
2026-09-28,,,20.2,,13.4,36.5,20.5,31.7
2026-09-29,,,16.3,,12.3,32.8,20.6,33.7
2026-09-30,,,19.6,,11.7,22.5,23.4,32.9
2026-10-01,,,14.5,,12.9,19.4,18.3,21.2
2026-10-02,,,16.7,,12.8,22.6,19.6,26.2
2026-10-03,,,22.0,,11.4,35.0,23.5,30.7
2026-10-04,,,18.1,,10.6,22.6,22.0,28.7
2026-10-05,,,25.2,,10.3,32.1,18.5,30.1
