date,MT00004,MT00005,MT00007,MT00008,MT00009,MT00011
2006-07-01,,36.600,,,,
2006-07-02,,35.700,,,,
2006-07-03,,25.300,,,,
2006-07-04,,32.200,,,,
2006-07-05,,22.400,,,,
2006-07-06,16.600,18.000,,,,
2006-07-07,17.600,16.600,,,,
2006-07-08,20.900,18.500,,,,
2006-07-09,22.700,21.800,,,,
2006-07-10,21.600,21.700,,,,
2006-07-11,23.200,23.700,,,,
2006-07-12,25.000,25.700,,,,
2006-07-13,28.700,27.800,,,,
2006-07-14,29.800,30.200,,,,
2006-07-15,29.800,24.100,,,,
2006-07-16,40.400,31.300,,,,
2006-07-17,25.400,28.600,,,,
2006-07-18,21.700,22.900,,,,
2006-07-19,22.900,24.500,,,,
2006-07-20,22.000,25.700,,,,
2006-07-21,22.300,24.300,,,,
2006-07-22,22.900,29.100,,,,
2006-07-23,29.600,27.800,,,,
2006-07-24,31.800,25.000,,,,
2006-07-25,32.200,24.700,,,,
2006-07-26,35.000,24.300,,,,
2006-07-27,45.600,36.000,,,,
2006-07-28,39.300,,,,,
2006-07-29,30.400,,,,,
2006-07-30,22.900,,,,,
2006-07-31,19.400,19.300,,,,
2006-08-01,21.100,20.200,,,,
2006-08-02,16.700,17.100,,,,
2006-08-03,15.000,14.000,,,,
2006-08-04,16.200,15.100,,,,
2006-08-05,13.400,,,,,
2006-08-06,17.000,,,,,
2006-08-07,11.200,,,,,
2006-08-08,13.300,13.900,,,,
2006-08-09,11.800,13.700,,,,
2006-08-10,11.900,15.600,,,,
2006-08-11,12.500,15.400,,,,
2006-08-12,10.200,15.900,,,,
2006-08-13,16.300,15.400,,,,
2006-08-14,16.000,,,,,
2006-08-15,12.900,,,,,
2006-08-16,9.900,,,,,
2006-08-17,8.000,,,,,
2006-08-18,8.100,,,,,
2006-08-19,28.700,,,,,
2006-08-23,15.400,22.400,,,,
2006-08-24,13.400,21.600,,,,
2006-08-25,11.300,18.900,,,,
2006-08-26,12.100,13.200,,,,
2006-08-27,7.200,10.100,,,,
2006-08-28,8.400,12.000,,,,
2006-08-29,8.500,10.700,,,,
2006-08-30,8.600,11.100,,,,
2006-08-31,8.700,12.000,,,,
2006-09-01,5.700,12.200,,,,
2006-09-02,13.300,19.300,,,,
2006-09-03,15.900,24.700,,,,
2006-09-04,18.000,20.000,,,,
2006-09-05,16.300,18.400,,,,
2006-09-06,18.200,23.400,,,,
2006-09-07,26.700,33.700,,,,
2006-09-08,32.600,34.500,,,,
2006-09-09,22.800,24.100,,,,
2006-09-10,18.100,19.700,,,,
2006-09-11,20.700,25.600,,,,
2006-09-12,16.500,26.800,,,,
2006-09-13,15.500,24.900,,,,
2006-09-14,11.400,21.400,,,,
2006-09-15,24.700,29.800,,,,
2006-09-16,10.900,14.300,,,,
2006-09-17,8.700,12.300,,,,
2006-09-18,10.500,11.200,,,,
2006-09-19,9.400,12.600,,,,
2006-09-20,10.600,14.700,,,,
2006-09-21,14.400,18.300,,,,
2006-09-22,17.700,27.200,,,,
2006-09-23,13.800,23.200,,,,
2006-09-24,9.100,24.500,,,,
2006-09-25,12.500,20.300,,,,
2006-09-26,7.500,9.200,,,,
2006-09-27,10.100,11.000,,,,
2006-09-28,19.700,21.500,,,,
2006-09-29,20.200,20.400,,,,
2006-09-30,19.200,25.700,,,,
2006-10-01,21.200,27.400,,,,
2006-10-02,19.300,28.300,,,,
2006-10-03,11.500,22.700,,,,
2006-10-04,14.100,17.600,,,,
2006-10-05,16.700,21.700,,,,
2006-10-06,8.900,15.500,,,,
2006-10-07,8.600,10.800,,,,
2006-10-08,10.100,11.300,,,,
2006-10-09,10.900,16.300,,,,
2006-10-10,13.800,19.000,,,,
2006-10-11,19.700,25.000,,,,
2006-10-12,21.800,35.900,,,,
2006-10-13,20.300,36.200,,,,
2006-10-14,9.400,25.600,,,,
2006-10-15,6.100,14.200,,,,
2006-10-16,10.200,14.800,,,,
2006-10-17,16.000,22.300,,,,
2006-10-18,11.800,25.800,,,,
2006-10-19,10.600,18.400,,,,
2006-10-20,11.800,17.100,,,,
2006-10-21,13.200,20.600,,,,
2006-10-22,15.000,27.900,,,,
2006-10-23,14.600,26.700,,,,
2006-10-24,16.900,35.900,,,,
2006-10-25,17.400,32.400,,,,
2006-10-26,5.500,28.500,,,,
2006-10-27,12.600,20.400,,,,
2006-10-28,25.800,30.000,,,,
2006-10-29,22.700,22.300,,,,
2006-10-30,22.200,33.100,,,,
2006-10-31,10.300,20.600,,,,
2006-11-01,10.000,25.100,,,,
2006-11-02,18.200,20.000,,,,
2006-11-03,8.400,13.100,,,,
2006-11-04,5.400,9.200,,,,
2006-11-05,8.000,13.300,,,,
2006-11-06,8.000,33.100,,,,
2006-11-07,11.300,44.000,,,,
2006-11-08,22.400,44.500,,,,
2006-11-09,23.900,30.700,,,,
2006-11-10,14.400,24.000,,,,
2006-11-11,10.500,14.200,,,,
2006-11-12,11.700,13.000,,,,
2006-11-13,11.200,14.300,,,,
2006-11-14,7.300,18.600,,,,
2006-11-15,7.100,36.800,,,,
2006-11-16,11.300,35.400,,,,
2006-11-17,6.500,33.500,,,,
2006-11-18,9.900,24.000,,,,
2006-11-19,11.500,15.100,,,,
2006-11-20,15.200,22.400,,,,
2006-11-21,15.100,26.100,,,,
2006-11-22,11.200,12.600,,,,
2006-11-23,14.600,16.900,,,,
2006-11-24,21.700,41.500,,,,
2006-11-25,13.500,46.800,,,,
2006-11-26,10.900,36.100,,,,
2006-11-27,9.200,14.800,,,,
2006-11-28,,20.800,,,,
2006-11-29,,24.900,,,,
2006-11-30,13.100,19.500,,,,
2006-12-01,15.500,19.700,,,,
2006-12-02,13.300,23.900,,,,
2006-12-03,9.300,25.200,,,,
2006-12-04,26.400,38.000,,,,
2006-12-05,16.600,27.300,,,,
2006-12-06,13.600,24.000,,,,
2006-12-07,10.000,40.300,,,,
2006-12-08,9.700,38.000,,,,
2006-12-09,9.400,36.100,,,,
2006-12-10,13.000,31.900,,,,
2006-12-11,7.800,44.200,,,,
2006-12-12,6.900,12.300,,,,
2006-12-13,5.500,11.000,,,,
2006-12-14,7.000,18.900,,,,
2006-12-15,10.200,16.900,,,,
2006-12-16,8.500,13.700,,,,
2006-12-17,13.100,22.400,,,,
2006-12-18,12.800,25.800,,,,
2006-12-19,12.100,22.600,,,,
2006-12-20,16.800,44.600,,,,
2006-12-21,11.200,22.200,,,,
2006-12-22,23.900,36.000,,,,
2006-12-23,12.200,30.700,,,,
2006-12-24,7.500,13.600,,,,
2006-12-25,10.600,28.900,,,,
2006-12-26,10.500,14.800,,,,
2006-12-27,14.500,39.100,,,,
2006-12-28,17.000,42.000,,,,
2006-12-29,29.500,37.700,,,,
2006-12-30,18.000,45.400,,,,
2006-12-31,18.200,29.900,,,,
2007-01-01,12.300,22.600,,,,
2007-01-02,6.900,10.300,,,,
2007-01-03,,9.200,,,,
2007-01-04,,8.800,,,,
2007-01-05,9.300,15.100,,,,
2007-01-06,13.500,25.700,,,,
2007-01-07,11.200,34.100,,,,
2007-01-08,14.900,34.200,,,,
2007-01-09,17.000,33.200,,,,
2007-01-10,12.000,16.100,,,,
2007-01-11,19.800,24.800,,,,
2007-01-12,12.500,16.200,,,,
2007-01-13,21.800,31.200,,,,
2007-01-14,17.400,30.300,,,,
2007-01-15,22.000,37.900,,,,
2007-01-16,18.600,47.100,,,,
2007-01-17,9.900,44.800,,,,
2007-01-18,17.100,30.700,,,,
2007-01-19,19.100,21.700,,,,
2007-01-20,22.300,27.600,,,,
2007-01-21,12.300,15.700,,,,
2007-01-22,14.700,22.000,,,,
2007-01-23,11.200,13.900,,,,
2007-01-24,14.500,22.300,,,,
2007-01-25,13.900,21.900,,,,
2007-01-26,10.400,27.500,,,,
2007-01-27,19.400,21.700,,,,
2007-01-28,11.600,14.600,,,,
2007-01-29,7.900,16.200,,,,
2007-01-30,16.200,26.700,,,,
2007-01-31,8.700,14.900,,,,
2007-02-01,14.500,25.300,,,,
2007-02-02,10.900,19.400,,,,
2007-02-03,15.100,30.500,,,,
2007-02-04,12.200,17.300,,,,
2007-02-05,9.100,19.100,,,,
2007-02-06,8.100,24.700,,,,
2007-02-07,10.000,13.100,,,,
2007-02-08,14.300,23.000,,,,
2007-02-09,10.100,22.600,,,,
2007-02-10,8.100,9.800,,,,
2007-02-11,11.900,14.600,,,,
2007-02-12,16.300,14.800,,,,
2007-02-13,11.100,14.900,,,,
2007-02-14,15.800,15.900,,,,
2007-02-15,11.500,17.300,,,,
2007-02-16,12.400,17.000,,,,
2007-02-17,8.000,12.300,,,,
2007-02-18,6.000,23.200,,,,
2007-02-19,11.100,18.200,,,,
2007-02-20,11.100,14.000,,,,
2007-02-21,12.700,19.500,,,,
2007-02-22,9.900,18.700,,,,
2007-02-23,10.400,17.700,,,,
2007-02-24,17.400,15.800,,,,
2007-02-25,12.500,15.700,,,,
2007-02-26,9.400,13.100,,,,
2007-02-27,12.100,15.500,,,,
2007-02-28,18.700,16.000,,,,
2007-03-01,10.400,14.400,,,,
2007-03-02,10.400,17.500,,,,
2007-03-03,13.600,15.800,,,,
2007-03-04,18.300,18.000,,,,
2007-03-05,18.200,28.600,,,,
2007-03-06,11.200,25.300,,,,
2007-03-07,8.800,18.800,,,,
2007-03-08,12.100,19.300,,,,
2007-03-09,20.000,23.500,,,,
2007-03-10,14.000,15.900,,,,
2007-03-11,20.700,23.600,,,,
2007-03-12,13.700,34.000,,,,
2007-03-13,13.900,23.600,,,,
2007-03-14,28.300,34.600,,,,
2007-03-15,31.300,34.900,,,,
2007-03-16,24.700,38.000,,,,
2007-03-17,19.500,40.400,,,,
2007-03-18,21.100,25.200,,,,
2007-03-19,21.100,19.100,,,,
2007-03-20,12.800,19.100,,,,
2007-03-21,6.300,11.100,,,,
2007-03-22,10.100,11.300,,,,
2007-03-23,12.500,11.700,,,,
2007-03-24,9.900,10.000,,,,
2007-03-25,20.500,25.600,,,,
2007-03-26,24.900,31.700,,,,
2007-03-27,,25.700,,,,
2007-03-28,,26.200,,,,
2007-03-29,,71.200,,,,
2007-03-30,,26.000,,,,
2007-03-31,18.400,18.300,,,,
2007-04-01,16.700,23.000,,,,
2007-04-02,,18.600,,,,
2007-04-03,,27.300,,,,
2007-04-04,,13.600,,,,
2007-04-05,,25.200,,,,
2007-04-06,,21.300,,,,
2007-04-07,,26.100,,,,
2007-04-08,,18.800,,,,
2007-04-09,,17.100,,,,
2007-04-10,,32.700,,,,
2007-04-11,,31.000,,,,
2007-04-12,,23.900,,,,
2007-04-13,,22.300,,,,
2007-04-14,,22.600,,,,
2007-04-15,,21.100,,,,
2007-04-16,18.300,27.200,,,,
2007-04-17,20.900,26.700,,,,
2007-04-18,25.900,32.000,,,,
2007-04-19,13.800,22.200,,,,
2007-04-20,17.000,17.400,,,,
2007-04-21,22.200,24.300,,,,
2007-04-22,21.600,26.400,,,,
2007-04-23,,34.100,,,,
2007-04-24,,28.900,,,,
2007-04-25,,27.000,,,,
2007-04-26,,29.700,,,,
2007-04-27,,25.200,,,,
2007-04-28,17.100,22.600,,,,
2007-04-29,17.000,25.000,,,,
2007-04-30,15.800,26.300,,,,
2007-05-01,16.300,17.900,,,,
2007-05-02,19.000,22.900,,,,
2007-05-03,12.700,25.000,,,,
2007-05-04,23.200,33.700,,,,
2007-05-05,25.600,28.300,,,,
2007-05-06,17.700,18.900,,,,
2007-05-08,,19.100,,,,
2007-05-09,18.000,20.200,,,,
2007-05-10,25.100,25.100,,,,
2007-05-11,19.800,20.400,,,,
2007-05-12,20.000,20.000,,,,
2007-05-13,26.200,26.600,,,,
2007-05-14,16.100,37.300,,,,
2007-05-15,24.600,,,,,
2007-05-22,15.600,19.200,,,,
2007-05-23,15.600,19.200,,,,
2007-05-24,25.400,30.000,,,,
2007-05-25,25.000,33.600,,,,
2007-05-26,17.900,25.200,,,,
2007-05-27,23.700,41.300,,,,
2007-05-28,13.200,15.500,,,,
2007-05-31,15.000,15.600,,,,
2007-06-01,12.000,16.600,7.500,,,
2007-06-02,10.500,12.900,7.900,,,
2007-06-03,4.800,8.400,3.500,,,
2007-06-04,,13.700,5.900,,,
2007-06-05,,24.200,9.900,,,
2007-06-06,,,7.400,,,
2007-06-07,,,8.000,,,
2007-06-08,13.900,,10.700,,,
2007-06-09,,,15.400,,,
2007-06-10,,,15.100,,,
2007-06-11,,,11.800,,,
2007-06-12,,,11.900,,,
2007-06-13,,17.800,9.400,,,
2007-06-14,,27.800,17.900,,,
2007-06-15,23.300,33.100,22.200,,,
2007-06-16,19.600,26.400,15.800,,,
2007-06-17,20.500,21.500,8.200,,,
2007-06-18,18.800,28.000,18.600,,,
2007-06-19,,26.600,10.900,,,
2007-06-20,,23.500,11.900,,,
2007-06-21,29.700,35.700,21.200,,,
2007-06-22,33.600,45.600,25.800,,,
2007-06-23,32.100,38.700,21.700,,,
2007-06-24,26.800,48.000,23.600,,,
2007-06-25,31.300,,24.500,,,
2007-06-26,28.900,,23.600,,,
2007-06-27,37.500,,23.500,,,
2007-06-28,14.700,,18.500,,,
2007-06-29,13.300,,13.500,,,
2007-06-30,21.200,,19.800,,,
2007-07-01,15.600,,22.100,,,
2007-07-02,10.300,,13.900,,,
2007-07-03,15.500,,15.700,,,
2007-07-04,21.500,,18.200,,,
2007-07-05,,,12.200,,,
2007-07-06,,,7.300,,,
2007-07-07,15.600,23.200,11.000,,,
2007-07-08,12.100,19.200,11.600,,,
2007-07-09,12.700,16.000,8.200,,,
2007-07-10,16.200,17.800,12.400,,,
2007-07-11,15.900,16.300,11.000,,,
2007-07-12,12.300,14.600,19.900,,,
2007-07-13,12.600,18.700,10.800,,,
2007-07-14,17.500,18.000,11.200,,,
2007-07-15,15.000,19.600,14.600,,,
2007-07-16,21.100,33.200,17.700,,,
2007-07-17,21.300,24.400,16.800,,,
2007-07-18,28.000,34.900,22.500,,,
2007-07-19,27.500,,26.200,,,
2007-07-20,33.000,,27.500,,,
2007-07-21,35.500,,28.200,,,
2007-07-22,35.200,,26.700,,,
2007-07-23,42.100,,31.200,,,
2007-07-24,35.300,,26.500,,,
2007-07-25,31.300,,22.300,,,
2007-07-26,18.800,,13.400,,,
2007-07-27,19.300,,14.900,,,
2007-07-28,22.900,25.200,16.200,,,
2007-07-29,,24.400,19.900,,,
2007-07-30,,24.500,16.900,,,
2007-07-31,,21.800,12.000,,,
2007-08-01,,26.800,17.400,,,
2007-08-02,,31.400,19.100,,,
2007-08-03,,22.200,15.900,,,
2007-08-04,,20.300,17.000,,,
2007-08-05,,23.900,19.800,,,
2007-08-06,17.300,24.500,17.100,,,
2007-08-07,17.400,21.100,14.300,,,
2007-08-08,16.100,22.200,12.900,,,
2007-08-09,19.300,21.700,15.800,,,
2007-08-10,11.900,16.100,9.000,,,
2007-08-11,14.800,13.800,11.800,,,
2007-08-12,12.800,13.600,12.200,,,
2007-08-13,17.900,18.300,10.600,,,
2007-08-14,17.000,20.700,,,,
2007-08-15,19.200,25.200,,,,
2007-08-16,21.100,29.100,,,,
2007-08-17,,27.000,,,,
2007-08-18,21.000,23.400,,,,
2007-08-19,16.000,12.700,,,,
2007-08-20,16.700,26.100,,,,
2007-08-21,20.200,34.300,,,,
2007-08-22,22.500,28.400,,,,
2007-08-23,15.500,,,,,
2007-08-25,,43.400,,,,
2007-08-26,,27.900,,,,
2007-08-27,,45.400,,,,
2007-08-30,,,16.100,,,
2007-08-31,,,24.500,,,
2007-09-01,,,16.000,,,
2007-09-02,,,13.200,,,
2007-09-03,,,12.600,,,
2007-09-04,,21.100,13.100,,,
2007-09-05,,16.500,9.800,,,
2007-09-06,,17.600,5.900,,,
2007-09-07,,20.800,7.500,,,
2007-09-08,,13.100,5.900,,,
2007-09-09,,19.800,8.400,,,
2007-09-10,,21.900,7.000,,,
2007-09-11,,26.300,9.800,,,
2007-09-12,,21.700,14.800,,,
2007-09-13,,15.200,8.900,,,
2007-09-14,,21.100,11.000,,,
2007-09-15,,30.200,13.200,,,
2007-09-16,,30.400,17.400,,,
2007-09-17,,36.200,23.000,,,
2007-09-18,,25.500,12.900,,,
2007-09-19,,29.900,20.200,,,
2007-09-20,,14.900,13.500,,,
2007-09-21,,17.400,11.100,,,
2007-09-22,,29.600,14.200,,,
2007-09-23,,38.000,9.000,,,
2007-09-24,,33.800,13.400,,,
2007-09-25,,26.100,13.700,,,
2007-09-26,,19.900,10.300,,,
2007-09-27,,19.100,11.000,,,
2007-09-28,,29.600,11.800,,,
2007-09-29,,34.300,14.700,,,
2007-09-30,,24.400,14.000,,,
2007-10-01,,9.100,11.700,,,
2007-10-02,,30.300,16.700,,,
2007-10-03,,39.500,20.100,,,
2007-10-04,,34.000,18.000,,,
2007-10-05,,29.500,16.200,,,
2007-10-06,,27.600,18.400,,,
2007-10-07,,21.500,10.600,,,
2007-10-08,,13.700,7.000,,,
2007-10-09,,16.100,8.800,,,
2007-10-10,,14.500,10.700,,,
2007-10-11,,13.900,9.000,,,
2007-10-12,,23.700,8.500,,,
2007-10-13,,25.600,8.200,,,
2007-10-14,,10.900,10.100,,,
2007-10-15,,15.000,,,,
2007-10-16,,19.300,,,,
2007-10-17,,15.500,,,,
2007-10-18,,14.100,,,,
2007-10-19,,20.600,,,,
2007-10-20,,10.400,,,,
2007-10-21,,5.600,,,,
2007-10-22,,5.000,,,,
2007-10-23,,8.500,,,,
2007-10-24,14.400,18.800,,,,
2007-10-25,21.200,24.900,,,,
2007-10-26,,44.200,,,,
2007-10-27,170.600,134.800,,,,
2007-10-28,57.100,44.600,,,,
2007-10-29,53.400,54.100,,,,
2007-10-30,26.000,24.300,,,,
2007-10-31,29.300,29.400,,,,
2007-11-01,25.200,22.300,,,,
2007-11-02,20.400,23.500,,,,
2007-11-03,18.600,30.900,5.200,,,
2007-11-04,21.400,14.000,6.700,,,
2007-11-05,19.700,13.700,6.400,,,
2007-11-06,17.400,11.400,7.700,,,
2007-11-07,21.200,6.400,8.400,,,
2007-11-08,13.000,13.600,7.100,,,
2007-11-09,16.700,20.100,10.000,,,
2007-11-10,13.500,13.500,8.100,,,
2007-11-11,16.900,14.800,10.000,,,
2007-11-12,13.100,14.000,11.300,,,
2007-11-13,20.800,13.800,9.000,,,
2007-11-14,11.300,10.800,8.400,,,
2007-11-15,20.900,16.300,7.100,,,
2007-11-16,16.300,19.400,6.300,,,
2007-11-17,11.000,8.500,6.300,,,
2007-11-18,13.700,8.400,6.400,,,
2007-11-19,20.900,34.500,7.600,,,
2007-11-20,14.400,34.400,9.200,,,
2007-11-21,11.000,11.000,10.200,,,
2007-11-22,13.700,25.300,8.700,,,
2007-11-23,18.400,28.300,13.800,,,
2007-11-24,34.100,30.800,19.600,,,
2007-11-25,20.600,10.600,11.100,,,
2007-11-26,21.200,15.300,14.100,,,
2007-11-27,23.700,28.300,,,,
2007-11-28,17.700,14.900,,,,
2007-11-29,28.300,35.700,17.600,,,
2007-11-30,22.600,29.500,9.000,,,
2007-12-01,19.800,22.100,6.000,,,
2007-12-02,17.000,24.100,6.200,,,
2007-12-03,19.800,26.000,9.300,,,
2007-12-04,16.900,13.600,10.000,,,
2007-12-05,12.500,10.400,5.400,,,
2007-12-06,15.600,14.100,5.000,,,
2007-12-07,23.900,25.700,5.400,,,
2007-12-08,12.200,12.700,9.700,,,
2007-12-09,16.300,13.000,9.200,,,
2007-12-10,18.300,17.300,9.300,,,
2007-12-11,12.500,15.900,4.300,,,
2007-12-12,9.500,8.500,3.700,,,
2007-12-13,12.400,12.300,4.400,,,
2007-12-14,17.300,17.600,6.000,,,
2007-12-15,8.400,12.500,4.300,,,
2007-12-16,8.600,14.200,4.700,,,
2007-12-17,20.000,32.500,3.400,,,
2007-12-18,20.500,,3.000,,,
2007-12-19,23.900,,3.600,,,
2007-12-20,,,6.100,,,
2007-12-21,9.000,28.100,7.300,,,
2007-12-22,8.400,17.400,,,,
2007-12-23,8.500,14.800,,,,
2007-12-24,15.000,23.500,10.500,,,
2007-12-25,16.000,14.000,10.500,,,
2007-12-26,14.200,13.200,9.400,,,
2007-12-27,16.300,14.400,10.400,,,
2007-12-28,14.000,12.500,11.700,,,
2007-12-29,13.400,15.200,12.500,,,
2007-12-30,9.400,9.100,4.800,,,
2007-12-31,9.800,10.400,6.600,,,
2008-01-01,,15.400,10.000,,,
2008-01-02,,16.200,5.500,,,
2008-01-03,,13.100,7.100,,,
2008-01-04,,23.200,10.100,,,
2008-01-05,,8.400,7.700,,,
2008-01-06,,13.000,8.200,,,
2008-01-07,,10.900,10.600,,,
2008-01-08,,23.000,9.100,,,
2008-01-09,,16.800,10.300,,,
2008-01-10,,33.500,10.300,,,
2008-01-11,,34.300,9.000,,,
2008-01-12,,23.800,7.200,,,
2008-01-13,,13.400,4.300,,,
2008-01-14,,31.500,4.800,,,
2008-01-15,,28.200,6.000,,,
2008-01-16,,22.600,6.700,,,
2008-01-17,,12.500,6.200,,,
2008-01-18,,14.100,6.400,,,
2008-01-19,,13.400,6.700,,,
2008-01-20,,26.600,9.200,,,
2008-01-21,,20.900,8.400,,,
2008-01-22,,7.300,11.300,,,
2008-01-23,,8.600,9.300,,,
2008-01-24,,11.300,11.700,,,
2008-01-25,,13.600,11.800,,,
2008-01-26,,23.000,13.800,,,
2008-01-27,,10.600,9.900,,,
2008-01-28,,9.400,10.900,,,
2008-01-29,,10.000,8.600,,,
2008-01-30,,5.600,9.500,,,
2008-01-31,,8.900,11.100,,,
2008-02-01,,8.500,9.100,,,
2008-02-02,,11.900,8.000,,,
2008-02-03,,10.100,6.500,,,
2008-02-04,,27.900,9.500,,,
2008-02-05,,20.800,8.600,,,
2008-02-06,,21.000,4.600,,,
2008-02-07,,20.800,7.600,,,
2008-02-08,,26.600,6.600,,,
2008-02-09,,15.000,10.600,,,
2008-02-10,,14.700,9.100,,,
2008-02-11,,19.100,,,,
2008-02-12,,11.400,,,,
2008-02-13,,17.200,,,,
2008-02-14,,11.400,13.800,,,
2008-02-15,,9.100,10.300,,,
2008-02-16,,7.700,15.000,,,
2008-02-17,,9.300,,,,
2008-02-18,,11.900,,,,
2008-02-19,,25.500,,,,
2008-02-20,,12.500,,,,
2008-02-21,,15.500,5.400,,,
2008-02-22,,33.500,5.900,,,
2008-02-23,,26.700,6.000,,,
2008-02-24,,25.000,12.100,,,
2008-02-25,,16.200,8.300,,,
2008-02-26,,15.900,10.200,,,
2008-02-27,,10.800,13.800,,,
2008-02-28,,12.500,16.200,,,
2008-02-29,,15.200,14.300,,,
2008-03-01,,19.100,15.300,,,
2008-03-02,,15.600,17.200,,,
2008-03-03,,16.300,17.600,,,
2008-03-04,,18.700,17.300,,,
2008-03-05,,22.400,8.900,,,
2008-03-06,,16.100,8.900,,,
2008-03-07,,12.700,8.200,,,
2008-03-08,,18.100,11.400,,,
2008-03-09,,20.000,5.600,,,
2008-03-10,,15.900,4.100,,,
2008-03-11,,13.800,8.900,,,
2008-03-12,,16.100,13.300,,,
2008-03-13,,,15.800,,,
2008-03-14,,14.000,11.000,,,
2008-03-15,,18.000,12.100,,,
2008-03-16,,12.400,11.600,,,
2008-03-17,,14.400,14.500,,,
2008-03-18,,14.200,12.700,,,
2008-03-19,,19.900,14.100,,,
2008-03-20,,13.100,9.800,,,
2008-03-21,,8.300,7.100,,,
2008-03-22,,10.900,7.200,,,
2008-03-23,,16.100,13.900,,,
2008-03-24,,6.000,3.800,,,
2008-03-25,,13.800,,,,
2008-03-26,,13.800,,,,
2008-03-27,,10.100,,,,
2008-03-28,,12.400,,,,
2008-03-29,,10.000,,,,
2008-03-30,,17.800,,,,
2008-03-31,,18.300,,,,
2008-04-01,,12.600,5.000,,,
2008-04-02,,9.800,9.600,,,
2008-04-03,,14.100,16.900,,,
2008-04-04,,14.800,10.000,,,
2008-04-05,,10.600,9.000,,,
2008-04-06,,11.400,10.700,,,
2008-04-07,,,13.300,,,
2008-04-08,,,39.700,,,
2008-04-09,,,11.700,,,
2008-04-10,,,26.400,,,
2008-04-11,,,61.100,,,
2008-04-12,,,29.900,,,
2008-04-13,,,13.000,,,
2008-04-14,,,8.800,,,
2008-04-15,,,7.300,,,
2008-04-16,,11.600,7.300,,,
2008-04-17,,17.400,11.500,,,
2008-04-18,,36.600,24.500,,,
2008-04-19,,,38.600,,,
2008-04-20,,,39.100,,,
2008-04-21,,,20.000,,,
2008-04-22,,,10.000,,,
2008-04-23,,15.200,10.200,,,
2008-04-24,,14.200,11.500,,,
2008-04-25,,,12.600,,,
2008-04-26,,15.800,13.200,,,
2008-04-27,,11.200,12.400,,,
2008-04-28,,19.100,15.000,,,
2008-04-29,,19.100,15.200,,,
2008-04-30,,24.000,19.600,,,
2008-05-01,,17.700,,,,
2008-05-02,,23.800,,,,
2008-05-03,,21.200,,,,
2008-05-04,,20.400,,,,
2008-05-05,,19.900,15.500,,,
2008-05-06,,18.600,17.900,,,
2008-05-07,,,19.900,,,
2008-05-08,,,14.900,,,
2008-05-09,,,13.900,,,
2008-05-13,,,14.400,,,
2008-05-14,,,13.800,,,
2008-05-15,,,14.100,,,
2008-05-16,,,11.700,,,
2008-05-17,,,16.000,,,
2008-05-18,,,24.200,,,
2008-05-19,,,26.000,,,
2008-05-20,,,10.600,,,
2008-05-21,,,9.200,,,
2008-05-22,,,7.600,,,
2008-05-23,,,6.600,,,
2008-05-24,,,7.700,,,
2008-05-25,,,11.400,,,
2008-05-26,,,13.200,,,
2008-05-27,,,15.100,,,
2008-05-28,,,20.100,,,
2008-05-29,,,22.400,,,
2008-05-30,,18.300,16.900,,,
2008-05-31,,20.200,11.400,,,
2008-06-01,,23.100,16.900,,,
2008-06-02,,19.300,16.000,,,
2008-06-03,,22.000,20.400,,,
2008-06-04,,16.400,16.200,,,
2008-06-05,,,11.100,,,
2008-06-06,,,11.000,,,
2008-06-07,,19.500,13.900,,,
2008-06-08,,14.000,15.300,,,
2008-06-09,,21.100,15.300,,,
2008-06-10,,16.900,16.300,,,
2008-06-11,,,15.800,,,
2008-06-12,,,23.300,,,
2008-06-13,,,18.600,,,
2008-06-14,,,16.300,,,
2008-06-15,,,13.100,,,
2008-06-16,,,13.800,,,
2008-06-17,,,11.600,,,
2008-06-19,,28.600,,,,
2008-06-20,,25.000,,,,
2008-06-21,,28.800,,,,
2008-06-22,,22.900,,,,
2008-06-23,,32.100,,,,
2008-06-24,,30.000,25.500,,,
2008-06-25,,28.800,22.500,,,
2008-06-26,,,25.100,,,
2008-06-27,,,29.000,,,
2008-06-28,,29.000,32.400,,,
2008-06-29,,33.600,29.600,,,
2008-06-30,,,25.700,,,
2008-07-01,,35.400,30.100,,,
2008-07-02,,,28.900,,,
2008-07-03,,33.000,25.600,,,
2008-07-04,,35.500,24.600,,,
2008-07-05,,24.300,17.500,,,
2008-07-06,,23.900,18.600,,,
2008-07-07,,25.300,22.100,,,
2008-07-08,,22.600,19.900,,,
2008-07-09,,22.400,18.600,,,
2008-07-10,,20.400,15.200,,,
2008-07-11,,22.300,14.600,,,
2008-07-12,,20.600,14.200,,,
2008-07-13,,21.600,23.600,,,
2008-07-14,,25.400,20.200,,,
2008-07-15,,20.100,17.700,,,
2008-07-16,,11.400,13.100,,,
2008-07-17,,21.100,14.500,,,
2008-07-18,,23.100,13.600,,,
2008-07-19,,29.200,16.800,,,
2008-07-20,,24.500,14.800,,,
2008-07-21,,15.400,13.700,,,
2008-07-22,,26.400,16.000,,,
2008-07-23,,15.000,13.500,,,
2008-07-24,,10.900,8.400,,,
2008-07-25,,,10.100,,,
2008-07-26,,16.700,11.000,,,
2008-07-27,,23.100,21.100,,,
2008-07-28,,24.300,18.900,,,
2008-07-29,,28.100,21.900,,,
2008-07-30,,25.400,18.500,,,
2008-07-31,,31.600,22.700,,,
2008-08-01,,25.300,19.800,,,
2008-08-02,,26.500,22.400,,,
2008-08-03,,26.200,22.200,,,
2008-08-04,,32.400,23.800,,,
2008-08-05,,18.300,16.300,,,
2008-08-06,,23.800,15.900,,,
2008-08-07,22.900,29.400,18.000,,,
2008-08-08,21.800,21.400,18.800,,,
2008-08-09,16.900,22.300,18.200,,,
2008-08-10,11.500,13.800,12.900,,,
2008-08-11,14.300,16.800,15.800,,,
2008-08-12,15.400,20.800,16.100,,,
2008-08-13,10.100,19.800,13.200,,,
2008-08-14,15.000,16.800,10.600,,,
2008-08-15,13.600,15.700,15.700,,,
2008-08-16,11.400,11.900,10.200,,,
2008-08-17,10.600,13.300,10.200,,,
2008-08-18,14.300,22.300,14.100,,,
2008-08-19,11.200,23.500,14.900,,,
2008-08-20,16.200,18.600,13.300,,,
2008-08-21,15.300,19.700,14.200,,,
2008-08-22,,28.000,14.700,,,
2008-08-23,,18.100,14.300,,,
2008-08-24,,16.100,12.900,,,
2008-08-25,,24.600,15.000,,,
2008-08-26,,21.000,11.200,,,
2008-08-27,13.600,,15.300,,,
2008-08-28,19.200,,16.600,,,
2008-08-29,16.000,14.800,12.100,,,
2008-08-30,21.200,22.600,17.900,,,
2008-08-31,20.600,21.800,14.200,,,
2008-09-01,16.300,18.800,15.900,,,
2008-09-02,16.700,19.500,18.300,,,
2008-09-03,15.800,,14.600,,,
2008-09-04,17.500,,18.500,,,
2008-09-05,18.700,32.700,26.800,,,
2008-09-06,19.400,33.100,26.200,,,
2008-09-07,26.200,29.500,20.300,,,
2008-09-08,22.400,27.900,18.400,,,
2008-09-09,25.700,30.900,19.600,,,
2008-09-10,15.800,27.000,19.200,,,
2008-09-11,19.400,26.500,15.600,,,
2008-09-12,21.300,,17.400,,,
2008-09-13,,,20.000,,,
2008-09-14,,,18.400,,,
2008-09-15,,,6.200,,,
2008-09-16,,15.200,9.900,,,
2008-09-17,,12.700,8.700,,,
2008-09-18,,19.400,8.900,,,
2008-09-19,,18.000,8.900,,,
2008-09-20,,11.400,8.900,,,
2008-09-21,,14.500,8.400,,,
2008-09-22,,18.900,8.600,,,
2008-09-23,,24.100,7.600,,,
2008-09-24,,21.600,8.700,,,
2008-09-25,,8.700,8.500,,,
2008-09-26,,14.300,8.600,,,
2008-09-27,,16.100,8.000,,,
2008-09-28,,14.200,9.000,,,
2008-09-29,,29.800,9.800,,,
2008-09-30,,33.800,10.800,,,
2008-10-01,,29.800,9.600,,,
2008-10-02,,21.300,12.800,,,
2008-10-03,,20.300,11.700,,,
2008-10-04,9.800,18.400,8.800,,,
2008-10-05,14.100,11.300,8.600,,,
2008-10-06,13.300,20.800,8.200,,,
2008-10-07,7.700,30.900,9.400,,,
2008-10-08,7.100,34.800,9.700,,,
2008-10-09,6.800,16.200,9.500,,,
2008-10-10,8.700,17.900,11.900,,,
2008-10-11,11.000,16.900,13.700,,,
2008-10-12,20.100,21.100,15.300,,,
2008-10-13,21.700,35.500,19.800,,,
2008-10-14,27.200,37.200,18.200,,,
2008-10-15,26.900,36.600,18.500,,,
2008-10-16,21.200,37.200,17.400,,,
2008-10-17,18.300,32.500,16.700,,,
2008-10-18,23.500,37.200,18.600,,,
2008-10-19,19.700,34.900,20.900,,,
2008-10-20,12.400,24.800,18.300,,,
2008-10-21,10.800,25.600,17.200,,,
2008-10-22,14.800,39.600,18.400,,,
2008-10-23,12.700,37.100,16.100,,,
2008-10-24,12.500,29.900,16.500,,,
2008-10-25,17.600,37.200,20.400,,,
2008-10-26,12.900,36.200,12.200,,,
2008-10-27,7.600,29.000,9.100,,,
2008-10-28,11.400,38.100,14.700,,,
2008-10-29,19.700,42.700,21.900,,,
2008-10-30,29.600,39.500,21.600,,,
2008-10-31,22.600,40.400,29.500,,,
2008-11-01,31.900,30.900,22.000,,,
2008-11-02,29.300,56.900,30.200,,,
2008-11-03,18.500,33.400,22.800,,,
2008-11-04,18.500,39.600,20.300,,,
2008-11-05,22.200,23.000,11.600,,,
2008-11-06,,29.100,7.200,,,
2008-11-07,,11.800,4.100,,,
2008-11-08,,20.700,4.500,,,
2008-11-09,,19.900,6.200,,,
2008-11-10,,17.400,5.700,,,
2008-11-11,,27.800,7.500,,,
2008-11-12,,28.800,8.300,,,
2008-11-13,,32.100,6.200,,,
2008-11-14,,26.900,6.900,,,
2008-11-15,,26.300,5.200,,,
2008-11-16,,30.900,4.900,,,
2008-11-17,,26.700,4.100,,,
2008-11-18,,23.100,6.100,,,
2008-11-19,,25.800,5.300,,,
2008-11-20,,33.200,5.200,,,
2008-11-21,,14.000,5.500,,,
2008-11-22,,17.300,10.000,,,
2008-11-23,,11.000,7.400,,,
2008-11-24,,40.900,6.400,,,
2008-11-25,,10.800,15.300,,,
2008-11-26,7.900,31.800,4.600,,,
2008-11-27,7.400,21.200,5.400,,,
2008-11-28,,32.400,18.900,,,
2008-11-29,,10.900,7.000,,,
2008-11-30,10.200,7.900,6.900,,,
2008-12-01,9.100,32.600,13.700,,,
2008-12-02,13.700,46.900,12.800,,,
2008-12-03,7.800,21.800,9.600,,,
2008-12-04,4.300,11.400,4.600,,,
2008-12-05,6.200,26.400,,,,
2008-12-06,5.400,25.400,,,,
2008-12-07,8.000,17.300,,,,
2008-12-08,7.100,12.900,,,,
2008-12-09,6.600,12.300,,,,
2008-12-10,13.100,16.200,,,,
2008-12-11,7.400,28.300,,,,
2008-12-12,7.100,8.900,6.100,,,
2008-12-13,6.300,17.000,5.200,,,
2008-12-14,6.300,9.300,7.200,,,
2008-12-15,7.600,29.000,10.700,,,
2008-12-16,11.900,65.400,,,,
2008-12-17,7.200,16.300,,,,
2008-12-18,6.700,14.400,5.000,,,
2008-12-19,7.300,20.100,6.000,,,
2008-12-20,5.400,9.500,3.700,,,
2008-12-21,7.300,12.400,5.100,,,
2008-12-22,6.700,17.700,6.500,,,
2008-12-23,10.300,22.100,6.000,,,
2008-12-24,7.800,22.300,7.200,,,
2008-12-25,5.600,34.900,6.300,,,
2008-12-26,5.700,33.800,4.800,,,
2008-12-27,8.400,24.300,,,,
2008-12-28,5.200,29.900,,,,
2008-12-29,6.300,36.000,,,,
2008-12-30,6.100,22.800,6.000,,,
2008-12-31,5.400,7.100,6.800,,,
2009-01-01,,20.100,7.900,,,
2009-01-02,,35.400,10.600,,,
2009-01-03,,21.200,11.900,,,
2009-01-04,,10.000,5.900,,,
2009-01-05,,,3.400,,,
2009-01-06,,25.100,4.600,,,
2009-01-07,,47.700,3.900,,,
2009-01-08,,46.100,5.100,,,
2009-01-09,,37.300,13.900,,,
2009-01-10,,32.200,6.900,,,
2009-01-11,,21.900,5.500,,,
2009-01-12,,36.800,24.600,,,
2009-01-13,,124.400,99.600,,,
2009-01-14,,26.300,22.200,,,
2009-01-15,,37.000,,,,
2009-01-16,,21.900,,,,
2009-01-17,,35.200,,,,
2009-01-18,,34.600,,,,
2009-01-19,,25.200,22.900,,,
2009-01-20,,26.900,,,,
2009-01-21,,42.500,,,,
2009-01-22,,36.400,,,,
2009-01-23,,21.800,,,,
2009-01-24,,7.600,,,,
2009-01-25,,10.200,,,,
2009-01-26,,46.100,39.000,,,
2009-01-27,,12.300,5.600,,,
2009-01-28,,10.800,5.400,,,
2009-01-29,,16.500,6.200,,,
2009-01-30,,23.600,5.900,,,
2009-01-31,,21.900,8.900,,,
2009-02-01,,19.900,7.600,,,
2009-02-02,,38.700,12.100,,,
2009-02-03,,55.000,35.000,,,
2009-02-04,,17.000,6.600,,,
2009-02-05,,41.100,12.400,,,
2009-02-06,,76.800,55.400,,,
2009-02-07,,56.900,38.900,,,
2009-02-08,,11.900,5.000,,,
2009-02-09,,12.900,8.200,,,
2009-02-10,,22.100,7.900,,,
2009-02-11,,10.800,12.700,,,
2009-02-12,,5.800,12.700,,,
2009-02-13,,10.000,9.500,,,
2009-02-14,,8.200,4.000,,,
2009-02-15,,10.800,5.300,,,
2009-02-16,,19.800,5.000,,,
2009-02-17,,31.500,,,,
2009-02-18,,14.600,,,,
2009-02-19,,16.000,,,,
2009-02-20,,13.900,,,,
2009-02-21,,25.100,,,,
2009-02-22,,22.300,,,,
2009-02-23,,22.300,26.600,,,
2009-02-24,,10.100,21.200,,,
2009-02-25,,13.200,20.700,,,
2009-02-26,,17.800,,,,
2009-02-27,,15.200,,,,
2009-02-28,,22.900,,,,
2009-03-01,,16.200,,,,
2009-03-02,,29.800,,,,
2009-03-03,6.100,33.200,,,,
2009-03-04,15.100,30.800,,,,
2009-03-05,33.200,29.600,,,,
2009-03-06,27.700,23.300,,,,
2009-03-07,11.500,12.700,,,,
2009-03-08,13.900,14.200,,,,
2009-03-09,15.400,17.800,,,,
2009-03-10,15.100,17.800,,,,
2009-03-11,11.700,15.800,,,,
2009-03-12,11.400,14.500,,,,
2009-03-13,10.000,12.300,,,,
2009-03-14,11.100,20.700,,,,
2009-03-15,9.100,25.000,,,,
2009-03-16,8.400,26.000,,,,
2009-03-17,,11.700,,,,
2009-03-18,9.100,21.200,,,,
2009-03-19,12.300,23.400,,,,
2009-03-20,9.800,13.100,,,,
2009-03-21,7.600,10.900,,,,
2009-03-22,10.000,11.100,,,,
2009-03-23,12.600,16.900,,,,
2009-03-24,12.000,13.700,,,,
2009-03-25,13.100,15.900,,,,
2009-03-26,14.200,17.600,,,,
2009-03-27,12.600,17.900,,,,
2009-03-28,12.000,21.200,,,,
2009-03-29,46.100,43.500,,,,
2009-03-30,37.200,42.100,,,,
2009-03-31,18.300,24.400,,,,
2009-04-01,26.400,27.900,,,,
2009-04-02,8.200,19.700,,,,
2009-04-03,13.600,29.400,,,,
2009-04-04,13.700,,,,,
2009-04-05,9.400,,,,,
2009-04-06,12.300,,,,,
2009-04-07,10.700,,,,,
2009-04-08,7.400,,,,,
2009-04-09,10.600,,,,,
2009-04-10,18.900,,,,,
2009-04-11,20.900,,,,,
2009-04-12,19.400,,,,,
2009-04-13,5.600,,,,,
2009-04-14,17.600,,,,,
2009-04-15,13.700,,,,,
2009-04-16,16.000,28.900,,,,
2009-04-17,13.900,28.300,,,,
2009-04-18,12.800,21.600,,,,
2009-04-19,41.600,39.600,,,,
2009-04-20,9.800,16.600,,,,
2009-04-21,5.400,9.500,,,,
2009-04-22,,12.800,,,,
2009-04-23,,17.100,,,,
2009-04-24,,23.200,,,,
2009-04-25,11.300,26.500,,,,
2009-04-26,10.000,20.900,,,,
2009-04-27,13.300,23.300,,,,
2009-04-28,7.700,11.900,,,,
2009-04-29,8.800,13.200,,,,
2009-04-30,10.300,15.800,,,,
2009-05-01,8.700,10.500,,,,
2009-05-02,16.100,19.300,,,,
2009-05-03,17.900,20.600,,,,
2009-05-04,12.700,17.300,,,,
2009-05-05,12.900,17.900,,,,
2009-05-06,12.300,18.000,,,,
2009-05-07,15.900,25.100,,,,
2009-05-08,17.600,21.300,,,,
2009-05-09,12.900,,,,,
2009-05-10,9.300,,,,,
2009-05-11,13.800,,,,,
2009-05-12,11.000,24.500,,,,
2009-05-13,8.800,,,,,
2009-05-14,12.100,,,,,
2009-05-15,47.000,,,,,
2009-05-16,41.300,62.800,,,,
2009-05-17,19.200,26.800,,,,
2009-05-18,20.600,25.600,,,,
2009-05-19,20.500,,,,,
2009-05-20,27.700,,,,,
2009-05-21,29.100,,,,,
2009-05-22,27.900,95.100,,,,
2009-05-23,39.600,,,,,
2009-05-24,29.500,,,,,
2009-05-25,18.900,,,,,
2009-05-26,24.200,,,,,
2009-05-28,15.600,,,,,
2009-05-29,19.000,,,,,
2009-05-30,19.000,,,,,
2009-05-31,16.800,,,,,
2009-06-01,15.900,33.000,,,,
2009-06-02,10.500,11.000,,,,
2009-06-03,9.200,12.400,,,,
2009-06-04,9.100,23.500,,,,
2009-06-05,9.500,18.300,,,,
2009-06-06,6.500,18.500,,,,
2009-06-07,13.500,22.400,,,,
2009-06-08,15.200,23.400,,,,
2009-06-09,19.200,14.900,,,,
2009-06-10,14.300,27.700,,,,
2009-06-11,16.100,17.700,,,,
2009-06-12,13.100,,,,,
2009-06-13,12.000,20.400,,,,
2009-06-14,11.000,20.000,,,,
2009-06-15,22.000,23.500,,,,
2009-06-18,17.500,27.600,,,,
2009-06-19,18.300,26.100,,,,
2009-06-20,17.600,21.300,,,,
2009-06-21,12.100,13.900,,,,
2009-06-22,9.900,14.100,,,,
2009-06-23,7.800,15.100,,,,
2009-06-24,9.900,13.500,,,,
2009-06-25,8.200,15.700,,,,
2009-06-26,8.200,13.300,,,,
2009-06-27,18.200,22.000,,,,
2009-06-28,13.700,15.500,,,,
2009-06-29,14.400,18.900,,,,
2009-06-30,16.600,22.300,,,,
2009-07-01,15.400,24.200,,,,
2009-07-02,18.200,20.600,,,,
2009-07-03,15.300,19.800,,,,
2009-07-04,18.800,21.700,,,,
2009-07-05,13.300,15.800,,,,
2009-07-06,14.400,15.500,,,,
2009-07-07,14.000,22.700,,,,
2009-07-08,13.400,25.600,,,,
2009-07-09,16.500,26.700,,,,
2009-07-10,12.000,16.500,,,,
2009-07-11,12.500,15.600,,,,
2009-07-12,9.200,13.400,,,,
2009-07-13,12.700,23.100,,,,
2009-07-14,11.900,23.700,,,,
2009-07-15,14.300,30.100,,,,
2009-07-16,10.800,22.200,,,,
2009-07-17,10.800,13.700,,,,
2009-07-18,19.200,28.100,,,,
2009-07-19,9.300,12.900,,,,
2009-07-20,9.300,21.300,,,,
2009-07-21,14.100,24.000,,,,
2009-07-22,12.500,19.800,,,,
2009-07-23,9.300,16.600,,,,
2009-07-24,12.300,21.300,,,,
2009-07-25,23.700,26.900,,,,
2009-07-26,23.700,25.800,,,,
2009-07-27,14.100,24.100,,,,
2009-07-28,13.600,17.300,,,,
2009-07-29,,18.500,,,,
2009-07-30,,25.300,,,,
2009-07-31,,28.400,,,,
2009-08-01,,24.100,,,,
2009-08-02,,20.400,,,,
2009-08-03,,22.000,,,,
2009-08-04,,24.400,,,,
2009-08-05,6.200,14.200,,,,
2009-08-06,11.000,18.500,,,,
2009-08-07,12.100,22.000,,,,
2009-08-08,15.500,23.300,,,,
2009-08-09,16.000,25.200,,,,
2009-08-10,11.900,20.300,,,,
2009-08-11,12.900,,,,,
2009-08-12,12.500,,,,,
2009-08-13,11.000,17.700,,,,
2009-08-14,9.000,19.200,,,,
2009-08-15,7.000,17.100,,,,
2009-08-16,8.200,17.600,,,,
2009-08-17,13.000,22.000,,,,
2009-08-18,16.900,25.500,,,,
2009-08-19,19.600,28.100,,,,
2009-08-20,20.500,31.800,,,,
2009-08-21,22.300,33.200,,,,
2009-08-22,21.100,28.900,,,,
2009-08-23,20.700,23.400,,,,
2009-08-24,14.700,26.200,,,,
2009-08-25,14.100,23.300,,,,
2009-08-26,14.500,23.600,,,,
2009-08-27,17.400,26.600,,,,
2009-08-28,17.000,28.200,,,,
2009-08-29,18.300,25.100,,,,
2009-08-30,18.600,25.300,,,,
2009-08-31,14.100,20.500,,,,
2009-09-01,10.400,25.100,,,,
2009-09-02,13.400,,,,,
2009-09-03,16.900,27.200,,,,
2009-09-04,14.200,21.900,,,,
2009-09-05,14.700,21.100,,,,
2009-09-06,9.400,13.000,,,,
2009-09-07,8.200,16.900,,,,
2009-09-08,7.700,16.400,,,,
2009-09-09,9.000,19.700,,,,
2009-09-10,10.800,20.200,,,,
2009-09-11,11.500,17.500,,,,
2009-09-12,15.200,20.700,,,,
2009-09-13,17.200,23.200,,,,
2009-09-14,17.200,25.600,,,,
2009-09-15,13.100,31.900,,,,
2009-09-16,13.500,30.500,,,,
2009-09-17,13.300,21.400,,,,
2009-09-18,11.000,20.900,,,,
2009-09-19,7.400,17.600,,,,
2009-09-20,8.100,12.800,,,,
2009-09-21,6.000,10.700,,,,
2009-09-22,,20.200,,,,
2009-09-23,,14.900,,,,
2009-09-24,6.100,15.700,,,,
2009-09-25,6.200,16.600,,,,
2009-09-26,13.600,22.300,,,,
2009-09-27,11.900,22.300,,,,
2009-09-28,6.400,17.700,,,,
2009-09-29,7.700,19.400,,,,
2009-09-30,7.300,20.100,,,,
2009-10-01,8.300,24.300,,,,
2009-10-02,8.300,13.900,,,,
2009-10-03,11.600,15.500,,,,
2009-10-04,11.700,17.300,,,,
2009-10-05,14.400,22.100,,,,
2009-10-06,18.000,28.100,,,,
2009-10-07,,25.500,,,,
2009-10-08,,28.300,,,,
2009-10-09,,23.300,,,,
2009-10-10,,23.700,,,,
2009-10-11,,23.200,,,,
2009-10-12,,13.300,,,,
2009-10-13,,11.300,,,,
2009-10-14,,15.300,,,,
2009-10-15,,13.200,,,,
2009-10-16,,14.800,,,,
2009-10-17,5.200,11.800,,,,
2009-10-18,5.800,9.700,,,,
2009-10-19,7.600,13.800,,,,
2009-10-20,7.800,24.900,,,,
2009-10-21,10.400,26.300,,,,
2009-10-22,20.100,31.000,,,,
2009-10-23,,20.900,,,,
2009-10-24,,14.300,,,,
2009-10-25,,12.500,,,,
2009-10-26,,18.700,,,,
2009-10-27,,29.600,,,,
2009-10-28,,30.400,,,,
2009-10-29,,24.500,,,,
2009-10-30,,20.900,,,,
2009-10-31,,28.700,15.400,,,
2009-11-01,,17.700,13.700,,,
2009-11-02,,20.900,14.400,,,
2009-11-03,,12.300,16.300,,,
2009-11-04,,13.500,13.200,,,
2009-11-05,,30.200,14.500,,,
2009-11-06,,11.900,7.600,,,
2009-11-07,,9.600,4.900,,,
2009-11-08,,6.200,6.300,,,
2009-11-09,,14.100,5.700,,,
2009-11-10,,11.600,6.000,,,
2009-11-11,6.500,12.200,7.700,,,
2009-11-12,,25.600,6.200,,,
2009-11-13,,49.800,5.600,,,
2009-11-14,7.100,36.900,6.700,,,
2009-11-15,6.000,30.600,6.800,,,
2009-11-16,9.200,34.000,6.000,,,
2009-11-17,8.600,29.700,6.200,,,
2009-11-18,9.900,,6.700,,,
2009-11-19,13.700,40.700,19.400,,,
2009-11-20,14.500,,22.400,,,
2009-11-21,14.600,24.400,18.800,,,
2009-11-22,20.800,37.200,25.000,,,
2009-11-23,21.900,34.800,19.000,,,
2009-11-24,11.500,,10.900,,,
2009-11-25,11.400,,8.700,,,
2009-11-26,11.300,,8.400,,,
2009-11-27,12.300,,11.800,,,
2009-11-28,16.500,,16.500,,,
2009-11-29,12.300,,10.700,,,
2009-11-30,13.300,,7.200,,,
2009-12-01,7.500,,4.300,,,
2009-12-02,6.300,,4.000,,,
2009-12-03,5.200,,6.700,,,
2009-12-04,5.400,,9.400,,,
2009-12-05,7.100,,10.500,,,
2009-12-06,6.500,,8.400,,,
2009-12-07,11.500,,8.600,,,
2009-12-08,7.100,,11.300,,,
2009-12-09,8.100,,11.000,,,
2009-12-10,4.400,,7.700,,,
2009-12-11,,,7.400,,,
2009-12-12,,15.000,6.600,,,
2009-12-13,,20.400,7.300,,,
2009-12-14,,16.100,14.100,,,
2009-12-15,,18.200,15.100,,,
2009-12-16,,15.100,8.900,,,
2009-12-17,,11.500,10.700,,,
2009-12-18,,14.800,8.000,,,
2009-12-19,,24.100,20.900,,,
2009-12-20,,11.600,6.500,,,
2009-12-21,,14.700,6.900,,,
2009-12-22,,17.700,16.600,,,
2009-12-23,,34.000,26.700,,,
2009-12-24,,23.000,15.500,,,
2009-12-25,,17.000,14.800,,,
2009-12-26,,20.400,10.800,,,
2009-12-27,,17.700,9.000,,,
2009-12-28,,12.200,9.000,,,
2009-12-29,,12.400,8.400,,,
2009-12-30,,20.000,16.900,,,
2009-12-31,,22.400,16.600,,,
2010-01-01,,16.600,11.100,,,
2010-01-02,,12.300,8.600,,,
2010-01-03,,10.200,5.800,,,
2010-01-04,,22.500,7.600,,,
2010-01-05,,16.800,14.000,,,
2010-01-06,,27.000,18.400,,,
2010-01-07,,41.600,15.800,,,
2010-01-08,,30.000,29.000,,,
2010-01-09,,23.200,16.500,,,
2010-01-10,,7.700,6.300,,,
2010-01-11,,17.300,7.900,,,
2010-01-12,,17.700,7.300,,,
2010-01-13,,11.500,8.100,,,
2010-01-14,,19.200,6.800,,,
2010-01-15,,15.900,6.300,,,
2010-01-16,,15.100,6.900,,,
2010-01-17,,20.000,10.300,,,
2010-01-18,,18.600,6.300,,,
2010-01-19,,25.700,8.900,,,
2010-01-20,,30.500,6.600,,,
2010-01-21,,,7.400,,,
2010-01-22,,,6.400,,,
2010-01-23,2.700,,5.400,,,
2010-01-24,8.500,,14.000,,,
2010-01-25,6.100,,14.200,,,
2010-01-26,8.400,,16.300,,,
2010-01-27,48.500,,56.300,,,
2010-01-28,23.800,,24.600,,,
2010-01-29,5.900,,9.000,,,
2010-01-30,4.000,,8.000,,,
2010-01-31,4.400,,6.500,,,
2010-02-01,5.500,,7.500,,,
2010-02-02,5.500,,3.700,,,
2010-02-03,8.300,,4.500,,,
2010-02-04,4.300,,8.700,,,
2010-02-05,5.500,,9.200,,,
2010-02-06,5.100,,10.800,,,
2010-02-07,4.600,,6.900,,,
2010-02-08,11.200,,8.800,,,
2010-02-09,,,9.300,,,
2010-02-10,3.000,,8.100,,,
2010-02-11,4.200,,6.100,,,
2010-02-12,6.800,,4.900,,,
2010-02-13,6.700,,,,,
2010-02-14,4.900,,,,,
2010-02-15,9.200,,,,,
2010-02-16,12.600,,,,,
2010-02-17,36.500,,,,,
2010-02-18,47.400,,,,,
2010-02-19,46.800,,,,,
2010-02-20,92.300,,,,,
2010-02-23,7.900,,,,,
2010-02-25,,17.700,,,,
2010-02-26,12.500,20.300,,,,
2010-02-27,11.700,17.300,,,,
2010-02-28,8.800,18.400,,,,
2010-03-01,13.100,26.400,,,,
2010-03-02,9.500,13.800,,,,
2010-03-03,9.100,17.100,,,,
2010-03-04,12.700,18.000,,,,
2010-03-05,9.700,11.500,,,,
2010-03-06,7.900,13.400,,,,
2010-03-07,7.000,8.800,,,,
2010-03-08,4.200,12.300,,,,
2010-03-09,9.500,19.700,,,,
2010-03-10,13.900,19.800,,,,
2010-03-11,11.400,16.400,,,,
2010-03-12,8.300,16.900,,,,
2010-03-13,5.400,12.400,,,,
2010-03-14,8.300,12.800,,,,
2010-03-15,12.600,15.100,,,,
2010-03-16,13.500,18.100,,,,
2010-03-17,11.400,19.900,,,,
2010-03-18,13.800,19.600,,,,
2010-03-19,9.100,18.700,,,,
2010-03-20,7.700,,,,,
2010-03-21,7.600,,,,,
2010-03-22,5.000,,,,,
2010-03-23,6.700,14.800,,,,
2010-03-24,20.300,15.800,,,,
2010-03-25,14.600,14.100,,,,
2010-03-26,12.300,19.500,,,,
2010-03-27,16.700,17.700,,,,
2010-03-28,11.600,9.600,,,,
2010-03-29,8.200,11.400,,,,
2010-03-30,,16.300,,,,
2010-03-31,4.700,12.800,,,,
2010-04-01,9.200,,,,,
2010-04-02,10.000,14.900,,,,
2010-04-03,9.000,,,,,
2010-04-04,6.400,,,,,
2010-04-05,7.300,,,,,
2010-04-06,5.400,14.600,,,,
2010-04-07,,14.500,,,,
2010-04-08,,11.300,,,,
2010-04-09,,18.400,,,,
2010-04-10,12.200,14.700,,,,
2010-04-11,10.800,13.900,,,,
2010-04-12,14.500,21.600,,,,
2010-04-13,18.100,30.300,,,,
2010-04-14,20.500,26.900,,,,
2010-04-15,47.900,48.200,,,,
2010-04-16,66.400,61.200,56.700,,,
2010-04-17,21.900,29.500,56.800,,,
2010-04-18,20.400,26.300,52.400,,,
2010-04-19,15.000,16.900,25.900,,,
2010-04-20,12.600,15.100,15.400,,,
2010-04-21,14.100,16.500,16.700,,,
2010-04-22,12.000,21.200,21.100,,,
2010-04-23,18.400,26.000,44.200,,,
2010-04-24,14.900,15.900,21.200,,,
2010-04-25,12.000,12.400,18.100,,,
2010-04-26,18.300,20.000,26.900,,,
2010-04-27,18.200,21.100,19.700,,,
2010-04-28,21.800,25.900,9.800,,,
2010-04-29,24.200,27.200,-5.300,,,
2010-04-30,,17.600,-3.700,,,
2010-05-01,,18.100,-0.200,,,
2010-05-02,,21.900,-0.500,,,
2010-05-03,,20.300,26.800,,,
2010-05-04,,26.700,49.300,,,
2010-05-05,,25.400,48.600,,,
2010-05-06,,10.100,14.200,,,
2010-05-07,,16.200,16.900,,,
2010-05-08,,12.900,25.100,,,
2010-05-09,,15.100,12.700,,,
2010-05-10,,17.000,18.300,,,
2010-05-11,,21.700,25.400,,,
2010-05-12,,19.800,22.400,,,
2010-05-13,,15.400,19.800,,,
2010-05-14,,27.800,49.500,,,
2010-05-15,,16.800,25.600,,,
2010-05-16,,12.400,16.700,,,
2010-05-17,,14.600,24.400,,,
2010-05-18,12.800,15.800,,,,
2010-05-19,13.300,17.200,,,,
2010-05-20,16.300,19.200,10.100,,,
2010-05-21,15.900,18.700,9.000,,,
2010-05-22,9.900,13.200,4.300,,,
2010-05-23,8.000,12.700,2.600,,,
2010-05-24,6.000,13.400,2.400,,,
2010-05-25,15.000,21.000,7.600,,,
2010-05-26,14.600,,6.600,,,
2010-05-27,12.000,,6.600,,,
2010-05-28,13.200,,8.800,,,
2010-05-29,24.700,,14.500,,,
2010-05-30,16.700,,12.200,,,
2010-05-31,13.000,,9.500,,,
2010-06-01,15.600,,8.100,,,
2010-06-02,9.100,12.600,4.000,,,
2010-06-03,12.500,12.300,3.700,,,
2010-06-04,11.600,14.500,6.700,,,
2010-06-05,12.000,16.400,3.900,,,
2010-06-06,10.800,14.100,5.800,,,
2010-06-07,7.000,9.500,0.400,,,
2010-06-08,9.000,16.200,5.800,,,
2010-06-09,8.200,14.000,5.200,,,
2010-06-10,9.400,,4.500,,,
2010-06-11,9.500,23.500,10.100,,,
2010-06-12,11.200,20.400,9.500,,,
2010-06-13,20.100,29.800,14.400,,,
2010-06-14,26.900,36.600,19.300,,,
2010-06-15,26.600,39.000,23.100,,,
2010-06-16,30.800,40.700,20.300,,,
2010-06-17,27.400,38.900,19.600,,,
2010-06-18,30.200,38.500,26.000,,,
2010-06-19,12.900,16.000,5.400,,,
2010-06-20,9.500,12.000,5.200,,,
2010-06-21,10.800,12.700,4.600,,,
2010-06-22,11.700,12.900,6.000,,,
2010-06-23,11.500,15.000,7.300,,,
2010-06-24,12.400,13.500,5.800,,,
2010-06-25,9.200,16.500,4.200,,,
2010-06-26,11.800,19.200,6.500,,,
2010-06-27,13.200,19.700,9.600,,,
2010-06-28,16.700,,7.200,,,
2010-06-29,15.200,,10.800,,,
2010-06-30,21.300,,13.400,,,
2010-07-01,19.600,,14.100,,,
2010-07-02,26.300,,17.700,,,
2010-07-03,22.900,,14.900,,,
2010-07-04,23.700,,16.000,,,
2010-07-05,21.600,,15.200,,,
2010-07-06,19.200,,14.200,,,
2010-07-07,21.300,,14.000,,,
2010-07-08,15.600,,11.600,,,
2010-07-09,9.300,,7.400,,,
2010-07-10,14.000,,7.800,,,
2010-07-11,14.900,,11.100,,,
2010-07-12,12.200,,6.600,,,
2010-07-13,13.200,13.400,8.300,,,
2010-07-14,16.300,19.900,8.600,,,
2010-07-15,17.600,31.300,9.700,,,
2010-07-16,20.500,34.400,15.300,,,
2010-07-17,23.600,33.300,15.800,,,
2010-07-18,21.600,32.100,12.000,,,
2010-07-19,21.700,44.200,12.500,,,
2010-07-20,,45.600,9.200,,,
2010-07-21,16.200,14.200,5.400,,,
2010-07-22,18.700,24.300,2.700,,,
2010-07-23,18.800,26.500,7.000,,,
2010-07-24,18.000,17.500,7.100,,,
2010-07-25,12.300,13.800,4.700,,,
2010-07-26,13.900,14.600,6.800,,,
2010-07-27,13.900,16.200,4.300,,,
2010-07-28,10.700,13.400,4.900,,,
2010-07-29,13.200,18.600,8.200,,,
2010-07-30,12.700,16.700,5.200,,,
2010-07-31,10.800,11.300,5.700,,,
2010-08-01,7.200,14.500,4.900,,,
2010-08-02,12.100,16.800,4.700,,,
2010-08-03,9.500,14.100,4.500,,,
2010-08-04,10.100,13.900,7.000,,,
2010-08-05,15.300,18.200,7.500,,,
2010-08-06,15.600,,4.600,,,
2010-08-07,11.000,13.100,5.200,,,
2010-08-08,13.500,17.300,6.900,,,
2010-08-09,15.900,17.200,7.200,,,
2010-08-10,14.400,20.800,5.500,,,
2010-08-11,16.100,22.200,4.600,,,
2010-08-12,14.600,17.100,8.200,,,
2010-08-13,14.100,21.400,8.500,,,
2010-08-14,11.000,,8.200,,,
2010-08-15,12.400,25.400,14.500,,,
2010-08-16,19.400,33.300,14.300,,,
2010-08-17,20.000,25.900,9.900,,,
2010-08-18,15.900,23.500,13.200,,,
2010-08-19,15.400,20.700,11.600,,,
2010-08-20,14.400,,9.700,,,
2010-08-21,17.500,,10.900,,,
2010-08-22,,,13.900,,,
2010-08-23,21.400,,20.500,,,
2010-08-24,25.400,,19.500,,,
2010-08-25,22.100,,19.400,,,
2010-08-26,25.300,30.500,21.800,,,
2010-08-27,24.400,21.500,17.400,,,
2010-08-28,13.800,15.100,10.000,,,
2010-08-29,13.800,18.300,11.000,,,
2010-08-30,12.800,16.200,9.500,,,
2010-08-31,12.800,14.800,7.800,,,
2010-09-01,9.300,16.300,5.900,,,
2010-09-02,7.400,18.700,5.900,,,
2010-09-03,8.200,19.800,6.100,,,
2010-09-04,5.100,9.700,,,,
2010-09-05,6.600,13.000,,,,
2010-09-06,15.200,17.200,9.000,,,
2010-09-07,8.600,15.600,10.500,,,
2010-09-08,10.200,14.500,10.600,,,
2010-09-09,9.000,20.100,10.400,,,
2010-09-10,9.300,10.800,7.300,,,
2010-09-11,8.600,11.800,7.500,,,
2010-09-12,,9.100,6.200,,,
2010-09-13,11.100,13.700,9.100,,,
2010-09-14,10.200,14.600,8.700,,,
2010-09-15,8.600,19.600,7.200,,,
2010-09-16,18.000,26.800,8.900,,,
2010-09-17,12.500,18.300,7.600,,,
2010-09-18,9.300,16.800,7.200,,,
2010-09-19,10.900,15.400,9.200,,,
2010-09-20,8.900,13.700,7.000,,,
2010-09-21,12.200,17.300,8.700,,,
2010-09-22,8.600,16.100,9.500,,,
2010-09-23,9.100,16.200,7.900,,,
2010-09-24,15.400,19.300,10.800,,,
2010-09-25,8.900,12.400,,,,
2010-09-26,6.100,11.000,,,,
2010-09-27,8.600,24.400,5.600,,,
2010-09-28,10.000,17.000,10.800,,,
2010-09-29,10.200,13.800,8.600,,,
2010-09-30,10.500,15.000,9.000,,,
2010-10-01,12.700,18.900,9.400,,,
2010-10-02,15.000,21.900,9.200,,,
2010-10-03,10.800,28.200,10.400,,,
2010-10-04,8.700,16.200,11.700,,,
2010-10-05,9.100,15.500,11.700,,,
2010-10-06,9.100,17.100,12.400,,,
2010-10-07,11.700,19.300,11.300,,,
2010-10-08,7.900,17.800,11.000,,,
2010-10-09,6.400,15.300,7.800,,,
2010-10-10,6.500,17.300,9.800,,,
2010-10-11,15.700,27.500,11.800,,,
2010-10-12,19.300,31.100,14.900,,,
2010-10-13,42.900,45.000,32.100,,,
2010-10-14,15.000,24.400,9.400,,,
2010-10-15,11.400,15.400,6.500,,,
2010-10-16,10.500,30.700,4.700,,,
2010-10-17,5.500,14.700,6.100,,,
2010-10-18,5.300,9.700,4.200,,,
2010-10-19,7.200,9.300,5.700,,,
2010-10-20,11.700,15.100,7.100,,,
2010-10-21,12.000,15.400,5.200,,,
2010-10-22,16.100,21.400,5.500,,,
2010-10-23,13.500,26.400,7.800,,,
2010-10-24,6.500,17.700,6.400,,,
2010-10-25,9.000,14.400,5.400,,,
2010-10-26,9.000,15.400,3.300,,,
2010-10-27,8.500,13.200,3.300,,,
2010-10-28,11.200,12.800,5.700,,,
2010-10-29,17.200,26.600,6.500,,,
2010-10-30,14.000,26.200,5.600,,,
2010-10-31,5.500,15.900,6.500,,,
2010-11-01,19.400,30.200,14.400,,,
2010-11-02,24.100,35.900,11.000,,,
2010-11-03,10.500,22.800,4.000,,,
2010-11-04,10.100,25.900,4.100,,,
2010-11-05,13.300,17.900,11.200,,,
2010-11-06,11.700,19.400,12.700,,,
2010-11-07,10.200,25.800,13.200,,,
2010-11-08,8.400,9.600,8.400,,,
2010-11-09,34.600,37.700,28.200,,,
2010-11-10,76.600,78.600,60.500,,,
2010-11-11,32.700,35.300,17.900,,,
2010-11-12,6.800,10.300,5.000,,,
2010-11-13,7.600,13.100,5.400,,,
2010-11-14,12.900,26.700,9.600,,,
2010-11-15,,29.400,9.300,,,
2010-11-16,8.400,21.100,5.800,,,
2010-11-17,5.500,9.500,4.000,,,
2010-11-18,,27.100,5.000,,,
2010-11-19,6.200,38.200,5.300,,,
2010-11-20,7.000,38.300,5.500,,,
2010-11-21,6.200,27.000,6.700,,,
2010-11-22,6.500,10.900,7.000,,,
2010-11-23,4.700,9.500,5.000,,,
2010-11-24,5.200,11.800,5.300,,,
2010-11-25,9.700,23.500,5.900,,,
2010-11-26,10.100,15.600,8.100,,,
2010-11-27,5.900,15.600,10.400,,,
2010-11-28,25.600,37.500,29.700,,,
2010-11-29,10.900,19.000,8.200,,,
2010-11-30,26.100,39.500,33.100,,,
2010-12-01,23.900,36.200,24.500,,,
2010-12-02,7.500,23.900,6.100,,,
2010-12-03,10.600,21.900,6.300,,,
2010-12-04,4.600,8.800,5.000,,,
2010-12-05,5.600,12.300,4.700,,,
2010-12-06,4.800,13.400,6.500,,,
2010-12-07,7.200,34.000,7.500,,,
2010-12-08,9.700,28.500,11.000,,,
2010-12-09,23.800,32.800,15.000,,,
2010-12-10,9.700,16.700,12.000,,,
2010-12-11,4.700,7.800,5.300,,,
2010-12-12,7.000,14.700,6.400,,,
2010-12-13,7.700,11.800,8.900,,,
2010-12-14,8.800,15.900,5.500,,,
2010-12-15,6.400,14.300,5.100,,,
2010-12-16,4.600,9.200,4.200,,,
2010-12-17,5.500,10.400,4.000,,,
2010-12-18,8.000,15.800,9.400,,,
2010-12-19,15.400,39.300,17.700,,,
2010-12-20,20.200,28.900,21.200,,,
2010-12-21,11.500,28.100,7.600,,,
2010-12-22,9.200,27.900,15.600,,,
2010-12-23,14.700,23.700,21.100,,,
2010-12-24,17.200,24.500,16.200,,,
2010-12-25,6.900,12.500,5.600,,,
2010-12-26,5.000,10.600,4.000,,,
2010-12-27,8.300,17.700,5.000,,,
2010-12-28,8.600,18.800,5.500,,,
2010-12-29,12.500,27.800,6.000,,,
2010-12-30,8.400,29.800,9.600,,,
2010-12-31,4.000,22.400,6.600,,,
2011-01-01,4.000,16.100,6.400,,,
2011-01-02,7.100,14.800,7.200,,,
2011-01-03,7.700,18.700,5.500,,,
2011-01-04,12.000,29.700,4.400,,,
2011-01-05,9.600,33.200,5.900,,,
2011-01-06,7.400,36.200,5.800,,,
2011-01-07,5.800,39.400,5.300,,,
2011-01-08,5.700,31.300,6.300,,,
2011-01-09,7.000,34.800,6.700,,,
2011-01-10,6.800,,4.300,,,
2011-01-11,7.600,22.200,6.200,,,
2011-01-12,5.700,13.500,3.400,,,
2011-01-13,8.200,20.500,5.900,,,
2011-01-14,10.400,23.800,5.900,,,
2011-01-15,9.700,15.200,7.500,,,
2011-01-16,12.200,25.300,11.300,,,
2011-01-17,13.000,46.000,12.300,,,
2011-01-18,23.100,39.700,9.200,,,
2011-01-19,16.100,27.400,10.400,,,
2011-01-20,11.100,18.800,8.100,,,
2011-01-21,9.100,20.900,6.900,,,
2011-01-22,5.800,10.200,2.200,,,
2011-01-23,7.900,14.200,2.400,,,
2011-01-24,12.600,23.000,5.100,,,
2011-01-25,8.200,16.800,7.200,,,
2011-01-26,10.600,27.800,5.800,,,
2011-01-27,31.100,45.900,33.200,,,
2011-01-28,12.400,19.500,8.600,,,
2011-01-29,10.200,28.100,7.300,,,
2011-01-30,15.600,35.700,11.500,,,
2011-01-31,6.000,14.800,6.900,,,
2011-02-01,6.200,14.200,7.300,,,
2011-02-02,5.000,12.700,5.400,,,
2011-02-03,,12.100,7.600,,,
2011-02-04,,18.800,10.300,,,
2011-02-05,,14.800,9.000,,,
2011-02-06,,17.000,9.200,,,
2011-02-07,,36.100,11.700,,,
2011-02-08,20.500,,13.500,,,
2011-02-09,20.200,35.100,16.800,,,
2011-02-10,20.400,32.800,17.300,,,
2011-02-11,15.700,31.500,14.300,,,
2011-02-12,11.600,16.200,9.200,,,
2011-02-13,11.900,24.000,12.000,,,
2011-02-14,11.200,22.000,14.500,,,
2011-02-15,13.200,24.100,9.700,,,
2011-02-16,5.900,15.100,7.700,,,
2011-02-17,13.800,33.800,16.000,,,
2011-02-18,9.500,17.000,11.700,,,
2011-02-19,11.400,17.200,10.200,,,
2011-02-20,6.400,13.600,7.000,,,
2011-02-21,5.700,13.700,6.500,,,
2011-02-22,6.600,14.200,5.400,,,
2011-02-23,3.500,8.400,3.200,,,
2011-02-24,8.200,12.000,9.800,,,
2011-02-25,11.400,19.100,12.100,,,
2011-02-26,9.400,15.800,5.900,,,
2011-02-27,10.000,16.900,8.700,,,
2011-02-28,10.900,33.600,11.900,,,
2011-03-01,5.500,10.800,6.600,,,
2011-03-02,4.400,12.200,5.700,,,
2011-03-03,5.600,23.600,6.000,,,
2011-03-04,9.100,21.700,17.200,,,
2011-03-05,7.100,14.800,11.700,,,
2011-03-06,5.600,9.400,7.700,,,
2011-03-07,10.100,16.700,11.800,,,
2011-03-08,7.500,14.500,9.200,,,
2011-03-09,6.600,15.600,10.700,,,
2011-03-10,13.700,31.600,12.900,,,
2011-03-11,13.600,24.100,12.200,,,
2011-03-12,9.300,24.600,15.200,,,
2011-03-13,19.700,32.700,31.100,,,
2011-03-14,24.600,42.400,29.400,,,
2011-03-15,96.800,134.100,72.900,,,
2011-03-16,29.400,38.600,31.600,,,
2011-03-17,9.300,16.800,6.100,,,
2011-03-18,11.800,19.400,11.100,,,
2011-03-19,9.900,18.400,12.200,,,
2011-03-20,6.100,15.900,7.400,,,
2011-03-21,7.400,17.100,7.000,,,
2011-03-22,9.500,19.500,11.900,,,
2011-03-23,11.600,19.300,13.200,,,
2011-03-24,16.300,27.100,14.200,,,
2011-03-25,13.300,25.000,12.900,,,
2011-03-26,12.600,25.900,15.500,,,
2011-03-27,14.900,25.100,16.600,,,
2011-03-28,12.100,23.700,15.500,,,
2011-03-29,9.600,15.500,12.700,,,
2011-03-30,7.100,17.300,9.200,,,
2011-03-31,8.600,11.100,12.000,,,
2011-04-01,8.400,16.000,15.800,,,
2011-04-02,12.300,17.000,17.400,,,
2011-04-03,12.900,19.600,18.600,,,
2011-04-04,11.400,17.600,15.800,,,
2011-04-05,11.200,15.600,14.800,,,
2011-04-06,,16.100,15.600,,,
2011-04-07,8.000,,15.100,,,
2011-04-08,11.700,19.600,15.000,,,
2011-04-09,5.200,9.200,12.800,,,
2011-04-10,12.600,17.300,15.700,,,
2011-04-11,12.300,21.200,17.300,,,
2011-04-12,10.600,21.800,11.700,,,
2011-04-13,11.700,,14.000,,,
2011-04-14,6.700,13.400,9.300,,,
2011-04-15,,15.900,9.700,,,
2011-04-16,,13.700,9.100,,,
2011-04-17,5.900,13.300,8.200,,,
2011-04-18,9.300,13.300,10.100,,,
2011-04-19,13.500,22.400,17.600,,,
2011-04-20,17.700,27.100,21.400,,,
2011-04-21,18.400,31.500,27.900,,,
2011-04-22,11.000,18.900,17.700,,,
2011-04-23,11.000,18.500,17.400,,,
2011-04-24,12.300,20.100,23.000,,,
2011-04-25,16.200,24.600,23.200,,,
2011-04-26,30.700,45.200,30.400,,,
2011-04-27,11.000,16.000,10.900,,,
2011-04-28,12.900,18.100,17.300,,,
2011-04-29,19.000,,19.600,,,
2011-04-30,20.500,,31.500,,,
2011-05-01,32.400,,30.700,,,
2011-05-02,14.800,,21.600,,,
2011-05-03,33.100,37.900,25.100,,,
2011-05-04,13.300,19.200,15.600,,,
2011-05-05,12.600,18.900,14.400,,,
2011-05-06,9.700,20.200,,,,
2011-05-07,8.800,18.100,,,,
2011-05-08,12.700,18.300,,,,
2011-05-09,9.400,14.300,,,,
2011-05-10,5.700,11.500,,,,
2011-05-11,12.300,18.300,19.400,,,
2011-05-12,13.400,19.600,18.700,,,
2011-05-13,18.900,28.000,23.500,,,
2011-05-14,13.500,29.400,19.800,,,
2011-05-15,10.000,16.700,15.700,,,
2011-05-16,8.000,16.500,14.400,,,
2011-05-17,5.200,11.000,10.700,,,
2011-05-18,4.800,8.400,10.200,,,
2011-05-19,7.000,13.900,14.000,,,
2011-05-20,4.800,17.500,13.900,,,
2011-05-21,8.800,16.900,15.700,,,
2011-05-22,13.800,18.200,23.600,,,
2011-05-23,19.500,29.200,22.100,,,
2011-05-24,13.000,20.900,17.000,,,
2011-05-25,12.600,20.700,21.200,,,
2011-05-26,20.200,25.000,22.500,,,
2011-05-27,,30.700,24.900,,,
2011-05-28,12.400,16.300,18.100,,,
2011-05-29,13.000,19.200,15.100,,,
2011-05-30,11.600,19.600,16.700,,,
2011-05-31,,16.800,15.400,,,
2011-06-01,11.900,20.400,11.600,,,
2011-06-02,12.700,22.100,16.600,,,
2011-06-03,13.800,22.200,20.300,,,
2011-06-04,15.200,,20.400,,,
2011-06-05,39.600,,39.400,,,
2011-06-06,23.600,,27.100,,,
2011-06-07,35.600,,38.300,,,
2011-06-08,14.500,,14.300,,,
2011-06-09,13.200,15.400,12.600,,,
2011-06-10,6.500,12.600,9.100,,,
2011-06-11,9.400,13.600,11.400,,,
2011-06-12,8.600,13.200,11.600,,,
2011-06-13,8.900,12.500,10.300,,,
2011-06-14,9.100,15.800,10.800,,,
2011-06-15,12.700,19.700,13.100,,,
2011-06-16,11.500,21.200,12.600,,,
2011-06-17,13.700,17.500,17.000,,,
2011-06-18,12.800,18.100,18.600,,,
2011-06-19,13.800,18.100,21.200,,,
2011-06-20,11.300,18.500,16.000,,,
2011-06-21,11.900,20.900,22.600,,,
2011-06-22,14.700,25.000,24.500,,,
2011-06-23,19.700,25.000,20.500,,,
2011-06-24,,22.100,,,,
2011-06-25,,18.300,,,,
2011-06-26,,18.900,,,,
2011-06-27,,17.600,,,,
2011-06-28,6.000,13.400,,,,
2011-06-29,9.900,10.300,,,,
2011-06-30,12.900,21.400,26.000,,,
2011-07-01,,18.900,23.500,,,
2011-07-02,,16.900,20.200,,,
2011-07-03,,13.400,21.000,,,
2011-07-04,,23.300,23.300,,,
2011-07-05,,23.200,27.200,,,
2011-07-06,,23.500,22.500,,,
2011-07-07,9.400,20.300,22.700,,,
2011-07-08,14.500,24.400,21.200,,,
2011-07-09,17.000,27.100,25.300,,,
2011-07-10,13.700,16.600,21.100,,,
2011-07-11,7.600,14.400,15.700,,,
2011-07-12,12.800,19.000,16.300,,,
2011-07-13,21.400,33.500,25.900,,,
2011-07-14,24.100,34.500,28.900,,,
2011-07-15,18.500,25.500,19.000,,,
2011-07-16,16.400,25.400,20.300,,,
2011-07-17,12.100,17.500,16.900,,,
2011-07-18,17.100,30.900,29.100,,,
2011-07-19,17.400,28.400,26.700,,,
2011-07-20,10.900,15.700,17.600,,,
2011-07-21,7.300,12.500,15.400,,,
2011-07-22,,,15.600,,,
2011-07-23,,13.400,21.100,,,
2011-07-24,,11.600,18.400,,,
2011-07-25,,12.000,14.400,,,
2011-07-26,,11.800,13.000,,,
2011-07-27,,13.800,15.200,,,
2011-07-28,,17.800,18.900,,,
2011-07-29,7.200,,17.100,,,
2011-07-30,10.400,,17.400,,,
2011-07-31,8.500,,17.000,,,
2011-08-01,9.600,,18.600,,,
2011-08-02,10.300,15.800,17.700,,,
2011-08-03,13.400,20.100,21.800,,,
2011-08-04,9.000,14.300,13.300,,,
2011-08-05,15.100,18.400,23.400,,,
2011-08-06,12.800,19.400,26.200,,,
2011-08-07,16.400,23.000,26.800,,,
2011-08-08,15.100,23.100,28.300,,,
2011-08-09,13.900,,24.200,,,
2011-08-10,9.700,,19.400,,,
2011-08-11,10.600,,20.800,,,
2011-08-12,6.700,9.200,16.800,,,
2011-08-13,10.100,13.000,16.900,,,
2011-08-14,8.900,12.600,14.100,,,
2011-08-15,10.900,13.500,,,,
2011-08-16,12.700,17.700,,,,
2011-08-17,18.100,26.800,,,,
2011-08-18,17.300,28.200,,,,
2011-08-19,20.900,32.300,,,,
2011-08-20,,27.500,,,,
2011-08-21,,27.300,,,,
2011-08-22,,26.200,,,,
2011-08-23,,25.600,,,,
2011-08-24,,25.700,,,,
2011-08-25,18.000,25.100,,,,
2011-08-26,23.100,31.700,,,,
2011-08-27,22.400,26.900,37.100,,,
2011-08-28,10.400,14.900,24.800,,,
2011-08-29,12.800,17.200,22.900,,,
2011-08-30,8.100,12.300,19.600,,,
2011-08-31,9.600,16.900,21.800,,,
2011-09-01,11.200,16.600,22.800,,,
2011-09-02,8.000,14.000,19.700,,,
2011-09-03,8.100,17.400,20.800,,,
2011-09-04,14.100,21.200,32.500,,,
2011-09-05,8.500,20.200,22.400,,,
2011-09-06,9.500,,20.700,,,
2011-09-07,6.100,,14.900,,,
2011-09-08,8.500,,15.800,,,
2011-09-09,12.200,,16.200,,,
2011-09-10,8.800,,22.500,,,
2011-09-11,6.900,,16.400,,,
2011-09-12,9.000,,16.400,,,
2011-09-13,15.600,,26.500,,,
2011-09-14,14.000,,20.600,,,
2011-09-15,9.500,,14.300,,,
2011-09-16,20.300,,25.900,,,
2011-09-17,18.100,,29.500,,,
2011-09-18,14.000,,22.900,,,
2011-09-19,11.300,,19.900,,,
2011-09-20,4.900,,11.000,,,
2011-09-21,6.200,,12.300,,,
2011-09-22,9.900,,12.900,,,
2011-09-23,11.400,,15.400,,,
2011-09-24,11.100,,17.800,,,
2011-09-25,8.600,,19.300,,,
2011-09-26,10.500,,17.500,,,
2011-09-27,10.000,,19.400,,,
2011-09-28,8.300,,17.400,,,
2011-09-29,14.200,,25.100,,,
2011-09-30,,,32.700,,,
2011-10-01,12.200,,26.900,,,
2011-10-02,15.400,,28.000,,,
2011-10-03,14.300,,26.500,,,
2011-10-04,13.600,,23.000,,,
2011-10-05,17.600,,23.700,,,
2011-10-06,17.700,,30.000,,,
2011-10-07,,14.700,15.700,,,
2011-10-08,,11.400,13.800,,,
2011-10-09,,4.300,7.100,,,
2011-10-10,,,8.400,,,
2011-10-11,,,10.700,,,
2011-10-12,15.400,,12.700,,,
2011-10-13,14.800,,16.200,,,
2011-10-14,10.400,,16.100,,,
2011-10-15,10.900,,13.400,,,
2011-10-16,9.500,,15.400,,,
2011-10-17,11.300,,14.700,,,
2011-10-18,16.000,,12.400,,,
2011-10-19,10.300,,12.700,,,
2011-10-20,6.000,,,,,
2011-10-21,8.400,,15.400,,,
2011-10-22,12.100,,15.500,,,
2011-10-23,5.400,,13.100,,,
2011-10-24,4.200,,11.900,,,
2011-10-25,11.500,,17.600,,,
2011-10-26,12.000,,17.700,,,
2011-10-27,15.200,,15.500,,,
2011-10-28,,,19.800,,,
2011-10-29,,,14.800,,,
2011-10-30,7.500,,16.500,,,
2011-10-31,,,17.600,,,
2011-11-01,,,17.200,,,
2011-11-02,14.400,,13.500,,,
2011-11-03,12.200,,20.800,,,
2011-11-04,19.100,,25.100,,,
2011-11-05,17.200,,24.700,,,
2011-11-06,13.800,,21.000,,,
2011-11-07,,,23.000,,,
2011-11-08,8.400,22.900,19.600,,,
2011-11-09,18.700,26.100,21.000,,,
2011-11-10,13.000,20.300,15.800,,,
2011-11-11,8.700,12.100,11.300,,,
2011-11-12,12.700,14.400,14.900,,,
2011-11-13,10.500,11.200,14.000,,,
2011-11-14,13.900,14.700,12.700,,,
2011-11-15,15.200,18.400,14.200,,,
2011-11-16,6.800,16.500,8.800,,,
2011-11-17,4.500,12.100,5.800,,,
2011-11-18,8.900,14.000,11.100,,,
2011-11-19,7.900,22.200,10.100,,,
2011-11-20,5.900,13.400,9.000,,,
2011-11-21,8.700,14.900,14.600,,,
2011-11-22,21.900,26.400,20.700,,,
2011-11-23,20.100,27.600,15.200,,,
2011-11-24,14.600,25.200,9.200,,,
2011-11-25,12.100,20.200,9.800,,,
2011-11-26,9.400,12.800,12.200,,,
2011-11-27,13.000,25.000,16.800,,,
2011-11-28,9.700,26.600,15.100,,,
2011-11-29,9.600,14.100,12.600,,,
2011-11-30,7.200,13.900,8.900,,,
2011-12-01,22.800,35.700,12.800,,,
2011-12-02,24.800,37.100,14.500,,,
2011-12-03,20.400,34.300,13.500,,,
2011-12-04,12.800,27.900,11.800,,,
2011-12-05,10.600,23.400,11.100,,,
2011-12-06,12.200,15.300,10.200,,,
2011-12-07,9.600,9.900,9.600,,,
2011-12-08,11.900,11.300,11.500,,,
2011-12-09,15.200,17.700,9.800,,,
2011-12-10,7.500,19.600,11.000,,,
2011-12-11,6.100,10.700,11.200,,,
2011-12-12,7.500,22.400,9.800,,,
2011-12-13,10.700,11.900,9.200,,,
2011-12-14,,17.400,8.800,,,
2011-12-15,,14.500,10.600,,,
2011-12-16,,10.500,8.900,,,
2011-12-17,,10.900,12.500,,,
2011-12-18,5.400,9.600,5.300,,,
2011-12-19,4.400,11.100,4.600,,,
2011-12-20,5.600,10.400,4.900,,,
2011-12-21,2.800,8.400,10.200,,,
2011-12-22,4.100,,7.300,,,
2011-12-23,5.600,14.100,7.100,,,
2011-12-24,8.800,14.500,8.400,,,
2011-12-25,7.000,9.700,10.200,,,
2011-12-26,4.700,10.100,7.700,,,
2011-12-27,4.300,11.500,9.500,,,
2011-12-28,4.400,10.700,10.400,,,
2011-12-29,4.200,12.600,10.100,,,
2011-12-30,5.200,9.700,8.300,,,
2011-12-31,5.600,8.500,9.100,,,
2012-01-01,6.900,18.200,7.100,,,
2012-01-02,6.500,22.200,8.900,,,
2012-01-03,5.600,19.700,8.100,,,
2012-01-04,5.800,14.900,8.400,,,
2012-01-05,6.500,13.600,12.400,,,
2012-01-06,5.900,12.500,17.300,,,
2012-01-07,3.200,9.000,8.000,,,
2012-01-08,7.100,9.200,10.800,,,
2012-01-09,5.700,14.300,9.100,,,
2012-01-10,4.000,7.600,6.000,,,
2012-01-11,5.000,12.700,5.800,,,
2012-01-12,10.100,13.200,7.800,,,
2012-01-13,7.500,,9.100,,,
2012-01-14,8.800,18.200,8.300,,,
2012-01-15,5.700,11.700,7.500,,,
2012-01-16,4.100,10.100,6.000,,,
2012-01-17,3.300,5.700,5.600,,,
2012-01-18,5.100,11.200,5.600,,,
2012-01-19,7.400,14.400,6.300,,,
2012-01-20,8.400,17.300,7.700,,,
2012-01-21,7.300,11.600,11.600,,,
2012-01-22,8.000,16.800,10.200,,,
2012-01-23,6.300,19.500,8.100,,,
2012-01-24,6.800,12.900,6.900,,,
2012-01-25,6.400,11.600,9.100,,,
2012-01-26,5.100,10.000,4.800,,,
2012-01-27,7.300,15.200,4.800,,,
2012-01-28,3.500,8.000,7.300,,,
2012-01-29,3.900,7.700,7.600,,,
2012-01-30,2.500,16.800,5.200,,,
2012-01-31,,13.600,7.800,,,
2012-02-01,,11.000,8.700,,,
2012-02-02,13.200,19.200,12.900,,,
2012-02-03,9.700,17.000,15.400,,,
2012-02-04,7.700,13.800,8.300,,,
2012-02-05,8.100,12.400,6.100,,,
2012-02-06,2.800,6.400,6.300,,,
2012-02-07,7.200,7.500,7.600,,,
2012-02-08,5.500,13.900,3.600,,,
2012-02-09,10.700,24.900,7.200,,,
2012-02-10,8.500,16.700,11.900,,,
2012-02-11,7.100,17.700,9.500,,,
2012-02-12,5.300,9.400,5.700,,,
2012-02-13,7.400,15.100,5.600,,,
2012-02-14,6.000,12.000,6.200,,,
2012-02-15,6.300,11.300,6.800,,,
2012-02-16,7.200,9.000,8.500,,,
2012-02-17,9.200,8.900,6.000,,,
2012-02-18,16.500,17.500,8.500,,,
2012-02-19,7.600,18.600,9.400,,,
2012-02-20,3.200,15.200,7.500,,,
2012-02-21,7.300,12.700,14.700,,,
2012-02-22,15.000,9.600,16.200,,,
2012-02-23,4.900,15.700,7.500,,,
2012-02-24,10.300,14.200,11.300,,,
2012-02-25,10.000,10.300,15.700,,,
2012-02-26,7.700,6.600,14.100,,,
2012-02-27,4.800,5.000,11.500,,,
2012-02-28,3.000,12.900,6.700,,,
2012-02-29,6.700,13.100,8.900,,,
2012-03-01,14.900,21.000,14.800,,,
2012-03-02,14.700,20.700,18.800,,,
2012-03-03,12.400,13.900,21.700,,,
2012-03-04,11.200,11.700,18.500,,,
2012-03-05,11.600,10.800,18.400,,,
2012-03-06,10.700,10.300,12.000,,,
2012-03-07,6.800,11.000,7.600,,,
2012-03-08,1.200,7.000,7.400,,,
2012-03-09,5.600,15.900,13.000,,,
2012-03-10,80.400,48.400,95.900,,,
2012-03-11,20.200,13.200,24.500,,,
2012-03-12,10.100,9.600,16.500,,,
2012-03-13,7.600,12.300,9.800,,,
2012-03-14,7.800,14.000,11.600,,,
2012-03-15,13.200,20.800,14.300,,,
2012-03-16,9.000,22.800,15.300,,,
2012-03-17,9.900,,15.600,,,
2012-03-18,,,12.800,,,
2012-03-19,,,15.600,,,
2012-03-20,,,15.900,,,
2012-03-21,,,15.000,,,
2012-03-22,,25.200,25.400,,,
2012-03-23,,34.600,31.300,,,
2012-03-24,9.700,25.500,24.300,,,
2012-03-25,12.200,20.400,22.300,,,
2012-03-26,14.200,28.300,20.700,,,
2012-03-27,13.900,42.600,,,,
2012-03-28,20.500,33.200,,,,
2012-03-29,14.000,26.700,17.700,,,
2012-03-30,9.900,21.000,16.600,,,
2012-03-31,16.100,16.700,23.800,,,
2012-04-01,12.000,15.900,23.500,,,
2012-04-02,8.200,19.900,23.200,,,
2012-04-03,10.400,30.900,27.600,,,
2012-04-04,15.600,29.900,33.000,,,
2012-04-05,10.900,26.100,25.700,,,
2012-04-06,14.100,26.700,23.200,,,
2012-04-07,14.400,26.000,27.900,,,
2012-04-08,4.200,8.900,13.000,,,
2012-04-09,6.200,13.200,13.200,,,
2012-04-10,4.700,14.700,15.100,,,
2012-04-11,3.900,18.600,16.200,,,
2012-04-12,6.300,12.600,22.000,,,
2012-04-13,8.600,16.100,,,,
2012-04-14,6.300,10.400,,,,
2012-04-15,13.100,19.700,,,,
2012-04-16,10.100,17.100,,,,
2012-04-17,8.000,12.000,,,,
2012-04-18,8.500,13.500,,,,
2012-04-19,10.900,17.900,,,,
2012-04-20,6.700,11.100,,,,
2012-04-21,10.000,13.200,,,,
2012-04-22,6.700,15.300,,,,
2012-04-23,5.000,16.100,,,,
2012-04-24,9.800,16.300,,,,
2012-04-25,15.400,19.800,,,,
2012-04-26,9.800,23.600,,,,
2012-04-27,14.000,26.200,,,,
2012-04-28,10.600,20.100,,,,
2012-04-29,13.000,17.100,,,,
2012-04-30,12.100,25.300,,,,
2012-05-01,10.600,19.000,,,,
2012-05-02,12.600,22.000,,,,
2012-05-03,15.700,25.600,,,,
2012-05-04,10.700,21.600,,,,
2012-05-05,9.600,13.000,,,,
2012-05-06,10.600,18.200,,,,
2012-05-07,9.300,18.600,,,,
2012-05-08,6.000,15.500,,,,
2012-05-09,,20.300,,,,
2012-05-10,5.400,19.700,,,,
2012-05-11,4.700,17.300,19.600,,,
2012-05-12,8.100,17.000,24.600,,,
2012-05-13,12.100,17.600,25.700,,,
2012-05-14,10.200,16.300,23.000,,,
2012-05-15,8.000,12.800,18.100,,,
2012-05-16,7.800,13.500,20.700,,,
2012-05-17,,11.100,17.700,,,
2012-05-18,2.700,11.900,13.500,,,
2012-05-19,5.200,16.400,17.100,,,
2012-05-20,6.600,,24.700,,,
2012-05-21,9.500,,21.000,,,
2012-05-22,7.000,9.900,17.600,,,
2012-05-23,6.700,10.100,18.900,,,
2012-05-24,7.300,8.300,18.000,,,
2012-05-25,15.200,19.400,,,,
2012-05-26,14.400,22.000,,,,
2012-05-27,9.200,13.800,,,,
2012-05-28,13.400,22.300,,,,
2012-05-29,14.000,20.600,,,,
2012-05-30,12.500,21.900,,,,
2012-05-31,16.000,24.300,,,,
2012-06-01,10.600,14.100,18.100,,,
2012-06-02,11.900,19.400,18.300,,,
2012-06-03,9.500,18.400,18.300,,,
2012-06-04,8.000,12.600,16.900,,,
2012-06-05,7.900,13.100,18.100,,,
2012-06-06,9.000,16.200,17.400,,,
2012-06-07,11.100,16.300,13.100,,,
2012-06-08,8.600,16.600,15.600,,,
2012-06-09,7.100,15.800,14.100,,,
2012-06-10,8.300,17.300,16.100,,,
2012-06-11,10.900,16.000,18.300,,,
2012-06-12,7.800,14.500,13.400,,,
2012-06-13,12.700,22.500,17.300,,,
2012-06-14,8.200,15.700,15.600,,,
2012-06-15,8.000,18.300,17.300,,,
2012-06-16,4.600,11.800,14.800,,,
2012-06-17,11.900,17.200,19.200,,,
2012-06-18,16.100,24.900,20.100,,,
2012-06-19,14.900,19.100,20.000,,,
2012-06-20,18.600,25.400,22.600,,,
2012-06-21,16.600,24.400,23.600,,,
2012-06-22,22.500,28.200,28.200,,,
2012-06-23,,30.200,25.600,,,
2012-06-24,,38.000,23.700,,,
2012-06-25,13.800,22.300,25.000,,,
2012-06-26,13.000,17.000,18.000,,,
2012-06-27,13.700,23.100,20.100,,,
2012-06-28,10.500,18.100,21.700,,,
2012-06-29,12.500,,17.700,,,
2012-06-30,17.600,,19.000,,,
2012-07-01,16.900,,18.900,,,
2012-07-02,15.000,,22.000,,,
2012-07-03,23.900,36.700,26.600,,,
2012-07-04,26.000,38.700,,,,
2012-07-05,9.300,13.100,,,,
2012-07-06,7.600,16.400,,,,
2012-07-07,13.300,17.600,,,,
2012-07-08,15.400,26.700,,,,
2012-07-09,16.800,20.800,,,,
2012-07-10,18.500,27.000,,,,
2012-07-11,16.000,25.300,,,,
2012-07-12,26.400,35.000,,,,
2012-07-13,19.600,26.700,,,,
2012-07-14,13.100,20.200,,,,
2012-07-15,18.900,20.100,,,,
2012-07-16,15.300,18.700,,,,
2012-07-17,10.100,13.800,,,,
2012-07-18,10.100,17.400,,,,
2012-07-19,13.000,22.800,,,,
2012-07-20,11.400,16.400,,,,
2012-07-21,12.100,19.600,,,,
2012-07-22,14.400,17.200,,,,
2012-07-23,10.800,14.200,,,,
2012-07-24,6.500,11.200,,,,
2012-07-25,10.200,14.700,,,,
2012-07-26,12.100,19.200,,,,
2012-07-27,14.000,23.100,,,,
2012-07-28,15.200,25.100,,,,
2012-07-29,14.300,18.000,34.000,,,
2012-07-30,25.100,34.100,34.700,,,
2012-07-31,10.400,19.100,21.800,,,
2012-08-01,13.500,22.400,,,,
2012-08-02,40.900,23.100,,,,
2012-08-03,,28.900,17.600,,,
2012-08-04,,17.000,12.700,,,
2012-08-05,,15.500,21.900,,,
2012-08-06,,20.500,11.000,,,
2012-08-07,19.300,30.700,15.400,,,
2012-08-08,26.400,34.600,28.500,,,
2012-08-09,23.100,29.700,18.300,,,
2012-08-10,13.900,21.100,16.700,,,
2012-08-11,12.800,20.500,13.300,,,
2012-08-12,19.800,24.800,15.900,,,
2012-08-13,13.300,24.200,15.800,,,
2012-08-14,11.800,22.000,12.000,,,
2012-08-15,12.200,20.500,17.500,,,
2012-08-16,14.800,23.700,17.800,,,
2012-08-17,15.100,22.900,16.000,,,
2012-08-18,15.300,25.900,15.600,,,
2012-08-19,17.300,28.600,20.400,,,
2012-08-20,19.500,27.400,21.900,,,
2012-08-21,20.100,34.200,20.800,,,
2012-08-22,17.900,23.400,12.100,,,
2012-08-23,15.500,20.100,13.100,,,
2012-08-24,18.300,27.300,13.500,,,
2012-08-25,20.400,25.600,13.900,,,
2012-08-26,13.200,19.900,14.200,,,
2012-08-27,13.600,19.400,11.200,,,
2012-08-28,8.200,17.400,8.300,,,
2012-08-29,12.200,20.400,6.800,,,
2012-08-30,10.700,16.300,6.200,,,
2012-08-31,10.200,16.100,5.400,,,
2012-09-01,7.100,12.500,5.900,,,
2012-09-02,7.400,13.400,3.700,,,
2012-09-03,7.100,16.600,3.700,,,
2012-09-04,,14.400,3.000,,,
2012-09-05,8.200,20.100,4.200,,,
2012-09-06,10.200,22.800,7.200,,,
2012-09-07,11.100,19.000,8.600,,,
2012-09-08,14.600,25.400,14.700,,,
2012-09-09,18.600,25.000,13.300,,,
2012-09-10,17.300,26.300,12.800,,,
2012-09-11,14.800,24.300,13.000,,,
2012-09-12,15.600,24.400,12.200,,,
2012-09-13,10.700,21.200,10.800,,,
2012-09-14,4.900,9.800,3.400,,,
2012-09-15,6.300,9.600,2.900,,,
2012-09-16,6.400,11.600,1.800,,,
2012-09-17,9.300,13.800,4.300,,,
2012-09-18,22.900,16.500,7.800,,,
2012-09-19,,22.400,8.000,,,
2012-09-20,,20.500,9.600,,,
2012-09-21,,16.900,10.200,,,
2012-09-22,,23.100,7.200,,,
2012-09-23,,15.100,7.300,,,
2012-09-24,,17.200,8.900,,,
2012-09-25,,26.000,15.900,,,
2012-09-26,,28.100,14.400,,,
2012-09-27,,24.000,13.800,,,
2012-09-28,9.300,20.400,9.800,,,
2012-09-29,11.200,20.000,11.300,,,
2012-09-30,12.900,18.800,12.100,,,
2012-10-01,14.700,23.500,16.100,,,
2012-10-02,4.900,9.400,3.500,,,
2012-10-03,5.800,10.400,5.800,,,
2012-10-04,10.400,14.900,7.500,,,
2012-10-05,11.100,19.900,4.500,,,
2012-10-06,10.500,27.400,,,,
2012-10-07,14.400,23.200,,,,
2012-10-08,13.300,,,,,
2012-10-09,13.600,14.800,,,,
2012-10-10,8.600,16.900,,,,
2012-10-11,11.600,15.300,,,,
2012-10-12,8.900,30.000,,,,
2012-10-13,5.500,,,,,
2012-10-14,6.700,,,,,
2012-10-15,10.100,,,,,
2012-10-16,7.900,,,,,
2012-10-17,7.600,,,,,
2012-10-18,10.400,,,,,
2012-10-19,8.300,,,,,
2012-10-20,6.500,,,,,
2012-10-21,7.200,,,,,
2012-10-22,13.700,,,,,
2012-10-23,15.400,,18.800,,,
2012-10-24,10.700,,14.700,,,
2012-10-25,8.400,,6.200,,,
2012-10-26,7.600,,3.800,,,
2012-10-27,14.700,,11.700,,,
2012-10-28,10.200,,7.100,,,
2012-10-29,5.000,,2.700,,,
2012-10-30,5.800,,3.100,,,
2012-10-31,7.300,,,,,
2012-11-01,11.200,12.700,,,,
2012-11-02,9.000,17.700,6.300,,,
2012-11-03,7.500,13.200,5.500,,,
2012-11-04,7.500,18.600,5.300,,,
2012-11-05,3.200,10.600,7.600,,,
2012-11-06,6.600,10.800,4.500,,,
2012-11-07,6.600,13.500,3.900,,,
2012-11-08,5.300,14.800,4.600,,,
2012-11-09,5.500,23.500,3.400,,,
2012-11-10,9.100,22.000,5.700,,,
2012-11-11,5.000,16.600,5.700,,,
2012-11-12,7.500,21.800,9.600,,,
2012-11-13,4.700,11.800,8.100,,,
2012-11-14,5.300,12.000,7.300,,,
2012-11-15,4.400,13.100,5.400,,,
2012-11-16,6.000,14.400,4.200,,,
2012-11-17,9.200,15.600,5.300,,,
2012-11-18,7.800,17.400,4.800,,,
2012-11-19,4.500,,4.200,,,
2012-11-20,7.500,14.200,5.200,,,
2012-11-21,7.200,12.800,4.200,,,
2012-11-22,8.900,28.100,5.100,,,
2012-11-23,13.100,35.800,4.900,,,
2012-11-24,16.200,28.600,4.500,,,
2012-11-25,12.000,22.800,5.300,,,
2012-11-26,14.800,35.500,6.700,,,
2012-11-27,3.000,29.900,5.700,,,
2012-11-28,10.400,,16.200,,,
2012-11-29,9.300,,7.100,,,
2012-11-30,11.300,,3.700,,,
2012-12-01,6.300,,2.500,,,
2012-12-02,3.600,9.400,2.100,,,
2012-12-03,5.500,9.600,7.900,,,
2012-12-04,6.200,12.600,4.200,,,
2012-12-05,4.500,17.000,3.700,,,
2012-12-06,4.100,14.500,3.700,,,
2012-12-07,5.900,,4.900,,,
2012-12-08,3.300,,,,,
2012-12-09,5.400,,,,,
2012-12-10,6.000,,,,,
2012-12-11,6.500,,,,,
2012-12-12,9.300,,,,,
2012-12-13,8.100,,,,,
2012-12-14,5.200,,,,,
2012-12-15,11.200,,,,,
2012-12-16,9.100,,,,,
2012-12-17,7.400,,,,,
2012-12-18,6.600,,,,,
2012-12-19,5.100,,,,,
2012-12-20,6.500,,2.100,,,
2012-12-21,8.500,,7.800,,,
2012-12-22,5.400,,3.600,,,
2012-12-23,5.900,,3.600,,,
2012-12-24,8.000,,4.800,,,
2012-12-25,6.200,,4.700,,,
2012-12-26,6.500,,5.500,,,
2012-12-27,10.200,,6.500,,,
2012-12-28,8.700,,8.600,,,
2012-12-29,4.800,,5.800,,,
2012-12-30,9.600,,5.500,,,
2012-12-31,12.900,,7.200,,,
2013-01-01,8.000,,3.400,,,
2013-01-02,5.600,,3.800,,,
2013-01-03,6.000,,3.900,,,
2013-01-04,6.200,,4.000,,,
2013-01-05,6.000,,5.900,,,
2013-01-06,7.300,,5.400,,,
2013-01-07,9.100,,8.200,,,
2013-01-08,11.500,30.400,5.900,,,
2013-01-09,10.800,16.500,9.700,,,
2013-01-10,10.000,15.300,9.200,,,
2013-01-11,8.000,12.000,6.700,,,
2013-01-12,8.200,11.400,6.000,,,
2013-01-13,6.000,16.900,5.900,,,
2013-01-14,5.300,25.100,6.100,,,
2013-01-15,6.800,21.500,5.700,,,
2013-01-16,5.600,8.200,5.900,,,
2013-01-17,11.300,15.900,13.300,,,
2013-01-18,6.200,5.800,6.400,,,
2013-01-19,9.700,,7.900,,,
2013-01-20,15.000,,15.800,,,
2013-01-21,10.500,,8.300,,,
2013-01-22,7.400,16.300,5.600,,,
2013-01-23,3.100,17.000,5.200,,,
2013-01-24,10.400,15.200,16.500,,,
2013-01-25,23.300,22.500,13.000,,,
2013-01-26,,12.300,6.100,,,
2013-01-27,,11.200,5.700,,,
2013-01-28,,19.200,6.200,,,
2013-01-29,6.300,17.600,,,,
2013-01-30,7.900,14.000,,,,
2013-01-31,11.300,17.400,,,,
2013-02-01,7.700,12.700,,,,
2013-02-02,21.400,24.700,,,,
2013-02-03,11.100,14.300,,,,
2013-02-04,7.500,13.300,,,,
2013-02-05,11.400,7.800,5.300,,,
2013-02-06,5.900,8.700,6.000,,,
2013-02-07,3.700,7.000,2.900,,,
2013-02-08,5.000,9.200,4.200,,,
2013-02-09,5.400,8.200,3.500,,,
2013-02-10,4.900,7.000,1.500,,,
2013-02-11,6.500,14.900,9.900,,,
2013-02-12,11.100,18.600,12.900,,,
2013-02-13,3.900,6.000,3.400,,,
2013-02-14,4.800,9.200,3.200,,,
2013-02-15,8.600,13.500,6.900,,,
2013-02-16,7.300,11.500,4.900,,,
2013-02-17,9.700,15.500,9.300,,,
2013-02-18,6.000,17.500,8.300,,,
2013-02-19,10.100,17.800,8.300,,,
2013-02-20,7.700,21.400,11.000,,,
2013-02-21,12.400,16.400,12.800,,,
2013-02-22,7.600,11.400,8.900,,,
2013-02-23,13.400,19.100,13.900,,,
2013-02-24,13.700,17.200,10.700,,,
2013-02-25,9.500,11.900,6.100,,,
2013-02-26,10.200,10.100,5.500,,,
2013-02-27,6.800,9.300,4.800,,,
2013-02-28,7.100,13.200,7.400,,,
2013-03-01,6.100,11.100,9.500,,,
2013-03-02,17.400,18.400,18.800,,,
2013-03-03,7.000,12.400,6.900,,,
2013-03-04,15.400,25.400,13.300,,,
2013-03-05,8.400,17.100,13.200,,,
2013-03-06,31.000,36.800,29.800,,,
2013-03-07,77.800,82.300,59.400,,,
2013-03-08,11.900,16.900,10.000,,,
2013-03-09,7.200,10.400,5.400,,,
2013-03-10,5.400,15.500,6.600,,,
2013-03-11,7.800,11.100,5.000,,,
2013-03-12,5.400,8.600,5.400,,,
2013-03-13,13.300,17.500,8.400,,,
2013-03-14,7.900,9.400,13.800,,,
2013-03-15,8.100,11.300,10.800,,,
2013-03-16,9.300,11.700,6.700,,,
2013-03-17,7.300,17.900,8.300,,,
2013-03-18,16.300,21.700,15.900,,,
2013-03-19,10.000,18.900,6.500,,,
2013-03-20,12.500,21.800,11.300,,,
2013-03-21,9.200,13.200,8.500,,,
2013-03-22,11.000,12.100,6.000,,,
2013-03-23,6.300,22.400,8.600,,,
2013-03-24,23.100,28.400,22.800,,,
2013-03-25,16.000,18.400,13.000,,,
2013-03-26,10.000,13.000,10.100,,,
2013-03-27,11.400,20.300,10.000,,,
2013-03-28,17.100,25.300,16.500,,,
2013-03-29,21.300,28.500,18.700,,,
2013-03-30,11.100,14.500,12.100,,,
2013-03-31,6.400,10.300,8.000,,,
2013-04-01,7.900,11.300,10.400,,,
2013-04-02,6.600,11.900,7.500,,,
2013-04-03,7.300,10.000,7.000,,,
2013-04-04,8.700,15.600,8.100,,,
2013-04-05,16.700,22.300,8.400,,,
2013-04-06,8.600,17.000,9.800,,,
2013-04-07,6.600,8.400,6.600,,,
2013-04-08,8.400,11.200,19.600,,,
2013-04-09,9.800,18.000,8.700,,,
2013-04-10,9.500,16.400,7.800,,,
2013-04-11,13.100,18.900,14.000,,,
2013-04-12,9.000,13.200,8.000,,,
2013-04-13,9.000,21.500,7.600,,,
2013-04-14,10.900,32.700,10.100,,,
2013-04-15,10.100,,10.500,,,
2013-04-16,11.000,16.500,8.800,,,
2013-04-17,13.400,18.500,11.100,,,
2013-04-18,13.500,22.600,13.500,,,
2013-04-19,10.100,14.400,11.200,,,
2013-04-20,13.900,21.700,14.800,,,
2013-04-21,11.600,17.600,14.800,,,
2013-04-22,11.200,17.700,16.200,,,
2013-04-23,16.000,19.900,17.700,,,
2013-04-24,17.900,22.500,22.700,,,
2013-04-25,16.800,22.400,19.900,,,
2013-04-26,15.600,25.500,22.700,,,
2013-04-27,13.400,25.300,19.100,,,
2013-04-28,14.800,22.800,23.200,,,
2013-04-29,14.400,25.900,21.800,,,
2013-04-30,15.900,16.500,19.500,,,
2013-05-01,13.900,18.200,19.700,,,
2013-05-02,18.400,23.000,18.600,,,
2013-05-03,14.200,20.800,18.000,,,
2013-05-04,18.300,23.400,21.500,,,
2013-05-05,21.200,25.800,23.200,,,
2013-05-06,10.900,13.600,12.700,,,
2013-05-07,6.700,9.300,10.200,,,
2013-05-08,7.100,12.000,8.300,,,
2013-05-09,10.400,19.900,14.800,,,
2013-05-10,9.400,17.200,14.100,,,
2013-05-11,9.200,13.800,12.900,,,
2013-05-12,11.300,14.400,10.000,,,
2013-05-13,11.100,13.100,9.700,,,
2013-05-14,8.000,12.800,9.400,,,
2013-05-15,7.300,15.800,11.700,,,
2013-05-16,42.400,56.800,42.500,,,
2013-05-17,24.400,25.600,15.300,,,
2013-05-18,26.800,34.700,36.800,,,
2013-05-19,20.800,27.700,24.900,,,
2013-05-20,10.400,17.200,13.500,,,
2013-05-21,7.300,15.500,16.300,,,
2013-05-22,63.800,84.200,69.000,,,
2013-05-23,9.700,15.000,11.200,,,
2013-05-24,6.200,10.300,8.900,,,
2013-05-25,5.800,12.900,9.600,,,
2013-05-26,6.100,8.700,8.100,,,
2013-05-27,8.200,12.700,8.600,,,
2013-05-28,7.800,12.300,11.300,,,
2013-05-29,9.800,14.000,14.100,,,
2013-05-30,7.000,12.400,8.900,,,
2013-05-31,5.100,6.900,5.900,,,
2013-06-01,6.300,11.900,6.100,,,
2013-06-02,15.000,14.400,13.700,,,
2013-06-03,8.200,12.600,10.200,,,
2013-06-04,8.800,16.000,10.600,,,
2013-06-05,12.000,17.700,15.000,,,
2013-06-06,8.000,14.600,14.100,,,
2013-06-07,8.100,14.100,13.400,,,
2013-06-08,13.900,21.600,18.000,,,
2013-06-09,27.000,15.900,18.400,,,
2013-06-10,,13.800,14.800,,,
2013-06-11,,13.400,10.200,,,
2013-06-12,,14.100,13.200,,,
2013-06-13,,13.900,12.900,,,
2013-06-14,,18.800,14.100,,,
2013-06-15,,16.200,11.900,,,
2013-06-16,,10.800,8.900,,,
2013-06-17,,18.200,8.700,,,
2013-06-18,,22.000,14.600,,,
2013-06-19,10.400,26.000,18.300,,,
2013-06-20,16.600,29.100,20.600,,,
2013-06-21,15.700,28.000,14.900,,,
2013-06-22,17.000,30.900,,,,
2013-06-23,19.900,26.800,,,,
2013-06-24,10.600,15.000,,,,
2013-06-25,12.600,17.000,,,,
2013-06-26,11.900,14.900,,,,
2013-06-27,10.200,15.800,,,,
2013-06-28,9.300,18.700,17.800,,,
2013-06-29,11.200,15.400,20.000,,,
2013-06-30,8.600,14.100,18.100,,,
2013-07-01,9.100,18.900,20.800,,,
2013-07-02,7.100,14.100,17.700,,,
2013-07-03,6.800,14.700,,,,
2013-07-04,9.700,15.500,,,,
2013-07-05,10.600,22.200,,,,
2013-07-06,8.000,15.600,,,,
2013-07-07,19.800,26.000,,,,
2013-07-08,17.300,24.500,,,,
2013-07-09,13.900,23.600,,,,
2013-07-10,13.800,19.600,,,,
2013-07-11,15.500,19.600,,,,
2013-07-12,15.100,20.700,,,,
2013-07-13,11.500,20.400,,,,
2013-07-14,13.400,21.800,,,,
2013-07-15,14.800,22.600,25.800,,,
2013-07-16,17.000,22.300,23.700,,,
2013-07-17,15.300,24.200,21.900,,,
2013-07-18,14.100,39.000,24.500,,,
2013-07-19,14.100,29.300,19.300,,,
2013-07-20,12.800,32.700,19.000,,,
2013-07-21,10.000,25.200,20.200,,,
2013-07-22,14.200,24.000,22.200,,,
2013-07-23,13.200,23.200,24.700,,,
2013-07-24,19.500,25.200,23.800,,,
2013-07-25,14.200,17.800,24.300,,,
2013-07-26,14.100,22.300,20.900,,,
2013-07-27,13.200,15.200,19.100,,,
2013-07-28,10.600,14.400,18.900,,,
2013-07-29,10.600,17.200,19.500,,,
2013-07-30,13.000,18.000,21.300,,,
2013-07-31,9.300,15.000,14.600,,,
2013-08-01,11.300,18.100,15.000,,,
2013-08-02,13.800,21.200,20.700,,,
2013-08-03,13.600,19.900,19.600,,,
2013-08-04,11.800,19.000,20.600,,,
2013-08-05,17.400,28.800,17.800,,,
2013-08-06,17.600,37.200,22.800,,,
2013-08-07,14.700,22.500,21.500,,,
2013-08-08,14.300,22.300,16.400,,,
2013-08-09,14.500,19.300,18.700,,,
2013-08-10,11.000,14.200,13.800,,,
2013-08-11,12.000,16.700,15.300,,,
2013-08-12,13.000,18.800,20.500,,,
2013-08-13,18.500,28.000,20.100,,,
2013-08-14,12.500,16.400,16.300,,,
2013-08-15,13.300,17.100,15.700,,,
2013-08-16,13.800,19.500,18.600,,,
2013-08-17,12.300,18.600,16.100,,,
2013-08-18,13.500,18.600,15.500,,,
2013-08-19,13.300,19.100,16.500,,,
2013-08-20,11.700,21.400,16.900,,,
2013-08-21,10.200,13.200,12.200,,,
2013-08-22,10.300,19.200,14.700,,,
2013-08-23,16.200,21.200,16.100,,,
2013-08-24,16.500,22.900,19.900,,,
2013-08-25,13.500,21.500,17.800,,,
2013-08-26,16.800,28.700,21.800,,,
2013-08-27,13.900,26.500,19.200,,,
2013-08-28,14.400,,16.500,,,
2013-08-29,12.400,,13.600,,,
2013-08-30,8.100,,16.300,,,
2013-08-31,8.200,,13.900,,,
2013-09-01,8.400,10.700,15.400,,,
2013-09-02,9.900,9.500,15.500,,,
2013-09-03,9.200,9.900,13.400,,,
2013-09-04,7.800,17.800,14.500,,,
2013-09-05,5.400,16.400,13.400,,,
2013-09-06,11.600,,16.200,,,
2013-09-07,13.100,,16.200,,,
2013-09-08,17.200,,20.700,,,
2013-09-09,19.200,,17.100,,,
2013-09-10,,,14.000,,,
2013-09-11,,13.900,11.200,,,
2013-09-12,,23.100,11.400,,,
2013-09-13,,,7.200,,,
2013-09-14,4.600,,6.100,,,
2013-09-15,6.800,,9.000,,,
2013-09-16,6.000,,9.000,,,
2013-09-17,7.000,,9.400,,,
2013-09-18,6.400,11.400,7.700,,,
2013-09-19,6.100,9.100,7.100,,,
2013-09-20,7.200,,8.100,,,
2013-09-21,8.300,,9.400,,,
2013-09-22,6.800,,8.800,,,
2013-09-23,9.000,10.200,9.900,,,
2013-09-24,10.500,16.400,8.800,,,
2013-09-25,7.300,12.600,7.700,,,
2013-09-26,8.100,,9.200,,,
2013-09-27,10.000,,12.600,,,
2013-09-28,11.100,19.300,12.700,,,
2013-09-29,7.700,20.000,12.400,,,
2013-09-30,10.700,11.900,11.900,,,
2013-10-01,6.400,10.400,9.200,,,
2013-10-02,9.300,14.200,9.800,,,
2013-10-03,8.000,15.600,10.300,,,
2013-10-04,6.400,14.000,,,,
2013-10-05,6.400,16.800,,,,
2013-10-06,4.000,14.000,,,,
2013-10-07,6.100,12.500,,,,
2013-10-08,8.000,17.500,,,,
2013-10-09,8.200,22.700,12.000,,,
2013-10-10,9.800,22.800,15.900,,,
2013-10-11,24.400,26.700,20.900,,,
2013-10-12,11.800,12.500,17.200,,,
2013-10-13,7.500,14.600,17.800,,,
2013-10-14,12.400,23.800,15.100,,,
2013-10-15,13.400,25.900,19.600,,,
2013-10-16,8.900,13.000,18.600,,,
2013-10-17,8.100,11.100,10.100,,,
2013-10-18,8.000,17.900,8.600,,,
2013-10-19,5.800,23.500,10.000,,,
2013-10-20,3.300,7.400,8.500,,,
2013-10-21,4.600,16.600,9.800,,,
2013-10-22,3.600,17.900,9.800,,,
2013-10-23,,20.500,10.300,,,
2013-10-24,4.100,24.000,11.900,,,
2013-10-25,6.600,18.600,10.100,,,
2013-10-26,8.800,24.100,13.800,,,
2013-10-27,14.900,16.400,14.900,,,
2013-10-28,15.300,21.600,13.600,,,
2013-10-29,7.700,16.300,9.500,,,
2013-10-30,6.300,23.500,10.200,,,
2013-10-31,5.800,15.100,9.700,,,
2013-11-01,6.300,21.100,7.800,,,
2013-11-02,8.500,22.300,7.100,,,
2013-11-03,7.900,18.500,6.800,,,
2013-11-04,5.200,16.900,7.000,,,
2013-11-05,5.100,11.000,,,,
2013-11-06,5.700,9.900,,,,
2013-11-07,7.500,15.600,,,,
2013-11-08,8.100,20.400,1.400,,,
2013-11-09,8.100,23.600,2.500,,,
2013-11-10,5.500,14.200,3.400,,,
2013-11-11,3.400,6.100,3.700,,,
2013-11-12,3.100,16.100,-0.900,,,
2013-11-13,5.200,14.500,-1.700,,,
2013-11-14,8.500,23.500,-0.100,,,
2013-11-15,7.400,28.600,-1.100,,,
2013-11-16,7.500,20.300,-1.400,,,
2013-11-17,5.600,21.200,0.600,,,
2013-11-18,3.800,14.900,2.300,,,
2013-11-19,13.100,20.600,11.600,,,
2013-11-20,7.000,11.300,5.400,,,
2013-11-21,4.700,8.600,0.300,,,
2013-11-22,4.900,14.100,4.200,,,
2013-11-23,4.100,8.200,-0.600,,,
2013-11-24,2.000,5.800,-0.800,,,
2013-11-25,4.200,8.800,-1.200,,,
2013-11-26,3.500,8.800,0.200,,,
2013-11-27,6.700,11.200,-0.500,,,
2013-11-28,4.000,28.100,-0.500,,,
2013-11-29,3.300,13.300,-1.700,,,
2013-11-30,2.100,5.500,-1.200,,,
2013-12-01,3.900,8.300,1.100,,,
2013-12-02,4.500,9.600,0.700,,,
2013-12-03,5.500,15.700,-2.000,,,
2013-12-04,5.900,10.000,2.100,,,
2013-12-05,9.100,24.000,2.900,,,
2013-12-06,9.900,19.600,3.900,,,
2013-12-07,10.400,19.900,3.500,,,
2013-12-08,5.000,14.200,3.100,,,
2013-12-09,3.700,20.900,1.000,,,
2013-12-10,5.100,24.200,0.400,,,
2013-12-11,5.500,9.100,3.100,,,
2013-12-12,12.100,20.000,2.600,,,
2013-12-13,11.400,21.300,3.600,,,
2013-12-14,13.200,26.200,2.400,,,
2013-12-15,10.800,17.900,3.800,,,
2013-12-16,7.500,18.000,3.400,,,
2013-12-17,3.300,17.300,3.200,,,
2013-12-18,6.200,16.000,3.600,,,
2013-12-19,8.300,32.800,5.800,,,
2013-12-20,4.500,20.600,2.400,,,
2013-12-21,4.300,10.600,1.600,,,
2013-12-22,3.000,6.900,2.400,,,
2013-12-23,4.300,10.300,3.100,,,
2013-12-24,5.500,10.100,4.200,,,
2013-12-25,4.200,11.200,3.000,,,
2013-12-26,4.600,7.800,4.000,,,
2013-12-27,9.600,6.100,-0.200,,,
2013-12-28,8.000,18.400,-0.100,,,
2013-12-29,7.700,18.700,0.500,,,
2013-12-30,7.200,19.800,1.100,,,
2013-12-31,3.900,5.200,-0.200,,,
2014-01-01,7.300,11.000,1.500,,,
2014-01-02,11.600,22.100,0.900,,,
2014-01-03,11.000,25.000,1.600,,,
2014-01-04,10.500,18.700,2.900,,,
2014-01-05,8.200,7.500,2.900,,,
2014-01-06,4.600,7.700,0.300,,,
2014-01-07,6.300,11.800,0.800,,,
2014-01-08,13.600,22.800,1.000,,,
2014-01-09,10.600,23.400,,,,
2014-01-10,6.700,22.700,2.000,,,
2014-01-11,8.600,23.500,2.000,,,
2014-01-12,10.300,19.100,3.300,,,
2014-01-13,9.700,14.500,1.800,,,
2014-01-14,13.700,18.100,7.600,,,
2014-01-15,10.400,12.900,3.500,,,
2014-01-16,11.100,19.800,2.400,,,
2014-01-17,5.700,17.800,4.400,,,
2014-01-18,20.600,23.700,23.400,,,
2014-01-19,27.500,31.200,28.600,,,
2014-01-20,34.200,43.800,31.500,,,
2014-01-21,6.700,9.400,4.500,,,
2014-01-22,6.000,11.100,3.800,,,
2014-01-23,6.100,25.300,6.200,,,
2014-01-24,8.400,9.400,5.600,,,
2014-01-25,8.100,7.400,5.300,,,
2014-01-26,9.000,10.100,7.200,,,
2014-01-27,9.000,12.100,3.900,,,
2014-01-28,6.200,7.900,1.200,,,
2014-01-29,7.100,10.700,3.000,,,
2014-01-30,18.600,25.500,16.600,,,
2014-01-31,38.200,47.100,35.000,,,
2014-02-01,42.100,59.400,41.300,,,
2014-02-02,7.700,12.100,2.200,,,
2014-02-03,6.800,8.700,1.800,,,
2014-02-04,8.400,20.600,2.100,,,
2014-02-05,9.400,15.800,3.400,,,
2014-02-06,9.000,12.200,4.600,,,
2014-02-07,7.300,14.900,0.600,,,
2014-02-08,8.900,13.100,2.200,,,
2014-02-09,9.000,13.100,4.200,,,
2014-02-10,9.100,13.900,5.000,,,
2014-02-11,13.900,19.500,12.300,,,
2014-02-12,7.600,10.100,5.500,,,
2014-02-13,7.300,9.300,4.300,,,
2014-02-14,10.100,12.600,4.900,,,
2014-02-15,11.300,17.200,5.700,,,
2014-02-16,9.100,10.500,4.800,,,
2014-02-17,6.200,13.400,4.200,,,
2014-02-18,8.700,14.800,8.100,,,
2014-02-19,13.300,19.300,,,,
2014-02-20,14.600,18.600,,,,
2014-02-21,11.400,12.900,,,,
2014-02-22,12.100,12.800,6.600,,,
2014-02-23,8.200,7.900,4.300,,,
2014-02-24,8.100,10.500,,,,
2014-02-25,7.100,13.000,,,,
2014-02-26,4.300,10.300,,,,
2014-02-27,7.700,12.600,,,,
2014-02-28,10.400,10.600,,,,
2014-03-01,6.800,10.300,,,,
2014-03-02,6.100,8.700,,,,
2014-03-03,6.600,8.400,,,,
2014-03-04,5.500,7.200,,,,
2014-03-05,4.500,7.400,,,,
2014-03-06,8.100,12.300,-0.200,,,
2014-03-07,10.600,14.300,0.600,,,
2014-03-08,7.800,10.100,0.700,,,
2014-03-09,7.200,9.800,2.900,,,
2014-03-10,11.300,15.100,3.100,,,
2014-03-11,13.900,24.000,7.300,,,
2014-03-12,12.300,20.100,8.200,,,
2014-03-13,10.700,12.000,10.100,,,
2014-03-14,17.800,20.600,15.700,,,
2014-03-15,14.800,17.000,13.900,,,
2014-03-16,23.500,22.400,18.600,,,
2014-03-17,23.400,21.800,17.100,,,
2014-03-18,25.600,22.700,16.600,,,
2014-03-19,18.900,19.900,14.000,,,
2014-03-20,20.700,24.600,18.100,,,
2014-03-21,18.000,18.300,17.200,,,
2014-03-22,13.800,16.500,13.500,,,
2014-03-23,9.800,15.000,7.900,,,
2014-03-24,9.100,9.500,,,,
2014-03-25,8.700,9.100,,,,
2014-03-26,7.600,11.600,,,,
2014-03-27,15.600,9.000,,,,
2014-03-28,10.100,11.600,,,,
2014-03-29,5.800,11.400,,,,
2014-03-30,12.500,12.600,,,,
2014-03-31,15.900,16.300,,,,
2014-04-01,16.100,15.800,,,,
2014-04-02,18.700,19.900,,,,
2014-04-03,14.200,18.400,,,,
2014-04-04,13.700,17.100,,,,
2014-04-05,10.200,11.800,,,,
2014-04-06,8.800,11.500,,,,
2014-04-07,10.700,12.800,,,,
2014-04-08,17.800,19.800,12.100,,,
2014-04-09,16.900,17.600,13.500,,,
2014-04-10,12.300,14.000,8.900,,,
2014-04-11,13.200,14.600,9.100,,,
2014-04-12,8.700,13.800,6.800,,,
2014-04-13,6.400,9.000,4.700,,,
2014-04-14,8.500,11.300,6.700,,,
2014-04-15,10.000,11.900,9.300,,,
2014-04-16,8.500,10.500,5.800,,,
2014-04-17,5.400,6.200,4.100,,,
2014-04-18,6.900,8.000,4.900,,,
2014-04-19,6.600,10.200,5.300,,,
2014-04-20,10.900,,23.700,,,
2014-04-22,29.800,,14.200,,,
2014-04-23,15.400,,9.000,,,
2014-04-24,11.800,,,,,
2014-04-25,10.600,11.300,4.800,,,
2014-04-26,8.200,9.600,3.300,,,
2014-04-27,8.500,8.900,5.000,,,
2014-04-28,11.800,11.000,6.500,,,
2014-04-29,9.200,,5.200,,,
2014-04-30,9.200,9.300,3.400,,,
2014-05-01,8.300,9.100,2.800,,,
2014-05-02,9.600,12.200,4.500,,,
2014-05-03,6.700,6.900,2.200,,,
2014-05-04,12.400,13.500,8.200,,,
2014-05-05,8.900,10.600,4.100,,,
2014-05-06,10.100,13.700,5.500,,,
2014-05-07,7.600,12.000,5.200,,,
2014-05-08,9.500,12.000,5.500,,,
2014-05-09,13.200,17.400,11.900,,,
2014-05-10,14.100,15.500,10.600,,,
2014-05-11,13.100,13.500,9.700,,,
2014-05-12,9.600,13.300,6.500,,,
2014-05-13,13.100,18.600,21.300,,,
2014-05-14,13.600,14.500,8.600,,,
2014-05-15,10.800,11.300,8.100,,,
2014-05-16,,10.000,5.600,,,
2014-05-17,6.600,9.800,3.900,,,
2014-05-18,8.800,9.600,5.100,,,
2014-05-19,,12.000,4.500,,,
2014-05-20,9.200,14.700,6.000,,,
2014-05-21,10.900,14.200,9.200,,,
2014-05-22,8.100,14.300,10.800,,,
2014-05-23,8.200,13.400,6.300,,,
2014-05-24,14.100,15.000,6.900,,,
2014-05-25,15.000,17.400,11.500,,,
2014-05-26,14.400,15.600,10.300,,,
2014-05-27,13.900,15.500,10.800,,,
2014-05-28,12.200,17.800,8.000,,,
2014-05-29,12.200,10.400,5.900,,,
2014-05-30,11.800,11.100,5.800,,,
2014-05-31,10.000,9.600,6.100,,,
2014-06-01,10.200,13.200,6.000,,,
2014-06-02,10.100,11.100,10.700,,,
2014-06-03,10.800,13.400,8.200,,,
2014-06-04,11.200,14.200,8.700,,,
2014-06-05,9.400,16.600,7.300,,,
2014-06-06,11.500,17.600,10.400,,,
2014-06-07,16.300,16.600,7.000,,,
2014-06-08,12.300,21.500,9.200,,,
2014-06-09,14.800,21.300,14.300,,,
2014-06-10,14.200,19.600,13.400,,,
2014-06-11,16.600,21.900,15.400,,,
2014-06-12,18.200,19.200,16.200,,,
2014-06-13,23.100,23.700,15.200,,,
2014-06-14,21.800,21.100,16.700,,,
2014-06-15,12.400,14.100,11.500,,,
2014-06-16,12.200,17.100,9.600,,,
2014-06-17,10.600,16.300,11.300,,,
2014-06-18,6.000,11.500,7.000,,,
2014-06-19,9.600,12.200,7.400,,,
2014-06-20,8.000,10.800,8.200,,,
2014-06-21,10.100,16.000,7.400,,,
2014-06-22,10.400,18.800,12.800,,,
2014-06-23,12.700,19.200,13.400,,,
2014-06-24,8.000,11.200,12.800,,,
2014-06-25,8.600,12.600,15.000,,,
2014-06-26,11.400,19.900,17.800,,,
2014-06-27,10.300,15.100,9.800,,,
2014-06-28,19.100,19.600,11.400,,,
2014-06-29,17.400,23.400,12.700,,,
2014-06-30,17.900,13.800,15.100,,,
2014-07-01,8.600,15.700,8.200,,,
2014-07-02,9.900,14.300,8.900,,,
2014-07-03,10.700,15.800,12.000,,,
2014-07-04,11.100,17.000,13.900,,,
2014-07-05,9.800,13.700,9.600,,,
2014-07-06,12.800,16.500,11.500,,,
2014-07-07,9.200,15.400,14.000,,,
2014-07-08,12.000,14.600,10.500,,,
2014-07-09,9.200,,6.300,,,
2014-07-10,9.700,11.400,7.900,,,
2014-07-11,14.600,12.300,8.000,,,
2014-07-12,11.600,9.300,8.100,,,
2014-07-13,9.300,10.600,7.400,,,
2014-07-14,9.900,12.100,,,,
2014-07-15,8.400,10.600,9.100,,,
2014-07-16,8.400,10.100,10.200,,,
2014-07-17,11.100,16.700,9.200,,,
2014-07-18,14.500,19.300,13.500,,,
2014-07-19,15.300,18.000,16.700,,,
2014-07-20,16.800,19.600,18.200,,,
2014-07-21,13.900,17.600,13.600,,,
2014-07-22,13.100,12.800,9.400,,,
2014-07-23,11.700,13.200,8.000,,,
2014-07-24,10.900,11.300,12.000,,,
2014-07-25,9.500,13.100,12.100,,,
2014-07-26,9.000,13.200,15.700,,,
2014-07-27,11.900,12.500,13.000,,,
2014-07-28,11.300,12.600,11.900,,,
2014-07-29,10.700,16.200,9.200,,,
2014-07-30,11.400,13.200,7.000,,,
2014-07-31,10.300,14.400,6.500,,,
2014-08-01,12.000,11.800,7.600,,,
2014-08-02,11.600,13.600,8.300,,,
2014-08-03,6.700,12.500,7.400,,,
2014-08-04,14.500,17.600,13.500,,,
2014-08-05,15.200,21.400,12.800,,,
2014-08-06,12.500,14.800,8.500,,,
2014-08-07,11.200,12.000,8.200,,,
2014-08-08,10.700,12.900,8.700,,,
2014-08-09,11.200,15.300,11.200,,,
2014-08-10,12.200,20.300,9.500,,,
2014-08-11,13.900,15.900,,,,
2014-08-12,13.100,13.500,,,,
2014-08-13,10.700,14.000,,,,
2014-08-14,15.900,,11.200,,,
2014-08-15,17.600,,8.200,,,
2014-08-16,8.400,,7.100,,,
2014-08-17,7.800,,5.200,,,
2014-08-18,8.300,13.200,8.200,,,
2014-08-19,6.800,13.600,8.000,,,
2014-08-20,5.800,10.100,6.000,,,
2014-08-21,5.900,12.200,6.900,,,
2014-08-22,11.400,17.500,9.600,,,
2014-08-23,10.900,21.000,11.000,,,
2014-08-24,13.900,13.800,10.900,,,
2014-08-25,7.700,10.000,,,,
2014-08-26,8.300,13.100,5.700,,,
2014-08-27,9.100,13.400,4.200,,,
2014-08-28,13.900,17.800,9.500,,,
2014-08-29,13.800,17.200,10.000,,,
2014-08-30,17.200,20.300,15.900,,,
2014-08-31,15.100,18.900,13.400,,,
2014-09-01,12.800,13.600,8.500,,,
2014-09-02,12.000,13.400,,,,
2014-09-03,6.900,7.800,4.600,,,
2014-09-04,6.900,7.100,4.200,,,
2014-09-05,10.600,11.600,8.600,,,
2014-09-06,12.700,14.500,9.500,,,
2014-09-07,12.900,12.800,10.200,,,
2014-09-08,12.200,13.500,,,,
2014-09-09,14.200,14.200,11.300,,,
2014-09-10,13.400,18.900,10.700,,,
2014-09-11,9.600,12.100,8.100,,,
2014-09-12,11.100,21.500,12.700,,,
2014-09-13,15.500,18.700,12.400,,,
2014-09-14,9.400,9.700,7.600,,,
2014-09-15,6.200,16.400,6.100,,,
2014-09-16,9.800,13.800,8.300,,,
2014-09-17,8.200,14.600,8.900,,,
2014-09-18,8.300,16.700,8.300,,,
2014-09-19,9.900,16.900,9.100,,,
2014-09-20,12.200,15.700,9.800,,,
2014-09-21,21.300,25.100,15.800,,,
2014-09-22,22.400,30.200,26.300,,,
2014-09-23,,,21.400,,,
2014-09-24,13.500,19.700,14.000,,,
2014-09-25,12.700,16.600,10.800,,,
2014-09-26,11.900,10.200,6.400,,,
2014-09-27,7.600,9.700,6.900,,,
2014-09-28,6.000,7.900,5.200,,,
2014-09-29,6.300,10.600,9.700,,,
2014-09-30,9.500,14.200,9.300,,,
2014-10-01,14.400,17.500,8.200,,,
2014-10-02,9.400,14.000,6.200,,,
2014-10-03,10.000,11.900,5.700,,,
2014-10-04,7.200,17.200,5.800,,,
2014-10-05,8.000,13.600,3.800,,,
2014-10-06,10.900,15.400,,,,
2014-10-07,15.000,20.500,,,,
2014-10-08,31.300,19.000,11.000,,,
2014-10-09,6.500,20.500,6.000,,,
2014-10-10,6.600,18.700,5.000,,,
2014-10-11,6.100,17.500,5.700,,,
2014-10-12,7.400,11.500,4.000,,,
2014-10-13,6.900,14.900,4.700,,,
2014-10-14,8.200,16.100,8.200,,,
2014-10-15,14.600,15.100,13.100,,,
2014-10-16,15.200,21.700,13.400,,,
2014-10-17,16.000,18.400,12.200,,,
2014-10-18,17.900,15.800,11.500,,,
2014-10-19,11.800,13.200,11.400,,,
2014-10-20,9.900,16.800,7.100,,,
2014-10-21,12.400,15.100,7.400,,,
2014-10-22,21.400,24.000,10.800,,,
2014-10-23,7.600,9.400,3.400,,,
2014-10-24,7.100,9.800,4.200,,,
2014-10-25,6.800,7.700,5.100,,,
2014-10-26,5.900,9.300,2.700,,,
2014-10-27,8.900,19.600,6.200,,,
2014-10-28,11.100,20.300,5.500,,,
2014-10-29,5.500,28.200,6.400,,,
2014-10-30,9.600,21.000,5.900,,,
2014-10-31,9.100,11.300,5.500,,,
2014-11-01,10.200,13.600,10.500,,,
2014-11-02,13.500,21.900,10.900,,,
2014-11-03,10.600,31.300,12.500,,,
2014-11-04,5.100,17.800,6.400,,,
2014-11-05,25.300,27.000,21.700,,,
2014-11-06,55.400,61.300,45.100,,,
2014-11-07,5.500,6.400,9.700,,,
2014-11-08,8.500,9.900,10.900,,,
2014-11-09,8.400,20.300,9.100,,,
2014-11-10,5.900,24.100,9.700,,,
2014-11-11,15.800,24.800,,,,
2014-11-12,22.100,19.800,,,,
2014-11-13,7.400,11.600,,,,
2014-11-14,8.900,16.100,5.300,,,
2014-11-15,6.700,14.600,8.100,,,
2014-11-16,9.600,,8.900,,,
2014-11-17,8.400,,9.100,,,
2014-11-18,12.600,20.600,10.800,,,
2014-11-19,13.800,19.700,10.200,,,
2014-11-20,16.000,27.200,12.600,,,
2014-11-21,15.600,39.900,13.000,,,
2014-11-22,9.600,23.400,14.200,,,
2014-11-23,13.600,25.100,16.300,,,
2014-11-24,13.600,23.200,12.300,,,
2014-11-25,15.000,,12.500,,,
2014-11-26,9.600,,11.100,,,
2014-11-27,6.900,,10.600,,,
2014-11-28,29.600,,36.800,,,
2014-11-29,21.000,,29.600,,,
2014-11-30,18.500,,25.100,,,
2014-12-01,,,48.100,,,
2014-12-02,20.100,,16.500,,,
2014-12-03,11.800,,8.200,,,
2014-12-04,7.600,,3.800,,,
2014-12-05,6.900,,4.600,,,
2014-12-06,10.200,,4.800,,,
2014-12-07,7.100,,3.000,,,
2014-12-08,4.400,,3.300,,,
2014-12-09,6.900,,3.900,,,
2014-12-10,2.300,5.500,2.000,,,
2014-12-11,5.700,8.900,4.600,,,
2014-12-12,8.300,16.200,4.500,,,
2014-12-13,10.600,29.500,2.000,,,
2014-12-14,4.400,25.500,4.700,,,
2014-12-15,,15.500,8.600,,,
2014-12-16,10.400,11.500,11.300,,,
2014-12-17,5.300,12.600,7.700,,,
2014-12-18,12.000,19.500,5.900,,,
2014-12-19,12.400,,6.800,,,
2014-12-20,9.600,10.000,9.700,,,
2014-12-21,8.700,,10.800,,,
2014-12-22,8.300,16.900,10.100,,,
2014-12-23,11.100,14.800,10.100,,,
2014-12-24,12.200,13.100,10.800,,,
2014-12-25,8.700,8.800,9.800,,,
2014-12-26,6.900,10.000,10.800,,,
2014-12-27,6.600,7.100,9.600,,,
2014-12-28,5.500,13.000,24.100,,,
2014-12-29,7.000,6.700,10.900,,,
2014-12-30,,,8.800,,,
2014-12-31,,,6.900,,,
2015-01-01,,,6.000,4.800,,
2015-01-02,,,7.400,7.500,,
2015-01-03,,,8.000,6.600,,
2015-01-04,,,10.900,9.600,,
2015-01-05,,,7.900,4.100,,
2015-01-06,,,6.600,3.700,,
2015-01-07,,,8.000,13.000,,
2015-01-08,,25.200,7.500,10.500,,
2015-01-09,,12.200,,5.700,,
2015-01-10,,25.200,,10.000,,
2015-01-11,,18.100,,9.700,,
2015-01-12,,15.200,9.500,10.000,,
2015-01-13,,26.100,7.300,9.600,,
2015-01-14,,33.500,7.500,10.100,,
2015-01-15,,31.000,8.000,11.500,,
2015-01-16,,37.000,7.400,13.600,,
2015-01-17,,23.100,7.800,7.900,,
2015-01-18,,16.700,8.300,10.300,,
2015-01-19,,16.600,6.600,14.000,,
2015-01-20,,33.400,7.700,18.200,,
2015-01-21,,31.000,8.100,14.100,,
2015-01-22,,17.800,6.900,9.800,,
2015-01-23,,15.000,6.800,4.800,,
2015-01-24,,13.200,6.100,5.300,,
2015-01-25,,15.200,5.800,5.300,,
2015-01-26,,13.000,5.300,9.100,,
2015-01-27,6.200,9.600,3.800,4.600,,
2015-01-28,5.600,7.700,3.700,4.000,,
2015-01-29,6.700,9.400,,6.200,,
2015-01-30,11.600,13.400,,12.900,,
2015-01-31,65.400,65.600,57.500,106.400,,
2015-02-01,3.800,6.600,1.700,6.900,,
2015-02-02,4.100,5.600,3.900,3.200,,
2015-02-03,10.500,22.100,13.700,17.900,,
2015-02-04,19.500,31.600,17.100,41.700,,
2015-02-05,21.800,34.800,21.700,38.700,,
2015-02-06,6.000,,4.500,7.800,,
2015-02-07,8.600,,2.900,9.100,,
2015-02-08,5.500,,3.500,5.600,,
2015-02-09,5.900,8.500,6.400,8.500,,
2015-02-10,6.300,6.300,4.500,7.200,,
2015-02-11,7.200,15.200,5.000,11.600,,
2015-02-12,8.200,21.800,6.000,14.800,,
2015-02-13,6.100,10.300,5.600,11.300,,
2015-02-14,6.200,10.500,5.500,11.800,,
2015-02-15,9.800,22.100,5.600,12.300,,
2015-02-16,6.200,14.900,6.300,11.500,,
2015-02-17,3.700,8.200,4.800,9.500,,
2015-02-18,7.300,15.200,6.100,13.800,,
2015-02-19,6.300,11.400,6.300,11.800,,
2015-02-20,8.000,19.400,6.400,15.800,,
2015-02-21,9.400,12.500,7.800,14.100,,
2015-02-22,12.200,13.000,9.700,17.500,,
2015-02-23,8.800,13.400,6.700,,,
2015-02-24,10.800,12.100,8.300,,,
2015-02-25,7.500,8.600,7.000,,,
2015-02-26,3.000,4.900,4.700,,,
2015-02-27,6.200,9.400,5.300,,,
2015-02-28,11.800,15.900,5.900,,,
2015-03-01,10.900,12.100,6.400,,,
2015-03-02,10.500,14.600,6.200,,,
2015-03-03,11.700,13.000,8.300,,,
2015-03-04,9.500,14.600,7.300,,,
2015-03-05,8.700,10.500,8.000,,,
2015-03-06,5.800,6.900,5.200,,,
2015-03-07,7.600,11.600,6.500,,,
2015-03-08,6.800,9.800,6.200,,,
2015-03-09,4.400,7.000,5.000,,,
2015-03-10,7.400,12.300,5.700,,,
2015-03-11,13.300,16.300,8.000,,,
2015-03-12,14.400,14.500,8.400,,,
2015-03-13,9.900,10.700,6.100,9.100,,
2015-03-14,15.500,18.300,8.200,15.300,,
2015-03-15,10.400,13.100,9.000,13.700,,
2015-03-16,15.400,17.900,11.400,19.000,,
2015-03-17,13.300,17.900,9.200,16.800,,
2015-03-18,7.300,11.000,5.200,8.900,,
2015-03-19,9.200,15.800,7.700,16.000,,
2015-03-20,12.700,16.600,8.900,17.600,,
2015-03-21,11.900,14.000,8.600,14.700,,
2015-03-22,20.400,21.000,13.100,32.500,,
2015-03-23,23.600,20.600,10.600,26.800,,
2015-03-24,23.400,33.300,14.000,35.400,,
2015-03-25,30.800,37.800,13.600,38.100,,
2015-03-26,44.000,58.600,24.800,61.800,,
2015-03-27,23.700,23.800,10.500,23.400,,
2015-03-28,,,5.800,9.400,,
2015-03-29,,,6.800,11.600,,
2015-03-30,,,7.400,12.700,,
2015-03-31,15.100,15.700,7.900,17.300,,
2015-04-01,,18.300,9.000,17.600,,
2015-04-02,15.400,19.000,8.700,17.700,,
2015-04-03,11.800,14.300,7.300,13.100,,
2015-04-04,10.900,14.100,7.000,15.900,,
2015-04-05,10.200,9.900,6.400,9.700,,
2015-04-06,10.900,10.400,6.200,11.700,,
2015-04-07,7.800,,5.800,9.900,,
2015-04-08,7.300,,5.700,9.600,,
2015-04-09,8.500,,5.900,10.600,,
2015-04-10,11.200,9.500,6.200,12.100,,
2015-04-11,10.300,,6.800,13.000,,
2015-04-12,10.600,,7.700,13.000,,
2015-04-13,16.100,,8.500,24.600,,
2015-04-14,16.700,,8.300,19.000,,
2015-04-15,21.100,,9.300,21.800,,
2015-04-16,16.200,,9.300,17.700,,
2015-04-17,15.300,,9.200,,,
2015-04-18,15.000,,8.500,,,
2015-04-19,16.000,,9.700,,,
2015-04-20,11.300,,9.700,,,
2015-04-21,16.800,,9.300,,,
2015-04-22,,21.700,9.900,22.500,,
2015-04-23,13.500,14.300,9.000,13.600,,
2015-04-24,,14.400,8.000,,,
2015-04-25,,12.600,8.400,,,
2015-04-26,,12.700,8.100,,,
2015-04-27,,19.600,11.000,,,
2015-04-28,,16.600,7.800,,,
2015-04-29,,12.900,7.700,13.000,,
2015-04-30,12.800,12.900,6.900,10.400,,
2015-05-01,11.000,11.300,7.000,9.900,,
2015-05-02,12.500,14.400,7.000,12.400,,
2015-05-03,14.300,15.000,8.500,14.000,,
2015-05-04,12.900,20.000,6.600,16.300,,
2015-05-05,,12.700,6.800,13.700,,
2015-05-06,8.100,17.200,6.200,11.000,,
2015-05-07,16.500,18.200,11.700,23.000,,
2015-05-08,22.400,24.800,11.600,27.000,,
2015-05-09,12.100,13.400,9.200,12.400,,
2015-05-10,10.700,11.200,8.300,12.900,,
2015-05-11,14.000,16.600,9.500,17.100,,
2015-05-12,11.300,13.800,7.900,14.700,,
2015-05-13,14.600,10.700,7.100,10.900,,
2015-05-14,10.500,10.000,7.400,10.800,,
2015-05-15,10.400,,,13.400,,
2015-05-16,12.700,,13.100,20.200,,
2015-05-17,6.300,,9.300,8.300,,
2015-05-18,4.600,,8.100,8.500,,
2015-05-19,12.800,14.700,10.200,17.200,,
2015-05-20,14.600,20.000,13.600,27.300,,
2015-05-21,17.200,20.100,13.600,20.800,,
2015-05-22,11.200,16.100,7.500,12.600,,
2015-05-23,10.900,9.600,7.400,12.100,,
2015-05-24,10.600,11.700,8.800,12.600,,
2015-05-25,15.500,15.800,10.800,20.400,,
2015-05-26,10.400,14.100,,16.100,,
2015-05-27,14.100,14.500,,15.700,,
2015-05-28,12.600,12.200,3.000,14.500,,
2015-05-29,8.200,10.500,8.200,10.700,,
2015-05-30,8.600,13.300,5.800,11.200,,
2015-05-31,9.600,10.600,5.000,15.700,,
2015-06-01,,14.400,5.700,16.700,,
2015-06-02,,17.800,10.600,20.400,,
2015-06-03,13.000,14.200,10.300,12.900,,
2015-06-04,20.400,23.100,13.100,19.800,,
2015-06-05,17.000,21.800,12.400,,,
2015-06-06,19.000,21.500,,,,
2015-06-07,24.400,21.900,,,,
2015-06-08,19.800,21.200,,21.800,,
2015-06-09,15.000,17.300,11.500,18.900,,
2015-06-10,13.100,17.300,13.400,16.200,,
2015-06-11,10.300,14.300,10.500,16.200,,
2015-06-12,10.500,15.500,12.500,17.900,,
2015-06-13,14.400,19.500,19.600,21.900,,
2015-06-14,12.800,15.000,13.000,18.900,,
2015-06-15,15.000,20.300,16.000,21.300,,
2015-06-16,19.400,24.200,17.700,25.400,,
2015-06-17,13.900,14.600,8.600,18.900,,
2015-06-18,14.300,14.900,7.800,15.600,,
2015-06-19,10.600,11.700,8.100,14.200,,
2015-06-20,12.700,13.500,8.700,15.400,,
2015-06-21,14.900,15.000,9.000,17.500,,
2015-06-22,15.100,17.400,10.700,18.200,,
2015-06-23,11.200,13.100,11.400,15.200,,
2015-06-24,10.800,14.800,9.900,14.600,,
2015-06-25,9.200,12.400,10.700,15.600,,
2015-06-26,8.400,11.200,10.700,11.900,,
2015-06-27,10.700,13.100,10.100,10.000,,
2015-06-28,,13.300,11.100,15.300,,
2015-06-29,,17.100,13.200,18.800,,
2015-06-30,,18.900,14.800,18.800,,
2015-07-01,14.900,17.500,11.700,14.800,,
2015-07-02,16.000,20.200,13.600,17.700,,
2015-07-03,16.100,20.500,12.800,18.700,,
2015-07-04,18.200,18.000,11.300,19.900,,
2015-07-05,17.500,16.900,10.700,14.200,,
2015-07-06,17.100,18.300,14.000,17.300,,
2015-07-07,17.500,19.900,14.400,18.900,,
2015-07-08,18.500,20.500,17.100,19.300,,
2015-07-09,14.800,15.100,11.400,17.000,,
2015-07-10,12.700,13.700,10.400,16.900,,
2015-07-11,18.600,21.300,15.100,24.200,,
2015-07-12,19.800,21.900,17.900,23.300,,
2015-07-13,18.400,18.800,17.400,21.900,,
2015-07-14,20.200,18.300,16.100,21.100,,
2015-07-15,14.700,20.300,11.700,20.600,,
2015-07-16,20.500,25.700,15.900,25.400,,
2015-07-17,19.100,32.800,18.300,26.900,,
2015-07-18,19.100,24.900,16.500,21.000,,
2015-07-19,24.900,27.300,17.700,21.800,,
2015-07-20,21.600,29.400,14.600,27.000,,
2015-07-21,20.400,24.300,14.500,23.300,,
2015-07-22,20.300,23.700,,22.200,,
2015-07-23,15.000,16.500,,16.800,,
2015-07-24,13.300,14.900,,16.600,,
2015-07-25,13.500,13.500,12.200,12.100,,
2015-07-26,12.500,13.000,12.700,16.200,,
2015-07-27,11.300,13.000,12.800,16.200,,
2015-07-28,,18.000,13.700,13.800,,
2015-07-29,,22.200,13.300,17.800,,
2015-07-30,,30.400,14.000,21.300,,
2015-07-31,,,11.000,12.800,,
2015-08-01,,,14.200,19.800,,
2015-08-02,,,13.600,19.300,,
2015-08-03,,,14.400,17.500,,
2015-08-04,14.000,18.300,12.300,18.500,,
2015-08-05,14.100,17.500,9.300,19.800,,
2015-08-06,,19.400,,19.500,,
2015-08-07,,20.800,,20.200,,
2015-08-08,,18.500,14.800,19.400,,
2015-08-09,,16.800,13.300,15.800,,
2015-08-10,,18.000,13.900,19.800,,
2015-08-11,9.400,10.900,6.700,12.500,,
2015-08-12,7.700,8.700,5.300,9.000,,
2015-08-13,7.300,10.600,7.500,12.200,,
2015-08-14,16.500,17.800,13.000,17.500,,
2015-08-15,16.400,16.700,13.100,17.700,,
2015-08-16,9.600,10.800,7.600,12.800,,
2015-08-17,6.900,8.500,7.900,7.100,,
2015-08-18,6.500,9.900,8.400,7.400,,
2015-08-19,8.700,11.500,,10.200,,
2015-08-20,9.800,12.600,,10.600,,
2015-08-21,9.900,11.200,,11.300,,
2015-08-22,9.200,10.400,,12.500,,
2015-08-23,11.400,13.400,,13.000,,
2015-08-24,6.300,11.000,,12.100,,
2015-08-25,9.400,12.000,,11.900,,
2015-08-26,16.100,18.000,12.000,20.200,,
2015-08-27,10.900,14.800,11.600,17.700,,
2015-08-28,13.600,16.200,11.700,16.600,,
2015-08-29,17.100,19.100,13.200,20.300,,
2015-08-30,14.100,16.400,11.400,16.700,,
2015-08-31,15.000,19.100,11.100,19.600,,
2015-09-01,16.400,20.000,12.900,19.500,,
2015-09-02,14.700,23.000,12.300,15.800,,
2015-09-03,17.600,24.000,12.000,17.100,,
2015-09-04,13.700,20.400,11.900,17.000,,
2015-09-05,16.000,22.200,15.400,20.800,,
2015-09-06,20.800,26.100,18.500,24.900,,
2015-09-07,11.800,16.600,7.600,15.500,,
2015-09-08,13.000,22.900,9.700,16.900,,
2015-09-09,10.800,18.200,7.000,15.900,,
2015-09-10,7.900,13.900,5.900,10.200,,
2015-09-11,9.000,15.600,5.400,9.300,,
2015-09-12,9.800,24.000,9.500,15.500,,
2015-09-13,8.800,16.700,8.400,13.200,,
2015-09-14,8.100,16.100,7.900,11.700,,
2015-09-15,7.800,10.100,8.800,10.800,,
2015-09-16,9.100,11.800,8.600,11.500,,
2015-09-17,13.500,16.100,9.100,13.400,,
2015-09-18,15.400,21.600,9.800,18.300,,
2015-09-19,17.600,18.100,12.400,20.800,,
2015-09-20,12.600,20.500,8.600,12.000,,
2015-09-21,7.200,8.500,7.800,10.400,,
2015-09-22,7.000,8.300,7.400,8.900,,
2015-09-23,10.400,10.900,8.600,10.900,,
2015-09-24,7.600,11.700,8.800,12.100,,
2015-09-25,6.900,8.600,7.400,9.300,,
2015-09-26,8.400,9.300,6.100,8.300,,
2015-09-27,7.500,8.900,8.000,11.600,,
2015-09-28,7.500,10.300,7.100,10.100,,
2015-09-29,9.200,15.100,7.700,16.300,,
2015-09-30,9.000,16.800,8.200,19.300,,
2015-10-01,8.400,15.300,7.200,14.500,,
2015-10-02,5.900,14.700,6.800,13.600,,
2015-10-03,6.600,15.200,7.500,17.100,,
2015-10-04,10.900,18.900,7.600,17.300,,
2015-10-05,9.700,12.200,7.700,13.300,,
2015-10-06,11.900,13.500,9.900,17.300,,
2015-10-07,16.000,16.700,11.400,20.000,,
2015-10-08,8.500,11.900,8.100,12.900,,
2015-10-09,6.700,12.800,10.000,17.100,,
2015-10-10,14.600,13.700,9.100,16.300,,
2015-10-11,7.400,8.300,7.500,10.100,,
2015-10-12,6.900,13.600,6.600,10.200,,
2015-10-13,5.000,14.300,6.700,10.200,,
2015-10-14,6.300,9.000,8.600,12.400,,
2015-10-15,10.400,15.800,9.800,16.000,,
2015-10-16,10.500,14.600,9.200,12.500,,
2015-10-17,9.400,18.000,8.200,12.500,,
2015-10-18,10.000,18.600,9.500,13.100,,
2015-10-19,8.200,11.600,8.500,11.000,,
2015-10-20,10.500,11.300,10.200,18.500,,
2015-10-21,20.900,19.500,16.700,28.500,,
2015-10-22,5.700,5.800,6.100,,,
2015-10-23,6.600,7.800,6.500,9.300,,
2015-10-24,9.800,12.700,7.400,11.700,,
2015-10-25,8.500,11.200,8.200,13.000,,
2015-10-26,10.700,17.300,9.900,,,
2015-10-27,6.100,14.800,8.000,,,
2015-10-28,6.400,19.300,7.900,,,
2015-10-29,10.400,14.700,7.700,,,
2015-10-30,9.100,8.900,5.900,,,
2015-10-31,6.600,13.800,5.900,,,
2015-11-01,,16.500,5.900,,,
2015-11-02,,17.100,7.100,,,
2015-11-03,9.900,,8.400,17.100,,
2015-11-04,13.600,,8.300,13.600,,
2015-11-05,13.600,,8.700,14.200,,
2015-11-06,13.600,15.100,10.200,19.000,,
2015-11-07,11.100,10.900,9.700,15.200,,
2015-11-08,16.800,16.500,9.100,17.600,,
2015-11-09,13.700,14.500,7.800,11.300,,
2015-11-10,12.600,20.300,6.400,11.100,,
2015-11-11,14.100,20.400,6.900,14.400,,
2015-11-12,17.900,26.900,8.900,30.400,,
2015-11-13,12.900,19.300,9.300,21.500,,
2015-11-14,17.200,17.800,10.200,16.100,,
2015-11-15,14.800,16.900,7.700,9.900,,
2015-11-16,13.400,17.200,6.500,11.000,,
2015-11-17,14.700,20.900,8.200,15.500,,
2015-11-18,15.600,20.500,7.600,13.100,,
2015-11-19,11.400,17.000,7.500,11.100,,
2015-11-20,9.900,12.400,6.700,5.900,,
2015-11-21,15.700,16.200,13.100,16.500,,
2015-11-22,10.400,10.600,9.300,11.100,,
2015-11-23,,14.000,,11.200,,
2015-11-24,,16.900,,11.200,,
2015-11-25,,7.300,5.500,3.000,,
2015-11-26,,6.700,6.600,3.000,,
2015-11-27,,5.100,5.800,3.100,,
2015-11-28,,7.500,5.700,4.700,,
2015-11-29,,8.400,5.800,4.300,,
2015-11-30,,9.900,6.400,6.200,,
2015-12-01,9.900,11.400,6.000,7.100,,
2015-12-02,14.000,15.600,6.400,7.700,,
2015-12-03,11.200,14.900,,13.300,,
2015-12-04,9.200,14.300,,16.900,,
2015-12-05,9.300,12.800,,10.000,,
2015-12-06,6.700,10.000,,8.000,,
2015-12-07,8.800,20.000,,18.300,,
2015-12-08,16.500,23.000,,12.800,,
2015-12-09,12.400,16.100,,7.900,,
2015-12-10,10.600,12.900,6.000,6.600,,
2015-12-11,7.600,9.400,5.100,,,
2015-12-12,9.800,14.500,4.500,,,
2015-12-13,10.500,20.400,4.900,,,
2015-12-14,14.100,32.300,7.500,,,
2015-12-15,20.800,31.000,7.800,,,
2015-12-16,15.800,20.100,7.800,,,
2015-12-17,9.000,12.100,7.300,,,
2015-12-18,13.900,20.100,6.600,13.300,,
2015-12-19,15.000,25.000,6.500,11.300,,
2015-12-20,7.400,15.200,6.000,11.100,,
2015-12-21,5.100,12.700,6.100,11.900,,
2015-12-22,16.900,28.200,6.500,13.200,,
2015-12-23,16.600,27.700,7.200,10.500,,
2015-12-24,14.200,25.100,5.300,8.600,,
2015-12-25,13.500,23.900,6.100,16.400,,
2015-12-26,19.300,27.500,8.900,15.800,,
2015-12-27,21.600,28.100,9.400,14.800,,
2015-12-28,15.900,18.800,11.900,13.500,,
2015-12-29,12.400,14.800,7.900,8.300,,
2015-12-30,13.000,12.700,8.000,7.500,,
2015-12-31,13.200,18.600,11.100,15.000,,
2016-01-01,15.400,24.500,9.500,9.500,,
2016-01-02,12.000,17.000,9.000,8.500,,
2016-01-03,9.500,8.800,8.000,5.900,,
2016-01-04,8.600,8.800,9.600,5.700,,
2016-01-05,12.100,14.000,11.800,9.100,,
2016-01-06,15.400,15.600,12.200,10.600,,
2016-01-07,8.300,9.000,6.400,4.300,,
2016-01-08,8.400,11.300,5.100,4.600,,
2016-01-09,13.300,17.200,13.400,7.900,,
2016-01-10,14.300,15.100,10.400,6.900,,
2016-01-11,8.700,13.400,5.700,3.400,,
2016-01-12,10.500,12.100,6.200,4.000,,
2016-01-13,8.700,9.300,5.600,,,
2016-01-14,7.400,11.000,4.000,,,
2016-01-15,7.900,10.200,5.300,6.600,,
2016-01-16,5.700,6.300,3.600,4.700,,
2016-01-17,5.000,5.000,6.100,,,
2016-01-18,6.200,10.500,4.900,,,
2016-01-19,8.100,12.900,6.600,,,
2016-01-20,6.600,9.100,3.600,,,
2016-01-21,11.000,23.800,5.600,7.800,,
2016-01-22,13.700,26.200,4.200,9.500,,
2016-01-23,14.000,18.600,4.500,7.700,,
2016-01-24,7.900,10.400,4.600,6.200,,
2016-01-25,12.300,16.000,5.000,7.100,,
2016-01-26,8.800,15.600,3.900,4.600,,
2016-01-27,10.900,26.800,5.400,9.200,,
2016-01-28,14.800,27.800,5.100,10.800,,
2016-01-29,21.600,31.200,10.700,15.800,,
2016-01-30,25.000,42.900,17.700,18.500,,
2016-01-31,10.700,16.400,8.500,6.800,,
2016-02-01,12.500,13.500,9.300,8.300,,
2016-02-02,12.900,26.200,5.900,9.500,,
2016-02-03,11.300,16.200,6.500,7.100,,
2016-02-04,14.400,14.800,8.100,6.300,,
2016-02-05,8.800,8.100,5.200,4.700,,
2016-02-06,5.500,11.800,4.600,5.400,,
2016-02-07,8.000,11.200,4.800,4.800,,
2016-02-08,7.400,8.800,3.900,4.800,,
2016-02-09,7.400,11.700,4.500,5.100,,
2016-02-10,14.000,12.000,8.600,8.200,,
2016-02-11,10.100,11.700,7.100,7.600,,
2016-02-12,7.700,11.600,7.400,7.000,,
2016-02-13,11.500,11.300,10.400,7.000,,
2016-02-14,9.400,10.200,9.900,8.800,,
2016-02-15,13.200,17.200,12.300,10.600,,
2016-02-16,20.600,21.900,14.200,13.100,,
2016-02-17,18.200,21.200,12.500,13.900,,
2016-02-18,12.100,15.100,7.900,6.400,,
2016-02-19,9.500,12.100,6.900,,,
2016-02-20,8.800,11.000,6.800,,,
2016-02-21,8.600,8.200,6.100,,,
2016-02-22,9.200,11.100,7.700,,,
2016-02-23,10.300,15.700,10.400,9.000,,
2016-02-24,14.600,14.900,11.300,10.300,,
2016-02-25,14.100,17.500,15.600,14.000,,
2016-02-26,13.200,13.200,9.800,9.900,,
2016-02-27,8.900,14.200,8.500,7.600,,
2016-02-28,19.200,19.300,18.900,19.400,,
2016-02-29,15.800,22.800,11.400,14.000,,
2016-03-01,10.400,13.000,9.600,7.300,,
2016-03-02,11.500,12.700,10.200,8.400,,
2016-03-03,10.700,12.100,9.400,5.900,,
2016-03-04,8.900,10.100,7.900,5.700,,
2016-03-05,7.700,13.500,7.000,6.300,,
2016-03-06,12.900,14.300,10.600,8.700,,
2016-03-07,5.800,6.500,4.000,3.400,,
2016-03-08,6.500,13.200,3.200,5.700,,
2016-03-09,9.300,10.800,4.900,3.800,,
2016-03-10,5.700,9.900,7.100,4.600,,
2016-03-11,6.800,8.300,5.800,5.600,,
2016-03-12,7.100,9.800,4.000,4.400,,
2016-03-13,4.300,5.500,3.200,2.900,,
2016-03-14,11.400,13.400,10.100,8.000,,
2016-03-15,12.800,14.800,9.600,8.300,,
2016-03-16,11.600,17.100,8.200,12.500,,
2016-03-17,10.600,13.900,7.700,7.300,,
2016-03-18,8.300,8.900,5.400,5.200,,
2016-03-19,6.600,8.600,4.000,5.000,,
2016-03-20,8.000,14.700,6.000,7.200,,
2016-03-21,10.500,13.100,25.500,7.200,,
2016-03-22,72.400,72.600,168.600,68.500,,
2016-03-23,65.100,70.800,54.600,68.600,,
2016-03-24,7.900,8.200,7.600,5.300,,
2016-03-25,8.000,7.000,6.800,4.900,,
2016-03-26,12.500,12.700,8.700,6.000,,
2016-03-27,8.800,8.700,6.400,6.200,,
2016-03-28,10.900,12.200,9.100,5.700,,
2016-03-29,12.400,13.700,10.600,8.200,,
2016-03-30,9.300,15.800,8.200,5.800,,
2016-03-31,7.900,9.200,8.000,6.700,,
2016-04-01,8.400,12.100,10.200,10.300,,
2016-04-02,11.500,13.100,11.300,11.200,,
2016-04-03,16.000,15.000,11.100,11.400,,
2016-04-04,13.900,16.200,13.500,13.400,,
2016-04-05,12.900,15.500,14.200,13.800,,
2016-04-06,15.500,13.500,12.700,12.700,,
2016-04-07,16.400,16.500,14.200,12.800,,
2016-04-08,14.900,17.400,12.800,11.100,,
2016-04-09,10.400,9.800,8.200,6.500,,
2016-04-10,6.600,9.100,7.200,5.800,,
2016-04-11,10.400,10.700,8.900,7.000,,
2016-04-12,8.300,13.700,8.800,7.500,,
2016-04-13,14.300,26.600,16.400,17.300,,
2016-04-14,18.700,20.500,12.500,12.900,,
2016-04-15,14.200,22.100,13.000,12.800,,
2016-04-16,13.800,19.800,15.800,16.100,,
2016-04-17,10.100,12.900,11.500,,,
2016-04-18,16.200,25.200,14.700,,,
2016-04-19,18.400,27.500,13.700,19.600,,
2016-04-20,12.000,14.300,9.300,9.500,,
2016-04-21,11.600,14.200,9.300,9.800,,
2016-04-22,12.700,18.400,13.200,14.200,,
2016-04-23,16.500,16.400,11.000,11.800,,
2016-04-24,7.800,9.400,7.700,6.200,,
2016-04-25,12.200,13.000,8.700,9.400,,
2016-04-26,6.900,11.700,6.000,6.500,,
2016-04-27,6.600,13.400,7.900,7.400,,
2016-04-28,8.300,13.600,8.200,10.000,,
2016-04-29,9.700,13.600,8.700,8.400,,
2016-04-30,8.600,13.000,8.800,8.200,,
2016-05-01,8.700,9.400,7.600,6.200,,
2016-05-02,8.300,10.700,8.300,5.800,,
2016-05-03,9.900,13.600,11.700,8.900,,
2016-05-04,13.500,15.300,12.500,,,
2016-05-05,10.700,14.700,11.500,,,
2016-05-06,9.200,13.500,11.900,,,
2016-05-07,9.700,11.200,10.200,,,
2016-05-08,9.800,13.300,10.900,,,
2016-05-09,12.000,14.600,12.500,,,
2016-05-10,10.700,14.700,11.500,,,
2016-05-11,82.700,46.300,124.100,79.200,,
2016-05-12,23.000,27.600,32.500,18.600,,
2016-05-13,6.500,9.700,6.100,6.300,,
2016-05-14,6.700,8.600,7.000,6.600,,
2016-05-15,7.500,8.200,7.100,5.600,,
2016-05-16,7.000,8.500,6.000,5.900,,
2016-05-17,8.700,10.100,,8.000,,
2016-05-18,10.900,15.000,,9.900,,
2016-05-19,6.400,10.700,10.500,8.200,,
2016-05-20,11.100,15.600,9.600,8.200,,
2016-05-21,11.900,13.500,10.500,9.400,,
2016-05-22,13.000,14.000,10.400,8.800,,
2016-05-23,13.200,15.300,12.300,9.500,,
2016-05-24,9.200,9.800,6.500,6.500,,
2016-05-25,11.300,12.500,7.800,8.200,,
2016-05-26,12.000,17.100,13.600,11.700,,
2016-05-27,7.700,11.800,22.100,7.600,,
2016-05-28,7.700,11.100,10.800,8.400,,
2016-05-29,16.800,17.200,15.300,11.900,,
2016-05-30,9.400,12.800,8.700,7.600,,
2016-05-31,12.600,17.200,9.400,12.300,,
2016-06-01,,15.800,8.800,9.400,,
2016-06-02,10.200,13.400,7.300,9.000,,
2016-06-03,7.400,12.100,5.500,5.500,,
2016-06-04,10.000,11.800,8.100,6.300,,
2016-06-05,10.300,11.600,7.700,6.800,,
2016-06-06,12.700,17.000,9.400,9.600,,
2016-06-07,14.800,16.700,11.600,9.500,,
2016-06-08,11.800,15.000,12.900,9.400,,
2016-06-09,15.000,17.300,11.700,8.200,,
2016-06-10,8.600,11.400,7.000,7.800,,
2016-06-11,7.700,10.500,7.000,8.900,,
2016-06-12,11.800,12.400,8.900,7.800,,
2016-06-13,11.500,12.200,6.700,8.200,,
2016-06-14,8.900,9.800,7.100,7.500,,
2016-06-15,11.300,15.700,16.200,10.200,,
2016-06-16,13.500,18.900,31.100,16.200,,
2016-06-17,13.500,17.900,18.100,15.700,,
2016-06-18,15.500,17.700,15.700,13.500,,
2016-06-19,9.900,11.500,9.000,9.200,,
2016-06-20,8.800,10.200,8.900,7.500,,
2016-06-21,10.300,12.300,6.800,7.200,,
2016-06-22,10.100,12.100,6.900,7.100,,
2016-06-23,13.200,15.400,9.300,8.000,,
2016-06-24,15.400,15.300,11.000,11.800,,
2016-06-25,18.800,16.200,13.600,12.400,,
2016-06-26,20.700,19.200,14.700,12.300,,
2016-06-27,20.500,15.700,11.500,11.600,,
2016-06-28,13.300,13.300,8.200,10.300,,
2016-06-29,15.800,17.700,14.400,10.600,,
2016-06-30,11.000,15.200,12.200,,,
2016-07-01,7.400,12.100,14.400,,,
2016-07-02,11.400,17.400,14.200,,,
2016-07-03,15.000,17.700,11.200,,,
2016-07-04,15.600,19.300,11.000,,,
2016-07-05,17.000,17.500,10.300,,,
2016-07-06,13.700,13.900,12.700,5.000,,
2016-07-07,18.400,20.800,13.500,5.900,,
2016-07-08,14.800,18.500,13.400,6.200,,
2016-07-09,16.200,15.500,13.000,4.000,,
2016-07-10,18.300,18.300,12.100,4.600,,
2016-07-11,11.400,14.100,9.400,4.300,,
2016-07-12,10.500,14.300,10.400,5.000,,
2016-07-13,13.400,16.900,11.900,5.000,,
2016-07-14,12.900,13.100,9.700,3.900,,
2016-07-15,12.300,20.300,7.700,,,
2016-07-16,11.800,9.900,5.300,,,
2016-07-17,6.600,8.200,5.300,,,
2016-07-18,7.700,10.700,9.400,,,
2016-07-19,9.300,10.700,4.400,,,
2016-07-20,11.200,14.000,7.800,,,
2016-07-21,12.100,16.600,12.200,,,
2016-07-22,12.600,17.300,10.700,,,
2016-07-23,9.900,13.100,6.000,,,
2016-07-24,13.800,14.000,13.200,,,
2016-07-25,11.100,12.600,9.100,,,
2016-07-26,12.200,13.500,10.900,,,
2016-07-27,14.300,16.600,12.500,4.400,,
2016-07-28,14.100,14.100,11.500,4.200,,
2016-07-29,16.200,16.700,11.200,5.600,,
2016-07-30,16.300,17.400,15.200,4.500,,
2016-07-31,18.200,19.200,12.900,4.500,,
2016-08-01,18.900,18.900,15.300,4.800,,
2016-08-02,12.900,14.800,9.100,4.400,,
2016-08-03,13.300,16.300,10.000,3.900,,
2016-08-04,14.800,22.200,14.800,,,
2016-08-05,12.500,16.000,9.800,,,
2016-08-06,11.000,13.900,7.700,,,
2016-08-07,7.600,9.500,6.700,,,
2016-08-08,8.600,10.800,6.900,,,
2016-08-09,10.500,12.400,7.700,,,
2016-08-10,10.400,12.200,10.100,4.700,,
2016-08-11,12.700,13.300,8.400,10.300,,
2016-08-12,13.200,12.700,8.600,9.300,,
2016-08-13,9.600,12.100,6.900,8.600,,
2016-08-14,9.700,12.400,9.600,10.400,,
2016-08-15,14.900,14.000,12.400,11.500,,
2016-08-16,11.000,12.100,8.800,7.800,,
2016-08-17,11.700,12.300,9.100,8.700,,
2016-08-18,16.100,16.200,8.900,9.000,,
2016-08-19,12.400,13.400,7.400,10.000,,
2016-08-20,12.900,14.500,8.400,9.800,,
2016-08-21,16.700,17.100,7.800,9.000,,
2016-08-22,13.000,14.000,8.400,11.900,,
2016-08-23,8.200,10.500,8.600,9.200,,
2016-08-24,9.500,11.500,6.800,7.100,,
2016-08-25,8.400,12.100,7.300,8.200,,
2016-08-26,17.300,20.700,14.000,14.300,,
2016-08-27,23.200,18.900,16.100,15.000,,
2016-08-28,16.900,15.300,14.300,12.800,,
2016-08-29,12.800,12.600,15.100,9.800,,
2016-08-30,16.000,18.700,16.300,13.800,,
2016-08-31,12.600,19.900,17.000,12.300,,
2016-09-01,17.200,19.900,,11.600,,
2016-09-02,15.300,17.500,,12.600,,
2016-09-03,15.100,15.800,,11.600,,
2016-09-04,16.400,18.100,,12.200,,
2016-09-05,11.900,13.900,,9.800,,
2016-09-06,10.000,16.300,,8.400,,
2016-09-07,9.500,12.000,,,,
2016-09-08,5.200,6.600,,,,
2016-09-09,7.900,11.000,,,,
2016-09-10,13.900,15.900,,,,
2016-09-11,16.100,16.200,,,,
2016-09-12,21.500,23.800,,,,
2016-09-13,18.900,19.400,14.700,,,
2016-09-14,16.900,22.200,14.800,,,
2016-09-15,20.800,24.700,19.200,14.900,,
2016-09-16,13.000,17.800,12.500,12.600,,
2016-09-17,12.400,14.500,8.400,11.900,,
2016-09-18,10.200,11.200,6.200,6.700,,
2016-09-19,8.400,10.300,5.000,6.700,,
2016-09-20,8.500,10.500,6.500,7.900,,
2016-09-21,10.600,10.600,6.500,6.500,,
2016-09-22,7.900,9.500,5.900,6.300,,
2016-09-23,9.800,13.300,6.500,7.200,,
2016-09-24,11.100,22.200,11.000,11.400,,
2016-09-25,5.400,13.100,5.800,7.600,,
2016-09-26,10.100,13.400,3.400,8.900,,
2016-09-27,,17.100,4.800,10.300,,
2016-09-28,7.700,10.300,10.600,9.700,,
2016-09-29,12.100,16.300,8.400,9.600,,
2016-09-30,8.900,15.800,10.900,11.200,,
2016-10-01,10.100,15.300,9.600,11.700,,
2016-10-02,17.200,19.700,10.700,14.700,,
2016-10-03,17.200,21.700,11.300,17.100,,
2016-10-04,17.500,22.100,13.300,16.300,,
2016-10-05,13.500,16.900,13.600,8.500,,
2016-10-06,8.800,13.300,7.600,8.300,,
2016-10-07,12.300,15.000,6.500,13.200,,
2016-10-08,9.500,12.500,9.500,11.600,,
2016-10-09,10.300,13.500,5.900,12.900,,
2016-10-10,7.800,13.600,6.300,13.600,,
2016-10-11,9.000,11.400,5.900,9.500,,
2016-10-12,8.000,12.500,5.800,10.700,,
2016-10-13,9.000,14.600,8.400,13.100,,
2016-10-14,12.900,17.400,18.500,16.900,,
2016-10-15,26.000,27.500,15.200,26.700,,
2016-10-16,18.500,19.000,15.600,17.300,,
2016-10-17,10.500,12.700,9.400,13.800,,
2016-10-18,11.100,18.100,4.800,13.800,,
2016-10-19,12.200,16.900,3.600,12.100,,
2016-10-20,8.100,11.000,2.400,,,
2016-10-21,12.700,13.400,6.000,16.500,,
2016-10-22,10.200,14.800,5.800,10.900,,
2016-10-23,8.100,12.100,7.000,14.500,,
2016-10-24,10.900,14.500,6.300,14.900,,
2016-10-25,12.100,18.000,10.200,16.600,,
2016-10-26,14.700,18.100,5.600,12.100,,
2016-10-27,18.400,21.600,12.900,12.100,,
2016-10-28,5.600,10.800,5.600,5.000,,
2016-10-29,8.400,10.200,6.600,7.200,,
2016-10-30,11.100,19.500,9.200,8.200,,
2016-10-31,8.300,14.900,7.200,9.700,,
2016-11-01,7.600,16.700,6.900,11.700,,
2016-11-02,8.400,19.600,8.400,11.000,,
2016-11-03,8.400,15.500,6.100,9.400,,
2016-11-04,13.800,21.700,7.700,9.200,,
2016-11-05,11.100,23.100,10.100,10.600,,
2016-11-06,10.100,11.300,9.100,12.100,,
2016-11-07,21.000,16.900,,14.600,,
2016-11-08,51.200,63.700,,43.100,,
2016-11-09,5.700,8.000,,5.900,,
2016-11-10,9.800,14.000,,6.600,,
2016-11-11,7.900,16.300,,7.600,,
2016-11-12,6.100,10.200,,5.600,,
2016-11-13,9.300,16.700,,6.600,,
2016-11-14,4.600,17.400,,6.700,,
2016-11-15,4.600,10.500,,8.400,,
2016-11-16,7.500,15.100,,11.400,,
2016-11-17,6.700,12.400,,10.300,,
2016-11-18,10.300,13.800,,12.000,,
2016-11-19,8.200,11.700,,9.100,,
2016-11-20,5.300,13.000,,8.800,,
2016-11-21,8.000,24.900,,12.200,,
2016-11-22,8.700,26.900,5.200,10.500,,
2016-11-23,8.300,25.300,3.700,9.900,,
2016-11-24,14.600,16.400,14.300,11.400,,
2016-11-25,9.100,12.300,6.300,10.300,,
2016-11-26,16.500,19.500,6.700,10.700,,
2016-11-27,16.900,20.400,10.300,10.600,,
2016-11-28,7.800,10.700,4.700,7.500,,
2016-11-29,7.100,8.800,5.500,7.400,,
2016-11-30,8.100,11.100,5.700,6.600,,
2016-12-01,7.800,10.900,3.100,5.600,,
2016-12-02,6.800,9.600,3.800,5.600,,
2016-12-03,11.600,29.300,6.000,10.000,,
2016-12-04,9.400,18.200,3.100,8.000,,
2016-12-05,4.000,11.700,,9.000,,
2016-12-06,,14.500,,10.800,,
2016-12-07,4.500,8.200,,7.300,,
2016-12-08,5.900,6.900,,6.100,,
2016-12-09,8.300,21.200,,11.000,,
2016-12-10,19.000,24.800,,11.900,,
2016-12-11,14.300,17.100,,7.900,,
2016-12-12,7.100,8.700,,5.000,,
2016-12-13,7.200,10.000,,8.900,,
2016-12-14,7.100,17.800,,10.800,,
2016-12-15,4.000,8.400,,8.000,,
2016-12-16,6.400,7.400,,7.900,,
2016-12-17,6.300,6.400,,5.300,,
2016-12-18,6.100,8.500,,8.900,,
2016-12-19,6.900,10.900,,7.800,,
2016-12-20,,42.800,30.300,30.600,,
2016-12-21,20.300,33.300,14.000,20.900,,
2016-12-22,6.800,11.200,5.400,8.800,,
2016-12-23,18.000,26.000,7.400,12.200,,
2016-12-24,14.800,21.200,7.700,11.200,,
2016-12-25,7.200,12.200,3.700,8.300,,
2016-12-26,11.000,16.700,4.300,9.800,,
2016-12-27,7.600,10.400,4.500,9.400,,
2016-12-28,7.000,9.500,5.000,9.500,,
2016-12-29,6.100,8.800,6.300,8.200,,
2016-12-30,5.400,7.400,4.100,7.400,,
2016-12-31,8.100,11.700,4.900,9.300,,
2017-01-01,13.100,21.900,4.167,15.130,,
2017-01-02,10.400,21.400,,12.510,,
2017-01-03,8.100,17.700,5.304,12.270,,
2017-01-04,8.000,10.400,6.170,14.770,,
2017-01-05,8.100,10.900,8.582,15.830,,
2017-01-06,3.900,5.600,5.026,8.650,,
2017-01-07,4.400,5.200,4.297,6.890,,
2017-01-08,5.700,6.800,3.091,6.660,,
2017-01-09,4.400,7.200,3.051,7.380,,
2017-01-10,6.500,9.800,3.023,6.460,,
2017-01-11,9.400,15.800,5.284,13.990,,
2017-01-12,12.600,27.200,3.900,16.290,,
2017-01-13,6.900,15.800,5.806,12.540,,
2017-01-14,9.300,9.100,4.959,12.550,,
2017-01-15,3.800,4.400,2.557,9.700,,
2017-01-16,5.300,6.700,,8.220,,
2017-01-17,4.600,5.900,2.709,6.440,,
2017-01-18,5.000,6.500,2.428,9.400,,
2017-01-19,10.800,27.800,3.258,12.920,,
2017-01-20,7.900,13.800,5.559,17.660,,
2017-01-21,15.800,16.000,10.809,21.000,,
2017-01-22,14.900,16.800,11.983,,,
2017-01-23,22.200,27.700,11.927,,,
2017-01-24,11.000,17.300,6.483,,,
2017-01-25,12.100,17.300,4.194,,,
2017-01-26,15.200,32.800,5.193,20.320,,
2017-01-27,10.600,27.600,5.486,19.880,,
2017-01-28,7.700,13.300,5.898,14.360,,
2017-01-29,5.000,6.400,3.412,12.590,,
2017-01-30,13.300,20.700,,17.130,,
2017-01-31,16.700,30.400,2.267,17.380,,
2017-02-01,7.800,22.800,4.605,12.270,,
2017-02-02,9.600,11.800,6.780,12.860,,
2017-02-03,7.400,14.800,4.632,13.070,,
2017-02-04,9.700,17.000,5.691,12.820,,
2017-02-05,10.300,11.800,7.967,13.620,,
2017-02-06,6.700,8.900,5.210,9.250,,
2017-02-07,5.900,8.400,4.056,,,
2017-02-08,7.200,14.400,3.416,,,
2017-02-09,4.900,10.700,2.685,,,
2017-02-10,6.300,10.100,1.866,,,
2017-02-11,9.500,24.400,8.030,,,
2017-02-12,4.600,17.000,3.918,,,
2017-02-13,5.300,15.100,,,,
2017-02-14,6.400,9.500,5.553,19.080,,
2017-02-15,7.900,11.700,7.334,15.370,,
2017-02-16,23.800,30.300,11.832,20.770,,
2017-02-17,15.700,26.600,8.366,16.960,,
2017-02-18,8.800,20.300,6.009,15.340,,
2017-02-19,12.100,16.600,8.573,14.970,,
2017-02-20,11.200,11.900,6.893,13.710,,
2017-02-21,5.800,8.300,4.008,6.590,,
2017-02-22,10.000,15.400,5.484,8.730,,
2017-02-23,9.800,13.600,5.705,11.210,,
2017-02-24,11.200,19.400,12.248,17.450,,
2017-02-25,27.500,25.200,20.704,29.180,,
2017-02-26,12.900,12.600,8.186,17.980,,
2017-02-27,12.900,13.900,12.120,16.450,,
2017-02-28,14.700,15.800,8.308,19.420,,
2017-03-01,11.300,12.900,8.357,13.370,,
2017-03-02,11.000,11.900,6.330,8.540,,
2017-03-03,8.600,12.100,4.338,11.100,,
2017-03-04,3.700,7.600,3.447,8.660,,
2017-03-05,7.000,7.800,3.490,8.180,,
2017-03-06,7.700,8.800,,7.870,,
2017-03-07,12.800,19.500,7.193,11.960,,
2017-03-08,8.000,10.300,6.757,8.250,,
2017-03-09,7.100,8.600,5.691,8.820,,
2017-03-10,8.800,9.400,4.771,11.270,,
2017-03-11,8.100,11.300,5.974,6.700,,
2017-03-12,6.000,7.700,3.247,7.120,,
2017-03-13,3.900,13.600,2.360,8.320,,
2017-03-14,7.300,9.200,6.653,10.170,,
2017-03-15,10.700,13.700,9.186,14.590,,
2017-03-16,15.800,17.200,14.499,16.420,,
2017-03-17,13.500,15.300,11.138,16.320,,
2017-03-18,12.400,13.800,9.013,13.230,,
2017-03-19,15.300,16.000,12.179,13.990,,
2017-03-20,13.000,19.300,10.363,18.290,,
2017-03-21,7.600,9.900,5.703,12.350,,
2017-03-22,12.200,14.700,9.704,13.370,,
2017-03-23,10.900,13.500,3.036,12.270,,
2017-03-24,7.300,16.800,6.236,13.330,,
2017-03-25,11.200,15.900,10.955,12.110,,
2017-03-26,15.300,15.300,9.066,14.730,,
2017-03-27,10.900,13.100,8.140,12.630,,
2017-03-28,6.100,10.700,3.523,7.590,,
2017-03-29,9.000,12.000,6.778,9.280,,
2017-03-30,13.700,14.800,8.551,9.990,,
2017-03-31,11.700,12.600,7.679,10.900,,
2017-04-01,10.500,12.200,9.588,11.820,,
2017-04-02,9.900,10.200,5.680,6.390,,
2017-04-03,3.800,6.300,3.052,4.650,,
2017-04-04,5.700,7.100,3.725,5.670,,
2017-04-05,13.100,12.800,8.571,9.460,,
2017-04-06,13.700,14.400,8.326,14.020,,
2017-04-07,15.100,18.100,11.211,17.940,,
2017-04-08,11.200,12.100,10.702,13.690,,
2017-04-09,5.700,7.400,6.183,7.340,,
2017-04-10,7.900,9.200,,,,
2017-04-11,10.000,12.300,6.337,11.080,,
2017-04-12,15.400,16.600,8.932,15.520,,
2017-04-13,14.000,13.600,9.246,12.990,,
2017-04-14,10.100,10.200,8.061,11.610,,
2017-04-15,9.500,11.500,7.173,9.960,,
2017-04-16,13.300,14.600,11.035,13.380,,
2017-04-17,12.100,13.200,8.467,14.950,,
2017-04-18,10.300,10.500,6.419,11.720,,
2017-04-19,11.500,12.100,7.414,11.000,,
2017-04-20,5.300,8.700,3.459,8.540,,
2017-04-21,5.100,8.900,5.319,9.000,,
2017-04-22,8.500,10.700,6.817,7.780,,
2017-04-23,6.200,8.300,4.238,7.020,,
2017-04-24,5.500,15.100,4.690,10.210,,
2017-04-25,7.400,11.200,6.003,13.250,,
2017-04-26,10.200,14.800,10.426,17.340,,
2017-04-27,11.600,18.100,12.107,20.310,,
2017-04-28,14.800,20.600,16.581,32.870,,
2017-04-29,20.700,23.200,14.044,26.690,,
2017-04-30,8.400,12.100,5.232,9.030,,
2017-05-01,7.000,8.700,4.752,12.730,,
2017-05-02,7.800,9.900,3.586,11.430,,
2017-05-03,7.700,10.700,4.772,7.360,,
2017-05-04,5.900,11.200,7.276,11.480,,
2017-05-05,7.400,12.600,16.162,10.180,,
2017-05-06,12.600,16.600,14.138,17.070,,
2017-05-07,9.200,9.800,6.650,13.320,,
2017-05-08,6.700,8.700,5.870,,,
2017-05-09,10.300,13.400,7.160,,,
2017-05-10,7.900,14.900,4.560,,,
2017-05-11,11.300,19.200,13.020,19.320,,
2017-05-12,38.300,51.000,43.260,52.260,,
2017-05-13,28.200,25.200,10.080,20.260,,
2017-05-14,20.800,23.500,18.340,19.970,,
2017-05-15,10.700,14.400,10.070,15.210,,
2017-05-16,11.100,15.500,8.320,14.380,,
2017-05-17,8.000,11.700,8.410,13.630,,
2017-05-18,,13.000,9.990,17.870,,
2017-05-19,5.700,15.500,8.440,13.510,,
2017-05-20,8.800,10.500,5.830,11.000,,
2017-05-21,3.500,10.100,5.430,10.010,,
2017-05-22,,13.000,5.830,11.100,,
2017-05-23,10.300,13.200,5.330,11.150,,
2017-05-24,8.500,11.800,6.863,9.450,,
2017-05-25,9.600,10.300,7.217,8.590,,
2017-05-26,11.100,14.300,9.449,12.520,,
2017-05-27,8.000,10.200,7.527,9.300,,
2017-05-28,11.700,12.400,7.881,9.360,,
2017-05-29,10.000,12.200,10.402,13.750,,
2017-05-30,6.100,9.300,6.018,9.680,,
2017-05-31,8.200,14.500,7.431,7.260,,
2017-06-01,11.100,13.600,11.333,7.930,,
2017-06-02,11.500,16.400,11.246,8.710,,
2017-06-03,10.800,15.900,9.763,6.650,,
2017-06-04,10.500,11.400,6.870,7.490,,
2017-06-05,13.800,16.100,11.600,9.550,,
2017-06-06,13.100,40.100,11.800,9.630,,
2017-06-07,9.100,10.000,7.031,6.980,,
2017-06-08,13.600,17.800,8.833,8.800,,
2017-06-09,11.600,13.500,6.946,9.320,,
2017-06-10,10.500,14.100,8.216,9.770,,
2017-06-11,11.600,13.600,11.118,9.180,,
2017-06-12,11.100,13.500,10.189,9.940,,
2017-06-13,12.400,15.700,12.666,12.790,,
2017-06-14,13.900,15.400,11.135,10.000,,
2017-06-15,9.000,13.100,7.457,9.550,,
2017-06-16,10.000,12.300,8.586,8.620,,
2017-06-17,21.300,19.200,18.062,15.150,,
2017-06-18,11.700,12.400,11.779,12.060,,
2017-06-19,9.300,12.900,7.870,10.360,,
2017-06-20,12.400,14.100,8.910,12.320,,
2017-06-21,9.000,9.700,5.790,10.300,,
2017-06-22,17.700,11.600,5.060,10.450,,
2017-06-23,13.100,11.300,7.250,9.590,,
2017-06-24,24.600,15.500,10.220,12.160,,
2017-06-25,25.300,14.000,9.470,10.810,,
2017-06-26,11.900,12.700,8.960,10.700,,
2017-06-27,11.500,13.300,8.640,9.820,,
2017-06-28,15.700,16.400,13.550,14.470,,
2017-06-29,16.600,19.600,14.510,19.040,,
2017-06-30,16.300,16.400,13.700,16.290,,
2017-07-01,15.800,18.100,12.500,15.720,,
2017-07-02,10.500,11.800,6.700,8.460,,
2017-07-03,6.400,9.100,5.840,6.420,,
2017-07-04,8.400,12.300,7.650,11.360,,
2017-07-05,9.300,11.100,7.320,8.670,,
2017-07-06,13.900,13.000,9.870,10.520,,
2017-07-07,11.900,14.900,9.540,11.080,,
2017-07-08,12.500,15.500,10.210,12.770,,
2017-07-09,15.100,16.800,9.200,9.320,,
2017-07-10,11.900,13.400,8.410,8.540,,
2017-07-11,14.700,18.200,8.880,16.190,,
2017-07-12,15.000,14.500,9.500,11.650,,
2017-07-13,14.800,15.000,13.580,15.020,,
2017-07-14,15.200,14.000,12.490,15.550,,
2017-07-15,11.500,12.800,11.800,12.500,,
2017-07-16,11.600,11.800,14.180,13.120,,
2017-07-17,11.900,13.100,12.150,12.030,,
2017-07-18,13.600,17.800,13.610,16.190,,
2017-07-19,13.300,16.600,11.630,15.510,,
2017-07-20,14.900,19.700,13.670,17.970,,
2017-07-21,11.900,16.300,11.480,15.450,,
2017-07-22,12.100,15.900,12.770,13.690,,
2017-07-23,16.600,22.500,13.000,11.980,,
2017-07-24,19.800,21.500,20.980,24.970,,
2017-07-25,13.500,11.900,9.630,11.850,,
2017-07-26,11.800,15.600,9.130,11.500,,
2017-07-27,10.200,11.600,10.440,12.470,,
2017-07-28,10.400,11.700,10.260,14.790,,
2017-07-29,13.000,14.700,11.580,14.670,,
2017-07-30,8.700,11.300,7.930,13.000,,
2017-07-31,7.900,10.100,8.660,11.170,,
2017-08-01,8.700,11.600,10.400,12.080,,
2017-08-02,12.900,17.300,14.280,19.300,,
2017-08-03,14.700,17.400,12.830,17.560,,
2017-08-04,18.100,21.200,17.970,21.060,,
2017-08-05,21.700,29.600,18.840,29.630,,
2017-08-06,19.700,22.400,20.230,21.780,,
2017-08-07,22.100,23.800,22.140,25.690,,
2017-08-08,19.900,24.000,25.530,30.590,,
2017-08-09,24.000,28.900,24.410,33.400,,
2017-08-10,21.400,16.300,20.230,24.210,,
2017-08-11,15.400,14.700,17.130,21.330,,
2017-08-12,16.600,12.500,11.620,12.410,,
2017-08-13,6.500,6.100,10.880,8.290,,
2017-08-14,8.400,10.100,12.170,14.220,,
2017-08-15,9.800,12.900,12.730,14.340,,
2017-08-16,9.400,9.900,9.750,11.400,,
2017-08-17,13.100,11.300,11.630,11.600,,
2017-08-18,12.700,14.600,15.520,17.580,,
2017-08-19,19.200,24.300,17.140,25.180,,
2017-08-20,16.900,13.800,15.050,16.880,,
2017-08-21,11.400,12.100,13.400,15.530,,
2017-08-22,10.800,13.500,15.560,14.740,,
2017-08-23,12.000,16.700,13.650,18.170,,
2017-08-24,15.300,18.900,16.090,21.390,,
2017-08-25,16.500,17.200,16.480,18.860,,
2017-08-26,16.100,16.500,14.250,16.300,,
2017-08-27,18.200,15.600,15.530,16.980,,
2017-08-28,14.700,18.500,13.740,15.920,,
2017-08-29,15.700,17.400,15.560,,,
2017-08-30,13.900,17.100,17.300,,,
2017-08-31,14.200,17.300,14.780,20.960,,
2017-09-01,14.100,15.800,12.790,15.030,,
2017-09-02,11.400,13.300,11.660,17.070,,
2017-09-03,9.700,12.000,7.360,9.210,,
2017-09-04,5.600,9.200,7.130,9.960,,
2017-09-05,8.600,11.300,7.600,10.380,,
2017-09-06,8.400,11.800,8.920,9.930,,
2017-09-07,7.400,10.400,6.030,,,
2017-09-08,5.800,9.100,5.400,,,
2017-09-09,12.300,14.400,10.600,17.460,,
2017-09-10,8.800,13.700,11.150,13.830,,
2017-09-11,7.900,8.400,,11.490,,
2017-09-12,6.900,7.700,,9.260,,
2017-09-13,7.800,10.500,,11.860,,
2017-09-14,9.900,10.000,7.690,12.310,,
2017-09-15,7.100,10.900,7.130,11.360,,
2017-09-16,6.000,12.400,8.290,13.030,,
2017-09-17,8.500,9.200,8.930,11.860,,
2017-09-18,11.500,13.000,14.140,16.920,,
2017-09-19,10.700,12.700,8.260,14.860,,
2017-09-20,8.800,10.400,5.070,9.110,,
2017-09-21,5.300,5.900,4.450,8.720,,
2017-09-22,6.700,12.400,6.630,13.000,,
2017-09-23,5.800,10.900,7.260,14.640,,
2017-09-24,5.800,7.000,6.240,9.690,,
2017-09-25,9.900,13.400,8.170,11.610,,
2017-09-26,12.000,16.100,9.080,12.990,,
2017-09-27,12.800,15.000,8.480,14.140,,
2017-09-28,7.600,12.700,7.200,17.090,,
2017-09-29,11.000,13.400,8.620,14.280,,
2017-09-30,12.700,18.200,10.620,18.260,,
2017-10-01,13.100,17.500,11.410,18.100,,
2017-10-02,5.500,11.600,7.230,12.020,,
2017-10-03,5.000,9.300,5.220,10.800,,
2017-10-04,7.400,10.200,6.920,12.660,,
2017-10-05,12.400,14.300,10.580,17.990,,
2017-10-06,8.700,9.600,8.290,11.440,,
2017-10-07,5.500,10.000,8.240,11.320,,
2017-10-08,2.500,6.500,4.160,6.460,,
2017-10-09,7.800,11.600,5.470,8.880,,
2017-10-10,10.000,11.600,6.300,9.790,,
2017-10-11,8.700,9.800,6.110,8.560,,
2017-10-12,8.000,12.600,7.800,12.140,,
2017-10-13,15.800,17.900,8.780,16.590,,
2017-10-14,18.400,19.900,8.990,18.960,,
2017-10-15,15.200,16.400,9.020,13.430,,
2017-10-16,15.100,19.300,9.410,17.170,,
2017-10-17,21.800,25.500,10.210,26.980,,
2017-10-18,16.000,22.000,8.370,18.400,,
2017-10-19,12.900,20.700,10.520,16.980,,
2017-10-20,8.100,17.400,9.900,14.060,,
2017-10-21,11.500,13.100,9.360,11.590,,
2017-10-22,12.500,12.800,11.880,14.970,,
2017-10-23,9.700,9.800,7.190,11.180,,
2017-10-24,4.600,6.400,5.160,4.670,,
2017-10-25,5.000,7.600,6.660,6.280,,
2017-10-26,7.800,10.300,9.755,8.810,,
2017-10-27,8.200,12.500,7.110,7.220,,
2017-10-28,10.300,11.900,10.700,11.220,,
2017-10-29,10.900,7.300,7.690,7.730,,
2017-10-30,9.100,9.800,10.120,8.850,,
2017-10-31,9.000,13.000,5.715,9.070,,
2017-11-01,5.900,11.900,6.433,12.110,,
2017-11-02,8.000,18.300,5.087,10.810,,
2017-11-03,9.300,19.800,6.719,9.540,,
2017-11-04,8.100,15.600,7.913,12.400,,
2017-11-05,6.900,9.200,7.148,9.160,,
2017-11-06,11.900,10.200,5.400,7.420,,
2017-11-07,4.600,6.500,2.323,3.390,,
2017-11-08,7.100,9.100,5.205,5.800,,
2017-11-09,2.700,15.500,3.916,9.210,,
2017-11-10,6.500,14.600,5.153,10.850,,
2017-11-11,11.500,13.800,7.200,11.600,,
2017-11-12,16.500,24.400,12.870,23.530,,
2017-11-13,6.200,5.900,5.660,5.920,,
2017-11-14,4.800,6.500,2.370,3.930,,
2017-11-15,4.800,12.300,1.953,4.270,,
2017-11-16,6.400,7.700,2.808,4.590,,
2017-11-17,7.100,11.200,2.105,4.820,,
2017-11-18,8.200,9.900,4.868,7.580,,
2017-11-19,8.900,8.900,6.089,7.870,,
2017-11-20,9.500,11.400,6.474,8.840,,
2017-11-21,9.400,13.600,4.592,8.580,,
2017-11-22,13.400,26.500,5.635,14.130,,
2017-11-23,7.900,21.000,7.779,16.150,,
2017-11-24,7.400,11.000,6.552,12.250,,
2017-11-25,16.800,26.800,8.346,18.090,,
2017-11-26,8.700,14.300,7.574,10.790,,
2017-11-27,7.600,10.300,5.910,6.620,,
2017-11-28,6.700,10.300,3.129,5.490,,
2017-11-29,7.300,8.900,4.927,8.980,,
2017-11-30,13.500,13.900,7.039,19.120,,
2017-12-01,11.700,11.100,3.766,11.550,,
2017-12-02,5.600,8.100,2.989,5.400,,
2017-12-03,5.500,8.200,1.485,3.500,,
2017-12-04,5.200,9.000,3.788,4.000,,
2017-12-05,5.200,8.900,3.085,5.980,,
2017-12-06,8.400,12.600,2.508,9.460,,
2017-12-07,12.400,19.300,2.949,10.480,,
2017-12-08,8.900,14.000,2.176,7.140,,
2017-12-09,6.900,14.700,3.332,6.030,,
2017-12-10,8.900,12.100,4.055,8.500,,
2017-12-11,4.700,9.800,6.210,6.990,,
2017-12-12,6.300,15.500,5.150,9.210,,
2017-12-13,9.100,16.100,7.010,9.350,,
2017-12-14,7.700,10.700,4.720,6.560,,
2017-12-15,7.200,9.400,8.670,9.980,,
2017-12-16,10.700,9.500,6.450,9.950,,
2017-12-17,8.100,6.000,4.180,6.330,,
2017-12-18,6.300,9.200,3.030,6.170,,
2017-12-19,8.700,15.600,3.760,10.430,,
2017-12-20,5.600,6.900,4.140,5.870,,
2017-12-21,8.200,10.100,7.430,9.630,,
2017-12-22,8.700,15.700,5.030,9.680,,
2017-12-23,11.900,19.500,5.950,10.560,,
2017-12-24,8.600,17.500,5.530,9.890,,
2017-12-25,7.500,14.200,4.910,8.140,,
2017-12-26,5.300,9.400,6.910,8.610,,
2017-12-27,7.400,8.900,9.070,10.030,,
2017-12-28,13.800,13.800,8.950,14.330,,
2017-12-29,8.400,7.700,6.280,8.800,,
2017-12-30,9.000,10.800,7.400,8.200,,
2017-12-31,11.300,12.500,8.650,12.440,,
2018-01-01,7.500,9.800,8.670,11.130,,
2018-01-02,8.700,10.400,9.280,11.800,,
2018-01-03,9.900,12.100,8.750,12.110,,
2018-01-04,12.600,14.100,12.120,18.360,,
2018-01-05,9.200,10.300,8.020,11.510,,
2018-01-06,7.600,15.200,7.230,12.120,,
2018-01-07,8.900,11.300,7.660,11.070,,
2018-01-08,12.900,16.000,10.650,18.240,,
2018-01-09,12.100,15.900,11.950,20.910,,
2018-01-10,9.600,9.600,8.520,13.060,,
2018-01-11,7.200,11.300,5.200,7.930,,
2018-01-12,5.900,10.800,4.180,7.210,,
2018-01-13,7.600,8.300,6.020,7.510,,
2018-01-14,8.100,11.400,5.120,8.610,,
2018-01-15,8.300,22.200,6.970,11.550,,
2018-01-16,10.100,15.200,8.810,12.270,,
2018-01-17,8.200,10.400,10.020,15.650,,
2018-01-18,12.000,14.500,8.648,12.160,,
2018-01-19,8.500,16.200,5.691,11.350,,
2018-01-20,11.700,16.000,7.039,12.830,,
2018-01-21,10.800,11.400,8.090,13.090,,
2018-01-22,12.000,12.100,9.010,14.360,,
2018-01-23,10.500,9.600,6.910,12.590,,
2018-01-24,7.400,9.500,3.744,10.050,,
2018-01-25,11.400,19.900,7.020,16.880,,
2018-01-26,7.200,18.900,5.658,12.070,,
2018-01-27,6.500,12.900,5.664,11.030,,
2018-01-28,6.200,13.200,5.242,11.750,,
2018-01-29,13.600,22.100,7.390,17.150,,
2018-01-30,12.200,17.600,6.706,11.400,,
2018-01-31,11.600,15.400,5.354,12.020,,
2018-02-01,8.800,16.600,4.254,11.020,,
2018-02-02,12.500,12.000,9.468,16.900,,
2018-02-03,23.200,16.100,14.255,28.110,,
2018-02-04,8.400,9.300,3.623,8.210,,
2018-02-05,6.700,12.200,4.784,11.240,,
2018-02-06,21.100,19.200,17.945,32.420,,
2018-02-07,18.500,18.600,18.540,24.340,,
2018-02-08,11.700,15.000,5.105,11.680,,
2018-02-09,7.300,9.100,5.201,12.250,,
2018-02-10,6.500,5.900,4.491,7.510,,
2018-02-11,5.900,5.900,3.759,5.960,,
2018-02-12,6.600,8.500,6.130,6.680,,
2018-02-13,10.100,9.500,8.192,10.390,,
2018-02-14,6.300,7.400,4.665,7.250,,
2018-02-15,6.800,8.600,6.549,,,
2018-02-16,8.700,18.500,5.676,,,
2018-02-17,8.300,19.300,5.255,,,
2018-02-18,10.800,19.000,6.207,,,
2018-02-19,8.200,9.800,4.717,,,
2018-02-20,6.400,9.300,3.530,,,
2018-02-21,7.100,11.100,3.278,,,
2018-02-22,5.700,11.800,4.057,12.150,,
2018-02-23,5.500,5.800,3.833,,,
2018-02-24,7.200,9.800,5.897,10.554,,
2018-02-25,10.100,11.300,8.020,14.671,,
2018-02-26,7.800,9.100,8.320,13.508,,
2018-02-27,9.900,15.100,6.879,11.821,,
2018-02-28,,11.800,5.547,11.008,,
2018-03-01,,16.700,10.919,21.962,,
2018-03-02,26.000,27.500,16.675,33.517,,
2018-03-03,33.300,44.200,22.535,59.342,,
2018-03-04,23.000,26.800,16.569,32.717,,
2018-03-05,12.700,16.400,8.438,15.421,,
2018-03-06,10.600,12.300,7.409,15.567,,
2018-03-07,14.000,19.900,10.715,22.925,,
2018-03-08,8.000,8.700,4.423,9.158,,
2018-03-09,7.000,11.700,3.546,9.738,,
2018-03-10,7.700,11.000,4.882,8.296,,
2018-03-11,7.700,12.000,6.616,13.633,,
2018-03-12,9.100,11.200,7.990,13.221,,
2018-03-13,11.800,10.700,10.056,13.525,,
2018-03-14,8.300,10.400,5.964,9.342,,
2018-03-15,9.900,14.100,7.141,13.354,,
2018-03-16,15.200,16.500,18.424,22.496,,
2018-03-17,15.700,14.500,10.325,20.417,,
2018-03-18,17.000,17.100,16.757,27.108,,
2018-03-19,8.100,7.700,4.276,9.279,,
2018-03-20,8.200,8.100,7.990,11.008,,
2018-03-21,8.700,9.500,6.258,9.667,,
2018-03-22,5.500,6.600,4.414,6.821,,
2018-03-23,6.700,7.300,5.772,8.121,,
2018-03-24,8.600,9.800,6.082,9.650,,
2018-03-25,20.900,21.600,17.188,37.733,,
2018-03-26,7.600,8.200,6.539,8.599,,
2018-03-27,10.400,11.000,6.855,11.012,,
2018-03-28,10.600,11.800,6.732,11.429,,
2018-03-29,9.000,11.100,7.626,9.879,,
2018-03-30,6.300,7.100,10.639,7.504,,
2018-03-31,13.800,14.200,6.949,15.871,,
2018-04-01,9.700,9.500,5.478,12.083,,
2018-04-02,8.900,9.600,5.950,14.667,,
2018-04-03,7.300,10.600,4.795,15.583,,
2018-04-04,5.700,8.900,10.106,11.754,,
2018-04-05,11.200,12.300,7.570,17.975,,
2018-04-06,9.300,9.800,7.728,12.550,,
2018-04-07,9.200,16.100,11.533,11.967,,
2018-04-08,8.000,8.900,,10.817,,
2018-04-09,13.900,13.800,,21.692,,
2018-04-10,12.000,15.700,7.467,16.608,,
2018-04-11,14.700,19.200,15.960,22.404,,
2018-04-12,21.600,24.000,18.101,32.317,,
2018-04-13,18.600,20.500,13.949,27.858,,
2018-04-14,23.500,22.600,17.489,32.862,,
2018-04-15,72.700,68.800,44.508,108.896,,
2018-04-16,19.100,20.200,12.030,25.667,,
2018-04-17,11.900,13.300,8.058,15.567,,
2018-04-18,16.800,20.300,15.912,23.525,,
2018-04-19,26.900,27.700,21.138,40.796,,
2018-04-20,17.400,19.500,16.015,21.654,,
2018-04-21,20.500,20.700,14.691,20.708,,
2018-04-22,18.500,18.400,15.005,21.213,,
2018-04-23,21.900,29.500,,25.188,,
2018-04-24,19.300,21.400,,17.967,,
2018-04-25,17.300,19.300,,19.425,,
2018-04-26,13.500,19.200,6.374,18.208,,
2018-04-27,14.200,14.500,13.900,17.329,,
2018-04-28,16.700,17.500,14.647,20.704,,
2018-04-29,23.900,23.300,17.591,29.646,,
2018-04-30,14.800,15.200,9.280,18.571,,
2018-05-01,17.300,18.100,16.181,20.971,,
2018-05-02,17.400,17.900,13.557,23.230,,
2018-05-03,9.300,9.300,8.593,12.770,,
2018-05-04,8.900,9.700,6.298,10.220,,
2018-05-05,6.600,12.400,7.009,16.630,,
2018-05-06,7.400,9.800,6.641,10.660,,
2018-05-07,9.900,11.700,,10.690,,
2018-05-08,7.800,9.200,5.293,11.540,,
2018-05-09,10.200,10.600,4.445,13.040,,
2018-05-10,14.600,14.800,,17.000,,
2018-05-11,12.900,14.000,11.841,16.970,,
2018-05-12,16.500,15.900,12.372,18.950,,
2018-05-13,31.900,11.300,7.456,12.500,,
2018-05-14,9.300,10.400,6.264,12.890,,
2018-05-15,7.200,8.900,4.880,10.600,,
2018-05-16,7.800,10.100,5.234,8.640,,
2018-05-17,7.200,8.700,6.449,6.810,,
2018-05-18,9.200,10.200,7.498,9.890,,
2018-05-19,9.200,9.700,6.674,7.620,,
2018-05-20,9.900,10.600,7.838,9.350,,
2018-05-21,8.900,16.600,,13.600,,
2018-05-22,17.000,19.000,13.984,20.740,,
2018-05-23,12.100,13.800,9.913,11.810,,
2018-05-24,10.600,11.000,6.937,5.890,,
2018-05-25,12.200,16.200,13.804,13.490,,
2018-05-26,35.100,19.500,11.123,17.970,,
2018-05-27,17.800,18.800,14.613,16.960,,
2018-05-28,13.700,16.400,12.177,16.420,,
2018-05-29,13.100,16.100,14.839,17.660,,
2018-05-30,16.700,17.800,13.980,15.940,,
2018-05-31,16.700,20.000,17.145,19.230,,
2018-06-01,19.800,17.400,14.153,14.400,,
2018-06-02,19.500,19.400,17.989,18.830,,
2018-06-03,15.000,18.200,15.228,19.870,,
2018-06-04,13.100,17.000,9.330,17.550,,
2018-06-05,11.400,12.600,7.256,10.130,,
2018-06-06,10.300,13.400,8.899,10.510,,
2018-06-07,12.900,14.700,9.777,14.590,,
2018-06-08,12.700,13.300,7.276,11.070,,
2018-06-09,8.400,8.000,6.258,4.630,,
2018-06-10,8.900,9.200,7.498,9.410,,
2018-06-11,7.300,11.400,7.799,8.450,,
2018-06-12,8.700,11.100,9.291,8.240,,
2018-06-13,13.200,13.300,8.198,9.540,,
2018-06-14,11.000,11.500,7.436,8.920,,
2018-06-15,18.900,11.300,8.070,10.640,,
2018-06-16,13.100,11.300,7.944,11.230,,
2018-06-17,11.200,10.000,5.687,10.130,,
2018-06-18,8.700,13.400,7.910,13.150,,
2018-06-19,13.100,13.900,8.774,11.970,,
2018-06-20,14.900,13.900,8.294,11.860,,
2018-06-21,11.500,14.600,9.803,12.910,,
2018-06-22,13.200,14.000,11.585,12.640,,
2018-06-23,14.200,13.600,5.133,13.820,,
2018-06-24,14.600,15.200,10.974,16.120,,
2018-06-25,9.900,12.300,5.806,17.500,,
2018-06-26,8.200,13.300,5.793,9.300,,
2018-06-27,9.300,12.000,6.234,9.420,,
2018-06-28,8.500,10.700,6.641,7.970,,
2018-06-29,10.100,9.000,5.763,9.030,,
2018-06-30,14.000,15.300,10.671,19.520,,
2018-07-01,11.900,11.600,8.956,13.810,,
2018-07-02,9.300,12.300,4.140,11.740,,
2018-07-03,12.300,14.100,9.423,16.080,,
2018-07-04,17.100,20.300,14.989,21.800,,
2018-07-05,20.800,24.100,18.355,26.320,,
2018-07-06,20.900,16.800,10.804,14.650,,
2018-07-07,12.900,10.700,8.375,10.870,,
2018-07-08,12.700,15.700,10.636,8.860,,
2018-07-09,11.700,14.000,10.037,11.500,,
2018-07-10,11.900,13.500,10.957,10.560,,
2018-07-11,16.000,18.700,12.991,11.510,,
2018-07-12,13.200,13.900,10.521,9.890,,
2018-07-13,15.400,17.500,9.937,11.800,,
2018-07-14,16.900,21.800,10.266,12.650,,
2018-07-15,21.700,17.300,14.828,20.580,,
2018-07-16,20.800,21.000,13.960,22.410,,
2018-07-17,15.900,16.200,8.880,14.810,,
2018-07-18,11.600,12.300,8.660,10.950,,
2018-07-19,12.300,21.300,6.550,9.370,,
2018-07-20,11.600,19.800,7.170,10.260,,
2018-07-21,11.800,13.400,5.370,9.960,,
2018-07-22,10.900,17.900,5.750,9.240,,
2018-07-23,22.100,18.500,8.040,18.530,,
2018-07-24,10.300,11.200,6.670,11.020,,
2018-07-25,11.900,17.700,7.090,9.270,,
2018-07-26,11.600,12.000,7.890,8.840,,
2018-07-27,11.500,14.000,8.310,10.280,,
2018-07-28,13.100,21.600,8.040,11.130,,
2018-07-29,12.500,15.700,9.660,12.540,,
2018-07-30,11.500,17.700,11.270,17.050,,
2018-07-31,11.300,14.800,12.209,16.280,,
2018-08-01,17.000,17.500,13.100,18.700,,
2018-08-02,24.200,23.700,27.514,13.610,,
2018-08-03,16.100,16.900,13.741,13.950,,
2018-08-04,15.600,17.000,16.357,14.290,,
2018-08-05,24.200,23.700,28.387,15.820,,
2018-08-06,12.400,15.200,12.156,13.060,,
2018-08-07,11.100,14.500,10.235,16.420,,
2018-08-08,21.400,23.100,25.141,16.600,,
2018-08-09,13.100,16.000,12.672,15.280,,
2018-08-10,17.200,17.500,15.176,21.280,,
2018-08-11,29.800,28.000,30.210,19.660,,
2018-08-12,19.300,20.800,17.923,25.420,,
2018-08-13,17.800,19.100,9.760,23.340,,
2018-08-14,18.500,19.200,9.090,18.330,,
2018-08-15,13.700,10.900,5.990,11.510,,
2018-08-16,6.400,6.600,2.530,5.720,,
2018-08-17,6.900,7.300,2.940,5.140,,
2018-08-18,10.200,10.300,5.290,9.990,,
2018-08-19,10.600,10.700,5.270,10.470,,
2018-08-20,7.000,6.800,2.420,5.130,,
2018-08-21,15.200,9.800,3.680,7.370,,
2018-08-22,6.400,9.600,3.090,11.180,,
2018-08-23,10.100,10.800,5.410,8.580,,
2018-08-24,10.300,10.200,4.820,,,
2018-08-25,11.900,11.900,6.720,,,
2018-08-26,9.600,9.600,5.870,,,
2018-08-27,7.200,7.700,3.040,,,
2018-08-28,6.600,10.300,3.200,7.270,,
2018-08-29,11.200,11.800,3.530,10.760,,
2018-08-30,11.500,11.500,5.280,10.070,,
2018-08-31,13.800,12.800,5.440,8.630,,
2018-09-01,12.900,10.800,4.480,6.970,,
2018-09-02,13.200,9.000,4.680,7.310,,
2018-09-03,16.000,14.500,6.500,12.660,,
2018-09-04,15.200,16.100,7.880,14.700,,
2018-09-05,16.900,17.700,9.850,15.990,,
2018-09-06,15.800,15.600,6.870,14.290,,
2018-09-07,18.400,19.200,11.400,18.350,,
2018-09-08,15.700,16.200,7.830,10.950,,
2018-09-09,18.500,13.500,7.080,11.330,,
2018-09-10,12.800,13.800,6.880,10.010,,
2018-09-11,14.900,15.400,6.920,11.780,,
2018-09-12,9.600,12.500,7.270,9.840,,
2018-09-13,14.300,14.200,7.230,10.270,,
2018-09-14,11.400,12.800,7.650,6.870,,
2018-09-15,11.900,13.300,8.530,7.560,,
2018-09-16,14.300,8.500,8.780,10.120,,
2018-09-17,14.500,,8.180,10.840,,
2018-09-18,14.700,,7.600,13.450,,
2018-09-19,14.200,,7.920,11.550,,
2018-09-20,10.200,,6.020,11.720,,
2018-09-21,10.900,14.300,6.440,12.850,,
2018-09-22,10.300,14.100,5.680,6.930,,
2018-09-23,10.400,13.800,6.440,13.670,,
2018-09-24,9.300,13.500,7.200,10.710,,
2018-09-25,8.300,11.600,8.170,9.980,,
2018-09-26,7.600,10.700,8.120,10.890,,
2018-09-27,8.600,10.400,5.740,5.220,,
2018-09-28,8.500,10.800,5.170,4.930,,
2018-09-29,12.300,14.000,5.690,4.580,,
2018-09-30,11.700,15.200,7.440,5.010,,
2018-10-01,10.700,15.800,6.560,5.450,,
2018-10-02,7.300,13.800,4.500,6.450,,
2018-10-03,6.900,12.200,2.998,2.360,,
2018-10-04,13.800,19.600,14.395,4.410,,
2018-10-05,8.100,16.500,4.253,5.860,,
2018-10-06,9.400,15.400,3.151,3.910,,
2018-10-07,12.500,16.500,14.873,4.910,,
2018-10-08,10.800,19.200,6.414,8.410,,
2018-10-09,8.200,16.200,8.354,11.210,,
2018-10-10,10.300,14.300,11.585,9.360,,
2018-10-11,6.800,18.600,7.181,12.050,,
2018-10-12,8.700,17.300,7.248,9.220,,
2018-10-13,12.900,15.800,12.552,7.820,,
2018-10-14,4.700,6.700,4.294,4.180,,
2018-10-15,8.500,15.100,4.610,4.960,,
2018-10-16,8.100,18.000,5.740,9.340,,
2018-10-17,11.700,14.500,10.570,13.070,,
2018-10-18,16.600,19.800,12.510,15.810,,
2018-10-19,8.200,10.400,5.670,6.530,,
2018-10-20,18.200,18.600,14.310,19.450,,
2018-10-21,20.500,21.700,12.130,17.480,,
2018-10-22,11.400,14.200,7.570,8.690,,
2018-10-23,5.100,7.800,3.200,5.650,,
2018-10-24,13.900,15.100,7.530,12.020,,
2018-10-25,11.000,18.900,7.130,14.190,,
2018-10-26,9.300,15.200,6.080,,,
2018-10-27,8.100,12.300,4.910,,,
2018-10-28,22.000,18.200,24.720,,,
2018-10-29,52.200,52.800,42.180,,,
2018-10-30,15.400,21.900,8.207,,,
2018-10-31,11.000,14.900,7.550,,,
2018-11-01,16.900,19.400,16.162,19.270,,
2018-11-02,7.000,10.700,4.901,8.140,,
2018-11-03,8.000,10.400,5.995,11.680,,
2018-11-04,10.000,15.500,7.445,7.830,,
2018-11-05,8.000,18.100,4.779,13.530,,
2018-11-06,6.500,17.700,3.868,12.630,,
2018-11-07,11.200,14.400,7.265,9.930,,
2018-11-08,10.300,13.700,4.995,11.730,,
2018-11-09,7.500,17.400,5.895,16.850,,
2018-11-10,7.500,14.500,6.924,8.860,,
2018-11-11,7.000,7.800,6.643,8.120,,
2018-11-12,10.100,12.400,8.410,13.090,,
2018-11-13,8.900,11.800,6.560,12.460,,
2018-11-14,17.200,23.900,9.770,20.270,,
2018-11-15,14.300,23.500,11.210,23.010,,
2018-11-16,8.500,16.100,7.200,16.400,,
2018-11-17,6.300,6.600,5.310,5.180,,
2018-11-18,8.100,10.100,4.980,6.470,,
2018-11-19,10.000,13.900,9.400,11.880,,
2018-11-20,16.700,15.700,16.780,18.520,,
2018-11-21,8.500,11.700,4.770,5.370,,
2018-11-22,10.800,19.000,5.680,10.610,,
2018-11-23,7.500,22.900,5.510,11.320,,
2018-11-24,5.400,7.900,5.440,5.870,,
2018-11-25,8.400,7.800,7.620,9.360,,
2018-11-26,6.400,20.400,6.370,4.630,,
2018-11-27,8.300,8.800,6.410,6.300,,
2018-11-28,6.200,7.500,5.800,5.480,,
2018-11-29,10.100,11.500,4.550,6.310,,
2018-11-30,9.600,19.700,4.910,10.290,,
2018-12-01,6.600,13.600,4.390,5.920,,
2018-12-02,5.400,8.000,3.950,2.340,,
2018-12-03,8.500,11.200,4.870,6.350,,
2018-12-04,8.200,9.900,7.090,8.680,,
2018-12-05,9.100,15.900,5.710,8.770,,
2018-12-06,10.600,16.100,5.730,9.540,,
2018-12-07,5.300,8.900,5.040,7.050,,
2018-12-08,10.200,11.100,6.380,6.510,,
2018-12-09,7.400,7.400,7.100,7.520,,
2018-12-10,9.300,10.300,8.300,11.890,,
2018-12-11,9.600,21.900,5.660,8.100,,
2018-12-12,12.000,14.200,6.210,10.390,,
2018-12-13,8.700,13.300,6.410,8.680,,
2018-12-14,7.100,8.400,5.440,7.850,,
2018-12-15,10.400,12.000,8.060,11.840,,
2018-12-16,7.400,7.300,5.750,8.090,,
2018-12-17,8.500,10.700,7.920,8.810,,
2018-12-18,10.800,8.300,6.750,9.670,,
2018-12-19,9.900,18.400,4.560,12.730,,
2018-12-20,10.200,25.600,5.380,10.810,,
2018-12-21,12.200,16.100,5.000,11.640,,
2018-12-22,10.200,9.300,4.540,6.550,,
2018-12-23,6.400,6.800,5.800,8.460,,
2018-12-24,7.200,7.700,5.660,7.400,,
2018-12-25,7.000,8.300,5.090,8.720,,
2018-12-26,6.100,8.500,3.990,7.390,,
2018-12-27,11.800,14.900,3.620,9.040,,
2018-12-28,9.100,16.800,3.860,10.690,,
2018-12-29,13.300,17.200,4.340,9.010,,
2018-12-30,11.400,9.500,4.760,9.490,,
2018-12-31,4.900,6.000,4.740,6.540,,
2019-01-01,4.684,5.503,1.000,5.400,,
2019-01-02,6.474,7.012,2.760,6.400,,
2019-01-03,4.154,4.934,1.910,4.700,,
2019-01-04,3.819,4.098,1.070,3.600,,
2019-01-05,5.162,3.108,1.360,2.500,,
2019-01-06,6.459,8.085,1.940,5.700,,
2019-01-07,9.947,21.898,3.285,8.900,,
2019-01-08,8.661,7.635,3.220,5.000,,
2019-01-09,8.115,7.700,5.672,8.100,,
2019-01-10,10.073,11.399,6.694,7.000,,
2019-01-11,11.669,18.565,2.926,10.800,,
2019-01-12,5.827,6.235,3.265,5.500,,
2019-01-13,8.033,6.316,5.049,5.200,,
2019-01-14,10.230,9.120,7.340,9.700,,
2019-01-15,9.343,9.360,6.214,10.200,,
2019-01-16,6.107,15.913,6.033,13.300,,
2019-01-17,7.525,12.266,5.804,12.100,,
2019-01-18,15.417,27.384,8.080,20.400,,
2019-01-19,13.494,16.037,6.325,,,
2019-01-20,7.899,13.128,3.517,,,
2019-01-21,7.693,21.802,5.260,,,
2019-01-22,8.003,9.143,3.320,,,
2019-01-23,5.572,7.334,2.950,,,
2019-01-24,6.443,7.043,4.580,,,
2019-01-25,6.740,7.036,3.250,,,
2019-01-26,9.193,9.182,4.990,,,
2019-01-27,8.157,7.847,3.390,,,
2019-01-28,9.352,11.781,2.090,,,
2019-01-29,6.743,7.447,0.820,,,
2019-01-30,7.036,6.973,1.820,,,
2019-01-31,7.930,10.530,2.250,,,
2019-02-01,8.661,13.942,6.820,,,
2019-02-02,14.061,14.597,10.660,,,
2019-02-03,6.076,6.388,1.880,,,
2019-02-04,11.269,,2.970,,,
2019-02-05,8.468,,6.252,,,
2019-02-06,13.022,,9.912,,,
2019-02-07,16.612,,9.574,,,
2019-02-08,12.515,,6.037,,,
2019-02-09,14.987,,6.630,,,
2019-02-10,10.891,,6.247,,,
2019-02-11,11.315,,8.271,,,
2019-02-12,5.554,,3.987,,,
2019-02-13,6.069,,4.837,,,
2019-02-14,6.852,,4.290,,,
2019-02-15,9.147,,4.510,,,
2019-02-16,7.032,8.126,6.043,,,
2019-02-17,16.484,17.511,6.597,,,
2019-02-18,14.185,19.857,5.320,,,
2019-02-19,10.796,22.972,4.840,,,
2019-02-20,12.172,26.899,4.700,,,
2019-02-21,23.740,29.454,6.890,23.500,,
2019-02-22,15.949,17.157,7.440,17.900,,
2019-02-23,8.953,9.133,5.870,13.900,,
2019-02-24,9.445,7.495,12.940,12.700,,
2019-02-25,10.849,11.776,5.750,14.900,,
2019-02-26,9.245,15.451,4.900,15.200,,
2019-02-27,12.671,14.256,6.950,15.500,,
2019-02-28,13.753,22.299,8.160,19.400,,
2019-03-01,12.288,16.162,8.330,16.400,,
2019-03-02,17.078,20.546,10.750,17.800,,
2019-03-03,9.766,9.824,7.330,14.600,,
2019-03-04,16.749,15.378,9.680,19.600,,
2019-03-05,10.276,14.317,6.752,14.900,,
2019-03-06,10.227,13.105,6.537,15.400,,
2019-03-07,10.158,12.242,7.768,15.400,,
2019-03-08,9.964,12.591,7.347,16.500,,
2019-03-09,17.721,20.735,8.965,21.300,,
2019-03-10,14.948,11.954,7.245,16.400,,
2019-03-11,11.544,12.627,7.938,15.000,,
2019-03-12,12.783,18.701,8.931,14.000,,
2019-03-13,6.486,6.167,5.214,8.800,,
2019-03-14,8.788,9.557,6.887,12.200,,
2019-03-15,9.321,9.628,7.426,13.400,,
2019-03-16,13.087,10.889,8.914,15.100,,
2019-03-17,5.728,6.156,4.623,12.300,,
2019-03-18,12.244,21.739,7.610,22.100,,
2019-03-19,16.199,13.300,13.026,16.100,,
2019-03-20,11.609,11.431,9.765,14.400,,
2019-03-21,16.291,18.217,14.539,18.100,,
2019-03-22,14.312,15.940,11.845,18.800,,
2019-03-23,18.516,17.510,17.347,21.400,,
2019-03-24,24.029,22.337,19.652,20.600,,
2019-03-25,19.860,19.684,17.315,19.600,,
2019-03-26,15.751,17.868,13.511,16.900,,
2019-03-27,11.739,11.770,7.179,9.900,,
2019-03-28,6.023,8.104,4.534,5.300,,
2019-03-29,9.960,11.063,8.960,11.000,,
2019-03-30,18.973,17.727,13.749,15.800,,
2019-03-31,12.578,12.148,9.194,12.200,,
2019-04-01,11.747,15.504,10.290,16.200,,
2019-04-02,16.041,15.336,8.842,14.700,,
2019-04-03,14.020,13.409,7.992,11.000,,
2019-04-04,13.822,15.558,10.356,14.100,,
2019-04-05,14.828,16.132,9.320,15.900,,
2019-04-06,10.005,10.747,4.468,8.500,,
2019-04-07,6.544,7.502,4.006,5.000,,
2019-04-08,6.160,6.939,3.448,6.300,,
2019-04-09,7.384,8.320,4.285,7.300,,
2019-04-10,9.124,9.169,5.496,7.300,,
2019-04-11,7.460,8.766,4.639,8.400,,
2019-04-12,8.113,9.434,4.855,7.100,,
2019-04-13,9.779,10.974,6.852,8.300,,
2019-04-14,10.457,9.860,8.757,11.300,,
2019-04-15,9.126,10.225,6.490,10.200,,
2019-04-16,8.961,10.825,5.639,9.600,,
2019-04-17,8.999,11.536,5.105,10.200,,
2019-04-18,12.973,26.934,8.741,12.100,,
2019-04-19,14.560,20.161,12.745,15.700,,
2019-04-20,16.189,15.230,14.438,17.200,,
2019-04-21,17.012,16.028,14.756,17.700,,
2019-04-22,24.659,24.794,27.717,26.900,,
2019-04-23,63.882,58.665,66.210,61.600,,
2019-04-24,30.649,30.943,23.818,33.800,,
2019-04-25,33.353,30.942,25.839,36.100,,
2019-04-26,16.929,17.877,14.208,22.600,,
2019-04-27,21.607,19.726,13.835,22.500,,
2019-04-28,7.906,7.346,4.891,8.900,,
2019-04-29,10.599,11.546,6.600,15.500,,
2019-04-30,9.775,9.882,8.045,10.500,,
2019-05-01,7.008,7.003,5.501,6.400,,
2019-05-02,9.191,9.302,6.761,7.200,,
2019-05-03,6.846,9.165,4.864,9.200,,
2019-05-04,15.144,14.459,9.623,15.400,,
2019-05-05,10.245,8.924,7.904,10.000,,
2019-05-06,9.251,9.675,8.355,9.300,,
2019-05-07,8.563,7.921,6.566,8.500,,
2019-05-08,8.609,10.207,6.024,8.300,,
2019-05-09,7.448,8.890,6.383,9.100,,
2019-05-10,11.950,11.358,9.153,12.400,,
2019-05-11,10.800,12.226,10.088,10.500,,
2019-05-12,8.857,8.875,8.229,10.300,,
2019-05-13,8.908,8.433,,11.300,,
2019-05-14,6.122,6.881,4.205,5.400,,
2019-05-15,6.532,6.913,4.677,6.600,,
2019-05-16,8.026,8.228,4.505,6.500,,
2019-05-17,4.492,10.424,4.287,7.600,,
2019-05-18,7.861,9.797,6.668,11.100,,
2019-05-19,9.525,9.169,6.015,8.300,,
2019-05-20,7.067,7.126,5.899,6.900,,
2019-05-21,6.343,6.457,4.459,5.100,,
2019-05-22,8.304,8.262,5.411,5.400,,
2019-05-23,8.298,8.101,7.005,7.500,,
2019-05-24,11.187,10.715,7.521,9.400,,
2019-05-25,7.892,9.895,8.663,3.800,,
2019-05-26,9.672,10.247,7.492,10.600,,
2019-05-27,6.523,7.733,,5.900,,
2019-05-28,8.041,8.433,5.735,9.600,,
2019-05-29,7.310,9.022,2.172,,,
2019-05-30,10.406,10.308,6.864,,,
2019-05-31,9.626,12.115,8.895,3.800,,
2019-06-01,9.055,10.974,6.678,4.300,,
2019-06-02,12.019,9.505,6.900,3.900,,
2019-06-03,10.047,10.657,7.110,,,
2019-06-04,8.309,10.056,5.724,,,
2019-06-05,8.021,10.455,4.111,,,
2019-06-06,7.305,11.464,8.800,,,
2019-06-07,8.304,11.854,12.312,,,
2019-06-08,12.643,16.644,9.100,,,
2019-06-09,13.857,20.515,11.571,,,
2019-06-10,19.381,24.280,,,,
2019-06-11,17.394,22.046,14.695,,,
2019-06-12,17.153,21.767,17.549,,,
2019-06-13,21.330,21.808,16.755,,,
2019-06-14,19.436,20.942,20.534,,,
2019-06-15,26.500,25.707,17.935,,,
2019-06-16,27.019,26.476,19.536,,,
2019-06-17,21.852,25.444,20.257,,,
2019-06-18,20.762,23.467,21.393,,,
2019-06-19,18.759,19.659,9.789,,,
2019-06-20,12.269,13.062,8.659,,,
2019-06-21,11.339,18.015,7.432,,,
2019-06-22,11.983,13.918,10.863,,,
2019-06-23,11.207,10.617,9.785,,,
2019-06-24,16.532,23.468,10.100,,,
2019-06-25,12.769,15.241,10.550,,,
2019-06-26,14.029,15.782,11.770,,,
2019-06-27,16.207,17.156,16.379,,,
2019-06-28,16.105,17.816,13.612,17.400,,
2019-06-29,15.260,16.853,13.775,16.200,,
2019-06-30,12.019,12.183,12.665,13.900,,
2019-07-01,10.804,13.425,12.051,17.300,,
2019-07-02,12.810,13.254,11.731,12.700,,
2019-07-03,15.162,14.976,12.176,11.900,,
2019-07-04,16.385,13.906,10.274,12.700,,
2019-07-05,20.154,15.190,10.695,14.400,,
2019-07-06,18.873,18.464,16.214,17.000,,
2019-07-07,18.396,15.539,13.013,16.800,,
2019-07-08,21.053,23.575,20.560,43.200,,
2019-07-09,20.616,23.057,18.155,21.200,,
2019-07-10,17.825,21.313,14.709,20.900,,
2019-07-11,15.075,16.655,11.777,15.200,,
2019-07-12,12.547,13.069,10.017,13.400,,
2019-07-13,14.974,13.881,8.501,11.400,,
2019-07-14,10.796,11.683,9.993,11.000,,
2019-07-15,9.917,12.692,9.585,13.000,,
2019-07-16,9.126,10.094,6.112,10.900,,
2019-07-17,12.186,12.378,9.280,11.300,,
2019-07-18,9.762,18.765,6.904,9.300,,
2019-07-19,11.607,15.434,9.916,11.800,,
2019-07-20,17.655,18.911,10.541,14.800,,
2019-07-21,16.698,16.742,12.511,15.900,,
2019-07-22,14.153,15.921,,14.100,,
2019-07-23,13.024,15.015,10.830,13.000,,
2019-07-24,13.413,15.911,11.376,13.900,,
2019-07-25,16.463,20.782,16.181,17.400,,
2019-07-26,16.840,16.754,12.489,15.500,,
2019-07-27,11.159,12.632,10.770,13.500,,
2019-07-28,13.312,13.394,10.920,13.600,,
2019-07-29,9.987,9.124,7.387,9.200,,
2019-07-30,8.694,9.398,6.414,8.900,,
2019-07-31,10.281,12.151,7.998,10.600,,
2019-08-01,10.096,12.890,7.287,11.100,,
2019-08-02,9.677,13.440,7.590,10.200,,
2019-08-03,15.017,16.708,11.004,12.700,,
2019-08-04,14.556,16.116,11.492,21.100,,
2019-08-05,13.386,15.823,13.620,16.000,,
2019-08-06,11.516,15.266,8.626,12.600,,
2019-08-07,9.479,12.335,8.738,11.400,,
2019-08-08,12.026,13.786,8.699,12.100,,
2019-08-09,17.266,19.236,16.594,19.000,,
2019-08-10,19.303,18.806,16.362,19.100,,
2019-08-11,19.855,20.894,15.941,19.700,,
2019-08-12,23.140,23.648,20.566,25.100,,
2019-08-13,14.639,15.649,15.108,15.900,,
2019-08-14,17.702,22.890,11.713,16.100,,
2019-08-15,9.160,7.914,6.319,9.400,,
2019-08-16,8.982,10.044,6.873,9.100,,
2019-08-17,16.238,13.411,8.786,11.200,,
2019-08-18,9.902,11.065,10.095,12.300,,
2019-08-19,8.212,10.826,,11.800,,
2019-08-20,9.033,14.240,8.725,12.700,,
2019-08-21,13.325,15.923,10.947,14.400,,
2019-08-22,19.472,20.532,16.924,16.200,,
2019-08-23,16.764,16.909,13.573,17.700,,
2019-08-24,17.761,20.724,16.484,19.600,,
2019-08-25,23.078,22.697,19.886,20.100,,
2019-08-26,16.198,18.429,13.730,19.100,,
2019-08-27,15.792,17.643,13.653,19.100,,
2019-08-28,26.314,23.174,21.037,22.600,,
2019-08-29,18.686,19.409,14.582,21.200,,
2019-08-30,20.613,22.745,19.343,23.100,,
2019-08-31,23.590,23.878,24.431,23.600,,
2019-09-01,14.432,15.704,13.842,18.000,,
2019-09-02,7.595,10.777,5.710,14.800,,
2019-09-03,13.229,14.296,10.808,14.200,,
2019-09-04,12.625,14.105,8.977,12.800,,
2019-09-05,15.634,16.462,10.205,10.400,,
2019-09-06,14.676,16.922,8.705,12.800,,
2019-09-07,10.776,11.056,5.587,8.200,,
2019-09-08,11.177,11.324,7.257,6.700,,
2019-09-09,8.970,9.385,5.224,8.800,,
2019-09-10,8.289,11.364,5.634,7.000,,
2019-09-11,9.717,11.502,7.630,5.200,,
2019-09-12,8.571,10.880,7.835,7.100,,
2019-09-13,13.281,14.704,9.781,9.100,,
2019-09-14,20.891,20.490,15.701,12.300,,
2019-09-15,13.748,14.091,11.462,9.300,,
2019-09-16,17.597,20.889,11.720,12.300,,
2019-09-17,17.297,19.202,13.903,12.000,,
2019-09-18,14.485,17.352,12.329,10.600,,
2019-09-19,16.352,19.024,14.531,10.400,,
2019-09-20,12.765,15.397,11.844,10.600,,
2019-09-21,11.972,12.652,11.451,10.300,,
2019-09-22,15.259,14.839,14.645,9.000,,
2019-09-23,11.948,14.310,10.572,10.400,,
2019-09-24,10.687,12.532,7.269,8.500,,
2019-09-25,9.260,9.603,7.716,6.500,,
2019-09-26,9.915,10.568,8.305,8.400,,
2019-09-27,7.237,8.454,6.733,7.200,,
2019-09-28,11.499,12.503,11.471,9.200,,
2019-09-29,10.111,9.956,7.679,9.700,,
2019-09-30,9.684,10.555,11.700,9.000,,
2019-10-01,10.726,10.573,7.755,9.100,,
2019-10-02,9.362,11.857,6.989,9.200,,
2019-10-03,11.978,14.763,9.324,7.500,,
2019-10-04,11.290,13.908,4.886,7.200,,
2019-10-05,7.580,7.202,4.389,6.300,,
2019-10-06,10.889,11.649,8.113,6.600,,
2019-10-07,5.970,6.616,3.821,6.800,,
2019-10-08,4.571,6.494,4.619,6.900,,
2019-10-09,9.742,13.766,8.193,8.500,,
2019-10-10,9.164,13.676,7.042,10.100,,
2019-10-11,9.655,12.522,8.921,9.900,,
2019-10-12,12.564,14.802,13.161,11.800,,
2019-10-13,10.731,13.286,11.950,13.300,,
2019-10-14,12.656,19.080,14.940,13.800,,
2019-10-15,12.910,15.988,13.330,15.800,,
2019-10-16,8.554,9.189,8.970,8.100,,
2019-10-17,13.004,12.233,7.310,6.400,,
2019-10-18,10.038,14.038,9.100,11.800,,
2019-10-19,10.493,18.075,11.210,12.000,,
2019-10-20,11.023,16.089,9.970,8.800,,
2019-10-21,8.276,18.583,12.410,13.800,,
2019-10-22,10.200,18.211,12.790,15.500,,
2019-10-23,12.104,16.936,13.190,14.400,,
2019-10-24,10.078,12.563,13.820,15.000,,
2019-10-25,13.377,13.434,13.730,12.400,,
2019-10-26,17.364,18.005,10.250,11.500,,
2019-10-27,7.921,11.038,9.000,9.300,,
2019-10-28,9.200,20.178,8.730,10.500,,
2019-10-29,9.110,18.574,4.632,8.800,,
2019-10-30,8.748,14.009,5.170,7.400,,
2019-10-31,14.854,15.384,11.828,9.900,,
2019-11-01,9.447,14.870,4.813,9.900,,
2019-11-02,7.890,14.430,2.294,5.100,,
2019-11-03,7.125,9.850,7.570,5.300,,
2019-11-04,8.940,12.480,4.920,7.600,,
2019-11-05,7.348,16.280,8.590,8.500,,
2019-11-06,11.221,19.520,9.842,10.100,,
2019-11-07,5.046,6.720,2.436,3.000,,
2019-11-08,5.055,10.270,3.162,3.100,,
2019-11-09,7.543,8.580,6.235,3.500,,
2019-11-10,3.408,5.520,2.652,2.200,,
2019-11-11,4.831,9.490,4.880,8.400,,
2019-11-12,5.641,6.185,4.892,6.000,,
2019-11-13,9.062,11.783,5.629,8.300,,
2019-11-14,7.888,11.647,5.474,4.000,,
2019-11-15,9.301,16.635,6.425,11.200,,
2019-11-16,18.371,19.898,14.824,21.400,,
2019-11-17,11.551,9.483,8.429,8.400,,
2019-11-18,5.269,10.350,2.940,7.600,,
2019-11-19,5.109,13.628,2.968,7.200,,
2019-11-20,13.140,17.963,4.586,6.900,,
2019-11-21,6.782,23.583,2.976,8.000,,
2019-11-22,6.445,17.676,3.813,6.200,,
2019-11-23,8.972,12.316,7.243,7.400,,
2019-11-24,6.013,5.236,4.304,6.400,,
2019-11-25,5.643,5.458,6.870,5.600,,
2019-11-26,6.309,8.756,3.398,4.800,,
2019-11-27,7.036,11.103,3.125,7.100,,
2019-11-28,8.313,15.167,4.731,5.900,,
2019-11-29,10.840,12.493,5.373,9.800,,
2019-11-30,8.377,10.713,4.321,7.300,,
2019-12-01,6.662,12.231,5.790,7.100,,
2019-12-02,5.605,8.371,3.795,8.600,,
2019-12-03,12.086,22.134,6.409,14.200,,
2019-12-04,10.270,11.870,7.145,9.300,,
2019-12-05,11.101,12.373,6.903,10.100,,
2019-12-06,12.578,14.944,6.652,10.400,,
2019-12-07,18.449,19.113,7.835,9.600,,
2019-12-08,10.120,12.983,7.886,11.400,,
2019-12-09,7.181,9.550,7.580,8.100,,
2019-12-10,6.736,9.173,3.962,4.800,,
2019-12-11,5.546,7.540,4.225,5.700,,
2019-12-12,8.157,8.726,5.423,4.700,,
2019-12-13,5.688,6.040,3.962,5.900,,
2019-12-14,11.847,12.680,10.281,12.400,,
2019-12-15,12.616,15.402,8.399,9.900,,
2019-12-16,6.537,10.829,3.822,6.400,,
2019-12-17,7.046,11.089,5.484,9.300,,
2019-12-18,24.755,25.151,21.143,24.100,,
2019-12-19,77.054,72.694,66.678,79.800,,
2019-12-20,18.972,19.089,11.481,18.800,,
2019-12-21,21.685,20.203,18.097,21.000,,
2019-12-22,14.858,15.570,14.295,16.800,,
2019-12-23,13.740,15.109,,12.100,,
2019-12-24,8.494,9.146,7.088,8.200,,
2019-12-25,7.798,8.328,7.289,8.300,,
2019-12-26,9.757,10.827,5.425,7.500,,
2019-12-27,8.085,11.618,5.999,7.300,,
2019-12-28,6.276,7.575,4.899,6.100,,
2019-12-29,4.697,4.445,3.278,3.400,,
2019-12-30,4.155,5.194,3.439,4.400,,
2019-12-31,4.196,5.658,3.285,4.400,,
2020-01-01,8.712,10.755,4.575,5.675,,
2020-01-02,12.264,16.208,5.075,8.917,,
2020-01-03,12.059,16.479,5.303,8.612,,
2020-01-04,9.088,9.085,5.089,6.012,,
2020-01-05,5.742,7.398,6.630,8.633,,
2020-01-06,6.972,13.942,3.844,7.962,,
2020-01-07,11.388,14.853,3.763,8.642,,
2020-01-08,8.703,16.578,5.840,11.754,,
2020-01-09,7.340,16.851,7.091,12.043,,
2020-01-10,11.067,15.930,5.278,16.900,,
2020-01-11,4.957,10.671,4.690,10.888,,
2020-01-12,5.852,7.243,5.688,6.979,,
2020-01-13,6.066,10.080,5.115,9.912,,
2020-01-14,6.913,11.460,4.878,7.788,,
2020-01-15,10.170,11.550,9.220,10.829,,
2020-01-16,18.019,19.001,9.348,11.662,,
2020-01-17,11.691,12.270,7.583,9.162,,
2020-01-18,8.126,7.961,5.973,6.583,,
2020-01-19,7.020,8.540,5.561,10.346,,
2020-01-20,6.228,8.368,4.610,8.561,,
2020-01-21,8.599,10.949,8.420,11.567,,
2020-01-22,8.847,11.426,8.865,11.696,,
2020-01-23,7.725,11.521,8.362,9.679,,
2020-01-24,6.508,9.218,6.174,8.567,,
2020-01-25,8.581,10.916,7.599,10.154,,
2020-01-26,15.070,14.649,11.788,12.075,,
2020-01-27,13.573,14.182,10.990,11.592,,
2020-01-28,9.200,11.290,6.733,8.650,,
2020-01-29,10.292,11.852,7.026,8.733,,
2020-01-30,9.706,10.541,5.672,8.371,,
2020-01-31,8.647,11.208,3.695,6.871,,
2020-02-01,14.516,16.557,7.615,9.796,,
2020-02-02,8.857,8.781,5.764,7.671,,
2020-02-03,10.132,10.913,6.330,9.084,,
2020-02-04,14.685,15.951,11.135,15.167,,
2020-02-05,8.201,17.663,6.855,7.500,,
2020-02-06,5.953,6.532,4.628,4.288,,
2020-02-07,8.962,10.521,4.080,6.100,,
2020-02-08,6.245,17.577,3.811,7.808,,
2020-02-09,6.633,14.738,4.782,6.704,,
2020-02-10,7.836,9.859,5.991,7.254,,
2020-02-11,14.477,16.791,10.791,13.300,,
2020-02-12,10.900,12.346,9.251,10.862,,
2020-02-13,10.250,13.576,8.193,13.892,,
2020-02-14,10.640,12.625,7.278,9.704,,
2020-02-15,11.509,11.014,8.263,8.888,,
2020-02-16,6.395,13.251,6.218,7.950,,
2020-02-17,10.339,15.301,5.370,11.372,,
2020-02-18,9.229,9.757,5.646,7.329,,
2020-02-19,8.906,9.391,7.029,9.033,,
2020-02-20,9.309,10.708,7.430,10.238,,
2020-02-21,9.704,10.136,4.661,6.858,,
2020-02-22,7.136,7.632,5.659,7.229,,
2020-02-23,8.562,8.565,6.405,7.604,,
2020-02-24,10.356,11.578,7.048,9.242,,
2020-02-25,10.114,10.793,7.256,9.162,,
2020-02-26,10.466,12.866,7.000,10.367,,
2020-02-27,9.296,12.269,5.559,7.621,,
2020-02-28,9.260,10.974,7.080,9.904,,
2020-02-29,7.787,8.628,6.781,9.125,,
2020-03-01,8.857,10.210,8.140,10.825,,
2020-03-02,12.187,17.615,,14.212,,
2020-03-03,7.843,8.313,4.630,6.688,,
2020-03-04,4.642,5.865,4.797,4.662,,
2020-03-05,7.620,7.607,5.036,5.912,,
2020-03-06,10.136,9.978,7.279,10.100,,
2020-03-07,6.087,6.263,2.911,4.433,,
2020-03-08,6.618,5.819,4.285,5.112,,
2020-03-09,7.388,7.444,3.786,5.275,,
2020-03-10,4.452,6.127,2.439,3.883,,
2020-03-11,9.289,9.256,6.049,7.225,,
2020-03-12,9.086,9.024,5.029,6.912,,
2020-03-13,9.073,8.436,5.414,6.817,,
2020-03-14,11.571,11.967,7.967,9.100,,
2020-03-15,11.801,10.751,10.467,11.525,,
2020-03-16,10.055,12.135,9.060,12.996,,
2020-03-17,7.794,9.057,6.821,9.775,,
2020-03-18,4.325,5.414,6.260,6.683,,
2020-03-19,8.449,8.052,7.519,8.088,,
2020-03-20,11.600,12.217,10.748,13.933,,
2020-03-21,10.423,10.561,8.754,11.746,,
2020-03-22,12.560,11.548,10.996,11.621,,
2020-03-23,11.025,12.057,9.257,11.933,,
2020-03-24,9.185,10.573,8.465,10.850,,
2020-03-25,12.149,12.442,8.780,12.108,,
2020-03-26,6.220,7.488,5.336,5.438,,
2020-03-27,7.350,7.631,4.641,6.200,,
2020-03-28,5.161,8.340,5.883,6.050,,
2020-03-29,5.556,5.200,4.351,5.700,,
2020-03-30,5.348,5.824,4.290,5.387,,
2020-03-31,10.811,10.787,6.860,8.917,,
2020-04-01,9.146,9.984,6.490,8.958,,
2020-04-02,9.949,8.819,8.073,11.317,,
2020-04-03,9.481,9.051,7.072,10.854,,
2020-04-04,9.751,9.659,8.541,9.221,,
2020-04-05,14.167,12.585,10.687,13.133,,
2020-04-06,13.705,14.380,11.081,14.275,,
2020-04-07,7.154,7.173,4.349,6.996,,
2020-04-08,10.635,9.510,,8.829,,
2020-04-09,13.737,11.555,,11.288,,
2020-04-10,12.489,9.775,8.473,9.696,,
2020-04-11,10.791,9.603,5.628,8.542,,
2020-04-12,10.163,10.029,8.434,10.658,,
2020-04-13,14.060,15.898,9.300,15.799,,
2020-04-14,20.876,20.270,16.380,24.625,,
2020-04-15,13.484,12.890,9.843,15.438,,
2020-04-16,8.930,10.118,8.681,11.583,,
2020-04-17,10.747,10.357,6.452,11.021,,
2020-04-18,8.739,9.646,6.570,12.171,,
2020-04-19,9.392,11.788,11.650,11.192,,
2020-04-20,9.712,12.290,10.403,13.546,,
2020-04-21,9.586,10.336,6.869,9.942,,
2020-04-22,10.524,11.187,6.762,8.321,,
2020-04-23,8.500,8.171,4.716,8.267,,
2020-04-24,6.468,6.994,4.224,5.929,,
2020-04-25,7.098,6.570,5.183,5.358,,
2020-04-26,4.481,5.160,3.737,5.596,,
2020-04-27,9.340,11.500,5.367,8.162,,
2020-04-28,9.857,7.511,3.091,7.192,,
2020-04-29,8.032,8.055,,6.054,,
2020-04-30,11.698,8.867,6.006,7.750,,
2020-05-01,10.328,8.511,3.915,5.800,,
2020-05-02,11.899,8.514,5.214,8.062,,
2020-05-03,18.069,8.485,6.417,10.312,,
2020-05-04,9.323,8.235,5.213,9.425,,
2020-05-05,6.564,6.766,4.656,7.008,,
2020-05-06,11.843,10.134,8.180,10.933,,
2020-05-07,10.011,8.837,6.697,10.650,,
2020-05-08,8.253,7.462,6.634,9.892,,
2020-05-09,9.178,9.189,7.648,10.350,,
2020-05-10,8.480,8.619,5.770,10.612,,
2020-05-11,6.120,10.683,7.423,11.929,,
2020-05-12,15.369,9.191,,8.758,,
2020-05-13,11.116,11.720,,23.275,,
2020-05-14,23.483,28.378,31.025,32.438,,
2020-05-15,21.810,17.551,27.050,20.167,,
2020-05-16,13.226,14.292,17.156,21.417,,
2020-05-17,16.707,19.866,20.806,22.042,,
2020-05-18,14.203,14.039,10.772,17.883,,
2020-05-19,12.320,13.218,7.169,13.450,,
2020-05-20,14.246,15.163,6.565,13.862,,
2020-05-21,9.050,11.640,6.271,9.900,,
2020-05-22,8.665,8.899,7.051,9.138,,
2020-05-23,9.675,7.994,5.122,7.200,,
2020-05-24,8.367,7.239,5.265,7.246,,
2020-05-25,9.612,13.156,8.923,10.874,,
2020-05-26,7.722,8.442,,9.925,,
2020-05-27,4.583,7.860,5.363,7.971,,
2020-05-28,8.543,11.892,5.316,6.600,,
2020-05-29,5.631,6.519,3.757,5.500,,
2020-05-30,5.966,7.251,4.334,8.062,,
2020-05-31,8.472,8.095,5.692,6.292,,
2020-06-01,7.194,7.484,5.465,7.342,,
2020-06-02,6.686,7.531,6.175,8.825,,
2020-06-03,9.490,8.897,5.835,7.279,,
2020-06-04,6.295,8.674,5.770,10.321,,
2020-06-05,10.691,21.139,7.216,12.246,,
2020-06-06,12.389,14.124,5.929,8.900,,
2020-06-07,5.869,6.933,4.266,8.721,,
2020-06-08,6.090,8.075,5.525,8.258,,
2020-06-09,8.059,9.338,,8.900,,
2020-06-10,6.734,7.598,5.744,6.755,,
2020-06-11,7.497,7.779,5.987,6.962,,
2020-06-12,4.651,9.028,5.142,8.717,,
2020-06-13,4.284,7.458,6.158,7.617,,
2020-06-14,8.161,8.894,7.837,7.762,,
2020-06-15,9.980,15.510,6.765,12.021,,
2020-06-16,8.641,11.950,6.746,9.842,,
2020-06-17,8.832,9.684,7.613,7.738,,
2020-06-18,8.832,10.441,8.028,11.588,,
2020-06-19,5.866,8.549,8.876,11.617,,
2020-06-20,11.127,11.390,8.512,10.079,,
2020-06-21,8.541,9.579,6.206,9.625,,
2020-06-22,,10.530,7.070,10.817,,
2020-06-23,7.402,7.873,,7.867,,
2020-06-24,8.688,9.940,7.218,9.471,,
2020-06-25,12.466,8.153,5.372,8.129,,
2020-06-26,4.278,7.157,5.218,8.296,,
2020-06-27,5.570,7.524,6.035,8.633,,
2020-06-28,6.004,6.631,5.880,6.954,,
2020-06-29,9.392,9.632,8.592,11.700,,
2020-06-30,12.930,13.836,9.763,15.708,,
2020-07-01,13.952,13.149,10.310,12.988,,
2020-07-02,13.036,12.900,10.777,15.142,,
2020-07-03,13.838,14.731,11.742,15.950,,
2020-07-04,14.333,13.200,8.176,14.742,,
2020-07-05,8.462,8.262,7.392,9.954,,
2020-07-06,9.562,10.334,7.361,10.458,,
2020-07-07,12.454,11.241,10.980,13.921,,
2020-07-08,13.053,13.003,11.693,14.983,,
2020-07-09,12.641,10.550,10.031,12.904,,
2020-07-10,9.612,9.043,7.608,13.060,,
2020-07-11,10.154,10.055,7.799,10.850,,
2020-07-12,12.279,9.717,9.814,9.971,,
2020-07-13,10.851,11.812,8.004,13.792,,
2020-07-14,11.016,11.555,9.692,11.454,,
2020-07-15,11.685,11.250,9.425,11.658,,
2020-07-16,8.979,10.316,7.285,9.442,,
2020-07-17,10.660,10.916,6.942,9.475,,
2020-07-18,9.530,8.210,6.476,8.329,,
2020-07-19,8.039,7.707,7.403,8.583,,
2020-07-20,7.010,8.931,7.374,10.075,,
2020-07-21,7.696,9.033,8.720,9.742,,
2020-07-22,6.568,7.491,5.016,6.308,,
2020-07-23,10.978,10.787,6.757,8.692,,
2020-07-24,11.442,10.684,7.664,9.483,,
2020-07-25,10.365,10.203,7.042,9.517,,
2020-07-26,9.260,8.689,9.697,9.308,,
2020-07-27,7.797,9.853,15.156,11.008,,
2020-07-28,9.249,9.615,6.562,10.517,,
2020-07-29,9.730,9.409,,9.042,,
2020-07-30,10.570,12.066,,12.654,,
2020-07-31,12.471,11.234,7.728,10.529,,
2020-08-01,14.216,11.883,9.136,11.108,,
2020-08-02,14.004,13.579,11.215,14.379,,
2020-08-03,12.675,14.395,11.467,11.908,,
2020-08-04,10.720,12.212,,10.867,,
2020-08-05,12.128,12.378,6.002,7.367,,
2020-08-06,7.314,7.277,5.648,5.946,,
2020-08-07,5.017,6.901,4.291,6.021,,
2020-08-08,8.175,9.048,7.096,8.896,,
2020-08-09,10.775,10.542,11.995,11.442,,
2020-08-10,11.788,14.243,10.335,13.283,,
2020-08-11,11.132,13.945,8.539,10.233,,
2020-08-12,11.671,12.057,10.277,10.979,,
2020-08-13,11.985,13.009,9.125,11.404,,
2020-08-14,12.917,14.361,9.953,11.854,,
2020-08-15,13.775,12.766,13.057,12.538,,
2020-08-16,13.440,15.385,13.235,14.617,,
2020-08-17,13.853,14.179,10.568,15.063,,
2020-08-18,,10.530,,10.846,,
2020-08-19,,11.310,,13.129,,
2020-08-20,,12.290,9.066,12.308,,
2020-08-21,9.266,12.029,7.541,13.117,,
2020-08-22,8.946,9.715,6.637,9.775,,
2020-08-23,14.394,13.665,10.892,12.717,,
2020-08-24,8.719,10.434,5.912,10.088,,
2020-08-25,8.333,8.980,6.462,9.954,,
2020-08-26,9.641,10.307,7.119,9.700,,
2020-08-27,6.516,9.331,5.216,7.608,,
2020-08-28,11.009,10.789,6.538,11.029,,
2020-08-29,7.674,8.894,6.783,8.712,,
2020-08-30,,8.244,6.447,8.562,,
2020-08-31,6.549,8.552,5.917,7.767,,
2020-09-01,6.118,8.106,,6.721,,
2020-09-02,8.697,9.073,5.428,8.308,,
2020-09-03,11.747,12.077,9.073,10.758,,
2020-09-04,6.927,8.398,7.356,8.338,,
2020-09-05,5.283,7.439,5.204,7.454,,
2020-09-06,8.552,7.660,10.285,6.600,,
2020-09-07,9.370,11.705,7.080,9.230,,
2020-09-08,12.315,14.393,11.200,12.030,,
2020-09-09,12.511,12.989,14.224,11.780,,
2020-09-10,15.205,17.156,12.686,15.020,,
2020-09-11,9.675,10.882,7.065,8.120,,
2020-09-12,10.319,12.919,3.976,6.250,,
2020-09-13,6.622,8.966,4.790,5.530,,
2020-09-14,10.162,11.326,,,,
2020-09-15,11.433,12.440,,11.150,,
2020-09-16,9.204,10.617,10.311,10.930,,
2020-09-17,17.698,17.363,15.434,17.233,,
2020-09-18,16.971,17.026,14.104,16.229,,
2020-09-19,19.730,19.543,,19.338,,
2020-09-20,20.542,18.284,,19.742,,
2020-09-21,14.600,14.044,,15.671,,
2020-09-22,12.466,13.015,,15.946,,
2020-09-23,16.589,15.231,,16.321,,
2020-09-24,11.068,12.215,,11.858,,
2020-09-25,12.393,13.179,,14.112,,
2020-09-26,7.900,7.722,,6.650,,
2020-09-27,6.112,6.363,,6.746,,
2020-09-28,9.806,9.058,,9.201,,
2020-09-29,8.353,8.783,,7.254,,
2020-09-30,7.676,9.438,,9.050,,
2020-10-01,5.378,11.575,,9.096,,
2020-10-02,7.640,10.640,,10.721,,
2020-10-03,20.479,22.563,,24.683,,
2020-10-04,12.787,11.508,,14.042,,
2020-10-05,14.864,14.882,,17.104,,
2020-10-06,8.375,9.291,,7.842,,
2020-10-07,6.427,7.366,,6.946,,
2020-10-08,8.579,9.118,,9.658,,
2020-10-09,5.726,10.481,,11.692,,
2020-10-10,9.664,9.824,,7.283,,
2020-10-11,6.702,7.551,,7.238,,
2020-10-12,5.325,5.380,,5.096,,
2020-10-13,7.560,7.589,,7.375,,
2020-10-14,5.605,9.140,,5.433,,
2020-10-15,8.429,8.661,,9.292,,
2020-10-16,5.258,5.278,,3.792,,
2020-10-17,4.618,4.512,,3.725,,
2020-10-18,5.668,4.176,,3.254,,
2020-10-19,4.849,6.347,,5.300,,
2020-10-20,3.266,9.329,,9.238,,
2020-10-21,5.327,12.894,,8.462,,
2020-10-22,7.295,14.915,,10.667,,
2020-10-23,7.802,15.076,,10.658,,
2020-10-24,13.314,13.270,,8.892,,
2020-10-25,6.110,5.384,,4.492,,
2020-10-26,6.658,10.695,,6.879,,
2020-10-27,6.538,8.282,,5.358,,
2020-10-28,6.080,8.694,,4.846,,
2020-10-29,6.873,6.822,,5.229,,
2020-10-30,7.515,8.864,,6.158,,
2020-10-31,10.816,13.294,,8.362,,
2020-11-01,7.651,7.101,,4.812,,
2020-11-02,7.264,10.370,,5.121,,
2020-11-03,10.617,14.478,8.061,8.742,,
2020-11-04,13.412,17.005,7.328,11.133,,
2020-11-05,13.423,20.874,7.714,15.233,,
2020-11-06,12.148,16.136,8.692,17.056,,
2020-11-07,7.518,7.927,8.005,9.200,,
2020-11-08,10.991,11.363,7.254,9.229,,
2020-11-09,12.104,16.613,8.661,13.026,,
2020-11-10,12.384,16.353,,12.262,,
2020-11-11,13.545,17.928,10.141,12.867,,
2020-11-12,16.710,19.898,9.068,14.217,,
2020-11-13,13.222,18.298,6.878,12.775,,
2020-11-14,10.265,18.937,7.094,12.221,,
2020-11-15,9.904,18.357,7.739,9.025,,
2020-11-16,9.392,15.487,6.463,10.075,,
2020-11-17,8.579,13.447,6.361,8.562,,
2020-11-18,6.987,12.211,4.311,8.925,,
2020-11-19,9.202,9.059,6.898,8.667,,
2020-11-20,10.209,8.955,8.472,10.012,,
2020-11-21,9.519,8.108,4.216,7.688,,
2020-11-22,3.058,4.762,2.962,4.300,,
2020-11-23,3.423,6.849,3.089,5.920,,
2020-11-24,,6.136,,4.333,,
2020-11-25,6.818,14.292,4.169,8.733,,
2020-11-26,6.226,11.023,6.743,11.225,,
2020-11-27,5.689,8.828,5.785,10.583,,
2020-11-28,11.989,11.704,10.741,11.731,,
2020-11-29,22.110,18.169,19.100,17.767,,
2020-11-30,14.263,16.589,6.558,13.054,,
2020-12-01,9.365,13.743,3.971,6.112,,
2020-12-02,4.682,12.467,3.774,5.088,,
2020-12-03,5.215,5.793,4.678,4.542,,
2020-12-04,5.168,5.851,3.489,3.917,,
2020-12-05,6.181,7.002,5.229,7.179,,
2020-12-06,6.356,5.923,5.414,6.112,,
2020-12-07,5.548,7.184,3.198,4.435,,
2020-12-08,13.644,11.528,8.088,12.683,,
2020-12-09,27.201,24.477,,24.600,,
2020-12-10,5.218,4.701,3.154,3.479,,
2020-12-11,6.627,6.546,4.063,4.883,,
2020-12-12,4.503,4.745,1.800,2.846,,
2020-12-13,3.824,3.044,3.523,2.804,,
2020-12-14,6.603,7.164,4.203,5.167,,
2020-12-15,9.445,22.172,4.518,12.612,,
2020-12-16,7.207,23.434,4.454,8.896,,
2020-12-17,3.231,15.903,3.854,9.550,,
2020-12-18,3.643,6.461,3.612,7.117,,
2020-12-19,4.303,5.734,4.594,5.992,,
2020-12-20,5.069,7.065,3.443,6.571,,
2020-12-21,5.396,7.201,3.329,7.787,,
2020-12-22,9.735,14.804,,8.550,,
2020-12-23,10.902,16.013,3.858,8.137,,
2020-12-24,7.393,11.540,4.949,6.650,,
2020-12-25,7.710,7.164,6.272,7.742,,
2020-12-26,6.713,5.936,4.040,4.290,,
2020-12-27,4.018,2.625,3.092,1.890,,
2020-12-28,7.353,7.097,5.907,5.100,,
2020-12-29,26.647,29.209,29.568,26.130,,
2020-12-30,22.890,24.405,21.767,25.746,,
2020-12-31,6.346,10.735,2.289,4.367,,
2021-01-01,6.800,9.100,3.100,5.100,,
2021-01-02,8.300,,6.200,8.400,,
2021-01-03,6.800,,6.700,8.000,,
2021-01-04,5.900,9.800,2.400,4.800,,
2021-01-05,6.100,8.100,4.000,5.500,,
2021-01-06,7.100,15.400,,9.400,,
2021-01-07,10.900,14.000,10.900,11.600,,
2021-01-08,22.900,24.400,22.900,27.200,,
2021-01-09,19.000,26.700,22.900,22.600,,
2021-01-10,25.300,25.900,31.500,30.700,,
2021-01-11,11.400,10.700,4.700,9.300,,
2021-01-12,5.000,7.500,3.100,3.600,,
2021-01-13,5.700,6.900,3.500,4.900,,
2021-01-14,7.600,8.100,4.300,6.600,,
2021-01-15,8.700,10.400,5.500,7.600,,
2021-01-16,5.100,5.800,2.800,4.600,,
2021-01-17,4.300,4.400,2.800,4.600,,
2021-01-18,7.100,8.400,3.500,8.700,,
2021-01-19,7.800,13.300,2.500,7.900,,
2021-01-20,4.100,,3.200,4.600,,
2021-01-21,6.700,6.400,5.000,7.400,,
2021-01-22,7.200,11.400,5.100,7.400,,
2021-01-23,9.700,7.500,5.000,7.100,,
2021-01-24,8.000,5.800,6.100,9.100,,
2021-01-25,8.300,8.200,5.500,8.300,,
2021-01-26,7.500,8.000,5.000,7.000,,
2021-01-27,4.700,5.100,2.200,4.500,,
2021-01-28,4.600,5.400,2.200,3.500,,
2021-01-29,6.700,7.600,5.200,6.900,,
2021-01-30,7.000,8.100,5.200,8.100,,
2021-01-31,7.700,6.300,4.500,6.100,,
2021-02-01,7.400,8.100,5.100,8.000,,
2021-02-02,9.500,10.500,7.200,9.400,,
2021-02-03,9.500,12.000,4.800,6.500,,
2021-02-04,6.200,11.500,7.100,8.000,,
2021-02-05,7.400,14.400,6.300,9.100,,
2021-02-06,7.100,11.400,6.400,10.300,,
2021-02-07,10.100,12.100,9.300,11.300,,
2021-02-08,8.200,9.400,6.100,9.700,,
2021-02-09,21.700,21.700,17.700,23.900,,
2021-02-10,12.600,12.300,10.800,14.300,,
2021-02-11,6.600,11.100,5.300,8.200,,
2021-02-12,6.200,7.500,3.800,6.900,,
2021-02-13,5.800,6.200,3.800,5.300,,
2021-02-14,3.500,4.800,3.300,3.600,,
2021-02-15,5.800,8.600,4.800,5.700,,
2021-02-16,5.700,6.000,2.800,5.000,,
2021-02-17,8.400,15.100,4.400,7.600,,
2021-02-18,8.000,13.500,7.300,12.800,,
2021-02-19,3.500,13.500,4.400,9.300,,
2021-02-20,7.200,15.500,9.200,11.200,,
2021-02-21,3.200,7.400,4.000,5.500,,
2021-02-22,5.000,7.100,4.200,8.200,,
2021-02-23,10.600,13.500,8.400,15.400,,
2021-02-24,17.000,16.600,8.200,12.300,,
2021-02-25,17.900,16.100,12.700,17.800,,
2021-02-26,26.400,23.200,18.200,25.700,,
2021-02-27,29.100,22.300,14.500,18.400,,
2021-02-28,20.600,19.700,18.000,21.200,,
2021-03-01,14.900,15.400,13.600,17.000,,
2021-03-02,13.900,14.800,15.200,15.200,,
2021-03-03,11.000,12.300,11.800,12.700,,
2021-03-04,9.300,14.200,8.900,15.700,,
2021-03-05,7.500,10.100,7.400,11.000,,
2021-03-06,8.600,8.100,8.100,9.600,,
2021-03-07,12.200,10.300,11.800,12.400,,
2021-03-08,12.300,12.700,11.100,13.200,,
2021-03-09,14.700,15.400,12.400,16.800,,
2021-03-10,11.100,12.000,8.400,10.000,,
2021-03-11,8.700,9.000,6.700,8.100,,
2021-03-12,9.100,9.300,4.900,7.800,,
2021-03-13,10.100,9.700,6.100,7.600,,
2021-03-14,7.900,7.400,5.300,7.200,,
2021-03-15,9.900,12.200,6.400,9.000,,
2021-03-16,7.700,7.500,8.000,6.600,,
2021-03-17,5.100,6.800,4.200,4.400,,
2021-03-18,6.500,6.500,6.300,6.500,,
2021-03-19,4.600,6.200,3.200,5.400,,
2021-03-20,5.900,8.300,5.800,8.900,,
2021-03-21,7.300,6.600,5.300,7.000,,
2021-03-22,5.900,7.500,4.700,7.100,,
2021-03-23,7.100,10.900,5.300,6.500,,
2021-03-24,7.600,9.300,5.700,6.500,,
2021-03-25,8.100,9.300,4.600,7.700,,
2021-03-26,9.600,11.600,,10.200,,
2021-03-27,8.400,10.400,5.600,8.800,,
2021-03-28,6.300,8.000,6.200,8.900,,
2021-03-29,7.300,7.700,5.600,9.700,,
2021-03-30,11.100,12.500,6.900,11.400,,
2021-03-31,13.200,14.800,10.200,13.000,,
2021-04-01,11.400,13.600,7.900,12.000,,
2021-04-02,12.400,12.100,11.100,12.700,,
2021-04-03,16.500,17.700,13.700,20.800,,
2021-04-04,14.400,10.600,12.100,16.800,,
2021-04-05,8.500,7.900,6.300,9.300,,
2021-04-06,10.800,14.400,7.300,8.900,,
2021-04-07,11.500,13.100,8.600,11.400,,
2021-04-08,8.300,7.900,5.000,6.400,,
2021-04-09,4.000,4.800,4.200,6.200,,
2021-04-10,7.100,8.100,7.100,9.600,,
2021-04-11,8.100,8.800,7.500,9.300,,
2021-04-12,8.900,10.400,8.000,10.500,,
2021-04-13,11.800,12.700,10.400,13.800,,
2021-04-14,12.000,10.800,9.700,11.800,,
2021-04-15,7.300,9.400,8.200,14.700,,
2021-04-16,10.300,10.500,9.500,20.500,,
2021-04-17,11.000,11.300,9.100,9.900,,
2021-04-18,8.300,6.800,5.800,6.900,,
2021-04-19,8.100,7.800,6.100,14.300,,
2021-04-20,8.500,8.900,5.300,8.000,,
2021-04-21,7.000,8.900,6.900,13.700,,
2021-04-22,13.000,13.400,14.600,58.400,,
2021-04-23,14.000,13.200,11.400,13.800,,
2021-04-24,7.900,7.900,6.900,8.000,,
2021-04-25,9.000,8.700,6.800,10.000,,
2021-04-26,8.100,11.900,9.300,17.300,,
2021-04-27,15.400,14.800,11.000,14.800,,
2021-04-28,12.700,14.300,10.500,12.900,,
2021-04-29,19.300,20.000,19.500,26.700,,
2021-04-30,12.400,13.900,17.700,16.300,,
2021-05-01,15.700,15.400,19.700,15.400,,
2021-05-02,18.400,17.100,12.900,11.600,,
2021-05-03,9.500,11.600,7.900,9.300,,
2021-05-04,7.000,9.200,6.800,10.400,,
2021-05-05,11.500,13.900,13.100,10.600,,
2021-05-06,10.100,9.700,14.700,10.700,,
2021-05-07,9.800,11.600,15.100,11.300,,
2021-05-08,16.200,15.400,13.600,10.200,,
2021-05-09,7.900,10.300,13.100,12.300,,
2021-05-10,9.400,11.300,9.600,17.100,,
2021-05-11,9.200,11.000,8.900,16.500,,
2021-05-12,12.700,13.300,8.700,13.700,,
2021-05-13,12.800,11.200,9.500,6.200,,
2021-05-14,5.300,8.700,4.100,8.200,,
2021-05-15,11.100,17.000,8.500,11.700,,
2021-05-16,11.600,8.600,9.100,3.800,,
2021-05-17,7.800,10.800,6.200,7.800,,
2021-05-18,8.300,10.400,7.000,7.600,,
2021-05-19,15.700,15.800,10.800,7.600,,
2021-05-20,15.300,16.100,7.400,18.800,,
2021-05-21,6.800,9.000,6.200,7.700,,
2021-05-22,9.900,10.400,8.800,5.800,,
2021-05-23,4.400,6.400,4.500,4.900,,
2021-05-24,5.400,7.600,6.600,9.800,,
2021-05-25,10.300,11.500,8.200,9.200,,
2021-05-26,9.900,10.600,6.400,8.500,,
2021-05-27,8.600,10.200,5.200,8.800,,
2021-05-28,8.700,10.600,7.300,10.700,,
2021-05-29,7.400,8.700,7.600,8.900,,
2021-05-30,10.400,9.600,6.100,8.000,,
2021-05-31,10.000,11.500,7.600,9.300,,
2021-06-01,10.600,11.000,8.700,9.500,,
2021-06-02,6.000,8.700,6.500,13.400,,
2021-06-03,5.100,7.400,5.000,10.900,,
2021-06-04,6.200,9.200,5.300,11.100,,
2021-06-05,13.700,12.100,6.000,10.900,,
2021-06-06,8.200,11.000,7.100,12.700,,
2021-06-07,8.600,9.800,7.100,9.600,,
2021-06-08,9.700,10.200,6.400,8.200,,
2021-06-09,7.800,10.000,6.000,7.500,,
2021-06-10,8.300,10.200,6.100,7.700,,
2021-06-11,12.100,14.200,9.700,11.300,,
2021-06-12,14.200,13.700,9.800,12.300,,
2021-06-13,13.100,12.600,10.400,11.400,,
2021-06-14,11.400,13.700,8.100,10.900,,
2021-06-15,7.500,9.700,7.600,9.600,,
2021-06-16,5.900,9.100,6.000,9.100,,
2021-06-17,6.900,9.800,5.900,9.000,,
2021-06-18,7.400,10.400,5.500,10.900,,
2021-06-19,10.300,10.600,4.300,10.300,,
2021-06-20,10.400,13.300,8.000,15.400,,
2021-06-21,13.400,19.200,25.200,21.600,,
2021-06-22,22.000,32.000,25.900,40.300,,
2021-06-23,34.000,46.600,33.200,58.100,,
2021-06-24,28.900,34.100,34.300,49.300,,
2021-06-25,28.300,34.300,27.800,42.000,,
2021-06-26,31.500,32.100,23.500,37.500,,
2021-06-27,70.600,24.600,24.500,35.000,,
2021-06-28,21.400,26.900,35.700,49.500,,
2021-06-29,21.600,26.900,30.000,41.000,,
2021-06-30,34.000,38.400,34.300,50.800,,
2021-07-01,21.900,28.000,9.000,39.000,,
2021-07-02,10.500,13.500,13.100,18.400,,
2021-07-03,16.300,17.900,11.500,26.800,,
2021-07-04,13.600,15.200,12.400,15.600,,
2021-07-05,13.900,16.200,7.500,25.000,,
2021-07-06,9.400,10.900,7.200,13.100,,
2021-07-07,10.000,11.200,6.200,15.100,,
2021-07-08,10.200,10.900,6.100,12.200,,
2021-07-09,13.100,12.400,6.800,17.100,,
2021-07-10,9.900,10.100,6.300,10.800,,
2021-07-11,8.200,7.800,5.800,8.400,,
2021-07-12,,11.200,6.600,13.600,,
2021-07-13,9.400,10.200,8.200,13.700,,
2021-07-14,14.700,12.300,8.700,14.900,,
2021-07-15,8.000,9.200,5.700,12.800,,
2021-07-16,13.300,9.800,6.400,13.100,,
2021-07-17,20.800,14.000,6.700,19.600,,
2021-07-18,13.200,12.400,7.100,19.000,,
2021-07-19,,11.900,7.500,12.900,,
2021-07-20,10.000,12.600,9.800,10.600,,
2021-07-21,10.300,12.100,7.700,11.200,,
2021-07-22,10.900,12.600,7.700,10.800,,
2021-07-23,10.400,12.600,8.300,12.400,,
2021-07-24,11.300,10.600,6.800,9.600,,
2021-07-25,9.500,10.800,6.900,14.500,,
2021-07-26,7.400,11.200,8.900,11.700,,
2021-07-27,10.600,13.700,9.000,13.100,,
2021-07-28,13.900,14.800,12.600,12.700,,
2021-07-29,16.700,18.500,9.100,13.600,,
2021-07-30,18.000,20.400,10.700,16.400,,
2021-07-31,18.100,21.100,17.200,18.800,,
2021-08-01,19.800,22.100,20.300,17.600,,
2021-08-02,,21.500,13.800,19.500,,
2021-08-03,17.700,22.100,,22.300,,
2021-08-04,19.600,24.400,,20.100,,
2021-08-05,17.700,19.700,,14.100,,
2021-08-06,8.500,11.600,5.400,7.500,,
2021-08-07,5.200,8.800,6.900,8.900,,
2021-08-08,6.100,8.900,9.000,8.200,,
2021-08-09,6.700,9.700,5.600,13.000,,
2021-08-10,17.100,18.500,11.500,17.500,,
2021-08-11,27.800,36.100,19.200,38.700,,
2021-08-12,16.500,20.900,23.100,25.800,,
2021-08-13,12.100,15.700,13.200,15.600,,
2021-08-14,16.500,18.100,12.600,17.500,,
2021-08-15,15.300,16.200,13.000,16.100,,
2021-08-16,16.300,18.100,13.000,16.100,,
2021-08-17,15.700,17.000,10.600,13.900,,
2021-08-18,11.700,17.400,9.300,11.000,,
2021-08-19,13.300,12.900,11.800,11.300,,
2021-08-20,8.600,9.400,7.500,7.100,,
2021-08-21,9.600,11.300,10.400,9.800,,
2021-08-22,13.400,11.900,14.500,14.000,,
2021-08-23,12.000,12.600,8.700,10.500,,
2021-08-24,9.300,10.800,7.300,9.000,,
2021-08-25,16.900,15.700,13.900,16.100,,
2021-08-26,13.700,16.600,12.800,15.100,,
2021-08-27,9.200,11.900,6.500,9.100,,
2021-08-28,12.300,11.700,8.900,11.100,,
2021-08-29,10.000,10.700,6.200,7.800,,
2021-08-30,7.600,8.800,6.900,8.000,,
2021-08-31,8.700,10.100,7.100,9.500,,
2021-09-01,8.000,9.500,7.100,9.100,,
2021-09-02,7.900,9.300,9.600,11.700,,
2021-09-03,5.500,8.200,5.400,9.800,,
2021-09-04,6.900,11.000,7.100,8.900,,
2021-09-05,10.800,12.600,9.600,10.900,,
2021-09-06,8.300,9.700,7.200,7.900,,
2021-09-07,9.000,9.600,8.300,8.900,,
2021-09-08,10.200,9.000,7.800,9.500,,
2021-09-09,8.300,13.300,8.600,12.800,,
2021-09-10,7.500,11.400,7.100,12.700,,
2021-09-11,12.600,12.300,8.300,10.500,,
2021-09-12,7.500,8.300,6.100,6.600,,
2021-09-13,10.500,11.000,9.600,10.600,,
2021-09-14,14.900,15.800,12.900,13.200,,
2021-09-15,13.600,14.500,9.600,12.500,,
2021-09-16,15.400,15.200,12.600,15.100,,
2021-09-17,10.600,11.900,9.500,10.700,,
2021-09-18,11.000,11.200,9.800,9.900,,
2021-09-19,15.900,13.900,13.100,15.000,,
2021-09-20,11.000,13.100,8.400,10.800,,
2021-09-21,11.300,11.800,11.100,11.600,,
2021-09-22,8.900,8.800,8.400,10.400,,
2021-09-23,6.700,8.700,6.500,8.800,,
2021-09-24,8.500,11.200,8.000,10.900,,
2021-09-25,11.100,12.000,10.400,13.200,,
2021-09-26,6.600,8.200,5.800,7.000,,
2021-09-27,6.200,8.100,4.400,6.500,,
2021-09-28,23.200,23.400,20.700,22.700,,
2021-09-29,15.500,17.500,14.600,17.000,,
2021-09-30,14.200,13.100,12.200,13.600,,
2021-10-01,14.200,15.900,13.300,16.000,,
2021-10-02,7.600,10.700,7.200,8.500,,
2021-10-03,5.500,8.600,6.200,7.700,,
2021-10-04,4.700,11.400,5.200,9.200,,
2021-10-05,6.100,10.200,6.100,9.000,,
2021-10-06,10.000,13.200,9.400,12.200,,
2021-10-07,7.500,9.200,6.400,8.000,,
2021-10-08,6.200,7.700,3.700,5.700,,
2021-10-09,8.100,7.500,5.000,7.100,,
2021-10-10,5.000,7.800,3.300,3.900,,
2021-10-11,7.700,9.400,5.200,7.100,,
2021-10-12,6.900,8.500,4.200,5.400,,
2021-10-13,8.100,10.700,5.000,6.900,,
2021-10-14,8.500,9.600,6.300,7.100,,
2021-10-15,6.100,7.400,4.200,5.900,,
2021-10-16,7.900,8.100,4.000,5.400,,
2021-10-17,11.000,11.200,6.900,10.300,,
2021-10-18,8.000,15.000,4.400,10.600,,
2021-10-19,5.400,8.100,5.300,7.700,,
2021-10-20,8.100,11.600,8.000,11.500,,
2021-10-21,8.000,14.200,5.600,9.200,,
2021-10-22,8.400,10.700,6.900,9.300,,
2021-10-23,11.400,13.100,11.300,13.800,,
2021-10-24,16.200,15.100,13.200,15.500,,
2021-10-25,6.200,11.000,,8.400,,
2021-10-26,9.500,11.300,,8.000,,
2021-10-27,9.900,9.700,7.700,9.000,,
2021-10-28,9.500,8.800,7.400,9.200,,
2021-10-29,6.200,6.900,6.200,5.400,,
2021-10-30,7.900,9.400,5.300,7.100,,
2021-10-31,11.200,12.700,5.900,11.000,,
2021-11-01,7.200,9.100,,6.900,,
2021-11-02,7.700,10.500,,7.700,,
2021-11-03,10.000,14.700,,11.800,,
2021-11-04,16.600,17.600,,19.200,,
2021-11-05,12.500,17.400,11.000,16.000,,
2021-11-06,14.400,16.700,13.500,17.800,,
2021-11-07,9.200,10.600,11.000,10.000,,
2021-11-08,8.500,13.800,9.200,9.900,,
2021-11-09,8.900,13.600,7.500,9.900,,
2021-11-10,12.200,14.700,10.500,12.300,,
2021-11-11,10.600,15.600,8.400,12.200,,
2021-11-12,12.600,16.600,2.500,9.500,,
2021-11-13,14.700,20.100,3.600,12.700,,
2021-11-14,9.400,16.200,6.400,9.500,,
2021-11-15,5.900,13.900,4.400,9.000,,
2021-11-16,6.800,16.300,5.700,9.500,,
2021-11-17,12.000,10.400,7.500,9.600,,
2021-11-18,9.400,10.100,3.200,6.900,,
2021-11-19,7.500,11.400,4.200,7.400,,
2021-11-20,15.100,14.700,6.800,12.200,,
2021-11-21,7.000,11.400,4.500,6.700,,
2021-11-22,8.800,11.900,4.600,8.000,,
2021-11-23,9.300,16.400,4.400,9.200,,
2021-11-24,8.300,21.200,4.400,11.600,,
2021-11-25,7.800,13.700,6.500,9.400,,
2021-11-26,5.900,11.500,3.600,6.000,,
2021-11-27,11.300,10.700,8.500,10.500,,
2021-11-28,6.600,5.200,5.700,6.400,,
2021-11-29,5.200,6.000,7.300,6.200,,
2021-11-30,7.600,7.700,,5.900,,
2021-12-01,9.600,12.600,4.700,7.400,,
2021-12-02,12.900,11.500,13.300,15.700,,
2021-12-03,11.000,9.900,,10.400,,
2021-12-04,8.500,7.200,,6.100,,
2021-12-05,5.700,5.800,3.800,5.400,,
2021-12-06,4.200,5.100,2.200,3.100,,
2021-12-07,7.500,8.200,6.400,6.500,,
2021-12-08,8.900,11.700,8.600,9.400,,
2021-12-09,12.800,13.300,,11.600,,
2021-12-10,8.600,,2.800,7.200,,
2021-12-11,7.100,7.800,,5.400,,
2021-12-12,8.900,8.100,,6.200,,
2021-12-13,4.600,5.900,3.800,4.700,,
2021-12-14,5.700,8.100,3.400,4.400,,
2021-12-15,8.800,13.300,4.100,9.900,,
2021-12-16,13.800,18.200,3.400,13.200,,
2021-12-17,11.300,14.700,2.800,7.100,,
2021-12-18,9.300,7.500,1.900,6.100,,
2021-12-19,5.700,8.300,0.000,4.600,,
2021-12-20,9.300,11.800,4.300,22.100,,
2021-12-21,10.500,15.200,4.900,8.900,,
2021-12-22,9.000,12.500,4.300,8.400,,
2021-12-23,6.100,6.200,5.200,7.800,,
2021-12-24,6.400,14.000,3.600,8.100,,
2021-12-25,9.800,10.500,9.400,10.200,,
2021-12-26,11.500,9.700,9.800,11.300,,
2021-12-27,9.600,9.700,6.400,8.200,,
2021-12-28,11.800,9.400,9.000,11.000,,
2021-12-29,14.300,11.000,10.600,14.800,,
2021-12-30,9.500,11.800,7.100,10.800,,
2021-12-31,10.600,12.000,5.200,8.100,,
2022-01-01,9.600,10.100,6.000,7.600,8.800,
2022-01-02,8.900,8.700,4.200,6.500,8.400,
2022-01-03,6.100,7.100,4.100,5.100,5.100,
2022-01-04,8.900,9.800,7.700,8.600,9.000,
2022-01-05,8.300,9.700,7.500,7.500,8.200,
2022-01-06,9.800,13.400,7.300,9.700,11.500,
2022-01-07,5.900,6.800,4.200,4.500,4.800,
2022-01-08,5.700,5.300,4.000,4.700,4.400,
2022-01-09,5.400,5.300,4.600,5.200,5.600,
2022-01-10,4.600,5.400,,3.900,3.900,
2022-01-11,6.000,6.400,4.800,5.500,5.500,
2022-01-12,8.900,11.100,,8.000,8.800,
2022-01-13,6.600,6.600,,6.500,7.800,
2022-01-14,9.500,10.500,,8.900,7.300,
2022-01-15,13.900,16.500,,6.900,8.700,
2022-01-16,12.200,17.900,,7.800,9.500,
2022-01-17,8.600,12.700,,8.700,,
2022-01-18,10.300,12.800,,8.100,8.100,
2022-01-19,6.500,12.500,5.600,12.700,10.800,
2022-01-20,8.400,14.000,5.300,6.400,10.000,
2022-01-21,8.400,12.000,5.000,6.800,6.000,
2022-01-22,8.300,10.100,3.900,3.400,6.600,
2022-01-23,5.300,6.900,2.400,5.200,4.400,
2022-01-24,5.400,6.400,3.000,7.700,5.300,
2022-01-25,7.500,10.100,5.100,7.000,,
2022-01-26,9.900,13.900,4.000,5.400,,
2022-01-27,7.800,11.600,4.400,6.900,5.400,
2022-01-28,7.800,11.300,5.900,5.800,6.200,
2022-01-29,7.600,6.000,5.100,5.700,4.400,
2022-01-30,6.800,6.600,4.500,6.100,5.800,
2022-01-31,8.600,9.300,6.100,8.600,8.200,
2022-02-01,8.800,8.800,6.600,7.400,7.700,
2022-02-02,8.000,8.700,5.500,6.500,6.300,
2022-02-03,7.800,10.500,7.100,7.800,7.700,
2022-02-04,9.700,12.300,7.200,8.700,9.500,
2022-02-05,,14.200,11.000,12.100,11.800,
2022-02-06,9.600,8.900,6.500,7.000,8.000,
2022-02-07,10.300,10.700,8.300,10.000,8.600,
2022-02-08,8.000,7.400,5.200,6.700,5.700,
2022-02-09,8.300,8.400,3.200,5.100,5.500,
2022-02-10,9.600,8.500,3.400,5.200,7.100,
2022-02-11,11.000,10.900,3.400,8.400,10.400,
2022-02-12,17.000,15.600,6.700,10.600,12.100,
2022-02-13,12.900,16.100,7.900,11.600,11.600,
2022-02-14,4.800,13.500,4.800,10.300,10.400,
2022-02-15,7.400,9.900,5.900,7.700,9.100,
2022-02-16,7.300,8.100,4.200,7.100,5.100,
2022-02-17,6.100,7.600,3.300,4.200,4.200,
2022-02-18,9.600,12.100,6.200,7.100,7.100,
2022-02-19,7.300,7.100,5.300,6.200,7.500,
2022-02-20,10.300,9.300,7.800,8.000,8.400,
2022-02-21,10.700,10.500,7.400,8.900,7.900,
2022-02-22,11.700,9.800,8.400,10.000,8.700,
2022-02-23,5.600,6.000,4.300,4.400,4.300,
2022-02-24,7.400,10.500,4.300,8.200,8.800,
2022-02-25,6.300,11.000,4.400,6.700,8.400,
2022-02-26,10.300,8.800,6.100,8.800,6.900,
2022-02-27,8.300,5.900,4.700,6.900,5.100,
2022-02-28,8.100,8.400,5.300,7.300,6.700,
2022-03-01,7.700,9.400,5.200,6.700,7.000,
2022-03-02,7.900,9.800,6.100,7.500,6.400,
2022-03-03,8.100,10.200,5.600,7.100,7.400,
2022-03-04,8.500,12.300,6.700,8.000,8.000,
2022-03-05,9.700,10.900,5.600,7.800,6.900,
2022-03-06,8.400,9.000,6.400,7.400,8.300,
2022-03-07,8.000,10.600,4.900,7.800,6.700,
2022-03-08,10.000,10.100,7.300,8.900,7.500,
2022-03-09,7.900,7.800,5.600,7.200,5.400,
2022-03-10,7.400,7.600,4.800,6.500,5.900,
2022-03-11,9.700,12.500,5.600,11.000,9.200,
2022-03-12,7.600,13.800,7.500,11.900,9.700,
2022-03-13,6.700,8.300,6.700,7.400,8.000,
2022-03-14,5.400,7.000,5.200,7.100,8.100,
2022-03-15,5.800,7.800,5.100,7.600,7.800,
2022-03-16,6.600,9.400,6.900,10.500,11.900,
2022-03-17,9.100,10.700,8.700,11.900,10.600,
2022-03-18,12.200,12.500,10.900,16.000,13.000,
2022-03-19,15.000,13.900,13.100,13.400,14.900,
2022-03-20,7.700,7.000,6.800,6.700,7.400,
2022-03-21,7.000,8.200,7.300,7.600,8.000,
2022-03-22,10.200,11.200,8.900,10.400,10.500,
2022-03-23,12.200,13.800,9.800,11.200,11.900,
2022-03-24,16.900,21.400,12.200,16.100,17.000,
2022-03-25,7.500,12.300,6.500,9.400,11.000,
2022-03-26,9.800,11.300,9.800,15.300,10.400,
2022-03-27,15.400,16.200,18.000,13.600,13.800,
2022-03-28,20.800,22.200,14.800,17.400,17.900,
2022-03-29,16.800,20.700,13.600,18.000,17.700,
2022-03-30,23.800,27.800,24.900,26.200,25.800,
2022-03-31,35.500,35.300,37.300,33.200,29.700,
2022-04-01,8.700,9.100,5.300,8.000,8.300,
2022-04-02,7.500,7.000,5.300,6.100,5.200,
2022-04-03,5.800,5.900,5.700,5.500,6.300,
2022-04-04,6.200,6.800,8.800,6.600,6.800,
2022-04-05,7.000,7.900,5.900,6.800,7.000,
2022-04-06,7.500,10.800,6.500,10.100,10.500,
2022-04-07,10.300,12.900,8.300,12.900,8.900,
2022-04-08,9.000,9.100,6.700,9.500,7.900,
2022-04-09,8.000,10.200,6.000,7.300,8.200,
2022-04-10,8.500,9.000,7.200,8.300,6.700,
2022-04-11,5.300,7.000,5.400,6.600,8.400,
2022-04-12,5.000,7.300,4.800,11.000,7.800,
2022-04-13,6.400,6.900,6.400,9.800,7.400,
2022-04-14,11.200,11.200,10.000,11.000,11.900,
2022-04-15,15.700,14.000,12.800,12.700,14.500,
2022-04-16,14.400,13.800,11.000,12.200,13.300,
2022-04-17,10.000,10.500,8.400,8.800,9.400,
2022-04-18,7.900,8.700,6.700,8.700,7.100,
2022-04-19,7.800,8.300,5.700,6.300,8.300,
2022-04-20,9.800,12.300,15.700,11.700,11.300,
2022-04-21,42.600,43.200,41.400,66.200,38.400,
2022-04-22,9.800,11.700,5.000,13.200,6.900,
2022-04-23,7.200,7.900,5.600,7.000,7.800,
2022-04-24,8.600,9.300,8.900,8.100,9.500,
2022-04-25,11.000,12.500,8.000,15.100,9.900,
2022-04-26,17.100,13.300,10.100,18.300,11.200,
2022-04-27,9.600,10.900,10.200,13.500,12.800,
2022-04-28,8.900,9.600,11.600,9.600,11.400,
2022-04-29,9.200,10.300,8.800,9.000,10.800,
2022-04-30,9.500,11.500,7.700,10.700,10.600,
2022-05-01,10.100,10.600,12.100,12.000,11.100,
2022-05-02,10.900,10.900,8.500,10.900,12.300,
2022-05-03,9.400,10.300,6.900,9.900,10.600,
2022-05-04,8.200,10.900,9.900,13.300,13.600,
2022-05-05,10.400,12.300,22.800,60.900,14.600,
2022-05-06,14.600,15.300,12.300,17.500,17.900,
2022-05-07,7.400,7.100,5.800,8.100,9.300,
2022-05-08,8.100,8.400,6.300,8.000,10.600,
2022-05-09,7.000,8.800,5.700,5.900,9.100,
2022-05-10,8.000,11.900,7.400,8.000,11.200,
2022-05-11,11.100,14.100,9.000,12.000,12.400,
2022-05-12,13.400,15.800,17.000,13.700,14.500,
2022-05-13,14.300,14.300,10.200,14.100,13.000,
2022-05-14,12.100,11.600,10.400,11.500,12.200,
2022-05-15,7.400,8.600,8.300,7.500,10.100,
2022-05-16,8.200,10.600,11.800,11.800,10.800,
2022-05-17,10.800,13.300,12.000,12.800,14.000,
2022-05-18,11.400,13.000,10.100,11.200,11.300,
2022-05-19,9.400,9.800,11.000,13.700,10.300,
2022-05-20,9.600,9.800,9.000,9.000,10.700,
2022-05-21,9.500,8.900,7.000,8.900,8.800,
2022-05-22,6.800,6.500,5.000,6.500,6.500,
2022-05-23,8.500,9.200,5.800,8.100,10.600,
2022-05-24,6.200,8.300,6.100,8.800,11.100,
2022-05-25,6.100,8.800,13.100,11.600,8.900,
2022-05-26,6.400,9.400,9.600,15.400,9.400,
2022-05-27,10.300,11.700,13.500,18.500,12.300,
2022-05-28,7.100,7.100,5.100,7.300,6.400,
2022-05-29,9.100,8.200,6.600,8.100,7.600,
2022-05-30,6.600,9.200,12.500,11.900,10.800,
2022-05-31,8.900,11.900,14.700,13.600,13.500,
2022-06-01,11.600,14.600,16.100,17.700,12.800,
2022-06-02,12.400,15.000,14.900,18.100,14.600,
2022-06-03,14.500,16.700,16.500,14.800,15.200,
2022-06-04,12.500,15.800,15.800,16.000,12.700,
2022-06-05,12.900,11.400,11.300,12.800,12.700,
2022-06-06,24.800,15.800,9.700,16.200,14.800,
2022-06-07,11.400,12.000,12.100,12.200,12.100,
2022-06-08,9.800,10.300,8.400,9.700,10.600,
2022-06-09,10.400,9.000,7.100,9.600,8.100,
2022-06-10,12.600,12.900,11.000,17.300,13.200,
2022-06-11,8.500,8.400,8.500,7.400,8.500,
2022-06-12,8.700,8.000,6.900,7.200,8.200,
2022-06-13,9.000,10.400,7.400,10.800,8.900,
2022-06-14,8.000,9.600,8.300,10.900,10.200,
2022-06-15,10.100,10.900,7.100,10.100,11.400,
2022-06-16,9.700,9.300,6.500,7.800,10.200,
2022-06-17,15.000,8.200,8.100,10.000,11.800,
2022-06-18,12.000,12.600,11.800,11.900,13.200,
2022-06-19,10.400,12.600,10.300,12.100,13.600,
2022-06-20,9.800,11.900,10.400,12.600,13.300,
2022-06-21,12.000,12.600,8.600,11.400,13.800,
2022-06-22,12.300,12.100,7.700,11.200,11.100,
2022-06-23,13.600,13.200,6.900,13.300,10.500,
2022-06-24,13.300,15.000,11.700,13.000,10.100,
2022-06-25,11.300,16.400,12.400,17.800,13.800,
2022-06-26,13.300,20.700,37.300,22.100,20.500,
2022-06-27,20.700,23.800,47.400,29.400,25.100,
2022-06-28,27.700,28.600,49.300,31.700,28.300,
2022-06-29,19.400,18.000,12.400,20.000,17.300,
2022-06-30,16.600,18.200,17.700,20.100,18.200,
2022-07-01,19.400,22.600,26.000,24.400,20.600,
2022-07-02,23.200,22.800,18.900,24.000,19.200,
2022-07-03,16.900,16.100,18.200,18.100,15.900,
2022-07-04,16.900,17.300,12.700,22.000,16.400,
2022-07-05,15.200,16.500,8.900,17.100,13.300,
2022-07-06,18.500,18.400,14.900,20.700,17.300,
2022-07-07,15.400,15.600,12.700,16.600,13.400,
2022-07-08,14.600,17.800,9.600,20.000,13.000,
2022-07-09,6.100,6.700,5.500,6.100,7.400,
2022-07-10,7.400,8.100,6.900,8.000,9.500,
2022-07-11,6.600,8.100,5.200,8.000,8.200,
2022-07-12,7.700,9.300,7.000,9.500,10.000,
2022-07-13,9.500,9.800,7.500,9.800,12.800,
2022-07-14,6.900,8.400,8.100,9.700,10.500,
2022-07-15,8.600,10.200,6.900,8.200,9.100,
2022-07-16,9.700,9.600,6.200,8.600,10.900,
2022-07-17,9.500,10.200,8.300,9.500,11.000,
2022-07-18,11.800,10.100,10.000,14.300,10.700,
2022-07-19,14.900,11.800,14.000,17.100,18.300,
2022-07-20,13.600,10.500,14.100,16.800,18.900,
2022-07-21,16.100,16.800,14.300,16.000,18.100,
2022-07-22,15.000,15.500,11.500,15.400,16.700,
2022-07-23,14.100,12.900,9.700,12.700,14.200,
2022-07-24,12.100,12.200,11.000,11.200,12.200,
2022-07-25,13.000,14.100,9.700,13.700,12.200,
2022-07-26,11.800,12.500,9.500,11.800,11.200,
2022-07-27,12.200,13.200,10.200,13.200,12.200,
2022-07-28,12.900,13.700,11.800,13.800,12.500,
2022-07-29,15.600,15.700,12.600,17.900,16.300,
2022-07-30,13.000,12.700,10.100,14.200,12.800,
2022-07-31,10.400,11.600,8.600,13.600,11.000,
2022-08-01,8.900,11.300,9.200,13.600,12.000,
2022-08-02,9.100,11.300,9.000,11.700,11.300,
2022-08-03,10.000,12.100,9.900,11.500,12.600,
2022-08-04,12.500,15.400,12.600,16.800,15.000,
2022-08-05,13.100,16.700,9.200,14.100,14.000,
2022-08-06,11.700,14.400,9.800,11.800,11.000,
2022-08-07,11.300,10.900,9.100,10.900,11.400,
2022-08-08,14.400,16.700,15.000,18.300,16.300,
2022-08-09,15.500,16.300,12.800,18.400,17.000,
2022-08-10,10.800,13.200,12.000,16.000,15.500,
2022-08-11,10.000,12.600,8.600,12.400,14.600,
2022-08-12,11.100,13.800,9.200,12.300,12.800,
2022-08-13,9.400,8.900,7.400,9.800,9.800,
2022-08-14,9.800,9.200,7.800,11.100,10.100,
2022-08-15,9.800,10.600,8.600,12.500,13.700,
2022-08-16,9.500,12.000,8.800,12.500,13.500,
2022-08-17,13.300,16.400,14.000,17.200,14.800,
2022-08-18,12.600,16.600,16.000,14.400,18.500,
2022-08-19,15.700,15.700,10.000,12.800,12.300,
2022-08-20,9.800,10.500,6.900,7.800,8.000,
2022-08-21,7.100,7.400,6.400,6.000,6.300,
2022-08-22,6.400,7.600,5.700,5.800,6.700,
2022-08-23,8.600,8.700,,7.300,8.500,
2022-08-24,6.700,7.400,5.100,6.500,7.300,
2022-08-25,6.600,8.300,5.000,7.300,7.700,
2022-08-26,7.300,9.300,5.300,8.400,9.100,
2022-08-27,7.100,8.000,5.600,8.000,9.600,
2022-08-28,8.300,9.600,6.400,9.300,11.600,
2022-08-29,11.900,13.500,9.700,13.100,13.800,
2022-08-30,9.400,11.300,8.900,11.200,13.200,
2022-08-31,7.200,8.500,5.500,8.000,9.400,
2022-09-01,8.700,9.300,6.900,9.000,8.100,
2022-09-02,11.100,11.500,10.500,11.400,10.900,
2022-09-03,10.100,10.600,9.600,11.700,12.900,
2022-09-04,9.100,9.300,6.700,9.200,9.200,
2022-09-05,10.400,11.900,12.400,13.200,12.700,
2022-09-06,6.400,9.500,7.200,9.600,10.000,
2022-09-07,7.400,9.000,6.500,9.900,11.000,
2022-09-08,6.600,6.400,5.500,6.800,9.500,
2022-09-09,8.600,9.000,7.900,10.000,12.200,
2022-09-10,13.500,13.900,10.800,13.800,13.200,
2022-09-11,6.300,6.800,4.900,6.900,5.900,
2022-09-12,7.100,8.900,3.900,6.400,8.300,
2022-09-13,5.600,8.900,4.100,7.300,9.200,
2022-09-14,6.500,9.700,5.200,8.500,11.500,
2022-09-15,6.600,8.500,8.200,8.000,11.000,
2022-09-16,4.900,7.400,6.800,6.600,9.200,
2022-09-17,8.700,9.200,9.400,8.400,8.200,
2022-09-18,7.400,7.500,5.500,7.000,8.000,
2022-09-19,6.900,9.700,5.500,10.400,9.900,
2022-09-20,7.700,9.700,4.800,8.300,10.100,
2022-09-21,7.500,7.700,6.700,7.700,8.900,
2022-09-22,4.300,7.300,4.000,5.800,7.000,
2022-09-23,4.800,7.400,,5.800,6.500,
2022-09-24,5.400,8.800,6.600,8.600,11.000,
2022-09-25,5.500,8.500,5.100,6.800,8.300,
2022-09-26,8.900,9.800,6.600,8.900,10.600,
2022-09-27,7.700,8.300,5.700,6.800,6.500,
2022-09-28,6.500,7.300,4.300,6.500,5.500,
2022-09-29,9.100,7.700,4.100,6.600,8.000,
2022-09-30,7.500,10.300,8.200,11.800,10.300,
2022-10-01,10.400,10.200,7.300,9.200,8.600,
2022-10-02,5.200,5.100,4.500,4.800,4.800,
2022-10-03,6.700,7.100,5.000,6.400,5.600,
2022-10-04,5.100,7.300,5.000,7.400,7.600,
2022-10-05,5.600,8.500,16.400,8.700,10.500,
2022-10-06,7.400,9.900,6.600,9.300,10.600,
2022-10-07,8.800,12.600,8.100,10.800,12.100,
2022-10-08,8.400,12.400,7.200,10.400,11.600,
2022-10-09,6.400,8.500,5.700,6.900,9.300,
2022-10-10,8.500,12.300,6.300,8.300,10.500,
2022-10-11,10.900,17.600,7.500,12.000,14.800,
2022-10-12,8.000,11.100,7.600,10.600,11.200,
2022-10-13,7.200,13.000,7.400,11.500,12.500,
2022-10-14,9.100,9.800,6.800,8.800,7.600,
2022-10-15,6.600,7.900,4.800,6.700,7.700,
2022-10-16,9.600,13.600,8.300,11.100,13.500,
2022-10-17,12.500,16.700,13.400,14.200,17.800,
2022-10-18,13.700,15.800,12.200,14.500,16.300,
2022-10-19,15.100,17.400,10.900,15.500,16.000,
2022-10-20,16.300,19.300,9.900,16.200,17.200,
2022-10-21,13.800,18.400,10.900,15.200,17.600,
2022-10-22,13.800,16.200,9.400,14.100,15.000,
2022-10-23,9.900,12.900,8.800,11.300,9.800,
2022-10-24,11.600,14.600,9.800,12.000,12.000,
2022-10-25,12.000,12.100,7.900,8.700,9.700,
2022-10-26,15.500,18.000,9.100,14.000,11.900,
2022-10-27,19.500,20.900,12.700,24.000,15.900,
2022-10-28,15.300,18.100,16.800,18.800,17.800,
2022-10-29,12.000,10.900,11.800,12.300,13.000,
2022-10-30,13.800,11.900,10.900,12.000,11.900,
2022-10-31,13.400,15.000,10.700,12.300,11.500,
2022-11-01,12.300,13.600,,11.700,11.700,
2022-11-02,12.800,15.400,,11.200,13.600,
2022-11-03,12.400,14.000,,11.900,13.200,
2022-11-04,11.900,11.600,,11.800,12.300,
2022-11-05,6.000,5.600,,4.700,4.300,
2022-11-06,4.300,5.600,,5.800,4.300,
2022-11-07,7.200,6.800,,4.200,5.000,
2022-11-08,7.000,9.800,,8.600,9.200,
2022-11-09,6.500,13.000,,10.100,10.100,
2022-11-10,6.500,11.600,,11.900,10.200,
2022-11-11,6.100,8.100,,9.500,8.200,
2022-11-12,9.800,10.300,,9.500,10.300,
2022-11-13,6.400,12.600,,6.600,7.500,
2022-11-14,6.500,14.900,,8.700,9.000,
2022-11-15,9.000,15.100,,10.100,11.500,
2022-11-16,10.600,,,10.200,11.100,
2022-11-17,8.800,,,8.200,8.700,
2022-11-18,8.000,11.400,,7.800,7.600,
2022-11-19,14.100,18.100,,13.500,12.300,
2022-11-20,8.500,10.600,,7.400,5.900,
2022-11-21,6.100,7.100,,6.300,5.200,
2022-11-22,9.000,,,8.400,8.600,
2022-11-23,6.600,,,5.600,5.700,
2022-11-24,9.900,11.300,,8.300,8.500,
2022-11-25,12.500,13.300,,9.400,11.000,
2022-11-26,5.800,8.100,4.100,4.000,4.600,
2022-11-27,5.300,7.500,,4.500,5.100,
2022-11-28,7.100,10.800,,10.100,9.200,
2022-11-29,4.000,6.900,3.700,4.800,5.500,
2022-11-30,6.000,7.400,2.600,3.300,4.500,
2022-12-01,8.900,15.400,4.000,6.300,7.900,
2022-12-02,5.000,13.600,5.300,9.600,10.400,
2022-12-03,12.600,19.100,13.200,13.000,12.200,
2022-12-04,15.600,21.200,15.300,14.500,13.700,
2022-12-05,15.700,26.300,13.900,17.900,15.800,
2022-12-06,13.500,31.000,11.200,13.500,15.100,
2022-12-07,25.400,27.500,20.800,21.900,25.500,
2022-12-08,10.800,12.900,7.400,8.500,10.900,
2022-12-09,11.300,12.800,11.600,12.000,14.000,
2022-12-10,15.900,15.800,18.000,17.700,17.800,
2022-12-11,6.000,5.300,5.500,5.000,5.900,
2022-12-12,6.000,7.100,4.700,5.800,5.200,
2022-12-13,6.700,6.700,6.200,6.100,6.700,
2022-12-14,7.500,8.400,6.300,7.300,8.500,
2022-12-15,7.900,12.600,6.800,9.200,11.000,
2022-12-16,14.300,15.400,15.700,14.600,13.400,
2022-12-17,7.800,8.400,5.100,5.900,6.600,
2022-12-18,7.200,8.600,5.200,5.800,7.100,
2022-12-19,6.700,9.200,5.200,9.700,16.800,
2022-12-20,9.600,13.800,6.800,10.800,10.900,
2022-12-21,10.500,14.000,4.500,10.200,9.900,
2022-12-22,10.000,11.500,6.200,7.100,5.700,
2022-12-23,9.500,8.500,,8.500,4.200,
2022-12-24,9.500,8.600,9.100,8.900,5.300,
2022-12-25,9.700,11.300,8.200,9.300,7.500,
2022-12-26,9.000,13.200,6.900,9.000,8.700,
2022-12-27,10.900,13.500,7.900,9.700,9.600,
2022-12-28,13.000,12.400,7.100,9.100,10.000,
2022-12-29,8.600,12.500,5.300,8.600,9.900,
2022-12-30,11.000,,7.900,10.100,11.300,
2022-12-31,14.600,15.100,9.300,11.600,11.000,
2023-01-01,14.000,17.000,11.600,13.800,15.400,
2023-01-02,8.100,11.400,7.700,11.900,9.300,
2023-01-03,6.400,13.800,5.300,6.900,9.100,
2023-01-04,12.300,17.000,7.100,10.400,12.200,
2023-01-05,13.800,15.800,7.100,12.500,12.600,
2023-01-06,15.200,18.700,7.400,15.100,15.500,
2023-01-07,14.900,17.100,7.700,13.300,13.500,
2023-01-08,9.000,10.000,3.600,5.500,6.100,
2023-01-09,8.600,11.700,6.400,8.600,7.900,
2023-01-10,6.200,7.700,10.100,8.100,6.400,
2023-01-11,6.300,5.500,4.000,5.000,4.000,
2023-01-12,7.700,7.900,4.600,8.000,4.700,
2023-01-13,8.600,9.900,3.600,5.900,6.600,
2023-01-14,8.600,7.800,5.100,5.900,5.100,
2023-01-15,5.800,6.500,4.100,4.900,5.000,
2023-01-16,7.800,9.700,7.100,7.900,7.100,
2023-01-17,19.400,25.500,22.900,27.700,12.100,
2023-01-18,46.000,44.900,39.900,52.700,21.400,
2023-01-19,11.200,6.300,3.900,5.500,2.800,
2023-01-20,,7.700,6.200,7.900,4.200,
2023-01-21,7.600,7.000,4.600,5.400,3.000,
2023-01-22,6.900,5.200,2.600,2.900,2.600,
2023-01-23,6.000,15.600,3.800,6.500,5.200,
2023-01-24,5.200,10.500,3.300,7.300,7.400,
2023-01-25,8.600,18.200,2.900,8.300,6.200,
2023-01-26,7.200,11.600,2.500,7.900,6.300,
2023-01-27,7.200,6.400,2.400,3.300,2.300,
2023-01-28,7.500,7.400,1.900,3.000,3.000,
2023-01-29,6.300,7.200,3.100,3.800,3.400,
2023-01-30,9.600,13.200,4.000,6.500,7.300,
2023-01-31,8.700,8.400,5.300,6.500,5.700,
2023-02-01,9.900,17.500,4.500,9.000,9.500,
2023-02-02,9.200,13.400,4.800,5.800,5.400,
2023-02-03,15.400,21.500,6.700,14.300,12.800,
2023-02-04,9.900,11.800,5.300,7.200,5.600,
2023-02-05,8.000,7.900,6.500,6.100,5.000,
2023-02-06,6.300,10.100,5.900,8.500,6.700,
2023-02-07,5.800,8.800,5.400,9.200,10.600,
2023-02-08,6.600,5.700,4.700,5.200,5.100,
2023-02-09,6.100,7.100,4.300,5.700,4.800,
2023-02-10,4.800,,4.600,4.700,6.000,
2023-02-11,8.200,,8.000,9.700,8.800,
2023-02-12,14.800,,9.700,12.300,11.800,
2023-02-13,8.000,,6.500,7.700,8.400,
2023-02-14,12.600,,8.500,10.300,9.400,
2023-02-15,14.800,17.200,6.800,10.800,11.500,
2023-02-16,14.800,25.300,,13.900,13.400,
2023-02-17,14.100,17.800,8.300,11.100,10.400,
2023-02-18,15.000,15.200,6.600,9.100,8.700,
2023-02-19,11.600,14.600,7.800,9.200,8.800,
2023-02-20,16.800,21.000,12.700,16.100,14.700,
2023-02-21,16.200,18.700,9.200,13.900,12.900,
2023-02-22,15.600,21.800,9.700,14.800,14.400,
2023-02-23,34.000,21.300,12.500,19.300,17.500,
2023-02-24,8.500,14.300,10.100,13.900,11.800,
2023-02-25,17.200,17.500,18.000,21.800,14.300,
2023-02-26,17.600,12.700,7.100,11.600,7.700,
2023-02-27,30.400,32.100,19.300,30.700,19.200,
2023-02-28,34.100,38.400,32.900,33.400,30.500,
2023-03-01,12.600,12.100,7.100,10.000,10.800,
2023-03-02,7.300,10.800,4.600,8.100,8.000,
2023-03-03,7.200,9.000,4.600,5.100,6.000,
2023-03-04,6.300,7.300,3.600,4.600,4.600,
2023-03-05,7.400,7.600,5.500,5.900,5.400,
2023-03-06,10.200,13.000,7.100,8.300,9.000,
2023-03-07,8.500,8.600,4.200,5.100,5.600,
2023-03-08,8.100,9.900,4.900,6.200,7.500,
2023-03-09,6.700,11.200,6.000,7.000,8.000,
2023-03-10,15.800,12.900,6.400,8.400,7.900,
2023-03-11,14.400,13.900,10.600,11.500,11.600,
2023-03-12,13.600,13.600,10.500,10.600,10.100,
2023-03-13,7.600,10.300,6.300,9.300,7.700,
2023-03-14,6.900,8.900,6.800,6.500,6.900,
2023-03-15,14.700,16.900,12.500,10.500,6.400,
2023-03-16,8.200,9.200,7.600,4.800,4.000,
2023-03-17,5.600,8.800,5.700,6.900,6.700,
2023-03-18,7.700,11.200,6.200,9.700,9.100,
2023-03-19,5.900,8.900,4.100,4.600,5.400,
2023-03-20,7.400,8.100,5.700,6.000,6.000,
2023-03-21,8.100,9.400,7.600,6.900,7.000,
2023-03-22,7.700,11.400,7.100,7.900,7.200,
2023-03-23,10.500,13.000,7.300,9.700,8.100,
2023-03-24,11.400,14.000,8.200,12.100,9.400,
2023-03-25,10.200,11.700,7.900,10.800,8.500,
2023-03-26,7.000,8.700,7.100,7.900,7.000,
2023-03-27,9.000,13.800,11.600,13.700,10.000,
2023-03-28,10.500,11.100,10.300,8.100,10.400,
2023-03-29,4.800,7.700,5.800,5.800,7.100,
2023-03-30,5.900,7.900,5.300,6.300,6.600,
2023-03-31,8.100,9.000,6.300,7.900,8.100,
2023-04-01,14.200,12.500,9.300,11.600,11.500,
2023-04-02,9.700,9.100,7.400,7.200,8.700,
2023-04-03,6.300,7.300,8.000,4.600,6.100,
2023-04-04,8.700,8.600,7.300,6.400,7.800,
2023-04-05,6.700,7.100,4.100,4.700,5.200,
2023-04-06,7.800,9.400,5.400,5.800,5.100,
2023-04-07,4.400,9.300,4.100,5.900,5.400,
2023-04-08,7.000,12.100,4.400,7.600,5.300,
2023-04-09,6.900,8.400,5.100,4.700,4.700,
2023-04-10,5.900,7.500,5.300,4.600,4.600,
2023-04-11,8.800,9.500,8.300,7.400,7.400,
2023-04-12,8.800,10.900,6.300,7.900,7.900,
2023-04-13,17.200,19.900,12.900,14.000,13.100,
2023-04-14,9.300,8.500,6.700,5.000,6.900,
2023-04-15,6.800,8.200,4.800,5.100,6.200,
2023-04-16,6.000,5.700,5.000,4.000,5.400,
2023-04-17,7.400,8.300,5.400,4.500,5.400,
2023-04-18,7.500,8.100,5.700,5.900,6.700,
2023-04-19,7.800,11.100,,7.400,7.400,
2023-04-20,8.300,11.000,9.300,8.700,8.600,
2023-04-21,7.800,7.900,5.600,6.700,10.600,
2023-04-22,6.900,7.300,5.300,5.500,6.800,
2023-04-23,9.600,11.100,8.700,8.400,8.000,
2023-04-24,12.300,10.600,6.200,8.100,7.400,
2023-04-25,7.000,8.300,6.000,5.400,6.800,
2023-04-26,8.700,10.200,6.100,7.300,6.200,
2023-04-27,5.100,9.400,5.200,7.000,8.200,
2023-04-28,5.800,10.200,5.300,7.600,9.100,
2023-04-29,5.700,7.900,4.800,7.200,9.300,
2023-04-30,6.400,9.200,6.200,8.800,8.300,
2023-05-01,8.100,9.200,7.200,8.500,7.500,
2023-05-02,9.900,11.000,7.400,11.600,7.500,
2023-05-03,7.300,8.800,5.500,7.300,5.700,
2023-05-04,5.900,8.800,4.900,7.000,5.900,
2023-05-05,8.600,11.300,5.400,8.700,8.900,
2023-05-06,8.100,9.700,5.500,8.800,8.800,
2023-05-07,7.400,10.700,8.700,13.100,10.900,
2023-05-08,7.800,10.600,8.000,9.000,9.600,
2023-05-09,9.400,10.500,7.600,7.700,7.600,
2023-05-10,9.500,11.700,6.400,8.400,8.600,
2023-05-11,9.500,9.500,8.600,8.400,5.300,
2023-05-12,5.800,10.100,5.100,6.900,6.600,
2023-05-13,16.700,21.100,22.600,20.100,16.000,
2023-05-14,19.400,21.000,14.500,18.500,10.700,
2023-05-15,17.900,19.500,15.300,17.300,9.000,
2023-05-16,11.200,11.300,8.500,12.900,8.400,
2023-05-17,10.700,10.700,6.900,8.900,7.100,
2023-05-18,8.100,12.500,9.300,11.700,9.400,
2023-05-19,13.000,17.100,10.000,21.000,13.800,
2023-05-20,23.700,19.300,11.800,19.000,11.600,
2023-05-21,8.800,9.600,6.900,8.000,5.500,
2023-05-22,8.300,14.400,6.300,7.200,7.700,
2023-05-23,8.700,13.600,9.400,11.000,10.500,
2023-05-24,11.100,13.300,10.200,12.800,12.500,
2023-05-25,10.100,12.200,9.500,10.900,10.300,
2023-05-26,11.400,16.800,10.800,10.800,12.200,
2023-05-27,14.100,14.900,10.300,11.500,12.600,
2023-05-28,16.100,15.300,10.400,11.900,12.700,
2023-05-29,14.200,16.100,12.400,14.900,13.100,
2023-05-30,12.900,15.700,12.900,13.200,13.800,
2023-05-31,9.400,11.000,9.000,9.400,10.000,
2023-06-01,9.400,14.000,10.500,13.000,10.900,
2023-06-02,10.800,13.400,7.800,13.300,12.200,
2023-06-03,10.800,15.200,7.800,12.100,11.300,
2023-06-04,9.500,11.900,10.700,13.000,11.500,
2023-06-05,9.500,12.600,9.000,9.500,9.600,
2023-06-06,8.800,13.200,8.100,9.100,8.900,
2023-06-07,11.400,13.800,9.000,9.100,10.000,
2023-06-08,15.200,13.900,7.100,10.200,10.100,
2023-06-09,10.600,13.900,9.600,14.100,10.600,
2023-06-10,12.900,15.700,9.700,14.300,9.200,
2023-06-11,13.300,15.000,10.700,12.600,9.400,
2023-06-12,13.000,14.700,10.000,12.200,8.600,
2023-06-13,11.000,13.600,8.700,9.900,8.100,
2023-06-14,7.500,12.700,7.600,9.200,8.800,
2023-06-15,9.900,11.300,6.900,7.500,5.700,
2023-06-16,13.400,12.300,7.100,12.000,7.600,
2023-06-17,15.200,13.700,10.200,11.300,11.500,
2023-06-18,11.500,16.000,10.200,10.500,11.200,
2023-06-19,11.200,16.100,10.300,15.500,10.500,
2023-06-20,10.700,16.200,8.200,16.100,11.400,
2023-06-21,10.500,13.800,5.200,10.800,10.900,
2023-06-22,15.100,17.100,6.900,13.200,12.000,
2023-06-23,20.100,18.700,12.600,16.600,13.300,
2023-06-24,22.900,16.900,8.900,15.400,11.300,
2023-06-25,13.200,11.300,,12.100,8.600,
2023-06-26,12.400,19.200,10.200,12.600,11.100,
2023-06-27,10.600,14.600,8.500,10.300,9.800,
2023-06-28,14.400,13.600,10.700,13.600,12.200,
2023-06-29,12.300,13.200,9.300,13.800,12.300,
2023-06-30,12.100,19.200,8.900,17.100,14.700,
2023-07-01,18.500,21.800,10.700,16.500,12.100,
2023-07-02,12.600,14.000,7.200,10.000,7.800,
2023-07-03,8.700,9.200,8.300,7.300,6.000,
2023-07-04,8.500,11.300,,8.900,6.100,
2023-07-05,9.100,13.100,,8.500,8.800,
2023-07-06,10.300,15.700,6.400,14.100,9.600,
2023-07-07,9.000,18.000,5.900,14.200,9.300,
2023-07-08,8.800,14.300,9.300,15.300,10.400,
2023-07-09,8.500,12.900,7.300,12.700,11.200,
2023-07-10,7.000,17.900,8.200,17.300,9.200,
2023-07-11,8.900,28.200,9.500,14.800,11.000,
2023-07-12,10.900,17.000,7.700,16.600,12.000,
2023-07-13,9.700,14.200,8.800,16.400,11.900,
2023-07-14,13.000,16.100,9.300,14.900,13.000,
2023-07-15,13.400,20.400,9.300,15.400,12.600,
2023-07-16,16.200,39.300,12.900,21.500,17.600,
2023-07-17,18.800,29.300,20.100,36.800,18.800,
2023-07-18,19.200,23.300,16.400,29.600,16.600,
2023-07-19,14.200,29.700,72.600,28.100,20.700,
2023-07-20,21.800,30.100,15.000,27.800,16.700,
2023-07-21,23.500,36.400,16.000,30.400,,
2023-07-22,23.700,36.400,,29.900,22.900,
2023-07-23,17.900,25.100,,25.700,14.900,
2023-07-24,20.600,44.300,15.200,32.500,22.100,
2023-07-25,23.800,46.800,35.500,48.600,25.900,
2023-07-26,14.100,26.200,12.600,20.300,14.200,
2023-07-27,8.900,12.100,4.600,6.900,6.900,
2023-07-28,8.300,9.700,6.000,11.000,9.700,
2023-07-29,,14.000,5.300,11.700,10.900,
2023-07-30,7.000,12.200,7.500,10.000,7.300,
2023-07-31,8.700,18.700,8.600,12.500,10.100,
2023-08-01,9.700,14.300,6.100,10.200,8.800,
2023-08-02,10.500,14.600,,10.500,8.900,
2023-08-03,10.400,11.300,,10.700,7.400,
2023-08-04,10.500,11.700,,13.700,8.000,
2023-08-05,7.400,16.600,11.300,19.800,9.600,
2023-08-06,9.400,14.100,11.600,8.500,10.100,
2023-08-07,10.200,16.300,13.300,13.600,11.900,
2023-08-08,9.200,19.400,10.900,8.700,8.600,
2023-08-09,10.400,14.100,10.100,9.400,7.200,
2023-08-10,10.000,13.300,10.300,11.700,6.100,
2023-08-11,9.100,19.100,11.100,16.500,8.700,
2023-08-12,12.100,15.700,13.300,13.500,8.600,
2023-08-13,12.000,16.000,15.800,14.800,10.100,
2023-08-14,14.200,15.900,13.300,19.400,10.100,
2023-08-15,21.200,15.500,11.600,18.300,8.100,
2023-08-16,10.600,15.000,13.100,15.700,11.600,
2023-08-17,11.300,11.200,12.100,12.900,8.400,
2023-08-18,13.600,15.700,13.500,15.700,10.400,
2023-08-19,10.700,14.800,12.300,16.800,10.400,
2023-08-20,15.500,15.800,17.000,15.100,11.000,
2023-08-21,14.700,20.900,17.700,23.100,16.100,
2023-08-22,18.400,24.500,19.900,21.100,17.200,
2023-08-23,17.200,23.300,23.000,23.700,18.000,
2023-08-24,22.800,25.700,24.900,27.400,23.100,
2023-08-25,25.400,25.100,24.200,31.000,23.900,
2023-08-26,21.200,19.800,20.900,26.000,20.600,
2023-08-27,24.800,25.300,26.100,32.900,29.300,
2023-08-28,11.900,19.400,16.500,19.200,14.400,
2023-08-29,6.400,7.900,5.400,6.200,4.800,
2023-08-30,7.500,9.900,6.500,8.600,4.900,
2023-08-31,,17.500,8.300,9.800,7.900,
2023-09-01,7.500,15.400,8.100,10.100,9.100,
2023-09-02,8.000,15.800,9.000,10.200,8.600,
2023-09-03,5.900,12.200,7.200,7.800,6.500,
2023-09-04,9.600,11.800,9.700,11.700,7.900,
2023-09-05,9.300,14.800,9.800,11.300,9.500,
2023-09-06,8.000,14.200,7.500,7.100,7.500,
2023-09-07,8.000,12.900,7.200,8.200,7.200,
2023-09-08,9.000,15.900,10.600,10.000,8.700,
2023-09-09,14.400,20.000,13.500,15.400,13.500,
2023-09-10,16.400,17.800,14.500,16.800,13.900,
2023-09-11,16.900,20.200,14.600,19.800,15.200,
2023-09-12,15.000,17.100,14.400,17.200,17.200,
2023-09-13,14.700,17.500,12.500,18.500,16.400,
2023-09-14,12.600,14.400,11.100,14.700,13.300,
2023-09-15,9.400,12.200,8.500,13.700,11.600,
2023-09-16,7.400,11.000,7.800,12.000,10.400,
2023-09-17,7.000,10.200,5.900,9.500,8.300,
2023-09-18,8.500,11.100,4.700,11.900,8.900,
2023-09-19,10.500,12.800,7.000,12.800,8.800,
2023-09-20,16.500,21.200,14.900,22.400,14.900,
2023-09-21,10.300,12.600,12.000,13.000,12.300,
2023-09-22,9.900,13.300,12.100,15.900,11.400,
2023-09-23,14.700,13.300,10.800,16.200,8.500,
2023-09-24,5.600,7.900,5.600,5.000,5.100,
2023-09-25,7.200,6.300,3.400,5.800,5.100,
2023-09-26,5.600,7.400,4.400,5.700,5.000,
2023-09-27,7.200,12.200,6.400,6.900,6.900,
2023-09-28,12.800,14.300,9.600,12.400,12.500,
2023-09-29,13.400,14.800,11.000,12.300,10.900,
2023-09-30,15.300,16.900,13.100,15.800,16.200,
2023-10-01,18.900,18.000,13.100,18.700,17.300,
2023-10-02,17.000,19.600,12.000,17.700,18.100,
2023-10-03,17.500,19.200,10.600,19.300,18.300,
2023-10-04,16.800,16.700,10.700,16.600,15.600,
2023-10-05,13.500,15.800,9.500,15.500,15.000,
2023-10-06,11.200,13.500,8.400,15.200,13.000,
2023-10-07,13.400,16.000,9.600,16.500,14.900,
2023-10-08,12.800,12.500,9.500,14.100,12.800,
2023-10-09,12.500,14.700,9.800,17.500,14.600,
2023-10-10,15.300,18.800,12.600,18.700,15.600,
2023-10-11,16.700,19.100,12.900,18.400,15.200,
2023-10-12,12.000,15.200,8.900,16.300,12.100,
2023-10-13,11.100,15.100,11.300,16.400,12.800,
2023-10-14,13.600,13.800,10.300,16.000,12.000,
2023-10-15,13.700,13.500,10.600,13.700,10.000,
2023-10-16,13.100,13.600,11.200,13.900,10.400,
2023-10-17,10.500,11.400,9.900,11.200,9.900,
2023-10-18,11.000,16.700,10.700,15.000,12.200,
2023-10-19,10.300,16.800,9.500,15.500,15.400,
2023-10-20,16.400,18.400,15.500,18.900,14.500,
2023-10-21,22.800,19.000,15.800,19.100,16.900,
2023-10-22,6.800,7.300,3.900,6.400,5.600,
2023-10-23,10.000,14.200,7.300,10.900,12.400,
2023-10-24,23.900,28.400,19.400,21.800,25.700,
2023-10-25,21.900,23.700,17.000,19.000,18.000,
2023-10-26,10.900,12.900,3.700,6.900,7.000,
2023-10-27,19.600,20.000,12.900,17.600,16.200,
2023-10-28,10.100,11.000,4.700,7.100,8.000,
2023-10-29,9.200,11.400,4.000,7.100,10.000,
2023-10-30,6.000,11.200,4.100,8.200,9.100,
2023-10-31,9.700,12.300,7.100,9.900,8.100,
2023-11-01,7.200,9.800,4.900,5.800,6.700,
2023-11-02,7.600,8.600,4.700,6.300,6.500,
2023-11-03,13.700,16.600,10.300,11.700,11.800,
2023-11-04,7.200,8.900,,3.200,4.500,
2023-11-05,14.500,14.600,,9.800,11.300,
2023-11-06,9.400,14.500,,8.900,11.800,
2023-11-07,12.700,17.700,15.100,13.200,8.500,
2023-11-08,12.000,15.200,12.800,11.900,6.900,
2023-11-09,5.400,7.300,3.300,5.700,5.100,
2023-11-10,8.400,9.100,4.200,9.400,5.300,
2023-11-11,7.400,8.300,4.800,6.000,3.400,
2023-11-12,6.100,6.600,5.100,5.400,3.700,
2023-11-13,6.800,8.200,7.000,6.000,3.600,
2023-11-14,6.600,7.500,4.200,6.400,3.400,
2023-11-15,7.700,9.200,5.400,7.700,4.100,
2023-11-16,7.700,8.900,8.000,6.800,3.900,
2023-11-17,8.000,7.600,4.900,6.200,3.600,
2023-11-18,8.800,8.900,6.400,7.400,3.700,
2023-11-19,4.500,4.700,,3.200,2.100,
2023-11-20,6.300,8.400,4.100,6.200,5.700,
2023-11-21,6.900,11.800,5.700,8.000,8.300,
2023-11-22,4.700,7.800,3.100,4.400,4.700,
2023-11-23,3.200,10.900,2.400,,7.500,
2023-11-24,7.700,11.500,5.200,5.300,8.600,
2023-11-25,7.600,8.800,8.600,5.300,5.800,
2023-11-26,5.000,6.700,4.200,4.100,5.700,
2023-11-27,7.500,11.300,5.600,4.800,7.500,
2023-11-28,10.100,12.100,8.400,8.900,8.100,
2023-11-29,7.700,10.900,4.400,4.300,5.000,
2023-11-30,7.500,15.100,7.400,7.100,9.200,
2023-12-01,16.300,16.800,15.700,14.700,14.900,
2023-12-02,16.000,21.200,13.100,13.100,13.400,
2023-12-03,4.400,5.900,3.400,2.000,3.700,
2023-12-04,7.800,15.800,4.600,7.400,5.600,
2023-12-05,5.800,10.200,5.000,4.000,4.200,
2023-12-06,6.300,8.300,4.500,4.800,3.300,
2023-12-07,5.100,7.800,4.000,3.800,2.600,
2023-12-08,4.200,7.400,2.800,3.300,3.800,
2023-12-09,4.200,6.200,4.000,2.900,3.400,
2023-12-10,7.200,8.000,6.600,4.700,4.400,
2023-12-11,8.400,12.100,7.500,4.900,4.200,
2023-12-12,6.300,12.800,4.400,5.400,4.800,
2023-12-13,10.600,12.600,11.000,9.900,5.600,
2023-12-14,10.500,15.100,5.800,8.700,4.800,
2023-12-15,4.400,10.100,3.500,2.000,2.800,
2023-12-16,5.500,22.900,3.400,4.700,4.400,
2023-12-17,5.700,5.800,5.100,3.700,3.600,
2023-12-18,5.900,5.300,3.900,3.100,4.700,
2023-12-19,3.700,6.600,3.900,3.900,5.300,
2023-12-20,7.900,10.200,4.800,5.300,6.300,
2023-12-21,9.600,8.100,7.400,4.500,6.700,
2023-12-22,10.700,10.000,9.800,5.900,8.700,
2023-12-23,12.400,11.300,10.400,6.600,9.100,
2023-12-24,10.600,9.200,9.600,,6.900,
2023-12-25,7.400,6.500,6.600,,5.500,
2023-12-26,6.900,8.100,3.800,3.200,3.900,
2023-12-27,9.100,12.800,4.000,6.100,6.400,
2023-12-28,6.900,11.900,5.200,7.100,9.500,
2023-12-29,8.900,17.300,6.000,10.900,12.800,
2023-12-30,8.600,13.100,4.200,,9.300,
2023-12-31,10.400,,6.700,,11.400,
2024-01-01,13.800,,7.900,,12.000,
2024-01-02,9.500,,5.900,,7.000,
2024-01-03,7.700,,6.200,,5.000,
2024-01-04,10.300,,7.200,,6.200,
2024-01-05,7.500,,6.100,,8.400,
2024-01-06,11.000,,9.100,,6.000,
2024-01-07,6.000,,6.200,,2.900,
2024-01-08,5.700,,5.100,,3.300,
2024-01-09,6.000,,4.900,,3.500,
2024-01-10,6.800,,2.800,,7.600,
2024-01-11,8.500,,6.800,,7.000,
2024-01-12,5.100,,2.600,,3.800,
2024-01-13,7.300,,4.000,,4.900,
2024-01-14,5.000,,3.400,,4.100,
2024-01-15,15.200,,12.800,,10.100,
2024-01-16,11.500,,9.500,13.000,10.000,
2024-01-17,12.200,,12.800,15.500,14.200,16.200
2024-01-18,26.700,,25.600,23.300,21.900,24.700
2024-01-19,23.200,,21.900,23.600,31.200,23.300
2024-01-20,10.900,,11.600,14.900,12.300,14.000
2024-01-21,5.400,,3.500,5.900,5.700,5.500
2024-01-22,6.600,,3.600,6.700,7.600,6.800
2024-01-23,7.200,,4.500,7.700,4.900,7.800
2024-01-24,6.100,,4.400,6.400,4.500,6.400
2024-01-25,10.000,,6.800,14.400,5.800,12.700
2024-01-26,8.900,,6.100,11.700,9.200,13.400
2024-01-27,9.000,,6.100,11.300,7.900,10.900
2024-01-28,7.500,,7.900,9.800,9.200,9.500
2024-01-29,6.100,,6.200,8.700,6.900,7.300
2024-01-30,6.800,,5.800,8.200,6.500,
2024-01-31,11.300,,5.900,10.200,8.400,13.400
2024-02-01,8.000,,4.200,6.600,6.300,
2024-02-02,9.500,,7.000,9.400,8.100,
2024-02-03,13.100,,7.500,12.500,10.300,14.100
2024-02-04,8.200,,7.300,10.700,4.800,8.400
2024-02-05,9.100,,7.900,13.600,4.800,8.400
2024-02-06,10.000,,7.700,11.300,6.400,10.700
2024-02-07,12.900,,13.000,17.600,8.200,14.600
2024-02-08,13.400,,11.500,15.900,8.100,13.000
2024-02-09,10.100,,10.100,13.100,9.400,13.300
2024-02-10,13.100,,22.800,18.600,9.000,15.400
2024-02-11,19.000,,8.400,18.700,5.600,13.900
2024-02-12,7.400,,5.500,8.900,6.800,8.800
2024-02-13,5.700,,5.200,6.900,4.800,6.400
2024-02-14,5.500,,5.500,6.300,4.700,6.300
2024-02-15,7.500,,3.500,5.800,6.300,9.500
2024-02-16,4.600,,3.900,9.700,9.500,11.700
2024-02-17,3.000,,3.400,6.800,6.800,7.600
2024-02-18,6.300,,4.700,8.100,7.200,8.500
2024-02-19,9.900,,5.900,9.200,5.600,10.100
2024-02-20,8.800,,6.200,9.600,5.000,6.900
2024-02-21,7.600,,6.000,9.600,5.300,7.100
2024-02-22,8.200,,9.000,10.700,7.800,10.200
2024-02-23,6.500,,6.000,7.800,7.400,8.700
2024-02-24,10.800,,7.100,12.200,7.800,7.800
2024-02-25,4.800,,3.700,5.900,3.400,3.800
2024-02-26,8.400,,7.600,10.300,5.900,9.300
2024-02-27,17.700,,15.100,16.400,9.300,16.600
2024-02-28,16.700,,10.800,13.300,6.200,13.700
2024-02-29,5.800,,3.900,7.600,7.400,9.800
2024-03-01,10.800,,8.100,8.500,5.400,10.400
2024-03-02,8.100,,5.200,6.500,6.800,7.200
2024-03-03,12.800,,9.400,9.200,8.900,13.400
2024-03-04,7.000,,4.800,7.800,4.200,7.100
2024-03-05,7.500,,5.100,5.600,3.200,6.200
2024-03-06,7.600,,4.800,6.300,3.000,6.500
2024-03-07,6.100,,4.100,5.300,5.300,7.600
2024-03-08,7.900,,5.500,6.800,7.500,9.600
2024-03-09,9.600,,5.800,6.900,6.100,8.600
2024-03-10,22.800,,14.200,13.100,17.500,12.700
2024-03-11,8.400,,5.000,6.600,5.600,7.600
2024-03-12,6.100,,7.900,7.200,4.600,6.100
2024-03-13,8.700,,8.200,8.100,7.100,7.500
2024-03-14,7.500,,5.300,8.200,8.200,10.100
2024-03-15,8.000,,4.200,8.900,8.100,8.800
2024-03-16,9.900,,5.900,8.900,6.400,7.800
2024-03-17,8.400,,6.300,7.900,6.700,8.100
2024-03-18,7.500,,5.000,7.800,6.000,7.800
2024-03-19,7.700,,5.700,7.800,8.300,8.000
2024-03-20,6.100,,5.800,8.700,7.300,7.200
2024-03-21,8.200,,6.500,10.700,9.500,9.600
2024-03-22,9.500,,6.000,7.900,6.300,9.000
2024-03-23,11.100,,8.000,9.300,9.600,9.500
2024-03-24,8.100,,6.100,9.300,6.900,8.000
2024-03-25,10.200,,10.600,11.000,11.000,11.200
2024-03-26,51.200,,66.300,56.700,27.600,56.700
2024-03-27,67.000,,61.300,83.800,62.900,77.700
2024-03-28,28.800,,28.200,34.100,22.200,33.600
2024-03-29,53.000,,55.300,75.000,59.600,70.400
2024-03-30,10.800,,19.900,25.800,13.000,12.400
2024-03-31,19.800,,35.900,36.600,18.600,25.100
2024-04-01,30.900,,33.000,37.600,29.400,32.100
2024-04-02,8.300,,5.800,8.900,4.800,7.500
2024-04-03,6.700,,5.000,8.400,6.000,8.400
2024-04-04,9.000,,5.600,9.900,6.800,7.800
2024-04-05,10.000,,5.200,12.800,9.500,11.700
2024-04-06,9.100,,4.200,10.000,7.600,9.500
2024-04-07,6.000,,3.600,5.700,4.900,5.900
2024-04-08,8.100,,5.800,10.400,7.500,8.100
2024-04-09,9.200,,6.100,11.100,8.200,8.100
2024-04-10,15.000,,13.100,17.100,12.200,13.900
2024-04-11,8.100,,7.000,9.300,6.800,8.400
2024-04-12,17.000,,13.300,18.400,13.300,15.700
2024-04-13,16.200,,13.300,18.900,14.000,16.300
2024-04-14,,,14.000,18.000,14.800,16.400
2024-04-15,15.200,,13.300,16.900,14.600,15.000
2024-04-16,14.400,,11.000,15.700,13.200,13.300
2024-04-17,13.600,,12.700,16.200,12.400,12.600
2024-04-18,8.700,,8.200,10.600,8.100,9.200
2024-04-19,7.200,,6.600,8.300,6.500,7.000
2024-04-20,5.800,,4.400,5.800,4.700,5.600
2024-04-21,6.300,,5.600,6.900,5.000,6.100
2024-04-22,10.200,,6.800,11.300,7.700,9.000
2024-04-23,7.700,,7.300,9.200,7.700,7.700
2024-04-24,5.300,,4.300,5.600,4.300,5.300
2024-04-25,7.400,,6.400,8.600,6.400,8.100
2024-04-26,5.400,,4.600,7.500,5.000,7.000
2024-04-27,8.000,,6.200,8.900,6.200,7.400
2024-04-28,15.200,,9.900,15.100,10.900,12.400
2024-04-29,17.100,,11.300,18.000,12.600,14.500
2024-04-30,19.300,,14.500,20.500,13.800,15.300
2024-05-01,15.800,,12.900,16.800,12.700,14.100
2024-05-02,8.100,,8.000,8.700,6.400,8.600
2024-05-03,7.100,,5.900,8.000,5.600,7.000
2024-05-04,6.700,,5.800,6.900,5.100,6.000
2024-05-05,6.800,,5.000,8.200,5.500,7.400
2024-05-06,5.900,,5.100,8.100,6.000,6.800
2024-05-07,8.400,,8.300,11.400,7.400,8.900
2024-05-08,,,6.300,8.900,5.900,7.800
2024-05-09,4.300,,2.900,4.200,,4.100
2024-05-10,7.400,,7.700,8.300,6.700,7.900
2024-05-11,12.500,,8.800,11.500,8.700,10.900
2024-05-12,7.300,,5.900,7.700,6.000,7.500
2024-05-13,8.400,,7.600,10.600,7.700,8.800
2024-05-14,13.600,,15.000,18.600,13.900,14.800
2024-05-15,19.800,,18.100,26.000,20.400,21.000
2024-05-16,28.900,,26.700,35.300,25.400,28.700
2024-05-17,17.900,,16.400,24.700,14.300,18.600
2024-05-18,35.100,,36.100,45.300,39.400,36.800
2024-05-19,35.100,,37.200,45.400,39.900,38.000
2024-05-20,33.800,,35.300,44.500,37.300,36.400
2024-05-21,17.500,,18.000,23.300,17.200,18.300
2024-05-22,9.200,,8.500,10.000,7.300,9.700
2024-05-23,7.600,,5.100,8.700,6.300,8.700
2024-05-24,6.500,,6.400,8.600,7.300,7.700
2024-05-25,7.100,,8.000,7.900,7.000,7.900
2024-05-26,,,6.100,7.200,5.700,6.800
2024-05-27,,,5.700,7.700,5.700,6.700
2024-05-28,7.100,,5.700,7.500,5.600,8.400
2024-05-29,7.900,,6.200,9.100,6.300,9.900
2024-05-30,11.000,,7.800,12.100,7.700,11.500
2024-05-31,8.800,,6.800,13.300,9.400,12.300
2024-06-01,8.600,,8.000,10.800,8.600,9.800
2024-06-02,12.800,,7.700,14.600,10.900,13.800
2024-06-03,9.200,,7.000,10.800,8.500,9.600
2024-06-04,13.600,,8.700,16.000,12.600,15.000
2024-06-05,13.300,,10.400,15.400,13.200,14.600
2024-06-06,11.100,,7.100,11.300,8.800,10.900
2024-06-07,9.100,,6.500,7.600,6.900,9.600
2024-06-08,8.900,,5.200,7.000,5.900,8.700
2024-06-09,5.700,,8.500,5.900,6.100,5.900
2024-06-10,9.400,,11.900,11.500,9.800,10.500
2024-06-11,7.600,,8.700,13.400,9.100,8.600
2024-06-12,,,10.400,13.300,9.700,11.700
2024-06-13,,,8.500,14.700,10.200,13.200
2024-06-14,8.300,,5.100,8.400,7.300,8.100
2024-06-15,8.600,,4.800,8.900,8.500,8.900
2024-06-16,10.300,,7.100,11.200,8.100,11.600
2024-06-17,13.500,,13.400,16.500,11.500,13.700
2024-06-18,14.300,,18.400,20.600,12.400,16.300
2024-06-19,14.100,,12.100,16.400,11.700,13.800
2024-06-20,16.400,,11.600,16.200,12.700,16.800
2024-06-21,35.800,,11.100,17.800,13.600,19.100
2024-06-22,16.100,,11.800,15.500,8.800,15.100
2024-06-23,9.700,,7.800,11.300,6.900,9.100
2024-06-24,7.100,,6.500,10.400,6.700,9.400
2024-06-25,7.500,,11.000,16.800,9.600,11.100
2024-06-26,10.100,,7.400,14.100,8.200,10.300
2024-06-27,8.300,,7.100,10.100,7.500,9.500
2024-06-28,10.200,,8.500,12.700,10.400,11.500
2024-06-29,9.400,,9.100,9.900,10.400,10.400
2024-06-30,11.200,,8.100,11.300,10.000,14.800
2024-07-01,9.700,,12.600,13.700,11.000,12.000
2024-07-02,22.700,,8.800,24.300,14.200,16.100
2024-07-03,10.600,,9.600,15.800,9.800,12.600
2024-07-04,8.500,,8.100,12.400,8.700,9.400
2024-07-05,7.300,,8.500,13.400,10.200,9.000
2024-07-06,6.200,,6.200,9.500,8.700,14.500
2024-07-07,9.200,,7.400,9.300,9.000,6.900
2024-07-08,8.600,,5.600,7.700,9.300,9.700
2024-07-09,11.900,,7.100,8.800,12.200,14.600
2024-07-10,23.000,,20.500,23.300,19.400,21.800
2024-07-11,21.300,,27.100,25.300,23.700,22.600
2024-07-12,25.300,,27.100,24.700,28.500,26.900
2024-07-13,19.100,,18.000,19.100,20.700,20.300
2024-07-14,12.600,,11.200,13.900,16.400,13.800
2024-07-15,14.500,,12.600,16.000,15.300,13.700
2024-07-16,15.100,,,17.900,15.400,16.900
2024-07-17,15.100,,10.700,16.800,15.200,15.500
2024-07-18,16.700,,10.800,17.400,18.800,17.000
2024-07-19,11.700,,,13.600,11.600,11.500
2024-07-20,12.300,,,10.500,8.700,13.100
2024-07-21,9.100,,8.400,11.300,7.900,10.200
2024-07-22,13.200,,8.900,21.500,10.700,12.800
2024-07-23,9.800,,9.500,18.400,7.500,8.800
2024-07-24,11.600,,9.600,11.900,8.600,10.900
2024-07-25,10.200,,9.600,12.300,7.200,9.300
2024-07-26,8.500,,7.500,12.300,9.800,8.800
2024-07-27,10.200,,9.900,12.800,14.100,10.300
2024-07-28,11.100,,9.300,12.800,11.100,10.400
2024-07-29,10.900,,9.100,11.500,11.900,11.200
2024-07-30,14.400,,8.000,15.000,13.600,14.200
2024-07-31,10.900,,11.000,13.400,12.000,11.700
2024-08-01,12.900,,10.400,14.300,13.400,12.800
2024-08-02,10.800,,8.500,13.500,11.700,11.800
2024-08-03,13.500,,8.400,13.600,11.700,12.800
2024-08-04,14.800,,13.000,13.300,12.500,13.400
2024-08-05,15.800,,13.500,20.900,15.700,15.700
2024-08-06,13.800,,12.800,19.400,15.200,12.600
2024-08-07,13.200,,11.600,16.100,14.200,13.500
2024-08-08,14.200,,11.500,14.900,15.300,13.700
2024-08-09,13.900,,11.000,15.900,14.900,13.200
2024-08-10,13.500,,9.900,16.200,14.600,12.500
2024-08-11,13.600,,10.300,14.100,14.100,13.200
2024-08-12,11.200,,9.500,12.200,12.000,11.200
2024-08-13,12.800,,5.200,13.400,12.500,12.900
2024-08-14,11.400,,10.100,11.100,12.200,12.700
2024-08-15,13.600,,9.600,11.100,14.100,12.700
2024-08-16,13.600,,11.100,15.600,13.600,13.500
2024-08-17,15.100,,,14.200,14.700,16.000
2024-08-18,10.300,,9.000,11.900,8.100,9.600
2024-08-19,6.800,,5.500,7.900,5.700,7.000
2024-08-20,9.500,,7.200,11.400,7.600,8.800
2024-08-21,8.600,,6.300,10.600,6.900,7.900
2024-08-22,7.300,,7.700,11.500,6.800,7.600
2024-08-23,9.500,,7.400,13.100,9.300,9.600
2024-08-24,10.500,,7.500,11.900,10.000,10.100
2024-08-25,11.200,,8.900,11.000,9.000,10.500
2024-08-26,11.700,,10.200,14.100,11.400,11.900
2024-08-27,13.300,,11.600,16.100,14.400,13.500
2024-08-28,12.700,,13.800,17.300,14.600,13.600
2024-08-29,11.800,,11.700,14.800,13.100,12.700
2024-08-30,12.900,,13.000,16.500,13.100,13.800
2024-08-31,13.900,,11.800,13.300,13.000,12.100
2024-09-01,11.700,,10.500,12.600,13.100,11.300
2024-09-02,11.900,,10.700,13.900,13.900,13.000
2024-09-03,13.300,,13.400,15.400,14.500,14.100
2024-09-04,13.700,,13.400,16.800,15.600,14.600
2024-09-05,11.300,,14.400,16.500,14.900,14.400
2024-09-06,12.300,,11.700,17.800,14.400,13.000
2024-09-07,14.100,,16.900,21.100,16.400,16.500
2024-09-08,16.200,,17.800,20.500,18.200,17.400
2024-09-09,11.900,,10.400,15.200,8.700,11.800
2024-09-10,11.700,,9.500,12.500,6.000,8.700
2024-09-11,10.600,,7.900,10.600,5.700,8.200
2024-09-12,9.000,,7.900,10.600,6.100,8.600
2024-09-13,16.900,,6.500,8.500,6.100,8.200
2024-09-14,11.000,,6.100,8.200,5.400,7.100
2024-09-15,5.500,,3.700,5.300,3.100,4.400
2024-09-16,6.600,,4.300,6.200,3.900,5.400
2024-09-17,6.500,,3.600,6.600,7.500,8.700
2024-09-18,5.300,,4.500,7.400,9.500,8.100
2024-09-19,5.300,,5.200,8.100,8.400,8.800
2024-09-20,8.800,,5.100,8.600,7.300,9.200
2024-09-21,6.000,,4.000,6.200,7.200,7.600
2024-09-22,5.700,,5.400,8.900,9.500,8.900
2024-09-23,6.200,,6.700,11.000,7.400,10.000
2024-09-24,7.200,,5.000,7.100,5.700,8.700
2024-09-25,6.200,,4.800,7.400,5.300,8.300
2024-09-26,5.100,,4.800,6.200,4.400,8.100
2024-09-27,5.600,,5.700,6.900,5.900,7.900
2024-09-28,9.100,,6.300,9.400,6.500,9.200
2024-09-29,5.100,,6.200,6.800,5.100,5.600
2024-09-30,4.600,,3.900,5.200,4.000,4.700
2024-10-01,4.800,,4.000,6.200,3.800,5.900
2024-10-02,4.100,,4.100,5.800,4.900,7.400
2024-10-03,9.600,,11.700,13.100,10.800,12.700
2024-10-04,6.600,,6.000,8.700,5.900,8.400
2024-10-05,5.100,,3.700,5.100,3.200,5.400
2024-10-06,6.400,,3.800,4.800,2.800,5.400
2024-10-07,4.800,,3.800,8.100,4.000,7.600
2024-10-08,4.100,,4.800,7.100,4.100,7.200
2024-10-09,11.700,,6.600,16.600,5.800,15.200
2024-10-10,14.400,,12.600,22.000,,21.400
2024-10-11,7.200,,6.200,9.100,,8.300
2024-10-12,8.600,,4.600,6.700,,6.200
2024-10-13,7.700,,5.200,6.500,,7.500
2024-10-14,5.800,,3.700,5.400,,5.700
2024-10-15,7.200,,5.600,10.400,,9.200
2024-10-16,5.800,,5.800,8.500,,8.600
2024-10-17,5.100,,6.500,7.900,,5.900
2024-10-18,9.900,,8.800,13.200,,10.400
2024-10-19,9.000,,5.800,10.000,,9.200
2024-10-20,5.200,,2.000,3.300,,4.700
2024-10-21,6.000,,2.900,7.100,,6.900
2024-10-22,10.000,,7.800,12.900,7.700,10.100
2024-10-23,6.600,,6.200,9.200,7.900,7.200
2024-10-24,6.800,,7.600,12.000,11.600,8.000
2024-10-25,4.700,,5.800,10.700,12.300,9.100
2024-10-26,4.000,,4.500,9.200,7.500,4.800
2024-10-27,6.300,,6.100,7.900,6.900,7.100
2024-10-28,7.100,,6.400,9.300,6.900,8.200
2024-10-29,5.400,,5.900,9.000,9.200,7.500
2024-10-30,10.100,,5.900,12.900,11.500,12.200
2024-10-31,11.400,,9.800,14.700,11.700,13.200
2024-11-01,8.500,,8.900,11.500,9.500,10.100
2024-11-02,13.500,,10.400,14.600,14.400,13.300
2024-11-03,17.400,,10.100,14.600,14.900,14.800
2024-11-04,11.600,,8.800,14.300,12.200,14.200
2024-11-05,10.700,,9.300,14.000,13.200,15.700
2024-11-06,8.400,,9.000,13.000,13.100,14.500
2024-11-07,7.000,,8.000,12.500,11.100,10.500
2024-11-08,3.300,,3.500,6.800,6.500,7.500
2024-11-09,5.100,,4.900,7.400,6.600,7.800
2024-11-10,5.900,,8.100,10.600,11.200,10.200
2024-11-11,7.700,,6.600,10.100,11.500,10.800
2024-11-12,6.900,,3.600,8.400,6.700,13.600
2024-11-13,6.200,,3.400,6.100,6.400,11.500
2024-11-14,5.500,,4.700,7.000,6.400,9.600
2024-11-15,7.200,,4.600,6.200,4.500,7.700
2024-11-16,5.400,,3.000,3.900,3.900,5.200
2024-11-17,6.400,,5.100,6.000,5.000,8.000
2024-11-18,12.100,,10.400,12.900,8.100,13.300
2024-11-19,9.900,,8.600,19.400,7.600,14.200
2024-11-20,13.800,,12.800,13.200,11.600,17.600
2024-11-21,7.100,,6.400,6.600,6.100,8.700
2024-11-22,6.600,,6.500,7.300,6.700,9.100
2024-11-23,4.400,,4.500,5.200,4.200,5.700
2024-11-24,2.600,,2.700,4.900,5.800,5.200
2024-11-25,5.400,,2.600,8.000,9.700,14.700
2024-11-26,4.900,,2.400,6.500,9.800,15.400
2024-11-27,7.700,,4.500,8.400,7.300,16.200
2024-11-28,6.800,,4.600,8.100,7.600,23.700
2024-11-29,7.700,,6.500,7.600,6.300,12.200
2024-11-30,4.300,,3.800,3.700,3.300,5.000
2024-12-01,4.100,,3.800,3.700,3.200,4.600
2024-12-02,4.900,,4.200,5.000,4.300,5.700
2024-12-03,6.500,,4.400,4.800,3.900,8.400
2024-12-04,9.400,,7.900,8.900,6.300,13.700
2024-12-05,7.000,,4.700,5.700,3.600,7.600
2024-12-06,4.600,,4.100,4.700,3.000,6.600
2024-12-07,7.300,,7.300,5.900,3.700,9.300
2024-12-08,4.200,,5.700,4.400,2.300,5.400
2024-12-09,6.400,,3.400,5.800,4.100,12.100
2024-12-10,7.600,,2.900,6.000,5.500,20.100
2024-12-11,5.300,,2.800,12.500,10.200,21.800
2024-12-12,4.200,,4.300,5.800,3.900,6.300
2024-12-13,5.600,,6.500,7.800,3.800,5.700
2024-12-14,8.800,,8.500,8.300,6.500,11.300
2024-12-15,5.000,,3.900,3.900,2.700,5.300
2024-12-16,3.700,,3.300,4.900,4.300,4.600
2024-12-17,7.000,,2.600,5.400,5.700,11.900
2024-12-18,7.600,,3.400,5.000,5.800,11.700
2024-12-19,7.400,,5.000,6.200,4.800,12.300
2024-12-20,9.800,,12.100,12.400,9.500,10.100
2024-12-21,6.800,,5.400,7.100,4.700,6.700
2024-12-22,4.700,,3.400,4.900,4.100,5.400
2024-12-23,5.800,,6.500,8.400,6.400,6.000
2024-12-24,4.100,,4.200,4.500,3.300,4.100
2024-12-25,3.000,,2.400,3.200,2.400,3.300
2024-12-26,4.600,,3.500,5.300,5.100,5.700
2024-12-27,5.500,,4.700,7.100,5.400,6.900
2024-12-28,9.600,,4.400,7.200,7.700,11.800
2024-12-29,7.600,,5.200,9.700,8.600,15.300
2024-12-30,10.500,,6.200,12.900,10.400,22.200
2024-12-31,7.600,,7.400,12.800,11.000,26.000
2025-01-01,3.800,,4.300,7.400,7.000,13.600
2025-01-02,3.200,,3.000,4.100,4.500,6.600
2025-01-03,6.100,,3.800,6.700,5.800,9.400
2025-01-04,9.200,,5.100,7.500,3.800,9.400
2025-01-05,6.500,,4.300,6.900,5.700,11.100
2025-01-06,7.200,,6.000,7.900,7.600,13.400
2025-01-07,11.400,,9.000,12.100,,11.000
2025-01-08,6.700,,7.500,7.800,,7.400
2025-01-09,7.300,,5.500,7.300,,10.500
2025-01-10,10.300,,9.900,11.800,4.700,9.500
2025-01-11,8.300,,6.900,9.200,4.800,9.400
2025-01-12,6.500,,5.500,6.300,3.300,7.800
2025-01-13,4.500,,1.800,3.900,3.900,4.900
2025-01-14,4.800,,5.800,4.300,5.000,4.900
2025-01-15,6.900,,3.900,6.800,,8.300
2025-01-16,5.000,,2.500,6.600,,10.900
2025-01-17,10.300,,8.600,9.600,9.000,10.000
2025-01-18,5.100,,5.400,5.500,8.700,8.300
2025-01-19,7.300,,4.800,7.300,10.000,14.000
2025-01-20,8.900,,5.100,9.300,9.500,16.200
2025-01-21,5.700,,3.900,5.000,5.200,11.400
2025-01-22,11.100,,9.400,11.100,12.500,18.000
2025-01-23,7.600,,7.300,6.900,7.000,10.700
2025-01-24,14.000,,11.300,11.800,10.100,14.900
2025-01-25,8.700,,4.200,7.700,7.800,12.000
2025-01-26,9.600,,7.200,8.000,7.300,10.400
2025-01-27,7.700,,6.500,6.400,6.300,9.900
2025-01-28,10.700,,9.400,9.300,5.800,13.600
2025-01-29,7.800,,7.000,5.800,3.900,7.400
2025-01-30,7.600,,6.700,6.100,5.400,12.400
2025-01-31,4.800,,5.500,7.400,7.000,12.400
2025-02-01,6.100,,6.000,8.300,5.300,5.900
2025-02-02,18.000,,15.000,16.800,8.600,15.900
2025-02-03,6.000,,3.000,5.100,4.200,9.700
2025-02-04,8.800,,2.800,6.500,6.500,18.600
2025-02-05,8.800,,5.900,11.900,9.700,14.900
2025-02-06,8.400,,8.000,12.700,10.100,13.000
2025-02-07,5.500,,5.100,7.500,7.500,7.500
2025-02-08,7.300,,6.100,6.200,4.300,6.700
2025-02-09,7.300,,5.900,5.400,4.700,7.100
2025-02-10,5.600,,5.400,5.800,5.500,5.900
2025-02-11,6.100,,6.900,9.600,7.800,8.700
2025-02-12,6.100,,3.500,6.900,9.400,13.500
2025-02-13,8.800,,7.000,12.000,10.800,14.100
2025-02-14,18.000,,15.300,17.500,15.500,20.700
2025-02-15,7.000,,5.900,6.700,5.200,8.500
2025-02-16,6.700,,5.800,6.700,5.000,5.600
2025-02-17,8.300,,4.000,7.400,7.300,12.400
2025-02-18,9.200,,5.300,7.900,9.700,17.900
2025-02-19,9.900,,7.300,11.500,11.700,14.500
2025-02-20,9.000,,7.900,10.800,12.100,9.100
2025-02-21,9.300,,8.700,11.500,12.100,13.700
2025-02-22,7.600,,6.200,8.300,9.900,11.700
2025-02-23,11.600,,6.400,8.900,11.400,14.700
2025-02-24,11.300,,5.700,8.700,9.000,11.700
2025-02-25,8.100,,6.300,7.100,6.400,13.100
2025-02-26,8.300,,7.200,9.200,6.500,11.200
2025-02-27,8.200,,8.500,7.800,4.500,8.400
2025-02-28,6.700,,5.300,5.800,5.800,8.800
2025-03-01,6.600,,6.800,8.900,5.800,6.900
2025-03-02,8.500,,7.600,13.500,4.100,6.600
2025-03-03,8.400,,7.700,10.100,6.400,8.600
2025-03-04,9.000,,7.500,11.100,9.600,9.600
2025-03-05,6.600,,6.800,7.200,7.000,8.400
2025-03-06,7.600,,7.200,9.300,8.300,9.600
2025-03-07,9.500,,5.900,12.500,6.700,8.900
2025-03-08,5.700,,3.800,5.300,3.500,6.200
2025-03-09,4.900,,4.300,6.800,5.900,6.400
2025-03-10,19.100,,18.000,25.600,14.800,22.000
2025-03-11,20.700,,21.300,23.500,18.300,22.600
2025-03-12,16.600,,18.800,18.200,14.900,18.100
2025-03-13,11.100,,16.100,14.000,17.700,14.300
2025-03-14,36.500,,46.300,43.900,49.800,38.300
2025-03-15,47.400,,34.900,49.800,47.100,53.100
2025-03-16,6.900,,5.700,7.000,5.100,6.000
2025-03-17,6.000,,2.900,6.800,5.300,7.000
2025-03-18,4.600,,5.200,7.500,5.700,5.700
2025-03-19,6.500,,7.000,7.300,6.800,7.400
2025-03-20,6.400,,7.500,8.200,9.800,9.100
2025-03-21,4.200,,6.200,9.400,9.500,8.300
2025-03-22,9.100,,12.600,10.800,9.700,
2025-03-23,33.000,,61.600,41.800,43.000,41.700
2025-03-24,40.600,,38.400,53.200,28.400,44.500
2025-03-25,18.300,,15.900,16.200,8.200,19.300
2025-03-26,5.800,,3.200,3.900,3.100,6.600
2025-03-27,6.500,,,5.400,3.800,9.000
2025-03-28,10.300,,,8.900,5.900,11.800
2025-03-29,8.700,,,7.400,4.900,8.900
2025-03-30,8.200,,,6.800,3.500,6.200
2025-03-31,6.700,,,5.800,4.300,5.800
2025-04-01,4.900,,,4.300,2.900,5.600
2025-04-02,5.000,,,3.600,3.400,5.400
2025-04-03,5.800,,,7.100,7.400,8.300
2025-04-04,6.900,,,7.900,7.500,9.300
2025-04-05,7.100,,5.000,6.800,7.200,8.000
2025-04-06,8.500,,7.000,7.200,6.300,8.500
2025-04-07,8.200,,7.800,7.500,6.400,7.800
2025-04-08,7.300,,6.500,8.400,8.000,9.500
2025-04-09,6.900,,6.000,7.400,8.500,8.300
2025-04-10,6.900,,6.400,8.500,7.300,7.300
2025-04-11,6.800,,6.400,7.000,7.100,7.200
2025-04-12,6.900,,5.200,6.300,7.700,8.400
2025-04-13,5.800,,6.700,6.600,7.400,6.500
2025-04-14,11.700,,15.100,17.900,12.500,12.900
2025-04-15,17.300,,20.500,30.000,21.600,19.400
2025-04-16,27.400,,37.400,44.500,33.800,29.700
2025-04-17,6.100,,4.300,8.600,4.700,7.700
2025-04-18,5.300,,3.800,5.000,4.700,5.600
2025-04-19,4.000,,4.100,4.900,6.400,6.500
2025-04-20,4.300,,4.400,6.000,7.000,6.000
2025-04-21,4.100,,4.600,5.900,4.100,5.600
2025-04-22,6.800,,7.300,7.100,4.900,6.900
2025-04-23,7.100,,7.500,9.400,4.200,13.100
2025-04-24,7.800,,7.800,9.600,5.200,11.800
2025-04-25,7.500,,8.500,9.200,4.800,9.000
2025-04-26,7.400,,5.700,7.900,4.900,7.400
2025-04-27,5.300,,6.100,9.500,6.400,5.800
2025-04-28,4.600,,4.500,5.300,5.400,5.200
2025-04-29,7.500,,7.300,7.400,7.600,7.800
2025-04-30,9.200,,7.200,8.500,10.000,9.800
2025-05-01,8.700,,7.300,6.900,8.500,8.800
2025-05-02,10.400,,6.300,5.300,8.300,11.100
2025-05-03,9.800,,5.600,6.700,9.600,10.500
2025-05-04,8.200,,7.300,5.100,9.200,8.500
2025-05-05,11.800,,9.600,,10.100,12.400
2025-05-06,12.900,,11.400,,10.700,
2025-05-07,8.400,,6.500,,6.500,10.500
2025-05-08,8.300,,6.700,,8.400,10.200
2025-05-09,8.800,,8.400,,7.700,16.300
2025-05-10,7.000,,5.900,,7.700,7.300
2025-05-11,9.800,,8.600,,10.500,12.300
2025-05-12,8.400,,6.400,,7.000,10.800
2025-05-13,8.400,,6.700,,6.500,10.200
2025-05-14,6.700,,6.300,,9.300,14.500
2025-05-15,10.000,,12.300,,9.300,10.300
2025-05-16,9.700,,7.500,,7.700,9.600
2025-05-17,10.600,,8.200,,8.800,25.100
2025-05-18,8.600,,7.800,,8.900,9.000
2025-05-19,8.300,,9.900,,8.200,20.300
2025-05-20,8.400,,11.400,10.300,10.100,11.800
2025-05-21,10.500,,8.900,10.000,7.200,10.400
2025-05-22,10.600,,,9.100,8.200,11.300
2025-05-23,10.300,,,9.600,7.900,11.600
2025-05-24,9.000,,7.300,7.800,6.200,12.300
2025-05-25,6.800,,6.700,6.600,4.100,6.500
2025-05-26,7.300,,6.400,6.700,5.600,10.300
2025-05-27,7.800,,6.000,6.400,6.100,7.900
2025-05-28,11.100,,8.600,9.200,5.700,8.700
2025-05-29,12.100,,8.700,9.400,6.200,10.100
2025-05-30,15.200,,6.700,8.900,7.200,10.300
2025-05-31,14.600,,4.400,7.900,7.100,9.500
2025-06-01,16.600,,4.200,10.600,6.200,7.700
2025-06-02,6.300,,4.500,6.200,6.500,6.900
2025-06-03,6.000,,6.900,9.400,9.200,7.700
2025-06-04,5.100,,7.700,14.200,9.400,6.900
2025-06-05,4.900,,8.300,13.100,11.500,8.000
2025-06-06,9.000,,7.300,12.300,12.300,12.400
2025-06-07,10.000,,5.300,10.500,10.300,12.600
2025-06-08,12.800,,7.500,10.400,10.400,13.000
2025-06-09,12.700,,9.300,11.600,10.900,12.700
2025-06-10,11.200,,10.000,12.800,12.000,12.300
2025-06-11,13.400,,11.800,14.800,14.200,14.800
2025-06-12,16.400,,13.200,18.100,18.200,17.000
2025-06-13,16.100,,13.600,15.700,17.600,16.300
2025-06-14,23.500,,13.700,18.100,18.600,16.800
2025-06-15,17.200,,16.500,18.100,17.800,17.200
2025-06-16,17.600,,14.400,16.200,15.700,16.300
2025-06-17,13.400,,,15.600,11.700,15.200
2025-06-18,11.100,,9.600,13.600,10.500,11.700
2025-06-19,7.800,,6.900,9.000,8.300,10.600
2025-06-20,7.000,,6.500,8.300,7.400,7.100
2025-06-21,10.700,,9.700,11.200,12.700,11.400
2025-06-22,13.600,,11.700,12.800,14.500,13.300
2025-06-23,12.300,,11.300,12.900,12.200,12.300
2025-06-24,12.000,,10.600,11.400,13.200,12.800
2025-06-25,12.500,,10.900,10.700,13.300,15.000
2025-06-26,13.100,,12.300,10.200,14.400,14.700
2025-06-27,13.100,,12.000,13.800,13.700,14.800
2025-06-28,13.100,,12.300,17.400,13.600,37.200
2025-06-29,10.800,,10.800,14.200,12.900,11.300
2025-06-30,8.300,,8.600,8.200,10.200,15.400
2025-07-01,8.000,,6.500,7.200,9.200,12.700
2025-07-02,8.000,,5.600,6.600,8.500,8.000
2025-07-03,9.400,,6.900,8.000,9.600,8.500
2025-07-04,13.300,,8.900,11.000,12.000,11.300
2025-07-05,14.200,,10.300,13.100,14.100,11.900
2025-07-06,15.600,,8.200,11.400,10.700,11.400
2025-07-07,9.500,,8.600,9.100,10.500,9.900
2025-07-08,10.400,,10.300,10.400,11.800,10.600
2025-07-09,9.500,,8.300,10.700,8.100,8.600
2025-07-10,5.200,,5.300,6.200,4.800,5.800
2025-07-11,5.600,,6.200,6.200,5.600,10.300
2025-07-12,4.700,,6.300,5.300,7.100,6.400
2025-07-13,5.700,,4.300,4.800,6.200,4.700
2025-07-14,6.900,,5.400,7.600,6.500,9.200
2025-07-15,7.400,,6.700,7.000,6.100,10.200
2025-07-16,9.100,,8.400,7.200,7.600,10.400
2025-07-17,11.900,,9.400,10.500,7.200,11.100
2025-07-18,10.100,,8.700,8.600,6.500,10.800
2025-07-19,8.100,,8.000,8.200,9.200,15.300
2025-07-20,7.800,,7.500,7.400,10.200,9.700
2025-07-21,8.000,,8.100,11.400,10.700,11.200
2025-07-22,12.000,,8.500,11.200,10.000,12.300
2025-07-23,7.300,,6.700,9.200,8.100,8.800
2025-07-24,9.300,,15.700,13.500,9.600,10.400
2025-07-25,9.400,,11.500,9.800,12.700,10.600
2025-07-26,11.600,,8.400,10.900,10.200,11.200
2025-07-27,9.300,,7.700,12.000,8.700,9.100
2025-07-28,10.000,,7.400,13.500,7.400,10.900
2025-07-29,9.200,,9.500,9.100,8.200,10.200
2025-07-30,7.800,,8.000,7.000,7.100,11.100
2025-07-31,6.900,,6.400,5.800,6.100,7.800
2025-08-01,7.200,,6.700,7.100,8.600,8.000
2025-08-02,9.400,,4.100,7.000,7.800,8.600
2025-08-03,7.000,,5.900,5.600,6.100,7.200
2025-08-04,7.800,,7.400,6.900,6.900,7.300
2025-08-05,5.500,,4.700,5.000,4.900,5.800
2025-08-06,7.300,,5.300,5.700,6.000,6.400
2025-08-07,6.600,,5.600,5.700,6.900,7.100
2025-08-08,9.200,,8.600,9.200,11.100,9.100
2025-08-09,11.000,,9.900,10.200,11.900,10.700
2025-08-10,10.900,,9.800,11.400,11.800,11.500
2025-08-11,15.100,,14.300,,15.800,11.500
2025-08-12,16.400,,12.800,,16.700,15.600
2025-08-13,15.400,,13.900,,17.000,16.200
2025-08-14,20.800,,14.200,17.000,17.500,17.600
2025-08-15,18.100,,15.700,19.900,16.000,18.400
2025-08-16,19.400,,17.700,20.000,19.300,17.600
2025-08-17,11.900,,11.800,12.400,12.200,11.200
2025-08-18,13.200,,12.300,15.400,12.900,12.400
2025-08-19,14.300,,12.200,15.800,13.800,13.300
2025-08-20,11.700,,11.300,13.300,12.600,11.800
2025-08-21,12.300,,12.800,17.800,14.300,14.200
2025-08-22,14.900,,10.500,16.400,11.100,14.100
2025-08-23,8.700,,6.900,9.800,7.100,8.700
2025-08-24,11.700,,7.100,10.200,7.800,9.900
2025-08-25,8.500,,6.300,8.100,7.900,7.400
2025-08-26,8.300,,7.000,9.600,10.300,9.700
2025-08-27,6.500,,6.200,7.200,9.300,7.100
2025-08-28,6.300,,7.700,9.400,8.900,7.000
2025-08-29,7.200,,7.900,10.500,9.200,7.800
2025-08-30,10.700,,8.400,13.000,10.200,9.500
2025-08-31,9.200,,5.300,6.400,6.100,5.800
2025-09-01,6.400,,4.300,6.800,7.900,6.500
2025-09-02,8.200,,6.000,8.100,7.900,7.800
2025-09-03,7.500,,5.700,7.200,6.800,6.600
2025-09-04,9.400,,6.400,9.400,9.500,7.600
2025-09-05,7.500,,4.400,7.300,,7.300
2025-09-06,8.800,,4.900,8.000,8.800,8.000
2025-09-07,11.400,,3.800,8.400,12.200,9.000
2025-09-08,5.600,,3.500,6.000,8.900,6.000
2025-09-09,5.400,,4.500,5.300,7.400,6.400
2025-09-10,7.500,,7.700,7.700,8.300,8.600
2025-09-11,7.200,,6.800,8.200,7.500,7.700
2025-09-12,8.500,,7.000,6.900,6.200,7.100
2025-09-13,8.000,,5.800,7.700,8.400,6.800
2025-09-14,7.000,,4.700,5.900,6.400,6.700
2025-09-15,6.400,,4.500,5.600,6.500,6.100
2025-09-16,7.000,,4.900,7.500,10.100,7.600
2025-09-17,7.700,,5.800,7.000,8.800,7.100
2025-09-18,6.800,,8.900,8.100,8.000,7.300
2025-09-19,6.800,,8.100,7.200,6.400,7.100
2025-09-20,6.400,,6.400,6.400,6.600,6.800
2025-09-21,5.900,,5.200,7.300,8.100,7.500
2025-09-22,5.600,,5.000,6.500,9.100,8.200
2025-09-23,6.300,,5.200,7.500,8.700,8.400
2025-09-24,6.200,,6.300,6.300,8.200,6.800
2025-09-25,6.400,,4.000,4.600,5.300,6.700
2025-09-26,6.200,,4.700,10.500,9.600,7.700
2025-09-27,6.600,,4.100,5.700,6.500,7.200
2025-09-28,5.500,,4.200,4.100,4.200,5.100
2025-09-29,6.100,,4.300,5.000,5.300,6.000
2025-09-30,7.900,,4.800,7.300,8.400,8.700
2025-10-01,6.600,,5.200,6.100,7.100,8.600
2025-10-02,6.100,,4.400,4.100,4.100,5.100
2025-10-03,4.600,,3.900,4.200,3.700,4.600
2025-10-04,8.800,,3.900,4.900,4.700,7.300
2025-10-05,8.600,,4.800,5.000,5.100,7.600
2025-10-06,7.600,,5.300,5.900,3.900,6.300
2025-10-07,3.300,,2.800,1.900,1.900,3.100
2025-10-08,4.600,,3.600,3.100,3.900,4.500
2025-10-09,7.100,,4.300,7.600,7.000,11.300
2025-10-10,4.200,,3.800,6.200,8.800,9.500
2025-10-11,4.600,,3.900,7.100,8.000,8.200
2025-10-12,6.000,,5.600,7.600,7.100,8.900
2025-10-13,7.100,,6.200,7.800,7.600,13.200
2025-10-14,8.400,,6.100,9.000,9.500,12.100
2025-10-15,6.100,,5.700,8.600,8.000,10.000
2025-10-16,6.500,,4.600,7.600,6.100,8.700
2025-10-17,5.900,,3.700,4.900,3.300,6.100
2025-10-18,5.200,,4.100,7.000,5.800,6.700
2025-10-19,5.200,,5.800,6.900,4.400,5.500
2025-10-20,8.000,,6.700,8.500,7.400,8.800
2025-10-21,,,5.600,7.100,,
2025-10-22,,,,7.300,,
2025-10-23,,,6.300,7.600,,
2025-10-24,,,8.400,10.000,,
2025-10-25,,,6.600,9.500,,
2025-10-26,,,11.900,10.900,,
2025-10-27,,,8.800,8.800,,
2025-10-28,8.000,,6.000,6.600,4.200,7.600
2025-10-29,5.400,,4.500,8.400,7.000,8.000
2025-10-30,5.400,,4.900,8.300,7.200,6.400
2025-10-31,8.400,,4.800,9.500,4.400,8.900
2025-11-01,5.500,,4.500,6.000,4.500,6.400
2025-11-02,5.800,,5.600,7.100,5.100,6.600
2025-11-03,8.000,,5.300,7.700,6.500,8.800
2025-11-04,7.400,,4.300,5.600,5.000,6.700
2025-11-05,6.700,,4.800,8.200,7.400,11.300
2025-11-06,4.500,,3.800,6.000,8.000,10.200
2025-11-07,7.500,,5.600,7.000,6.200,8.100
2025-11-08,6.400,,3.700,6.600,5.700,8.500
2025-11-09,6.400,,4.600,5.800,5.100,7.000
2025-11-10,5.000,,3.100,3.700,3.300,4.500
2025-11-11,6.600,,3.000,4.300,4.100,6.600
2025-11-12,11.900,,3.700,7.100,9.900,12.600
2025-11-13,8.500,,4.000,8.000,9.900,12.700
2025-11-14,7.300,,4.200,6.500,9.300,12.800
2025-11-15,5.900,,5.500,6.300,7.300,9.600
2025-11-16,6.500,,5.800,7.300,7.800,8.400
2025-11-17,16.400,,14.900,14.300,9.600,19.000
2025-11-18,19.200,,21.000,21.200,10.300,23.400
2025-11-19,12.900,,3.900,10.600,3.600,11.100
2025-11-20,7.300,,3.800,5.700,6.100,9.400
2025-11-21,5.700,,3.900,3.800,3.500,7.200
2025-11-22,4.600,,3.100,3.000,1.900,4.100
2025-11-23,4.700,,3.300,3.700,2.200,3.900
2025-11-24,5.300,,4.400,4.300,3.400,6.800
2025-11-25,10.300,,11.100,10.800,5.900,9.800
2025-11-26,8.300,,3.500,6.900,3.700,8.300
2025-11-27,4.500,,2.100,3.000,1.800,5.300
2025-11-28,4.600,,1.200,2.300,2.800,4.400
2025-11-29,7.200,,2.500,3.300,2.500,6.000
2025-11-30,7.300,,2.700,4.600,4.500,12.000
2025-12-01,6.100,,3.600,7.700,8.700,20.600
2025-12-02,7.800,,5.900,10.900,13.700,17.200
2025-12-03,8.900,,5.200,7.400,6.200,10.300
2025-12-04,6.600,,4.300,4.700,4.100,7.400
2025-12-05,5.300,,3.500,3.800,3.700,6.000
2025-12-06,5.700,,4.700,4.300,3.600,3.900
2025-12-07,7.600,,6.700,7.400,5.300,5.600
2025-12-08,8.700,,5.900,8.600,6.200,8.500
2025-12-09,7.000,,3.900,9.900,10.400,14.500
2025-12-10,7.800,,3.800,11.600,10.500,16.200
2025-12-11,12.000,,5.700,12.100,12.800,19.600
2025-12-12,21.600,,7.900,16.800,16.200,24.600
2025-12-13,6.000,,6.500,8.700,9.700,9.300
2025-12-14,7.100,,6.800,10.400,10.500,14.300
2025-12-15,7.300,,6.900,10.800,8.900,11.200
2025-12-16,6.600,,5.300,7.800,6.300,9.300
2025-12-17,7.300,,5.600,10.300,9.100,
2025-12-18,6.300,,5.800,8.700,7.700,9.300
2025-12-19,5.600,,5.200,8.900,6.000,7.600
2025-12-20,3.800,,3.100,5.600,5.700,6.500
2025-12-21,4.900,,3.000,5.300,5.500,6.700
2025-12-22,7.400,,3.200,6.300,8.600,14.700
2025-12-23,4.300,,3.700,3.900,4.200,8.100
2025-12-24,4.200,,3.600,3.400,3.500,5.100
2025-12-25,8.200,,7.700,7.100,6.400,8.700
2025-12-26,2.800,,2.700,3.400,4.700,6.500
2025-12-27,6.800,,5.800,7.200,4.000,5.800
2025-12-28,9.000,,6.100,8.200,7.700,9.900
2025-12-29,6.900,,5.100,8.600,9.700,9.900
2025-12-30,7.100,,,4.700,5.100,8.500
2025-12-31,5.300,,4.400,5.800,4.700,6.800
2026-01-01,5.982,,5.244,5.526,6.749,6.577
2026-01-02,5.018,,5.202,4.244,4.985,
2026-01-03,8.879,,10.534,8.577,11.106,9.064
2026-01-04,19.262,,16.620,18.713,24.425,19.052
2026-01-05,45.569,,43.158,46.444,60.807,44.064
2026-01-06,41.691,,31.674,38.119,49.415,39.744
2026-01-07,9.734,,5.555,7.716,8.052,
2026-01-08,7.755,,7.635,7.690,7.996,
2026-01-09,9.308,,7.434,8.064,8.062,
2026-01-10,10.243,,7.521,7.979,8.928,
2026-01-11,6.868,,5.721,6.106,6.728,5.426
2026-01-12,6.245,,2.326,4.018,6.577,7.102
2026-01-13,5.742,,2.370,5.320,6.481,15.733
2026-01-14,7.082,,5.346,7.799,8.607,14.337
2026-01-15,10.181,,10.034,11.409,11.364,11.081
2026-01-16,13.325,,10.014,14.099,13.189,13.034
2026-01-17,7.169,,4.939,9.369,,9.892
2026-01-18,8.950,,7.904,9.343,10.232,13.414
2026-01-19,19.235,,15.236,21.028,20.519,18.206
2026-01-20,37.875,,21.178,37.644,39.260,34.407
2026-01-21,15.266,,12.291,13.569,15.431,17.285
2026-01-22,,,11.296,12.551,16.024,16.565
2026-01-23,10.040,,5.856,7.354,7.584,8.364
2026-01-24,31.763,,31.361,31.228,45.183,32.068
2026-01-25,14.161,,9.763,12.161,12.692,12.690
2026-01-26,6.514,,5.763,6.118,6.819,6.655
2026-01-27,6.967,,4.490,5.101,5.462,6.927
2026-01-28,26.422,,22.682,26.854,29.739,
2026-01-29,12.866,,9.871,11.980,12.953,12.555
2026-01-30,8.158,,6.144,6.346,6.106,8.949
2026-01-31,9.345,,7.142,8.409,8.200,10.566
2026-02-01,6.304,,5.771,5.911,5.927,6.654
2026-02-02,9.355,,7.223,8.484,8.551,11.080
2026-02-03,15.057,,13.792,16.348,16.050,16.709
2026-02-04,35.713,,28.218,35.832,43.062,36.841
2026-02-05,35.696,,24.782,33.190,38.835,33.387
2026-02-06,26.001,,22.594,24.537,28.654,26.663
2026-02-07,13.712,,,11.653,10.124,14.427
2026-02-08,7.370,,6.424,6.970,7.211,8.551
2026-02-09,8.537,,5.860,7.443,7.784,9.786
2026-02-10,7.062,,5.179,6.248,5.602,7.973
2026-02-11,10.059,,9.257,10.725,9.049,12.335
2026-02-12,14.741,,14.808,15.008,15.681,16.308
2026-02-13,18.126,,16.221,,18.338,19.900
2026-02-14,21.698,,16.231,22.497,24.706,23.163
2026-02-15,10.390,,9.476,,9.916,11.356
2026-02-16,13.341,,11.841,13.302,12.816,14.972
2026-02-17,12.804,,12.666,13.204,13.154,14.220
2026-02-18,12.075,,9.244,10.436,10.994,13.154
2026-02-19,10.241,,8.754,10.439,8.753,12.022
2026-02-20,9.558,,8.782,8.953,9.422,10.717
2026-02-21,15.069,,11.543,12.481,12.767,14.067
2026-02-22,7.538,,6.084,5.619,5.817,6.963
2026-02-23,9.676,,6.728,7.810,6.846,11.333
2026-02-24,8.905,,6.828,7.675,6.676,11.225
2026-02-25,9.894,,7.395,9.090,8.488,
2026-02-26,11.373,,8.117,13.739,9.139,14.821
2026-02-27,13.301,,6.470,10.915,7.104,14.910
2026-02-28,12.416,,5.181,8.586,7.011,12.610
2026-03-01,9.733,,8.587,12.224,10.579,14.322
2026-03-02,8.116,,8.997,10.694,10.204,11.784
2026-03-03,8.767,,7.502,10.118,9.021,9.890
2026-03-04,8.571,,8.272,9.948,8.696,10.057
2026-03-05,7.942,,7.118,9.516,8.205,
2026-03-06,12.007,,9.828,13.094,11.053,13.220
2026-03-07,15.225,,13.679,15.710,15.361,16.493
2026-03-08,19.215,,16.550,19.849,18.674,20.157
2026-03-09,17.717,,15.115,17.252,17.035,18.899
2026-03-10,15.218,,12.065,15.285,14.964,16.789
2026-03-11,15.189,,12.313,14.732,13.982,16.824
2026-03-12,15.408,,12.151,14.234,13.202,15.351
2026-03-13,15.146,,8.165,10.271,9.468,14.172
2026-03-14,5.107,,2.671,4.011,4.236,6.530
2026-03-15,12.345,,8.121,10.218,9.911,11.157
2026-03-16,7.752,,6.064,7.702,8.451,9.772
2026-03-17,10.696,,7.106,9.498,11.276,12.234
2026-03-18,13.334,,7.772,10.962,10.504,13.012
2026-03-19,6.259,,3.529,5.018,4.597,6.844
2026-03-20,7.864,,3.752,5.638,5.156,9.754
2026-03-21,9.110,,8.015,9.294,8.514,13.327
2026-03-22,7.512,,5.925,7.135,7.001,11.378
2026-03-23,8.165,,4.614,6.679,6.957,10.545
2026-03-24,11.976,,5.045,8.101,8.109,13.287
2026-03-25,11.738,,9.665,10.183,10.467,12.251
2026-03-26,11.902,,9.558,10.409,10.683,13.314
2026-03-27,8.071,,6.109,6.599,7.427,8.784
2026-03-28,6.668,,4.397,4.525,4.949,5.683
2026-03-29,10.935,,7.098,9.006,8.486,11.093
2026-03-30,12.841,,6.189,9.713,7.947,16.022
2026-03-31,7.753,,6.178,6.762,6.798,9.063
2026-04-01,5.569,,4.635,5.105,5.179,6.273
2026-04-02,6.314,,5.948,5.977,6.059,7.155
2026-04-03,8.357,,7.389,7.821,7.374,8.934
2026-04-04,,,6.710,6.373,6.478,8.519
2026-04-05,12.656,,8.843,8.976,8.510,12.982
2026-04-06,13.046,,10.350,10.781,9.643,13.986
2026-04-07,11.610,,9.327,9.104,8.240,11.989
2026-04-08,9.008,,8.923,7.628,8.520,10.731
2026-04-09,14.251,,9.647,9.905,10.708,16.227
2026-04-10,9.128,,7.996,7.119,7.923,10.289
2026-04-11,8.115,,5.990,8.044,7.845,12.549
2026-04-12,15.126,,11.383,15.492,14.102,14.504
2026-04-13,81.867,,85.701,98.858,117.350,85.265
2026-04-14,65.610,,39.016,64.782,65.885,60.867
2026-04-15,9.126,,5.801,8.993,6.902,9.085
2026-04-16,14.314,,10.476,14.311,12.230,14.395
2026-04-17,15.709,,12.419,14.928,13.622,16.457
2026-04-18,20.103,,11.960,17.977,16.028,18.968
2026-04-19,23.185,,11.960,22.102,19.409,23.180
2026-04-20,18.203,,11.960,16.249,14.931,18.410
2026-04-21,17.609,,,17.361,16.197,19.072
2026-04-22,18.451,,,18.032,19.457,21.654
2026-04-23,8.854,,,9.742,10.286,10.321
2026-04-24,8.029,,,7.109,8.482,8.343
2026-04-25,8.374,,,5.651,5.669,8.154
2026-04-26,6.532,,,5.104,4.525,6.809
2026-04-27,7.611,,,8.383,7.065,8.924
2026-04-28,7.935,,,8.892,8.246,9.586
2026-04-29,10.418,,9.208,11.758,10.232,11.781
2026-04-30,10.884,,10.467,12.221,10.071,12.415
2026-05-01,11.039,,9.512,11.340,10.817,11.724
2026-05-02,9.118,,8.323,8.708,9.214,9.729
2026-05-03,10.453,,7.473,8.705,7.758,5.018
2026-05-04,8.495,,7.094,8.740,7.596,9.869
2026-05-05,6.979,,6.469,8.980,7.576,
2026-05-06,14.038,,13.273,16.279,15.183,
2026-05-07,32.951,,31.572,37.181,36.251,
2026-05-08,32.902,,28.912,33.164,30.471,34.939
2026-05-09,22.220,,16.154,21.470,18.310,20.964
2026-05-10,19.784,,14.986,20.773,17.079,19.450
2026-05-11,10.266,,10.390,9.385,8.582,9.987
2026-05-12,9.229,,8.185,8.296,7.444,9.548
2026-05-13,10.512,,10.366,11.801,9.338,12.407
2026-05-14,7.592,,6.447,7.548,6.501,8.929
2026-05-15,13.543,,11.019,13.899,12.756,
2026-05-16,12.376,,9.438,11.297,9.144,
2026-05-17,8.402,,5.369,6.822,5.325,7.549
2026-05-18,8.648,,6.166,8.708,5.861,10.240
2026-05-19,7.465,,6.288,7.037,4.741,8.149
2026-05-20,6.959,,6.277,6.558,5.272,
2026-05-21,8.221,,5.904,8.516,5.263,8.400
2026-05-22,11.020,,9.085,10.234,7.054,10.972
2026-05-23,11.558,,7.074,9.659,6.808,12.084
2026-05-24,9.852,,6.313,8.686,6.517,11.138
2026-05-25,14.157,,9.979,11.202,9.644,14.267
2026-05-26,12.865,,10.575,11.876,10.346,13.365
2026-05-27,14.284,,9.306,11.008,10.762,13.740
2026-05-28,12.359,,9.874,10.034,9.306,12.556
2026-05-29,14.047,,12.390,13.860,12.484,15.680
2026-05-30,10.399,,9.541,10.600,9.860,11.255
2026-05-31,12.049,,8.490,10.117,8.071,10.828
2026-06-01,13.114,,10.897,11.276,9.737,13.130
2026-06-02,11.257,,9.355,10.277,8.852,11.680
2026-06-03,11.753,,10.569,11.558,10.503,13.191
2026-06-04,12.919,,10.555,12.665,12.088,14.311
2026-06-05,17.302,,13.359,16.525,16.049,18.072
2026-06-06,11.756,,9.923,12.612,11.410,13.194
2026-06-07,12.376,,10.188,10.144,9.627,12.927
2026-06-08,9.977,,7.434,9.448,8.308,10.639
2026-06-09,11.878,,9.760,11.664,8.755,12.042
2026-06-10,10.870,,7.871,10.963,8.780,11.673
2026-06-11,9.228,,9.668,10.736,10.139,11.933
2026-06-12,14.104,,12.288,12.955,11.545,15.388
2026-06-13,14.933,,11.807,13.920,11.581,14.592
2026-06-14,11.795,,6.022,9.897,7.992,12.078
2026-06-15,8.644,,6.662,8.133,7.266,9.249
2026-06-16,9.110,,8.443,8.843,8.222,10.172
2026-06-17,,,8.675,9.755,8.218,10.221
2026-06-18,,,9.674,13.208,9.573,12.235
2026-06-19,,,7.878,9.841,8.446,11.176
2026-06-20,11.561,,6.665,8.700,8.033,9.285
2026-06-21,10.216,,5.802,8.130,8.024,9.504
2026-06-22,10.530,,8.041,10.457,10.525,11.146
2026-06-23,11.298,,,9.848,8.571,
2026-06-24,10.126,,,9.159,8.529,
2026-06-25,9.672,,7.798,8.473,7.801,9.651
2026-06-26,12.377,,9.681,10.763,10.147,12.183
2026-06-27,14.686,,12.956,13.637,13.486,16.344
2026-06-28,15.491,,14.357,14.101,14.149,16.720
2026-06-29,16.817,,14.386,15.503,15.981,19.236
2026-06-30,15.653,,16.515,15.506,15.900,18.128
2026-07-01,17.069,,14.519,15.931,14.548,19.721
2026-07-02,16.610,,15.001,16.447,14.088,19.829
2026-07-03,13.718,,11.906,13.101,11.103,15.526
2026-07-04,12.625,,10.769,10.815,10.075,12.901
2026-07-05,11.811,,10.513,10.933,9.388,13.808
2026-07-06,9.238,,7.422,9.268,7.931,9.524
2026-07-07,7.074,,6.868,6.422,6.004,8.665
2026-07-08,8.205,,8.574,7.845,6.889,9.528
2026-07-09,13.654,,11.536,11.540,10.233,13.081
2026-07-10,10.705,,11.432,12.288,11.288,13.022
2026-07-11,9.776,,11.459,10.965,9.200,11.786
2026-07-12,,,8.093,8.403,7.526,10.721
2026-07-13,12.324,,11.503,11.685,10.165,14.722
2026-07-14,14.758,,-126.863,11.882,10.319,14.397
2026-07-15,10.877,,9.817,9.963,8.518,12.373
2026-07-16,17.074,,17.023,15.824,14.627,21.474
2026-07-17,15.540,,16.118,15.358,16.695,19.829
2026-07-18,19.600,,17.626,16.833,16.605,21.810
2026-07-19,25.980,,24.890,-239.213,26.195,29.784
2026-07-20,24.482,,21.659,23.781,26.636,27.095
2026-07-21,26.143,,24.003,26.788,30.450,29.726
2026-07-22,23.269,,21.995,,25.687,25.133
2026-07-23,26.484,,,23.112,23.072,26.066
2026-07-24,14.509,,13.204,13.608,13.561,
2026-07-25,8.375,,7.865,8.998,9.465,
2026-07-26,8.949,,8.438,8.971,9.417,9.157
2026-07-27,11.615,,9.578,11.595,11.336,11.598
2026-07-28,17.172,,16.992,16.485,16.520,17.828
2026-07-29,10.212,,8.446,9.126,8.753,10.802
2026-07-30,11.719,,9.828,11.117,10.057,12.525
2026-07-31,14.226,,14.291,14.600,15.784,15.272
2026-08-01,18.982,,16.743,17.661,17.647,18.920
2026-08-02,17.400,,14.935,16.149,15.684,18.624
2026-08-03,16.853,,12.866,16.071,14.298,16.823
2026-08-04,14.582,,12.588,14.553,13.905,15.143
2026-08-17,,,11.657,13.620,12.063,14.040
2026-08-18,,,12.135,12.611,12.200,13.723
2026-08-19,,,10.002,10.802,10.890,
2026-08-20,,,11.599,11.746,11.067,10.419
2026-08-21,,,9.461,10.915,10.114,11.279
2026-08-22,,,8.415,8.794,7.464,11.341
2026-08-23,,,9.129,10.207,9.563,11.332
2026-08-24,,,15.363,13.661,13.845,13.722
2026-08-25,,,11.669,12.767,13.439,13.485
2026-08-26,,,13.477,14.680,15.004,16.906
2026-08-27,,,15.780,17.495,18.925,17.399
2026-08-28,,,16.618,28.953,26.908,23.721
2026-08-29,,,,33.419,35.388,
2026-08-30,,,,31.200,33.581,
2026-08-31,,,15.522,18.955,18.282,18.956
2026-09-01,,,11.946,13.731,13.176,12.734
2026-09-02,,,7.238,11.748,9.993,10.979
2026-09-03,,,6.277,7.519,7.040,8.020
2026-09-04,,,7.476,9.212,8.267,10.047
2026-09-05,,,7.480,9.943,8.264,10.919
2026-09-06,,,7.460,9.080,8.283,11.399
2026-09-07,,,8.012,10.361,8.340,11.487
2026-09-08,,,6.903,11.528,9.652,12.640
2026-09-09,,,5.828,8.502,6.827,9.084
2026-09-10,,,9.905,12.336,10.951,12.349
2026-09-11,,,10.401,11.731,11.005,11.194
2026-09-12,,,7.759,11.192,9.031,9.689
2026-09-13,,,7.260,12.441,11.711,13.540
2026-09-14,,,6.140,8.472,7.277,9.242
2026-09-15,,,6.199,9.507,7.277,10.390
2026-09-16,,,5.960,7.952,6.518,9.844
2026-09-17,,,4.347,8.787,6.191,9.438
2026-09-18,,,5.002,7.376,6.329,9.661
2026-09-19,,,7.021,9.707,7.695,11.081
2026-09-20,,,5.106,9.010,6.712,10.495
2026-09-21,,,4.762,7.669,5.720,9.005
2026-09-22,,,7.080,10.243,8.456,11.498
2026-09-23,,,6.562,8.368,9.009,10.578
2026-09-24,,,6.192,9.555,8.585,10.042
2026-09-25,,,5.279,6.983,6.458,9.830
2026-09-26,,,6.165,7.533,6.777,9.313
2026-09-27,,,5.716,6.530,8.176,7.686
2026-09-28,,,8.124,12.429,9.015,10.499
2026-09-29,,,7.505,12.170,9.243,12.386
2026-09-30,,,7.289,11.483,9.989,12.622
2026-10-01,,,8.591,7.601,8.469,7.689
2026-10-02,,,7.526,9.274,8.722,9.782
2026-10-03,,,6.312,14.057,9.991,13.351
2026-10-04,,,6.965,14.949,13.090,17.265
2026-10-05,,,7.790,13.559,9.868,14.542
