pledge,party,election,pledge_summary,rank,candidate,candidate_party,candidate_election,candidate_summary,score,strength,text_similarity,why,decision
MP-ABBA-2022-ENV-01,abba,2022,Harvest rainwater better and use it directly instead of letting it run off to sea with topsoil.,1,MP-PN-2026-ENI-31,pn,2026,Run a pilot project and targeted scheme to recharge groundwater by returning rainwater to the aquifer.,0.35,possible,0.27,"shared: rainwater, run, reservoir (concept); other party; same subtopic (Water supply & groundwater)",
MP-ABBA-2022-ENV-01,abba,2022,Harvest rainwater better and use it directly instead of letting it run off to sea with topsoil.,2,MP-ADPD-2026-WATER-01,adpd,2026,"Monitor buildings now going up more closely, so they provide for rainwater storage.",0.21,weak,0.13,"shared: rainwater, reservoir (concept); other party; same subtopic (Water supply & groundwater)",
MP-ABBA-2022-ENV-01,abba,2022,Harvest rainwater better and use it directly instead of letting it run off to sea with topsoil.,3,MP-PN-2026-AMB-45,pn,2026,Make consultation with local councils mandatory before national projects that directly affect their communities.,0.16,weak,0.16,shared: directly; other party; other topic,
MP-ABBA-2022-ENV-02,abba,2022,"Build new public and private housing to use less energy and collect water in wells, with money-saving incentives for recycling that water.",1,MP-PL-2026-16-25,pl,2026,"Build another reservoir at Tax-Xwieki, Ħal Għargħur, to supply the centre of the country.",0.18,weak,0.10,shared: build; other party; same subtopic (Water supply & groundwater),
MP-ABBA-2022-ENV-02,abba,2022,"Build new public and private housing to use less energy and collect water in wells, with money-saving incentives for recycling that water.",2,MP-PN-2026-AMB-18,pn,2026,"Launch an investment programme preparing the economy for climate change: clean energy, resilient infrastructure, water systems, circular industry and advanced recycling.",0.17,weak,0.17,"shared: recycling, water, energy, recycling (concept); other party; other topic",
MP-ABBA-2022-ENV-02,abba,2022,"Build new public and private housing to use less energy and collect water in wells, with money-saving incentives for recycling that water.",3,MP-MOMENTUM-2026-71,momentum,2026,"Independently assess electricity, water and drainage capacity against population needs and draw up a long-term plan to end blackouts, water shortages and flooding.",0.17,weak,0.09,shared: water; other party; same subtopic (Water supply & groundwater),
MP-ABBA-2022-ENV-03,abba,2022,Move fish farms to a selected area away from the shore and monitor them properly.,1,MP-ADPD-2026-FISH-05,adpd,2026,"Authorities should ensure fish-farm permit conditions are observed, given harm to nearby Posidonia meadows.",0.34,weak,0.26,"shared: fish, farm, fishfarm (concept), fish farm; other party; same subtopic (Marine protection)",
MP-ABBA-2022-ENV-03,abba,2022,Move fish farms to a selected area away from the shore and monitor them properly.,2,MP-ADPD-2026-FISH-04,adpd,2026,"Fish-farm operators must take every measure to eliminate slime in bays, with decisive action by authorities against those who do not.",0.33,weak,0.25,"shared: fish, farm, fishfarm (concept), fish farm; other party; same subtopic (Marine protection)",
MP-ABBA-2022-ENV-03,abba,2022,Move fish farms to a selected area away from the shore and monitor them properly.,3,MP-MOMENTUM-2026-109,momentum,2026,Use EU fisheries funding to help traditional fishers move to ecologically sustainable practices.,0.25,weak,0.17,shared: move; other party; same subtopic (Marine protection),
MP-ABBA-2022-ENV-04,abba,2022,Ban ships from berthing on Hurd's Bank and require them to anchor in at least 400 m of water instead of the present 200 m.,1,MP-PN-2026-AMB-01,pn,2026,"Guarantee at least one genuine park per locality, prioritising trees, shade and natural ground over concrete, with more afforestation and open space in Malta and Gozo.",0.22,weak,0.22,shared: least; other party; other topic,
MP-ABBA-2022-ENV-04,abba,2022,Ban ships from berthing on Hurd's Bank and require them to anchor in at least 400 m of water instead of the present 200 m.,2,MP-MOMENTUM-2026-111,momentum,2026,"Oppose private pools, restaurants, expanded berthing and similar private development on protected marine sites.",0.22,weak,0.14,shared: berthing; other party; same subtopic (Marine protection),
MP-ABBA-2022-ENV-04,abba,2022,Ban ships from berthing on Hurd's Bank and require them to anchor in at least 400 m of water instead of the present 200 m.,3,MP-ADPD-2026-WASTE-09,adpd,2026,Incinerate the least waste possible; criticises the government's plan to incinerate 40% of waste and an incinerator sized accordingly.,0.19,weak,0.19,shared: least; other party; other topic,
MP-ABBA-2022-ENV-05,abba,2022,"Require vehicles not meeting EU standards, especially plant and government vehicles, to be fitted with emission filters to cut air pollution.",1,MP-PN-2026-ENI-30,pn,2026,Cut the home electric-vehicle charging rate from 12.98c to the cheapest 10.47c rate.,0.20,weak,0.20,"shared: vehicle, cut; other party; other topic",
MP-ABBA-2022-ENV-05,abba,2022,"Require vehicles not meeting EU standards, especially plant and government vehicles, to be fitted with emission filters to cut air pollution.",2,MP-PL-2026-16-20,pl,2026,"Aim for every home to have tap-water filters; incentives to buy filters continue, plus a free filter for first-time property buyers.",0.20,weak,0.20,shared: filter; other party; other topic,
MP-ABBA-2022-ENV-05,abba,2022,"Require vehicles not meeting EU standards, especially plant and government vehicles, to be fitted with emission filters to cut air pollution.",3,MP-ADPD-2026-ENV-01,adpd,2026,Move towards sustainable mobility to tackle poor air quality caused largely by the rising number of cars.,0.17,weak,0.09,"shared: air, airquality (concept); other party; same subtopic (Cars & traffic)",
MP-ABBA-2022-ENV-06,abba,2022,Overhaul the body the document calls CMEPA so that the public interest takes priority over developers' interests.,1,MP-PN-2026-AMB-13,pn,2026,"Improve public access to environmental data, studies and documents, and provide legal aid for public-interest environmental cases.",0.31,weak,0.31,"shared: interest, document; other party; other topic",
MP-ABBA-2022-ENV-06,abba,2022,Overhaul the body the document calls CMEPA so that the public interest takes priority over developers' interests.,2,MP-MOMENTUM-2026-73,momentum,2026,Rebuild the Planning Authority with planning experts independent of the construction industry and free of conflicts of interest.,0.23,weak,0.19,shared: interest; other party; same topic (Planning & Housing),
MP-ABBA-2022-ENV-06,abba,2022,Overhaul the body the document calls CMEPA so that the public interest takes priority over developers' interests.,3,MP-ADPD-2026-HUNT-01,adpd,2026,"Biodiversity protection should override every other interest, with validated scientific research guiding decisions.",0.21,weak,0.21,shared: interest; other party; other topic,
MP-ADPD-2022-1,adpd,2022,"Use every public building, factory and commercial building to generate solar energy.",1,MP-ADPD-2026-1,adpd,2026,"Use every public, commercial and industrial building for solar generation, and consider wind where space permits.",0.57,strong,0.39,"shared: commercial, building, every, solar, use; same party; same subtopic (Renewables)",
MP-ADPD-2022-1,adpd,2022,"Use every public building, factory and commercial building to generate solar energy.",2,MP-ADPD-2026-8,adpd,2026,Require every new building to be carbon neutral and generate all the energy it needs.,0.47,possible,0.33,"shared: generate, building, every, every building, energy; same party; same topic (Climate & Energy)",
MP-ADPD-2022-1,adpd,2022,"Use every public building, factory and commercial building to generate solar energy.",3,MP-ADPD-2026-CLIM-02,adpd,2026,"Install solar panels on every building and invest in new infrastructure, including offshore wind turbines.",0.42,possible,0.24,"shared: building, every, solar, every building, solar (concept); same party; same subtopic (Renewables)",
MP-ADPD-2022-10,adpd,2022,"Set feed-in tariffs, subsidies and incentives for renewables over a long horizon, for example 20 years, to give investment certainty.",1,MP-ADPD-2026-13,adpd,2026,"Set feed-in tariffs, subsidies and incentives for renewables over a long horizon, for example 20 years.",1.16,strong,0.98,"shared: example, subsidie, horizon, feed, tariff; same party; same subtopic (Renewables)",
MP-ADPD-2022-10,adpd,2022,"Set feed-in tariffs, subsidies and incentives for renewables over a long horizon, for example 20 years, to give investment certainty.",2,MP-ADPD-2026-3,adpd,2026,Introduce time-of-day electricity tariffs to balance energy use.,0.28,weak,0.14,"shared: tariff, bills (concept); same party; same topic (Climate & Energy)",
MP-ADPD-2022-10,adpd,2022,"Set feed-in tariffs, subsidies and incentives for renewables over a long horizon, for example 20 years, to give investment certainty.",3,MP-ADPD-2026-17,adpd,2026,"Malta should generate 50% of its energy from renewable sources by 2030, replacing the current 25% target.",0.25,weak,0.07,shared: renewable; same party; same subtopic (Renewables),
MP-ADPD-2022-11,adpd,2022,"Require, with immediate effect, every new building to have a solar water heater.",1,MP-ADPD-2026-CLIM-02,adpd,2026,"Install solar panels on every building and invest in new infrastructure, including offshore wind turbines.",0.41,possible,0.23,"shared: every, solar, building, every building, solar (concept); same party; same subtopic (Renewables)",
MP-ADPD-2022-11,adpd,2022,"Require, with immediate effect, every new building to have a solar water heater.",2,MP-ADPD-2026-1,adpd,2026,"Use every public, commercial and industrial building for solar generation, and consider wind where space permits.",0.41,possible,0.23,"shared: every, solar, building solar, building, solar (concept); same party; same subtopic (Renewables)",
MP-ADPD-2022-11,adpd,2022,"Require, with immediate effect, every new building to have a solar water heater.",3,MP-ADPD-2026-CLIM-05,adpd,2026,"Revise the (climate-related) targets immediately, described as vague and unambitious.",0.39,possible,0.25,shared: immediately; same party; same topic (Climate & Energy),
MP-ADPD-2022-11,adpd,2022,"Require, with immediate effect, every new building to have a solar water heater.",x,MP-PL-2026-13-28,pl,2026,"Gozo to be the first part of the country to become climate neutral, with stronger incentives for solar panels, batteries and solar water heaters.",0.42,possible,0.34,"shared: heater, solar, water, solar water, water heater; other party; same subtopic (Renewables)",
MP-ADPD-2022-12,adpd,2022,"Extract as much methane as possible from organic waste, including farm manure, and use it to generate electricity.",1,MP-ADPD-2026-EN-01,adpd,2026,"Generate and store as much of Malta's energy as possible locally, while remaining part of the European grid.",0.38,possible,0.24,"shared: generate, possible; same party; same topic (Climate & Energy)",
MP-ADPD-2022-12,adpd,2022,"Extract as much methane as possible from organic waste, including farm manure, and use it to generate electricity.",2,MP-ADPD-2026-7,adpd,2026,"Use rehabilitated quarries more for solar farms, crops and woodland, under strict rules ensuring reversible structures and no other uses.",0.31,weak,0.13,"shared: farm, use; same party; same subtopic (Renewables)",
MP-ADPD-2022-12,adpd,2022,"Extract as much methane as possible from organic waste, including farm manure, and use it to generate electricity.",3,MP-ADPD-2026-WASTE-09,adpd,2026,Incinerate the least waste possible; criticises the government's plan to incinerate 40% of waste and an incinerator sized accordingly.,0.30,weak,0.20,"shared: possible, waste; same party; other topic",
MP-ADPD-2022-12,adpd,2022,"Extract as much methane as possible from organic waste, including farm manure, and use it to generate electricity.",x,MP-PL-2026-14-53,pl,2026,Procurement closed for a new organic-waste plant converting organic waste into renewable energy or compost; work to start on it.,0.44,possible,0.44,"shared: organic, organic waste, waste; other party; other topic",
MP-ADPD-2022-13,adpd,2022,Government to buy renewable electricity via the interconnector and agree renewable-energy cooperation with Sicily.,1,MP-ADPD-2026-EN-04,adpd,2026,Government should insist at EU level that the price of renewable electricity is decoupled from the gas price.,0.37,possible,0.19,"shared: renewable, electricity, renewable electricity; same party; same subtopic (Renewables)",
MP-ADPD-2022-13,adpd,2022,Government to buy renewable electricity via the interconnector and agree renewable-energy cooperation with Sicily.,2,MP-ADPD-2026-17,adpd,2026,"Malta should generate 50% of its energy from renewable sources by 2030, replacing the current 25% target.",0.32,weak,0.14,"shared: renewable, energy; same party; same subtopic (Renewables)",
MP-ADPD-2022-13,adpd,2022,Government to buy renewable electricity via the interconnector and agree renewable-energy cooperation with Sicily.,3,MP-ADPD-2026-16,adpd,2026,Support community projects that let residents produce and share renewable energy.,0.32,weak,0.14,"shared: renewable, energy, renewable energy; same party; same subtopic (Renewables)",
MP-ADPD-2022-14,adpd,2022,Set up an enforced national system to collect waste vegetable oil and turn it into biodiesel for power stations.,1,MP-ADPD-2026-2,adpd,2026,"Renewable energy systems, large or small, should include battery storage where possible.",0.27,weak,0.09,shared: system; same party; same subtopic (Renewables),
MP-ADPD-2022-14,adpd,2022,Set up an enforced national system to collect waste vegetable oil and turn it into biodiesel for power stations.,2,MP-ADPD-2026-WASTE-02,adpd,2026,Reduce single-use containers through in-shop refill systems and incentives and disincentives for producers.,0.19,weak,0.09,shared: system; same party; other topic,
MP-ADPD-2022-14,adpd,2022,Set up an enforced national system to collect waste vegetable oil and turn it into biodiesel for power stations.,3,MP-ADPD-2026-WASTE-01,adpd,2026,Aim for zero waste to landfill and keep waste incineration to the minimum possible.,0.18,weak,0.08,shared: waste; same party; other topic,
MP-ADPD-2022-15,adpd,2022,"Oblige every large company, including banks, insurers and financial-services firms, to show how they will become zero-carbon before 2050.",1,MP-ADPD-2026-14,adpd,2026,"Oblige every large company, including banks, insurers and financial-services firms, to show how they will become zero-carbon before 2050.",1.21,strong,0.99,"shared: zero, carbon, insurer, firm, show; same figures: 2050; same party; same subtopic (Emissions & targets)",
MP-ADPD-2022-15,adpd,2022,"Oblige every large company, including banks, insurers and financial-services firms, to show how they will become zero-carbon before 2050.",2,MP-ADPD-2026-CLIM-03,adpd,2026,"Tie all financial aid to industry to concrete emission cuts, obliging every aided company to reach zero carbon.",0.60,strong,0.42,"shared: zero, carbon, company, financial, zero carbon; same party; same subtopic (Emissions & targets)",
MP-ADPD-2022-15,adpd,2022,"Oblige every large company, including banks, insurers and financial-services firms, to show how they will become zero-carbon before 2050.",3,MP-ADPD-2026-12,adpd,2026,"Make long-term investment in offshore wind energy, presented as necessary for the 2050 zero-carbon goal.",0.48,possible,0.30,"shared: zero, carbon, zero carbon, neutral (concept); same figures: 2050; same party; same topic (Climate & Energy)",
MP-ADPD-2022-16,adpd,2022,"Tie all state aid to companies, immediately, to climate-friendly changes in operations, fewer redundancies, equal pay and retraining for a green, circular economy.",1,MP-ADPD-2026-15,adpd,2026,"Tie all aid to companies, immediately, to energy-efficient operation, use of renewables and projects generating the clean energy they need.",0.63,strong,0.53,"shared: immediately, operation, companie, tie, aid; same party; other topic",
MP-ADPD-2022-16,adpd,2022,"Tie all state aid to companies, immediately, to climate-friendly changes in operations, fewer redundancies, equal pay and retraining for a green, circular economy.",2,MP-ADPD-2026-CLIM-05,adpd,2026,"Revise the (climate-related) targets immediately, described as vague and unambitious.",0.40,possible,0.30,"shared: immediately, climate; same party; other topic",
MP-ADPD-2022-16,adpd,2022,"Tie all state aid to companies, immediately, to climate-friendly changes in operations, fewer redundancies, equal pay and retraining for a green, circular economy.",3,MP-ADPD-2026-WASTE-12,adpd,2026,"Accelerate waste separation in catering immediately, with clearer obligations and strict enforcement.",0.39,possible,0.21,shared: immediately; same party; same subtopic (Recycling & separation),
MP-ADPD-2022-2,adpd,2022,Install micro wind turbines in industrial zones.,1,MP-ADPD-2026-5,adpd,2026,Install micro wind turbines in industrial zones.,1.15,strong,0.97,"shared: turbine, micro, industrial, install, wind; same party; same subtopic (Renewables)",
MP-ADPD-2022-2,adpd,2022,Install micro wind turbines in industrial zones.,2,MP-ADPD-2026-CLIM-02,adpd,2026,"Install solar panels on every building and invest in new infrastructure, including offshore wind turbines.",0.60,strong,0.42,"shared: turbine, install, wind, wind turbine, wind (concept); same party; same subtopic (Renewables)",
MP-ADPD-2022-2,adpd,2022,Install micro wind turbines in industrial zones.,3,MP-ADPD-2026-1,adpd,2026,"Use every public, commercial and industrial building for solar generation, and consider wind where space permits.",0.40,possible,0.22,"shared: industrial, wind, wind (concept); same party; same subtopic (Renewables)",
MP-ADPD-2022-2,adpd,2022,Install micro wind turbines in industrial zones.,x,MP-PN-2026-ENI-12,pn,2026,"Invest in solar canopies over public car parks, industrial zones and schools.",0.37,possible,0.29,"shared: industrial, zone, industrial zone; other party; same subtopic (Renewables)",
MP-ADPD-2022-3,adpd,2022,Require every new building to be carbon neutral and generate all the energy it needs.,1,MP-ADPD-2026-8,adpd,2026,Require every new building to be carbon neutral and generate all the energy it needs.,1.15,strong,0.97,"shared: need, neutral, generate, carbon, require; same party; same subtopic (Emissions & targets)",
MP-ADPD-2022-3,adpd,2022,Require every new building to be carbon neutral and generate all the energy it needs.,2,MP-ADPD-2026-CLIM-03,adpd,2026,"Tie all financial aid to industry to concrete emission cuts, obliging every aided company to reach zero carbon.",0.33,weak,0.15,"shared: carbon, every, neutral (concept); same party; same subtopic (Emissions & targets)",
MP-ADPD-2022-3,adpd,2022,Require every new building to be carbon neutral and generate all the energy it needs.,3,MP-ADPD-2026-14,adpd,2026,"Oblige every large company, including banks, insurers and financial-services firms, to show how they will become zero-carbon before 2050.",0.33,weak,0.15,"shared: carbon, every, neutral (concept); same party; same subtopic (Emissions & targets)",
MP-ADPD-2022-3,adpd,2022,Require every new building to be carbon neutral and generate all the energy it needs.,x,MP-MOMENTUM-2026-104,momentum,2026,Adopt an environmental policy prioritising renewable-energy research and investment to make Malta carbon neutral by 2050.,0.42,possible,0.38,"shared: carbon, neutral, carbon neutral, energy, neutral (concept); other party; same topic (Climate & Energy)",
MP-ADPD-2022-4,adpd,2022,Impose a moratorium on increases in building heights so that the use of rooftop PV panels is not affected.,1,MP-ADPD-2026-9,adpd,2026,Impose a moratorium on increases in building heights so that the use of rooftop PV panels is not affected.,1.08,strong,0.98,"shared: moratorium, height, rooftop, impose, affected; same party; other topic",
MP-ADPD-2022-4,adpd,2022,Impose a moratorium on increases in building heights so that the use of rooftop PV panels is not affected.,2,MP-ADPD-2026-LP-03,adpd,2026,Impose a moratorium on massive and high-rise development until local plans are revised and updated.,0.41,possible,0.23,"shared: moratorium, impose, impose moratorium, height (concept); same party; same subtopic (Development & construction)",
MP-ADPD-2022-4,adpd,2022,Impose a moratorium on increases in building heights so that the use of rooftop PV panels is not affected.,3,MP-ADPD-2026-LAND-01,adpd,2026,"Opposes the government's recently proposed land-use planning reform, saying it adds discretion and eases building outside development zones.",0.25,weak,0.07,"shared: use, building; same party; same subtopic (Development & construction)",
MP-ADPD-2022-5,adpd,2022,Create schemes and a legal framework so that apartment owners can jointly own PV panels on their block's roof.,1,MP-ADPD-2026-10,adpd,2026,Create schemes and a legal framework so that apartment owners can jointly own PV panels on their block's roof.,1.16,strong,0.98,"shared: jointly, block, apartment, legal, framework; same party; same subtopic (Renewables)",
MP-ADPD-2022-5,adpd,2022,Create schemes and a legal framework so that apartment owners can jointly own PV panels on their block's roof.,2,MP-ADPD-2026-CLIM-02,adpd,2026,"Install solar panels on every building and invest in new infrastructure, including offshore wind turbines.",0.26,weak,0.08,"shared: panel, solar (concept); same party; same subtopic (Renewables)",
MP-ADPD-2022-5,adpd,2022,Create schemes and a legal framework so that apartment owners can jointly own PV panels on their block's roof.,3,MP-ADPD-2026-11,adpd,2026,Sustain and strengthen research already under way on wave energy and floating offshore PV panels.,0.25,weak,0.07,"shared: panel, solar (concept); same party; same subtopic (Renewables)",
MP-ADPD-2022-6,adpd,2022,"Allow quarries as solar farms only under strict rules: structures prefabricated or fully reversible, no concreting of land, no warehouses or industrial buildings.",1,MP-ADPD-2026-7,adpd,2026,"Use rehabilitated quarries more for solar farms, crops and woodland, under strict rules ensuring reversible structures and no other uses.",0.79,strong,0.61,"shared: reversible, quarrie, structure, strict, rule; same party; same subtopic (Renewables)",
MP-ADPD-2022-6,adpd,2022,"Allow quarries as solar farms only under strict rules: structures prefabricated or fully reversible, no concreting of land, no warehouses or industrial buildings.",2,MP-ADPD-2026-1,adpd,2026,"Use every public, commercial and industrial building for solar generation, and consider wind where space permits.",0.39,possible,0.21,"shared: industrial, solar, industrial building, building, solar (concept); same party; same subtopic (Renewables)",
MP-ADPD-2022-6,adpd,2022,"Allow quarries as solar farms only under strict rules: structures prefabricated or fully reversible, no concreting of land, no warehouses or industrial buildings.",3,MP-ADPD-2026-5,adpd,2026,Install micro wind turbines in industrial zones.,0.28,weak,0.10,shared: industrial; same party; same subtopic (Renewables),
MP-ADPD-2022-7,adpd,2022,"Solar farms must not be used as an excuse to destroy more farmland, even land not being cultivated.",1,MP-ADPD-2026-7,adpd,2026,"Use rehabilitated quarries more for solar farms, crops and woodland, under strict rules ensuring reversible structures and no other uses.",0.37,possible,0.19,"shared: farm, solar, solar farm, solar (concept); same party; same subtopic (Renewables)",
MP-ADPD-2022-7,adpd,2022,"Solar farms must not be used as an excuse to destroy more farmland, even land not being cultivated.",2,MP-ADPD-2026-OS-04,adpd,2026,"Open spaces should reintroduce nature into localities, not add concrete, and should not be used for car parking.",0.28,weak,0.18,shared: used; same party; other topic,
MP-ADPD-2022-7,adpd,2022,"Solar farms must not be used as an excuse to destroy more farmland, even land not being cultivated.",3,MP-ADPD-2026-CLIM-02,adpd,2026,"Install solar panels on every building and invest in new infrastructure, including offshore wind turbines.",0.27,weak,0.09,"shared: solar, solar (concept); same party; same subtopic (Renewables)",
MP-ADPD-2022-7,adpd,2022,"Solar farms must not be used as an excuse to destroy more farmland, even land not being cultivated.",x,MP-MOMENTUM-2026-94,momentum,2026,Speed up the process for setting up offshore wind farms and solar farms.,0.38,possible,0.30,"shared: farm, solar, solar farm, solar (concept); other party; same subtopic (Renewables)",
MP-ADPD-2022-8,adpd,2022,Sustain and strengthen research already under way on wave energy and floating offshore PV panels.,1,MP-ADPD-2026-11,adpd,2026,Sustain and strengthen research already under way on wave energy and floating offshore PV panels.,1.16,strong,0.98,"shared: sustain, way, wave, floating, offshore; same party; same subtopic (Renewables)",
MP-ADPD-2022-8,adpd,2022,Sustain and strengthen research already under way on wave energy and floating offshore PV panels.,2,MP-ADPD-2026-CLIM-02,adpd,2026,"Install solar panels on every building and invest in new infrastructure, including offshore wind turbines.",0.36,possible,0.18,"shared: offshore, panel, offshore (concept), solar (concept); same party; same subtopic (Renewables)",
MP-ADPD-2022-8,adpd,2022,Sustain and strengthen research already under way on wave energy and floating offshore PV panels.,3,MP-ADPD-2026-12,adpd,2026,"Make long-term investment in offshore wind energy, presented as necessary for the 2050 zero-carbon goal.",0.27,weak,0.09,"shared: offshore, energy, offshore (concept); same party; same subtopic (Renewables)",
MP-ADPD-2022-8,adpd,2022,Sustain and strengthen research already under way on wave energy and floating offshore PV panels.,x,MP-MOMENTUM-2026-102,momentum,2026,"Invest in research on solar, wind, wave, hydrogen and geothermal energy.",0.37,possible,0.29,"shared: wave, research, energy, solar (concept); other party; same subtopic (Renewables)",
MP-ADPD-2022-9,adpd,2022,"Make long-term investment in offshore wind energy, presented as necessary for the 2050 zero-carbon goal.",1,MP-ADPD-2026-12,adpd,2026,"Make long-term investment in offshore wind energy, presented as necessary for the 2050 zero-carbon goal.",1.21,strong,0.99,"shared: zero, carbon, presented, necessary, goal; same figures: 2050; same party; same subtopic (Renewables)",
MP-ADPD-2022-9,adpd,2022,"Make long-term investment in offshore wind energy, presented as necessary for the 2050 zero-carbon goal.",2,MP-ADPD-2026-14,adpd,2026,"Oblige every large company, including banks, insurers and financial-services firms, to show how they will become zero-carbon before 2050.",0.48,possible,0.30,"shared: zero, carbon, zero carbon, neutral (concept); same figures: 2050; same party; same topic (Climate & Energy)",
MP-ADPD-2022-9,adpd,2022,"Make long-term investment in offshore wind energy, presented as necessary for the 2050 zero-carbon goal.",3,MP-ADPD-2026-CLIM-03,adpd,2026,"Tie all financial aid to industry to concrete emission cuts, obliging every aided company to reach zero carbon.",0.44,possible,0.30,"shared: zero, carbon, zero carbon, neutral (concept); same party; same topic (Climate & Energy)",
MP-ADPD-2022-9,adpd,2022,"Make long-term investment in offshore wind energy, presented as necessary for the 2050 zero-carbon goal.",x,MP-MOMENTUM-2026-104,momentum,2026,Adopt an environmental policy prioritising renewable-energy research and investment to make Malta carbon neutral by 2050.,0.44,possible,0.32,"shared: carbon, zero, zero carbon, energy, neutral (concept); same figures: 2050; other party; same subtopic (Renewables)",
MP-ADPD-2022-ACC-01,adpd,2022,Publish a definitive map of all public footpaths.,1,MP-ADPD-2026-ACC-01,adpd,2026,Publish a definitive map of all public footpaths.,1.18,strong,1.00,"shared: definitive, map, publish, footpath, publish definitive; same party; same subtopic (Open spaces & parks)",
MP-ADPD-2022-ACC-01,adpd,2022,Publish a definitive map of all public footpaths.,2,MP-ADPD-2026-ACC-02,adpd,2026,Ensure that all traditional footpaths are open and accessible to everyone.,0.44,possible,0.26,"shared: footpath, heading: dritt, heading: access, heading: kampanja, trail (concept); same party; same subtopic (Open spaces & parks)",
MP-ADPD-2022-ACC-01,adpd,2022,Publish a definitive map of all public footpaths.,3,MP-ADPD-2026-ACC-03,adpd,2026,No footpath should be blocked by a gate or otherwise unless there is proof the land is private.,0.39,possible,0.21,"shared: footpath, heading: dritt, heading: access, heading: kampanja, trail (concept); same party; same subtopic (Open spaces & parks)",
MP-ADPD-2022-ACC-02,adpd,2022,Ensure that all traditional footpaths are open and accessible to everyone.,1,MP-ADPD-2026-ACC-02,adpd,2026,Ensure that all traditional footpaths are open and accessible to everyone.,1.18,strong,1.00,"shared: everyone, traditional, footpath, accessible, traditional footpath; same party; same subtopic (Open spaces & parks)",
MP-ADPD-2022-ACC-02,adpd,2022,Ensure that all traditional footpaths are open and accessible to everyone.,2,MP-ADPD-2026-ACC-04,adpd,2026,Footpaths on public land leased to farmers should remain open and accessible to the public.,0.56,strong,0.42,"shared: footpath, accessible, open, open accessible, heading: dritt; same party; same topic (Land & Trees)",
MP-ADPD-2022-ACC-02,adpd,2022,Ensure that all traditional footpaths are open and accessible to everyone.,3,MP-ADPD-2026-ACC-01,adpd,2026,Publish a definitive map of all public footpaths.,0.44,possible,0.26,"shared: footpath, heading: dritt, heading: access, heading: kampanja, trail (concept); same party; same subtopic (Open spaces & parks)",
MP-ADPD-2022-ACC-02,adpd,2022,Ensure that all traditional footpaths are open and accessible to everyone.,x,MP-PL-2026-P19,pl,2026,Everyone in Malta within ten minutes’ walk of an open or green space.,0.38,possible,0.30,"shared: everyone, open; other party; same subtopic (Open spaces & parks)",
MP-ADPD-2022-ACC-03,adpd,2022,No footpath should be blocked by a gate unless there is proof the land is private.,1,MP-ADPD-2026-ACC-03,adpd,2026,No footpath should be blocked by a gate or otherwise unless there is proof the land is private.,1.18,strong,1.00,"shared: proof, gate, unless, blocked, footpath; same party; same subtopic (Open spaces & parks)",
MP-ADPD-2022-ACC-03,adpd,2022,No footpath should be blocked by a gate unless there is proof the land is private.,2,MP-ADPD-2026-ACC-01,adpd,2026,Publish a definitive map of all public footpaths.,0.39,possible,0.21,"shared: footpath, heading: dritt, heading: access, heading: kampanja, trail (concept); same party; same subtopic (Open spaces & parks)",
MP-ADPD-2022-ACC-03,adpd,2022,No footpath should be blocked by a gate unless there is proof the land is private.,3,MP-ADPD-2026-ACC-02,adpd,2026,Ensure that all traditional footpaths are open and accessible to everyone.,0.39,possible,0.21,"shared: footpath, heading: dritt, heading: access, heading: kampanja, trail (concept); same party; same subtopic (Open spaces & parks)",
MP-ADPD-2022-ACC-04,adpd,2022,Footpaths on public land leased to farmers should remain open to the public.,1,MP-ADPD-2026-ACC-04,adpd,2026,Footpaths on public land leased to farmers should remain open and accessible to the public.,1.11,strong,0.93,"shared: leased, remain, footpath, farmer, land; same party; same subtopic (Land take & agriculture)",
MP-ADPD-2022-ACC-04,adpd,2022,Footpaths on public land leased to farmers should remain open to the public.,2,MP-ADPD-2026-ACC-02,adpd,2026,Ensure that all traditional footpaths are open and accessible to everyone.,0.43,possible,0.29,"shared: footpath, open, heading: dritt, heading: access, heading: kampanja; same party; same topic (Land & Trees)",
MP-ADPD-2022-ACC-04,adpd,2022,Footpaths on public land leased to farmers should remain open to the public.,3,MP-ADPD-2026-ACC-01,adpd,2026,Publish a definitive map of all public footpaths.,0.38,possible,0.24,"shared: footpath, heading: dritt, heading: access, heading: kampanja, trail (concept); same party; same topic (Land & Trees)",
MP-ADPD-2022-ACC-05,adpd,2022,Create a national agency to manage existing walking trails and implement those planned in local plans.,1,MP-ADPD-2026-ACC-05,adpd,2026,"Create a national agency to manage existing trails, implement those planned in local plans and safeguard countryside access.",0.99,strong,0.81,"shared: agency, manage, planned, implement, trail; same party; same subtopic (Open spaces & parks)",
MP-ADPD-2022-ACC-05,adpd,2022,Create a national agency to manage existing walking trails and implement those planned in local plans.,2,MP-ADPD-2026-ACC-06,adpd,2026,Create Malta's first National Trail along the Victoria Lines.,0.39,possible,0.21,"shared: trail, heading: dritt, heading: access, heading: kampanja, trail (concept); same party; same subtopic (Open spaces & parks)",
MP-ADPD-2022-ACC-05,adpd,2022,Create a national agency to manage existing walking trails and implement those planned in local plans.,3,MP-ADPD-2026-ACC-01,adpd,2026,Publish a definitive map of all public footpaths.,0.28,weak,0.10,"shared: heading: dritt, heading: access, heading: kampanja, trail (concept), heading: gall; same party; same subtopic (Open spaces & parks)",
MP-ADPD-2022-ACC-06,adpd,2022,Create Malta's first National Trail along the Victoria Lines.,1,MP-ADPD-2026-ACC-06,adpd,2026,Create Malta's first National Trail along the Victoria Lines.,1.18,strong,1.00,"shared: victoria, line, along, trail, victoria line; same party; same subtopic (Open spaces & parks)",
MP-ADPD-2022-ACC-06,adpd,2022,Create Malta's first National Trail along the Victoria Lines.,2,MP-ADPD-2026-ACC-05,adpd,2026,"Create a national agency to manage existing trails, implement those planned in local plans and safeguard countryside access.",0.37,possible,0.19,"shared: trail, heading: dritt, heading: access, heading: kampanja, trail (concept); same party; same subtopic (Open spaces & parks)",
MP-ADPD-2022-ACC-06,adpd,2022,Create Malta's first National Trail along the Victoria Lines.,3,MP-ADPD-2026-ACC-01,adpd,2026,Publish a definitive map of all public footpaths.,0.31,weak,0.13,"shared: heading: dritt, heading: access, heading: kampanja, trail (concept), heading: gall; same party; same subtopic (Open spaces & parks)",
MP-ADPD-2022-BOARD-01,adpd,2022,"Apply parliamentary scrutiny before appointment to all members of the Planning, Lands and Environment and Resources authority boards.",1,MP-ADPD-2026-BOARD-01,adpd,2026,"Apply public parliamentary scrutiny before appointment to all members of the planning, lands and environment authority boards, including chairpersons and chief executives.",1.12,strong,0.94,"shared: scrutiny, appointment, apply, member, parliamentary; same party; same subtopic (Accountability)",
MP-ADPD-2022-BOARD-01,adpd,2022,"Apply parliamentary scrutiny before appointment to all members of the Planning, Lands and Environment and Resources authority boards.",2,MP-ADPD-2026-BOARD-05,adpd,2026,"Set clear conduct rules for board members, including a register of their assets.",0.40,possible,0.22,"shared: member, board, boards (concept), heading: jiedu, heading: decizjonijiet; same party; same subtopic (Accountability)",
MP-ADPD-2022-BOARD-01,adpd,2022,"Apply parliamentary scrutiny before appointment to all members of the Planning, Lands and Environment and Resources authority boards.",3,MP-ADPD-2026-BOARD-03,adpd,2026,Remove representation of the parliamentary political parties from these decision-making boards.,0.36,possible,0.18,"shared: parliamentary, board, boards (concept), heading: jiedu, heading: decizjonijiet; same party; same subtopic (Accountability)",
MP-ADPD-2022-BOARD-02,adpd,2022,"Laws should give civil society proper representation on these boards, chosen by civil society itself rather than vetted by the minister.",1,MP-ADPD-2026-BOARD-02,adpd,2026,"Laws should give civil society proper representation on these boards, chosen by civil society itself rather than vetted by the minister.",1.18,strong,1.00,"shared: society, civil, vetted, rather, proper; same party; same subtopic (Accountability)",
MP-ADPD-2022-BOARD-02,adpd,2022,"Laws should give civil society proper representation on these boards, chosen by civil society itself rather than vetted by the minister.",2,MP-ADPD-2026-BOARD-03,adpd,2026,Remove representation of the parliamentary political parties from these decision-making boards.,0.36,possible,0.18,"shared: representation, board, boards (concept), heading: jiedu, heading: decizjonijiet; same party; same subtopic (Accountability)",
MP-ADPD-2022-BOARD-02,adpd,2022,"Laws should give civil society proper representation on these boards, chosen by civil society itself rather than vetted by the minister.",3,MP-ADPD-2026-BOARD-06,adpd,2026,No one should be appointed to these boards for long periods.,0.32,weak,0.14,"shared: board, boards (concept), heading: jiedu, heading: decizjonijiet, heading: bordijiet; same party; same subtopic (Accountability)",
MP-ADPD-2022-BOARD-03,adpd,2022,Remove representation of the parliamentary political parties from these decision-making boards.,1,MP-ADPD-2026-BOARD-03,adpd,2026,Remove representation of the parliamentary political parties from these decision-making boards.,1.18,strong,1.00,"shared: political, partie, making, representation, remove; same party; same subtopic (Accountability)",
MP-ADPD-2022-BOARD-03,adpd,2022,Remove representation of the parliamentary political parties from these decision-making boards.,2,MP-ADPD-2026-BOARD-01,adpd,2026,"Apply public parliamentary scrutiny before appointment to all members of the planning, lands and environment authority boards, including chairpersons and chief executives.",0.38,possible,0.20,"shared: parliamentary, board, boards (concept), heading: jiedu, heading: decizjonijiet; same party; same subtopic (Accountability)",
MP-ADPD-2022-BOARD-03,adpd,2022,Remove representation of the parliamentary political parties from these decision-making boards.,3,MP-ADPD-2026-BOARD-06,adpd,2026,No one should be appointed to these boards for long periods.,0.36,possible,0.18,"shared: board, boards (concept), heading: jiedu, heading: decizjonijiet, heading: bordijiet; same party; same subtopic (Accountability)",
MP-ADPD-2022-BOARD-04,adpd,2022,Parliament's standing committees should continuously oversee these authorities and report with proposals for action.,1,MP-ADPD-2026-BOARD-04,adpd,2026,Parliament's standing committees should continuously oversee these authorities and report with proposals for action.,1.18,strong,1.00,"shared: standing, oversee, proposal, continuously, committee; same party; same subtopic (Accountability)",
MP-ADPD-2022-BOARD-04,adpd,2022,Parliament's standing committees should continuously oversee these authorities and report with proposals for action.,2,MP-ADPD-2026-FISH-04,adpd,2026,"Fish-farm operators must take every measure to eliminate slime in bays, with decisive action by authorities against those who do not.",0.25,weak,0.15,"shared: authoritie, action; same party; other topic",
MP-ADPD-2022-BOARD-04,adpd,2022,Parliament's standing committees should continuously oversee these authorities and report with proposals for action.,3,MP-ADPD-2026-BOARD-06,adpd,2026,No one should be appointed to these boards for long periods.,0.25,weak,0.07,"shared: heading: jiedu, heading: decizjonijiet, heading: bordijiet; same party; same subtopic (Accountability)",
MP-ADPD-2022-BOARD-05,adpd,2022,"Set clear conduct rules for board members, including a register of their assets.",1,MP-ADPD-2026-BOARD-05,adpd,2026,"Set clear conduct rules for board members, including a register of their assets.",1.18,strong,1.00,"shared: conduct, asset, member, register, board; same party; same subtopic (Accountability)",
MP-ADPD-2022-BOARD-05,adpd,2022,"Set clear conduct rules for board members, including a register of their assets.",2,MP-ADPD-2026-BOARD-01,adpd,2026,"Apply public parliamentary scrutiny before appointment to all members of the planning, lands and environment authority boards, including chairpersons and chief executives.",0.42,possible,0.24,"shared: member, board, boards (concept), heading: jiedu, heading: decizjonijiet; same party; same subtopic (Accountability)",
MP-ADPD-2022-BOARD-05,adpd,2022,"Set clear conduct rules for board members, including a register of their assets.",3,MP-ADPD-2026-BOARD-06,adpd,2026,No one should be appointed to these boards for long periods.,0.38,possible,0.20,"shared: board, boards (concept), heading: jiedu, heading: decizjonijiet, heading: bordijiet; same party; same subtopic (Accountability)",
MP-ADPD-2022-BOARD-06,adpd,2022,No one should be appointed to these boards for long periods.,1,MP-ADPD-2026-BOARD-06,adpd,2026,No one should be appointed to these boards for long periods.,1.18,strong,1.00,"shared: appointed, period, long, board, long period; same party; same subtopic (Accountability)",
MP-ADPD-2022-BOARD-06,adpd,2022,No one should be appointed to these boards for long periods.,2,MP-ADPD-2026-BOARD-05,adpd,2026,"Set clear conduct rules for board members, including a register of their assets.",0.38,possible,0.20,"shared: board, boards (concept), heading: jiedu, heading: decizjonijiet, heading: bordijiet; same party; same subtopic (Accountability)",
MP-ADPD-2022-BOARD-06,adpd,2022,No one should be appointed to these boards for long periods.,3,MP-ADPD-2026-BOARD-03,adpd,2026,Remove representation of the parliamentary political parties from these decision-making boards.,0.36,possible,0.18,"shared: board, boards (concept), heading: jiedu, heading: decizjonijiet, heading: bordijiet; same party; same subtopic (Accountability)",
MP-ADPD-2022-CLIM-01,adpd,2022,"Cut emissions drastically, by well over half, by 2030, so that Malta becomes a zero-carbon society by 2050 or sooner.",1,MP-ADPD-2026-CLIM-03,adpd,2026,"Tie all financial aid to industry to concrete emission cuts, obliging every aided company to reach zero carbon.",0.59,strong,0.41,"shared: zero, carbon, emission, zero carbon, neutral (concept); same party; same subtopic (Emissions & targets)",
MP-ADPD-2022-CLIM-01,adpd,2022,"Cut emissions drastically, by well over half, by 2030, so that Malta becomes a zero-carbon society by 2050 or sooner.",2,MP-ADPD-2026-12,adpd,2026,"Make long-term investment in offshore wind energy, presented as necessary for the 2050 zero-carbon goal.",0.55,strong,0.37,"shared: zero, carbon, zero carbon, neutral (concept); same figures: 2050; same party; same topic (Climate & Energy)",
MP-ADPD-2022-CLIM-01,adpd,2022,"Cut emissions drastically, by well over half, by 2030, so that Malta becomes a zero-carbon society by 2050 or sooner.",3,MP-ADPD-2026-14,adpd,2026,"Oblige every large company, including banks, insurers and financial-services firms, to show how they will become zero-carbon before 2050.",0.55,strong,0.33,"shared: zero, carbon, zero carbon, neutral (concept); same figures: 2050; same party; same subtopic (Emissions & targets)",
MP-ADPD-2022-CLIM-01,adpd,2022,"Cut emissions drastically, by well over half, by 2030, so that Malta becomes a zero-carbon society by 2050 or sooner.",x,MP-MOMENTUM-2026-104,momentum,2026,Adopt an environmental policy prioritising renewable-energy research and investment to make Malta carbon neutral by 2050.,0.41,possible,0.33,"shared: carbon, zero, zero carbon, neutral (concept); same figures: 2050; other party; same topic (Climate & Energy)",
MP-ADPD-2022-CLIM-02,adpd,2022,Malta's climate-change targets should no longer be set at the minimum possible.,1,MP-ADPD-2026-CLIM-05,adpd,2026,"Revise the (climate-related) targets immediately, described as vague and unambitious.",0.39,possible,0.21,"shared: target, climate; same party; same subtopic (Emissions & targets)",
MP-ADPD-2022-CLIM-02,adpd,2022,Malta's climate-change targets should no longer be set at the minimum possible.,2,MP-ADPD-2026-WASTE-01,adpd,2026,Aim for zero waste to landfill and keep waste incineration to the minimum possible.,0.35,possible,0.25,"shared: minimum, possible, minimum possible; same party; other topic",
MP-ADPD-2022-CLIM-02,adpd,2022,Malta's climate-change targets should no longer be set at the minimum possible.,3,MP-ADPD-2026-SEA-03,adpd,2026,Work with fishers and coastal communities to protect biodiversity and fight climate change.,0.33,weak,0.23,"shared: change, climate, climate change; same party; other topic",
MP-ADPD-2022-ENV-01,adpd,2022,"Make the Constitution's environmental principles enforceable, so citizens can ask the courts to compel government action on environmental matters.",1,MP-ADPD-2026-ENV-05,adpd,2026,"Make the Constitution's environmental principles enforceable, so citizens can ask the courts to compel government action on environmental matters.",1.18,strong,1.00,"shared: enforceable, compel, citizen, ask, principle; same party; same subtopic (Accountability)",
MP-ADPD-2022-ENV-01,adpd,2022,"Make the Constitution's environmental principles enforceable, so citizens can ask the courts to compel government action on environmental matters.",2,MP-ADPD-2026-ENV-06,adpd,2026,Give environmental NGOs financial assistance from the state.,0.26,weak,0.08,"shared: environmental, heading: ambjent; same party; same subtopic (Accountability)",
MP-ADPD-2022-ENV-01,adpd,2022,"Make the Constitution's environmental principles enforceable, so citizens can ask the courts to compel government action on environmental matters.",3,MP-ADPD-2026-BOARD-04,adpd,2026,Parliament's standing committees should continuously oversee these authorities and report with proposals for action.,0.24,weak,0.06,shared: action; same party; same subtopic (Accountability),
MP-ADPD-2022-ENV-02,adpd,2022,Give environmental NGOs financial assistance from the state.,1,MP-ADPD-2026-ENV-06,adpd,2026,Give environmental NGOs financial assistance from the state.,1.17,strong,0.99,"shared: assistance, financial, state, ngos, environmental; same party; same subtopic (Accountability)",
MP-ADPD-2022-ENV-02,adpd,2022,Give environmental NGOs financial assistance from the state.,2,MP-ADPD-2026-ENV-05,adpd,2026,"Make the Constitution's environmental principles enforceable, so citizens can ask the courts to compel government action on environmental matters.",0.26,weak,0.08,"shared: environmental, heading: ambjent; same party; same subtopic (Accountability)",
MP-ADPD-2022-ENV-02,adpd,2022,Give environmental NGOs financial assistance from the state.,3,MP-ADPD-2026-WATER-02,adpd,2026,State aid schemes should increasingly help owners improve water storage in existing buildings.,0.22,weak,0.12,shared: state; same party; other topic,
MP-ADPD-2022-LAND-01,adpd,2022,Update local plans regularly and redraw many of them.,1,MP-ADPD-2026-LP-02,adpd,2026,Update the 20-year-old local plans to present-day realities.,0.60,strong,0.42,"shared: update, local, localplan (concept); same party; same subtopic (Development & construction)",
MP-ADPD-2022-LAND-01,adpd,2022,Update local plans regularly and redraw many of them.,2,MP-ADPD-2026-LP-01,adpd,2026,Correct the errors in local plans without further delay and avoid repeating them.,0.45,possible,0.27,"shared: local, localplan (concept); same party; same subtopic (Development & construction)",
MP-ADPD-2022-LAND-01,adpd,2022,Update local plans regularly and redraw many of them.,3,MP-ADPD-2026-LP-03,adpd,2026,Impose a moratorium on massive and high-rise development until local plans are revised and updated.,0.32,weak,0.14,"shared: local, localplan (concept); same party; same subtopic (Development & construction)",
MP-ADPD-2022-LAND-02,adpd,2022,"Revoke the 2006 rationalisation scheme that made about two million square metres developable, protecting the parts still undeveloped.",1,MP-ADPD-2026-ODZ-01,adpd,2026,Revoke the 2006 rationalisation exercise (about two million square metres) and reclassify all still-untouched land in it as outside the development zone.,0.95,strong,0.63,"shared: million, revoke, metre, rationalisation, square; same figures: 2million, 2006; same party; same subtopic (Land take & agriculture)",
MP-ADPD-2022-LAND-02,adpd,2022,"Revoke the 2006 rationalisation scheme that made about two million square metres developable, protecting the parts still undeveloped.",2,MP-ADPD-2026-ENV-04,adpd,2026,Revise local plans completely and cancel for good the rationalisation plan that made much ODZ land developable.,0.41,possible,0.23,"shared: developable, rationalisation, odz (concept); same party; same subtopic (Land take & agriculture)",
MP-ADPD-2022-LAND-02,adpd,2022,"Revoke the 2006 rationalisation scheme that made about two million square metres developable, protecting the parts still undeveloped.",3,MP-ADPD-2026-OS-01,adpd,2026,"Supports the government's open-spaces investment only if it is part of a long-term vision reintegrating nature, not a cover for something undeclared.",0.23,weak,0.09,shared: part; same party; same topic (Land & Trees),
MP-ADPD-2022-LAND-02,adpd,2022,"Revoke the 2006 rationalisation scheme that made about two million square metres developable, protecting the parts still undeveloped.",x,MP-PN-2026-AMB-06,pn,2026,"Deliver the Santa Venera park: about 16,000 square metres, €26 million, with a park, civic centre and parking.",0.41,possible,0.37,"shared: million, metre, square, square metre; other party; same topic (Land & Trees)",
MP-ADPD-2022-LAND-03,adpd,2022,"Take back streets for people, turning public space now used by cars into public space for people via a transport decarbonisation plan.",1,MP-ADPD-2026-LAND-02,adpd,2026,Planning decisions should be taken by people of unquestioned integrity who are wholly detached from the development sector.,0.32,weak,0.22,"shared: people, heading: art, heading: uzu, heading: tal; same party; other topic",
MP-ADPD-2022-LAND-03,adpd,2022,"Take back streets for people, turning public space now used by cars into public space for people via a transport decarbonisation plan.",2,MP-ADPD-2026-ENV-01,adpd,2026,Move towards sustainable mobility to tackle poor air quality caused largely by the rising number of cars.,0.28,weak,0.10,shared: cars; same party; same subtopic (Cars & traffic),
MP-ADPD-2022-LAND-03,adpd,2022,"Take back streets for people, turning public space now used by cars into public space for people via a transport decarbonisation plan.",3,MP-ADPD-2026-OS-04,adpd,2026,"Open spaces should reintroduce nature into localities, not add concrete, and should not be used for car parking.",0.26,weak,0.16,"shared: used, space; same party; other topic",
MP-ADPD-2022-LAND-04,adpd,2022,"Opposes the proposed motor-racing track (at Ħal Far), citing noise and ecological impacts on nearby communities.",1,MP-ADPD-2026-LAND-01,adpd,2026,"Opposes the government's recently proposed land-use planning reform, saying it adds discretion and eases building outside development zones.",0.41,possible,0.23,"shared: proposed, oppose, heading: art, heading: uzu, heading: tal; same party; same subtopic (Development & construction)",
MP-ADPD-2022-LAND-04,adpd,2022,"Opposes the proposed motor-racing track (at Ħal Far), citing noise and ecological impacts on nearby communities.",2,MP-ADPD-2026-ENV-02,adpd,2026,"Subject land use continuously to clear environmental criteria, including impacts on the climate.",0.27,weak,0.09,shared: impact; same party; same subtopic (Development & construction),
MP-ADPD-2022-LAND-04,adpd,2022,"Opposes the proposed motor-racing track (at Ħal Far), citing noise and ecological impacts on nearby communities.",3,MP-ADPD-2026-LAND-02,adpd,2026,Planning decisions should be taken by people of unquestioned integrity who are wholly detached from the development sector.,0.23,weak,0.05,"shared: heading: art, heading: uzu, heading: tal; same party; same subtopic (Development & construction)",
MP-ADPD-2022-LAND-05,adpd,2022,Return Manoel Island and Fort Manoel to public ownership as undeveloped open space.,1,MP-ADPD-2026-OS-01,adpd,2026,"Supports the government's open-spaces investment only if it is part of a long-term vision reintegrating nature, not a cover for something undeclared.",0.28,weak,0.10,"shared: open, space, open space; same party; same subtopic (Open spaces & parks)",
MP-ADPD-2022-LAND-05,adpd,2022,Return Manoel Island and Fort Manoel to public ownership as undeveloped open space.,2,MP-ADPD-2026-OS-04,adpd,2026,"Open spaces should reintroduce nature into localities, not add concrete, and should not be used for car parking.",0.27,weak,0.09,"shared: open, space, open space, park (concept); same party; same subtopic (Open spaces & parks)",
MP-ADPD-2022-LAND-05,adpd,2022,Return Manoel Island and Fort Manoel to public ownership as undeveloped open space.,3,MP-ADPD-2026-OS-02,adpd,2026,"Protect existing open spaces first, starting with large private gardens in urban areas and village cores threatened by flats.",0.26,weak,0.08,"shared: open, space, open space, park (concept); same party; same subtopic (Open spaces & parks)",
MP-ADPD-2022-LAND-05,adpd,2022,Return Manoel Island and Fort Manoel to public ownership as undeveloped open space.,x,MP-PL-2026-14-6,pl,2026,"Return Manoel Island's natural areas to their natural state through extensive cleaning, walking paths, picnic spaces, swimmers' facilities and planting hundreds of trees.",0.40,possible,0.32,"shared: manoel, return, island, return manoel, space; other party; same subtopic (Open spaces & parks)",
MP-ADPD-2022-LAND-06,adpd,2022,Opposes a yacht marina at Wied il-Għajn bay as a disproportionate local-plan proposal and pledges to stay vigilant.,1,MP-ADPD-2026-LAND-01,adpd,2026,"Opposes the government's recently proposed land-use planning reform, saying it adds discretion and eases building outside development zones.",0.33,weak,0.15,"shared: oppose, heading: art, heading: uzu, heading: tal; same party; same subtopic (Development & construction)",
MP-ADPD-2022-LAND-06,adpd,2022,Opposes a yacht marina at Wied il-Għajn bay as a disproportionate local-plan proposal and pledges to stay vigilant.,2,MP-ADPD-2026-LP-01,adpd,2026,Correct the errors in local plans without further delay and avoid repeating them.,0.29,weak,0.11,shared: local; same party; same subtopic (Development & construction),
MP-ADPD-2022-LAND-06,adpd,2022,Opposes a yacht marina at Wied il-Għajn bay as a disproportionate local-plan proposal and pledges to stay vigilant.,3,MP-ADPD-2026-LP-03,adpd,2026,Impose a moratorium on massive and high-rise development until local plans are revised and updated.,0.24,weak,0.06,shared: local; same party; same subtopic (Development & construction),
MP-ADPD-2022-LAND-07,adpd,2022,"Keep Balluta, Xemxija and other bathing bays free of unnecessary development and commercialisation.",1,MP-ADPD-2026-FISH-04,adpd,2026,"Fish-farm operators must take every measure to eliminate slime in bays, with decisive action by authorities against those who do not.",0.26,weak,0.16,shared: bays; same party; other topic,
MP-ADPD-2022-LAND-07,adpd,2022,"Keep Balluta, Xemxija and other bathing bays free of unnecessary development and commercialisation.",2,MP-ADPD-2026-LAND-02,adpd,2026,Planning decisions should be taken by people of unquestioned integrity who are wholly detached from the development sector.,0.26,weak,0.16,"shared: development, heading: art, heading: uzu, heading: tal; same party; other topic",
MP-ADPD-2022-LAND-07,adpd,2022,"Keep Balluta, Xemxija and other bathing bays free of unnecessary development and commercialisation.",3,MP-ADPD-2026-LAND-01,adpd,2026,"Opposes the government's recently proposed land-use planning reform, saying it adds discretion and eases building outside development zones.",0.21,weak,0.11,"shared: development, heading: art, heading: uzu, heading: tal; same party; other topic",
MP-ADPD-2022-LAND-07,adpd,2022,"Keep Balluta, Xemxija and other bathing bays free of unnecessary development and commercialisation.",x,MP-PL-2026-14-50,pl,2026,"Start a pilot of eco-moorings at Kemmuna and Qawra, then extend to other bays, with free public use.",0.44,possible,0.44,"shared: bays, free, bays free, heading: baar; other party; other topic",
MP-ADPD-2022-ODZ-01,adpd,2022,"Give local councils effective power, directly or through local referenda, to stop projects outside the development zone unless Parliament approves them as nationally needed.",1,MP-ADPD-2026-ODZ-01,adpd,2026,Revoke the 2006 rationalisation exercise (about two million square metres) and reclassify all still-untouched land in it as outside the development zone.,0.39,possible,0.21,"shared: outside, zone, development, heading: odz, outside development; same party; same subtopic (Land take & agriculture)",
MP-ADPD-2022-ODZ-01,adpd,2022,"Give local councils effective power, directly or through local referenda, to stop projects outside the development zone unless Parliament approves them as nationally needed.",2,MP-ADPD-2026-LAND-01,adpd,2026,"Opposes the government's recently proposed land-use planning reform, saying it adds discretion and eases building outside development zones.",0.31,weak,0.21,"shared: outside, zone, development, outside development, development zone; same party; other topic",
MP-ADPD-2022-ODZ-01,adpd,2022,"Give local councils effective power, directly or through local referenda, to stop projects outside the development zone unless Parliament approves them as nationally needed.",3,MP-ADPD-2026-ENV-04,adpd,2026,Revise local plans completely and cancel for good the rationalisation plan that made much ODZ land developable.,0.26,weak,0.08,"shared: local, odz (concept); same party; same subtopic (Land take & agriculture)",
MP-ADPD-2022-ODZ-01,adpd,2022,"Give local councils effective power, directly or through local referenda, to stop projects outside the development zone unless Parliament approves them as nationally needed.",x,MP-AHWA-2026-192,ahwa,2026,Seek constitutional protection for land outside development zones (ODZ).,0.37,possible,0.29,"shared: outside, zone, development, outside development, development zone; other party; same subtopic (Land take & agriculture)",
MP-ADPD-2022-SD-01,adpd,2022,Give the Guardian of Future Generations the capacity to scrutinise the government's work.,1,MP-ADPD-2026-SD-01,adpd,2026,Give the Guardian of Future Generations the capacity to scrutinise the government's work.,1.16,strong,0.98,"shared: scrutinise, guardian, future, generation, capacity; same party; same subtopic (Accountability)",
MP-ADPD-2022-SD-01,adpd,2022,Give the Guardian of Future Generations the capacity to scrutinise the government's work.,2,MP-ADPD-2026-6,adpd,2026,Carry out studies on how agriculture and electricity generation can work together locally.,0.24,weak,0.14,shared: generation; same party; other topic,
MP-ADPD-2022-SD-01,adpd,2022,Give the Guardian of Future Generations the capacity to scrutinise the government's work.,3,MP-ADPD-2026-1,adpd,2026,"Use every public, commercial and industrial building for solar generation, and consider wind where space permits.",0.20,weak,0.10,shared: generation; same party; other topic,
MP-ADPD-2022-WASTE-01,adpd,2022,"The tourism industry should be made to control the waste, especially organic waste, that it generates.",1,MP-ADPD-2026-WASTE-13,adpd,2026,"Require every industry to have a clear, mandatory plan to cut waste and use raw materials efficiently.",0.36,possible,0.18,"shared: industry, waste; same party; same subtopic (Recycling & separation)",
MP-ADPD-2022-WASTE-01,adpd,2022,"The tourism industry should be made to control the waste, especially organic waste, that it generates.",2,MP-ADPD-2026-WASTE-07,adpd,2026,"Tie every incentive to industry and commerce to clear, binding, annually reported resource-use and zero-waste targets.",0.33,weak,0.15,"shared: industry, waste; same party; same subtopic (Recycling & separation)",
MP-ADPD-2022-WASTE-01,adpd,2022,"The tourism industry should be made to control the waste, especially organic waste, that it generates.",3,MP-ADPD-2026-WASTE-01,adpd,2026,Aim for zero waste to landfill and keep waste incineration to the minimum possible.,0.27,weak,0.13,shared: waste; same party; same topic (Waste),
MP-ADPD-2022-WASTE-01,adpd,2022,"The tourism industry should be made to control the waste, especially organic waste, that it generates.",x,MP-PL-2026-14-53,pl,2026,Procurement closed for a new organic-waste plant converting organic waste into renewable energy or compost; work to start on it.,0.50,possible,0.42,"shared: organic, waste, organic waste, heading: iskart; other party; same subtopic (Recycling & separation)",
MP-ADPD-2022-WASTE-02,adpd,2022,Do more to cut the waste generated (waste minimisation) and recycle much more of it.,1,MP-ADPD-2026-WASTE-13,adpd,2026,"Require every industry to have a clear, mandatory plan to cut waste and use raw materials efficiently.",0.45,possible,0.27,"shared: waste, cut, cut waste; same party; same subtopic (Recycling & separation)",
MP-ADPD-2022-WASTE-02,adpd,2022,Do more to cut the waste generated (waste minimisation) and recycle much more of it.,2,MP-ADPD-2026-WASTE-01,adpd,2026,Aim for zero waste to landfill and keep waste incineration to the minimum possible.,0.32,weak,0.18,shared: waste; same party; same topic (Waste),
MP-ADPD-2022-WASTE-02,adpd,2022,Do more to cut the waste generated (waste minimisation) and recycle much more of it.,3,MP-ADPD-2026-WASTE-09,adpd,2026,Incinerate the least waste possible; criticises the government's plan to incinerate 40% of waste and an incinerator sized accordingly.,0.32,weak,0.18,shared: waste; same party; same topic (Waste),
MP-ADPD-2022-WASTE-02,adpd,2022,Do more to cut the waste generated (waste minimisation) and recycle much more of it.,x,MP-MOMENTUM-2026-100,momentum,2026,Create systems to cut food waste and strengthen laws to reduce packaging waste.,0.38,possible,0.30,"shared: waste, cut; other party; same subtopic (Recycling & separation)",
MP-ADPD-2022-WASTE-03,adpd,2022,"Opposes the government's planned waste incinerator at Magħtab, arguing that it would discourage recycling.",1,MP-ADPD-2026-WASTE-09,adpd,2026,Incinerate the least waste possible; criticises the government's plan to incinerate 40% of waste and an incinerator sized accordingly.,0.64,strong,0.46,"shared: incinerator, oppose, waste, waste incinerator, wte (concept); same party; same subtopic (Landfill & treatment)",
MP-ADPD-2022-WASTE-03,adpd,2022,"Opposes the government's planned waste incinerator at Magħtab, arguing that it would discourage recycling.",2,MP-ADPD-2026-WASTE-01,adpd,2026,Aim for zero waste to landfill and keep waste incineration to the minimum possible.,0.28,weak,0.10,"shared: waste, wte (concept); same party; same subtopic (Landfill & treatment)",
MP-ADPD-2022-WASTE-03,adpd,2022,"Opposes the government's planned waste incinerator at Magħtab, arguing that it would discourage recycling.",3,MP-ADPD-2026-LAND-01,adpd,2026,"Opposes the government's recently proposed land-use planning reform, saying it adds discretion and eases building outside development zones.",0.22,weak,0.12,shared: oppose; same party; other topic,
MP-ADPD-2022-WATER-01,adpd,2022,Store more rainwater.,1,MP-ADPD-2026-WATER-01,adpd,2026,"Monitor buildings now going up more closely, so they provide for rainwater storage.",0.43,possible,0.25,"shared: rainwater, reservoir (concept), heading: ilma; same party; same subtopic (Water supply & groundwater)",
MP-ADPD-2022-WATER-01,adpd,2022,Store more rainwater.,2,MP-ADPD-2026-EN-01,adpd,2026,"Generate and store as much of Malta's energy as possible locally, while remaining part of the European grid.",0.42,possible,0.32,shared: store; same party; other topic,
MP-ADPD-2022-WATER-01,adpd,2022,Store more rainwater.,3,MP-ADPD-2026-WATER-02,adpd,2026,State aid schemes should increasingly help owners improve water storage in existing buildings.,0.24,weak,0.06,"shared: reservoir (concept), heading: ilma; same party; same subtopic (Water supply & groundwater)",
MP-ADPD-2022-WATER-01,adpd,2022,Store more rainwater.,x,MP-PN-2026-ENI-31,pn,2026,Run a pilot project and targeted scheme to recharge groundwater by returning rainwater to the aquifer.,0.37,possible,0.29,"shared: rainwater, reservoir (concept); other party; same subtopic (Water supply & groundwater)",
MP-ADPD-2022-WATER-02,adpd,2022,"Monitor buildings now going up more closely, so they provide for rainwater storage.",1,MP-ADPD-2026-WATER-01,adpd,2026,"Monitor buildings now going up more closely, so they provide for rainwater storage.",1.18,strong,1.00,"shared: closely, going, monitor, rainwater, provide; same party; same subtopic (Water supply & groundwater)",
MP-ADPD-2022-WATER-02,adpd,2022,"Monitor buildings now going up more closely, so they provide for rainwater storage.",2,MP-ADPD-2026-WATER-02,adpd,2026,State aid schemes should increasingly help owners improve water storage in existing buildings.,0.33,weak,0.15,"shared: storage, building, reservoir (concept), storage (concept), heading: ilma; same party; same subtopic (Water supply & groundwater)",
MP-ADPD-2022-WATER-02,adpd,2022,"Monitor buildings now going up more closely, so they provide for rainwater storage.",3,MP-ADPD-2026-2,adpd,2026,"Renewable energy systems, large or small, should include battery storage where possible.",0.20,weak,0.10,"shared: storage, storage (concept); same party; other topic",
MP-ADPD-2022-WATER-03,adpd,2022,State aid schemes should increasingly help owners improve water storage in existing buildings.,1,MP-ADPD-2026-WATER-02,adpd,2026,State aid schemes should increasingly help owners improve water storage in existing buildings.,1.18,strong,1.00,"shared: increasingly, state, aid, existing, improve; same party; same subtopic (Water supply & groundwater)",
MP-ADPD-2022-WATER-03,adpd,2022,State aid schemes should increasingly help owners improve water storage in existing buildings.,2,MP-ADPD-2026-WATER-01,adpd,2026,"Monitor buildings now going up more closely, so they provide for rainwater storage.",0.33,weak,0.15,"shared: storage, building, reservoir (concept), storage (concept), heading: ilma; same party; same subtopic (Water supply & groundwater)",
MP-ADPD-2022-WATER-03,adpd,2022,State aid schemes should increasingly help owners improve water storage in existing buildings.,3,MP-ADPD-2026-ENV-06,adpd,2026,Give environmental NGOs financial assistance from the state.,0.22,weak,0.12,shared: state; same party; other topic,
MP-ADPD-2022-WATER-03,adpd,2022,State aid schemes should increasingly help owners improve water storage in existing buildings.,x,MP-PL-2026-16-26,pl,2026,Partner with scientists and researchers on innovative measures to improve underground water storage.,0.38,possible,0.30,"shared: improve, storage, water, water storage, reservoir (concept); other party; same subtopic (Water supply & groundwater)",
MP-ADPD-2022-WATER-04,adpd,2022,"Pay more attention to using treated sewage effluent, particularly in agriculture.",1,MP-ADPD-2026-WATER-03,adpd,2026,"Pay more attention to using treated sewage effluent, particularly in agriculture.",1.18,strong,1.00,"shared: treated, effluent, attention, pay, particularly; same party; same subtopic (Bathing water & sewage)",
MP-ADPD-2022-WATER-04,adpd,2022,"Pay more attention to using treated sewage effluent, particularly in agriculture.",2,MP-ADPD-2026-6,adpd,2026,Carry out studies on how agriculture and electricity generation can work together locally.,0.23,weak,0.13,shared: agriculture; same party; other topic,
MP-ADPD-2022-WATER-04,adpd,2022,"Pay more attention to using treated sewage effluent, particularly in agriculture.",3,MP-ADPD-2026-WATER-01,adpd,2026,"Monitor buildings now going up more closely, so they provide for rainwater storage.",0.15,weak,0.01,shared: heading: ilma; same party; same topic (Water),
MP-PL-2022-284,pl,2022,"Allocate funds to create new urban green spaces, parks, pedestrian zones in every locality and underground car parks, prioritising central and southern Malta.",1,MP-PL-2026-14-17,pl,2026,"Complete the Park tal-Inħawi in Fgura, a green space with pedestrian paths, children's facilities and parking, linked to Park ta' San Klement in Ħaż-Żabbar.",0.41,possible,0.23,"shared: pedestrian, park, green, space, green space; same party; same subtopic (Open spaces & parks)",
MP-PL-2022-284,pl,2022,"Allocate funds to create new urban green spaces, parks, pedestrian zones in every locality and underground car parks, prioritising central and southern Malta.",2,MP-PL-2026-P19,pl,2026,Everyone in Malta within ten minutes’ walk of an open or green space.,0.32,weak,0.14,"shared: green, space, green space, park (concept); same party; same subtopic (Open spaces & parks)",
MP-PL-2022-284,pl,2022,"Allocate funds to create new urban green spaces, parks, pedestrian zones in every locality and underground car parks, prioritising central and southern Malta.",3,MP-PL-2026-16-17,pl,2026,"First solar car port projects planned at Ċirkewwa, Marsa and Birżebbuġa, with public car parks identified for solar generation.",0.31,weak,0.21,"shared: car, park, car park, park (concept); same party; other topic",
MP-PL-2022-285,pl,2022,Apply urban green reclamation: convert existing public buildings or buy private buildings to regenerate them as community open spaces in areas lacking them.,1,MP-PL-2026-P19,pl,2026,Everyone in Malta within ten minutes’ walk of an open or green space.,0.34,weak,0.16,"shared: green, open, space, park (concept); same party; same subtopic (Open spaces & parks)",
MP-PL-2022-285,pl,2022,Apply urban green reclamation: convert existing public buildings or buy private buildings to regenerate them as community open spaces in areas lacking them.,2,MP-PL-2026-14-7,pl,2026,"Make Manoel Island a community green space with accessible shoreline and bays, running tracks, water-sports facilities and spaces for relaxation activities.",0.32,weak,0.14,"shared: community, space, green, park (concept); same party; same subtopic (Open spaces & parks)",
MP-PL-2022-285,pl,2022,Apply urban green reclamation: convert existing public buildings or buy private buildings to regenerate them as community open spaces in areas lacking them.,3,MP-PL-2026-14-2,pl,2026,"Maintain White Rocks buildings for education, arts and research uses, and add picnic areas and facilities for mountain biking, hiking and obstacle racing.",0.28,weak,0.10,"shared: building, area, heading: investiment, heading: akbar, heading: ambjent; same party; same subtopic (Open spaces & parks)",
MP-PL-2022-285,pl,2022,Apply urban green reclamation: convert existing public buildings or buy private buildings to regenerate them as community open spaces in areas lacking them.,x,MP-PN-2026-AMB-05,pn,2026,"Regenerate public land into parks and green spaces and, where no public land exists, buy land where possible to create open space.",0.43,possible,0.35,"shared: regenerate, buy, space, green, open; other party; same subtopic (Open spaces & parks)",
MP-PL-2022-286,pl,2022,"Negotiate with private owners of open spaces and large gardens, mainly in urban cores, to lease or buy them and open them to the public.",1,MP-PL-2026-14-13,pl,2026,"Identify further land for open spaces near homes and workplaces, after gardens in Ħal Lija, Ħal Kirkop, Swieqi and arrangements in Ħal Luqa and Fgura.",0.34,weak,0.16,"shared: garden, open, space, open space, park (concept); same party; same subtopic (Open spaces & parks)",
MP-PL-2022-286,pl,2022,"Negotiate with private owners of open spaces and large gardens, mainly in urban cores, to lease or buy them and open them to the public.",2,MP-PL-2026-P19,pl,2026,Everyone in Malta within ten minutes’ walk of an open or green space.,0.32,weak,0.14,"shared: open, space, park (concept); same party; same subtopic (Open spaces & parks)",
MP-PL-2022-286,pl,2022,"Negotiate with private owners of open spaces and large gardens, mainly in urban cores, to lease or buy them and open them to the public.",3,MP-PL-2026-14-14,pl,2026,"Keep adding rural places and hiking and trekking routes to the Parks in Malta app, which lists parks, gardens and open spaces.",0.32,weak,0.14,"shared: garden, open, space, open space, park (concept); same party; same subtopic (Open spaces & parks)",
MP-PL-2022-286,pl,2022,"Negotiate with private owners of open spaces and large gardens, mainly in urban cores, to lease or buy them and open them to the public.",x,MP-ADPD-2026-OS-02,adpd,2026,"Protect existing open spaces first, starting with large private gardens in urban areas and village cores threatened by flats.",0.56,strong,0.48,"shared: core, large, urban, private, garden; other party; same subtopic (Open spaces & parks)",
MP-PL-2022-287,pl,2022,"Demarcate public land and paths in the countryside, design nature trails across Malta and Gozo, and create a mobile app guiding people to public areas.",1,MP-PL-2026-14-3,pl,2026,"Start restoring Fort Campbell in the coming months, creating camping space, recreation areas for adults and children, and safe walking paths.",0.33,weak,0.15,"shared: path, area, heading: investiment, heading: akbar, trail (concept); same party; same subtopic (Open spaces & parks)",
MP-PL-2022-287,pl,2022,"Demarcate public land and paths in the countryside, design nature trails across Malta and Gozo, and create a mobile app guiding people to public areas.",2,MP-PL-2026-14-14,pl,2026,"Keep adding rural places and hiking and trekking routes to the Parks in Malta app, which lists parks, gardens and open spaces.",0.31,weak,0.13,"shared: app, trail (concept); same party; same subtopic (Open spaces & parks)",
MP-PL-2022-287,pl,2022,"Demarcate public land and paths in the countryside, design nature trails across Malta and Gozo, and create a mobile app guiding people to public areas.",3,MP-PL-2026-14-29,pl,2026,"Embellish another part of the Imtarfa woodland with more walking paths, indigenous trees and a path linking it to Ġnien is-27 t'April.",0.30,weak,0.12,"shared: path, trail (concept); same party; same subtopic (Open spaces & parks)",
MP-PL-2022-288,pl,2022,"Promote green networks linking urban areas to the countryside, joining open spaces along the route, possibly from Mellieħa to Xgħajra, with similar routes in Gozo.",1,MP-PL-2026-14-14,pl,2026,"Keep adding rural places and hiking and trekking routes to the Parks in Malta app, which lists parks, gardens and open spaces.",0.36,possible,0.18,"shared: route, open, space, open space, park (concept); same party; same subtopic (Open spaces & parks)",
MP-PL-2022-288,pl,2022,"Promote green networks linking urban areas to the countryside, joining open spaces along the route, possibly from Mellieħa to Xgħajra, with similar routes in Gozo.",2,MP-PL-2026-14-23,pl,2026,"Turn the area around Fortizza Delle Grazie in Xgħajra into a park with recreation space, new trees and outdoor event facilities.",0.35,possible,0.17,"shared: xgajra, area, space, park (concept); same party; same subtopic (Open spaces & parks)",
MP-PL-2022-288,pl,2022,"Promote green networks linking urban areas to the countryside, joining open spaces along the route, possibly from Mellieħa to Xgħajra, with similar routes in Gozo.",3,MP-PL-2026-P19,pl,2026,Everyone in Malta within ten minutes’ walk of an open or green space.,0.31,weak,0.13,"shared: green, open, space, park (concept); same party; same subtopic (Open spaces & parks)",
MP-PL-2022-289,pl,2022,"Complete the Ta’ Qali National Park, enlarging the open space and planting new trees with landscaping, for public recreation, physical and cultural activities.",1,MP-PL-2026-14-23,pl,2026,"Turn the area around Fortizza Delle Grazie in Xgħajra into a park with recreation space, new trees and outdoor event facilities.",0.45,possible,0.27,"shared: recreation, tree, park, space, trees (concept); same party; same subtopic (Open spaces & parks)",
MP-PL-2022-289,pl,2022,"Complete the Ta’ Qali National Park, enlarging the open space and planting new trees with landscaping, for public recreation, physical and cultural activities.",2,MP-PL-2026-14-30,pl,2026,"Start works this year on the former AUM dormitory site in Bormla: open space with trees, swings, outdoor gym and underground parking.",0.34,weak,0.16,"shared: tree, open, space, open space, trees (concept); same party; same subtopic (Open spaces & parks)",
MP-PL-2022-289,pl,2022,"Complete the Ta’ Qali National Park, enlarging the open space and planting new trees with landscaping, for public recreation, physical and cultural activities.",3,MP-PL-2026-14-46,pl,2026,"Turn an abandoned quarry into Mitħna Park, a family space for Qrendi and Imqabba residents with over 100 new trees.",0.34,weak,0.16,"shared: tree, park, space, trees (concept), park (concept); same party; same subtopic (Open spaces & parks)",
MP-PL-2022-290,pl,2022,"Carry out the Triq Sant’Anna project, Floriana: open the Lion-to-War Memorial area to the public, traffic underground, with a pedestrian link to Valletta.",1,MP-PL-2026-14-15,pl,2026,"Link Floriana and Tal-Pietà gardens into a green network, with more restoration at Ġnien San Filippu, Pinetum works and regeneration at Ġnien tal-Milorda.",0.30,weak,0.20,"shared: floriana, link; same party; other topic",
MP-PL-2022-290,pl,2022,"Carry out the Triq Sant’Anna project, Floriana: open the Lion-to-War Memorial area to the public, traffic underground, with a pedestrian link to Valletta.",2,MP-PL-2026-14-31,pl,2026,"Start the San Ġwann centre project in coming months: underground parking first, then replace the car area in front of the church with a garden.",0.30,weak,0.12,"shared: underground, area; same party; same subtopic (Cars & traffic)",
MP-PL-2022-290,pl,2022,"Carry out the Triq Sant’Anna project, Floriana: open the Lion-to-War Memorial area to the public, traffic underground, with a pedestrian link to Valletta.",3,MP-PL-2026-14-35,pl,2026,"After technical studies, create an open space with trees, children's and exercise facilities on the Triq il-Qasab watercourse in Birkirkara.",0.24,weak,0.14,"shared: triq, open; same party; other topic",
MP-PL-2022-291,pl,2022,"Regenerate the car park area in Triq San Pawl, Bormla, into an open space, with underground parking for residents and visitors to Bormla and Isla.",1,MP-PL-2026-14-30,pl,2026,"Start works this year on the former AUM dormitory site in Bormla: open space with trees, swings, outdoor gym and underground parking.",0.63,strong,0.45,"shared: bormla, parking, underground, bormla open, open; same party; same subtopic (Open spaces & parks)",
MP-PL-2022-291,pl,2022,"Regenerate the car park area in Triq San Pawl, Bormla, into an open space, with underground parking for residents and visitors to Bormla and Isla.",2,MP-PL-2026-14-31,pl,2026,"Start the San Ġwann centre project in coming months: underground parking first, then replace the car area in front of the church with a garden.",0.45,possible,0.35,"shared: san, car, parking, underground, area; same party; other topic",
MP-PL-2022-291,pl,2022,"Regenerate the car park area in Triq San Pawl, Bormla, into an open space, with underground parking for residents and visitors to Bormla and Isla.",3,MP-PL-2026-14-17,pl,2026,"Complete the Park tal-Inħawi in Fgura, a green space with pedestrian paths, children's facilities and parking, linked to Park ta' San Klement in Ħaż-Żabbar.",0.37,possible,0.19,"shared: san, parking, park, space, park (concept); same party; same subtopic (Open spaces & parks)",
MP-PL-2022-292,pl,2022,"Start roofing over the area outside the Santa Venera tunnels, creating open spaces, a garden and public facilities on top.",1,MP-PL-2026-14-34,pl,2026,"After the Imsida Creek project, cover the area outside the Santa Venera tunnel to create an open space with new trees.",0.81,strong,0.63,"shared: venera, santa, tunnel, outside, venera tunnel; same party; same subtopic (Open spaces & parks)",
MP-PL-2022-292,pl,2022,"Start roofing over the area outside the Santa Venera tunnels, creating open spaces, a garden and public facilities on top.",2,MP-PL-2026-14-23,pl,2026,"Turn the area around Fortizza Delle Grazie in Xgħajra into a park with recreation space, new trees and outdoor event facilities.",0.33,weak,0.15,"shared: facilitie, area, space, park (concept); same party; same subtopic (Open spaces & parks)",
MP-PL-2022-292,pl,2022,"Start roofing over the area outside the Santa Venera tunnels, creating open spaces, a garden and public facilities on top.",3,MP-PL-2026-14-3,pl,2026,"Start restoring Fort Campbell in the coming months, creating camping space, recreation areas for adults and children, and safe walking paths.",0.32,weak,0.14,"shared: creating, area, space; same party; same subtopic (Open spaces & parks)",
MP-PL-2022-293,pl,2022,"Launch a study on a similar project in Triq Diċembru Tlettax, Marsa, to reconnect the locality currently divided in two.",1,MP-PL-2026-16-5,pl,2026,Battery energy storage procurement is under way; work to start at Delimara and the Marsa.,0.28,weak,0.18,shared: marsa; same party; other topic,
MP-PL-2022-293,pl,2022,"Launch a study on a similar project in Triq Diċembru Tlettax, Marsa, to reconnect the locality currently divided in two.",2,MP-PL-2026-16-17,pl,2026,"First solar car port projects planned at Ċirkewwa, Marsa and Birżebbuġa, with public car parks identified for solar generation.",0.24,weak,0.14,shared: marsa; same party; other topic,
MP-PL-2022-293,pl,2022,"Launch a study on a similar project in Triq Diċembru Tlettax, Marsa, to reconnect the locality currently divided in two.",3,MP-PL-2026-14-35,pl,2026,"After technical studies, create an open space with trees, children's and exercise facilities on the Triq il-Qasab watercourse in Birkirkara.",0.23,weak,0.13,shared: triq; same party; other topic,
MP-PL-2022-294,pl,2022,"Roof over part of the water channel along Triq il-Qasab, Birkirkara, without reducing water flow, creating a new green space.",1,MP-PL-2026-14-35,pl,2026,"After technical studies, create an open space with trees, children's and exercise facilities on the Triq il-Qasab watercourse in Birkirkara.",0.55,strong,0.37,"shared: qasab, birkirkara, triq, triq qasab, space; same party; same subtopic (Open spaces & parks)",
MP-PL-2022-294,pl,2022,"Roof over part of the water channel along Triq il-Qasab, Birkirkara, without reducing water flow, creating a new green space.",2,MP-PL-2026-P19,pl,2026,Everyone in Malta within ten minutes’ walk of an open or green space.,0.32,weak,0.14,"shared: green, space, green space, park (concept); same party; same subtopic (Open spaces & parks)",
MP-PL-2022-294,pl,2022,"Roof over part of the water channel along Triq il-Qasab, Birkirkara, without reducing water flow, creating a new green space.",3,MP-PL-2026-14-7,pl,2026,"Make Manoel Island a community green space with accessible shoreline and bays, running tracks, water-sports facilities and spaces for relaxation activities.",0.32,weak,0.14,"shared: water, space, green, green space, park (concept); same party; same subtopic (Open spaces & parks)",
MP-PL-2022-295,pl,2022,Demolish the milk factory in Ħamrun and replace it with an underground car park topped by a green open space.,1,MP-PL-2026-14-31,pl,2026,"Start the San Ġwann centre project in coming months: underground parking first, then replace the car area in front of the church with a garden.",0.42,possible,0.32,"shared: replace, car, underground, park (concept); same party; other topic",
MP-PL-2022-295,pl,2022,Demolish the milk factory in Ħamrun and replace it with an underground car park topped by a green open space.,2,MP-PL-2026-P19,pl,2026,Everyone in Malta within ten minutes’ walk of an open or green space.,0.37,possible,0.19,"shared: green, open, space, park (concept); same party; same subtopic (Open spaces & parks)",
MP-PL-2022-295,pl,2022,Demolish the milk factory in Ħamrun and replace it with an underground car park topped by a green open space.,3,MP-PL-2026-14-4,pl,2026,"Create a natural park in the Ħamrun area on the Malta Dairy Products site, with hundreds of trees and plants, after relocating the dairy plant.",0.35,possible,0.17,"shared: amrun, park, park (concept); same party; same subtopic (Open spaces & parks)",
MP-PL-2022-296,pl,2022,"Extend Ġnien Karin Grech, San Ġwann, with a new square and green space, a proposed traffic tunnel and underground parking.",1,MP-PL-2026-14-31,pl,2026,"Start the San Ġwann centre project in coming months: underground parking first, then replace the car area in front of the church with a garden.",0.49,possible,0.39,"shared: parking, gwann, san, underground, san gwann; same party; other topic",
MP-PL-2022-296,pl,2022,"Extend Ġnien Karin Grech, San Ġwann, with a new square and green space, a proposed traffic tunnel and underground parking.",2,MP-PL-2026-14-30,pl,2026,"Start works this year on the former AUM dormitory site in Bormla: open space with trees, swings, outdoor gym and underground parking.",0.45,possible,0.27,"shared: parking, underground, space, open, underground parking; same party; same subtopic (Open spaces & parks)",
MP-PL-2022-296,pl,2022,"Extend Ġnien Karin Grech, San Ġwann, with a new square and green space, a proposed traffic tunnel and underground parking.",3,MP-PL-2026-14-17,pl,2026,"Complete the Park tal-Inħawi in Fgura, a green space with pedestrian paths, children's facilities and parking, linked to Park ta' San Klement in Ħaż-Żabbar.",0.41,possible,0.23,"shared: parking, san, space, green, green space; same party; same subtopic (Open spaces & parks)",
MP-PL-2022-297,pl,2022,"Complete announced urban greening projects in Ħaż-Żabbar, Ħamrun, Marsa, Mosta and Ħal Qormi as quickly as possible.",1,MP-PL-2026-14-4,pl,2026,"Create a natural park in the Ħamrun area on the Malta Dairy Products site, with hundreds of trees and plants, after relocating the dairy plant.",0.32,weak,0.14,shared: amrun; same party; same subtopic (Open spaces & parks),
MP-PL-2022-297,pl,2022,"Complete announced urban greening projects in Ħaż-Żabbar, Ħamrun, Marsa, Mosta and Ħal Qormi as quickly as possible.",2,MP-PL-2026-14-17,pl,2026,"Complete the Park tal-Inħawi in Fgura, a green space with pedestrian paths, children's facilities and parking, linked to Park ta' San Klement in Ħaż-Żabbar.",0.31,weak,0.13,shared: zabbar; same party; same subtopic (Open spaces & parks),
MP-PL-2022-297,pl,2022,"Complete announced urban greening projects in Ħaż-Żabbar, Ħamrun, Marsa, Mosta and Ħal Qormi as quickly as possible.",3,MP-PL-2026-14-37,pl,2026,Issue another Community Greening Grant call in the next legislature for localities not yet funded; the 2023 grant allocated €10 million.,0.29,weak,0.11,shared: greening; same party; same subtopic (Open spaces & parks),
MP-PL-2022-298,pl,2022,"Make Rinella garden, Kalkara, a sustainable garden with solar paving and smart benches and bins, then launch a maintenance programme making public gardens sustainable.",1,MP-PL-2026-14-12,pl,2026,"Amend the law so that parks and gardens created in recent years, especially on formerly developable land, are protected from development.",0.31,weak,0.13,"shared: garden, heading: ambjentali, park (concept); same party; same subtopic (Open spaces & parks)",
MP-PL-2022-298,pl,2022,"Make Rinella garden, Kalkara, a sustainable garden with solar paving and smart benches and bins, then launch a maintenance programme making public gardens sustainable.",2,MP-PL-2026-14-13,pl,2026,"Identify further land for open spaces near homes and workplaces, after gardens in Ħal Lija, Ħal Kirkop, Swieqi and arrangements in Ħal Luqa and Fgura.",0.29,weak,0.11,"shared: garden, heading: ambjentali, park (concept); same party; same subtopic (Open spaces & parks)",
MP-PL-2022-298,pl,2022,"Make Rinella garden, Kalkara, a sustainable garden with solar paving and smart benches and bins, then launch a maintenance programme making public gardens sustainable.",3,MP-PL-2026-14-32,pl,2026,"Restore paths, walls and fountains at the Sant'Anton Gardens in Ħ'Attard, followed by restoring the conservatory for growing plants.",0.29,weak,0.11,"shared: garden, park (concept); same party; same subtopic (Open spaces & parks)",
MP-PL-2022-299,pl,2022,Continue relocating processes from the Sant’Antnin recycling plant so it closes and becomes an educational nature park with underground parking for Marsaskala.,1,MP-PL-2026-14-4,pl,2026,"Create a natural park in the Ħamrun area on the Malta Dairy Products site, with hundreds of trees and plants, after relocating the dairy plant.",0.45,possible,0.27,"shared: relocating, plant, park, park (concept); same party; same subtopic (Open spaces & parks)",
MP-PL-2022-299,pl,2022,Continue relocating processes from the Sant’Antnin recycling plant so it closes and becomes an educational nature park with underground parking for Marsaskala.,2,MP-PL-2026-14-21,pl,2026,"Replace the dismantled Sant'Antnin waste plant in Marsaskala with a park including mature trees, a pond, a learning centre, exhibition space and a greenhouse.",0.36,possible,0.18,"shared: marsaskala, plant, park, park (concept); same party; same subtopic (Open spaces & parks)",
MP-PL-2022-299,pl,2022,Continue relocating processes from the Sant’Antnin recycling plant so it closes and becomes an educational nature park with underground parking for Marsaskala.,3,MP-PL-2026-14-30,pl,2026,"Start works this year on the former AUM dormitory site in Bormla: open space with trees, swings, outdoor gym and underground parking.",0.36,possible,0.18,"shared: parking, underground, underground parking, park (concept); same party; same subtopic (Open spaces & parks)",
MP-PL-2022-300,pl,2022,Create a nature park along the Baħar iċ-Ċagħaq coast with more trees and accessible walking trails.,1,MP-PL-2026-14-29,pl,2026,"Embellish another part of the Imtarfa woodland with more walking paths, indigenous trees and a path linking it to Ġnien is-27 t'April.",0.32,weak,0.14,"shared: walking, tree, trail (concept), trees (concept); same party; same subtopic (Open spaces & parks)",
MP-PL-2022-300,pl,2022,Create a nature park along the Baħar iċ-Ċagħaq coast with more trees and accessible walking trails.,2,MP-PL-2026-14-25,pl,2026,"Clean Wied Blandun, preserve its habitat and remove invasive trees, and maintain paths between Fgura and Għajn Dwieli for walking and cycling.",0.29,weak,0.11,"shared: walking, tree, trees (concept); same party; same subtopic (Open spaces & parks)",
MP-PL-2022-300,pl,2022,Create a nature park along the Baħar iċ-Ċagħaq coast with more trees and accessible walking trails.,3,MP-PL-2026-14-6,pl,2026,"Return Manoel Island's natural areas to their natural state through extensive cleaning, walking paths, picnic spaces, swimmers' facilities and planting hundreds of trees.",0.29,weak,0.11,"shared: walking, tree, trail (concept), trees (concept); same party; same subtopic (Open spaces & parks)",
MP-PL-2022-301,pl,2022,"Create Malta’s first geological park along the coast of Għar Lapsi and Wied iż-Żurrieq, for recreation and conservation.",1,MP-PL-2026-16-27,pl,2026,"After Wied iż-Żurrieq and Ħad-Dingli, extend sewerage in Rabat to serve Raba’ Nemel and Ħofret ir-Rizz for the first time.",0.37,possible,0.27,"shared: zurrieq, wied, wied zurrieq, valley (concept); same party; other topic",
MP-PL-2022-301,pl,2022,"Create Malta’s first geological park along the coast of Għar Lapsi and Wied iż-Żurrieq, for recreation and conservation.",2,MP-PL-2026-14-27,pl,2026,"Carry out regeneration works in Wied il-Għasel, as done in Wied Speranza, creating one public path linking three valleys including Wied il-Qlejgħa.",0.34,weak,0.16,"shared: wied, valley (concept); same party; same subtopic (Open spaces & parks)",
MP-PL-2022-301,pl,2022,"Create Malta’s first geological park along the coast of Għar Lapsi and Wied iż-Żurrieq, for recreation and conservation.",3,MP-PL-2026-14-23,pl,2026,"Turn the area around Fortizza Delle Grazie in Xgħajra into a park with recreation space, new trees and outdoor event facilities.",0.34,weak,0.16,"shared: recreation, park, park (concept); same party; same subtopic (Open spaces & parks)",
MP-PL-2022-302,pl,2022,"Convert the Schreiber ground in Pace Grasso into an educational open space, planting trees and shrubs.",1,MP-PL-2026-14-33,pl,2026,"Launch a tree-planting initiative on main roads using suitable species, without reducing parking space.",0.37,possible,0.19,"shared: planting, tree, space, trees (concept); same party; same subtopic (Trees & planting)",
MP-PL-2022-302,pl,2022,"Convert the Schreiber ground in Pace Grasso into an educational open space, planting trees and shrubs.",2,MP-PL-2026-14-48,pl,2026,"Continue working with Nature Trust so more schools join the Nebbieta project, in which pupils grow trees and plants for later planting.",0.34,weak,0.16,"shared: planting, tree, trees (concept); same party; same subtopic (Trees & planting)",
MP-PL-2022-302,pl,2022,"Convert the Schreiber ground in Pace Grasso into an educational open space, planting trees and shrubs.",3,MP-PL-2026-14-59,pl,2026,Launch a pilot project to treat desalination brine and convert it into marketable magnesium.,0.31,weak,0.21,shared: convert; same party; other topic,
MP-PL-2022-303,pl,2022,Start work immediately on parks in Imqabba and Birgu to give residents more open space.,1,MP-PL-2026-14-46,pl,2026,"Turn an abandoned quarry into Mitħna Park, a family space for Qrendi and Imqabba residents with over 100 new trees.",0.53,possible,0.35,"shared: imqabba, resident, park, space, park (concept); same party; same subtopic (Open spaces & parks)",
MP-PL-2022-303,pl,2022,Start work immediately on parks in Imqabba and Birgu to give residents more open space.,2,MP-PL-2026-14-14,pl,2026,"Keep adding rural places and hiking and trekking routes to the Parks in Malta app, which lists parks, gardens and open spaces.",0.34,weak,0.16,"shared: park, open, space, open space, park (concept); same party; same subtopic (Open spaces & parks)",
MP-PL-2022-303,pl,2022,Start work immediately on parks in Imqabba and Birgu to give residents more open space.,3,MP-PL-2026-14-17,pl,2026,"Complete the Park tal-Inħawi in Fgura, a green space with pedestrian paths, children's facilities and parking, linked to Park ta' San Klement in Ħaż-Żabbar.",0.30,weak,0.12,"shared: park, space, park (concept); same party; same subtopic (Open spaces & parks)",
MP-PL-2022-304,pl,2022,"Restore Sant’Anton Gardens: repair walls, new paving and benches, and add a butterfly house and bird aviaries.",1,MP-PL-2026-14-32,pl,2026,"Restore paths, walls and fountains at the Sant'Anton Gardens in Ħ'Attard, followed by restoring the conservatory for growing plants.",0.44,possible,0.26,"shared: wall, restore, garden, park (concept); same party; same subtopic (Open spaces & parks)",
MP-PL-2022-304,pl,2022,"Restore Sant’Anton Gardens: repair walls, new paving and benches, and add a butterfly house and bird aviaries.",2,MP-PL-2026-14-28,pl,2026,Restore the Grade 1 scheduled Gżira sewage pumping station and turn surrounding land into a garden with family spaces and hundreds of trees.,0.31,weak,0.13,"shared: restore, garden, park (concept); same party; same subtopic (Open spaces & parks)",
MP-PL-2022-304,pl,2022,"Restore Sant’Anton Gardens: repair walls, new paving and benches, and add a butterfly house and bird aviaries.",3,MP-PL-2026-14-19,pl,2026,"Expand the Salina National Park, restore its farmhouse, create new paths and plant more trees.",0.31,weak,0.13,"shared: restore, park (concept); same party; same subtopic (Open spaces & parks)",
MP-PL-2022-305,pl,2022,"Launch a wide action plan for tree planting and afforestation, committing to 100,000 trees planted in the next five years.",1,MP-PL-2026-14-43,pl,2026,"Continue afforestation and distribute fruit trees to councils, NGOs and the public, after over 57,000 trees were planted in 2022-2025.",0.75,strong,0.57,"shared: tree, planted, afforestation, tree planted, heading: afforestazzjoni; same party; same subtopic (Trees & planting)",
MP-PL-2022-305,pl,2022,"Launch a wide action plan for tree planting and afforestation, committing to 100,000 trees planted in the next five years.",2,MP-PL-2026-14-33,pl,2026,"Launch a tree-planting initiative on main roads using suitable species, without reducing parking space.",0.41,possible,0.23,"shared: tree, planting, tree planting, trees (concept); same party; same subtopic (Trees & planting)",
MP-PL-2022-305,pl,2022,"Launch a wide action plan for tree planting and afforestation, committing to 100,000 trees planted in the next five years.",3,MP-PL-2026-14-48,pl,2026,"Continue working with Nature Trust so more schools join the Nebbieta project, in which pupils grow trees and plants for later planting.",0.41,possible,0.23,"shared: tree, planting, heading: afforestazzjoni, trees (concept); same party; same subtopic (Trees & planting)",
MP-PL-2022-306,pl,2022,"Continue regenerating abandoned sites for public enjoyment, following former landfills at Wied Fulija (Żurrieq) and Il-Qortin (Xagħra).",1,MP-PL-2026-14-30,pl,2026,"Start works this year on the former AUM dormitory site in Bormla: open space with trees, swings, outdoor gym and underground parking.",0.37,possible,0.19,"shared: former, site; same party; same subtopic (Open spaces & parks)",
MP-PL-2022-306,pl,2022,"Continue regenerating abandoned sites for public enjoyment, following former landfills at Wied Fulija (Żurrieq) and Il-Qortin (Xagħra).",2,MP-PL-2026-14-27,pl,2026,"Carry out regeneration works in Wied il-Għasel, as done in Wied Speranza, creating one public path linking three valleys including Wied il-Qlejgħa.",0.36,possible,0.18,"shared: wied, valley (concept); same party; same subtopic (Open spaces & parks)",
MP-PL-2022-306,pl,2022,"Continue regenerating abandoned sites for public enjoyment, following former landfills at Wied Fulija (Żurrieq) and Il-Qortin (Xagħra).",3,MP-PL-2026-16-27,pl,2026,"After Wied iż-Żurrieq and Ħad-Dingli, extend sewerage in Rabat to serve Raba’ Nemel and Ħofret ir-Rizz for the first time.",0.35,possible,0.25,"shared: zurrieq, wied, valley (concept); same party; other topic",
MP-PL-2022-307,pl,2022,"Carry out the afforestation project at Inwadar Nature Park, protecting biodiversity and water management.",1,MP-PL-2026-14-37,pl,2026,Issue another Community Greening Grant call in the next legislature for localities not yet funded; the 2023 grant allocated €10 million.,0.31,weak,0.13,shared: million; same party; same subtopic (Open spaces & parks),
MP-PL-2022-307,pl,2022,"Carry out the afforestation project at Inwadar Nature Park, protecting biodiversity and water management.",2,MP-PL-2026-14-45,pl,2026,Start an afforestation initiative around the WasteServ complex at Magħtab to improve the area's natural environment.,0.27,weak,0.13,"shared: afforestation, heading: afforestazzjoni, trees (concept); same party; same topic (Land & Trees)",
MP-PL-2022-307,pl,2022,"Carry out the afforestation project at Inwadar Nature Park, protecting biodiversity and water management.",3,MP-PL-2026-14-43,pl,2026,"Continue afforestation and distribute fruit trees to councils, NGOs and the public, after over 57,000 trees were planted in 2022-2025.",0.27,weak,0.13,"shared: afforestation, heading: afforestazzjoni, trees (concept); same party; same topic (Land & Trees)",
MP-PL-2022-308,pl,2022,"Join the Żonqor area, after relocation of the planned project to Smart City, to the Inwadar Nature Park.",1,MP-PL-2026-14-48,pl,2026,"Continue working with Nature Trust so more schools join the Nebbieta project, in which pupils grow trees and plants for later planting.",0.43,possible,0.29,"shared: join, nature, heading: afforestazzjoni; same party; same topic (Land & Trees)",
MP-PL-2022-308,pl,2022,"Join the Żonqor area, after relocation of the planned project to Smart City, to the Inwadar Nature Park.",2,MP-PL-2026-14-23,pl,2026,"Turn the area around Fortizza Delle Grazie in Xgħajra into a park with recreation space, new trees and outdoor event facilities.",0.27,weak,0.09,"shared: park, area, park (concept); same party; same subtopic (Open spaces & parks)",
MP-PL-2022-308,pl,2022,"Join the Żonqor area, after relocation of the planned project to Smart City, to the Inwadar Nature Park.",3,MP-PL-2026-16-17,pl,2026,"First solar car port projects planned at Ċirkewwa, Marsa and Birżebbuġa, with public car parks identified for solar generation.",0.27,weak,0.17,"shared: planned, park, park (concept); same party; other topic",
MP-PL-2022-309,pl,2022,"Complete the Bengħajsa afforestation project, planting indigenous trees and creating a family park.",1,MP-PL-2026-14-47,pl,2026,"Continue removing invasive trees from natural areas such as Għajn Tuffieħa, l-Aħrax tal-Mellieħa and Salina, replacing them with indigenous trees.",0.49,possible,0.31,"shared: indigenou, tree, indigenou tree, heading: afforestazzjoni, trees (concept); same party; same subtopic (Trees & planting)",
MP-PL-2022-309,pl,2022,"Complete the Bengħajsa afforestation project, planting indigenous trees and creating a family park.",2,MP-PL-2026-14-43,pl,2026,"Continue afforestation and distribute fruit trees to councils, NGOs and the public, after over 57,000 trees were planted in 2022-2025.",0.44,possible,0.26,"shared: tree, afforestation, heading: afforestazzjoni, trees (concept); same party; same subtopic (Trees & planting)",
MP-PL-2022-309,pl,2022,"Complete the Bengħajsa afforestation project, planting indigenous trees and creating a family park.",3,MP-PL-2026-14-29,pl,2026,"Embellish another part of the Imtarfa woodland with more walking paths, indigenous trees and a path linking it to Ġnien is-27 t'April.",0.43,possible,0.29,"shared: indigenou, tree, indigenou tree, trees (concept); same party; same topic (Land & Trees)",
MP-PL-2022-310,pl,2022,Fully support afforestation initiatives led by NGOs and local councils across different localities.,1,MP-PL-2026-14-43,pl,2026,"Continue afforestation and distribute fruit trees to councils, NGOs and the public, after over 57,000 trees were planted in 2022-2025.",0.52,possible,0.34,"shared: ngos, afforestation, council, heading: afforestazzjoni, trees (concept); same party; same subtopic (Trees & planting)",
MP-PL-2022-310,pl,2022,Fully support afforestation initiatives led by NGOs and local councils across different localities.,2,MP-PL-2026-14-45,pl,2026,Start an afforestation initiative around the WasteServ complex at Magħtab to improve the area's natural environment.,0.51,possible,0.33,"shared: initiative, afforestation, afforestation initiative, heading: afforestazzjoni, trees (concept); same party; same subtopic (Trees & planting)",
MP-PL-2022-310,pl,2022,Fully support afforestation initiatives led by NGOs and local councils across different localities.,3,MP-PL-2026-14-33,pl,2026,"Launch a tree-planting initiative on main roads using suitable species, without reducing parking space.",0.30,weak,0.12,"shared: initiative, trees (concept); same party; same subtopic (Trees & planting)",
MP-PL-2022-311,pl,2022,Work with primary schools and local councils so children learn about endemic trees and sow seedlings later planted in localities.,1,MP-PL-2026-14-43,pl,2026,"Continue afforestation and distribute fruit trees to councils, NGOs and the public, after over 57,000 trees were planted in 2022-2025.",0.58,strong,0.40,"shared: planted, tree, council, heading: afforestazzjoni, trees (concept); same party; same subtopic (Trees & planting)",
MP-PL-2022-311,pl,2022,Work with primary schools and local councils so children learn about endemic trees and sow seedlings later planted in localities.,2,MP-PL-2026-14-48,pl,2026,"Continue working with Nature Trust so more schools join the Nebbieta project, in which pupils grow trees and plants for later planting.",0.52,possible,0.34,"shared: later, school, tree, heading: afforestazzjoni, trees (concept); same party; same subtopic (Trees & planting)",
MP-PL-2022-311,pl,2022,Work with primary schools and local councils so children learn about endemic trees and sow seedlings later planted in localities.,3,MP-PL-2026-14-35,pl,2026,"After technical studies, create an open space with trees, children's and exercise facilities on the Triq il-Qasab watercourse in Birkirkara.",0.32,weak,0.18,"shared: children, tree, trees (concept); same party; same topic (Land & Trees)",
MP-PL-2022-312,pl,2022,Launch a campaign gradually removing invasive alien trees from public rural areas and replacing them with indigenous trees.,1,MP-PL-2026-14-47,pl,2026,"Continue removing invasive trees from natural areas such as Għajn Tuffieħa, l-Aħrax tal-Mellieħa and Salina, replacing them with indigenous trees.",0.74,strong,0.56,"shared: tree, indigenou, replacing, removing, invasive; same party; same subtopic (Trees & planting)",
MP-PL-2022-312,pl,2022,Launch a campaign gradually removing invasive alien trees from public rural areas and replacing them with indigenous trees.,2,MP-PL-2026-14-43,pl,2026,"Continue afforestation and distribute fruit trees to councils, NGOs and the public, after over 57,000 trees were planted in 2022-2025.",0.35,possible,0.17,"shared: tree, heading: afforestazzjoni, trees (concept); same party; same subtopic (Trees & planting)",
MP-PL-2022-312,pl,2022,Launch a campaign gradually removing invasive alien trees from public rural areas and replacing them with indigenous trees.,3,MP-PL-2026-14-29,pl,2026,"Embellish another part of the Imtarfa woodland with more walking paths, indigenous trees and a path linking it to Ġnien is-27 t'April.",0.34,weak,0.20,"shared: indigenou, tree, indigenou tree, trees (concept); same party; same topic (Land & Trees)",
MP-PL-2022-313,pl,2022,"Ambjent Malta to continue implementing Natura 2000 management plans: native planting, rubble walls, restoring wells and cisterns, irrigation, surveillance and firefighting.",1,MP-PL-2026-14-41,pl,2026,"Restore Razzett tax-Xitan in Mellieħa, between two Natura 2000 sites, as a research and learning centre on local pollinator species.",0.28,weak,0.10,"shared: natura, natura (concept), heading: arsien, heading: tal; same figures: 2000; same party; same topic (Nature & Wildlife)",
MP-PL-2022-313,pl,2022,"Ambjent Malta to continue implementing Natura 2000 management plans: native planting, rubble walls, restoring wells and cisterns, irrigation, surveillance and firefighting.",2,MP-PL-2026-14-32,pl,2026,"Restore paths, walls and fountains at the Sant'Anton Gardens in Ħ'Attard, followed by restoring the conservatory for growing plants.",0.27,weak,0.17,"shared: wall, restoring; same party; other topic",
MP-PL-2022-313,pl,2022,"Ambjent Malta to continue implementing Natura 2000 management plans: native planting, rubble walls, restoring wells and cisterns, irrigation, surveillance and firefighting.",3,MP-PL-2026-14-22,pl,2026,"Create Park ta' San Patrizju in Pembroke, with extensive cleaning near the Natura 2000 site, a picnic area and more accessible paths.",0.22,weak,0.08,"shared: natura, natura (concept); same figures: 2000; same party; other topic",
MP-PL-2022-313,pl,2022,"Ambjent Malta to continue implementing Natura 2000 management plans: native planting, rubble walls, restoring wells and cisterns, irrigation, surveillance and firefighting.",x,MP-PN-2026-AMB-25,pn,2026,"Create a Malta Nature Network linking Natura 2000 sites, valleys, rubble walls, garrigue and ecological corridors, with compensation for farmers and landowners who maintain them.",0.35,possible,0.27,"shared: rubble, wall, natura, rubble wall, natura (concept); same figures: 2000; other party; same topic (Nature & Wildlife)",
MP-PL-2022-314,pl,2022,Start a valley conservation programme to protect biodiversity and rainwater channels.,1,MP-PL-2026-14-39,pl,2026,"Protect more natural areas to reach the EU target of 30% of territory protected, from 29% of Malta's land protected today.",0.26,weak,0.12,"shared: protect, heading: arsien, heading: tal; same party; same topic (Nature & Wildlife)",
MP-PL-2022-314,pl,2022,Start a valley conservation programme to protect biodiversity and rainwater channels.,2,MP-PL-2026-14-27,pl,2026,"Carry out regeneration works in Wied il-Għasel, as done in Wied Speranza, creating one public path linking three valleys including Wied il-Qlejgħa.",0.23,weak,0.13,"shared: valley, valley (concept); same party; other topic",
MP-PL-2022-314,pl,2022,Start a valley conservation programme to protect biodiversity and rainwater channels.,3,MP-PL-2026-14-52,pl,2026,"Work with academics to create new marine habitats, control invasive species and remove waste harming marine biodiversity around the Maltese islands.",0.22,weak,0.08,shared: biodiversity; same party; same topic (Nature & Wildlife),
MP-PL-2022-314,pl,2022,Start a valley conservation programme to protect biodiversity and rainwater channels.,x,MP-MOMENTUM-2026-115,momentum,2026,Restore and conserve valleys as biodiversity corridors and protect them from inappropriate urban development.,0.39,possible,0.35,"shared: valley, biodiversity, protect, valley (concept); other party; same topic (Nature & Wildlife)",
MP-PL-2022-315,pl,2022,Maintain the Chadwick Lakes area and add initiatives improving access for farmers and the public.,1,MP-PL-2026-14-2,pl,2026,"Maintain White Rocks buildings for education, arts and research uses, and add picnic areas and facilities for mountain biking, hiking and obstacle racing.",0.38,possible,0.24,"shared: maintain, add, area, heading: ambjent; same party; same topic (Land & Trees)",
MP-PL-2022-315,pl,2022,Maintain the Chadwick Lakes area and add initiatives improving access for farmers and the public.,2,MP-PL-2026-14-45,pl,2026,Start an afforestation initiative around the WasteServ complex at Magħtab to improve the area's natural environment.,0.34,weak,0.20,"shared: initiative, area; same party; same topic (Land & Trees)",
MP-PL-2022-315,pl,2022,Maintain the Chadwick Lakes area and add initiatives improving access for farmers and the public.,3,MP-PL-2026-14-33,pl,2026,"Launch a tree-planting initiative on main roads using suitable species, without reducing parking space.",0.26,weak,0.12,shared: initiative; same party; same topic (Land & Trees),
MP-PL-2022-316,pl,2022,Give the Environment and Resources Authority (ERA) new powers and resources to regulate more effectively.,1,MP-PL-2026-14-45,pl,2026,Start an afforestation initiative around the WasteServ complex at Magħtab to improve the area's natural environment.,0.19,weak,0.09,shared: environment; same party; other topic,
MP-PL-2022-316,pl,2022,Give the Environment and Resources Authority (ERA) new powers and resources to regulate more effectively.,2,MP-PL-2026-16-35,pl,2026,"Reports the Climate Action Authority set up in 2024; Climate Action Fund to help transport, maritime and aviation operators transition.",0.19,weak,0.09,"shared: authority, heading: ambjent; same party; other topic",
MP-PL-2022-316,pl,2022,Give the Environment and Resources Authority (ERA) new powers and resources to regulate more effectively.,3,MP-PL-2026-14-10,pl,2026,"Split the Environment and Planning Review Tribunal in two, creating a separate tribunal dealing only with environmental appeals.",0.18,weak,0.08,shared: environment; same party; other topic,
MP-PL-2022-316,pl,2022,Give the Environment and Resources Authority (ERA) new powers and resources to regulate more effectively.,x,MP-PN-2026-AMB-36,pn,2026,"Reform the Environment and Resources Authority for more independence, accountability and clear performance standards in enforcement.",0.51,possible,0.43,"shared: resource, authority, environment, resource authority, environment resource; other party; same subtopic (Accountability)",
MP-PL-2022-317,pl,2022,"If land outside development zones is needed for a public school or hospital, turn equivalent public land within them into open space (no-net land take).",1,MP-PL-2026-14-11,pl,2026,Public land inside the rationalisation zones added in the 2006 local plans will not be developed for speculative purposes.,0.36,possible,0.18,"shared: land, zone, odz (concept); same party; same subtopic (Land take & agriculture)",
MP-PL-2022-317,pl,2022,"If land outside development zones is needed for a public school or hospital, turn equivalent public land within them into open space (no-net land take).",2,MP-PL-2026-14-13,pl,2026,"Identify further land for open spaces near homes and workplaces, after gardens in Ħal Lija, Ħal Kirkop, Swieqi and arrangements in Ħal Luqa and Fgura.",0.31,weak,0.17,"shared: land, land open, open, space, open space; same party; same topic (Land & Trees)",
MP-PL-2022-317,pl,2022,"If land outside development zones is needed for a public school or hospital, turn equivalent public land within them into open space (no-net land take).",3,MP-PL-2026-14-28,pl,2026,Restore the Grade 1 scheduled Gżira sewage pumping station and turn surrounding land into a garden with family spaces and hundreds of trees.,0.28,weak,0.14,"shared: land, turn, space, park (concept); same party; same topic (Land & Trees)",
MP-PL-2022-317,pl,2022,"If land outside development zones is needed for a public school or hospital, turn equivalent public land within them into open space (no-net land take).",x,MP-AHWA-2026-192,ahwa,2026,Seek constitutional protection for land outside development zones (ODZ).,0.49,possible,0.41,"shared: land, outside, zone, development, land outside; other party; same subtopic (Land take & agriculture)",
MP-PL-2022-318,pl,2022,Continue afforestation and conservation projects on Kemmuna and set up nature trails to reduce pressure on habitats.,1,MP-PL-2026-14-45,pl,2026,Start an afforestation initiative around the WasteServ complex at Magħtab to improve the area's natural environment.,0.30,weak,0.12,"shared: afforestation, trees (concept); same party; same subtopic (Trees & planting)",
MP-PL-2022-318,pl,2022,Continue afforestation and conservation projects on Kemmuna and set up nature trails to reduce pressure on habitats.,2,MP-PL-2026-14-43,pl,2026,"Continue afforestation and distribute fruit trees to councils, NGOs and the public, after over 57,000 trees were planted in 2022-2025.",0.29,weak,0.11,"shared: afforestation, trees (concept); same party; same subtopic (Trees & planting)",
MP-PL-2022-318,pl,2022,Continue afforestation and conservation projects on Kemmuna and set up nature trails to reduce pressure on habitats.,3,MP-PL-2026-14-50,pl,2026,"Start a pilot of eco-moorings at Kemmuna and Qawra, then extend to other bays, with free public use.",0.29,weak,0.19,shared: kemmuna; same party; other topic,
MP-PL-2022-319,pl,2022,Ensure Ħondoq ir-Rummien is not developed in any way and carry out embellishment works at the bay.,1,MP-PL-2026-14-11,pl,2026,Public land inside the rationalisation zones added in the 2006 local plans will not be developed for speculative purposes.,0.32,weak,0.22,shared: developed; same party; other topic,
MP-PL-2022-319,pl,2022,Ensure Ħondoq ir-Rummien is not developed in any way and carry out embellishment works at the bay.,2,MP-PL-2026-16-5,pl,2026,Battery energy storage procurement is under way; work to start at Delimara and the Marsa.,0.30,weak,0.20,"shared: way, heading: tal; same party; other topic",
MP-PL-2022-319,pl,2022,Ensure Ħondoq ir-Rummien is not developed in any way and carry out embellishment works at the bay.,3,MP-PL-2026-14-5,pl,2026,"Change the local plan so that no development can take place on Manoel Island, which has been returned to the public.",0.18,weak,0.00,same party; same subtopic (Development & construction),
MP-PL-2022-320,pl,2022,"Link Natura 2000 sites with ecological corridors in Mellieħa and the Victoria Lines, establishing a first national trail along the Victoria Lines.",1,MP-PL-2026-14-41,pl,2026,"Restore Razzett tax-Xitan in Mellieħa, between two Natura 2000 sites, as a research and learning centre on local pollinator species.",0.39,possible,0.21,"shared: melliea, natura, site, natura site, natura (concept); same figures: 2000; same party; same topic (Nature & Wildlife)",
MP-PL-2022-320,pl,2022,"Link Natura 2000 sites with ecological corridors in Mellieħa and the Victoria Lines, establishing a first national trail along the Victoria Lines.",2,MP-PL-2026-14-22,pl,2026,"Create Park ta' San Patrizju in Pembroke, with extensive cleaning near the Natura 2000 site, a picnic area and more accessible paths.",0.25,weak,0.11,"shared: natura, site, area, natura site, natura (concept); same figures: 2000; same party; other topic",
MP-PL-2022-320,pl,2022,"Link Natura 2000 sites with ecological corridors in Mellieħa and the Victoria Lines, establishing a first national trail along the Victoria Lines.",3,MP-PL-2026-16-9,pl,2026,"New distribution centres at Imsida, Naxxar and Siġġiewi; work on twelve more, including Mater Dei, Ħal Luqa, Mellieħa, Iklin and Rabat–Mtarfa.",0.21,weak,0.11,"shared: melliea, heading: tal; same party; other topic",
MP-PL-2022-320,pl,2022,"Link Natura 2000 sites with ecological corridors in Mellieħa and the Victoria Lines, establishing a first national trail along the Victoria Lines.",x,MP-ADPD-2026-ACC-06,adpd,2026,Create Malta's first National Trail along the Victoria Lines.,0.67,strong,0.67,"shared: victoria, line, along, victoria line, trail; other party; other topic",
MP-PL-2022-321,pl,2022,"Complete the National Genetic Bank at Ħal Lija to preserve native plant species and strengthen research on genetic resources, including agriculture.",1,MP-PL-2026-14-41,pl,2026,"Restore Razzett tax-Xitan in Mellieħa, between two Natura 2000 sites, as a research and learning centre on local pollinator species.",0.31,weak,0.17,"shared: specie, research, heading: bijodiversita, heading: tal; same party; same topic (Nature & Wildlife)",
MP-PL-2022-321,pl,2022,"Complete the National Genetic Bank at Ħal Lija to preserve native plant species and strengthen research on genetic resources, including agriculture.",2,MP-PL-2026-14-13,pl,2026,"Identify further land for open spaces near homes and workplaces, after gardens in Ħal Lija, Ħal Kirkop, Swieqi and arrangements in Ħal Luqa and Fgura.",0.24,weak,0.14,shared: lija; same party; other topic,
MP-PL-2022-321,pl,2022,"Complete the National Genetic Bank at Ħal Lija to preserve native plant species and strengthen research on genetic resources, including agriculture.",3,MP-PL-2026-14-25,pl,2026,"Clean Wied Blandun, preserve its habitat and remove invasive trees, and maintain paths between Fgura and Għajn Dwieli for walking and cycling.",0.22,weak,0.12,shared: preserve; same party; other topic,
MP-PL-2022-322,pl,2022,Draw up a register of Maltese flora and fauna to monitor conservation of local habitats and species.,1,MP-PL-2026-14-52,pl,2026,"Work with academics to create new marine habitats, control invasive species and remove waste harming marine biodiversity around the Maltese islands.",0.36,possible,0.22,"shared: habitat, specie; same party; same topic (Nature & Wildlife)",
MP-PL-2022-322,pl,2022,Draw up a register of Maltese flora and fauna to monitor conservation of local habitats and species.,2,MP-PL-2026-14-41,pl,2026,"Restore Razzett tax-Xitan in Mellieħa, between two Natura 2000 sites, as a research and learning centre on local pollinator species.",0.33,weak,0.19,"shared: specie, local, heading: bijodiversita, heading: tal; same party; same topic (Nature & Wildlife)",
MP-PL-2022-322,pl,2022,Draw up a register of Maltese flora and fauna to monitor conservation of local habitats and species.,3,MP-PL-2026-16-13,pl,2026,Enemalta to get a dedicated control room to monitor the low-voltage network and fix faults faster.,0.25,weak,0.15,shared: monitor; same party; other topic,
MP-PL-2022-323,pl,2022,Create a garden network in Floriana integrating gardens with Argotti Gardens as an accessible green network supporting biodiversity.,1,MP-PL-2026-14-15,pl,2026,"Link Floriana and Tal-Pietà gardens into a green network, with more restoration at Ġnien San Filippu, Pinetum works and regeneration at Ġnien tal-Milorda.",0.56,strong,0.38,"shared: garden, floriana, network, green, green network; same party; same subtopic (Open spaces & parks)",
MP-PL-2022-323,pl,2022,Create a garden network in Floriana integrating gardens with Argotti Gardens as an accessible green network supporting biodiversity.,2,MP-PL-2026-14-12,pl,2026,"Amend the law so that parks and gardens created in recent years, especially on formerly developable land, are protected from development.",0.34,weak,0.16,"shared: garden, park (concept); same party; same subtopic (Open spaces & parks)",
MP-PL-2022-323,pl,2022,Create a garden network in Floriana integrating gardens with Argotti Gardens as an accessible green network supporting biodiversity.,3,MP-PL-2026-14-13,pl,2026,"Identify further land for open spaces near homes and workplaces, after gardens in Ħal Lija, Ħal Kirkop, Swieqi and arrangements in Ħal Luqa and Fgura.",0.32,weak,0.14,"shared: garden, park (concept); same party; same subtopic (Open spaces & parks)",
MP-PL-2022-324,pl,2022,"Run conservation programmes for native species including the wild rabbit, and extend the barn owl reintroduction project to Magħtab.",1,MP-PL-2026-14-41,pl,2026,"Restore Razzett tax-Xitan in Mellieħa, between two Natura 2000 sites, as a research and learning centre on local pollinator species.",0.25,weak,0.11,"shared: specie, heading: bijodiversita, heading: tal; same party; same topic (Nature & Wildlife)",
MP-PL-2022-324,pl,2022,"Run conservation programmes for native species including the wild rabbit, and extend the barn owl reintroduction project to Magħtab.",2,MP-PL-2026-14-50,pl,2026,"Start a pilot of eco-moorings at Kemmuna and Qawra, then extend to other bays, with free public use.",0.24,weak,0.10,shared: extend; same party; same topic (Nature & Wildlife),
MP-PL-2022-324,pl,2022,"Run conservation programmes for native species including the wild rabbit, and extend the barn owl reintroduction project to Magħtab.",3,MP-PL-2026-14-45,pl,2026,Start an afforestation initiative around the WasteServ complex at Magħtab to improve the area's natural environment.,0.24,weak,0.14,shared: magtab; same party; other topic,
MP-PL-2022-325,pl,2022,"Develop management plans for protected marine areas, leading to Malta’s first marine park at Ċirkewwa.",1,MP-PL-2026-14-39,pl,2026,"Protect more natural areas to reach the EU target of 30% of territory protected, from 29% of Malta's land protected today.",0.37,possible,0.23,"shared: protected, area, heading: bijodiversita, heading: tal; same party; same topic (Nature & Wildlife)",
MP-PL-2022-325,pl,2022,"Develop management plans for protected marine areas, leading to Malta’s first marine park at Ċirkewwa.",2,MP-PL-2026-14-52,pl,2026,"Work with academics to create new marine habitats, control invasive species and remove waste harming marine biodiversity around the Maltese islands.",0.37,possible,0.19,shared: marine; same party; same subtopic (Marine protection),
MP-PL-2022-325,pl,2022,"Develop management plans for protected marine areas, leading to Malta’s first marine park at Ċirkewwa.",3,MP-PL-2026-16-17,pl,2026,"First solar car port projects planned at Ċirkewwa, Marsa and Birżebbuġa, with public car parks identified for solar generation.",0.30,weak,0.20,"shared: cirkewwa, park, park (concept); same party; other topic",
MP-PL-2022-325,pl,2022,"Develop management plans for protected marine areas, leading to Malta’s first marine park at Ċirkewwa.",x,MP-PN-2026-AMB-28,pn,2026,"Expand Marine Protected Areas with more monitoring, surveillance and enforcement.",0.40,possible,0.32,"shared: marine, protected, area, mpa (concept); other party; same subtopic (Marine protection)",
MP-PL-2022-326,pl,2022,"Continue work at Il-Magħluq, Marsaxlokk, including measures against coastal erosion and to protect the bay and adjacent Natura 2000 site.",1,MP-PL-2026-14-41,pl,2026,"Restore Razzett tax-Xitan in Mellieħa, between two Natura 2000 sites, as a research and learning centre on local pollinator species.",0.38,possible,0.20,"shared: natura, site, natura site, natura (concept), heading: bijodiversita; same figures: 2000; same party; same topic (Nature & Wildlife)",
MP-PL-2022-326,pl,2022,"Continue work at Il-Magħluq, Marsaxlokk, including measures against coastal erosion and to protect the bay and adjacent Natura 2000 site.",2,MP-PL-2026-14-22,pl,2026,"Create Park ta' San Patrizju in Pembroke, with extensive cleaning near the Natura 2000 site, a picnic area and more accessible paths.",0.31,weak,0.17,"shared: natura, site, natura site, natura (concept); same figures: 2000; same party; other topic",
MP-PL-2022-326,pl,2022,"Continue work at Il-Magħluq, Marsaxlokk, including measures against coastal erosion and to protect the bay and adjacent Natura 2000 site.",3,MP-PL-2026-14-39,pl,2026,"Protect more natural areas to reach the EU target of 30% of territory protected, from 29% of Malta's land protected today.",0.25,weak,0.11,"shared: protect, heading: bijodiversita, heading: tal; same party; same topic (Nature & Wildlife)",
MP-PL-2022-326,pl,2022,"Continue work at Il-Magħluq, Marsaxlokk, including measures against coastal erosion and to protect the bay and adjacent Natura 2000 site.",x,MP-MOMENTUM-2026-110,momentum,2026,Strictly protect Comino as a Natura 2000 site against commercial development.,0.39,possible,0.31,"shared: natura, protect, site, natura site, natura (concept); same figures: 2000; other party; same topic (Nature & Wildlife)",
MP-PL-2022-327,pl,2022,Strengthen enforcement against littering and raise awareness about it.,1,MP-PN-2026-AMB-07,pn,2026,"Introduce a 'Clean Malta Guarantee' with mandatory national cleanliness standards per locality, results-based contracts and tougher enforcement against littering.",0.39,possible,0.35,"shared: littering, enforcement, enforcement littering; other party; same topic (Waste)",
MP-PL-2022-327,pl,2022,Strengthen enforcement against littering and raise awareness about it.,2,MP-MOMENTUM-2026-76,momentum,2026,"Introduce binding rules for demolishing illegal developments at the offender's expense, with time limits on enforcement appeals and a single enforcement entity.",0.17,weak,0.17,shared: enforcement; other party; other topic,
MP-PL-2022-327,pl,2022,Strengthen enforcement against littering and raise awareness about it.,3,MP-PN-2026-AMB-48,pn,2026,Give local councils a right to formally raise serious or urgent issues before parliamentary committees.,0.15,weak,0.15,shared: raise; other party; other topic,
MP-PL-2022-328,pl,2022,Invest in more resources and machinery for difficult places and consolidate the work of entities cleaning public areas.,1,MP-PL-2026-14-22,pl,2026,"Create Park ta' San Patrizju in Pembroke, with extensive cleaning near the Natura 2000 site, a picnic area and more accessible paths.",0.31,weak,0.21,"shared: cleaning, area; same party; other topic",
MP-PL-2022-328,pl,2022,Invest in more resources and machinery for difficult places and consolidate the work of entities cleaning public areas.,2,MP-PL-2026-14-5,pl,2026,"Change the local plan so that no development can take place on Manoel Island, which has been returned to the public.",0.30,weak,0.20,shared: place; same party; other topic,
MP-PL-2022-328,pl,2022,Invest in more resources and machinery for difficult places and consolidate the work of entities cleaning public areas.,3,MP-PL-2026-14-6,pl,2026,"Return Manoel Island's natural areas to their natural state through extensive cleaning, walking paths, picnic spaces, swimmers' facilities and planting hundreds of trees.",0.27,weak,0.17,"shared: cleaning, area; same party; other topic",
MP-PL-2022-329,pl,2022,"Transform highly urbanised localities into green cities with open spaces, pocket parks, green walls, roof gardens, permanent pedestrian zones and possible underground parking.",1,MP-PL-2026-14-17,pl,2026,"Complete the Park tal-Inħawi in Fgura, a green space with pedestrian paths, children's facilities and parking, linked to Park ta' San Klement in Ħaż-Żabbar.",0.45,possible,0.27,"shared: pedestrian, green, parking, park, space; same party; same subtopic (Open spaces & parks)",
MP-PL-2022-329,pl,2022,"Transform highly urbanised localities into green cities with open spaces, pocket parks, green walls, roof gardens, permanent pedestrian zones and possible underground parking.",2,MP-PL-2026-14-30,pl,2026,"Start works this year on the former AUM dormitory site in Bormla: open space with trees, swings, outdoor gym and underground parking.",0.42,possible,0.24,"shared: parking, underground, open, space, underground parking; same party; same subtopic (Open spaces & parks)",
MP-PL-2022-329,pl,2022,"Transform highly urbanised localities into green cities with open spaces, pocket parks, green walls, roof gardens, permanent pedestrian zones and possible underground parking.",3,MP-PL-2026-P19,pl,2026,Everyone in Malta within ten minutes’ walk of an open or green space.,0.40,possible,0.22,"shared: green, open, space, heading: gal, park (concept); same party; same subtopic (Open spaces & parks)",
MP-PL-2022-329,pl,2022,"Transform highly urbanised localities into green cities with open spaces, pocket parks, green walls, roof gardens, permanent pedestrian zones and possible underground parking.",x,MP-PN-2026-AMB-05,pn,2026,"Regenerate public land into parks and green spaces and, where no public land exists, buy land where possible to create open space.",0.39,possible,0.31,"shared: green, possible, space, park, open; other party; same subtopic (Open spaces & parks)",
MP-PL-2022-330,pl,2022,Launch new schemes encouraging residents to green the façades and roofs of their homes.,1,MP-PL-2026-P19,pl,2026,Everyone in Malta within ten minutes’ walk of an open or green space.,0.32,weak,0.14,"shared: green, heading: gal; same party; same subtopic (Open spaces & parks)",
MP-PL-2022-330,pl,2022,Launch new schemes encouraging residents to green the façades and roofs of their homes.,2,MP-PL-2026-14-46,pl,2026,"Turn an abandoned quarry into Mitħna Park, a family space for Qrendi and Imqabba residents with over 100 new trees.",0.31,weak,0.13,shared: resident; same party; same subtopic (Open spaces & parks),
MP-PL-2022-330,pl,2022,Launch new schemes encouraging residents to green the façades and roofs of their homes.,3,MP-PL-2026-14-8,pl,2026,"Dedicate space on Manoel Island's sports area to a football pitch and a bocci pitch, as promised to Gżira residents.",0.29,weak,0.11,shared: resident; same party; same subtopic (Open spaces & parks),
MP-PL-2022-331,pl,2022,Create roof gardens on public buildings in village cores and use other public roofs to generate clean energy.,1,MP-PL-2026-14-12,pl,2026,"Amend the law so that parks and gardens created in recent years, especially on formerly developable land, are protected from development.",0.26,weak,0.08,"shared: garden, park (concept); same party; same subtopic (Open spaces & parks)",
MP-PL-2022-331,pl,2022,Create roof gardens on public buildings in village cores and use other public roofs to generate clean energy.,2,MP-PL-2026-14-25,pl,2026,"Clean Wied Blandun, preserve its habitat and remove invasive trees, and maintain paths between Fgura and Għajn Dwieli for walking and cycling.",0.25,weak,0.07,shared: clean; same party; same subtopic (Open spaces & parks),
MP-PL-2022-331,pl,2022,Create roof gardens on public buildings in village cores and use other public roofs to generate clean energy.,3,MP-PL-2026-14-13,pl,2026,"Identify further land for open spaces near homes and workplaces, after gardens in Ħal Lija, Ħal Kirkop, Swieqi and arrangements in Ħal Luqa and Fgura.",0.25,weak,0.07,"shared: garden, park (concept); same party; same subtopic (Open spaces & parks)",
MP-PL-2022-331,pl,2022,Create roof gardens on public buildings in village cores and use other public roofs to generate clean energy.,x,MP-ADPD-2026-OS-02,adpd,2026,"Protect existing open spaces first, starting with large private gardens in urban areas and village cores threatened by flats.",0.37,possible,0.29,"shared: core, village, garden, village core, park (concept); other party; same subtopic (Open spaces & parks)",
MP-PL-2022-332,pl,2022,"Continue removing overhead service wires and cables, prioritising squares and old village and town centres.",1,MP-PL-2026-16-10,pl,2026,"Reports substation and distribution centre works; will keep investing in new substations and cables for stable, reliable supply.",0.27,weak,0.17,"shared: cable, centre; same party; other topic",
MP-PL-2022-332,pl,2022,"Continue removing overhead service wires and cables, prioritising squares and old village and town centres.",2,MP-PL-2026-14-47,pl,2026,"Continue removing invasive trees from natural areas such as Għajn Tuffieħa, l-Aħrax tal-Mellieħa and Salina, replacing them with indigenous trees.",0.23,weak,0.09,shared: removing; same party; same topic (Land & Trees),
MP-PL-2022-332,pl,2022,"Continue removing overhead service wires and cables, prioritising squares and old village and town centres.",3,MP-PL-2026-14-21,pl,2026,"Replace the dismantled Sant'Antnin waste plant in Marsaskala with a park including mature trees, a pond, a learning centre, exhibition space and a greenhouse.",0.23,weak,0.05,shared: centre; same party; same subtopic (Open spaces & parks),
MP-PL-2022-333,pl,2022,"Prioritise underground car parks with open spaces on top, with local councils, also addressing flooding and storing rainwater.",1,MP-PL-2026-14-30,pl,2026,"Start works this year on the former AUM dormitory site in Bormla: open space with trees, swings, outdoor gym and underground parking.",0.34,weak,0.16,"shared: underground, open, space, open space, park (concept); same party; same subtopic (Open spaces & parks)",
MP-PL-2022-333,pl,2022,"Prioritise underground car parks with open spaces on top, with local councils, also addressing flooding and storing rainwater.",2,MP-PL-2026-16-17,pl,2026,"First solar car port projects planned at Ċirkewwa, Marsa and Birżebbuġa, with public car parks identified for solar generation.",0.31,weak,0.21,"shared: car, park, car park, park (concept); same party; other topic",
MP-PL-2022-333,pl,2022,"Prioritise underground car parks with open spaces on top, with local councils, also addressing flooding and storing rainwater.",3,MP-PL-2026-P19,pl,2026,Everyone in Malta within ten minutes’ walk of an open or green space.,0.31,weak,0.13,"shared: open, space, heading: gal, park (concept); same party; same subtopic (Open spaces & parks)",
MP-PL-2022-334,pl,2022,"Identify sites outside locality centres, with local councils, to serve as park-and-ride for surrounding villages.",1,MP-PL-2026-14-41,pl,2026,"Restore Razzett tax-Xitan in Mellieħa, between two Natura 2000 sites, as a research and learning centre on local pollinator species.",0.25,weak,0.15,"shared: centre, site, local, centre local; same party; other topic",
MP-PL-2022-334,pl,2022,"Identify sites outside locality centres, with local councils, to serve as park-and-ride for surrounding villages.",2,MP-PL-2026-16-27,pl,2026,"After Wied iż-Żurrieq and Ħad-Dingli, extend sewerage in Rabat to serve Raba’ Nemel and Ħofret ir-Rizz for the first time.",0.24,weak,0.14,shared: serve; same party; other topic,
MP-PL-2022-334,pl,2022,"Identify sites outside locality centres, with local councils, to serve as park-and-ride for surrounding villages.",3,MP-PL-2026-14-31,pl,2026,"Start the San Ġwann centre project in coming months: underground parking first, then replace the car area in front of the church with a garden.",0.23,weak,0.05,shared: centre; same party; same subtopic (Cars & traffic),
MP-PL-2022-335,pl,2022,"Launch a pilot project of community gardens where residents can grow vegetables, fruit and flowers.",1,MP-PL-2026-14-24,pl,2026,"Extend the 20-tomna Wied Inċita park by 7,000m2, then by over 70,000m2 in a third phase next legislature, adding family space and fruit trees.",0.34,weak,0.16,"shared: fruit, park (concept); same party; same subtopic (Open spaces & parks)",
MP-PL-2022-335,pl,2022,"Launch a pilot project of community gardens where residents can grow vegetables, fruit and flowers.",2,MP-PL-2026-14-43,pl,2026,"Continue afforestation and distribute fruit trees to councils, NGOs and the public, after over 57,000 trees were planted in 2022-2025.",0.32,weak,0.18,shared: fruit; same party; same topic (Land & Trees),
MP-PL-2022-335,pl,2022,"Launch a pilot project of community gardens where residents can grow vegetables, fruit and flowers.",3,MP-PL-2026-14-48,pl,2026,"Continue working with Nature Trust so more schools join the Nebbieta project, in which pupils grow trees and plants for later planting.",0.31,weak,0.17,shared: grow; same party; same topic (Land & Trees),
MP-PL-2022-336,pl,2022,"Start discussions on stricter rules for development proposed in outside development zones (ODZ), respecting owners’ rights.",1,MP-PL-2026-14-5,pl,2026,"Change the local plan so that no development can take place on Manoel Island, which has been returned to the public.",0.25,weak,0.07,shared: development; same party; same subtopic (Development & construction),
MP-PL-2022-336,pl,2022,"Start discussions on stricter rules for development proposed in outside development zones (ODZ), respecting owners’ rights.",2,MP-PL-2026-16-30,pl,2026,Legal amendments to compensate owners of rooftop solar panels affected by new development nearby.,0.23,weak,0.13,"shared: owner, development; same party; other topic",
MP-PL-2022-336,pl,2022,"Start discussions on stricter rules for development proposed in outside development zones (ODZ), respecting owners’ rights.",3,MP-PL-2026-14-11,pl,2026,Public land inside the rationalisation zones added in the 2006 local plans will not be developed for speculative purposes.,0.19,weak,0.09,"shared: zone, odz (concept); same party; other topic",
MP-PL-2022-336,pl,2022,"Start discussions on stricter rules for development proposed in outside development zones (ODZ), respecting owners’ rights.",x,MP-AHWA-2026-192,ahwa,2026,Seek constitutional protection for land outside development zones (ODZ).,0.53,possible,0.53,"shared: odz, outside, development, zone, zone odz; other party; other topic",
MP-PL-2022-337,pl,2022,Implement the updated Strategic Plan for Environment and Development (SPED) with new indicators to track its environmental aims.,1,MP-PL-2026-14-10,pl,2026,"Split the Environment and Planning Review Tribunal in two, creating a separate tribunal dealing only with environmental appeals.",0.27,weak,0.13,"shared: environment, environmental; same party; same topic (Planning & Housing)",
MP-PL-2022-337,pl,2022,Implement the updated Strategic Plan for Environment and Development (SPED) with new indicators to track its environmental aims.,2,MP-PL-2026-14-5,pl,2026,"Change the local plan so that no development can take place on Manoel Island, which has been returned to the public.",0.23,weak,0.05,shared: development; same party; same subtopic (Development & construction),
MP-PL-2022-337,pl,2022,Implement the updated Strategic Plan for Environment and Development (SPED) with new indicators to track its environmental aims.,3,MP-PL-2026-14-7,pl,2026,"Make Manoel Island a community green space with accessible shoreline and bays, running tracks, water-sports facilities and spaces for relaxation activities.",0.22,weak,0.12,shared: track; same party; other topic,
MP-PL-2022-338,pl,2022,"Make urban conservation areas (UCAs) irrevocable except for extension, and introduce buffer zones around them.",1,MP-PL-2026-14-11,pl,2026,Public land inside the rationalisation zones added in the 2006 local plans will not be developed for speculative purposes.,0.22,weak,0.12,shared: zone; same party; other topic,
MP-PL-2022-338,pl,2022,"Make urban conservation areas (UCAs) irrevocable except for extension, and introduce buffer zones around them.",2,MP-PL-2026-14-9,pl,2026,"Use Fort Manoel for artistic, cultural and educational purposes and begin restoring the Lazzaretto for sustainable use.",0.18,weak,0.00,same party; same subtopic (Heritage & character),
MP-PL-2022-338,pl,2022,"Make urban conservation areas (UCAs) irrevocable except for extension, and introduce buffer zones around them.",3,MP-PL-2026-16-15,pl,2026,Invest in grid connections for unserved areas such as farms and greenhouses to integrate more renewable energy.,0.16,weak,0.06,shared: area; same party; other topic,
MP-PL-2022-338,pl,2022,"Make urban conservation areas (UCAs) irrevocable except for extension, and introduce buffer zones around them.",x,MP-MOMENTUM-2026-121,momentum,2026,Create buffer zones and protection measures around critical marine habitats and breeding areas.,0.44,possible,0.44,"shared: buffer, zone, buffer zone, area; other party; other topic",
MP-PL-2022-339,pl,2022,Protect grade 2 scheduled buildings with new incentives for owners to restore them and open them to the public where possible.,1,MP-PL-2026-14-28,pl,2026,Restore the Grade 1 scheduled Gżira sewage pumping station and turn surrounding land into a garden with family spaces and hundreds of trees.,0.48,possible,0.38,"shared: scheduled, grade, restore, grade scheduled; same party; other topic",
MP-PL-2022-339,pl,2022,Protect grade 2 scheduled buildings with new incentives for owners to restore them and open them to the public where possible.,2,MP-PL-2026-14-19,pl,2026,"Expand the Salina National Park, restore its farmhouse, create new paths and plant more trees.",0.23,weak,0.13,shared: restore; same party; other topic,
MP-PL-2022-339,pl,2022,Protect grade 2 scheduled buildings with new incentives for owners to restore them and open them to the public where possible.,3,MP-PL-2026-16-18,pl,2026,Reports solar panels on Water Services Corporation reservoirs and buildings; will collaborate with private reservoir owners to use them as solar farms.,0.21,weak,0.11,"shared: owner, building; same party; other topic",
MP-PL-2022-340,pl,2022,Draw up a building aesthetics policy with clear standards respecting old village cores and the Maltese and Gozitan landscape.,1,MP-PL-2026-16-39,pl,2026,New INDIS renewable energy policy to enable solar panels on more factories under its administration.,0.20,weak,0.10,shared: policy; same party; other topic,
MP-PL-2022-340,pl,2022,Draw up a building aesthetics policy with clear standards respecting old village cores and the Maltese and Gozitan landscape.,2,MP-PL-2026-14-9,pl,2026,"Use Fort Manoel for artistic, cultural and educational purposes and begin restoring the Lazzaretto for sustainable use.",0.18,weak,0.00,same party; same subtopic (Heritage & character),
MP-PL-2022-340,pl,2022,Draw up a building aesthetics policy with clear standards respecting old village cores and the Maltese and Gozitan landscape.,3,MP-PL-2026-16-34,pl,2026,Refund of up to 25% of cost for families replacing old air conditioners with less polluting ones.,0.18,weak,0.08,shared: old; same party; other topic,
MP-PL-2022-341,pl,2022,"Introduce a skyline policy balancing high-rise needs with locality identity, views and residents’ interests, particularly in Gozo.",1,MP-PL-2026-16-39,pl,2026,New INDIS renewable energy policy to enable solar panels on more factories under its administration.,0.21,weak,0.11,shared: policy; same party; other topic,
MP-PL-2022-341,pl,2022,"Introduce a skyline policy balancing high-rise needs with locality identity, views and residents’ interests, particularly in Gozo.",2,MP-PL-2026-16-1,pl,2026,Work on Malta's first offshore wind farm has begun; operator interest is being assessed; work on 300MW of installations to start in coming years.,0.20,weak,0.10,shared: interest; same party; other topic,
MP-PL-2022-341,pl,2022,"Introduce a skyline policy balancing high-rise needs with locality identity, views and residents’ interests, particularly in Gozo.",3,MP-PL-2026-14-46,pl,2026,"Turn an abandoned quarry into Mitħna Park, a family space for Qrendi and Imqabba residents with over 100 new trees.",0.19,weak,0.09,shared: resident; same party; other topic,
MP-PL-2022-342,pl,2022,"Give greater weight to environmental aspects and renewable energy in development permits, prioritising projects as close to carbon-neutral as possible.",1,MP-PL-2026-16-16,pl,2026,Renewable energy included in all new government projects; commits that new public buildings will be climate neutral.,0.51,possible,0.33,"shared: neutral, renewable, energy, neutral (concept), renewable energy; same party; same subtopic (Renewables)",
MP-PL-2022-342,pl,2022,"Give greater weight to environmental aspects and renewable energy in development permits, prioritising projects as close to carbon-neutral as possible.",2,MP-PL-2026-16-39,pl,2026,New INDIS renewable energy policy to enable solar panels on more factories under its administration.,0.31,weak,0.13,"shared: renewable, energy, renewable energy; same party; same subtopic (Renewables)",
MP-PL-2022-342,pl,2022,"Give greater weight to environmental aspects and renewable energy in development permits, prioritising projects as close to carbon-neutral as possible.",3,MP-PL-2026-16-29,pl,2026,Introduce energy sharing so households unable to invest can use other participants' unused renewable energy.,0.30,weak,0.12,"shared: energy, renewable, renewable energy; same party; same subtopic (Renewables)",
MP-PL-2022-342,pl,2022,"Give greater weight to environmental aspects and renewable energy in development permits, prioritising projects as close to carbon-neutral as possible.",x,MP-MOMENTUM-2026-104,momentum,2026,Adopt an environmental policy prioritising renewable-energy research and investment to make Malta carbon neutral by 2050.,0.59,strong,0.51,"shared: carbon, neutral, prioritising, carbon neutral, renewable; other party; same subtopic (Renewables)",
MP-PL-2022-343,pl,2022,"Introduce incentives for sustainable new and renovated buildings based on energy efficiency, daylight, EV charging, waste treatment, aesthetics and greening.",1,MP-PL-2026-16-16,pl,2026,Renewable energy included in all new government projects; commits that new public buildings will be climate neutral.,0.25,weak,0.11,"shared: building, energy; same party; same topic (Climate & Energy)",
MP-PL-2022-343,pl,2022,"Introduce incentives for sustainable new and renovated buildings based on energy efficiency, daylight, EV charging, waste treatment, aesthetics and greening.",2,MP-PL-2026-14-37,pl,2026,Issue another Community Greening Grant call in the next legislature for localities not yet funded; the 2023 grant allocated €10 million.,0.20,weak,0.10,shared: greening; same party; other topic,
MP-PL-2022-343,pl,2022,"Introduce incentives for sustainable new and renovated buildings based on energy efficiency, daylight, EV charging, waste treatment, aesthetics and greening.",3,MP-PL-2026-13-28,pl,2026,"Gozo to be the first part of the country to become climate neutral, with stronger incentives for solar panels, batteries and solar water heaters.",0.19,weak,0.05,shared: incentive; same party; same topic (Climate & Energy),
MP-PL-2022-344,pl,2022,"Continue strengthening the Building and Construction Authority, especially for people affected by nearby development.",1,MP-PL-2026-16-30,pl,2026,Legal amendments to compensate owners of rooftop solar panels affected by new development nearby.,0.37,possible,0.27,"shared: nearby, affected, development; same party; other topic",
MP-PL-2022-344,pl,2022,"Continue strengthening the Building and Construction Authority, especially for people affected by nearby development.",2,MP-PL-2026-14-12,pl,2026,"Amend the law so that parks and gardens created in recent years, especially on formerly developable land, are protected from development.",0.26,weak,0.16,"shared: especially, development; same party; other topic",
MP-PL-2022-344,pl,2022,"Continue strengthening the Building and Construction Authority, especially for people affected by nearby development.",3,MP-PL-2026-14-5,pl,2026,"Change the local plan so that no development can take place on Manoel Island, which has been returned to the public.",0.23,weak,0.05,shared: development; same party; same subtopic (Development & construction),
MP-PL-2022-345,pl,2022,Require set timelines and coordination for every construction project to reduce inconvenience and increase enforcement.,1,MP-PL-2026-14-60,pl,2026,Work with the construction sector to implement excavation-waste targets by 2028 under the Construction and Demolition Waste Strategy.,0.25,weak,0.15,shared: construction; same party; other topic,
MP-PL-2022-345,pl,2022,Require set timelines and coordination for every construction project to reduce inconvenience and increase enforcement.,2,MP-PL-2026-14-61,pl,2026,"Work with the construction sector to identify an abandoned quarry for disposing of construction waste, much of it recyclable on site.",0.24,weak,0.14,shared: construction; same party; other topic,
MP-PL-2022-345,pl,2022,Require set timelines and coordination for every construction project to reduce inconvenience and increase enforcement.,3,MP-PL-2026-16-32,pl,2026,"Irrinova Darek, piloted in 2022 and covering over 500 properties, to be renewed every year in the next legislature.",0.21,weak,0.11,shared: every; same party; other topic,
MP-PL-2022-346,pl,2022,"Bring national building codes into force, consolidating and updating present laws with new standards.",1,MP-PL-2026-16-16,pl,2026,Renewable energy included in all new government projects; commits that new public buildings will be climate neutral.,0.19,weak,0.09,shared: building; same party; other topic,
MP-PL-2022-346,pl,2022,"Bring national building codes into force, consolidating and updating present laws with new standards.",2,MP-PL-2026-14-5,pl,2026,"Change the local plan so that no development can take place on Manoel Island, which has been returned to the public.",0.18,weak,0.00,same party; same subtopic (Development & construction),
MP-PL-2022-346,pl,2022,"Bring national building codes into force, consolidating and updating present laws with new standards.",3,MP-PL-2026-16-33,pl,2026,"Refund of up to 100% of planning fees for applicants building sustainably, according to certification level.",0.16,weak,0.06,shared: building; same party; other topic,
MP-PL-2022-347,pl,2022,"Introduce laws to regulate construction better, including contractor licensing and upskilling of workers.",1,MP-PL-2026-14-60,pl,2026,Work with the construction sector to implement excavation-waste targets by 2028 under the Construction and Demolition Waste Strategy.,0.22,weak,0.12,shared: construction; same party; other topic,
MP-PL-2022-347,pl,2022,"Introduce laws to regulate construction better, including contractor licensing and upskilling of workers.",2,MP-PL-2026-14-61,pl,2026,"Work with the construction sector to identify an abandoned quarry for disposing of construction waste, much of it recyclable on site.",0.21,weak,0.11,shared: construction; same party; other topic,
MP-PL-2022-347,pl,2022,"Introduce laws to regulate construction better, including contractor licensing and upskilling of workers.",3,MP-PL-2026-14-5,pl,2026,"Change the local plan so that no development can take place on Manoel Island, which has been returned to the public.",0.18,weak,0.00,same party; same subtopic (Development & construction),
MP-PL-2022-348,pl,2022,"Implement the Long Term Waste Management Plan to reduce waste, advance processing systems and create business opportunities in a circular economy.",1,MP-PL-2026-14-55,pl,2026,"Start work in coming years on a skip facility processing bulky waste from open-top skips, after the 2023 EcoHive sorting facility.",0.33,weak,0.19,"shared: processing, waste, heading: iskart; same party; same topic (Waste)",
MP-PL-2022-348,pl,2022,"Implement the Long Term Waste Management Plan to reduce waste, advance processing systems and create business opportunities in a circular economy.",2,MP-PL-2026-14-54,pl,2026,"Remain committed to developing a waste-to-energy plant processing non-recyclable waste, aiming for very little waste going to landfill.",0.33,weak,0.19,"shared: waste, processing, heading: iskart; same party; same topic (Waste)",
MP-PL-2022-348,pl,2022,"Implement the Long Term Waste Management Plan to reduce waste, advance processing systems and create business opportunities in a circular economy.",3,MP-PL-2026-14-60,pl,2026,Work with the construction sector to implement excavation-waste targets by 2028 under the Construction and Demolition Waste Strategy.,0.31,weak,0.17,"shared: waste, implement; same party; same topic (Waste)",
MP-PL-2022-348,pl,2022,"Implement the Long Term Waste Management Plan to reduce waste, advance processing systems and create business opportunities in a circular economy.",x,MP-ADPD-2026-CLIM-01,adpd,2026,The economic model should be redirected through targeted investment towards a circular economy that uses resources efficiently and reduces waste.,0.38,possible,0.30,"shared: circular, economy, reduce, waste, reduce waste; other party; same subtopic (Recycling & separation)",
MP-PL-2022-349,pl,2022,Build the Ecohive waste-to-energy plant to end dependence on landfill and generate energy from waste.,1,MP-PL-2026-14-54,pl,2026,"Remain committed to developing a waste-to-energy plant processing non-recyclable waste, aiming for very little waste going to landfill.",0.50,possible,0.32,"shared: waste, landfill, plant, energy, energy plant; same party; same subtopic (Landfill & treatment)",
MP-PL-2022-349,pl,2022,Build the Ecohive waste-to-energy plant to end dependence on landfill and generate energy from waste.,2,MP-PL-2026-14-55,pl,2026,"Start work in coming years on a skip facility processing bulky waste from open-top skips, after the 2023 EcoHive sorting facility.",0.41,possible,0.23,"shared: ecohive, waste, wte (concept), heading: iskart; same party; same subtopic (Landfill & treatment)",
MP-PL-2022-349,pl,2022,Build the Ecohive waste-to-energy plant to end dependence on landfill and generate energy from waste.,3,MP-PL-2026-14-53,pl,2026,Procurement closed for a new organic-waste plant converting organic waste into renewable energy or compost; work to start on it.,0.34,weak,0.20,"shared: waste, plant, energy, heading: iskart; same party; same topic (Waste)",
MP-PL-2022-350,pl,2022,"Work on a pilot underground refuse collection project to reduce visual impact, odours and inconvenience.",1,MP-PL-2026-16-38,pl,2026,SMEs to keep benefiting from tailored schemes to cut costs and reduce environmental impact.,0.34,weak,0.24,"shared: impact, reduce; same party; other topic",
MP-PL-2022-350,pl,2022,"Work on a pilot underground refuse collection project to reduce visual impact, odours and inconvenience.",2,MP-PL-2026-14-62,pl,2026,Launch research into using waste glass in cement production to reduce glass exports for recycling and greenhouse gas emissions.,0.21,weak,0.07,shared: reduce; same party; same topic (Waste),
MP-PL-2022-350,pl,2022,"Work on a pilot underground refuse collection project to reduce visual impact, odours and inconvenience.",3,MP-PL-2026-16-26,pl,2026,Partner with scientists and researchers on innovative measures to improve underground water storage.,0.20,weak,0.10,"shared: underground, heading: tal; same party; other topic",
MP-PL-2022-351,pl,2022,"Identify sites for more bulky waste civic amenity sites in Malta and Gozo, also accepting household glass, plastic and paper.",1,MP-PL-2026-14-56,pl,2026,Keep promoting the five bulky-waste centres in Malta and Gozo and open another such centre in the south of Malta.,0.43,possible,0.25,"shared: bulky, gozo, waste, bulky (concept), bulky waste; same party; same subtopic (Landfill & treatment)",
MP-PL-2022-351,pl,2022,"Identify sites for more bulky waste civic amenity sites in Malta and Gozo, also accepting household glass, plastic and paper.",2,MP-PL-2026-14-55,pl,2026,"Start work in coming years on a skip facility processing bulky waste from open-top skips, after the 2023 EcoHive sorting facility.",0.40,possible,0.22,"shared: bulky, waste, bulky (concept), bulky waste, heading: iskart; same party; same subtopic (Landfill & treatment)",
MP-PL-2022-351,pl,2022,"Identify sites for more bulky waste civic amenity sites in Malta and Gozo, also accepting household glass, plastic and paper.",3,MP-PL-2026-14-62,pl,2026,Launch research into using waste glass in cement production to reduce glass exports for recycling and greenhouse gas emissions.,0.35,possible,0.21,"shared: glass, waste; same party; same topic (Waste)",
MP-PL-2022-352,pl,2022,Add reuse centres within bulky waste sites and study a repair centre for items about to be discarded.,1,MP-PL-2026-14-56,pl,2026,Keep promoting the five bulky-waste centres in Malta and Gozo and open another such centre in the south of Malta.,0.59,strong,0.45,"shared: centre, bulky, waste, bulky (concept), bulky waste; same party; same topic (Waste)",
MP-PL-2022-352,pl,2022,Add reuse centres within bulky waste sites and study a repair centre for items about to be discarded.,2,MP-PL-2026-14-55,pl,2026,"Start work in coming years on a skip facility processing bulky waste from open-top skips, after the 2023 EcoHive sorting facility.",0.40,possible,0.26,"shared: bulky, waste, bulky (concept), bulky waste, heading: iskart; same party; same topic (Waste)",
MP-PL-2022-352,pl,2022,Add reuse centres within bulky waste sites and study a repair centre for items about to be discarded.,3,MP-PL-2026-14-58,pl,2026,"Create a central list of businesses certified to carry out repairs, giving the repair sector more visibility.",0.37,possible,0.19,shared: repair; same party; same subtopic (Recycling & separation),
MP-PL-2022-353,pl,2022,Install plastic bottle return machines nationwide and extend the Beverage Container Refund Scheme to other plastic containers.,1,MP-PL-2026-14-57,pl,2026,"Introduce a consumer refund scheme covering part of repair labour costs for products such as furniture, electronics and household appliances.",0.29,weak,0.11,"shared: refund, recycling (concept); same party; same subtopic (Recycling & separation)",
MP-PL-2022-353,pl,2022,Install plastic bottle return machines nationwide and extend the Beverage Container Refund Scheme to other plastic containers.,2,MP-PL-2026-16-33,pl,2026,"Refund of up to 100% of planning fees for applicants building sustainably, according to certification level.",0.20,weak,0.10,shared: refund; same party; other topic,
MP-PL-2022-353,pl,2022,Install plastic bottle return machines nationwide and extend the Beverage Container Refund Scheme to other plastic containers.,3,MP-PL-2026-14-18,pl,2026,"Extend the Bengħajsa Park, opened in 2023, by a further 7,000m2 and expand it substantially again in the next legislature.",0.19,weak,0.09,shared: extend; same party; other topic,
MP-PL-2022-354,pl,2022,"Rehabilitate abandoned quarries for storage, industry, construction waste or water conservation, using their faces for afforestation or renewable energy.",1,MP-PL-2026-14-61,pl,2026,"Work with the construction sector to identify an abandoned quarry for disposing of construction waste, much of it recyclable on site.",0.41,possible,0.23,"shared: construction, abandoned, waste, construction waste; same party; same subtopic (Construction waste)",
MP-PL-2022-354,pl,2022,"Rehabilitate abandoned quarries for storage, industry, construction waste or water conservation, using their faces for afforestation or renewable energy.",2,MP-PL-2026-14-60,pl,2026,Work with the construction sector to implement excavation-waste targets by 2028 under the Construction and Demolition Waste Strategy.,0.34,weak,0.16,"shared: construction, waste; same party; same subtopic (Construction waste)",
MP-PL-2022-354,pl,2022,"Rehabilitate abandoned quarries for storage, industry, construction waste or water conservation, using their faces for afforestation or renewable energy.",3,MP-PL-2026-14-53,pl,2026,Procurement closed for a new organic-waste plant converting organic waste into renewable energy or compost; work to start on it.,0.28,weak,0.14,"shared: waste, renewable, energy, renewable energy, heading: iskart; same party; same topic (Waste)",
MP-PL-2022-355,pl,2022,Explore waste mining at sites such as Għallis and Ta’ Żwejra to recover recyclable material and raise waste-to-energy output.,1,MP-PL-2026-14-54,pl,2026,"Remain committed to developing a waste-to-energy plant processing non-recyclable waste, aiming for very little waste going to landfill.",0.44,possible,0.26,"shared: waste, recyclable, waste energy, energy, wte (concept); same party; same subtopic (Landfill & treatment)",
MP-PL-2022-355,pl,2022,Explore waste mining at sites such as Għallis and Ta’ Żwejra to recover recyclable material and raise waste-to-energy output.,2,MP-PL-2026-14-61,pl,2026,"Work with the construction sector to identify an abandoned quarry for disposing of construction waste, much of it recyclable on site.",0.36,possible,0.22,"shared: recyclable, waste, site, recycling (concept); same party; same topic (Waste)",
MP-PL-2022-355,pl,2022,Explore waste mining at sites such as Għallis and Ta’ Żwejra to recover recyclable material and raise waste-to-energy output.,3,MP-PL-2026-14-55,pl,2026,"Start work in coming years on a skip facility processing bulky waste from open-top skips, after the 2023 EcoHive sorting facility.",0.28,weak,0.10,"shared: waste, wte (concept), heading: iskart; same party; same subtopic (Landfill & treatment)",
MP-PL-2022-356,pl,2022,"Encourage recycled construction materials, including franka stone and reconstituted stone, and require a balance of used and new material in public projects.",1,MP-PL-2026-14-61,pl,2026,"Work with the construction sector to identify an abandoned quarry for disposing of construction waste, much of it recyclable on site.",0.25,weak,0.11,"shared: construction, recycling (concept); same party; same topic (Waste)",
MP-PL-2022-356,pl,2022,"Encourage recycled construction materials, including franka stone and reconstituted stone, and require a balance of used and new material in public projects.",2,MP-PL-2026-14-60,pl,2026,Work with the construction sector to implement excavation-waste targets by 2028 under the Construction and Demolition Waste Strategy.,0.25,weak,0.11,shared: construction; same party; same topic (Waste),
MP-PL-2022-356,pl,2022,"Encourage recycled construction materials, including franka stone and reconstituted stone, and require a balance of used and new material in public projects.",3,MP-PL-2026-14-16,pl,2026,Planning has begun to turn the Wied Dalam military site into an accessible family space of ecological importance used for environmental education.,0.20,weak,0.10,shared: used; same party; other topic,
MP-PL-2022-356,pl,2022,"Encourage recycled construction materials, including franka stone and reconstituted stone, and require a balance of used and new material in public projects.",x,MP-ADPD-2026-WASTE-15,adpd,2026,Address quarrying and construction waste: reduce construction and dismantle buildings stone by stone under strict laws to cut demand for virgin stone.,0.53,possible,0.49,"shared: stone, construction; other party; same topic (Waste)",
MP-PL-2022-357,pl,2022,Start a scheme collecting unused clothes for recycling.,1,MP-PL-2026-16-29,pl,2026,Introduce energy sharing so households unable to invest can use other participants' unused renewable energy.,0.39,possible,0.29,shared: unused; same party; other topic,
MP-PL-2022-357,pl,2022,Start a scheme collecting unused clothes for recycling.,2,MP-PL-2026-14-62,pl,2026,Launch research into using waste glass in cement production to reduce glass exports for recycling and greenhouse gas emissions.,0.34,weak,0.16,"shared: recycling, recycling (concept); same party; same subtopic (Recycling & separation)",
MP-PL-2022-357,pl,2022,Start a scheme collecting unused clothes for recycling.,3,MP-PL-2026-14-57,pl,2026,"Introduce a consumer refund scheme covering part of repair labour costs for products such as furniture, electronics and household appliances.",0.21,weak,0.03,shared: recycling (concept); same party; same subtopic (Recycling & separation),
MP-PL-2022-358,pl,2022,Work with takeaway food outlets on guidelines for lower-impact food container alternatives.,1,MP-PL-2026-14-40,pl,2026,Launch a national pollinator strategy followed by initiatives encouraging planting that provides food and shelter for local pollinators.,0.23,weak,0.13,"shared: food, heading: tal; same party; other topic",
MP-PL-2022-358,pl,2022,Work with takeaway food outlets on guidelines for lower-impact food container alternatives.,2,MP-PL-2026-16-38,pl,2026,SMEs to keep benefiting from tailored schemes to cut costs and reduce environmental impact.,0.20,weak,0.10,shared: impact; same party; other topic,
MP-PL-2022-358,pl,2022,Work with takeaway food outlets on guidelines for lower-impact food container alternatives.,3,MP-PL-2026-14-53,pl,2026,Procurement closed for a new organic-waste plant converting organic waste into renewable energy or compost; work to start on it.,0.19,weak,0.01,shared: heading: iskart; same party; same subtopic (Recycling & separation),
MP-PL-2022-358,pl,2022,Work with takeaway food outlets on guidelines for lower-impact food container alternatives.,x,MP-MOMENTUM-2026-99,momentum,2026,Work to ban single-use products in restaurants and fast-food outlets.,0.43,possible,0.35,"shared: food, outlet, food outlet; other party; same subtopic (Recycling & separation)",
MP-PL-2022-359,pl,2022,Launch a pilot with hotels and restaurants to help them invest in anaerobic digesters turning food waste into biogas for cooking.,1,MP-PL-2026-14-53,pl,2026,Procurement closed for a new organic-waste plant converting organic waste into renewable energy or compost; work to start on it.,0.27,weak,0.09,"shared: waste, heading: iskart; same party; same subtopic (Recycling & separation)",
MP-PL-2022-359,pl,2022,Launch a pilot with hotels and restaurants to help them invest in anaerobic digesters turning food waste into biogas for cooking.,2,MP-PL-2026-14-54,pl,2026,"Remain committed to developing a waste-to-energy plant processing non-recyclable waste, aiming for very little waste going to landfill.",0.23,weak,0.09,"shared: waste, heading: iskart; same party; same topic (Waste)",
MP-PL-2022-359,pl,2022,Launch a pilot with hotels and restaurants to help them invest in anaerobic digesters turning food waste into biogas for cooking.,3,MP-PL-2026-14-62,pl,2026,Launch research into using waste glass in cement production to reduce glass exports for recycling and greenhouse gas emissions.,0.22,weak,0.04,shared: waste; same party; same subtopic (Recycling & separation),
MP-PL-2022-359,pl,2022,Launch a pilot with hotels and restaurants to help them invest in anaerobic digesters turning food waste into biogas for cooking.,x,MP-MOMENTUM-2026-100,momentum,2026,Create systems to cut food waste and strengthen laws to reduce packaging waste.,0.36,possible,0.28,"shared: food, waste, food waste; other party; same subtopic (Recycling & separation)",
MP-PL-2022-360,pl,2022,"Regenerate sites for caravanning, camping and picnics, starting at Taħt l-Għallis (Baħar iċ-Ċagħaq) and Ramlet il-Qortin (Mellieħa).",1,MP-PL-2026-14-22,pl,2026,"Create Park ta' San Patrizju in Pembroke, with extensive cleaning near the Natura 2000 site, a picnic area and more accessible paths.",0.30,weak,0.12,"shared: picnic, site; same party; same subtopic (Open spaces & parks)",
MP-PL-2022-360,pl,2022,"Regenerate sites for caravanning, camping and picnics, starting at Taħt l-Għallis (Baħar iċ-Ċagħaq) and Ramlet il-Qortin (Mellieħa).",2,MP-PL-2026-14-3,pl,2026,"Start restoring Fort Campbell in the coming months, creating camping space, recreation areas for adults and children, and safe walking paths.",0.29,weak,0.11,shared: camping; same party; same subtopic (Open spaces & parks),
MP-PL-2022-360,pl,2022,"Regenerate sites for caravanning, camping and picnics, starting at Taħt l-Għallis (Baħar iċ-Ċagħaq) and Ramlet il-Qortin (Mellieħa).",3,MP-PL-2026-14-2,pl,2026,"Maintain White Rocks buildings for education, arts and research uses, and add picnic areas and facilities for mountain biking, hiking and obstacle racing.",0.26,weak,0.08,shared: picnic; same party; same subtopic (Open spaces & parks),
MP-PL-2022-361,pl,2022,Provide clear signage and walking trails in as many publicly accessible rural areas as possible.,1,MP-PL-2026-14-3,pl,2026,"Start restoring Fort Campbell in the coming months, creating camping space, recreation areas for adults and children, and safe walking paths.",0.33,weak,0.15,"shared: walking, area, trail (concept); same party; same subtopic (Open spaces & parks)",
MP-PL-2022-361,pl,2022,Provide clear signage and walking trails in as many publicly accessible rural areas as possible.,2,MP-PL-2026-14-6,pl,2026,"Return Manoel Island's natural areas to their natural state through extensive cleaning, walking paths, picnic spaces, swimmers' facilities and planting hundreds of trees.",0.30,weak,0.12,"shared: walking, area, trail (concept); same party; same subtopic (Open spaces & parks)",
MP-PL-2022-361,pl,2022,Provide clear signage and walking trails in as many publicly accessible rural areas as possible.,3,MP-PL-2026-14-22,pl,2026,"Create Park ta' San Patrizju in Pembroke, with extensive cleaning near the Natura 2000 site, a picnic area and more accessible paths.",0.29,weak,0.11,"shared: accessible, area; same party; same subtopic (Open spaces & parks)",
MP-PL-2022-362,pl,2022,Dedicate areas at Miżieb and l-Aħrax tal-Mellieħa to picnics and camping all year round.,1,MP-PL-2026-14-47,pl,2026,"Continue removing invasive trees from natural areas such as Għajn Tuffieħa, l-Aħrax tal-Mellieħa and Salina, replacing them with indigenous trees.",0.44,possible,0.30,"shared: arax, tal, melliea, area, tal melliea; same party; same topic (Land & Trees)",
MP-PL-2022-362,pl,2022,Dedicate areas at Miżieb and l-Aħrax tal-Mellieħa to picnics and camping all year round.,2,MP-PL-2026-14-8,pl,2026,"Dedicate space on Manoel Island's sports area to a football pitch and a bocci pitch, as promised to Gżira residents.",0.34,weak,0.16,"shared: dedicate, area; same party; same subtopic (Open spaces & parks)",
MP-PL-2022-362,pl,2022,Dedicate areas at Miżieb and l-Aħrax tal-Mellieħa to picnics and camping all year round.,3,MP-PL-2026-14-3,pl,2026,"Start restoring Fort Campbell in the coming months, creating camping space, recreation areas for adults and children, and safe walking paths.",0.32,weak,0.14,"shared: camping, area; same party; same subtopic (Open spaces & parks)",
MP-PL-2022-363,pl,2022,Launch a policy so that mrejkba fishing continues sustainably and practitioners’ interests are protected.,1,MP-PL-2026-14-39,pl,2026,"Protect more natural areas to reach the EU target of 30% of territory protected, from 29% of Malta's land protected today.",0.36,possible,0.22,shared: protected; same party; same topic (Nature & Wildlife),
MP-PL-2022-363,pl,2022,Launch a policy so that mrejkba fishing continues sustainably and practitioners’ interests are protected.,2,MP-PL-2026-16-33,pl,2026,"Refund of up to 100% of planning fees for applicants building sustainably, according to certification level.",0.31,weak,0.21,shared: sustainably; same party; other topic,
MP-PL-2022-363,pl,2022,Launch a policy so that mrejkba fishing continues sustainably and practitioners’ interests are protected.,3,MP-PL-2026-16-39,pl,2026,New INDIS renewable energy policy to enable solar panels on more factories under its administration.,0.24,weak,0.14,shared: policy; same party; other topic,
MP-PL-2022-364,pl,2022,Keep allowing recreational fishers to fish lampuki near the coast and continue allocating part of the tuna quota to recreational fishers.,1,MP-PL-2026-16-4,pl,2026,"Continue work towards a third electricity connection with mainland Europe by 2035, also allowing Malta to export electricity.",0.22,weak,0.12,shared: allowing; same party; other topic,
MP-PL-2022-364,pl,2022,Keep allowing recreational fishers to fish lampuki near the coast and continue allocating part of the tuna quota to recreational fishers.,2,MP-PL-2026-14-13,pl,2026,"Identify further land for open spaces near homes and workplaces, after gardens in Ħal Lija, Ħal Kirkop, Swieqi and arrangements in Ħal Luqa and Fgura.",0.20,weak,0.10,shared: near; same party; other topic,
MP-PL-2022-364,pl,2022,Keep allowing recreational fishers to fish lampuki near the coast and continue allocating part of the tuna quota to recreational fishers.,3,MP-PL-2026-14-22,pl,2026,"Create Park ta' San Patrizju in Pembroke, with extensive cleaning near the Natura 2000 site, a picnic area and more accessible paths.",0.19,weak,0.09,shared: near; same party; other topic,
MP-PL-2022-365,pl,2022,"Maintain hunting and trapping practice in line with EU directives, safeguarding trapping and the spring hunting season.",1,MP-PL-2026-14-63,pl,2026,"Defend derogations allowed under EU directives to safeguard hunting and trapping, and work with hunters and trappers on environmental restoration projects.",0.56,strong,0.38,"shared: trapping, hunting, directive, hunting trapping, hunting (concept); same party; same subtopic (Hunting & birds)",
MP-PL-2022-365,pl,2022,"Maintain hunting and trapping practice in line with EU directives, safeguarding trapping and the spring hunting season.",2,MP-PL-2026-14-64,pl,2026,Strengthen the turtle dove breeding and release project with direct support for participants.,0.20,weak,0.02,shared: hunting (concept); same party; same subtopic (Hunting & birds),
MP-PL-2022-365,pl,2022,"Maintain hunting and trapping practice in line with EU directives, safeguarding trapping and the spring hunting season.",3,MP-PL-2026-14-2,pl,2026,"Maintain White Rocks buildings for education, arts and research uses, and add picnic areas and facilities for mountain biking, hiking and obstacle racing.",0.18,weak,0.08,shared: maintain; same party; other topic,
MP-PL-2022-365,pl,2022,"Maintain hunting and trapping practice in line with EU directives, safeguarding trapping and the spring hunting season.",x,MP-ADPD-2026-HUNT-02,adpd,2026,ADPD MPs would work to end spring hunting for good.,0.49,possible,0.41,"shared: hunting, spring, spring hunting, hunting (concept); other party; same subtopic (Hunting & birds)",
MP-PL-2022-366,pl,2022,Work with hunters’ associations and local and foreign experts to expand research on turtle dove migration routes over Malta.,1,MP-PL-2026-14-64,pl,2026,Strengthen the turtle dove breeding and release project with direct support for participants.,0.58,strong,0.40,"shared: turtle, dove, turtle dove, hunting (concept); same party; same subtopic (Hunting & birds)",
MP-PL-2022-366,pl,2022,Work with hunters’ associations and local and foreign experts to expand research on turtle dove migration routes over Malta.,2,MP-PL-2026-14-63,pl,2026,"Defend derogations allowed under EU directives to safeguard hunting and trapping, and work with hunters and trappers on environmental restoration projects.",0.28,weak,0.10,"shared: hunter, hunting (concept); same party; same subtopic (Hunting & birds)",
MP-PL-2022-366,pl,2022,Work with hunters’ associations and local and foreign experts to expand research on turtle dove migration routes over Malta.,3,MP-PL-2026-14-41,pl,2026,"Restore Razzett tax-Xitan in Mellieħa, between two Natura 2000 sites, as a research and learning centre on local pollinator species.",0.24,weak,0.10,"shared: research, local; same party; same topic (Nature & Wildlife)",
MP-PL-2022-367,pl,2022,"Introduce a national animal welfare strategy and set standards for breeders, trainers, groomers and pet sitters.",1,MP-PL-2026-14-60,pl,2026,Work with the construction sector to implement excavation-waste targets by 2028 under the Construction and Demolition Waste Strategy.,0.19,weak,0.09,shared: strategy; same party; other topic,
MP-PL-2022-367,pl,2022,"Introduce a national animal welfare strategy and set standards for breeders, trainers, groomers and pet sitters.",2,MP-PL-2026-14-40,pl,2026,Launch a national pollinator strategy followed by initiatives encouraging planting that provides food and shelter for local pollinators.,0.19,weak,0.09,"shared: strategy, heading: arsien; same party; other topic",
MP-PL-2022-367,pl,2022,"Introduce a national animal welfare strategy and set standards for breeders, trainers, groomers and pet sitters.",3,MP-PN-2026-AMB-61,pn,2026,Introduce community animal wardens coordinated between local councils and the Animal Welfare Directorate.,0.30,weak,0.30,"shared: welfare, animal, animal welfare, animals (concept); other party; other topic",
MP-PL-2022-368,pl,2022,Change the law so the Animal Welfare Directorate can remove animals in poor conditions before a final court decision.,1,MP-PL-2026-14-20,pl,2026,"Complete the final phase of Ta' Qali National Park, including a jogging and cycling track, plus picnic-area lighting, furniture, water reservoirs and flood measures.",0.18,weak,0.08,shared: final; same party; other topic,
MP-PL-2022-368,pl,2022,Change the law so the Animal Welfare Directorate can remove animals in poor conditions before a final court decision.,2,MP-PL-2026-14-52,pl,2026,"Work with academics to create new marine habitats, control invasive species and remove waste harming marine biodiversity around the Maltese islands.",0.18,weak,0.08,shared: remove; same party; other topic,
MP-PL-2022-368,pl,2022,Change the law so the Animal Welfare Directorate can remove animals in poor conditions before a final court decision.,3,MP-PL-2026-14-12,pl,2026,"Amend the law so that parks and gardens created in recent years, especially on formerly developable land, are protected from development.",0.18,weak,0.08,shared: law; same party; other topic,
MP-PL-2022-368,pl,2022,Change the law so the Animal Welfare Directorate can remove animals in poor conditions before a final court decision.,x,MP-PN-2026-AMB-61,pn,2026,Introduce community animal wardens coordinated between local councils and the Animal Welfare Directorate.,0.47,possible,0.47,"shared: animal, directorate, welfare, welfare directorate, animal welfare; other party; other topic",
MP-PL-2022-369,pl,2022,"Extend the Adopt a Pet Allowance, strengthen adoption campaigns and develop a central digital adoption platform.",1,MP-PL-2026-14-58,pl,2026,"Create a central list of businesses certified to carry out repairs, giving the repair sector more visibility.",0.21,weak,0.11,shared: central; same party; other topic,
MP-PL-2022-369,pl,2022,"Extend the Adopt a Pet Allowance, strengthen adoption campaigns and develop a central digital adoption platform.",2,MP-PL-2026-14-18,pl,2026,"Extend the Bengħajsa Park, opened in 2023, by a further 7,000m2 and expand it substantially again in the next legislature.",0.19,weak,0.09,shared: extend; same party; other topic,
MP-PL-2022-369,pl,2022,"Extend the Adopt a Pet Allowance, strengthen adoption campaigns and develop a central digital adoption platform.",3,MP-PL-2026-14-50,pl,2026,"Start a pilot of eco-moorings at Kemmuna and Qawra, then extend to other bays, with free public use.",0.19,weak,0.09,shared: extend; same party; other topic,
MP-PL-2022-370,pl,2022,"Open a modern rehoming centre for stray and surrendered animals, also sheltering horses and other abandoned animals.",1,MP-PL-2026-14-56,pl,2026,Keep promoting the five bulky-waste centres in Malta and Gozo and open another such centre in the south of Malta.,0.29,weak,0.19,"shared: centre, open; same party; other topic",
MP-PL-2022-370,pl,2022,"Open a modern rehoming centre for stray and surrendered animals, also sheltering horses and other abandoned animals.",2,MP-PL-2026-14-46,pl,2026,"Turn an abandoned quarry into Mitħna Park, a family space for Qrendi and Imqabba residents with over 100 new trees.",0.23,weak,0.13,shared: abandoned; same party; other topic,
MP-PL-2022-370,pl,2022,"Open a modern rehoming centre for stray and surrendered animals, also sheltering horses and other abandoned animals.",3,MP-PL-2026-14-61,pl,2026,"Work with the construction sector to identify an abandoned quarry for disposing of construction waste, much of it recyclable on site.",0.21,weak,0.11,shared: abandoned; same party; other topic,
MP-PL-2022-371,pl,2022,Launch a free national neutering campaign for dogs and cats.,1,MP-PL-2026-14-49,pl,2026,"Add more smoke-free sandy beaches in coming years, after Ramla l-Ħamra and Ramla tal-Mixquqa became the first two in 2026.",0.23,weak,0.13,shared: free; same party; other topic,
MP-PL-2022-371,pl,2022,Launch a free national neutering campaign for dogs and cats.,2,MP-PL-2026-14-50,pl,2026,"Start a pilot of eco-moorings at Kemmuna and Qawra, then extend to other bays, with free public use.",0.21,weak,0.11,shared: free; same party; other topic,
MP-PL-2022-371,pl,2022,Launch a free national neutering campaign for dogs and cats.,3,MP-PL-2026-16-20,pl,2026,"Aim for every home to have tap-water filters; incentives to buy filters continue, plus a free filter for first-time property buyers.",0.17,weak,0.07,shared: free; same party; other topic,
MP-PL-2022-371,pl,2022,Launch a free national neutering campaign for dogs and cats.,x,MP-AHWA-2026-218,ahwa,2026,"Run free national neutering programmes, with blood tests, for stray dogs and cats.",0.61,strong,0.61,"shared: neutering, dogs, cats, free, free neutering; other party; other topic",
MP-PL-2022-372,pl,2022,Start a process for domestic cats to be microchipped.,1,MP-PN-2026-ENI-16,pn,2026,Open a national process on solar rights so that PV owners do not lose their investment when neighbouring development overshadows them.,0.28,weak,0.28,"shared: process, heading: aktar; other party; other topic",
MP-PL-2022-372,pl,2022,Start a process for domestic cats to be microchipped.,2,MP-AHWA-2026-221,ahwa,2026,Install CCTV-equipped shelters for stray cats and give food and supplies to volunteer feeders.,0.26,weak,0.26,"shared: cats, heading: annimali, animals (concept), heading: arsien; other party; other topic",
MP-PL-2022-372,pl,2022,Start a process for domestic cats to be microchipped.,3,MP-AHWA-2026-218,ahwa,2026,"Run free national neutering programmes, with blood tests, for stray dogs and cats.",0.25,weak,0.25,"shared: cats, heading: annimali, animals (concept), heading: arsien; other party; other topic",
MP-PL-2022-373,pl,2022,Open the animal cemetery at Ta’ Qali.,1,MP-PL-2026-16-24,pl,2026,"Reports reservoir works at Ħal Luqa and Ta’ Ċenċ; will complete works on reservoirs at Ta’ Qali, Naxxar and Ġibjun tal-Fiddien, Rabat.",0.32,weak,0.22,shared: qali; same party; other topic,
MP-PL-2022-373,pl,2022,Open the animal cemetery at Ta’ Qali.,2,MP-PL-2026-14-20,pl,2026,"Complete the final phase of Ta' Qali National Park, including a jogging and cycling track, plus picnic-area lighting, furniture, water reservoirs and flood measures.",0.26,weak,0.16,shared: qali; same party; other topic,
MP-PL-2022-373,pl,2022,Open the animal cemetery at Ta’ Qali.,3,MP-PL-2026-P19,pl,2026,Everyone in Malta within ten minutes’ walk of an open or green space.,0.20,weak,0.10,shared: open; same party; other topic,
MP-PL-2022-374,pl,2022,Add dog swimming zones and evaluate existing ones to make them safer and more accessible.,1,MP-PL-2026-14-49,pl,2026,"Add more smoke-free sandy beaches in coming years, after Ramla l-Ħamra and Ramla tal-Mixquqa became the first two in 2026.",0.22,weak,0.12,shared: add; same party; other topic,
MP-PL-2022-374,pl,2022,Add dog swimming zones and evaluate existing ones to make them safer and more accessible.,2,MP-PL-2026-16-34,pl,2026,Refund of up to 25% of cost for families replacing old air conditioners with less polluting ones.,0.21,weak,0.11,shared: ones; same party; other topic,
MP-PL-2022-374,pl,2022,Add dog swimming zones and evaluate existing ones to make them safer and more accessible.,3,MP-PL-2026-14-38,pl,2026,"Carry out extensive maintenance of paths at Ġnien il-Mediterran in Raħal Ġdid, add water-storage facilities and plant more trees and plants.",0.18,weak,0.08,shared: add; same party; other topic,
MP-PL-2022-375,pl,2022,"Continue supporting animal sanctuaries, including direct help with repairs and maintenance.",1,MP-PL-2026-14-58,pl,2026,"Create a central list of businesses certified to carry out repairs, giving the repair sector more visibility.",0.31,weak,0.21,shared: repair; same party; other topic,
MP-PL-2022-375,pl,2022,"Continue supporting animal sanctuaries, including direct help with repairs and maintenance.",2,MP-PL-2026-14-64,pl,2026,Strengthen the turtle dove breeding and release project with direct support for participants.,0.27,weak,0.17,shared: direct; same party; other topic,
MP-PL-2022-375,pl,2022,"Continue supporting animal sanctuaries, including direct help with repairs and maintenance.",3,MP-PL-2026-16-36,pl,2026,"Continued direct assistance to enterprises, especially manufacturing, for retrofitting, electrification, cleaner fuel and renewable generation.",0.25,weak,0.15,shared: direct; same party; other topic,
MP-PL-2022-376,pl,2022,Consider a public-private partnership to set up an equestrian centre for year-round show jumping and dressage.,1,MP-PL-2026-14-56,pl,2026,Keep promoting the five bulky-waste centres in Malta and Gozo and open another such centre in the south of Malta.,0.24,weak,0.14,shared: centre; same party; other topic,
MP-PL-2022-376,pl,2022,Consider a public-private partnership to set up an equestrian centre for year-round show jumping and dressage.,2,MP-PL-2026-16-2,pl,2026,Sites in Maltese waters chosen for offshore solar pilot projects; continued support to the University of Malta and private partners for a sea-surface solar farm.,0.17,weak,0.07,shared: private; same party; other topic,
MP-PL-2022-376,pl,2022,Consider a public-private partnership to set up an equestrian centre for year-round show jumping and dressage.,3,MP-PL-2026-16-31,pl,2026,Continue grants for home and business batteries; project for Enemalta to buy energy stored in private batteries.,0.17,weak,0.07,shared: private; same party; other topic,
MP-PL-2022-377,pl,2022,Continue helping local councils set up cat cafes and identify more areas for dog parks.,1,MP-PL-2026-14-13,pl,2026,"Identify further land for open spaces near homes and workplaces, after gardens in Ħal Lija, Ħal Kirkop, Swieqi and arrangements in Ħal Luqa and Fgura.",0.21,weak,0.11,"shared: identify, park (concept); same party; other topic",
MP-PL-2022-377,pl,2022,Continue helping local councils set up cat cafes and identify more areas for dog parks.,2,MP-PL-2026-14-61,pl,2026,"Work with the construction sector to identify an abandoned quarry for disposing of construction waste, much of it recyclable on site.",0.20,weak,0.10,shared: identify; same party; other topic,
MP-PL-2022-377,pl,2022,Continue helping local councils set up cat cafes and identify more areas for dog parks.,3,MP-PL-2026-14-23,pl,2026,"Turn the area around Fortizza Delle Grazie in Xgħajra into a park with recreation space, new trees and outdoor event facilities.",0.18,weak,0.08,"shared: park, area, park (concept); same party; other topic",
MP-PL-2022-377,pl,2022,Continue helping local councils set up cat cafes and identify more areas for dog parks.,x,MP-AHWA-2026-227,ahwa,2026,Promote dog and cat cafés as safe recreational spaces with educational value.,0.45,possible,0.45,"shared: cat, cafe, dog, cat cafe, heading: annimali; other party; other topic",
MP-PL-2022-378,pl,2022,"Climate neutrality by 2050 and a drastic cut in emissions by 2030, through the renovation strategy, the low carbon strategy and the National Energy and Climate Plan.",1,MP-PL-2026-16-16,pl,2026,Renewable energy included in all new government projects; commits that new public buildings will be climate neutral.,0.50,possible,0.36,"shared: climate, neutral, climate neutral, energy, neutral (concept); same party; same topic (Climate & Energy)",
MP-PL-2022-378,pl,2022,"Climate neutrality by 2050 and a drastic cut in emissions by 2030, through the renovation strategy, the low carbon strategy and the National Energy and Climate Plan.",2,MP-PL-2026-16-3,pl,2026,"Work on the second Malta–Sicily interconnector to be completed soon, said to double interconnection capacity with Europe and cut emissions.",0.34,weak,0.20,"shared: emission, cut, cut emission, heading: energija; same party; same topic (Climate & Energy)",
MP-PL-2022-378,pl,2022,"Climate neutrality by 2050 and a drastic cut in emissions by 2030, through the renovation strategy, the low carbon strategy and the National Energy and Climate Plan.",3,MP-PL-2026-13-28,pl,2026,"Gozo to be the first part of the country to become climate neutral, with stronger incentives for solar panels, batteries and solar water heaters.",0.30,weak,0.16,"shared: climate, neutral, climate neutral, neutral (concept), heading: energija; same party; same topic (Climate & Energy)",
MP-PL-2022-379,pl,2022,Host a conference with neighbouring Mediterranean countries to develop collaborative climate initiatives with tangible targets.,1,MP-PL-2026-16-35,pl,2026,"Reports the Climate Action Authority set up in 2024; Climate Action Fund to help transport, maritime and aviation operators transition.",0.27,weak,0.09,shared: climate; same party; same subtopic (Emissions & targets),
MP-PL-2022-379,pl,2022,Host a conference with neighbouring Mediterranean countries to develop collaborative climate initiatives with tangible targets.,2,MP-PL-2026-16-16,pl,2026,Renewable energy included in all new government projects; commits that new public buildings will be climate neutral.,0.26,weak,0.12,"shared: climate, heading: energija; same party; same topic (Climate & Energy)",
MP-PL-2022-379,pl,2022,Host a conference with neighbouring Mediterranean countries to develop collaborative climate initiatives with tangible targets.,3,MP-PL-2026-14-45,pl,2026,Start an afforestation initiative around the WasteServ complex at Magħtab to improve the area's natural environment.,0.24,weak,0.14,shared: initiative; same party; other topic,
MP-PL-2022-380,pl,2022,"Complete the second Malta–Italy electricity interconnector, increasing supply security, cutting carbon dioxide emissions and enabling more renewable investment.",1,MP-PL-2026-16-3,pl,2026,"Work on the second Malta–Sicily interconnector to be completed soon, said to double interconnection capacity with Europe and cut emissions.",0.54,possible,0.36,"shared: emission, second, interconnector, cut, interconnector (concept); same party; same subtopic (Electricity & grid)",
MP-PL-2022-380,pl,2022,"Complete the second Malta–Italy electricity interconnector, increasing supply security, cutting carbon dioxide emissions and enabling more renewable investment.",2,MP-PL-2026-16-4,pl,2026,"Continue work towards a third electricity connection with mainland Europe by 2035, also allowing Malta to export electricity.",0.27,weak,0.09,"shared: electricity, interconnector (concept), heading: tal; same party; same subtopic (Electricity & grid)",
MP-PL-2022-380,pl,2022,"Complete the second Malta–Italy electricity interconnector, increasing supply security, cutting carbon dioxide emissions and enabling more renewable investment.",3,MP-PL-2026-16-6,pl,2026,Submissions on a Malta–North Africa electricity link to be analysed to assess viability and next steps.,0.26,weak,0.08,"shared: electricity, interconnector (concept), heading: tal; same party; same subtopic (Electricity & grid)",
MP-PL-2022-381,pl,2022,Build a new distribution link between the interconnector terminal at Magħtab and the main distribution centre at Mosta.,1,MP-PL-2026-16-8,pl,2026,Reports major investment in electricity distribution; guarantees the distribution system will not be privatised.,0.43,possible,0.25,"shared: distribution, distribution (concept), heading: tal; same party; same subtopic (Electricity & grid)",
MP-PL-2022-381,pl,2022,Build a new distribution link between the interconnector terminal at Magħtab and the main distribution centre at Mosta.,2,MP-PL-2026-16-9,pl,2026,"New distribution centres at Imsida, Naxxar and Siġġiewi; work on twelve more, including Mater Dei, Ħal Luqa, Mellieħa, Iklin and Rabat–Mtarfa.",0.41,possible,0.23,"shared: distribution, centre, distribution centre, distribution (concept), heading: tal; same party; same subtopic (Electricity & grid)",
MP-PL-2022-381,pl,2022,Build a new distribution link between the interconnector terminal at Magħtab and the main distribution centre at Mosta.,3,MP-PL-2026-16-10,pl,2026,"Reports substation and distribution centre works; will keep investing in new substations and cables for stable, reliable supply.",0.38,possible,0.20,"shared: distribution, centre, distribution centre, distribution (concept), heading: tal; same party; same subtopic (Electricity & grid)",
MP-PL-2022-382,pl,2022,"Continue major investment in the electricity distribution network to meet rising demand, reduce interruptions and speed up repairs.",1,MP-PL-2026-16-8,pl,2026,Reports major investment in electricity distribution; guarantees the distribution system will not be privatised.,0.55,possible,0.37,"shared: distribution, major, electricity, major electricity, electricity distribution; same party; same subtopic (Electricity & grid)",
MP-PL-2022-382,pl,2022,"Continue major investment in the electricity distribution network to meet rising demand, reduce interruptions and speed up repairs.",2,MP-PL-2026-16-9,pl,2026,"New distribution centres at Imsida, Naxxar and Siġġiewi; work on twelve more, including Mater Dei, Ħal Luqa, Mellieħa, Iklin and Rabat–Mtarfa.",0.27,weak,0.09,"shared: distribution, distribution (concept), heading: tal; same party; same subtopic (Electricity & grid)",
MP-PL-2022-382,pl,2022,"Continue major investment in the electricity distribution network to meet rising demand, reduce interruptions and speed up repairs.",3,MP-PL-2026-14-58,pl,2026,"Create a central list of businesses certified to carry out repairs, giving the repair sector more visibility.",0.26,weak,0.16,shared: repair; same party; other topic,
MP-PL-2022-383,pl,2022,"Build new automated substations across Malta and Gozo over five years, without inconvenience to residents.",1,MP-PL-2026-16-10,pl,2026,"Reports substation and distribution centre works; will keep investing in new substations and cables for stable, reliable supply.",0.56,strong,0.38,"shared: substation, distribution (concept), heading: tal; same party; same subtopic (Electricity & grid)",
MP-PL-2022-383,pl,2022,"Build new automated substations across Malta and Gozo over five years, without inconvenience to residents.",2,MP-PL-2026-16-25,pl,2026,"Build another reservoir at Tax-Xwieki, Ħal Għargħur, to supply the centre of the country.",0.21,weak,0.11,"shared: build, heading: tal; same party; other topic",
MP-PL-2022-383,pl,2022,"Build new automated substations across Malta and Gozo over five years, without inconvenience to residents.",3,MP-PL-2026-13-28,pl,2026,"Gozo to be the first part of the country to become climate neutral, with stronger incentives for solar panels, batteries and solar water heaters.",0.21,weak,0.07,"shared: gozo, heading: tal; same party; same topic (Climate & Energy)",
MP-PL-2022-384,pl,2022,"Build a new distribution centre in the Naxxar area to improve supply to nearby localities including Mosta, Għargħur and Baħar iċ-Ċagħaq.",1,MP-PL-2026-16-9,pl,2026,"New distribution centres at Imsida, Naxxar and Siġġiewi; work on twelve more, including Mater Dei, Ħal Luqa, Mellieħa, Iklin and Rabat–Mtarfa.",0.45,possible,0.27,"shared: naxxar, distribution, centre, distribution centre, distribution (concept); same party; same subtopic (Electricity & grid)",
MP-PL-2022-384,pl,2022,"Build a new distribution centre in the Naxxar area to improve supply to nearby localities including Mosta, Għargħur and Baħar iċ-Ċagħaq.",2,MP-PL-2026-16-25,pl,2026,"Build another reservoir at Tax-Xwieki, Ħal Għargħur, to supply the centre of the country.",0.43,possible,0.33,"shared: gargur, build, supply, centre, heading: tal; same party; other topic",
MP-PL-2022-384,pl,2022,"Build a new distribution centre in the Naxxar area to improve supply to nearby localities including Mosta, Għargħur and Baħar iċ-Ċagħaq.",3,MP-PL-2026-16-10,pl,2026,"Reports substation and distribution centre works; will keep investing in new substations and cables for stable, reliable supply.",0.37,possible,0.19,"shared: supply, distribution, centre, distribution centre, distribution (concept); same party; same subtopic (Electricity & grid)",
MP-PL-2022-385,pl,2022,"Expand the Marsaskala distribution centre, freeing capacity at Ħal Tarxien, and also expand the Imrieħel distribution centre.",1,MP-PL-2026-16-9,pl,2026,"New distribution centres at Imsida, Naxxar and Siġġiewi; work on twelve more, including Mater Dei, Ħal Luqa, Mellieħa, Iklin and Rabat–Mtarfa.",0.48,possible,0.30,"shared: distribution, centre, distribution centre, distribution (concept), heading: tal; same party; same subtopic (Electricity & grid)",
MP-PL-2022-385,pl,2022,"Expand the Marsaskala distribution centre, freeing capacity at Ħal Tarxien, and also expand the Imrieħel distribution centre.",2,MP-PL-2026-16-10,pl,2026,"Reports substation and distribution centre works; will keep investing in new substations and cables for stable, reliable supply.",0.44,possible,0.26,"shared: distribution, centre, distribution centre, distribution (concept), heading: tal; same party; same subtopic (Electricity & grid)",
MP-PL-2022-385,pl,2022,"Expand the Marsaskala distribution centre, freeing capacity at Ħal Tarxien, and also expand the Imrieħel distribution centre.",3,MP-PL-2026-16-8,pl,2026,Reports major investment in electricity distribution; guarantees the distribution system will not be privatised.,0.43,possible,0.25,"shared: distribution, distribution (concept), heading: tal; same party; same subtopic (Electricity & grid)",
MP-PL-2022-386,pl,2022,"Strengthen water conservation through improved infrastructure, water catchment systems in Malta and Gozo, restoring old reservoirs and building new ones.",1,MP-PL-2026-16-18,pl,2026,Reports solar panels on Water Services Corporation reservoirs and buildings; will collaborate with private reservoir owners to use them as solar farms.,0.39,possible,0.29,"shared: reservoir, water, reservoir building, building, reservoir (concept); same party; other topic",
MP-PL-2022-386,pl,2022,"Strengthen water conservation through improved infrastructure, water catchment systems in Malta and Gozo, restoring old reservoirs and building new ones.",2,MP-PL-2026-16-24,pl,2026,"Reports reservoir works at Ħal Luqa and Ta’ Ċenċ; will complete works on reservoirs at Ta’ Qali, Naxxar and Ġibjun tal-Fiddien, Rabat.",0.38,possible,0.20,"shared: reservoir, reservoir (concept), heading: ilma; same party; same subtopic (Water supply & groundwater)",
MP-PL-2022-386,pl,2022,"Strengthen water conservation through improved infrastructure, water catchment systems in Malta and Gozo, restoring old reservoirs and building new ones.",3,MP-PL-2026-14-36,pl,2026,"Begin maintenance in coming months of the reservoirs at Ta' Mlit in Mosta and the Imqabba bypass, increasing water storage and creating gardens above them.",0.35,possible,0.17,"shared: reservoir, water, reservoir (concept); same party; same subtopic (Water supply & groundwater)",
MP-PL-2022-387,pl,2022,Launch an extensive programme to upgrade water distribution facilities and network nationwide to improve tap water quality.,1,MP-PL-2026-16-26,pl,2026,Partner with scientists and researchers on innovative measures to improve underground water storage.,0.35,possible,0.17,"shared: improve, water, heading: ilma; same party; same subtopic (Water supply & groundwater)",
MP-PL-2022-387,pl,2022,Launch an extensive programme to upgrade water distribution facilities and network nationwide to improve tap water quality.,2,MP-PL-2026-16-20,pl,2026,"Aim for every home to have tap-water filters; incentives to buy filters continue, plus a free filter for first-time property buyers.",0.35,possible,0.17,"shared: tap, water, tap water, heading: ilma; same party; same subtopic (Water supply & groundwater)",
MP-PL-2022-387,pl,2022,Launch an extensive programme to upgrade water distribution facilities and network nationwide to improve tap water quality.,3,MP-PL-2026-14-38,pl,2026,"Carry out extensive maintenance of paths at Ġnien il-Mediterran in Raħal Ġdid, add water-storage facilities and plant more trees and plants.",0.33,weak,0.23,"shared: extensive, facilitie, water; same party; other topic",
MP-PL-2022-388,pl,2022,"Improve wastewater treatment and sewerage infrastructure, especially in the north and south, to meet demand and protect the marine environment.",1,MP-PL-2026-16-27,pl,2026,"After Wied iż-Żurrieq and Ħad-Dingli, extend sewerage in Rabat to serve Raba’ Nemel and Ħofret ir-Rizz for the first time.",0.35,possible,0.17,"shared: sewerage, sewage (concept), heading: ilma; same party; same subtopic (Bathing water & sewage)",
MP-PL-2022-388,pl,2022,"Improve wastewater treatment and sewerage infrastructure, especially in the north and south, to meet demand and protect the marine environment.",2,MP-PL-2026-16-22,pl,2026,New reverse osmosis plant at Ħal Far to strengthen potable water production in the south.,0.28,weak,0.14,"shared: south, heading: ilma; same party; same topic (Water)",
MP-PL-2022-388,pl,2022,"Improve wastewater treatment and sewerage infrastructure, especially in the north and south, to meet demand and protect the marine environment.",3,MP-PL-2026-14-45,pl,2026,Start an afforestation initiative around the WasteServ complex at Magħtab to improve the area's natural environment.,0.26,weak,0.16,"shared: improve, environment; same party; other topic",
MP-PL-2022-389,pl,2022,Complete the underground tunnel between the Pembroke reverse osmosis plant and the Ta’ Qali reservoir to improve tap water quality and efficiency.,1,MP-PL-2026-16-22,pl,2026,New reverse osmosis plant at Ħal Far to strengthen potable water production in the south.,0.55,possible,0.37,"shared: reverse, osmosi, plant, water, osmosi plant; same party; same subtopic (Water supply & groundwater)",
MP-PL-2022-389,pl,2022,Complete the underground tunnel between the Pembroke reverse osmosis plant and the Ta’ Qali reservoir to improve tap water quality and efficiency.,2,MP-PL-2026-16-23,pl,2026,More tests on inland reverse osmosis so inland industries can have their own facilities.,0.50,possible,0.32,"shared: reverse, osmosi, reverse osmosi, desal (concept), heading: ilma; same party; same subtopic (Water supply & groundwater)",
MP-PL-2022-389,pl,2022,Complete the underground tunnel between the Pembroke reverse osmosis plant and the Ta’ Qali reservoir to improve tap water quality and efficiency.,3,MP-PL-2026-16-19,pl,2026,Reports over €150 million invested in water production and distribution; will keep investing in reverse osmosis plants and AI to reduce groundwater dependence.,0.47,possible,0.29,"shared: reverse, osmosi, plant, water, osmosi plant; same party; same subtopic (Water supply & groundwater)",
MP-PL-2022-390,pl,2022,Offer free water-consumption audits to households and micro SMEs and continue installing water dispensers in public places.,1,MP-PL-2026-16-20,pl,2026,"Aim for every home to have tap-water filters; incentives to buy filters continue, plus a free filter for first-time property buyers.",0.29,weak,0.11,"shared: free, water, heading: ilma; same party; same subtopic (Water supply & groundwater)",
MP-PL-2022-390,pl,2022,Offer free water-consumption audits to households and micro SMEs and continue installing water dispensers in public places.,2,MP-PL-2026-16-26,pl,2026,Partner with scientists and researchers on innovative measures to improve underground water storage.,0.26,weak,0.08,"shared: water, heading: ilma; same party; same subtopic (Water supply & groundwater)",
MP-PL-2022-390,pl,2022,Offer free water-consumption audits to households and micro SMEs and continue installing water dispensers in public places.,3,MP-PL-2026-16-22,pl,2026,New reverse osmosis plant at Ħal Far to strengthen potable water production in the south.,0.25,weak,0.07,"shared: water, heading: ilma; same party; same subtopic (Water supply & groundwater)",
MP-PL-2022-391,pl,2022,Launch a scheme letting consumers replace rooftop water tanks with tanks made of materials that prevent microbial growth.,1,MP-PL-2026-14-42,pl,2026,"Launch an Environmental Civic Service Scheme letting people work hours with environmental organisations, with participation recognised as professional experience.",0.26,weak,0.16,shared: letting; same party; other topic,
MP-PL-2022-391,pl,2022,Launch a scheme letting consumers replace rooftop water tanks with tanks made of materials that prevent microbial growth.,2,MP-PL-2026-14-31,pl,2026,"Start the San Ġwann centre project in coming months: underground parking first, then replace the car area in front of the church with a garden.",0.25,weak,0.15,shared: replace; same party; other topic,
MP-PL-2022-391,pl,2022,Launch a scheme letting consumers replace rooftop water tanks with tanks made of materials that prevent microbial growth.,3,MP-PL-2026-16-26,pl,2026,Partner with scientists and researchers on innovative measures to improve underground water storage.,0.25,weak,0.07,"shared: water, heading: ilma; same party; same subtopic (Water supply & groundwater)",
MP-PL-2022-392,pl,2022,Launch schemes to incentivise small-scale household grey-water treatment and reuse for irrigation and flushing.,1,MP-PL-2026-16-21,pl,2026,"Water Services Corporation to issue blue bonds for an additional €40 million in reverse osmosis, sewage treatment and new solar plants.",0.29,weak,0.11,"shared: treatment, water, heading: ilma; same party; same subtopic (Water supply & groundwater)",
MP-PL-2022-392,pl,2022,Launch schemes to incentivise small-scale household grey-water treatment and reuse for irrigation and flushing.,2,MP-PL-2026-16-26,pl,2026,Partner with scientists and researchers on innovative measures to improve underground water storage.,0.24,weak,0.06,"shared: water, heading: ilma; same party; same subtopic (Water supply & groundwater)",
MP-PL-2022-392,pl,2022,Launch schemes to incentivise small-scale household grey-water treatment and reuse for irrigation and flushing.,3,MP-PL-2026-16-22,pl,2026,New reverse osmosis plant at Ħal Far to strengthen potable water production in the south.,0.24,weak,0.06,"shared: water, heading: ilma; same party; same subtopic (Water supply & groundwater)",
MP-PL-2022-392,pl,2022,Launch schemes to incentivise small-scale household grey-water treatment and reuse for irrigation and flushing.,x,MP-PN-2026-ENI-32,pn,2026,Launch schemes encouraging small-scale greywater treatment and reuse in homes.,0.64,strong,0.56,"shared: small, reuse, scale, treatment, treatment reuse; other party; same subtopic (Water supply & groundwater)",
MP-PL-2022-393,pl,2022,"Set up an international centre of excellence on desalination and water treatment, offering research and training with the University of Malta.",1,MP-PL-2026-14-59,pl,2026,Launch a pilot project to treat desalination brine and convert it into marketable magnesium.,0.40,possible,0.22,"shared: desalination, desal (concept); same party; same subtopic (Water supply & groundwater)",
MP-PL-2022-393,pl,2022,"Set up an international centre of excellence on desalination and water treatment, offering research and training with the University of Malta.",2,MP-PL-2026-16-21,pl,2026,"Water Services Corporation to issue blue bonds for an additional €40 million in reverse osmosis, sewage treatment and new solar plants.",0.30,weak,0.12,"shared: treatment, water, desal (concept), heading: ilma; same party; same subtopic (Water supply & groundwater)",
MP-PL-2022-393,pl,2022,"Set up an international centre of excellence on desalination and water treatment, offering research and training with the University of Malta.",3,MP-PL-2026-16-2,pl,2026,Sites in Maltese waters chosen for offshore solar pilot projects; continued support to the University of Malta and private partners for a sea-surface solar farm.,0.28,weak,0.18,"shared: university, water; same party; other topic",
MP-PL-2022-394,pl,2022,Help coastal commercial establishments invest in on-site seawater desalination and sewage treatment technology.,1,MP-PL-2026-16-21,pl,2026,"Water Services Corporation to issue blue bonds for an additional €40 million in reverse osmosis, sewage treatment and new solar plants.",0.43,possible,0.25,"shared: sewage, treatment, sewage treatment, sewage (concept), desal (concept); same party; same subtopic (Water supply & groundwater)",
MP-PL-2022-394,pl,2022,Help coastal commercial establishments invest in on-site seawater desalination and sewage treatment technology.,2,MP-PL-2026-14-59,pl,2026,Launch a pilot project to treat desalination brine and convert it into marketable magnesium.,0.43,possible,0.25,"shared: desalination, desal (concept); same party; same subtopic (Water supply & groundwater)",
MP-PL-2022-394,pl,2022,Help coastal commercial establishments invest in on-site seawater desalination and sewage treatment technology.,3,MP-PL-2026-16-23,pl,2026,More tests on inland reverse osmosis so inland industries can have their own facilities.,0.24,weak,0.06,"shared: desal (concept), heading: ilma; same party; same subtopic (Water supply & groundwater)",
MP-PL-2022-394,pl,2022,Help coastal commercial establishments invest in on-site seawater desalination and sewage treatment technology.,x,MP-MOMENTUM-2026-117,momentum,2026,Require on-site waste and sewage treatment for coastal projects to prevent marine pollution.,0.47,possible,0.47,"shared: sewage, treatment, coastal, site, sewage treatment; other party; other topic",
MP-PL-2022-395,pl,2022,Continue keeping energy prices in Malta under control to give families and businesses stability.,1,MP-PL-2026-16-11,pl,2026,Reports energy and fuel subsidies above €1 billion that kept bills stable; commits to keeping price stability policy in coming years.,0.62,strong,0.44,"shared: stability, keeping, price, energy, heading: kontijiet; same party; same subtopic (Electricity & grid)",
MP-PL-2022-395,pl,2022,Continue keeping energy prices in Malta under control to give families and businesses stability.,2,MP-PL-2026-16-13,pl,2026,Enemalta to get a dedicated control room to monitor the low-voltage network and fix faults faster.,0.33,weak,0.15,"shared: control, heading: kontijiet; same party; same subtopic (Electricity & grid)",
MP-PL-2022-395,pl,2022,Continue keeping energy prices in Malta under control to give families and businesses stability.,3,MP-PL-2026-16-28,pl,2026,"Scheme for about 500 apartment families to buy solar panels on Water Services Corporation sites, credited to their bills; to be extended.",0.26,weak,0.12,"shared: familie, bills (concept); same party; same topic (Climate & Energy)",
MP-PL-2022-396,pl,2022,"Introduce a voluntary, regulator-set flat electricity rate without bands for rented residences, and pre-paid meters for rentals.",1,MP-PL-2026-16-12,pl,2026,New smart meters introduced; meter replacement to continue gradually across the country.,0.38,possible,0.20,"shared: meter, heading: kontijiet; same party; same subtopic (Electricity & grid)",
MP-PL-2022-396,pl,2022,"Introduce a voluntary, regulator-set flat electricity rate without bands for rented residences, and pre-paid meters for rentals.",2,MP-PL-2026-16-4,pl,2026,"Continue work towards a third electricity connection with mainland Europe by 2035, also allowing Malta to export electricity.",0.27,weak,0.09,"shared: electricity, heading: stabbli; same party; same subtopic (Electricity & grid)",
MP-PL-2022-396,pl,2022,"Introduce a voluntary, regulator-set flat electricity rate without bands for rented residences, and pre-paid meters for rentals.",3,MP-PL-2026-16-6,pl,2026,Submissions on a Malta–North Africa electricity link to be analysed to assess viability and next steps.,0.26,weak,0.08,"shared: electricity, heading: stabbli; same party; same subtopic (Electricity & grid)",
MP-PL-2022-397,pl,2022,"Work with the private sector for investment in offshore renewable energy, including floating wind and solar technologies.",1,MP-PL-2026-16-2,pl,2026,Sites in Maltese waters chosen for offshore solar pilot projects; continued support to the University of Malta and private partners for a sea-surface solar farm.,0.43,possible,0.25,"shared: solar, offshore, private, offshore (concept), solar (concept); same party; same subtopic (Renewables)",
MP-PL-2022-397,pl,2022,"Work with the private sector for investment in offshore renewable energy, including floating wind and solar technologies.",2,MP-PL-2026-16-39,pl,2026,New INDIS renewable energy policy to enable solar panels on more factories under its administration.,0.41,possible,0.23,"shared: solar, renewable, energy, renewable energy, solar (concept); same party; same subtopic (Renewables)",
MP-PL-2022-397,pl,2022,"Work with the private sector for investment in offshore renewable energy, including floating wind and solar technologies.",3,MP-PL-2026-16-1,pl,2026,Work on Malta's first offshore wind farm has begun; operator interest is being assessed; work on 300MW of installations to start in coming years.,0.39,possible,0.21,"shared: wind, offshore, wind (concept), offshore (concept); same party; same subtopic (Renewables)",
MP-PL-2022-397,pl,2022,"Work with the private sector for investment in offshore renewable energy, including floating wind and solar technologies.",x,MP-PN-2026-ENI-14,pn,2026,"Push ahead with a floating offshore wind project, with transparent procurement, studies and timely grid integration.",0.42,possible,0.34,"shared: floating, wind, offshore, wind (concept), offshore (concept); other party; same subtopic (Renewables)",
MP-PL-2022-398,pl,2022,Invest in large-scale land-based battery storage and upgrade the electricity grid to accommodate large offshore renewable generation.,1,MP-PL-2026-16-5,pl,2026,Battery energy storage procurement is under way; work to start at Delimara and the Marsa.,0.38,possible,0.20,"shared: battery, storage, storage (concept); same party; same subtopic (Electricity & grid)",
MP-PL-2022-398,pl,2022,Invest in large-scale land-based battery storage and upgrade the electricity grid to accommodate large offshore renewable generation.,2,MP-PL-2026-16-15,pl,2026,Invest in grid connections for unserved areas such as farms and greenhouses to integrate more renewable energy.,0.30,weak,0.16,"shared: grid, renewable; same party; same topic (Climate & Energy)",
MP-PL-2022-398,pl,2022,Invest in large-scale land-based battery storage and upgrade the electricity grid to accommodate large offshore renewable generation.,3,MP-PL-2026-16-36,pl,2026,"Continued direct assistance to enterprises, especially manufacturing, for retrofitting, electrification, cleaner fuel and renewable generation.",0.28,weak,0.14,"shared: generation, renewable, renewable generation; same party; same topic (Climate & Energy)",
MP-PL-2022-398,pl,2022,Invest in large-scale land-based battery storage and upgrade the electricity grid to accommodate large offshore renewable generation.,x,MP-ADPD-2026-2,adpd,2026,"Renewable energy systems, large or small, should include battery storage where possible.",0.42,possible,0.38,"shared: large, battery, storage, renewable, battery storage; other party; same topic (Climate & Energy)",
MP-PL-2022-399,pl,2022,"Continue studies and technical preparations for a hydrogen project to supply clean energy, supporting decarbonisation goals.",1,MP-PL-2026-16-7,pl,2026,"Hydrogen-ready gas pipeline studies are complete; will keep seeking EU funds for the project, linked to 2050 decarbonisation goals.",0.60,strong,0.42,"shared: decarbonisation, goal, studie, hydrogen, decarbonisation goal; same figures: 2050; same party; same topic (Climate & Energy)",
MP-PL-2022-399,pl,2022,"Continue studies and technical preparations for a hydrogen project to supply clean energy, supporting decarbonisation goals.",2,MP-PL-2026-14-35,pl,2026,"After technical studies, create an open space with trees, children's and exercise facilities on the Triq il-Qasab watercourse in Birkirkara.",0.27,weak,0.17,"shared: technical, studie; same party; other topic",
MP-PL-2022-399,pl,2022,"Continue studies and technical preparations for a hydrogen project to supply clean energy, supporting decarbonisation goals.",3,MP-PL-2026-16-29,pl,2026,Introduce energy sharing so households unable to invest can use other participants' unused renewable energy.,0.24,weak,0.06,"shared: energy, heading: dikarbonizzazzjoni; same party; same subtopic (Renewables)",
MP-PL-2022-400,pl,2022,Launch a national plan on hydrogen use to prepare industry and put the necessary infrastructure in place.,1,MP-PL-2026-16-29,pl,2026,Introduce energy sharing so households unable to invest can use other participants' unused renewable energy.,0.25,weak,0.07,"shared: use, heading: dikarbonizzazzjoni; same party; same subtopic (Renewables)",
MP-PL-2022-400,pl,2022,Launch a national plan on hydrogen use to prepare industry and put the necessary infrastructure in place.,2,MP-PL-2026-16-7,pl,2026,"Hydrogen-ready gas pipeline studies are complete; will keep seeking EU funds for the project, linked to 2050 decarbonisation goals.",0.24,weak,0.10,"shared: hydrogen, hydrogen (concept); same party; same topic (Climate & Energy)",
MP-PL-2022-400,pl,2022,Launch a national plan on hydrogen use to prepare industry and put the necessary infrastructure in place.,3,MP-PL-2026-14-5,pl,2026,"Change the local plan so that no development can take place on Manoel Island, which has been returned to the public.",0.23,weak,0.13,shared: place; same party; other topic,
MP-PL-2022-401,pl,2022,"Start a process to make government agencies and departments climate neutral, installing rooftop solar panels with surplus fed to the national grid.",1,MP-PL-2026-16-16,pl,2026,Renewable energy included in all new government projects; commits that new public buildings will be climate neutral.,0.45,possible,0.31,"shared: neutral, climate, climate neutral, neutral (concept); same party; same topic (Climate & Energy)",
MP-PL-2022-401,pl,2022,"Start a process to make government agencies and departments climate neutral, installing rooftop solar panels with surplus fed to the national grid.",2,MP-PL-2026-13-28,pl,2026,"Gozo to be the first part of the country to become climate neutral, with stronger incentives for solar panels, batteries and solar water heaters.",0.45,possible,0.31,"shared: neutral, solar, panel, climate, climate neutral; same party; same topic (Climate & Energy)",
MP-PL-2022-401,pl,2022,"Start a process to make government agencies and departments climate neutral, installing rooftop solar panels with surplus fed to the national grid.",3,MP-PL-2026-16-30,pl,2026,Legal amendments to compensate owners of rooftop solar panels affected by new development nearby.,0.44,possible,0.30,"shared: rooftop, panel, solar, rooftop solar, solar panel; same party; same topic (Climate & Energy)",
MP-PL-2022-402,pl,2022,Continue incentivising solar farms and support investment schemes for people without roof space for solar panels.,1,MP-PL-2026-16-18,pl,2026,Reports solar panels on Water Services Corporation reservoirs and buildings; will collaborate with private reservoir owners to use them as solar farms.,0.54,possible,0.36,"shared: solar, panel, farm, solar farm, solar panel; same party; same subtopic (Renewables)",
MP-PL-2022-402,pl,2022,Continue incentivising solar farms and support investment schemes for people without roof space for solar panels.,2,MP-PL-2026-16-39,pl,2026,New INDIS renewable energy policy to enable solar panels on more factories under its administration.,0.52,possible,0.34,"shared: solar, panel, solar panel, solar (concept); same party; same subtopic (Renewables)",
MP-PL-2022-402,pl,2022,Continue incentivising solar farms and support investment schemes for people without roof space for solar panels.,3,MP-PL-2026-16-2,pl,2026,Sites in Maltese waters chosen for offshore solar pilot projects; continued support to the University of Malta and private partners for a sea-surface solar farm.,0.47,possible,0.29,"shared: solar, farm, solar farm, solar (concept); same party; same subtopic (Renewables)",
MP-PL-2022-402,pl,2022,Continue incentivising solar farms and support investment schemes for people without roof space for solar panels.,x,MP-PN-2026-ENI-17,pn,2026,Create a shared solar scheme on public buildings in which people without a roof can buy a tradeable share.,0.52,possible,0.44,"shared: people, roof, solar, people roof, solar (concept); other party; same subtopic (Renewables)",
MP-PL-2022-403,pl,2022,Launch a study with academics and farmers on agricultural projects that generate renewable energy without affecting farm output.,1,MP-PL-2026-16-15,pl,2026,Invest in grid connections for unserved areas such as farms and greenhouses to integrate more renewable energy.,0.29,weak,0.19,"shared: farm, renewable, energy, renewable energy; same party; other topic",
MP-PL-2022-403,pl,2022,Launch a study with academics and farmers on agricultural projects that generate renewable energy without affecting farm output.,2,MP-PL-2026-16-16,pl,2026,Renewable energy included in all new government projects; commits that new public buildings will be climate neutral.,0.25,weak,0.15,"shared: renewable, energy, renewable energy; same party; other topic",
MP-PL-2022-403,pl,2022,Launch a study with academics and farmers on agricultural projects that generate renewable energy without affecting farm output.,3,MP-PL-2026-16-29,pl,2026,Introduce energy sharing so households unable to invest can use other participants' unused renewable energy.,0.23,weak,0.13,"shared: energy, renewable, heading: dikarbonizzazzjoni, renewable energy; same party; other topic",
MP-PL-2022-404,pl,2022,"Strengthen household grant schemes for solar water heaters, PV panels, roof insulation, heat pumps, double glazing, batteries and well maintenance.",1,MP-PL-2026-13-28,pl,2026,"Gozo to be the first part of the country to become climate neutral, with stronger incentives for solar panels, batteries and solar water heaters.",0.54,possible,0.36,"shared: heater, batterie, solar, panel, water; same party; same subtopic (Renewables)",
MP-PL-2022-404,pl,2022,"Strengthen household grant schemes for solar water heaters, PV panels, roof insulation, heat pumps, double glazing, batteries and well maintenance.",2,MP-PL-2026-16-31,pl,2026,Continue grants for home and business batteries; project for Enemalta to buy energy stored in private batteries.,0.39,possible,0.25,"shared: batterie, grant, storage (concept); same party; same topic (Climate & Energy)",
MP-PL-2022-404,pl,2022,"Strengthen household grant schemes for solar water heaters, PV panels, roof insulation, heat pumps, double glazing, batteries and well maintenance.",3,MP-PL-2026-16-39,pl,2026,New INDIS renewable energy policy to enable solar panels on more factories under its administration.,0.33,weak,0.15,"shared: panel, solar, solar (concept); same party; same subtopic (Renewables)",
MP-PL-2022-404,pl,2022,"Strengthen household grant schemes for solar water heaters, PV panels, roof insulation, heat pumps, double glazing, batteries and well maintenance.",x,MP-PN-2026-ENI-24,pn,2026,Continue and strengthen the grant for replacing old water heaters with heat-pump water heaters.,0.57,strong,0.53,"shared: heater, pump, heat, grant, water; other party; same topic (Climate & Energy)",
MP-PL-2022-405,pl,2022,Give additional help to first-time buyers and low- and middle-income families investing in their home's energy performance.,1,MP-PL-2026-16-20,pl,2026,"Aim for every home to have tap-water filters; incentives to buy filters continue, plus a free filter for first-time property buyers.",0.31,weak,0.21,"shared: buyer, time, home; same party; other topic",
MP-PL-2022-405,pl,2022,Give additional help to first-time buyers and low- and middle-income families investing in their home's energy performance.,2,MP-PL-2026-16-13,pl,2026,Enemalta to get a dedicated control room to monitor the low-voltage network and fix faults faster.,0.25,weak,0.11,shared: low; same party; same topic (Climate & Energy),
MP-PL-2022-405,pl,2022,Give additional help to first-time buyers and low- and middle-income families investing in their home's energy performance.,3,MP-PL-2026-16-10,pl,2026,"Reports substation and distribution centre works; will keep investing in new substations and cables for stable, reliable supply.",0.23,weak,0.09,shared: investing; same party; same topic (Climate & Energy),
MP-PL-2022-406,pl,2022,Require new buildings built to the maximum height allowed in the local plan to install renewable energy systems.,1,MP-PL-2026-16-16,pl,2026,Renewable energy included in all new government projects; commits that new public buildings will be climate neutral.,0.37,possible,0.19,"shared: renewable, building, energy, renewable energy; same party; same subtopic (Renewables)",
MP-PL-2022-406,pl,2022,Require new buildings built to the maximum height allowed in the local plan to install renewable energy systems.,2,MP-PL-2026-16-39,pl,2026,New INDIS renewable energy policy to enable solar panels on more factories under its administration.,0.30,weak,0.12,"shared: renewable, energy, renewable energy; same party; same subtopic (Renewables)",
MP-PL-2022-406,pl,2022,Require new buildings built to the maximum height allowed in the local plan to install renewable energy systems.,3,MP-PL-2026-16-29,pl,2026,Introduce energy sharing so households unable to invest can use other participants' unused renewable energy.,0.29,weak,0.11,"shared: energy, renewable, renewable energy; same party; same subtopic (Renewables)",
MP-PL-2022-406,pl,2022,Require new buildings built to the maximum height allowed in the local plan to install renewable energy systems.,x,MP-AHWA-2026-212,ahwa,2026,"Work towards an energy system based on renewable sources, particularly photovoltaics, with maximum national energy autonomy.",0.37,possible,0.29,"shared: maximum, system, energy, renewable, energy system; other party; same subtopic (Renewables)",
MP-PL-2022-407,pl,2022,"Require new commercial buildings, offices and schools, and major renovations of large buildings, to install renewable energy systems.",1,MP-PL-2026-16-16,pl,2026,Renewable energy included in all new government projects; commits that new public buildings will be climate neutral.,0.40,possible,0.22,"shared: building, renewable, energy, renewable energy; same party; same subtopic (Renewables)",
MP-PL-2022-407,pl,2022,"Require new commercial buildings, offices and schools, and major renovations of large buildings, to install renewable energy systems.",2,MP-PL-2026-16-14,pl,2026,"Complete solar projects on schools in Ħal Kirkop, San Ġwann, Ħal Għargħur and Wardija; solar on all government entity buildings and schools by 2030.",0.35,weak,0.17,"shared: school, building; same party; same subtopic (Renewables)",
MP-PL-2022-407,pl,2022,"Require new commercial buildings, offices and schools, and major renovations of large buildings, to install renewable energy systems.",3,MP-PL-2026-16-8,pl,2026,Reports major investment in electricity distribution; guarantees the distribution system will not be privatised.,0.30,weak,0.16,"shared: major, system; same party; same topic (Climate & Energy)",
MP-PL-2022-408,pl,2022,"Offer free energy audits and financial aid to micro and small enterprises via Malta Enterprise, with tax credits for those meeting standards.",1,MP-PL-2026-16-36,pl,2026,"Continued direct assistance to enterprises, especially manufacturing, for retrofitting, electrification, cleaner fuel and renewable generation.",0.30,weak,0.16,shared: enterprise; same party; same topic (Climate & Energy),
MP-PL-2022-408,pl,2022,"Offer free energy audits and financial aid to micro and small enterprises via Malta Enterprise, with tax credits for those meeting standards.",2,MP-PL-2026-14-49,pl,2026,"Add more smoke-free sandy beaches in coming years, after Ramla l-Ħamra and Ramla tal-Mixquqa became the first two in 2026.",0.18,weak,0.08,shared: free; same party; other topic,
MP-PL-2022-408,pl,2022,"Offer free energy audits and financial aid to micro and small enterprises via Malta Enterprise, with tax credits for those meeting standards.",3,MP-PL-2026-16-29,pl,2026,Introduce energy sharing so households unable to invest can use other participants' unused renewable energy.,0.18,weak,0.04,shared: energy; same party; same topic (Climate & Energy),
MP-PL-2022-409,pl,2022,Support the platform launched in November 2021 helping enterprises meet ESG credentials and Corporate Sustainability Reporting Directive targets.,1,MP-PL-2026-16-36,pl,2026,"Continued direct assistance to enterprises, especially manufacturing, for retrofitting, electrification, cleaner fuel and renewable generation.",0.23,weak,0.13,shared: enterprise; same party; other topic,
MP-PL-2022-409,pl,2022,Support the platform launched in November 2021 helping enterprises meet ESG credentials and Corporate Sustainability Reporting Directive targets.,2,MP-PL-2026-14-63,pl,2026,"Defend derogations allowed under EU directives to safeguard hunting and trapping, and work with hunters and trappers on environmental restoration projects.",0.21,weak,0.11,shared: directive; same party; other topic,
MP-PL-2022-409,pl,2022,Support the platform launched in November 2021 helping enterprises meet ESG credentials and Corporate Sustainability Reporting Directive targets.,3,MP-PL-2026-14-39,pl,2026,"Protect more natural areas to reach the EU target of 30% of territory protected, from 29% of Malta's land protected today.",0.18,weak,0.08,shared: target; same party; other topic,
MP-PL-2022-410,pl,2022,"Work with the private sector on a logistics model increasing use of electric or clean-fuel, such as hydrogen, heavy goods vehicles.",1,MP-PL-2026-14-36,pl,2026,"Begin maintenance in coming months of the reservoirs at Ta' Mlit in Mosta and the Imqabba bypass, increasing water storage and creating gardens above them.",0.22,weak,0.12,shared: increasing; same party; other topic,
MP-PL-2022-410,pl,2022,"Work with the private sector on a logistics model increasing use of electric or clean-fuel, such as hydrogen, heavy goods vehicles.",2,MP-PL-2026-16-36,pl,2026,"Continued direct assistance to enterprises, especially manufacturing, for retrofitting, electrification, cleaner fuel and renewable generation.",0.20,weak,0.10,shared: fuel; same party; other topic,
MP-PL-2022-410,pl,2022,"Work with the private sector on a logistics model increasing use of electric or clean-fuel, such as hydrogen, heavy goods vehicles.",3,MP-PL-2026-16-7,pl,2026,"Hydrogen-ready gas pipeline studies are complete; will keep seeking EU funds for the project, linked to 2050 decarbonisation goals.",0.19,weak,0.09,"shared: hydrogen, hydrogen (concept); same party; other topic",
MP-PL-2022-411,pl,2022,"Complete the Grand Harbour shore-to-ship project, cutting ship pollution and improving air quality, and start another shore-to-ship project at the Freeport.",1,MP-PL-2026-16-37,pl,2026,"Support Malta International Airport to supply grid electricity to parked aircraft, as with ships at the Grand Harbour.",0.70,strong,0.52,"shared: ship, grand, harbour, grand harbour, shoreside (concept); same party; same subtopic (Port & power emissions)",
MP-PL-2022-411,pl,2022,"Complete the Grand Harbour shore-to-ship project, cutting ship pollution and improving air quality, and start another shore-to-ship project at the Freeport.",2,MP-PL-2026-16-34,pl,2026,Refund of up to 25% of cost for families replacing old air conditioners with less polluting ones.,0.20,weak,0.10,"shared: familie, air; same party; other topic",
MP-PL-2022-411,pl,2022,"Complete the Grand Harbour shore-to-ship project, cutting ship pollution and improving air quality, and start another shore-to-ship project at the Freeport.",3,MP-PL-2026-16-25,pl,2026,"Build another reservoir at Tax-Xwieki, Ħal Għargħur, to supply the centre of the country.",0.17,weak,0.07,shared: another; same party; other topic,
MP-PL-2022-412,pl,2022,"Incentivise research through investment and tax credits to attract innovative start-ups working on climate, decarbonisation and renewable technologies.",1,MP-PL-2026-16-16,pl,2026,Renewable energy included in all new government projects; commits that new public buildings will be climate neutral.,0.29,weak,0.15,"shared: climate, renewable; same party; same topic (Climate & Energy)",
MP-PL-2022-412,pl,2022,"Incentivise research through investment and tax credits to attract innovative start-ups working on climate, decarbonisation and renewable technologies.",2,MP-PL-2026-16-26,pl,2026,Partner with scientists and researchers on innovative measures to improve underground water storage.,0.25,weak,0.15,shared: innovative; same party; other topic,
MP-PL-2022-412,pl,2022,"Incentivise research through investment and tax credits to attract innovative start-ups working on climate, decarbonisation and renewable technologies.",3,MP-PL-2026-16-35,pl,2026,"Reports the Climate Action Authority set up in 2024; Climate Action Fund to help transport, maritime and aviation operators transition.",0.24,weak,0.06,shared: climate; same party; same subtopic (Emissions & targets),
MP-PN-2022-169,pn,2022,"Set a national target to make Malta climate-neutral as soon as possible, reaching at least 80% of that target by 2030.",1,MP-PN-2026-AMB-01,pn,2026,"Guarantee at least one genuine park per locality, prioritising trees, shade and natural ground over concrete, with more afforestation and open space in Malta and Gozo.",0.30,weak,0.20,shared: least; same party; other topic,
MP-PN-2022-169,pn,2022,"Set a national target to make Malta climate-neutral as soon as possible, reaching at least 80% of that target by 2030.",2,MP-PN-2026-AMB-15,pn,2026,"Oblige the Climate Change Authority to publish a clear, updated national climate plan with actions, responsibilities, deadlines and costs.",0.29,weak,0.11,shared: climate; same party; same subtopic (Emissions & targets),
MP-PN-2022-169,pn,2022,"Set a national target to make Malta climate-neutral as soon as possible, reaching at least 80% of that target by 2030.",3,MP-PN-2026-AMB-14,pn,2026,"Strengthen the Climate Change Authority with more independence, technical experts and real powers to lead climate policy and adaptation.",0.29,weak,0.11,shared: climate; same party; same subtopic (Emissions & targets),
MP-PN-2022-169,pn,2022,"Set a national target to make Malta climate-neutral as soon as possible, reaching at least 80% of that target by 2030.",x,MP-PL-2026-16-16,pl,2026,Renewable energy included in all new government projects; commits that new public buildings will be climate neutral.,0.36,possible,0.32,"shared: climate, neutral, climate neutral, neutral (concept); other party; same topic (Climate & Energy)",
MP-PN-2022-170,pn,2022,Set up an agency responsible for implementing the measures in the National Climate Change Strategy to reach the climate-neutrality target.,1,MP-PN-2026-AMB-15,pn,2026,"Oblige the Climate Change Authority to publish a clear, updated national climate plan with actions, responsibilities, deadlines and costs.",0.38,possible,0.20,"shared: climate, change, climate change; same party; same subtopic (Emissions & targets)",
MP-PN-2022-170,pn,2022,Set up an agency responsible for implementing the measures in the National Climate Change Strategy to reach the climate-neutrality target.,2,MP-PN-2026-AMB-14,pn,2026,"Strengthen the Climate Change Authority with more independence, technical experts and real powers to lead climate policy and adaptation.",0.38,possible,0.20,"shared: climate, change, climate change; same party; same subtopic (Emissions & targets)",
MP-PN-2022-170,pn,2022,Set up an agency responsible for implementing the measures in the National Climate Change Strategy to reach the climate-neutrality target.,3,MP-PN-2026-AMB-18,pn,2026,"Launch an investment programme preparing the economy for climate change: clean energy, resilient infrastructure, water systems, circular industry and advanced recycling.",0.29,weak,0.15,"shared: climate, change, climate change; same party; same topic (Climate & Energy)",
MP-PN-2022-171,pn,2022,"Build an environmental alliance with a shared environmental, climate and ecological agenda reflecting the Constitution's environmental provisions.",1,MP-PN-2026-AMB-37,pn,2026,"Introduce measurable KPIs for environmental agencies tied to biodiversity, quality of life and real environmental results.",0.27,weak,0.17,"shared: environmental, heading: ambjentali; same party; other topic",
MP-PN-2022-171,pn,2022,"Build an environmental alliance with a shared environmental, climate and ecological agenda reflecting the Constitution's environmental provisions.",2,MP-PN-2026-AMB-13,pn,2026,"Improve public access to environmental data, studies and documents, and provide legal aid for public-interest environmental cases.",0.25,weak,0.15,"shared: environmental, heading: ambjentali; same party; other topic",
MP-PN-2022-171,pn,2022,"Build an environmental alliance with a shared environmental, climate and ecological agenda reflecting the Constitution's environmental provisions.",3,MP-PN-2026-ENI-17,pn,2026,Create a shared solar scheme on public buildings in which people without a roof can buy a tradeable share.,0.24,weak,0.14,shared: shared; same party; other topic,
MP-PN-2022-172,pn,2022,Have this alliance draw up a ten-year Sustainability Agenda binding the government in all decisions affecting the natural environment.,1,MP-PN-2026-AMB-09,pn,2026,"Give the Environment and Resources Authority a decisive, binding say on ODZ applications and sensitive environmental decisions.",0.36,possible,0.26,"shared: binding, decision, environment, heading: ambjentali; same party; other topic",
MP-PN-2022-172,pn,2022,Have this alliance draw up a ten-year Sustainability Agenda binding the government in all decisions affecting the natural environment.,2,MP-PN-2026-AMB-12,pn,2026,"Halt works on a permit once it is appealed until the final decision, and decide planning appeals within six months.",0.20,weak,0.10,"shared: decision, heading: ambjentali; same party; other topic",
MP-PN-2022-172,pn,2022,Have this alliance draw up a ten-year Sustainability Agenda binding the government in all decisions affecting the natural environment.,3,MP-PN-2026-AMB-34,pn,2026,"Launch a programme to expand and improve urban green infrastructure, with more trees, shade and natural space under modern standards.",0.18,weak,0.08,"shared: natural, heading: ambjentali; same party; other topic",
MP-PN-2022-173,pn,2022,Use the Sustainability Agenda to redraft a comprehensive Strategic Plan for the Environment and Development giving clear direction for the natural environment.,1,MP-PN-2026-AMB-36,pn,2026,"Reform the Environment and Resources Authority for more independence, accountability and clear performance standards in enforcement.",0.27,weak,0.17,"shared: environment, clear, heading: ambjentali; same party; other topic",
MP-PN-2022-173,pn,2022,Use the Sustainability Agenda to redraft a comprehensive Strategic Plan for the Environment and Development giving clear direction for the natural environment.,2,MP-PN-2026-ENI-25,pn,2026,"Create a tax credit for landlords who make sustainability upgrades to rented property, tied to minimum efficiency standards and registered leases.",0.21,weak,0.07,shared: sustainability; same party; same topic (Planning & Housing),
MP-PN-2022-173,pn,2022,Use the Sustainability Agenda to redraft a comprehensive Strategic Plan for the Environment and Development giving clear direction for the natural environment.,3,MP-PN-2026-AMB-02,pn,2026,"Table a Parks Act in Parliament giving a first legal definition of a park and of green space, to stop greenwashing.",0.20,weak,0.10,shared: giving; same party; other topic,
MP-PN-2022-174,pn,2022,Use ESG environmental criteria to reshape the tax framework so that only non-polluting economic activities are incentivised and sustainability is rewarded.,1,MP-PN-2026-ENI-05,pn,2026,"Create a new tariff for registered farmers, livestock breeders and voluntary organisations, set at a 15% discount on all non-residential rates.",0.25,weak,0.15,shared: non; same party; other topic,
MP-PN-2022-174,pn,2022,Use ESG environmental criteria to reshape the tax framework so that only non-polluting economic activities are incentivised and sustainability is rewarded.,2,MP-PN-2026-ENI-25,pn,2026,"Create a tax credit for landlords who make sustainability upgrades to rented property, tied to minimum efficiency standards and registered leases.",0.24,weak,0.14,"shared: sustainability, tax; same party; other topic",
MP-PN-2022-174,pn,2022,Use ESG environmental criteria to reshape the tax framework so that only non-polluting economic activities are incentivised and sustainability is rewarded.,3,MP-PN-2026-AMB-44,pn,2026,Introduce revenue sharing so localities receive a fair share of the economic activity that strains their services.,0.22,weak,0.12,shared: economic; same party; other topic,
MP-PN-2022-175,pn,2022,Make legislative and governance changes so that environmental regulators operate with full autonomy and independence.,1,MP-PN-2026-AMB-36,pn,2026,"Reform the Environment and Resources Authority for more independence, accountability and clear performance standards in enforcement.",0.37,possible,0.19,"shared: independence, regulator (concept), heading: ambjentali; same party; same subtopic (Accountability)",
MP-PN-2022-175,pn,2022,Make legislative and governance changes so that environmental regulators operate with full autonomy and independence.,2,MP-PN-2026-AMB-42,pn,2026,"Return concrete environmental, cleanliness and embellishment responsibilities to local councils, with more funds and autonomy.",0.33,weak,0.19,"shared: autonomy, environmental; same party; same topic (Governance & Promises)",
MP-PN-2022-175,pn,2022,Make legislative and governance changes so that environmental regulators operate with full autonomy and independence.,3,MP-PN-2026-AMB-14,pn,2026,"Strengthen the Climate Change Authority with more independence, technical experts and real powers to lead climate policy and adaptation.",0.32,weak,0.22,"shared: independence, change; same party; other topic",
MP-PN-2022-176,pn,2022,"Give environmental NGOs more votes on boards taking material decisions on environment, transport, infrastructure and planning, and require consultation at every level of such decisions.",1,MP-PN-2026-AMB-09,pn,2026,"Give the Environment and Resources Authority a decisive, binding say on ODZ applications and sensitive environmental decisions.",0.38,possible,0.20,"shared: decision, environment, environmental, heading: ambjentali; same party; same subtopic (Accountability)",
MP-PN-2022-176,pn,2022,"Give environmental NGOs more votes on boards taking material decisions on environment, transport, infrastructure and planning, and require consultation at every level of such decisions.",2,MP-PN-2026-AMB-11,pn,2026,"Draft a new planning law after open consultation with the public, NGOs, professionals, local councils and Parliament.",0.33,weak,0.23,"shared: consultation, ngos, planning, heading: ambjentali; same party; other topic",
MP-PN-2022-176,pn,2022,"Give environmental NGOs more votes on boards taking material decisions on environment, transport, infrastructure and planning, and require consultation at every level of such decisions.",3,MP-PN-2026-AMB-12,pn,2026,"Halt works on a permit once it is appealed until the final decision, and decide planning appeals within six months.",0.28,weak,0.18,"shared: decision, planning, heading: ambjentali; same party; other topic",
MP-PN-2022-177,pn,2022,"Implement the Ombudsman's recommendations on environmental matters, respecting the office's role as a key safeguard of the natural environment.",1,MP-PN-2026-AMB-09,pn,2026,"Give the Environment and Resources Authority a decisive, binding say on ODZ applications and sensitive environmental decisions.",0.27,weak,0.09,"shared: environment, environmental, heading: ambjentali; same party; same subtopic (Accountability)",
MP-PN-2022-177,pn,2022,"Implement the Ombudsman's recommendations on environmental matters, respecting the office's role as a key safeguard of the natural environment.",2,MP-PN-2026-AMB-30,pn,2026,Create more designated swimming zones in key coastal localities.,0.26,weak,0.16,shared: key; same party; other topic,
MP-PN-2022-177,pn,2022,"Implement the Ombudsman's recommendations on environmental matters, respecting the office's role as a key safeguard of the natural environment.",3,MP-PN-2026-AMB-37,pn,2026,"Introduce measurable KPIs for environmental agencies tied to biodiversity, quality of life and real environmental results.",0.25,weak,0.07,"shared: environmental, heading: ambjentali; same party; same subtopic (Accountability)",
MP-PN-2022-178,pn,2022,"Give environmental protection top priority when drafting every policy and law, to shield the environment from degradation.",1,MP-PN-2026-AMB-09,pn,2026,"Give the Environment and Resources Authority a decisive, binding say on ODZ applications and sensitive environmental decisions.",0.21,weak,0.11,"shared: environment, environmental; same party; other topic",
MP-PN-2022-178,pn,2022,"Give environmental protection top priority when drafting every policy and law, to shield the environment from degradation.",2,MP-PN-2026-AMB-11,pn,2026,"Draft a new planning law after open consultation with the public, NGOs, professionals, local councils and Parliament.",0.20,weak,0.10,shared: law; same party; other topic,
MP-PN-2022-178,pn,2022,"Give environmental protection top priority when drafting every policy and law, to shield the environment from degradation.",3,MP-PN-2026-AMB-08,pn,2026,"Give schools, health centres, elderly homes, parks, squares and tourist zones the highest cleaning priority, with more frequent waste collection in tourist areas.",0.19,weak,0.09,shared: priority; same party; other topic,
MP-PN-2022-179,pn,2022,"Take a clear stand against excessive development and in favour of conservation through legislation, policy and enforcement.",1,MP-PN-2026-AMB-36,pn,2026,"Reform the Environment and Resources Authority for more independence, accountability and clear performance standards in enforcement.",0.28,weak,0.18,"shared: enforcement, clear; same party; other topic",
MP-PN-2022-179,pn,2022,"Take a clear stand against excessive development and in favour of conservation through legislation, policy and enforcement.",2,MP-PN-2026-GHAWDEX,pn,2026,"Draw up a clear, realistic plan for Gozo to become a net-zero island by 2040.",0.23,weak,0.13,shared: clear; same party; other topic,
MP-PN-2022-179,pn,2022,"Take a clear stand against excessive development and in favour of conservation through legislation, policy and enforcement.",3,MP-PN-2026-AMB-28,pn,2026,"Expand Marine Protected Areas with more monitoring, surveillance and enforcement.",0.21,weak,0.11,shared: enforcement; same party; other topic,
MP-PN-2022-180,pn,2022,Require a two-thirds parliamentary vote before land outside the development zone can be brought into it.,1,MP-PN-2026-ENI-20,pn,2026,"Begin strategic planning for a third and fourth interconnector landing in different areas, including possibly to North Africa.",0.27,weak,0.17,shared: third; same party; other topic,
MP-PN-2022-180,pn,2022,Require a two-thirds parliamentary vote before land outside the development zone can be brought into it.,2,MP-PN-2026-AMB-48,pn,2026,Give local councils a right to formally raise serious or urgent issues before parliamentary committees.,0.26,weak,0.08,shared: parliamentary; same party; same subtopic (Accountability),
MP-PN-2022-180,pn,2022,Require a two-thirds parliamentary vote before land outside the development zone can be brought into it.,3,MP-PN-2026-AMB-11,pn,2026,"Draft a new planning law after open consultation with the public, NGOs, professionals, local councils and Parliament.",0.21,weak,0.11,shared: parliament; same party; other topic,
MP-PN-2022-180,pn,2022,Require a two-thirds parliamentary vote before land outside the development zone can be brought into it.,x,MP-AHWA-2026-192,ahwa,2026,Seek constitutional protection for land outside development zones (ODZ).,0.40,possible,0.40,"shared: outside, zone, land, development, land outside; other party; other topic",
MP-PN-2022-181,pn,2022,"Have the government add 50,000 square metres of public land to outside-development-zone areas every year.",1,MP-PN-2026-AMB-06,pn,2026,"Deliver the Santa Venera park: about 16,000 square metres, €26 million, with a park, civic centre and parking.",0.38,possible,0.24,"shared: metre, square, square metre; same party; same topic (Land & Trees)",
MP-PN-2022-181,pn,2022,"Have the government add 50,000 square metres of public land to outside-development-zone areas every year.",2,MP-PN-2026-AMB-08,pn,2026,"Give schools, health centres, elderly homes, parks, squares and tourist zones the highest cleaning priority, with more frequent waste collection in tourist areas.",0.30,weak,0.16,"shared: square, zone, area; same party; same topic (Land & Trees)",
MP-PN-2022-181,pn,2022,"Have the government add 50,000 square metres of public land to outside-development-zone areas every year.",3,MP-PN-2026-AMB-05,pn,2026,"Regenerate public land into parks and green spaces and, where no public land exists, buy land where possible to create open space.",0.25,weak,0.11,shared: land; same party; same topic (Land & Trees),
MP-PN-2022-181,pn,2022,"Have the government add 50,000 square metres of public land to outside-development-zone areas every year.",x,MP-ADPD-2026-ODZ-01,adpd,2026,Revoke the 2006 rationalisation exercise (about two million square metres) and reclassify all still-untouched land in it as outside the development zone.,0.63,strong,0.55,"shared: metre, square, outside, zone, land; other party; same subtopic (Land take & agriculture)",
MP-PN-2022-182,pn,2022,"Fully support investments that reduce environmental impact, both in emissions and in land use.",1,MP-PN-2026-AMB-05,pn,2026,"Regenerate public land into parks and green spaces and, where no public land exists, buy land where possible to create open space.",0.22,weak,0.12,shared: land; same party; other topic,
MP-PN-2022-182,pn,2022,"Fully support investments that reduce environmental impact, both in emissions and in land use.",2,MP-PN-2026-AMB-59,pn,2026,Introduce proportionate licensing for certain categories of animals to reduce abandonment and promote responsible ownership.,0.20,weak,0.10,shared: reduce; same party; other topic,
MP-PN-2022-182,pn,2022,"Fully support investments that reduce environmental impact, both in emissions and in land use.",3,MP-PN-2026-AMB-37,pn,2026,"Introduce measurable KPIs for environmental agencies tied to biodiversity, quality of life and real environmental results.",0.20,weak,0.10,shared: environmental; same party; other topic,
MP-PN-2022-182,pn,2022,"Fully support investments that reduce environmental impact, both in emissions and in land use.",x,MP-PL-2026-16-38,pl,2026,SMEs to keep benefiting from tailored schemes to cut costs and reduce environmental impact.,0.44,possible,0.44,"shared: impact, reduce, environmental, reduce environmental, environmental impact; other party; other topic",
MP-PN-2022-183,pn,2022,Stop treating commercial development as an activity to be pursued regardless of the harm it may cause.,1,MP-PN-2026-AMB-44,pn,2026,Introduce revenue sharing so localities receive a fair share of the economic activity that strains their services.,0.26,weak,0.16,shared: activity; same party; other topic,
MP-PN-2022-183,pn,2022,Stop treating commercial development as an activity to be pursued regardless of the harm it may cause.,2,MP-PN-2026-AMB-43,pn,2026,"Update the local council funding formula to reflect population, seasonal pressure, activity levels and actual responsibilities.",0.24,weak,0.14,shared: activity; same party; other topic,
MP-PN-2022-183,pn,2022,Stop treating commercial development as an activity to be pursued regardless of the harm it may cause.,3,MP-PN-2026-AMB-02,pn,2026,"Table a Parks Act in Parliament giving a first legal definition of a park and of green space, to stop greenwashing.",0.23,weak,0.13,shared: stop; same party; other topic,
MP-PN-2022-184,pn,2022,Make sustainability in construction and development an integral part of regulation and of permitting by planning and environment authorities.,1,MP-PN-2026-AMB-11,pn,2026,"Draft a new planning law after open consultation with the public, NGOs, professionals, local councils and Parliament.",0.25,weak,0.07,shared: planning; same party; same subtopic (Development & construction),
MP-PN-2022-184,pn,2022,Make sustainability in construction and development an integral part of regulation and of permitting by planning and environment authorities.,2,MP-PN-2026-ENI-25,pn,2026,"Create a tax credit for landlords who make sustainability upgrades to rented property, tied to minimum efficiency standards and registered leases.",0.23,weak,0.09,shared: sustainability; same party; same topic (Planning & Housing),
MP-PN-2022-184,pn,2022,Make sustainability in construction and development an integral part of regulation and of permitting by planning and environment authorities.,3,MP-PN-2026-AMB-12,pn,2026,"Halt works on a permit once it is appealed until the final decision, and decide planning appeals within six months.",0.21,weak,0.07,shared: planning; same party; same topic (Planning & Housing),
MP-PN-2022-185,pn,2022,Oblige developers to provide alternative accommodation to neighbours of excavation sites during risky periods and lodge a deposit released immediately to people whose property is damaged.,1,MP-PN-2026-ENI-25,pn,2026,"Create a tax credit for landlords who make sustainability upgrades to rented property, tied to minimum efficiency standards and registered leases.",0.22,weak,0.08,shared: property; same party; same topic (Planning & Housing),
MP-PN-2022-185,pn,2022,Oblige developers to provide alternative accommodation to neighbours of excavation sites during risky periods and lodge a deposit released immediately to people whose property is damaged.,2,MP-PN-2026-AMB-15,pn,2026,"Oblige the Climate Change Authority to publish a clear, updated national climate plan with actions, responsibilities, deadlines and costs.",0.20,weak,0.10,shared: oblige; same party; other topic,
MP-PN-2022-185,pn,2022,Oblige developers to provide alternative accommodation to neighbours of excavation sites during risky periods and lodge a deposit released immediately to people whose property is damaged.,3,MP-PN-2026-ENI-17,pn,2026,Create a shared solar scheme on public buildings in which people without a roof can buy a tradeable share.,0.20,weak,0.10,shared: people; same party; other topic,
MP-PN-2022-186,pn,2022,"Require started building projects to be completed within a legally set time, with fines and other enforcement if they are not.",1,MP-PN-2026-AMB-11,pn,2026,"Draft a new planning law after open consultation with the public, NGOs, professionals, local councils and Parliament.",0.27,weak,0.09,shared: law; same party; same subtopic (Development & construction),
MP-PN-2022-186,pn,2022,"Require started building projects to be completed within a legally set time, with fines and other enforcement if they are not.",2,MP-PN-2026-ENI-19,pn,2026,"Launch a heatwave resilience plan for the localities hit hardest, with real-time digital network monitoring.",0.26,weak,0.16,shared: time; same party; other topic,
MP-PN-2022-186,pn,2022,"Require started building projects to be completed within a legally set time, with fines and other enforcement if they are not.",3,MP-PN-2026-AMB-55,pn,2026,"Introduce a positive list of species that may legally be kept as pets, and a temporary centre for confiscated exotic animals.",0.24,weak,0.14,shared: legally; same party; other topic,
MP-PN-2022-186,pn,2022,"Require started building projects to be completed within a legally set time, with fines and other enforcement if they are not.",x,MP-AHWA-2026-196,ahwa,2026,"Impose high, dissuasive fines on owners of buildings left unfinished for an unreasonable time or left dilapidated.",0.39,possible,0.35,"shared: time, fine, building; other party; same topic (Planning & Housing)",
MP-PN-2022-187,pn,2022,"Invest in focused, widespread work on a comprehensive policy to strengthen biodiversity as a top priority.",1,MP-PN-2026-AMB-08,pn,2026,"Give schools, health centres, elderly homes, parks, squares and tourist zones the highest cleaning priority, with more frequent waste collection in tourist areas.",0.22,weak,0.12,"shared: priority, heading: spazji, heading: miftua; same party; other topic",
MP-PN-2022-187,pn,2022,"Invest in focused, widespread work on a comprehensive policy to strengthen biodiversity as a top priority.",2,MP-PN-2026-AMB-37,pn,2026,"Introduce measurable KPIs for environmental agencies tied to biodiversity, quality of life and real environmental results.",0.19,weak,0.09,shared: biodiversity; same party; other topic,
MP-PN-2022-187,pn,2022,"Invest in focused, widespread work on a comprehensive policy to strengthen biodiversity as a top priority.",3,MP-PN-2026-AMB-14,pn,2026,"Strengthen the Climate Change Authority with more independence, technical experts and real powers to lead climate policy and adaptation.",0.17,weak,0.07,shared: policy; same party; other topic,
MP-PN-2022-188,pn,2022,"Recreate open spaces: green lungs in towns, a strategy for family green areas, an agenda for growing woodlands, fountains and eco-parks.",1,MP-PN-2026-AMB-04,pn,2026,Prepare a strategic national map of parks and green areas showing where open space is most lacking and where new parks could go.,0.45,possible,0.27,"shared: green, park, open, area, space; same party; same subtopic (Open spaces & parks)",
MP-PN-2022-188,pn,2022,"Recreate open spaces: green lungs in towns, a strategy for family green areas, an agenda for growing woodlands, fountains and eco-parks.",2,MP-PN-2026-AMB-05,pn,2026,"Regenerate public land into parks and green spaces and, where no public land exists, buy land where possible to create open space.",0.42,possible,0.24,"shared: green, space, park, open, heading: spazji; same party; same subtopic (Open spaces & parks)",
MP-PN-2022-188,pn,2022,"Recreate open spaces: green lungs in towns, a strategy for family green areas, an agenda for growing woodlands, fountains and eco-parks.",3,MP-PN-2026-AMB-02,pn,2026,"Table a Parks Act in Parliament giving a first legal definition of a park and of green space, to stop greenwashing.",0.37,possible,0.19,"shared: green, park, space, heading: spazji, heading: miftua; same party; same subtopic (Open spaces & parks)",
MP-PN-2022-189,pn,2022,Carry out the largest afforestation programme in Malta's history so every community in every town and village has its own green open space.,1,MP-PN-2026-AMB-05,pn,2026,"Regenerate public land into parks and green spaces and, where no public land exists, buy land where possible to create open space.",0.39,possible,0.21,"shared: space, green, open, heading: spazji, heading: miftua; same party; same subtopic (Open spaces & parks)",
MP-PN-2022-189,pn,2022,Carry out the largest afforestation programme in Malta's history so every community in every town and village has its own green open space.,2,MP-PN-2026-AMB-04,pn,2026,Prepare a strategic national map of parks and green areas showing where open space is most lacking and where new parks could go.,0.34,weak,0.16,"shared: green, open, space, heading: spazji, heading: miftua; same party; same subtopic (Open spaces & parks)",
MP-PN-2022-189,pn,2022,Carry out the largest afforestation programme in Malta's history so every community in every town and village has its own green open space.,3,MP-PN-2026-AMB-01,pn,2026,"Guarantee at least one genuine park per locality, prioritising trees, shade and natural ground over concrete, with more afforestation and open space in Malta and Gozo.",0.33,weak,0.15,"shared: afforestation, open, space, heading: spazji, heading: miftua; same party; same subtopic (Open spaces & parks)",
MP-PN-2022-189,pn,2022,Carry out the largest afforestation programme in Malta's history so every community in every town and village has its own green open space.,x,MP-AHWA-2026-199,ahwa,2026,Identify illegally built or abandoned land in every village and turn it into parks and gardens for families.,0.36,possible,0.28,"shared: village, every, park (concept); other party; same subtopic (Open spaces & parks)",
MP-PN-2022-190,pn,2022,"Run a comprehensive programme and set up a new structure to manage Natura 2000 sites, keeping them for families and safe from commercial development.",1,MP-PN-2026-AMB-26,pn,2026,"Give Natura 2000 sites on land and at sea more resources, specialist staff and enforcement, judged by results on the ground.",0.35,weak,0.17,"shared: natura, site, natura site, natura (concept); same figures: 2000; same party; same topic (Nature & Wildlife)",
MP-PN-2022-190,pn,2022,"Run a comprehensive programme and set up a new structure to manage Natura 2000 sites, keeping them for families and safe from commercial development.",2,MP-PN-2026-AMB-25,pn,2026,"Create a Malta Nature Network linking Natura 2000 sites, valleys, rubble walls, garrigue and ecological corridors, with compensation for farmers and landowners who maintain them.",0.31,weak,0.13,"shared: natura, site, natura site, natura (concept); same figures: 2000; same party; same topic (Nature & Wildlife)",
MP-PN-2022-190,pn,2022,"Run a comprehensive programme and set up a new structure to manage Natura 2000 sites, keeping them for families and safe from commercial development.",3,MP-PN-2026-AMB-50,pn,2026,Create a dedicated ministerial portfolio for animal welfare with its own budget and administrative structure.,0.22,weak,0.12,shared: structure; same party; other topic,
MP-PN-2022-190,pn,2022,"Run a comprehensive programme and set up a new structure to manage Natura 2000 sites, keeping them for families and safe from commercial development.",x,MP-MOMENTUM-2026-110,momentum,2026,Strictly protect Comino as a Natura 2000 site against commercial development.,0.44,possible,0.36,"shared: natura, commercial, site, development, commercial development; same figures: 2000; other party; same topic (Nature & Wildlife)",
MP-PN-2022-191,pn,2022,"Launch a programme to rehabilitate and conserve valleys, with emphasis on protecting their biodiversity.",1,MP-PN-2026-AMB-27,pn,2026,"Support ecological restoration of valleys, starting with Wied Qirda, removing invasive species and regenerating habitats.",0.25,weak,0.11,"shared: valley, valley (concept); same party; same topic (Nature & Wildlife)",
MP-PN-2022-191,pn,2022,"Launch a programme to rehabilitate and conserve valleys, with emphasis on protecting their biodiversity.",2,MP-PN-2026-AMB-25,pn,2026,"Create a Malta Nature Network linking Natura 2000 sites, valleys, rubble walls, garrigue and ecological corridors, with compensation for farmers and landowners who maintain them.",0.24,weak,0.10,"shared: valley, valley (concept); same party; same topic (Nature & Wildlife)",
MP-PN-2022-191,pn,2022,"Launch a programme to rehabilitate and conserve valleys, with emphasis on protecting their biodiversity.",3,MP-PN-2026-AMB-20,pn,2026,"Prioritise nature-based solutions such as tree planting, valley restoration, permeable ground, rain gardens and afforestation against heat, flooding and pollution.",0.20,weak,0.10,"shared: valley, valley (concept); same party; other topic",
MP-PN-2022-191,pn,2022,"Launch a programme to rehabilitate and conserve valleys, with emphasis on protecting their biodiversity.",x,MP-MOMENTUM-2026-115,momentum,2026,Restore and conserve valleys as biodiversity corridors and protect them from inappropriate urban development.,0.47,possible,0.43,"shared: conserve, valley, biodiversity, conserve valley, valley (concept); other party; same topic (Nature & Wildlife)",
MP-PN-2022-192,pn,2022,"Extend protection to a larger number of marine protected areas, supporting the diving industry's environment.",1,MP-PN-2026-AMB-28,pn,2026,"Expand Marine Protected Areas with more monitoring, surveillance and enforcement.",0.55,possible,0.37,"shared: protected, marine, marine protected, area, mpa (concept); same party; same subtopic (Marine protection)",
MP-PN-2022-192,pn,2022,"Extend protection to a larger number of marine protected areas, supporting the diving industry's environment.",2,MP-PN-2026-AMB-03,pn,2026,"Set mandatory national minimum standards for parks covering unpaved green area, trees, accessibility, water management, maintenance and protection from development.",0.25,weak,0.15,"shared: protection, area, heading: spazji, heading: miftua; same party; other topic",
MP-PN-2022-192,pn,2022,"Extend protection to a larger number of marine protected areas, supporting the diving industry's environment.",3,MP-PN-2026-AMB-21,pn,2026,"Launch a national climate education programme in schools, communities and industry.",0.22,weak,0.12,shared: industry; same party; other topic,
MP-PN-2022-193,pn,2022,"Develop and promote high-level policy pillars for holistic, sustainable development of the ecological economy.",1,MP-PN-2026-AMB-27,pn,2026,"Support ecological restoration of valleys, starting with Wied Qirda, removing invasive species and regenerating habitats.",0.23,weak,0.09,shared: ecological; same party; same topic (Nature & Wildlife),
MP-PN-2022-193,pn,2022,"Develop and promote high-level policy pillars for holistic, sustainable development of the ecological economy.",2,MP-PN-2026-AMB-25,pn,2026,"Create a Malta Nature Network linking Natura 2000 sites, valleys, rubble walls, garrigue and ecological corridors, with compensation for farmers and landowners who maintain them.",0.22,weak,0.08,shared: ecological; same party; same topic (Nature & Wildlife),
MP-PN-2022-193,pn,2022,"Develop and promote high-level policy pillars for holistic, sustainable development of the ecological economy.",3,MP-PN-2026-AMB-59,pn,2026,Introduce proportionate licensing for certain categories of animals to reduce abandonment and promote responsible ownership.,0.22,weak,0.12,shared: promote; same party; other topic,
MP-PN-2022-194,pn,2022,"With all partners, draw up a strategic plan for agriculture and fisheries to strengthen the whole sector's ecosystem.",1,MP-PN-2026-ENI-09,pn,2026,Introduce a grant for households to upgrade older solar PV systems without removing the whole installation.,0.23,weak,0.13,shared: whole; same party; other topic,
MP-PN-2022-194,pn,2022,"With all partners, draw up a strategic plan for agriculture and fisheries to strengthen the whole sector's ecosystem.",2,MP-PN-2026-AMB-04,pn,2026,Prepare a strategic national map of parks and green areas showing where open space is most lacking and where new parks could go.,0.21,weak,0.11,shared: strategic; same party; other topic,
MP-PN-2022-194,pn,2022,"With all partners, draw up a strategic plan for agriculture and fisheries to strengthen the whole sector's ecosystem.",3,MP-PN-2026-ENI-20,pn,2026,"Begin strategic planning for a third and fourth interconnector landing in different areas, including possibly to North Africa.",0.20,weak,0.10,shared: strategic; same party; other topic,
MP-PN-2022-195,pn,2022,Support farmers and herders with technical help and targeted incentives to invest more in technology and become more competitive.,1,MP-PN-2026-ENI-31,pn,2026,Run a pilot project and targeted scheme to recharge groundwater by returning rainwater to the aquifer.,0.30,weak,0.20,shared: targeted; same party; other topic,
MP-PN-2022-195,pn,2022,Support farmers and herders with technical help and targeted incentives to invest more in technology and become more competitive.,2,MP-PN-2026-AMB-16,pn,2026,Build diplomatic and technical capacity to defend Malta's interests in the EU as a climate-vulnerable island and attract more EU funds.,0.22,weak,0.12,shared: technical; same party; other topic,
MP-PN-2022-195,pn,2022,Support farmers and herders with technical help and targeted incentives to invest more in technology and become more competitive.,3,MP-PN-2026-AMB-14,pn,2026,"Strengthen the Climate Change Authority with more independence, technical experts and real powers to lead climate policy and adaptation.",0.21,weak,0.11,shared: technical; same party; other topic,
MP-PN-2022-196,pn,2022,"Promote Maltese produce via a produce-promotion agency, organic-production incentives, education, attracting young farmers, local-market support and lighter regulation and costs.",1,MP-PN-2026-AMB-21,pn,2026,"Launch a national climate education programme in schools, communities and industry.",0.20,weak,0.10,shared: education; same party; other topic,
MP-PN-2022-196,pn,2022,"Promote Maltese produce via a produce-promotion agency, organic-production incentives, education, attracting young farmers, local-market support and lighter regulation and costs.",2,MP-PN-2026-AMB-59,pn,2026,Introduce proportionate licensing for certain categories of animals to reduce abandonment and promote responsible ownership.,0.19,weak,0.09,shared: promote; same party; other topic,
MP-PN-2022-196,pn,2022,"Promote Maltese produce via a produce-promotion agency, organic-production incentives, education, attracting young farmers, local-market support and lighter regulation and costs.",3,MP-PN-2026-ENI-08,pn,2026,"Reach 30% of electricity generated from renewable sources by 2030, partly to offset the roughly €30 million yearly cost of the bill-reduction package.",0.19,weak,0.09,shared: cost; same party; other topic,
MP-PN-2022-197,pn,2022,"Introduce fair, transparent mechanisms on produce prices and viable earnings so farmers, herders and fishers can stay in the trade.",1,MP-PN-2026-AMB-44,pn,2026,Introduce revenue sharing so localities receive a fair share of the economic activity that strains their services.,0.21,weak,0.11,shared: fair; same party; other topic,
MP-PN-2022-197,pn,2022,"Introduce fair, transparent mechanisms on produce prices and viable earnings so farmers, herders and fishers can stay in the trade.",2,MP-PN-2026-ENI-14,pn,2026,"Push ahead with a floating offshore wind project, with transparent procurement, studies and timely grid integration.",0.20,weak,0.10,shared: transparent; same party; other topic,
MP-PN-2022-197,pn,2022,"Introduce fair, transparent mechanisms on produce prices and viable earnings so farmers, herders and fishers can stay in the trade.",3,MP-PN-2026-ENI-01,pn,2026,"Guarantee that electricity and water tariffs will not rise, subsidising energy and fuel prices when needed while investing in renewables to cut subsidy costs.",0.18,weak,0.08,shared: price; same party; other topic,
MP-PN-2022-198,pn,2022,"Offer incentives on investment, administrative costs and taxes to farmers who meet ESG criteria, to make farming more sustainable.",1,MP-PN-2026-AMB-50,pn,2026,Create a dedicated ministerial portfolio for animal welfare with its own budget and administrative structure.,0.26,weak,0.16,shared: administrative; same party; other topic,
MP-PN-2022-198,pn,2022,"Offer incentives on investment, administrative costs and taxes to farmers who meet ESG criteria, to make farming more sustainable.",2,MP-PN-2026-ENI-29,pn,2026,"Link stamp duty and other incentives to a building's Energy Performance Certificate rating, sustainable materials and passive design.",0.22,weak,0.12,"shared: sustainable, incentive; same party; other topic",
MP-PN-2022-198,pn,2022,"Offer incentives on investment, administrative costs and taxes to farmers who meet ESG criteria, to make farming more sustainable.",3,MP-PN-2026-ENI-08,pn,2026,"Reach 30% of electricity generated from renewable sources by 2030, partly to offset the roughly €30 million yearly cost of the bill-reduction package.",0.20,weak,0.10,shared: cost; same party; other topic,
MP-PN-2022-199,pn,2022,"Invest to raise the operation of the Pitkalija, abattoir and fish market into efficient, modern, transparent centres of excellence.",1,MP-PN-2026-AMB-34,pn,2026,"Launch a programme to expand and improve urban green infrastructure, with more trees, shade and natural space under modern standards.",0.25,weak,0.11,shared: modern; same party; same topic (Land & Trees),
MP-PN-2022-199,pn,2022,"Invest to raise the operation of the Pitkalija, abattoir and fish market into efficient, modern, transparent centres of excellence.",2,MP-PN-2026-AMB-52,pn,2026,Formally recognise veterinary specialisations and regulate paraveterinary professions with accredited training and modern standards.,0.21,weak,0.11,shared: modern; same party; other topic,
MP-PN-2022-199,pn,2022,"Invest to raise the operation of the Pitkalija, abattoir and fish market into efficient, modern, transparent centres of excellence.",3,MP-PN-2026-ENI-14,pn,2026,"Push ahead with a floating offshore wind project, with transparent procurement, studies and timely grid integration.",0.21,weak,0.11,shared: transparent; same party; other topic,
MP-PN-2022-200,pn,2022,"Improve fishers' infrastructure and facilities, especially at Marsaxlokk and Xemxija.",1,MP-PN-2026-AMB-34,pn,2026,"Launch a programme to expand and improve urban green infrastructure, with more trees, shade and natural space under modern standards.",0.27,weak,0.17,"shared: infrastructure, improve; same party; other topic",
MP-PN-2022-200,pn,2022,"Improve fishers' infrastructure and facilities, especially at Marsaxlokk and Xemxija.",2,MP-PN-2026-AMB-53,pn,2026,Create pet cemeteries and cremation facilities in Malta and Gozo run to environmental and sanitary standards.,0.22,weak,0.12,shared: facilitie; same party; other topic,
MP-PN-2022-200,pn,2022,"Improve fishers' infrastructure and facilities, especially at Marsaxlokk and Xemxija.",3,MP-PN-2026-AMB-19,pn,2026,"Make climate adaptation a mandatory part of every local plan, masterplan and infrastructure project.",0.20,weak,0.10,shared: infrastructure; same party; other topic,
MP-PN-2022-201,pn,2022,Encourage innovation in waste management within a broader waste plan.,1,MP-PN-2026-AMB-60,pn,2026,"Encourage wider use of pet insurance, promoting products that do not discriminate between breeds.",0.36,possible,0.26,shared: encourage; same party; other topic,
MP-PN-2022-201,pn,2022,Encourage innovation in waste management within a broader waste plan.,2,MP-PN-2026-AMB-24,pn,2026,"Switch waste strategy from waste-to-energy to 'waste-to-product', with better separation, advanced recycling and material recovery.",0.33,weak,0.19,shared: waste; same party; same topic (Waste),
MP-PN-2022-201,pn,2022,Encourage innovation in waste management within a broader waste plan.,3,MP-PN-2026-AMB-03,pn,2026,"Set mandatory national minimum standards for parks covering unpaved green area, trees, accessibility, water management, maintenance and protection from development.",0.23,weak,0.13,shared: management; same party; other topic,
MP-PN-2022-202,pn,2022,Introduce a much stricter legal framework regulating recycling and penalising single-use materials more heavily.,1,MP-PN-2026-AMB-24,pn,2026,"Switch waste strategy from waste-to-energy to 'waste-to-product', with better separation, advanced recycling and material recovery.",0.35,possible,0.17,"shared: recycling, material, recycling (concept); same party; same subtopic (Recycling & separation)",
MP-PN-2022-202,pn,2022,Introduce a much stricter legal framework regulating recycling and penalising single-use materials more heavily.,2,MP-PN-2026-AMB-32,pn,2026,"Adopt a legal framework to protect and manage rural, urban and coastal landscape, and use more 3D mapping and LIDAR data in planning.",0.34,weak,0.24,"shared: legal, framework, use, legal framework; same party; other topic",
MP-PN-2022-202,pn,2022,Introduce a much stricter legal framework regulating recycling and penalising single-use materials more heavily.,3,MP-PN-2026-ENI-18,pn,2026,"Invest heavily in feeders, substations, transformers and digital monitoring to strengthen the distribution network and drastically cut blackouts.",0.24,weak,0.14,shared: heavily; same party; other topic,
MP-PN-2022-203,pn,2022,"Invest substantially, with local councils, in enough IoT-equipped smart bins across Malta and Gozo to prevent littering.",1,MP-PN-2026-AMB-07,pn,2026,"Introduce a 'Clean Malta Guarantee' with mandatory national cleanliness standards per locality, results-based contracts and tougher enforcement against littering.",0.26,weak,0.12,shared: littering; same party; same topic (Waste),
MP-PN-2022-203,pn,2022,"Invest substantially, with local councils, in enough IoT-equipped smart bins across Malta and Gozo to prevent littering.",2,MP-PN-2026-AMB-46,pn,2026,"Return functions such as local road maintenance, aspects of cleaning and local enforcement to local councils.",0.26,weak,0.16,"shared: local, council, local council; same party; other topic",
MP-PN-2022-203,pn,2022,"Invest substantially, with local councils, in enough IoT-equipped smart bins across Malta and Gozo to prevent littering.",3,MP-PN-2026-AMB-47,pn,2026,Introduce benchmarking and performance standards for local council services.,0.25,weak,0.15,"shared: council, local, local council; same party; other topic",
MP-PN-2022-204,pn,2022,Review the site-selection process and chosen model for the Magħtab incinerator project.,1,MP-PN-2026-ENI-16,pn,2026,Open a national process on solar rights so that PV owners do not lose their investment when neighbouring development overshadows them.,0.24,weak,0.14,shared: process; same party; other topic,
MP-PN-2022-204,pn,2022,Review the site-selection process and chosen model for the Magħtab incinerator project.,2,MP-PN-2026-ENI-23,pn,2026,Review the main energy contracts and set a principle of always buying energy from the cheapest secure and reliable source.,0.21,weak,0.11,shared: review; same party; other topic,
MP-PN-2022-204,pn,2022,Review the site-selection process and chosen model for the Magħtab incinerator project.,3,MP-PN-2026-AMB-24,pn,2026,"Switch waste strategy from waste-to-energy to 'waste-to-product', with better separation, advanced recycling and material recovery.",0.16,weak,0.02,shared: wte (concept); same party; same topic (Waste),
MP-PN-2022-205,pn,2022,Introduce stricter measures on waste dumped at sea and waste generated by fish farms.,1,MP-PN-2026-AMB-26,pn,2026,"Give Natura 2000 sites on land and at sea more resources, specialist staff and enforcement, judged by results on the ground.",0.31,weak,0.13,"shared: sea, offshore (concept); same party; same subtopic (Marine protection)",
MP-PN-2022-205,pn,2022,Introduce stricter measures on waste dumped at sea and waste generated by fish farms.,2,MP-PN-2026-AMB-24,pn,2026,"Switch waste strategy from waste-to-energy to 'waste-to-product', with better separation, advanced recycling and material recovery.",0.23,weak,0.13,shared: waste; same party; other topic,
MP-PN-2022-205,pn,2022,Introduce stricter measures on waste dumped at sea and waste generated by fish farms.,3,MP-PN-2026-ENI-08,pn,2026,"Reach 30% of electricity generated from renewable sources by 2030, partly to offset the roughly €30 million yearly cost of the bill-reduction package.",0.21,weak,0.11,shared: generated; same party; other topic,
MP-PN-2022-205,pn,2022,Introduce stricter measures on waste dumped at sea and waste generated by fish farms.,x,MP-ADPD-2026-FISH-04,adpd,2026,"Fish-farm operators must take every measure to eliminate slime in bays, with decisive action by authorities against those who do not.",0.39,possible,0.31,"shared: fish, measure, farm, fishfarm (concept), fish farm; other party; same subtopic (Marine protection)",
MP-PN-2022-206,pn,2022,Treat environmental pollution and degradation as a serious offence with major climate-change impact.,1,MP-PN-2026-AMB-15,pn,2026,"Oblige the Climate Change Authority to publish a clear, updated national climate plan with actions, responsibilities, deadlines and costs.",0.31,weak,0.17,"shared: climate, change, climate change; same party; same topic (Climate & Energy)",
MP-PN-2022-206,pn,2022,Treat environmental pollution and degradation as a serious offence with major climate-change impact.,2,MP-PN-2026-AMB-14,pn,2026,"Strengthen the Climate Change Authority with more independence, technical experts and real powers to lead climate policy and adaptation.",0.31,weak,0.17,"shared: climate, change, climate change; same party; same topic (Climate & Energy)",
MP-PN-2022-206,pn,2022,Treat environmental pollution and degradation as a serious offence with major climate-change impact.,3,MP-PN-2026-AMB-18,pn,2026,"Launch an investment programme preparing the economy for climate change: clean energy, resilient infrastructure, water systems, circular industry and advanced recycling.",0.28,weak,0.14,"shared: change, climate, climate change; same party; same topic (Climate & Energy)",
MP-PN-2022-207,pn,2022,Redraft a plan for water conservation and effective water management.,1,MP-PN-2026-AMB-03,pn,2026,"Set mandatory national minimum standards for parks covering unpaved green area, trees, accessibility, water management, maintenance and protection from development.",0.32,weak,0.22,"shared: management, water, water management; same party; other topic",
MP-PN-2022-207,pn,2022,Redraft a plan for water conservation and effective water management.,2,MP-PN-2026-ENI-33,pn,2026,Install a network of solar-powered drinking-water fountains in squares and tourist spots to cut plastic use.,0.25,weak,0.07,shared: water; same party; same subtopic (Water supply & groundwater),
MP-PN-2022-207,pn,2022,Redraft a plan for water conservation and effective water management.,3,MP-PN-2026-ENI-24,pn,2026,Continue and strengthen the grant for replacing old water heaters with heat-pump water heaters.,0.22,weak,0.12,shared: water; same party; other topic,
MP-PN-2022-208,pn,2022,"Draw up and run an effective plan tackling the main causes of air pollution, aiming to meet and exceed EU targets on emissions and alternative-energy penetration.",1,MP-PN-2026-AMB-23,pn,2026,"Introduce a national Air Quality Index published daily with weather forecasts, apps and a live public dashboard by locality.",0.32,weak,0.14,"shared: air, airquality (concept), heading: kwalita; same party; same subtopic (Air quality & health)",
MP-PN-2022-208,pn,2022,"Draw up and run an effective plan tackling the main causes of air pollution, aiming to meet and exceed EU targets on emissions and alternative-energy penetration.",2,MP-PN-2026-AMB-22,pn,2026,"Expand the national air-quality monitoring network with more stations, more local measurement and more frequent data.",0.28,weak,0.10,"shared: air, airquality (concept), heading: kwalita; same party; same subtopic (Air quality & health)",
MP-PN-2022-208,pn,2022,"Draw up and run an effective plan tackling the main causes of air pollution, aiming to meet and exceed EU targets on emissions and alternative-energy penetration.",3,MP-PN-2026-ENI-23,pn,2026,Review the main energy contracts and set a principle of always buying energy from the cheapest secure and reliable source.,0.21,weak,0.11,"shared: main, energy; same party; other topic",
MP-PN-2022-209,pn,2022,Speed up emission cuts by tackling the largest cause through a holistic programme for widespread electric-vehicle use and more public transport.,1,MP-PN-2026-ENI-28,pn,2026,"Invest in electric bus depots, chargers and gradual conversion of the public bus fleet, and increase support for switching private cars to electric or hybrid.",0.32,weak,0.18,shared: electric; same party; same topic (Transport),
MP-PN-2022-209,pn,2022,Speed up emission cuts by tackling the largest cause through a holistic programme for widespread electric-vehicle use and more public transport.,2,MP-PN-2026-ENI-30,pn,2026,Cut the home electric-vehicle charging rate from 12.98c to the cheapest 10.47c rate.,0.30,weak,0.20,"shared: vehicle, electric, electric vehicle; same party; other topic",
MP-PN-2022-209,pn,2022,Speed up emission cuts by tackling the largest cause through a holistic programme for widespread electric-vehicle use and more public transport.,3,MP-PN-2026-AMB-41,pn,2026,"Make town and village squares safer to enjoy through traffic systems favouring residents, adequate (including underground) parking, or park-and-ride.",0.18,weak,0.00,shared: heading: tal; same party; same subtopic (Cars & traffic),
MP-PN-2022-210,pn,2022,"With environmental NGOs, set up a research platform to gather evidence for policy on clean aviation, Single European Sky and alternative fuel technology.",1,MP-PN-2026-ENI-21,pn,2026,Study and plan a hydrogen-ready pipeline compatible with future European networks.,0.22,weak,0.12,shared: european; same party; other topic,
MP-PN-2022-210,pn,2022,"With environmental NGOs, set up a research platform to gather evidence for policy on clean aviation, Single European Sky and alternative fuel technology.",2,MP-PN-2026-AMB-11,pn,2026,"Draft a new planning law after open consultation with the public, NGOs, professionals, local councils and Parliament.",0.19,weak,0.09,shared: ngos; same party; other topic,
MP-PN-2022-210,pn,2022,"With environmental NGOs, set up a research platform to gather evidence for policy on clean aviation, Single European Sky and alternative fuel technology.",3,MP-PN-2026-AMB-37,pn,2026,"Introduce measurable KPIs for environmental agencies tied to biodiversity, quality of life and real environmental results.",0.18,weak,0.08,"shared: environmental, heading: kwalita; same party; other topic",
MP-PN-2022-211,pn,2022,Refund all consumers the full amount the party says they were overcharged on electricity and water bills since 2013.,1,MP-PN-2026-ENI-07,pn,2026,"Introduce a clearer standardised electricity and water bill and automatic notification of eligibility for eco-reduction, feed-in tariffs and similar schemes.",0.46,possible,0.28,"shared: bill, electricity, water, water bill, electricity water; same party; same subtopic (Electricity & grid)",
MP-PN-2022-211,pn,2022,Refund all consumers the full amount the party says they were overcharged on electricity and water bills since 2013.,2,MP-PN-2026-ENI-08,pn,2026,"Reach 30% of electricity generated from renewable sources by 2030, partly to offset the roughly €30 million yearly cost of the bill-reduction package.",0.34,weak,0.20,"shared: bill, electricity, bills (concept), heading: energija; same party; same topic (Climate & Energy)",
MP-PN-2022-211,pn,2022,Refund all consumers the full amount the party says they were overcharged on electricity and water bills since 2013.,3,MP-PN-2026-ENI-01,pn,2026,"Guarantee that electricity and water tariffs will not rise, subsidising energy and fuel prices when needed while investing in renewables to cut subsidy costs.",0.33,weak,0.15,"shared: electricity, water, electricity water, bills (concept); same party; same subtopic (Electricity & grid)",
MP-PN-2022-212,pn,2022,Accelerate the shift to cleaner energy within a framework that secures supply.,1,MP-PN-2026-ENI-27,pn,2026,Create a framework of long-term clean-energy contracts for large energy-consuming companies.,0.37,possible,0.19,"shared: framework, energy, heading: energija; same party; same subtopic (Renewables)",
MP-PN-2022-212,pn,2022,Accelerate the shift to cleaner energy within a framework that secures supply.,2,MP-PN-2026-ENI-23,pn,2026,Review the main energy contracts and set a principle of always buying energy from the cheapest secure and reliable source.,0.34,weak,0.20,"shared: secure, energy; same party; same topic (Climate & Energy)",
MP-PN-2022-212,pn,2022,Accelerate the shift to cleaner energy within a framework that secures supply.,3,MP-PN-2026-ENI-06,pn,2026,"Remove meter rent for the agricultural sector and voluntary organisations; stated annual savings €120, €240 and €360 by supply type.",0.27,weak,0.13,shared: supply; same party; same topic (Climate & Energy),
MP-PN-2022-213,pn,2022,"Draw up an energy policy sourcing power from the cheapest, lowest-emission sources while keeping full control over where electricity is bought and over distribution rights.",1,MP-PN-2026-ENI-23,pn,2026,Review the main energy contracts and set a principle of always buying energy from the cheapest secure and reliable source.,0.37,possible,0.23,"shared: cheapest, source, energy; same party; same topic (Climate & Energy)",
MP-PN-2022-213,pn,2022,"Draw up an energy policy sourcing power from the cheapest, lowest-emission sources while keeping full control over where electricity is bought and over distribution rights.",2,MP-PN-2026-AMB-14,pn,2026,"Strengthen the Climate Change Authority with more independence, technical experts and real powers to lead climate policy and adaptation.",0.31,weak,0.13,"shared: power, policy; same party; same subtopic (Emissions & targets)",
MP-PN-2022-213,pn,2022,"Draw up an energy policy sourcing power from the cheapest, lowest-emission sources while keeping full control over where electricity is bought and over distribution rights.",3,MP-PN-2026-ENI-08,pn,2026,"Reach 30% of electricity generated from renewable sources by 2030, partly to offset the roughly €30 million yearly cost of the bill-reduction package.",0.29,weak,0.15,"shared: source, electricity, heading: energija; same party; same topic (Climate & Energy)",
MP-PN-2022-214,pn,2022,Work to end the current Electrogas contracts and pass savings to households through cheaper bills and a 50% cut in meter charges for pensioners.,1,MP-PN-2026-ENI-02,pn,2026,"Abolish the electricity meter rent (service charge) on every residence; stated annual savings €65 single-phase, €140 three-phase 40A, €195 three-phase 60A.",0.52,possible,0.34,"shared: charge, meter, saving, electricity, bills (concept); same party; same subtopic (Electricity & grid)",
MP-PN-2022-214,pn,2022,Work to end the current Electrogas contracts and pass savings to households through cheaper bills and a 50% cut in meter charges for pensioners.,2,MP-PN-2026-ENI-06,pn,2026,"Remove meter rent for the agricultural sector and voluntary organisations; stated annual savings €120, €240 and €360 by supply type.",0.34,weak,0.16,"shared: meter, saving, bills (concept); same party; same subtopic (Electricity & grid)",
MP-PN-2022-214,pn,2022,Work to end the current Electrogas contracts and pass savings to households through cheaper bills and a 50% cut in meter charges for pensioners.,3,MP-PN-2026-ENI-01,pn,2026,"Guarantee that electricity and water tariffs will not rise, subsidising energy and fuel prices when needed while investing in renewables to cut subsidy costs.",0.34,weak,0.16,"shared: cut, electricity, water, electricity water, bills (concept); same party; same subtopic (Electricity & grid)",
MP-PN-2022-215,pn,2022,"Increase renewable capacity by investing, with private-sector involvement, in a large-scale deep-sea offshore wind farm.",1,MP-PN-2026-ENI-14,pn,2026,"Push ahead with a floating offshore wind project, with transparent procurement, studies and timely grid integration.",0.39,possible,0.21,"shared: wind, offshore, offshore wind, wind (concept), offshore (concept); same party; same subtopic (Renewables)",
MP-PN-2022-215,pn,2022,"Increase renewable capacity by investing, with private-sector involvement, in a large-scale deep-sea offshore wind farm.",2,MP-PN-2026-ENI-08,pn,2026,"Reach 30% of electricity generated from renewable sources by 2030, partly to offset the roughly €30 million yearly cost of the bill-reduction package.",0.30,weak,0.12,"shared: increase, renewable, heading: energija; same party; same subtopic (Renewables)",
MP-PN-2022-215,pn,2022,"Increase renewable capacity by investing, with private-sector involvement, in a large-scale deep-sea offshore wind farm.",3,MP-PN-2026-ENI-27,pn,2026,Create a framework of long-term clean-energy contracts for large energy-consuming companies.,0.27,weak,0.09,"shared: large, heading: energija; same party; same subtopic (Renewables)",
MP-PN-2022-215,pn,2022,"Increase renewable capacity by investing, with private-sector involvement, in a large-scale deep-sea offshore wind farm.",x,MP-MOMENTUM-2026-94,momentum,2026,Speed up the process for setting up offshore wind farms and solar farms.,0.44,possible,0.36,"shared: farm, wind, offshore, wind farm, offshore wind; other party; same subtopic (Renewables)",
MP-PN-2022-216,pn,2022,Invest substantially in the electricity distribution network to reduce power cuts and low-voltage incidents.,1,MP-PN-2026-ENI-18,pn,2026,"Invest heavily in feeders, substations, transformers and digital monitoring to strengthen the distribution network and drastically cut blackouts.",0.36,possible,0.18,"shared: distribution, network, distribution network, distribution (concept); same party; same subtopic (Electricity & grid)",
MP-PN-2022-216,pn,2022,Invest substantially in the electricity distribution network to reduce power cuts and low-voltage incidents.,2,MP-PN-2026-ENI-22,pn,2026,Empower the energy and water regulator (REWS) to impose a service-availability guarantee and automatic compensation for blackouts and poor voltage.,0.30,weak,0.12,shared: voltage; same party; same subtopic (Electricity & grid),
MP-PN-2022-216,pn,2022,Invest substantially in the electricity distribution network to reduce power cuts and low-voltage incidents.,3,MP-PN-2026-ENI-19,pn,2026,"Launch a heatwave resilience plan for the localities hit hardest, with real-time digital network monitoring.",0.27,weak,0.09,shared: network; same party; same subtopic (Electricity & grid),
MP-PN-2022-216,pn,2022,Invest substantially in the electricity distribution network to reduce power cuts and low-voltage incidents.,x,MP-PL-2026-16-13,pl,2026,Enemalta to get a dedicated control room to monitor the low-voltage network and fix faults faster.,0.45,possible,0.37,"shared: voltage, low, network, low voltage; other party; same subtopic (Electricity & grid)",
MP-PN-2022-217,pn,2022,"Invest in a gas pipeline to Sicily, able to carry hydrogen later, to buy gas and hydrogen on the open EU market and end reliance on the Electrogas tanker.",1,MP-PN-2026-ENI-21,pn,2026,Study and plan a hydrogen-ready pipeline compatible with future European networks.,0.43,possible,0.25,"shared: hydrogen, pipeline, gas (concept), hydrogen (concept); same party; same subtopic (Electricity & grid)",
MP-PN-2022-217,pn,2022,"Invest in a gas pipeline to Sicily, able to carry hydrogen later, to buy gas and hydrogen on the open EU market and end reliance on the Electrogas tanker.",2,MP-PN-2026-ENI-17,pn,2026,Create a shared solar scheme on public buildings in which people without a roof can buy a tradeable share.,0.23,weak,0.09,"shared: buy, heading: energija; same party; same topic (Climate & Energy)",
MP-PN-2022-217,pn,2022,"Invest in a gas pipeline to Sicily, able to carry hydrogen later, to buy gas and hydrogen on the open EU market and end reliance on the Electrogas tanker.",3,MP-PN-2026-AMB-05,pn,2026,"Regenerate public land into parks and green spaces and, where no public land exists, buy land where possible to create open space.",0.21,weak,0.11,"shared: buy, open; same party; other topic",
MP-PN-2022-217,pn,2022,"Invest in a gas pipeline to Sicily, able to carry hydrogen later, to buy gas and hydrogen on the open EU market and end reliance on the Electrogas tanker.",x,MP-PL-2026-16-7,pl,2026,"Hydrogen-ready gas pipeline studies are complete; will keep seeking EU funds for the project, linked to 2050 decarbonisation goals.",0.47,possible,0.39,"shared: gas, hydrogen, pipeline, gas pipeline, gas (concept); other party; same subtopic (Electricity & grid)",
MP-PN-2022-218,pn,2022,Invest in a second Malta-Sicily interconnector to double supply from mainland Europe.,1,MP-PN-2026-ENI-06,pn,2026,"Remove meter rent for the agricultural sector and voluntary organisations; stated annual savings €120, €240 and €360 by supply type.",0.31,weak,0.13,shared: supply; same party; same subtopic (Electricity & grid),
MP-PN-2022-218,pn,2022,Invest in a second Malta-Sicily interconnector to double supply from mainland Europe.,2,MP-PN-2026-ENI-02,pn,2026,"Abolish the electricity meter rent (service charge) on every residence; stated annual savings €65 single-phase, €140 three-phase 40A, €195 three-phase 60A.",0.27,weak,0.09,shared: supply; same party; same subtopic (Electricity & grid),
MP-PN-2022-218,pn,2022,Invest in a second Malta-Sicily interconnector to double supply from mainland Europe.,3,MP-PN-2026-ENI-20,pn,2026,"Begin strategic planning for a third and fourth interconnector landing in different areas, including possibly to North Africa.",0.26,weak,0.08,"shared: interconnector, interconnector (concept); same party; same subtopic (Electricity & grid)",
MP-PN-2022-218,pn,2022,Invest in a second Malta-Sicily interconnector to double supply from mainland Europe.,x,MP-PL-2026-16-3,pl,2026,"Work on the second Malta–Sicily interconnector to be completed soon, said to double interconnection capacity with Europe and cut emissions.",0.53,possible,0.45,"shared: double, europe, second, interconnector, interconnector (concept); other party; same subtopic (Electricity & grid)",
MP-PN-2022-219,pn,2022,Return any government or Enemalta earnings from emissions trading or similar activities to consumers as a rebate.,1,MP-PN-2026-ENI-07,pn,2026,"Introduce a clearer standardised electricity and water bill and automatic notification of eligibility for eco-reduction, feed-in tariffs and similar schemes.",0.28,weak,0.10,shared: similar; same party; same subtopic (Electricity & grid),
MP-PN-2022-219,pn,2022,Return any government or Enemalta earnings from emissions trading or similar activities to consumers as a rebate.,2,MP-PN-2026-AMB-46,pn,2026,"Return functions such as local road maintenance, aspects of cleaning and local enforcement to local councils.",0.20,weak,0.10,shared: return; same party; other topic,
MP-PN-2022-219,pn,2022,Return any government or Enemalta earnings from emissions trading or similar activities to consumers as a rebate.,3,MP-PN-2026-AMB-42,pn,2026,"Return concrete environmental, cleanliness and embellishment responsibilities to local councils, with more funds and autonomy.",0.19,weak,0.09,shared: return; same party; other topic,
MP-PN-2022-220,pn,2022,"Give every Maltese and Gozitan household the chance to benefit from photovoltaic schemes, including those without roof access.",1,MP-PN-2026-ENI-13,pn,2026,Run a national programme to put solar panels with battery storage on every feasible public roof.,0.38,possible,0.20,"shared: roof, every, solar (concept), heading: energija; same party; same subtopic (Renewables)",
MP-PN-2022-220,pn,2022,"Give every Maltese and Gozitan household the chance to benefit from photovoltaic schemes, including those without roof access.",2,MP-PN-2026-ENI-17,pn,2026,Create a shared solar scheme on public buildings in which people without a roof can buy a tradeable share.,0.32,weak,0.14,"shared: roof, solar (concept), heading: energija; same party; same subtopic (Renewables)",
MP-PN-2022-220,pn,2022,"Give every Maltese and Gozitan household the chance to benefit from photovoltaic schemes, including those without roof access.",3,MP-PN-2026-ENI-09,pn,2026,Introduce a grant for households to upgrade older solar PV systems without removing the whole installation.,0.31,weak,0.13,"shared: household, solar (concept), heading: energija; same party; same subtopic (Renewables)",
MP-PN-2022-221,pn,2022,Strengthen the Energy Performance Certificate by giving ESG-compliant developers tax credits for implementing EPC recommendations.,1,MP-PN-2026-ENI-29,pn,2026,"Link stamp duty and other incentives to a building's Energy Performance Certificate rating, sustainable materials and passive design.",0.45,possible,0.31,"shared: certificate, performance, performance certificate, energy performance, energy; same party; same topic (Climate & Energy)",
MP-PN-2022-221,pn,2022,Strengthen the Energy Performance Certificate by giving ESG-compliant developers tax credits for implementing EPC recommendations.,2,MP-PN-2026-ENI-25,pn,2026,"Create a tax credit for landlords who make sustainability upgrades to rented property, tied to minimum efficiency standards and registered leases.",0.27,weak,0.17,"shared: credit, tax, tax credit, heading: energija; same party; other topic",
MP-PN-2022-221,pn,2022,Strengthen the Energy Performance Certificate by giving ESG-compliant developers tax credits for implementing EPC recommendations.,3,MP-PN-2026-AMB-47,pn,2026,Introduce benchmarking and performance standards for local council services.,0.22,weak,0.12,shared: performance; same party; other topic,
MP-VOLT-2022-DEV-01,volt,2022,"Require insulated walls and windows in new developments, fining developers who omit insulation the equivalent of the cost of insulating the property.",1,MP-PN-2026-ENI-08,pn,2026,"Reach 30% of electricity generated from renewable sources by 2030, partly to offset the roughly €30 million yearly cost of the bill-reduction package.",0.15,weak,0.11,shared: cost; other party; same topic (Climate & Energy),
MP-VOLT-2022-DEV-01,volt,2022,"Require insulated walls and windows in new developments, fining developers who omit insulation the equivalent of the cost of insulating the property.",2,MP-MOMENTUM-2026-83,momentum,2026,Require a national planning strategy so that new developments fit a long-term plan before approval.,0.14,weak,0.14,"shared: require, development, heading: construction; other party; other topic",
MP-VOLT-2022-DEV-01,volt,2022,"Require insulated walls and windows in new developments, fining developers who omit insulation the equivalent of the cost of insulating the property.",3,MP-AHWA-2026-194,ahwa,2026,"Stop construction sites that breach health and safety rules or cause excessive nuisance, fining owners €1,000 a day until compliant, and require bank guarantees to cover damage to neighbours.",0.14,weak,0.14,"shared: fining, require; other party; other topic",
MP-VOLT-2022-DEV-02,volt,2022,Give insulation grants to eligible households wishing to insulate homes built in 2021 or earlier.,1,MP-PN-2026-ENI-09,pn,2026,Introduce a grant for households to upgrade older solar PV systems without removing the whole installation.,0.24,weak,0.20,"shared: grant, household; other party; same topic (Climate & Energy)",
MP-VOLT-2022-DEV-02,volt,2022,Give insulation grants to eligible households wishing to insulate homes built in 2021 or earlier.,2,MP-PL-2026-16-31,pl,2026,Continue grants for home and business batteries; project for Enemalta to buy energy stored in private batteries.,0.22,weak,0.18,"shared: grant, home; other party; same topic (Climate & Energy)",
MP-VOLT-2022-DEV-02,volt,2022,Give insulation grants to eligible households wishing to insulate homes built in 2021 or earlier.,3,MP-MOMENTUM-2026-77,momentum,2026,Ban retrospective sanctioning of illegal ODZ structures built after 2008 that cannot be approved as minor amendments.,0.20,weak,0.20,"shared: built, heading: construction; other party; other topic",
MP-VOLT-2022-DEV-03,volt,2022,Give insulation grants to developers who choose to refurbish a property.,1,MP-AHWA-2026-195,ahwa,2026,"Make contractors or developers face mandatory prison sentences, not just fines, when negligence causes a building collapse or injury.",0.23,weak,0.15,shared: developer; other party; same subtopic (Development & construction),
MP-VOLT-2022-DEV-03,volt,2022,Give insulation grants to developers who choose to refurbish a property.,2,MP-PL-2026-14-37,pl,2026,Issue another Community Greening Grant call in the next legislature for localities not yet funded; the 2023 grant allocated €10 million.,0.20,weak,0.20,shared: grant; other party; other topic,
MP-VOLT-2022-DEV-03,volt,2022,Give insulation grants to developers who choose to refurbish a property.,3,MP-PN-2026-ENI-25,pn,2026,"Create a tax credit for landlords who make sustainability upgrades to rented property, tied to minimum efficiency standards and registered leases.",0.16,weak,0.12,shared: property; other party; same topic (Planning & Housing),
MP-VOLT-2022-DEV-04,volt,2022,"Revise the 2006 Local Plans with stakeholders, including civil society and locality representatives, to align them with EU environmental objectives.",1,MP-ADPD-2026-BOARD-02,adpd,2026,"Laws should give civil society proper representation on these boards, chosen by civil society itself rather than vetted by the minister.",0.35,weak,0.35,"shared: society, civil, civil society; other party; other topic",
MP-VOLT-2022-DEV-04,volt,2022,"Revise the 2006 Local Plans with stakeholders, including civil society and locality representatives, to align them with EU environmental objectives.",2,MP-ADPD-2026-LP-01,adpd,2026,Correct the errors in local plans without further delay and avoid repeating them.,0.29,weak,0.21,"shared: local, localplan (concept); other party; same subtopic (Development & construction)",
MP-VOLT-2022-DEV-04,volt,2022,"Revise the 2006 Local Plans with stakeholders, including civil society and locality representatives, to align them with EU environmental objectives.",3,MP-ADPD-2026-ENV-04,adpd,2026,Revise local plans completely and cancel for good the rationalisation plan that made much ODZ land developable.,0.27,weak,0.27,"shared: revise, local, revise local, localplan (concept); other party; other topic",
MP-VOLT-2022-DEV-05,volt,2022,"Set and enforce strict rules for new developments, including locality design styles, stricter and lower height limits, stronger village-core protection and penalties for unreasonable demolition.",1,MP-MOMENTUM-2026-81,momentum,2026,"Limit construction, excavation and demolition work to 8am–5pm, Monday to Saturday, to protect workers and residents.",0.25,weak,0.17,"shared: demolition, limit, heading: construction; other party; same subtopic (Development & construction)",
MP-VOLT-2022-DEV-05,volt,2022,"Set and enforce strict rules for new developments, including locality design styles, stricter and lower height limits, stronger village-core protection and penalties for unreasonable demolition.",2,MP-MOMENTUM-2026-90,momentum,2026,Issue guidelines encouraging adaptive reuse of existing buildings instead of demolition.,0.17,weak,0.09,"shared: demolition, heading: construction; other party; same subtopic (Development & construction)",
MP-VOLT-2022-DEV-05,volt,2022,"Set and enforce strict rules for new developments, including locality design styles, stricter and lower height limits, stronger village-core protection and penalties for unreasonable demolition.",3,MP-MOMENTUM-2026-76,momentum,2026,"Introduce binding rules for demolishing illegal developments at the offender's expense, with time limits on enforcement appeals and a single enforcement entity.",0.17,weak,0.13,"shared: limit, rule, development, heading: construction; other party; same topic (Planning & Housing)",
MP-VOLT-2022-DEV-06,volt,2022,"Add safeguards against expropriation: at least two months' notice (four for farmland), works halted during appeals, and fair compensation paid in advance.",1,MP-PN-2026-AMB-12,pn,2026,"Halt works on a permit once it is appealed until the final decision, and decide planning appeals within six months.",0.21,weak,0.17,shared: appeal; other party; same topic (Planning & Housing),
MP-VOLT-2022-DEV-06,volt,2022,"Add safeguards against expropriation: at least two months' notice (four for farmland), works halted during appeals, and fair compensation paid in advance.",2,MP-MOMENTUM-2026-75,momentum,2026,"Suspend works under a development permit while an appeal is pending before the planning tribunal or courts, with time limits for deciding appeals.",0.20,weak,0.16,"shared: appeal, heading: construction; other party; same topic (Planning & Housing)",
MP-VOLT-2022-DEV-06,volt,2022,"Add safeguards against expropriation: at least two months' notice (four for farmland), works halted during appeals, and fair compensation paid in advance.",3,MP-AHWA-2026-197,ahwa,2026,"Allow a buyer to bid for a whole old block of flats for restoration or rebuilding if 90% of owners agree, with no owner paid below market value.",0.16,weak,0.08,shared: paid; other party; same subtopic (Development & construction),
MP-VOLT-2022-DEV-07,volt,2022,"Keep ODZ land as ODZ; developers breaching it are barred from new projects for one year, and repeat offenders are excluded from public procurement for ten years.",1,MP-MOMENTUM-2026-78,momentum,2026,"Return land removed from ODZ in the 2006 rationalisation, and not yet legally committed to development, to ODZ status.",0.42,possible,0.34,"shared: odz, land, odz (concept), heading: construction; other party; same subtopic (Land take & agriculture)",
MP-VOLT-2022-DEV-07,volt,2022,"Keep ODZ land as ODZ; developers breaching it are barred from new projects for one year, and repeat offenders are excluded from public procurement for ten years.",2,MP-AHWA-2026-192,ahwa,2026,Seek constitutional protection for land outside development zones (ODZ).,0.39,possible,0.31,"shared: odz, land, odz (concept); other party; same subtopic (Land take & agriculture)",
MP-VOLT-2022-DEV-07,volt,2022,"Keep ODZ land as ODZ; developers breaching it are barred from new projects for one year, and repeat offenders are excluded from public procurement for ten years.",3,MP-ADPD-2026-ENV-04,adpd,2026,Revise local plans completely and cancel for good the rationalisation plan that made much ODZ land developable.,0.36,possible,0.28,"shared: odz, land, odz land, odz (concept); other party; same subtopic (Land take & agriculture)",
MP-VOLT-2022-EN-01,volt,2022,"Research wave-energy generation in Malta, covering the most effective sustainable method, potential output and best locations.",1,MP-MOMENTUM-2026-102,momentum,2026,"Invest in research on solar, wind, wave, hydrogen and geothermal energy.",0.35,possible,0.27,"shared: wave, research, energy; other party; same subtopic (Renewables)",
MP-VOLT-2022-EN-01,volt,2022,"Research wave-energy generation in Malta, covering the most effective sustainable method, potential output and best locations.",2,MP-ADPD-2026-11,adpd,2026,Sustain and strengthen research already under way on wave energy and floating offshore PV panels.,0.31,weak,0.23,"shared: wave, research, wave energy, energy; other party; same subtopic (Renewables)",
MP-VOLT-2022-EN-01,volt,2022,"Research wave-energy generation in Malta, covering the most effective sustainable method, potential output and best locations.",3,MP-PL-2026-16-32,pl,2026,"Irrinova Darek, piloted in 2022 and covering over 500 properties, to be renewed every year in the next legislature.",0.24,weak,0.20,shared: covering; other party; same topic (Climate & Energy),
MP-VOLT-2022-EN-02,volt,2022,Establish a wave farm in both Malta and Gozo based on the research results.,1,MP-MOMENTUM-2026-102,momentum,2026,"Invest in research on solar, wind, wave, hydrogen and geothermal energy.",0.38,possible,0.30,"shared: wave, research; other party; same subtopic (Renewables)",
MP-VOLT-2022-EN-02,volt,2022,Establish a wave farm in both Malta and Gozo based on the research results.,2,MP-ADPD-2026-11,adpd,2026,Sustain and strengthen research already under way on wave energy and floating offshore PV panels.,0.29,weak,0.21,"shared: wave, research; other party; same subtopic (Renewables)",
MP-VOLT-2022-EN-02,volt,2022,Establish a wave farm in both Malta and Gozo based on the research results.,3,MP-MOMENTUM-2026-94,momentum,2026,Speed up the process for setting up offshore wind farms and solar farms.,0.23,weak,0.15,shared: farm; other party; same subtopic (Renewables),
MP-VOLT-2022-EN-03,volt,2022,"Work to cancel the Electrogas deal and consider nationalising its assets, publishing contracts, then study a renewable, mainly green-hydrogen, solution for the plant.",1,MP-PN-2026-ENI-21,pn,2026,Study and plan a hydrogen-ready pipeline compatible with future European networks.,0.24,weak,0.20,"shared: study, hydrogen, gas (concept), hydrogen (concept); other party; same topic (Climate & Energy)",
MP-VOLT-2022-EN-03,volt,2022,"Work to cancel the Electrogas deal and consider nationalising its assets, publishing contracts, then study a renewable, mainly green-hydrogen, solution for the plant.",2,MP-MOMENTUM-2026-102,momentum,2026,"Invest in research on solar, wind, wave, hydrogen and geothermal energy.",0.20,weak,0.12,"shared: hydrogen, hydrogen (concept); other party; same subtopic (Renewables)",
MP-VOLT-2022-EN-03,volt,2022,"Work to cancel the Electrogas deal and consider nationalising its assets, publishing contracts, then study a renewable, mainly green-hydrogen, solution for the plant.",3,MP-ADPD-2026-1,adpd,2026,"Use every public, commercial and industrial building for solar generation, and consider wind where space permits.",0.19,weak,0.11,shared: consider; other party; same subtopic (Renewables),
MP-VOLT-2022-EN-04,volt,2022,"Research transparently whether a green hydrogen power station is viable in Malta, with a partial IPO if one is built.",1,MP-MOMENTUM-2026-102,momentum,2026,"Invest in research on solar, wind, wave, hydrogen and geothermal energy.",0.31,weak,0.23,"shared: hydrogen, research, hydrogen (concept); other party; same subtopic (Renewables)",
MP-VOLT-2022-EN-04,volt,2022,"Research transparently whether a green hydrogen power station is viable in Malta, with a partial IPO if one is built.",2,MP-PN-2026-AMB-51,pn,2026,"Strengthen the independent Commissioner for Animal Welfare, appointed transparently on professional merit, with supervisory and monitoring powers.",0.24,weak,0.24,"shared: transparently, power; other party; other topic",
MP-VOLT-2022-EN-04,volt,2022,"Research transparently whether a green hydrogen power station is viable in Malta, with a partial IPO if one is built.",3,MP-MOMENTUM-2026-86,momentum,2026,Oppose using open public land in Pembroke for a football campus and propose the disused Marsa power station site instead.,0.20,weak,0.20,"shared: station, power, power station; other party; other topic",
MP-VOLT-2022-EN-05,volt,2022,"Require any new Sicily–Malta gas pipeline to carry renewably produced gas, and any hydrogen pipeline to be green-hydrogen based.",1,MP-PL-2026-16-7,pl,2026,"Hydrogen-ready gas pipeline studies are complete; will keep seeking EU funds for the project, linked to 2050 decarbonisation goals.",0.50,possible,0.46,"shared: pipeline, gas, hydrogen, gas pipeline, gas (concept); other party; same topic (Climate & Energy)",
MP-VOLT-2022-EN-05,volt,2022,"Require any new Sicily–Malta gas pipeline to carry renewably produced gas, and any hydrogen pipeline to be green-hydrogen based.",2,MP-PN-2026-ENI-21,pn,2026,Study and plan a hydrogen-ready pipeline compatible with future European networks.,0.38,possible,0.34,"shared: pipeline, hydrogen, gas (concept), hydrogen (concept); other party; same topic (Climate & Energy)",
MP-VOLT-2022-EN-05,volt,2022,"Require any new Sicily–Malta gas pipeline to carry renewably produced gas, and any hydrogen pipeline to be green-hydrogen based.",3,MP-ADPD-2026-EN-04,adpd,2026,Government should insist at EU level that the price of renewable electricity is decoupled from the gas price.,0.28,weak,0.20,"shared: gas, gas (concept); other party; same subtopic (Renewables)",
MP-VOLT-2022-EN-06,volt,2022,"Work to make electricity from the first and planned second interconnector increasingly green, and publish data on its composition.",1,MP-PL-2026-16-3,pl,2026,"Work on the second Malta–Sicily interconnector to be completed soon, said to double interconnection capacity with Europe and cut emissions.",0.31,weak,0.23,"shared: second, interconnector, interconnector (concept); other party; same subtopic (Electricity & grid)",
MP-VOLT-2022-EN-06,volt,2022,"Work to make electricity from the first and planned second interconnector increasingly green, and publish data on its composition.",2,MP-PN-2026-ENI-20,pn,2026,"Begin strategic planning for a third and fourth interconnector landing in different areas, including possibly to North Africa.",0.19,weak,0.11,"shared: interconnector, interconnector (concept); other party; same subtopic (Electricity & grid)",
MP-VOLT-2022-EN-06,volt,2022,"Work to make electricity from the first and planned second interconnector increasingly green, and publish data on its composition.",3,MP-PL-2026-16-4,pl,2026,"Continue work towards a third electricity connection with mainland Europe by 2035, also allowing Malta to export electricity.",0.18,weak,0.10,"shared: electricity, interconnector (concept); other party; same subtopic (Electricity & grid)",
MP-ADPD-2026-1,adpd,2026,"Use every public, commercial and industrial building for solar generation, and consider wind where space permits.",1,MP-ADPD-2022-1,adpd,2022,"Use every public building, factory and commercial building to generate solar energy.",0.57,strong,0.39,"shared: commercial, building, every, solar, use; same party; same subtopic (Renewables)",
MP-ADPD-2026-1,adpd,2026,"Use every public, commercial and industrial building for solar generation, and consider wind where space permits.",2,MP-ADPD-2022-11,adpd,2022,"Require, with immediate effect, every new building to have a solar water heater.",0.41,possible,0.23,"shared: every, solar, building solar, building, solar (concept); same party; same subtopic (Renewables)",
MP-ADPD-2026-1,adpd,2026,"Use every public, commercial and industrial building for solar generation, and consider wind where space permits.",3,MP-ADPD-2022-2,adpd,2022,Install micro wind turbines in industrial zones.,0.40,possible,0.22,"shared: industrial, wind, wind (concept); same party; same subtopic (Renewables)",
MP-ADPD-2026-10,adpd,2026,Create schemes and a legal framework so that apartment owners can jointly own PV panels on their block's roof.,1,MP-ADPD-2022-5,adpd,2022,Create schemes and a legal framework so that apartment owners can jointly own PV panels on their block's roof.,1.16,strong,0.98,"shared: jointly, block, apartment, legal, framework; same party; same subtopic (Renewables)",
MP-ADPD-2026-10,adpd,2026,Create schemes and a legal framework so that apartment owners can jointly own PV panels on their block's roof.,2,MP-ADPD-2022-8,adpd,2022,Sustain and strengthen research already under way on wave energy and floating offshore PV panels.,0.25,weak,0.07,"shared: panel, solar (concept); same party; same subtopic (Renewables)",
MP-ADPD-2026-10,adpd,2026,Create schemes and a legal framework so that apartment owners can jointly own PV panels on their block's roof.,3,MP-ADPD-2022-7,adpd,2022,"Solar farms must not be used as an excuse to destroy more farmland, even land not being cultivated.",0.19,weak,0.01,shared: solar (concept); same party; same subtopic (Renewables),
MP-ADPD-2026-11,adpd,2026,Sustain and strengthen research already under way on wave energy and floating offshore PV panels.,1,MP-ADPD-2022-8,adpd,2022,Sustain and strengthen research already under way on wave energy and floating offshore PV panels.,1.16,strong,0.98,"shared: sustain, way, wave, floating, offshore; same party; same subtopic (Renewables)",
MP-ADPD-2026-11,adpd,2026,Sustain and strengthen research already under way on wave energy and floating offshore PV panels.,2,MP-ADPD-2022-9,adpd,2022,"Make long-term investment in offshore wind energy, presented as necessary for the 2050 zero-carbon goal.",0.27,weak,0.09,"shared: offshore, energy, offshore (concept); same party; same subtopic (Renewables)",
MP-ADPD-2026-11,adpd,2026,Sustain and strengthen research already under way on wave energy and floating offshore PV panels.,3,MP-ADPD-2022-5,adpd,2022,Create schemes and a legal framework so that apartment owners can jointly own PV panels on their block's roof.,0.25,weak,0.07,"shared: panel, solar (concept); same party; same subtopic (Renewables)",
MP-ADPD-2026-11,adpd,2026,Sustain and strengthen research already under way on wave energy and floating offshore PV panels.,x,MP-PL-2022-397,pl,2022,"Work with the private sector for investment in offshore renewable energy, including floating wind and solar technologies.",0.37,possible,0.29,"shared: floating, offshore, energy floating, energy, offshore (concept); other party; same subtopic (Renewables)",
MP-ADPD-2026-12,adpd,2026,"Make long-term investment in offshore wind energy, presented as necessary for the 2050 zero-carbon goal.",1,MP-ADPD-2022-9,adpd,2022,"Make long-term investment in offshore wind energy, presented as necessary for the 2050 zero-carbon goal.",1.21,strong,0.99,"shared: zero, carbon, presented, necessary, goal; same figures: 2050; same party; same subtopic (Renewables)",
MP-ADPD-2026-12,adpd,2026,"Make long-term investment in offshore wind energy, presented as necessary for the 2050 zero-carbon goal.",2,MP-ADPD-2022-CLIM-01,adpd,2022,"Cut emissions drastically, by well over half, by 2030, so that Malta becomes a zero-carbon society by 2050 or sooner.",0.55,strong,0.37,"shared: zero, carbon, zero carbon, neutral (concept); same figures: 2050; same party; same topic (Climate & Energy)",
MP-ADPD-2026-12,adpd,2026,"Make long-term investment in offshore wind energy, presented as necessary for the 2050 zero-carbon goal.",3,MP-ADPD-2022-15,adpd,2022,"Oblige every large company, including banks, insurers and financial-services firms, to show how they will become zero-carbon before 2050.",0.48,possible,0.30,"shared: zero, carbon, zero carbon, neutral (concept); same figures: 2050; same party; same topic (Climate & Energy)",
MP-ADPD-2026-13,adpd,2026,"Set feed-in tariffs, subsidies and incentives for renewables over a long horizon, for example 20 years.",1,MP-ADPD-2022-10,adpd,2022,"Set feed-in tariffs, subsidies and incentives for renewables over a long horizon, for example 20 years, to give investment certainty.",1.16,strong,0.98,"shared: example, subsidie, horizon, feed, tariff; same party; same subtopic (Renewables)",
MP-ADPD-2026-13,adpd,2026,"Set feed-in tariffs, subsidies and incentives for renewables over a long horizon, for example 20 years.",2,MP-ADPD-2022-13,adpd,2022,Government to buy renewable electricity via the interconnector and agree renewable-energy cooperation with Sicily.,0.25,weak,0.07,shared: renewable; same party; same subtopic (Renewables),
MP-ADPD-2026-13,adpd,2026,"Set feed-in tariffs, subsidies and incentives for renewables over a long horizon, for example 20 years.",3,MP-ADPD-2022-9,adpd,2022,"Make long-term investment in offshore wind energy, presented as necessary for the 2050 zero-carbon goal.",0.24,weak,0.06,shared: long; same party; same subtopic (Renewables),
MP-ADPD-2026-14,adpd,2026,"Oblige every large company, including banks, insurers and financial-services firms, to show how they will become zero-carbon before 2050.",1,MP-ADPD-2022-15,adpd,2022,"Oblige every large company, including banks, insurers and financial-services firms, to show how they will become zero-carbon before 2050.",1.21,strong,0.99,"shared: zero, carbon, insurer, firm, show; same figures: 2050; same party; same subtopic (Emissions & targets)",
MP-ADPD-2026-14,adpd,2026,"Oblige every large company, including banks, insurers and financial-services firms, to show how they will become zero-carbon before 2050.",2,MP-ADPD-2022-CLIM-01,adpd,2022,"Cut emissions drastically, by well over half, by 2030, so that Malta becomes a zero-carbon society by 2050 or sooner.",0.55,strong,0.33,"shared: zero, carbon, zero carbon, neutral (concept); same figures: 2050; same party; same subtopic (Emissions & targets)",
MP-ADPD-2026-14,adpd,2026,"Oblige every large company, including banks, insurers and financial-services firms, to show how they will become zero-carbon before 2050.",3,MP-ADPD-2022-9,adpd,2022,"Make long-term investment in offshore wind energy, presented as necessary for the 2050 zero-carbon goal.",0.48,possible,0.30,"shared: zero, carbon, zero carbon, neutral (concept); same figures: 2050; same party; same topic (Climate & Energy)",
MP-ADPD-2026-15,adpd,2026,"Tie all aid to companies, immediately, to energy-efficient operation, use of renewables and projects generating the clean energy they need.",1,MP-ADPD-2022-16,adpd,2022,"Tie all state aid to companies, immediately, to climate-friendly changes in operations, fewer redundancies, equal pay and retraining for a green, circular economy.",0.63,strong,0.53,"shared: immediately, operation, companie, tie, aid; same party; other topic",
MP-ADPD-2026-15,adpd,2026,"Tie all aid to companies, immediately, to energy-efficient operation, use of renewables and projects generating the clean energy they need.",2,MP-ADPD-2022-11,adpd,2022,"Require, with immediate effect, every new building to have a solar water heater.",0.36,possible,0.18,shared: immediately; same party; same subtopic (Renewables),
MP-ADPD-2026-15,adpd,2026,"Tie all aid to companies, immediately, to energy-efficient operation, use of renewables and projects generating the clean energy they need.",3,MP-ADPD-2022-3,adpd,2022,Require every new building to be carbon neutral and generate all the energy it needs.,0.31,weak,0.17,"shared: need, energy, energy need; same party; same topic (Climate & Energy)",
MP-ADPD-2026-16,adpd,2026,Support community projects that let residents produce and share renewable energy.,1,MP-ADPD-2022-13,adpd,2022,Government to buy renewable electricity via the interconnector and agree renewable-energy cooperation with Sicily.,0.32,weak,0.14,"shared: renewable, energy, renewable energy; same party; same subtopic (Renewables)",
MP-ADPD-2026-16,adpd,2026,Support community projects that let residents produce and share renewable energy.,2,MP-ADPD-2022-10,adpd,2022,"Set feed-in tariffs, subsidies and incentives for renewables over a long horizon, for example 20 years, to give investment certainty.",0.23,weak,0.05,shared: renewable; same party; same subtopic (Renewables),
MP-ADPD-2026-16,adpd,2026,Support community projects that let residents produce and share renewable energy.,3,MP-ADPD-2022-1,adpd,2022,"Use every public building, factory and commercial building to generate solar energy.",0.22,weak,0.04,shared: energy; same party; same subtopic (Renewables),
MP-ADPD-2026-17,adpd,2026,"Malta should generate 50% of its energy from renewable sources by 2030, replacing the current 25% target.",1,MP-ADPD-2022-13,adpd,2022,Government to buy renewable electricity via the interconnector and agree renewable-energy cooperation with Sicily.,0.32,weak,0.14,"shared: renewable, energy; same party; same subtopic (Renewables)",
MP-ADPD-2026-17,adpd,2026,"Malta should generate 50% of its energy from renewable sources by 2030, replacing the current 25% target.",2,MP-ADPD-2022-CLIM-02,adpd,2022,Malta's climate-change targets should no longer be set at the minimum possible.,0.31,weak,0.17,shared: target; same party; same topic (Climate & Energy),
MP-ADPD-2026-17,adpd,2026,"Malta should generate 50% of its energy from renewable sources by 2030, replacing the current 25% target.",3,MP-ADPD-2022-1,adpd,2022,"Use every public building, factory and commercial building to generate solar energy.",0.30,weak,0.12,"shared: generate, energy; same party; same subtopic (Renewables)",
MP-ADPD-2026-2,adpd,2026,"Renewable energy systems, large or small, should include battery storage where possible.",1,MP-ADPD-2022-13,adpd,2022,Government to buy renewable electricity via the interconnector and agree renewable-energy cooperation with Sicily.,0.31,weak,0.13,"shared: renewable, energy, renewable energy; same party; same subtopic (Renewables)",
MP-ADPD-2026-2,adpd,2026,"Renewable energy systems, large or small, should include battery storage where possible.",2,MP-ADPD-2022-12,adpd,2022,"Extract as much methane as possible from organic waste, including farm manure, and use it to generate electricity.",0.29,weak,0.11,shared: possible; same party; same subtopic (Renewables),
MP-ADPD-2026-2,adpd,2026,"Renewable energy systems, large or small, should include battery storage where possible.",3,MP-ADPD-2022-14,adpd,2022,Set up an enforced national system to collect waste vegetable oil and turn it into biodiesel for power stations.,0.27,weak,0.09,shared: system; same party; same subtopic (Renewables),
MP-ADPD-2026-2,adpd,2026,"Renewable energy systems, large or small, should include battery storage where possible.",x,MP-PL-2022-398,pl,2022,Invest in large-scale land-based battery storage and upgrade the electricity grid to accommodate large offshore renewable generation.,0.42,possible,0.38,"shared: large, battery, storage, renewable, battery storage; other party; same topic (Climate & Energy)",
MP-ADPD-2026-3,adpd,2026,Introduce time-of-day electricity tariffs to balance energy use.,1,MP-ADPD-2022-12,adpd,2022,"Extract as much methane as possible from organic waste, including farm manure, and use it to generate electricity.",0.30,weak,0.16,"shared: electricity, use; same party; same topic (Climate & Energy)",
MP-ADPD-2026-3,adpd,2026,Introduce time-of-day electricity tariffs to balance energy use.,2,MP-ADPD-2022-10,adpd,2022,"Set feed-in tariffs, subsidies and incentives for renewables over a long horizon, for example 20 years, to give investment certainty.",0.28,weak,0.14,"shared: tariff, bills (concept); same party; same topic (Climate & Energy)",
MP-ADPD-2026-3,adpd,2026,Introduce time-of-day electricity tariffs to balance energy use.,3,MP-ADPD-2022-13,adpd,2022,Government to buy renewable electricity via the interconnector and agree renewable-energy cooperation with Sicily.,0.24,weak,0.10,"shared: electricity, energy; same party; same topic (Climate & Energy)",
MP-ADPD-2026-4,adpd,2026,Accelerate strengthening of the electricity grid to cope with intermittent renewable sources.,1,MP-ADPD-2022-13,adpd,2022,Government to buy renewable electricity via the interconnector and agree renewable-energy cooperation with Sicily.,0.30,weak,0.16,"shared: renewable, electricity; same party; same topic (Climate & Energy)",
MP-ADPD-2026-4,adpd,2026,Accelerate strengthening of the electricity grid to cope with intermittent renewable sources.,2,MP-ADPD-2022-12,adpd,2022,"Extract as much methane as possible from organic waste, including farm manure, and use it to generate electricity.",0.23,weak,0.09,shared: electricity; same party; same topic (Climate & Energy),
MP-ADPD-2026-4,adpd,2026,Accelerate strengthening of the electricity grid to cope with intermittent renewable sources.,3,MP-ADPD-2022-10,adpd,2022,"Set feed-in tariffs, subsidies and incentives for renewables over a long horizon, for example 20 years, to give investment certainty.",0.19,weak,0.05,shared: renewable; same party; same topic (Climate & Energy),
MP-ADPD-2026-5,adpd,2026,Install micro wind turbines in industrial zones.,1,MP-ADPD-2022-2,adpd,2022,Install micro wind turbines in industrial zones.,1.15,strong,0.97,"shared: turbine, micro, industrial, install, wind; same party; same subtopic (Renewables)",
MP-ADPD-2026-5,adpd,2026,Install micro wind turbines in industrial zones.,2,MP-ADPD-2022-6,adpd,2022,"Allow quarries as solar farms only under strict rules: structures prefabricated or fully reversible, no concreting of land, no warehouses or industrial buildings.",0.28,weak,0.10,shared: industrial; same party; same subtopic (Renewables),
MP-ADPD-2026-5,adpd,2026,Install micro wind turbines in industrial zones.,3,MP-ADPD-2022-9,adpd,2022,"Make long-term investment in offshore wind energy, presented as necessary for the 2050 zero-carbon goal.",0.26,weak,0.08,"shared: wind, wind (concept); same party; same subtopic (Renewables)",
MP-ADPD-2026-6,adpd,2026,Carry out studies on how agriculture and electricity generation can work together locally.,1,MP-ADPD-2022-SD-01,adpd,2022,Give the Guardian of Future Generations the capacity to scrutinise the government's work.,0.24,weak,0.14,shared: generation; same party; other topic,
MP-ADPD-2026-6,adpd,2026,Carry out studies on how agriculture and electricity generation can work together locally.,2,MP-ADPD-2022-12,adpd,2022,"Extract as much methane as possible from organic waste, including farm manure, and use it to generate electricity.",0.24,weak,0.10,shared: electricity; same party; same topic (Climate & Energy),
MP-ADPD-2026-6,adpd,2026,Carry out studies on how agriculture and electricity generation can work together locally.,3,MP-ADPD-2022-WATER-04,adpd,2022,"Pay more attention to using treated sewage effluent, particularly in agriculture.",0.23,weak,0.13,shared: agriculture; same party; other topic,
MP-ADPD-2026-7,adpd,2026,"Use rehabilitated quarries more for solar farms, crops and woodland, under strict rules ensuring reversible structures and no other uses.",1,MP-ADPD-2022-6,adpd,2022,"Allow quarries as solar farms only under strict rules: structures prefabricated or fully reversible, no concreting of land, no warehouses or industrial buildings.",0.79,strong,0.61,"shared: reversible, quarrie, structure, strict, rule; same party; same subtopic (Renewables)",
MP-ADPD-2026-7,adpd,2026,"Use rehabilitated quarries more for solar farms, crops and woodland, under strict rules ensuring reversible structures and no other uses.",2,MP-ADPD-2022-7,adpd,2022,"Solar farms must not be used as an excuse to destroy more farmland, even land not being cultivated.",0.37,possible,0.19,"shared: farm, solar, solar farm, solar (concept); same party; same subtopic (Renewables)",
MP-ADPD-2026-7,adpd,2026,"Use rehabilitated quarries more for solar farms, crops and woodland, under strict rules ensuring reversible structures and no other uses.",3,MP-ADPD-2022-12,adpd,2022,"Extract as much methane as possible from organic waste, including farm manure, and use it to generate electricity.",0.31,weak,0.13,"shared: farm, use; same party; same subtopic (Renewables)",
MP-ADPD-2026-8,adpd,2026,Require every new building to be carbon neutral and generate all the energy it needs.,1,MP-ADPD-2022-3,adpd,2022,Require every new building to be carbon neutral and generate all the energy it needs.,1.15,strong,0.97,"shared: need, neutral, generate, carbon, require; same party; same subtopic (Emissions & targets)",
MP-ADPD-2026-8,adpd,2026,Require every new building to be carbon neutral and generate all the energy it needs.,2,MP-ADPD-2022-1,adpd,2022,"Use every public building, factory and commercial building to generate solar energy.",0.47,possible,0.33,"shared: generate, building, every, every building, energy; same party; same topic (Climate & Energy)",
MP-ADPD-2026-8,adpd,2026,Require every new building to be carbon neutral and generate all the energy it needs.,3,MP-ADPD-2022-11,adpd,2022,"Require, with immediate effect, every new building to have a solar water heater.",0.38,possible,0.24,"shared: require, every, building, every building; same party; same topic (Climate & Energy)",
MP-ADPD-2026-9,adpd,2026,Impose a moratorium on increases in building heights so that the use of rooftop PV panels is not affected.,1,MP-ADPD-2022-4,adpd,2022,Impose a moratorium on increases in building heights so that the use of rooftop PV panels is not affected.,1.08,strong,0.98,"shared: moratorium, height, rooftop, impose, affected; same party; other topic",
MP-ADPD-2026-9,adpd,2026,Impose a moratorium on increases in building heights so that the use of rooftop PV panels is not affected.,2,MP-ADPD-2022-1,adpd,2022,"Use every public building, factory and commercial building to generate solar energy.",0.30,weak,0.12,"shared: building, use, solar (concept); same party; same subtopic (Renewables)",
MP-ADPD-2026-9,adpd,2026,Impose a moratorium on increases in building heights so that the use of rooftop PV panels is not affected.,3,MP-ADPD-2022-8,adpd,2022,Sustain and strengthen research already under way on wave energy and floating offshore PV panels.,0.25,weak,0.07,"shared: panel, solar (concept); same party; same subtopic (Renewables)",
MP-ADPD-2026-ACC-01,adpd,2026,Publish a definitive map of all public footpaths.,1,MP-ADPD-2022-ACC-01,adpd,2022,Publish a definitive map of all public footpaths.,1.18,strong,1.00,"shared: definitive, map, publish, footpath, publish definitive; same party; same subtopic (Open spaces & parks)",
MP-ADPD-2026-ACC-01,adpd,2026,Publish a definitive map of all public footpaths.,2,MP-ADPD-2022-ACC-02,adpd,2022,Ensure that all traditional footpaths are open and accessible to everyone.,0.44,possible,0.26,"shared: footpath, heading: dritt, heading: access, heading: kampanja, trail (concept); same party; same subtopic (Open spaces & parks)",
MP-ADPD-2026-ACC-01,adpd,2026,Publish a definitive map of all public footpaths.,3,MP-ADPD-2022-ACC-03,adpd,2022,No footpath should be blocked by a gate unless there is proof the land is private.,0.39,possible,0.21,"shared: footpath, heading: dritt, heading: access, heading: kampanja, trail (concept); same party; same subtopic (Open spaces & parks)",
MP-ADPD-2026-ACC-02,adpd,2026,Ensure that all traditional footpaths are open and accessible to everyone.,1,MP-ADPD-2022-ACC-02,adpd,2022,Ensure that all traditional footpaths are open and accessible to everyone.,1.18,strong,1.00,"shared: everyone, traditional, footpath, accessible, traditional footpath; same party; same subtopic (Open spaces & parks)",
MP-ADPD-2026-ACC-02,adpd,2026,Ensure that all traditional footpaths are open and accessible to everyone.,2,MP-ADPD-2022-ACC-01,adpd,2022,Publish a definitive map of all public footpaths.,0.44,possible,0.26,"shared: footpath, heading: dritt, heading: access, heading: kampanja, trail (concept); same party; same subtopic (Open spaces & parks)",
MP-ADPD-2026-ACC-02,adpd,2026,Ensure that all traditional footpaths are open and accessible to everyone.,3,MP-ADPD-2022-ACC-04,adpd,2022,Footpaths on public land leased to farmers should remain open to the public.,0.43,possible,0.29,"shared: footpath, open, heading: dritt, heading: access, heading: kampanja; same party; same topic (Land & Trees)",
MP-ADPD-2026-ACC-03,adpd,2026,No footpath should be blocked by a gate or otherwise unless there is proof the land is private.,1,MP-ADPD-2022-ACC-03,adpd,2022,No footpath should be blocked by a gate unless there is proof the land is private.,1.18,strong,1.00,"shared: proof, gate, unless, blocked, footpath; same party; same subtopic (Open spaces & parks)",
MP-ADPD-2026-ACC-03,adpd,2026,No footpath should be blocked by a gate or otherwise unless there is proof the land is private.,2,MP-ADPD-2022-ACC-01,adpd,2022,Publish a definitive map of all public footpaths.,0.39,possible,0.21,"shared: footpath, heading: dritt, heading: access, heading: kampanja, trail (concept); same party; same subtopic (Open spaces & parks)",
MP-ADPD-2026-ACC-03,adpd,2026,No footpath should be blocked by a gate or otherwise unless there is proof the land is private.,3,MP-ADPD-2022-ACC-02,adpd,2022,Ensure that all traditional footpaths are open and accessible to everyone.,0.39,possible,0.21,"shared: footpath, heading: dritt, heading: access, heading: kampanja, trail (concept); same party; same subtopic (Open spaces & parks)",
MP-ADPD-2026-ACC-04,adpd,2026,Footpaths on public land leased to farmers should remain open and accessible to the public.,1,MP-ADPD-2022-ACC-04,adpd,2022,Footpaths on public land leased to farmers should remain open to the public.,1.11,strong,0.93,"shared: leased, remain, footpath, farmer, land; same party; same subtopic (Land take & agriculture)",
MP-ADPD-2026-ACC-04,adpd,2026,Footpaths on public land leased to farmers should remain open and accessible to the public.,2,MP-ADPD-2022-ACC-02,adpd,2022,Ensure that all traditional footpaths are open and accessible to everyone.,0.56,strong,0.42,"shared: footpath, accessible, open, open accessible, heading: dritt; same party; same topic (Land & Trees)",
MP-ADPD-2026-ACC-04,adpd,2026,Footpaths on public land leased to farmers should remain open and accessible to the public.,3,MP-ADPD-2022-ACC-01,adpd,2022,Publish a definitive map of all public footpaths.,0.36,possible,0.22,"shared: footpath, heading: dritt, heading: access, heading: kampanja, trail (concept); same party; same topic (Land & Trees)",
MP-ADPD-2026-ACC-05,adpd,2026,"Create a national agency to manage existing trails, implement those planned in local plans and safeguard countryside access.",1,MP-ADPD-2022-ACC-05,adpd,2022,Create a national agency to manage existing walking trails and implement those planned in local plans.,0.99,strong,0.81,"shared: agency, manage, planned, implement, trail; same party; same subtopic (Open spaces & parks)",
MP-ADPD-2026-ACC-05,adpd,2026,"Create a national agency to manage existing trails, implement those planned in local plans and safeguard countryside access.",2,MP-ADPD-2022-ACC-06,adpd,2022,Create Malta's first National Trail along the Victoria Lines.,0.37,possible,0.19,"shared: trail, heading: dritt, heading: access, heading: kampanja, trail (concept); same party; same subtopic (Open spaces & parks)",
MP-ADPD-2026-ACC-05,adpd,2026,"Create a national agency to manage existing trails, implement those planned in local plans and safeguard countryside access.",3,MP-ADPD-2022-ACC-01,adpd,2022,Publish a definitive map of all public footpaths.,0.27,weak,0.09,"shared: heading: dritt, heading: access, heading: kampanja, trail (concept), heading: gall; same party; same subtopic (Open spaces & parks)",
MP-ADPD-2026-ACC-06,adpd,2026,Create Malta's first National Trail along the Victoria Lines.,1,MP-ADPD-2022-ACC-06,adpd,2022,Create Malta's first National Trail along the Victoria Lines.,1.18,strong,1.00,"shared: victoria, line, along, trail, victoria line; same party; same subtopic (Open spaces & parks)",
MP-ADPD-2026-ACC-06,adpd,2026,Create Malta's first National Trail along the Victoria Lines.,2,MP-ADPD-2022-ACC-05,adpd,2022,Create a national agency to manage existing walking trails and implement those planned in local plans.,0.39,possible,0.21,"shared: trail, heading: dritt, heading: access, heading: kampanja, trail (concept); same party; same subtopic (Open spaces & parks)",
MP-ADPD-2026-ACC-06,adpd,2026,Create Malta's first National Trail along the Victoria Lines.,3,MP-ADPD-2022-ACC-01,adpd,2022,Publish a definitive map of all public footpaths.,0.31,weak,0.13,"shared: heading: dritt, heading: access, heading: kampanja, trail (concept), heading: gall; same party; same subtopic (Open spaces & parks)",
MP-ADPD-2026-ACC-06,adpd,2026,Create Malta's first National Trail along the Victoria Lines.,x,MP-PL-2022-320,pl,2022,"Link Natura 2000 sites with ecological corridors in Mellieħa and the Victoria Lines, establishing a first national trail along the Victoria Lines.",0.67,strong,0.67,"shared: victoria, line, along, victoria line, trail; other party; other topic",
MP-ADPD-2026-BOARD-01,adpd,2026,"Apply public parliamentary scrutiny before appointment to all members of the planning, lands and environment authority boards, including chairpersons and chief executives.",1,MP-ADPD-2022-BOARD-01,adpd,2022,"Apply parliamentary scrutiny before appointment to all members of the Planning, Lands and Environment and Resources authority boards.",1.12,strong,0.94,"shared: scrutiny, appointment, apply, member, parliamentary; same party; same subtopic (Accountability)",
MP-ADPD-2026-BOARD-01,adpd,2026,"Apply public parliamentary scrutiny before appointment to all members of the planning, lands and environment authority boards, including chairpersons and chief executives.",2,MP-ADPD-2022-BOARD-05,adpd,2022,"Set clear conduct rules for board members, including a register of their assets.",0.42,possible,0.24,"shared: member, board, boards (concept), heading: jiedu, heading: decizjonijiet; same party; same subtopic (Accountability)",
MP-ADPD-2026-BOARD-01,adpd,2026,"Apply public parliamentary scrutiny before appointment to all members of the planning, lands and environment authority boards, including chairpersons and chief executives.",3,MP-ADPD-2022-BOARD-03,adpd,2022,Remove representation of the parliamentary political parties from these decision-making boards.,0.38,possible,0.20,"shared: parliamentary, board, boards (concept), heading: jiedu, heading: decizjonijiet; same party; same subtopic (Accountability)",
MP-ADPD-2026-BOARD-02,adpd,2026,"Laws should give civil society proper representation on these boards, chosen by civil society itself rather than vetted by the minister.",1,MP-ADPD-2022-BOARD-02,adpd,2022,"Laws should give civil society proper representation on these boards, chosen by civil society itself rather than vetted by the minister.",1.18,strong,1.00,"shared: society, civil, vetted, rather, proper; same party; same subtopic (Accountability)",
MP-ADPD-2026-BOARD-02,adpd,2026,"Laws should give civil society proper representation on these boards, chosen by civil society itself rather than vetted by the minister.",2,MP-ADPD-2022-BOARD-03,adpd,2022,Remove representation of the parliamentary political parties from these decision-making boards.,0.36,possible,0.18,"shared: representation, board, boards (concept), heading: jiedu, heading: decizjonijiet; same party; same subtopic (Accountability)",
MP-ADPD-2026-BOARD-02,adpd,2026,"Laws should give civil society proper representation on these boards, chosen by civil society itself rather than vetted by the minister.",3,MP-ADPD-2022-BOARD-06,adpd,2022,No one should be appointed to these boards for long periods.,0.32,weak,0.14,"shared: board, boards (concept), heading: jiedu, heading: decizjonijiet, heading: bordijiet; same party; same subtopic (Accountability)",
MP-ADPD-2026-BOARD-03,adpd,2026,Remove representation of the parliamentary political parties from these decision-making boards.,1,MP-ADPD-2022-BOARD-03,adpd,2022,Remove representation of the parliamentary political parties from these decision-making boards.,1.18,strong,1.00,"shared: political, partie, making, representation, remove; same party; same subtopic (Accountability)",
MP-ADPD-2026-BOARD-03,adpd,2026,Remove representation of the parliamentary political parties from these decision-making boards.,2,MP-ADPD-2022-BOARD-01,adpd,2022,"Apply parliamentary scrutiny before appointment to all members of the Planning, Lands and Environment and Resources authority boards.",0.36,possible,0.18,"shared: parliamentary, board, boards (concept), heading: jiedu, heading: decizjonijiet; same party; same subtopic (Accountability)",
MP-ADPD-2026-BOARD-03,adpd,2026,Remove representation of the parliamentary political parties from these decision-making boards.,3,MP-ADPD-2022-BOARD-06,adpd,2022,No one should be appointed to these boards for long periods.,0.36,possible,0.18,"shared: board, boards (concept), heading: jiedu, heading: decizjonijiet, heading: bordijiet; same party; same subtopic (Accountability)",
MP-ADPD-2026-BOARD-04,adpd,2026,Parliament's standing committees should continuously oversee these authorities and report with proposals for action.,1,MP-ADPD-2022-BOARD-04,adpd,2022,Parliament's standing committees should continuously oversee these authorities and report with proposals for action.,1.18,strong,1.00,"shared: standing, oversee, proposal, continuously, committee; same party; same subtopic (Accountability)",
MP-ADPD-2026-BOARD-04,adpd,2026,Parliament's standing committees should continuously oversee these authorities and report with proposals for action.,2,MP-ADPD-2022-BOARD-06,adpd,2022,No one should be appointed to these boards for long periods.,0.25,weak,0.07,"shared: heading: jiedu, heading: decizjonijiet, heading: bordijiet; same party; same subtopic (Accountability)",
MP-ADPD-2026-BOARD-04,adpd,2026,Parliament's standing committees should continuously oversee these authorities and report with proposals for action.,3,MP-ADPD-2022-ENV-01,adpd,2022,"Make the Constitution's environmental principles enforceable, so citizens can ask the courts to compel government action on environmental matters.",0.24,weak,0.06,shared: action; same party; same subtopic (Accountability),
MP-ADPD-2026-BOARD-05,adpd,2026,"Set clear conduct rules for board members, including a register of their assets.",1,MP-ADPD-2022-BOARD-05,adpd,2022,"Set clear conduct rules for board members, including a register of their assets.",1.18,strong,1.00,"shared: conduct, asset, member, register, board; same party; same subtopic (Accountability)",
MP-ADPD-2026-BOARD-05,adpd,2026,"Set clear conduct rules for board members, including a register of their assets.",2,MP-ADPD-2022-BOARD-01,adpd,2022,"Apply parliamentary scrutiny before appointment to all members of the Planning, Lands and Environment and Resources authority boards.",0.40,possible,0.22,"shared: member, board, boards (concept), heading: jiedu, heading: decizjonijiet; same party; same subtopic (Accountability)",
MP-ADPD-2026-BOARD-05,adpd,2026,"Set clear conduct rules for board members, including a register of their assets.",3,MP-ADPD-2022-BOARD-06,adpd,2022,No one should be appointed to these boards for long periods.,0.38,possible,0.20,"shared: board, boards (concept), heading: jiedu, heading: decizjonijiet, heading: bordijiet; same party; same subtopic (Accountability)",
MP-ADPD-2026-BOARD-06,adpd,2026,No one should be appointed to these boards for long periods.,1,MP-ADPD-2022-BOARD-06,adpd,2022,No one should be appointed to these boards for long periods.,1.18,strong,1.00,"shared: appointed, period, long, board, long period; same party; same subtopic (Accountability)",
MP-ADPD-2026-BOARD-06,adpd,2026,No one should be appointed to these boards for long periods.,2,MP-ADPD-2022-BOARD-05,adpd,2022,"Set clear conduct rules for board members, including a register of their assets.",0.38,possible,0.20,"shared: board, boards (concept), heading: jiedu, heading: decizjonijiet, heading: bordijiet; same party; same subtopic (Accountability)",
MP-ADPD-2026-BOARD-06,adpd,2026,No one should be appointed to these boards for long periods.,3,MP-ADPD-2022-BOARD-03,adpd,2022,Remove representation of the parliamentary political parties from these decision-making boards.,0.36,possible,0.18,"shared: board, boards (concept), heading: jiedu, heading: decizjonijiet, heading: bordijiet; same party; same subtopic (Accountability)",
MP-ADPD-2026-CLIM-01,adpd,2026,The economic model should be redirected through targeted investment towards a circular economy that uses resources efficiently and reduces waste.,1,MP-ADPD-2022-16,adpd,2022,"Tie all state aid to companies, immediately, to climate-friendly changes in operations, fewer redundancies, equal pay and retraining for a green, circular economy.",0.34,weak,0.16,"shared: circular, economy, circular economy; same party; same subtopic (Recycling & separation)",
MP-ADPD-2026-CLIM-01,adpd,2026,The economic model should be redirected through targeted investment towards a circular economy that uses resources efficiently and reduces waste.,2,MP-ADPD-2022-WASTE-02,adpd,2022,Do more to cut the waste generated (waste minimisation) and recycle much more of it.,0.27,weak,0.09,shared: waste; same party; same subtopic (Recycling & separation),
MP-ADPD-2026-CLIM-01,adpd,2026,The economic model should be redirected through targeted investment towards a circular economy that uses resources efficiently and reduces waste.,3,MP-ADPD-2022-WASTE-01,adpd,2022,"The tourism industry should be made to control the waste, especially organic waste, that it generates.",0.24,weak,0.06,shared: waste; same party; same subtopic (Recycling & separation),
MP-ADPD-2026-CLIM-01,adpd,2026,The economic model should be redirected through targeted investment towards a circular economy that uses resources efficiently and reduces waste.,x,MP-PL-2022-348,pl,2022,"Implement the Long Term Waste Management Plan to reduce waste, advance processing systems and create business opportunities in a circular economy.",0.38,possible,0.30,"shared: circular, economy, reduce, waste, reduce waste; other party; same subtopic (Recycling & separation)",
MP-ADPD-2026-CLIM-02,adpd,2026,"Install solar panels on every building and invest in new infrastructure, including offshore wind turbines.",1,MP-ADPD-2022-2,adpd,2022,Install micro wind turbines in industrial zones.,0.60,strong,0.42,"shared: turbine, install, wind, wind turbine, wind (concept); same party; same subtopic (Renewables)",
MP-ADPD-2026-CLIM-02,adpd,2026,"Install solar panels on every building and invest in new infrastructure, including offshore wind turbines.",2,MP-ADPD-2022-1,adpd,2022,"Use every public building, factory and commercial building to generate solar energy.",0.42,possible,0.24,"shared: building, every, solar, every building, solar (concept); same party; same subtopic (Renewables)",
MP-ADPD-2026-CLIM-02,adpd,2026,"Install solar panels on every building and invest in new infrastructure, including offshore wind turbines.",3,MP-ADPD-2022-11,adpd,2022,"Require, with immediate effect, every new building to have a solar water heater.",0.41,possible,0.23,"shared: every, solar, building, every building, solar (concept); same party; same subtopic (Renewables)",
MP-ADPD-2026-CLIM-02,adpd,2026,"Install solar panels on every building and invest in new infrastructure, including offshore wind turbines.",x,MP-PL-2022-397,pl,2022,"Work with the private sector for investment in offshore renewable energy, including floating wind and solar technologies.",0.35,possible,0.27,"shared: wind, offshore, solar, wind (concept), offshore (concept); other party; same subtopic (Renewables)",
MP-ADPD-2026-CLIM-03,adpd,2026,"Tie all financial aid to industry to concrete emission cuts, obliging every aided company to reach zero carbon.",1,MP-ADPD-2022-15,adpd,2022,"Oblige every large company, including banks, insurers and financial-services firms, to show how they will become zero-carbon before 2050.",0.60,strong,0.42,"shared: zero, carbon, company, financial, zero carbon; same party; same subtopic (Emissions & targets)",
MP-ADPD-2026-CLIM-03,adpd,2026,"Tie all financial aid to industry to concrete emission cuts, obliging every aided company to reach zero carbon.",2,MP-ADPD-2022-CLIM-01,adpd,2022,"Cut emissions drastically, by well over half, by 2030, so that Malta becomes a zero-carbon society by 2050 or sooner.",0.59,strong,0.41,"shared: zero, carbon, emission, zero carbon, neutral (concept); same party; same subtopic (Emissions & targets)",
MP-ADPD-2026-CLIM-03,adpd,2026,"Tie all financial aid to industry to concrete emission cuts, obliging every aided company to reach zero carbon.",3,MP-ADPD-2022-9,adpd,2022,"Make long-term investment in offshore wind energy, presented as necessary for the 2050 zero-carbon goal.",0.44,possible,0.30,"shared: zero, carbon, zero carbon, neutral (concept); same party; same topic (Climate & Energy)",
MP-ADPD-2026-CLIM-04,adpd,2026,The low-carbon transition should account for social impacts and support those affected.,1,MP-ADPD-2022-CLIM-01,adpd,2022,"Cut emissions drastically, by well over half, by 2030, so that Malta becomes a zero-carbon society by 2050 or sooner.",0.31,weak,0.13,shared: carbon; same party; same subtopic (Emissions & targets),
MP-ADPD-2026-CLIM-04,adpd,2026,The low-carbon transition should account for social impacts and support those affected.,2,MP-ADPD-2022-15,adpd,2022,"Oblige every large company, including banks, insurers and financial-services firms, to show how they will become zero-carbon before 2050.",0.29,weak,0.11,shared: carbon; same party; same subtopic (Emissions & targets),
MP-ADPD-2026-CLIM-04,adpd,2026,The low-carbon transition should account for social impacts and support those affected.,3,MP-ADPD-2022-3,adpd,2022,Require every new building to be carbon neutral and generate all the energy it needs.,0.28,weak,0.10,shared: carbon; same party; same subtopic (Emissions & targets),
MP-ADPD-2026-CLIM-05,adpd,2026,"Revise the (climate-related) targets immediately, described as vague and unambitious.",1,MP-ADPD-2022-16,adpd,2022,"Tie all state aid to companies, immediately, to climate-friendly changes in operations, fewer redundancies, equal pay and retraining for a green, circular economy.",0.40,possible,0.30,"shared: immediately, climate; same party; other topic",
MP-ADPD-2026-CLIM-05,adpd,2026,"Revise the (climate-related) targets immediately, described as vague and unambitious.",2,MP-ADPD-2022-CLIM-02,adpd,2022,Malta's climate-change targets should no longer be set at the minimum possible.,0.39,possible,0.21,"shared: target, climate; same party; same subtopic (Emissions & targets)",
MP-ADPD-2026-CLIM-05,adpd,2026,"Revise the (climate-related) targets immediately, described as vague and unambitious.",3,MP-ADPD-2022-11,adpd,2022,"Require, with immediate effect, every new building to have a solar water heater.",0.39,possible,0.25,shared: immediately; same party; same topic (Climate & Energy),
MP-ADPD-2026-EN-01,adpd,2026,"Generate and store as much of Malta's energy as possible locally, while remaining part of the European grid.",1,MP-ADPD-2022-WATER-01,adpd,2022,Store more rainwater.,0.42,possible,0.32,shared: store; same party; other topic,
MP-ADPD-2026-EN-01,adpd,2026,"Generate and store as much of Malta's energy as possible locally, while remaining part of the European grid.",2,MP-ADPD-2022-12,adpd,2022,"Extract as much methane as possible from organic waste, including farm manure, and use it to generate electricity.",0.38,possible,0.24,"shared: generate, possible; same party; same topic (Climate & Energy)",
MP-ADPD-2026-EN-01,adpd,2026,"Generate and store as much of Malta's energy as possible locally, while remaining part of the European grid.",3,MP-ADPD-2022-1,adpd,2022,"Use every public building, factory and commercial building to generate solar energy.",0.29,weak,0.15,"shared: generate, energy; same party; same topic (Climate & Energy)",
MP-ADPD-2026-EN-02,adpd,2026,Increase and safeguard the country's energy sovereignty within practical limits.,1,MP-ADPD-2022-4,adpd,2022,Impose a moratorium on increases in building heights so that the use of rooftop PV panels is not affected.,0.22,weak,0.12,shared: increase; same party; other topic,
MP-ADPD-2026-EN-02,adpd,2026,Increase and safeguard the country's energy sovereignty within practical limits.,2,MP-ADPD-2022-1,adpd,2022,"Use every public building, factory and commercial building to generate solar energy.",0.19,weak,0.05,shared: energy; same party; same topic (Climate & Energy),
MP-ADPD-2026-EN-02,adpd,2026,Increase and safeguard the country's energy sovereignty within practical limits.,3,MP-ADPD-2022-3,adpd,2022,Require every new building to be carbon neutral and generate all the energy it needs.,0.18,weak,0.04,shared: energy; same party; same topic (Climate & Energy),
MP-ADPD-2026-EN-03,adpd,2026,"Invest in renewable energy storage, energy efficiency and a variety of clean sources, while gas remains for now.",1,MP-ADPD-2022-13,adpd,2022,Government to buy renewable electricity via the interconnector and agree renewable-energy cooperation with Sicily.,0.29,weak,0.15,"shared: renewable, energy, renewable energy; same party; same topic (Climate & Energy)",
MP-ADPD-2026-EN-03,adpd,2026,"Invest in renewable energy storage, energy efficiency and a variety of clean sources, while gas remains for now.",2,MP-ADPD-2022-ACC-04,adpd,2022,Footpaths on public land leased to farmers should remain open to the public.,0.25,weak,0.15,shared: remain; same party; other topic,
MP-ADPD-2026-EN-03,adpd,2026,"Invest in renewable energy storage, energy efficiency and a variety of clean sources, while gas remains for now.",3,MP-ADPD-2022-WATER-02,adpd,2022,"Monitor buildings now going up more closely, so they provide for rainwater storage.",0.20,weak,0.10,"shared: storage, storage (concept); same party; other topic",
MP-ADPD-2026-EN-04,adpd,2026,Government should insist at EU level that the price of renewable electricity is decoupled from the gas price.,1,MP-ADPD-2022-13,adpd,2022,Government to buy renewable electricity via the interconnector and agree renewable-energy cooperation with Sicily.,0.37,possible,0.19,"shared: renewable, electricity, renewable electricity; same party; same subtopic (Renewables)",
MP-ADPD-2026-EN-04,adpd,2026,Government should insist at EU level that the price of renewable electricity is decoupled from the gas price.,2,MP-ADPD-2022-12,adpd,2022,"Extract as much methane as possible from organic waste, including farm manure, and use it to generate electricity.",0.27,weak,0.09,shared: electricity; same party; same subtopic (Renewables),
MP-ADPD-2026-EN-04,adpd,2026,Government should insist at EU level that the price of renewable electricity is decoupled from the gas price.,3,MP-ADPD-2022-10,adpd,2022,"Set feed-in tariffs, subsidies and incentives for renewables over a long horizon, for example 20 years, to give investment certainty.",0.23,weak,0.05,shared: renewable; same party; same subtopic (Renewables),
MP-ADPD-2026-ENV-01,adpd,2026,Move towards sustainable mobility to tackle poor air quality caused largely by the rising number of cars.,1,MP-ADPD-2022-LAND-03,adpd,2022,"Take back streets for people, turning public space now used by cars into public space for people via a transport decarbonisation plan.",0.28,weak,0.10,shared: cars; same party; same subtopic (Cars & traffic),
MP-ADPD-2026-ENV-01,adpd,2026,Move towards sustainable mobility to tackle poor air quality caused largely by the rising number of cars.,2,MP-ABBA-2022-ENV-05,abba,2022,"Require vehicles not meeting EU standards, especially plant and government vehicles, to be fitted with emission filters to cut air pollution.",0.17,weak,0.09,"shared: air, airquality (concept); other party; same subtopic (Cars & traffic)",
MP-ADPD-2026-ENV-01,adpd,2026,Move towards sustainable mobility to tackle poor air quality caused largely by the rising number of cars.,3,MP-ABBA-2022-ENV-03,abba,2022,Move fish farms to a selected area away from the shore and monitor them properly.,0.15,weak,0.15,shared: move; other party; other topic,
MP-ADPD-2026-ENV-02,adpd,2026,"Subject land use continuously to clear environmental criteria, including impacts on the climate.",1,MP-ADPD-2022-LAND-04,adpd,2022,"Opposes the proposed motor-racing track (at Ħal Far), citing noise and ecological impacts on nearby communities.",0.27,weak,0.09,shared: impact; same party; same subtopic (Development & construction),
MP-ADPD-2026-ENV-02,adpd,2026,"Subject land use continuously to clear environmental criteria, including impacts on the climate.",2,MP-ADPD-2022-BOARD-04,adpd,2022,Parliament's standing committees should continuously oversee these authorities and report with proposals for action.,0.23,weak,0.13,shared: continuously; same party; other topic,
MP-ADPD-2026-ENV-02,adpd,2026,"Subject land use continuously to clear environmental criteria, including impacts on the climate.",3,MP-ADPD-2022-4,adpd,2022,Impose a moratorium on increases in building heights so that the use of rooftop PV panels is not affected.,0.22,weak,0.04,shared: use; same party; same subtopic (Development & construction),
MP-ADPD-2026-ENV-03,adpd,2026,"Revitalise localities so that most daily needs are within reasonable distance of home, reducing travel and traffic.",1,MP-ADPD-2022-3,adpd,2022,Require every new building to be carbon neutral and generate all the energy it needs.,0.21,weak,0.11,shared: need; same party; other topic,
MP-ADPD-2026-ENV-03,adpd,2026,"Revitalise localities so that most daily needs are within reasonable distance of home, reducing travel and traffic.",2,MP-ADPD-2022-LAND-03,adpd,2022,"Take back streets for people, turning public space now used by cars into public space for people via a transport decarbonisation plan.",0.18,weak,0.00,same party; same subtopic (Cars & traffic),
MP-ADPD-2026-ENV-03,adpd,2026,"Revitalise localities so that most daily needs are within reasonable distance of home, reducing travel and traffic.",3,MP-PL-2022-290,pl,2022,"Carry out the Triq Sant’Anna project, Floriana: open the Lion-to-War Memorial area to the public, traffic underground, with a pedestrian link to Valletta.",0.19,weak,0.11,shared: traffic; other party; same subtopic (Cars & traffic),
MP-ADPD-2026-ENV-04,adpd,2026,Revise local plans completely and cancel for good the rationalisation plan that made much ODZ land developable.,1,MP-ADPD-2022-LAND-02,adpd,2022,"Revoke the 2006 rationalisation scheme that made about two million square metres developable, protecting the parts still undeveloped.",0.41,possible,0.23,"shared: developable, rationalisation, odz (concept); same party; same subtopic (Land take & agriculture)",
MP-ADPD-2026-ENV-04,adpd,2026,Revise local plans completely and cancel for good the rationalisation plan that made much ODZ land developable.,2,MP-ADPD-2022-ODZ-01,adpd,2022,"Give local councils effective power, directly or through local referenda, to stop projects outside the development zone unless Parliament approves them as nationally needed.",0.26,weak,0.08,"shared: local, odz (concept); same party; same subtopic (Land take & agriculture)",
MP-ADPD-2026-ENV-04,adpd,2026,Revise local plans completely and cancel for good the rationalisation plan that made much ODZ land developable.,3,MP-ADPD-2022-ACC-04,adpd,2022,Footpaths on public land leased to farmers should remain open to the public.,0.23,weak,0.05,shared: land; same party; same subtopic (Land take & agriculture),
MP-ADPD-2026-ENV-04,adpd,2026,Revise local plans completely and cancel for good the rationalisation plan that made much ODZ land developable.,x,MP-VOLT-2022-DEV-07,volt,2022,"Keep ODZ land as ODZ; developers breaching it are barred from new projects for one year, and repeat offenders are excluded from public procurement for ten years.",0.36,possible,0.28,"shared: odz, land, odz land, odz (concept); other party; same subtopic (Land take & agriculture)",
MP-ADPD-2026-ENV-05,adpd,2026,"Make the Constitution's environmental principles enforceable, so citizens can ask the courts to compel government action on environmental matters.",1,MP-ADPD-2022-ENV-01,adpd,2022,"Make the Constitution's environmental principles enforceable, so citizens can ask the courts to compel government action on environmental matters.",1.18,strong,1.00,"shared: enforceable, compel, citizen, ask, principle; same party; same subtopic (Accountability)",
MP-ADPD-2026-ENV-05,adpd,2026,"Make the Constitution's environmental principles enforceable, so citizens can ask the courts to compel government action on environmental matters.",2,MP-ADPD-2022-ENV-02,adpd,2022,Give environmental NGOs financial assistance from the state.,0.26,weak,0.08,"shared: environmental, heading: ambjent; same party; same subtopic (Accountability)",
MP-ADPD-2026-ENV-05,adpd,2026,"Make the Constitution's environmental principles enforceable, so citizens can ask the courts to compel government action on environmental matters.",3,MP-ADPD-2022-BOARD-04,adpd,2022,Parliament's standing committees should continuously oversee these authorities and report with proposals for action.,0.24,weak,0.06,shared: action; same party; same subtopic (Accountability),
MP-ADPD-2026-ENV-06,adpd,2026,Give environmental NGOs financial assistance from the state.,1,MP-ADPD-2022-ENV-02,adpd,2022,Give environmental NGOs financial assistance from the state.,1.17,strong,0.99,"shared: assistance, financial, state, ngos, environmental; same party; same subtopic (Accountability)",
MP-ADPD-2026-ENV-06,adpd,2026,Give environmental NGOs financial assistance from the state.,2,MP-ADPD-2022-ENV-01,adpd,2022,"Make the Constitution's environmental principles enforceable, so citizens can ask the courts to compel government action on environmental matters.",0.26,weak,0.08,"shared: environmental, heading: ambjent; same party; same subtopic (Accountability)",
MP-ADPD-2026-ENV-06,adpd,2026,Give environmental NGOs financial assistance from the state.,3,MP-ADPD-2022-WATER-03,adpd,2022,State aid schemes should increasingly help owners improve water storage in existing buildings.,0.22,weak,0.12,shared: state; same party; other topic,
MP-ADPD-2026-FISH-01,adpd,2026,Eliminate harmful fishing practices such as bottom trawling.,1,MP-PL-2022-363,pl,2022,Launch a policy so that mrejkba fishing continues sustainably and practitioners’ interests are protected.,0.30,weak,0.22,shared: fishing; other party; same subtopic (Marine protection),
MP-ADPD-2026-FISH-01,adpd,2026,Eliminate harmful fishing practices such as bottom trawling.,2,MP-PL-2022-365,pl,2022,"Maintain hunting and trapping practice in line with EU directives, safeguarding trapping and the spring hunting season.",0.20,weak,0.16,shared: practice; other party; same topic (Nature & Wildlife),
MP-ADPD-2026-FISH-01,adpd,2026,Eliminate harmful fishing practices such as bottom trawling.,3,MP-PN-2022-200,pn,2022,"Improve fishers' infrastructure and facilities, especially at Marsaxlokk and Xemxija.",0.11,weak,0.03,shared: heading: sajd; other party; same subtopic (Marine protection),
MP-ADPD-2026-FISH-02,adpd,2026,"Step up efforts against illegal fishing through continuous surveillance, consistent enforcement and cooperation with neighbouring countries.",1,MP-ADPD-2022-13,adpd,2022,Government to buy renewable electricity via the interconnector and agree renewable-energy cooperation with Sicily.,0.24,weak,0.14,shared: cooperation; same party; other topic,
MP-ADPD-2026-FISH-02,adpd,2026,"Step up efforts against illegal fishing through continuous surveillance, consistent enforcement and cooperation with neighbouring countries.",2,MP-PL-2022-379,pl,2022,Host a conference with neighbouring Mediterranean countries to develop collaborative climate initiatives with tangible targets.,0.33,weak,0.33,"shared: countrie, neighbouring; other party; other topic",
MP-ADPD-2026-FISH-02,adpd,2026,"Step up efforts against illegal fishing through continuous surveillance, consistent enforcement and cooperation with neighbouring countries.",3,MP-PL-2022-363,pl,2022,Launch a policy so that mrejkba fishing continues sustainably and practitioners’ interests are protected.,0.21,weak,0.13,shared: fishing; other party; same subtopic (Marine protection),
MP-ADPD-2026-FISH-03,adpd,2026,"Cut abandoned fishing-net waste through education, incentives to return old nets and sanctions for careless disposal.",1,MP-ADPD-2022-WASTE-02,adpd,2022,Do more to cut the waste generated (waste minimisation) and recycle much more of it.,0.32,weak,0.22,"shared: waste, cut; same party; other topic",
MP-ADPD-2026-FISH-03,adpd,2026,"Cut abandoned fishing-net waste through education, incentives to return old nets and sanctions for careless disposal.",2,MP-ADPD-2022-CLIM-01,adpd,2022,"Cut emissions drastically, by well over half, by 2030, so that Malta becomes a zero-carbon society by 2050 or sooner.",0.20,weak,0.10,shared: cut; same party; other topic,
MP-ADPD-2026-FISH-03,adpd,2026,"Cut abandoned fishing-net waste through education, incentives to return old nets and sanctions for careless disposal.",3,MP-ADPD-2022-LAND-05,adpd,2022,Return Manoel Island and Fort Manoel to public ownership as undeveloped open space.,0.20,weak,0.10,shared: return; same party; other topic,
MP-ADPD-2026-FISH-04,adpd,2026,"Fish-farm operators must take every measure to eliminate slime in bays, with decisive action by authorities against those who do not.",1,MP-ADPD-2022-LAND-07,adpd,2022,"Keep Balluta, Xemxija and other bathing bays free of unnecessary development and commercialisation.",0.26,weak,0.16,shared: bays; same party; other topic,
MP-ADPD-2026-FISH-04,adpd,2026,"Fish-farm operators must take every measure to eliminate slime in bays, with decisive action by authorities against those who do not.",2,MP-ADPD-2022-BOARD-04,adpd,2022,Parliament's standing committees should continuously oversee these authorities and report with proposals for action.,0.25,weak,0.15,"shared: authoritie, action; same party; other topic",
MP-ADPD-2026-FISH-04,adpd,2026,"Fish-farm operators must take every measure to eliminate slime in bays, with decisive action by authorities against those who do not.",3,MP-ADPD-2022-7,adpd,2022,"Solar farms must not be used as an excuse to destroy more farmland, even land not being cultivated.",0.18,weak,0.08,shared: farm; same party; other topic,
MP-ADPD-2026-FISH-04,adpd,2026,"Fish-farm operators must take every measure to eliminate slime in bays, with decisive action by authorities against those who do not.",x,MP-PN-2022-205,pn,2022,Introduce stricter measures on waste dumped at sea and waste generated by fish farms.,0.39,possible,0.31,"shared: fish, measure, farm, fishfarm (concept), fish farm; other party; same subtopic (Marine protection)",
MP-ADPD-2026-FISH-05,adpd,2026,"Authorities should ensure fish-farm permit conditions are observed, given harm to nearby Posidonia meadows.",1,MP-ADPD-2022-LAND-04,adpd,2022,"Opposes the proposed motor-racing track (at Ħal Far), citing noise and ecological impacts on nearby communities.",0.19,weak,0.09,shared: nearby; same party; other topic,
MP-ADPD-2026-FISH-05,adpd,2026,"Authorities should ensure fish-farm permit conditions are observed, given harm to nearby Posidonia meadows.",2,MP-ADPD-2022-BOARD-04,adpd,2022,Parliament's standing committees should continuously oversee these authorities and report with proposals for action.,0.19,weak,0.09,shared: authoritie; same party; other topic,
MP-ADPD-2026-FISH-05,adpd,2026,"Authorities should ensure fish-farm permit conditions are observed, given harm to nearby Posidonia meadows.",3,MP-ADPD-2022-7,adpd,2022,"Solar farms must not be used as an excuse to destroy more farmland, even land not being cultivated.",0.19,weak,0.09,shared: farm; same party; other topic,
MP-ADPD-2026-HUNT-01,adpd,2026,"Biodiversity protection should override every other interest, with validated scientific research guiding decisions.",1,MP-ADPD-2022-BOARD-03,adpd,2022,Remove representation of the parliamentary political parties from these decision-making boards.,0.19,weak,0.09,shared: decision; same party; other topic,
MP-ADPD-2026-HUNT-01,adpd,2026,"Biodiversity protection should override every other interest, with validated scientific research guiding decisions.",2,MP-ADPD-2022-8,adpd,2022,Sustain and strengthen research already under way on wave energy and floating offshore PV panels.,0.18,weak,0.08,shared: research; same party; other topic,
MP-ADPD-2026-HUNT-01,adpd,2026,"Biodiversity protection should override every other interest, with validated scientific research guiding decisions.",3,MP-ADPD-2022-11,adpd,2022,"Require, with immediate effect, every new building to have a solar water heater.",0.18,weak,0.08,shared: every; same party; other topic,
MP-ADPD-2026-HUNT-02,adpd,2026,ADPD MPs would work to end spring hunting for good.,1,MP-PL-2022-365,pl,2022,"Maintain hunting and trapping practice in line with EU directives, safeguarding trapping and the spring hunting season.",0.49,possible,0.41,"shared: hunting, spring, spring hunting, hunting (concept); other party; same subtopic (Hunting & birds)",
MP-ADPD-2026-HUNT-02,adpd,2026,ADPD MPs would work to end spring hunting for good.,2,MP-PL-2022-410,pl,2022,"Work with the private sector on a logistics model increasing use of electric or clean-fuel, such as hydrogen, heavy goods vehicles.",0.14,weak,0.14,shared: good; other party; other topic,
MP-ADPD-2026-HUNT-02,adpd,2026,ADPD MPs would work to end spring hunting for good.,3,MP-PL-2022-349,pl,2022,Build the Ecohive waste-to-energy plant to end dependence on landfill and generate energy from waste.,0.12,weak,0.12,shared: end; other party; other topic,
MP-ADPD-2026-HUNT-03,adpd,2026,"Stop breaching EU law on finch trapping, including through loosened bird-ringing rules presented as research.",1,MP-ADPD-2022-9,adpd,2022,"Make long-term investment in offshore wind energy, presented as necessary for the 2050 zero-carbon goal.",0.21,weak,0.11,shared: presented; same party; other topic,
MP-ADPD-2026-HUNT-03,adpd,2026,"Stop breaching EU law on finch trapping, including through loosened bird-ringing rules presented as research.",2,MP-ADPD-2022-ODZ-01,adpd,2022,"Give local councils effective power, directly or through local referenda, to stop projects outside the development zone unless Parliament approves them as nationally needed.",0.20,weak,0.10,shared: stop; same party; other topic,
MP-ADPD-2026-HUNT-03,adpd,2026,"Stop breaching EU law on finch trapping, including through loosened bird-ringing rules presented as research.",3,MP-ADPD-2022-BOARD-05,adpd,2022,"Set clear conduct rules for board members, including a register of their assets.",0.18,weak,0.08,shared: rule; same party; other topic,
MP-ADPD-2026-HUNT-04,adpd,2026,"Provide more specialised, trained police officers, with equipment and resources, to fight hunting and trapping abuse.",1,MP-ADPD-2022-WATER-02,adpd,2022,"Monitor buildings now going up more closely, so they provide for rainwater storage.",0.18,weak,0.08,shared: provide; same party; other topic,
MP-ADPD-2026-HUNT-04,adpd,2026,"Provide more specialised, trained police officers, with equipment and resources, to fight hunting and trapping abuse.",2,MP-ADPD-2022-BOARD-01,adpd,2022,"Apply parliamentary scrutiny before appointment to all members of the Planning, Lands and Environment and Resources authority boards.",0.16,weak,0.06,shared: resource; same party; other topic,
MP-ADPD-2026-HUNT-04,adpd,2026,"Provide more specialised, trained police officers, with equipment and resources, to fight hunting and trapping abuse.",3,MP-PL-2022-365,pl,2022,"Maintain hunting and trapping practice in line with EU directives, safeguarding trapping and the spring hunting season.",0.38,possible,0.30,"shared: trapping, hunting, hunting trapping, hunting (concept); other party; same subtopic (Hunting & birds)",
MP-ADPD-2026-HUNT-05,adpd,2026,"Strengthen the deterrent for shooting protected birds; fines should rise, not fall.",1,MP-PL-2022-363,pl,2022,Launch a policy so that mrejkba fishing continues sustainably and practitioners’ interests are protected.,0.18,weak,0.14,shared: protected; other party; same topic (Nature & Wildlife),
MP-ADPD-2026-HUNT-05,adpd,2026,"Strengthen the deterrent for shooting protected birds; fines should rise, not fall.",2,MP-PL-2022-304,pl,2022,"Restore Sant’Anton Gardens: repair walls, new paving and benches, and add a butterfly house and bird aviaries.",0.17,weak,0.17,shared: bird; other party; other topic,
MP-ADPD-2026-HUNT-05,adpd,2026,"Strengthen the deterrent for shooting protected birds; fines should rise, not fall.",3,MP-PN-2022-192,pn,2022,"Extend protection to a larger number of marine protected areas, supporting the diving industry's environment.",0.16,weak,0.12,shared: protected; other party; same topic (Nature & Wildlife),
MP-ADPD-2026-LAND-01,adpd,2026,"Opposes the government's recently proposed land-use planning reform, saying it adds discretion and eases building outside development zones.",1,MP-ADPD-2022-LAND-04,adpd,2022,"Opposes the proposed motor-racing track (at Ħal Far), citing noise and ecological impacts on nearby communities.",0.41,possible,0.23,"shared: proposed, oppose, heading: art, heading: uzu, heading: tal; same party; same subtopic (Development & construction)",
MP-ADPD-2026-LAND-01,adpd,2026,"Opposes the government's recently proposed land-use planning reform, saying it adds discretion and eases building outside development zones.",2,MP-ADPD-2022-LAND-06,adpd,2022,Opposes a yacht marina at Wied il-Għajn bay as a disproportionate local-plan proposal and pledges to stay vigilant.,0.33,weak,0.15,"shared: oppose, heading: art, heading: uzu, heading: tal; same party; same subtopic (Development & construction)",
MP-ADPD-2026-LAND-01,adpd,2026,"Opposes the government's recently proposed land-use planning reform, saying it adds discretion and eases building outside development zones.",3,MP-ADPD-2022-ODZ-01,adpd,2022,"Give local councils effective power, directly or through local referenda, to stop projects outside the development zone unless Parliament approves them as nationally needed.",0.31,weak,0.21,"shared: outside, zone, development, outside development, development zone; same party; other topic",
MP-ADPD-2026-LAND-01,adpd,2026,"Opposes the government's recently proposed land-use planning reform, saying it adds discretion and eases building outside development zones.",x,MP-PL-2022-336,pl,2022,"Start discussions on stricter rules for development proposed in outside development zones (ODZ), respecting owners’ rights.",0.44,possible,0.36,"shared: proposed, outside, development, zone, outside development; other party; same subtopic (Development & construction)",
MP-ADPD-2026-LAND-02,adpd,2026,Planning decisions should be taken by people of unquestioned integrity who are wholly detached from the development sector.,1,MP-ADPD-2022-LAND-03,adpd,2022,"Take back streets for people, turning public space now used by cars into public space for people via a transport decarbonisation plan.",0.32,weak,0.22,"shared: people, heading: art, heading: uzu, heading: tal; same party; other topic",
MP-ADPD-2026-LAND-02,adpd,2026,Planning decisions should be taken by people of unquestioned integrity who are wholly detached from the development sector.,2,MP-ADPD-2022-LAND-01,adpd,2022,Update local plans regularly and redraw many of them.,0.28,weak,0.10,"shared: heading: art, heading: uzu, heading: tal; same party; same subtopic (Development & construction)",
MP-ADPD-2026-LAND-02,adpd,2026,Planning decisions should be taken by people of unquestioned integrity who are wholly detached from the development sector.,3,MP-ADPD-2022-LAND-07,adpd,2022,"Keep Balluta, Xemxija and other bathing bays free of unnecessary development and commercialisation.",0.26,weak,0.16,"shared: development, heading: art, heading: uzu, heading: tal; same party; other topic",
MP-ADPD-2026-LP-01,adpd,2026,Correct the errors in local plans without further delay and avoid repeating them.,1,MP-ADPD-2022-LAND-01,adpd,2022,Update local plans regularly and redraw many of them.,0.45,possible,0.27,"shared: local, localplan (concept); same party; same subtopic (Development & construction)",
MP-ADPD-2026-LP-01,adpd,2026,Correct the errors in local plans without further delay and avoid repeating them.,2,MP-ADPD-2022-LAND-06,adpd,2022,Opposes a yacht marina at Wied il-Għajn bay as a disproportionate local-plan proposal and pledges to stay vigilant.,0.29,weak,0.11,shared: local; same party; same subtopic (Development & construction),
MP-ADPD-2026-LP-01,adpd,2026,Correct the errors in local plans without further delay and avoid repeating them.,3,MP-ADPD-2022-ODZ-01,adpd,2022,"Give local councils effective power, directly or through local referenda, to stop projects outside the development zone unless Parliament approves them as nationally needed.",0.24,weak,0.14,shared: local; same party; other topic,
MP-ADPD-2026-LP-02,adpd,2026,Update the 20-year-old local plans to present-day realities.,1,MP-ADPD-2022-LAND-01,adpd,2022,Update local plans regularly and redraw many of them.,0.60,strong,0.42,"shared: update, local, localplan (concept); same party; same subtopic (Development & construction)",
MP-ADPD-2026-LP-02,adpd,2026,Update the 20-year-old local plans to present-day realities.,2,MP-ADPD-2022-LAND-06,adpd,2022,Opposes a yacht marina at Wied il-Għajn bay as a disproportionate local-plan proposal and pledges to stay vigilant.,0.24,weak,0.06,shared: local; same party; same subtopic (Development & construction),
MP-ADPD-2026-LP-02,adpd,2026,Update the 20-year-old local plans to present-day realities.,3,MP-ADPD-2022-4,adpd,2022,Impose a moratorium on increases in building heights so that the use of rooftop PV panels is not affected.,0.18,weak,0.00,same party; same subtopic (Development & construction),
MP-ADPD-2026-LP-03,adpd,2026,Impose a moratorium on massive and high-rise development until local plans are revised and updated.,1,MP-ADPD-2022-4,adpd,2022,Impose a moratorium on increases in building heights so that the use of rooftop PV panels is not affected.,0.41,possible,0.23,"shared: moratorium, impose, impose moratorium, height (concept); same party; same subtopic (Development & construction)",
MP-ADPD-2026-LP-03,adpd,2026,Impose a moratorium on massive and high-rise development until local plans are revised and updated.,2,MP-ADPD-2022-LAND-01,adpd,2022,Update local plans regularly and redraw many of them.,0.32,weak,0.14,"shared: local, localplan (concept); same party; same subtopic (Development & construction)",
MP-ADPD-2026-LP-03,adpd,2026,Impose a moratorium on massive and high-rise development until local plans are revised and updated.,3,MP-ADPD-2022-LAND-06,adpd,2022,Opposes a yacht marina at Wied il-Għajn bay as a disproportionate local-plan proposal and pledges to stay vigilant.,0.24,weak,0.06,shared: local; same party; same subtopic (Development & construction),
MP-ADPD-2026-MIN-01,adpd,2026,"Help small shops in towns and villages, to cut travel and traffic and so the car-related contribution to climate change.",1,MP-ADPD-2022-CLIM-02,adpd,2022,Malta's climate-change targets should no longer be set at the minimum possible.,0.28,weak,0.18,"shared: change, climate, climate change; same party; other topic",
MP-ADPD-2026-MIN-01,adpd,2026,"Help small shops in towns and villages, to cut travel and traffic and so the car-related contribution to climate change.",2,MP-ADPD-2022-16,adpd,2022,"Tie all state aid to companies, immediately, to climate-friendly changes in operations, fewer redundancies, equal pay and retraining for a green, circular economy.",0.18,weak,0.08,"shared: change, climate; same party; other topic",
MP-ADPD-2026-MIN-01,adpd,2026,"Help small shops in towns and villages, to cut travel and traffic and so the car-related contribution to climate change.",3,MP-ADPD-2022-LAND-03,adpd,2022,"Take back streets for people, turning public space now used by cars into public space for people via a transport decarbonisation plan.",0.18,weak,0.00,same party; same subtopic (Cars & traffic),
MP-ADPD-2026-MIN-02,adpd,2026,Land-use planning should focus on people and their needs (the 15-minute idea); only then does funding community greening projects make sense.,1,MP-ADPD-2022-LAND-03,adpd,2022,"Take back streets for people, turning public space now used by cars into public space for people via a transport decarbonisation plan.",0.22,weak,0.12,shared: people; same party; other topic,
MP-ADPD-2026-MIN-02,adpd,2026,Land-use planning should focus on people and their needs (the 15-minute idea); only then does funding community greening projects make sense.,2,MP-ADPD-2022-4,adpd,2022,Impose a moratorium on increases in building heights so that the use of rooftop PV panels is not affected.,0.21,weak,0.03,shared: use; same party; same subtopic (Development & construction),
MP-ADPD-2026-MIN-02,adpd,2026,Land-use planning should focus on people and their needs (the 15-minute idea); only then does funding community greening projects make sense.,3,MP-ADPD-2022-3,adpd,2022,Require every new building to be carbon neutral and generate all the energy it needs.,0.20,weak,0.10,shared: need; same party; other topic,
MP-ADPD-2026-ODZ-01,adpd,2026,Revoke the 2006 rationalisation exercise (about two million square metres) and reclassify all still-untouched land in it as outside the development zone.,1,MP-ADPD-2022-LAND-02,adpd,2022,"Revoke the 2006 rationalisation scheme that made about two million square metres developable, protecting the parts still undeveloped.",0.95,strong,0.63,"shared: million, revoke, metre, rationalisation, square; same figures: 2million, 2006; same party; same subtopic (Land take & agriculture)",
MP-ADPD-2026-ODZ-01,adpd,2026,Revoke the 2006 rationalisation exercise (about two million square metres) and reclassify all still-untouched land in it as outside the development zone.,2,MP-ADPD-2022-ODZ-01,adpd,2022,"Give local councils effective power, directly or through local referenda, to stop projects outside the development zone unless Parliament approves them as nationally needed.",0.39,possible,0.21,"shared: outside, zone, development, heading: odz, outside development; same party; same subtopic (Land take & agriculture)",
MP-ADPD-2026-ODZ-01,adpd,2026,Revoke the 2006 rationalisation exercise (about two million square metres) and reclassify all still-untouched land in it as outside the development zone.,3,MP-ADPD-2022-ACC-04,adpd,2022,Footpaths on public land leased to farmers should remain open to the public.,0.22,weak,0.04,shared: land; same party; same subtopic (Land take & agriculture),
MP-ADPD-2026-ODZ-01,adpd,2026,Revoke the 2006 rationalisation exercise (about two million square metres) and reclassify all still-untouched land in it as outside the development zone.,x,MP-PN-2022-181,pn,2022,"Have the government add 50,000 square metres of public land to outside-development-zone areas every year.",0.63,strong,0.55,"shared: metre, square, outside, zone, land; other party; same subtopic (Land take & agriculture)",
MP-ADPD-2026-OS-01,adpd,2026,"Supports the government's open-spaces investment only if it is part of a long-term vision reintegrating nature, not a cover for something undeclared.",1,MP-ADPD-2022-9,adpd,2022,"Make long-term investment in offshore wind energy, presented as necessary for the 2050 zero-carbon goal.",0.30,weak,0.20,"shared: term, long, long term; same party; other topic",
MP-ADPD-2026-OS-01,adpd,2026,"Supports the government's open-spaces investment only if it is part of a long-term vision reintegrating nature, not a cover for something undeclared.",2,MP-ADPD-2022-LAND-05,adpd,2022,Return Manoel Island and Fort Manoel to public ownership as undeveloped open space.,0.28,weak,0.10,"shared: open, space, open space; same party; same subtopic (Open spaces & parks)",
MP-ADPD-2026-OS-01,adpd,2026,"Supports the government's open-spaces investment only if it is part of a long-term vision reintegrating nature, not a cover for something undeclared.",3,MP-ADPD-2022-ACC-02,adpd,2022,Ensure that all traditional footpaths are open and accessible to everyone.,0.24,weak,0.06,shared: open; same party; same subtopic (Open spaces & parks),
MP-ADPD-2026-OS-02,adpd,2026,"Protect existing open spaces first, starting with large private gardens in urban areas and village cores threatened by flats.",1,MP-ADPD-2022-ACC-05,adpd,2022,Create a national agency to manage existing walking trails and implement those planned in local plans.,0.26,weak,0.08,shared: existing; same party; same subtopic (Open spaces & parks),
MP-ADPD-2026-OS-02,adpd,2026,"Protect existing open spaces first, starting with large private gardens in urban areas and village cores threatened by flats.",2,MP-ADPD-2022-LAND-05,adpd,2022,Return Manoel Island and Fort Manoel to public ownership as undeveloped open space.,0.26,weak,0.08,"shared: open, space, open space, park (concept); same party; same subtopic (Open spaces & parks)",
MP-ADPD-2026-OS-02,adpd,2026,"Protect existing open spaces first, starting with large private gardens in urban areas and village cores threatened by flats.",3,MP-ADPD-2022-ACC-03,adpd,2022,No footpath should be blocked by a gate unless there is proof the land is private.,0.24,weak,0.06,shared: private; same party; same subtopic (Open spaces & parks),
MP-ADPD-2026-OS-02,adpd,2026,"Protect existing open spaces first, starting with large private gardens in urban areas and village cores threatened by flats.",x,MP-PL-2022-286,pl,2022,"Negotiate with private owners of open spaces and large gardens, mainly in urban cores, to lease or buy them and open them to the public.",0.56,strong,0.48,"shared: core, large, urban, private, garden; other party; same subtopic (Open spaces & parks)",
MP-ADPD-2026-OS-03,adpd,2026,"Next, protect agricultural land being lost to roads, development and recreational use.",1,MP-ADPD-2022-ACC-04,adpd,2022,Footpaths on public land leased to farmers should remain open to the public.,0.24,weak,0.06,shared: land; same party; same subtopic (Land take & agriculture),
MP-ADPD-2026-OS-03,adpd,2026,"Next, protect agricultural land being lost to roads, development and recreational use.",2,MP-ADPD-2022-ODZ-01,adpd,2022,"Give local councils effective power, directly or through local referenda, to stop projects outside the development zone unless Parliament approves them as nationally needed.",0.22,weak,0.04,shared: development; same party; same subtopic (Land take & agriculture),
MP-ADPD-2026-OS-03,adpd,2026,"Next, protect agricultural land being lost to roads, development and recreational use.",3,MP-ADPD-2022-ACC-03,adpd,2022,No footpath should be blocked by a gate unless there is proof the land is private.,0.19,weak,0.05,shared: land; same party; same topic (Land & Trees),
MP-ADPD-2026-OS-04,adpd,2026,"Open spaces should reintroduce nature into localities, not add concrete, and should not be used for car parking.",1,MP-ADPD-2022-7,adpd,2022,"Solar farms must not be used as an excuse to destroy more farmland, even land not being cultivated.",0.28,weak,0.18,shared: used; same party; other topic,
MP-ADPD-2026-OS-04,adpd,2026,"Open spaces should reintroduce nature into localities, not add concrete, and should not be used for car parking.",2,MP-ADPD-2022-LAND-05,adpd,2022,Return Manoel Island and Fort Manoel to public ownership as undeveloped open space.,0.27,weak,0.09,"shared: open, space, open space, park (concept); same party; same subtopic (Open spaces & parks)",
MP-ADPD-2026-OS-04,adpd,2026,"Open spaces should reintroduce nature into localities, not add concrete, and should not be used for car parking.",3,MP-ADPD-2022-LAND-03,adpd,2022,"Take back streets for people, turning public space now used by cars into public space for people via a transport decarbonisation plan.",0.26,weak,0.16,"shared: used, space; same party; other topic",
MP-ADPD-2026-SD-01,adpd,2026,Give the Guardian of Future Generations the capacity to scrutinise the government's work.,1,MP-ADPD-2022-SD-01,adpd,2022,Give the Guardian of Future Generations the capacity to scrutinise the government's work.,1.16,strong,0.98,"shared: scrutinise, guardian, future, generation, capacity; same party; same subtopic (Accountability)",
MP-ADPD-2026-SD-01,adpd,2026,Give the Guardian of Future Generations the capacity to scrutinise the government's work.,2,MP-ADPD-2022-BOARD-01,adpd,2022,"Apply parliamentary scrutiny before appointment to all members of the Planning, Lands and Environment and Resources authority boards.",0.18,weak,0.00,same party; same subtopic (Accountability),
MP-ADPD-2026-SD-01,adpd,2026,Give the Guardian of Future Generations the capacity to scrutinise the government's work.,3,MP-ADPD-2022-BOARD-02,adpd,2022,"Laws should give civil society proper representation on these boards, chosen by civil society itself rather than vetted by the minister.",0.18,weak,0.00,same party; same subtopic (Accountability),
MP-ADPD-2026-SEA-01,adpd,2026,"Set up a ministry for maritime policy covering the blue economy, fisheries, marine protection and coast, implementing the Public Domain law to secure coastal access.",1,MP-ADPD-2022-16,adpd,2022,"Tie all state aid to companies, immediately, to climate-friendly changes in operations, fewer redundancies, equal pay and retraining for a green, circular economy.",0.16,weak,0.06,shared: economy; same party; other topic,
MP-ADPD-2026-SEA-01,adpd,2026,"Set up a ministry for maritime policy covering the blue economy, fisheries, marine protection and coast, implementing the Public Domain law to secure coastal access.",2,MP-PN-2022-192,pn,2022,"Extend protection to a larger number of marine protected areas, supporting the diving industry's environment.",0.21,weak,0.13,"shared: protection, marine; other party; same subtopic (Marine protection)",
MP-ADPD-2026-SEA-01,adpd,2026,"Set up a ministry for maritime policy covering the blue economy, fisheries, marine protection and coast, implementing the Public Domain law to secure coastal access.",3,MP-PN-2022-178,pn,2022,"Give environmental protection top priority when drafting every policy and law, to shield the environment from degradation.",0.19,weak,0.19,"shared: law, protection, policy; other party; other topic",
MP-ADPD-2026-SEA-02,adpd,2026,"At the EU Council, Malta should press for rules against marine pollution and for sustainable, artisanal fishing.",1,MP-ADPD-2022-BOARD-05,adpd,2022,"Set clear conduct rules for board members, including a register of their assets.",0.19,weak,0.09,shared: rule; same party; other topic,
MP-ADPD-2026-SEA-02,adpd,2026,"At the EU Council, Malta should press for rules against marine pollution and for sustainable, artisanal fishing.",2,MP-ADPD-2022-6,adpd,2022,"Allow quarries as solar farms only under strict rules: structures prefabricated or fully reversible, no concreting of land, no warehouses or industrial buildings.",0.18,weak,0.08,shared: rule; same party; other topic,
MP-ADPD-2026-SEA-02,adpd,2026,"At the EU Council, Malta should press for rules against marine pollution and for sustainable, artisanal fishing.",3,MP-ADPD-2022-ODZ-01,adpd,2022,"Give local councils effective power, directly or through local referenda, to stop projects outside the development zone unless Parliament approves them as nationally needed.",0.17,weak,0.07,shared: council; same party; other topic,
MP-ADPD-2026-SEA-03,adpd,2026,Work with fishers and coastal communities to protect biodiversity and fight climate change.,1,MP-ADPD-2022-CLIM-02,adpd,2022,Malta's climate-change targets should no longer be set at the minimum possible.,0.33,weak,0.23,"shared: change, climate, climate change; same party; other topic",
MP-ADPD-2026-SEA-03,adpd,2026,Work with fishers and coastal communities to protect biodiversity and fight climate change.,2,MP-ADPD-2022-16,adpd,2022,"Tie all state aid to companies, immediately, to climate-friendly changes in operations, fewer redundancies, equal pay and retraining for a green, circular economy.",0.21,weak,0.11,"shared: change, climate; same party; other topic",
MP-ADPD-2026-SEA-03,adpd,2026,Work with fishers and coastal communities to protect biodiversity and fight climate change.,3,MP-ADPD-2022-LAND-04,adpd,2022,"Opposes the proposed motor-racing track (at Ħal Far), citing noise and ecological impacts on nearby communities.",0.21,weak,0.11,shared: communitie; same party; other topic,
MP-ADPD-2026-WASTE-01,adpd,2026,Aim for zero waste to landfill and keep waste incineration to the minimum possible.,1,MP-ADPD-2022-9,adpd,2022,"Make long-term investment in offshore wind energy, presented as necessary for the 2050 zero-carbon goal.",0.37,possible,0.23,"shared: zero, goal; same figures: 2050; same party; other topic",
MP-ADPD-2026-WASTE-01,adpd,2026,Aim for zero waste to landfill and keep waste incineration to the minimum possible.,2,MP-ADPD-2022-CLIM-02,adpd,2022,Malta's climate-change targets should no longer be set at the minimum possible.,0.35,possible,0.25,"shared: minimum, possible, minimum possible; same party; other topic",
MP-ADPD-2026-WASTE-01,adpd,2026,Aim for zero waste to landfill and keep waste incineration to the minimum possible.,3,MP-ADPD-2022-CLIM-01,adpd,2022,"Cut emissions drastically, by well over half, by 2030, so that Malta becomes a zero-carbon society by 2050 or sooner.",0.33,weak,0.19,shared: zero; same figures: 2050; same party; other topic,
MP-ADPD-2026-WASTE-02,adpd,2026,Reduce single-use containers through in-shop refill systems and incentives and disincentives for producers.,1,MP-ADPD-2022-14,adpd,2022,Set up an enforced national system to collect waste vegetable oil and turn it into biodiesel for power stations.,0.19,weak,0.09,shared: system; same party; other topic,
MP-ADPD-2026-WASTE-02,adpd,2026,Reduce single-use containers through in-shop refill systems and incentives and disincentives for producers.,2,MP-ADPD-2022-16,adpd,2022,"Tie all state aid to companies, immediately, to climate-friendly changes in operations, fewer redundancies, equal pay and retraining for a green, circular economy.",0.18,weak,0.00,same party; same subtopic (Recycling & separation),
MP-ADPD-2026-WASTE-02,adpd,2026,Reduce single-use containers through in-shop refill systems and incentives and disincentives for producers.,3,MP-ADPD-2022-WASTE-01,adpd,2022,"The tourism industry should be made to control the waste, especially organic waste, that it generates.",0.18,weak,0.00,same party; same subtopic (Recycling & separation),
MP-ADPD-2026-WASTE-03,adpd,2026,Put more emphasis on cutting excess consumption and on access to good-tasting drinking water at home.,1,MP-ADPD-2022-WATER-03,adpd,2022,State aid schemes should increasingly help owners improve water storage in existing buildings.,0.21,weak,0.03,shared: water; same party; same subtopic (Water supply & groundwater),
MP-ADPD-2026-WASTE-03,adpd,2026,Put more emphasis on cutting excess consumption and on access to good-tasting drinking water at home.,2,MP-ADPD-2022-WATER-01,adpd,2022,Store more rainwater.,0.18,weak,0.00,same party; same subtopic (Water supply & groundwater),
MP-ADPD-2026-WASTE-03,adpd,2026,Put more emphasis on cutting excess consumption and on access to good-tasting drinking water at home.,3,MP-ADPD-2022-WATER-02,adpd,2022,"Monitor buildings now going up more closely, so they provide for rainwater storage.",0.18,weak,0.00,same party; same subtopic (Water supply & groundwater),
MP-ADPD-2026-WASTE-04,adpd,2026,"Fund local councils and regions, from importer and producer contributions, to enforce waste-reduction laws and run education campaigns.",1,MP-ADPD-2022-WASTE-02,adpd,2022,Do more to cut the waste generated (waste minimisation) and recycle much more of it.,0.27,weak,0.09,shared: waste; same party; same subtopic (Recycling & separation),
MP-ADPD-2026-WASTE-04,adpd,2026,"Fund local councils and regions, from importer and producer contributions, to enforce waste-reduction laws and run education campaigns.",2,MP-ADPD-2022-WASTE-01,adpd,2022,"The tourism industry should be made to control the waste, especially organic waste, that it generates.",0.24,weak,0.06,shared: waste; same party; same subtopic (Recycling & separation),
MP-ADPD-2026-WASTE-04,adpd,2026,"Fund local councils and regions, from importer and producer contributions, to enforce waste-reduction laws and run education campaigns.",3,MP-ADPD-2022-ODZ-01,adpd,2022,"Give local councils effective power, directly or through local referenda, to stop projects outside the development zone unless Parliament approves them as nationally needed.",0.21,weak,0.11,"shared: local, council, local council; same party; other topic",
MP-ADPD-2026-WASTE-05,adpd,2026,Government should focus on the commercial sector and require all commercial waste to be separated as the law sets out.,1,MP-ADPD-2022-1,adpd,2022,"Use every public building, factory and commercial building to generate solar energy.",0.30,weak,0.20,shared: commercial; same party; other topic,
MP-ADPD-2026-WASTE-05,adpd,2026,Government should focus on the commercial sector and require all commercial waste to be separated as the law sets out.,2,MP-ADPD-2022-WASTE-02,adpd,2022,Do more to cut the waste generated (waste minimisation) and recycle much more of it.,0.30,weak,0.12,shared: waste; same party; same subtopic (Recycling & separation),
MP-ADPD-2026-WASTE-05,adpd,2026,Government should focus on the commercial sector and require all commercial waste to be separated as the law sets out.,3,MP-ADPD-2022-WASTE-01,adpd,2022,"The tourism industry should be made to control the waste, especially organic waste, that it generates.",0.26,weak,0.08,shared: waste; same party; same subtopic (Recycling & separation),
MP-ADPD-2026-WASTE-06,adpd,2026,"Buildings should be dismantled rather than demolished, with urgent laws and initiatives for reusing building materials.",1,MP-ADPD-2022-BOARD-02,adpd,2022,"Laws should give civil society proper representation on these boards, chosen by civil society itself rather than vetted by the minister.",0.25,weak,0.15,"shared: rather, laws; same party; other topic",
MP-ADPD-2026-WASTE-06,adpd,2026,"Buildings should be dismantled rather than demolished, with urgent laws and initiatives for reusing building materials.",2,MP-ADPD-2022-1,adpd,2022,"Use every public building, factory and commercial building to generate solar energy.",0.22,weak,0.12,shared: building; same party; other topic,
MP-ADPD-2026-WASTE-06,adpd,2026,"Buildings should be dismantled rather than demolished, with urgent laws and initiatives for reusing building materials.",3,MP-ADPD-2022-11,adpd,2022,"Require, with immediate effect, every new building to have a solar water heater.",0.18,weak,0.08,shared: building; same party; other topic,
MP-ADPD-2026-WASTE-07,adpd,2026,"Tie every incentive to industry and commerce to clear, binding, annually reported resource-use and zero-waste targets.",1,MP-ADPD-2022-WASTE-01,adpd,2022,"The tourism industry should be made to control the waste, especially organic waste, that it generates.",0.33,weak,0.15,"shared: industry, waste; same party; same subtopic (Recycling & separation)",
MP-ADPD-2026-WASTE-07,adpd,2026,"Tie every incentive to industry and commerce to clear, binding, annually reported resource-use and zero-waste targets.",2,MP-ADPD-2022-WASTE-02,adpd,2022,Do more to cut the waste generated (waste minimisation) and recycle much more of it.,0.27,weak,0.09,shared: waste; same party; same subtopic (Recycling & separation),
MP-ADPD-2026-WASTE-07,adpd,2026,"Tie every incentive to industry and commerce to clear, binding, annually reported resource-use and zero-waste targets.",3,MP-ADPD-2022-16,adpd,2022,"Tie all state aid to companies, immediately, to climate-friendly changes in operations, fewer redundancies, equal pay and retraining for a green, circular economy.",0.26,weak,0.08,shared: tie; same party; same subtopic (Recycling & separation),
MP-ADPD-2026-WASTE-08,adpd,2026,Scale companies' obligations by sector and size of business.,1,MP-ADPD-2022-16,adpd,2022,"Tie all state aid to companies, immediately, to climate-friendly changes in operations, fewer redundancies, equal pay and retraining for a green, circular economy.",0.25,weak,0.11,shared: companie; same party; same topic (Waste),
MP-ADPD-2026-WASTE-08,adpd,2026,Scale companies' obligations by sector and size of business.,2,MP-PN-2022-215,pn,2022,"Increase renewable capacity by investing, with private-sector involvement, in a large-scale deep-sea offshore wind farm.",0.19,weak,0.19,"shared: scale, sector; other party; other topic",
MP-ADPD-2026-WASTE-08,adpd,2026,Scale companies' obligations by sector and size of business.,3,MP-PL-2022-348,pl,2022,"Implement the Long Term Waste Management Plan to reduce waste, advance processing systems and create business opportunities in a circular economy.",0.17,weak,0.13,shared: business; other party; same topic (Waste),
MP-ADPD-2026-WASTE-09,adpd,2026,Incinerate the least waste possible; criticises the government's plan to incinerate 40% of waste and an incinerator sized accordingly.,1,MP-ADPD-2022-WASTE-03,adpd,2022,"Opposes the government's planned waste incinerator at Magħtab, arguing that it would discourage recycling.",0.64,strong,0.46,"shared: incinerator, oppose, waste, waste incinerator, wte (concept); same party; same subtopic (Landfill & treatment)",
MP-ADPD-2026-WASTE-09,adpd,2026,Incinerate the least waste possible; criticises the government's plan to incinerate 40% of waste and an incinerator sized accordingly.,2,MP-ADPD-2022-WASTE-02,adpd,2022,Do more to cut the waste generated (waste minimisation) and recycle much more of it.,0.32,weak,0.18,shared: waste; same party; same topic (Waste),
MP-ADPD-2026-WASTE-09,adpd,2026,Incinerate the least waste possible; criticises the government's plan to incinerate 40% of waste and an incinerator sized accordingly.,3,MP-ADPD-2022-12,adpd,2022,"Extract as much methane as possible from organic waste, including farm manure, and use it to generate electricity.",0.30,weak,0.20,"shared: possible, waste; same party; other topic",
MP-ADPD-2026-WASTE-10,adpd,2026,Propose and enforce Malta-specific laws obliging reuse of all usable material from demolished buildings.,1,MP-ADPD-2022-16,adpd,2022,"Tie all state aid to companies, immediately, to climate-friendly changes in operations, fewer redundancies, equal pay and retraining for a green, circular economy.",0.18,weak,0.00,same party; same subtopic (Recycling & separation),
MP-ADPD-2026-WASTE-10,adpd,2026,Propose and enforce Malta-specific laws obliging reuse of all usable material from demolished buildings.,2,MP-ADPD-2022-WASTE-01,adpd,2022,"The tourism industry should be made to control the waste, especially organic waste, that it generates.",0.18,weak,0.00,same party; same subtopic (Recycling & separation),
MP-ADPD-2026-WASTE-10,adpd,2026,Propose and enforce Malta-specific laws obliging reuse of all usable material from demolished buildings.,3,MP-ADPD-2022-WASTE-02,adpd,2022,Do more to cut the waste generated (waste minimisation) and recycle much more of it.,0.18,weak,0.00,same party; same subtopic (Recycling & separation),
MP-ADPD-2026-WASTE-11,adpd,2026,"Charge high fees for disposing of construction waste, ending the current subsidised rates.",1,MP-ADPD-2022-WASTE-02,adpd,2022,Do more to cut the waste generated (waste minimisation) and recycle much more of it.,0.24,weak,0.10,shared: waste; same party; same topic (Waste),
MP-ADPD-2026-WASTE-11,adpd,2026,"Charge high fees for disposing of construction waste, ending the current subsidised rates.",2,MP-ADPD-2022-WASTE-01,adpd,2022,"The tourism industry should be made to control the waste, especially organic waste, that it generates.",0.21,weak,0.07,shared: waste; same party; same topic (Waste),
MP-ADPD-2026-WASTE-11,adpd,2026,"Charge high fees for disposing of construction waste, ending the current subsidised rates.",3,MP-ADPD-2022-WASTE-03,adpd,2022,"Opposes the government's planned waste incinerator at Magħtab, arguing that it would discourage recycling.",0.19,weak,0.05,shared: waste; same party; same topic (Waste),
MP-ADPD-2026-WASTE-12,adpd,2026,"Accelerate waste separation in catering immediately, with clearer obligations and strict enforcement.",1,MP-ADPD-2022-16,adpd,2022,"Tie all state aid to companies, immediately, to climate-friendly changes in operations, fewer redundancies, equal pay and retraining for a green, circular economy.",0.39,possible,0.21,shared: immediately; same party; same subtopic (Recycling & separation),
MP-ADPD-2026-WASTE-12,adpd,2026,"Accelerate waste separation in catering immediately, with clearer obligations and strict enforcement.",2,MP-ADPD-2022-11,adpd,2022,"Require, with immediate effect, every new building to have a solar water heater.",0.30,weak,0.20,shared: immediately; same party; other topic,
MP-ADPD-2026-WASTE-12,adpd,2026,"Accelerate waste separation in catering immediately, with clearer obligations and strict enforcement.",3,MP-ADPD-2022-WASTE-02,adpd,2022,Do more to cut the waste generated (waste minimisation) and recycle much more of it.,0.30,weak,0.12,"shared: waste, recycling (concept); same party; same subtopic (Recycling & separation)",
MP-ADPD-2026-WASTE-13,adpd,2026,"Require every industry to have a clear, mandatory plan to cut waste and use raw materials efficiently.",1,MP-ADPD-2022-WASTE-02,adpd,2022,Do more to cut the waste generated (waste minimisation) and recycle much more of it.,0.45,possible,0.27,"shared: waste, cut, cut waste; same party; same subtopic (Recycling & separation)",
MP-ADPD-2026-WASTE-13,adpd,2026,"Require every industry to have a clear, mandatory plan to cut waste and use raw materials efficiently.",2,MP-ADPD-2022-WASTE-01,adpd,2022,"The tourism industry should be made to control the waste, especially organic waste, that it generates.",0.36,possible,0.18,"shared: industry, waste; same party; same subtopic (Recycling & separation)",
MP-ADPD-2026-WASTE-13,adpd,2026,"Require every industry to have a clear, mandatory plan to cut waste and use raw materials efficiently.",3,MP-ADPD-2022-3,adpd,2022,Require every new building to be carbon neutral and generate all the energy it needs.,0.27,weak,0.17,"shared: require, every, require every; same party; other topic",
MP-ADPD-2026-WASTE-14,adpd,2026,"Tie every incentive, including fiscal ones, strictly to energy efficiency, material efficiency and zero-waste targets.",1,MP-ADPD-2022-WASTE-02,adpd,2022,Do more to cut the waste generated (waste minimisation) and recycle much more of it.,0.27,weak,0.09,shared: waste; same party; same subtopic (Recycling & separation),
MP-ADPD-2026-WASTE-14,adpd,2026,"Tie every incentive, including fiscal ones, strictly to energy efficiency, material efficiency and zero-waste targets.",2,MP-ADPD-2022-16,adpd,2022,"Tie all state aid to companies, immediately, to climate-friendly changes in operations, fewer redundancies, equal pay and retraining for a green, circular economy.",0.26,weak,0.08,shared: tie; same party; same subtopic (Recycling & separation),
MP-ADPD-2026-WASTE-14,adpd,2026,"Tie every incentive, including fiscal ones, strictly to energy efficiency, material efficiency and zero-waste targets.",3,MP-ADPD-2022-WASTE-01,adpd,2022,"The tourism industry should be made to control the waste, especially organic waste, that it generates.",0.24,weak,0.06,shared: waste; same party; same subtopic (Recycling & separation),
MP-ADPD-2026-WASTE-15,adpd,2026,Address quarrying and construction waste: reduce construction and dismantle buildings stone by stone under strict laws to cut demand for virgin stone.,1,MP-ADPD-2022-WASTE-02,adpd,2022,Do more to cut the waste generated (waste minimisation) and recycle much more of it.,0.30,weak,0.16,"shared: waste, cut; same party; same topic (Waste)",
MP-ADPD-2026-WASTE-15,adpd,2026,Address quarrying and construction waste: reduce construction and dismantle buildings stone by stone under strict laws to cut demand for virgin stone.,2,MP-ADPD-2022-6,adpd,2022,"Allow quarries as solar farms only under strict rules: structures prefabricated or fully reversible, no concreting of land, no warehouses or industrial buildings.",0.20,weak,0.10,"shared: strict, building; same party; other topic",
MP-ADPD-2026-WASTE-15,adpd,2026,Address quarrying and construction waste: reduce construction and dismantle buildings stone by stone under strict laws to cut demand for virgin stone.,3,MP-ADPD-2022-WASTE-01,adpd,2022,"The tourism industry should be made to control the waste, especially organic waste, that it generates.",0.20,weak,0.06,shared: waste; same party; same topic (Waste),
MP-ADPD-2026-WASTE-15,adpd,2026,Address quarrying and construction waste: reduce construction and dismantle buildings stone by stone under strict laws to cut demand for virgin stone.,x,MP-PL-2022-356,pl,2022,"Encourage recycled construction materials, including franka stone and reconstituted stone, and require a balance of used and new material in public projects.",0.53,possible,0.49,"shared: stone, construction; other party; same topic (Waste)",
MP-ADPD-2026-WATER-01,adpd,2026,"Monitor buildings now going up more closely, so they provide for rainwater storage.",1,MP-ADPD-2022-WATER-02,adpd,2022,"Monitor buildings now going up more closely, so they provide for rainwater storage.",1.18,strong,1.00,"shared: closely, going, monitor, rainwater, provide; same party; same subtopic (Water supply & groundwater)",
MP-ADPD-2026-WATER-01,adpd,2026,"Monitor buildings now going up more closely, so they provide for rainwater storage.",2,MP-ADPD-2022-WATER-01,adpd,2022,Store more rainwater.,0.43,possible,0.25,"shared: rainwater, reservoir (concept), heading: ilma; same party; same subtopic (Water supply & groundwater)",
MP-ADPD-2026-WATER-01,adpd,2026,"Monitor buildings now going up more closely, so they provide for rainwater storage.",3,MP-ADPD-2022-WATER-03,adpd,2022,State aid schemes should increasingly help owners improve water storage in existing buildings.,0.33,weak,0.15,"shared: storage, building, reservoir (concept), storage (concept), heading: ilma; same party; same subtopic (Water supply & groundwater)",
MP-ADPD-2026-WATER-02,adpd,2026,State aid schemes should increasingly help owners improve water storage in existing buildings.,1,MP-ADPD-2022-WATER-03,adpd,2022,State aid schemes should increasingly help owners improve water storage in existing buildings.,1.18,strong,1.00,"shared: increasingly, state, aid, existing, improve; same party; same subtopic (Water supply & groundwater)",
MP-ADPD-2026-WATER-02,adpd,2026,State aid schemes should increasingly help owners improve water storage in existing buildings.,2,MP-ADPD-2022-WATER-02,adpd,2022,"Monitor buildings now going up more closely, so they provide for rainwater storage.",0.33,weak,0.15,"shared: storage, building, reservoir (concept), storage (concept), heading: ilma; same party; same subtopic (Water supply & groundwater)",
MP-ADPD-2026-WATER-02,adpd,2026,State aid schemes should increasingly help owners improve water storage in existing buildings.,3,MP-ADPD-2022-16,adpd,2022,"Tie all state aid to companies, immediately, to climate-friendly changes in operations, fewer redundancies, equal pay and retraining for a green, circular economy.",0.27,weak,0.17,"shared: state, aid, state aid; same party; other topic",
MP-ADPD-2026-WATER-03,adpd,2026,"Pay more attention to using treated sewage effluent, particularly in agriculture.",1,MP-ADPD-2022-WATER-04,adpd,2022,"Pay more attention to using treated sewage effluent, particularly in agriculture.",1.18,strong,1.00,"shared: treated, effluent, attention, pay, particularly; same party; same subtopic (Bathing water & sewage)",
MP-ADPD-2026-WATER-03,adpd,2026,"Pay more attention to using treated sewage effluent, particularly in agriculture.",2,MP-ADPD-2022-16,adpd,2022,"Tie all state aid to companies, immediately, to climate-friendly changes in operations, fewer redundancies, equal pay and retraining for a green, circular economy.",0.19,weak,0.09,shared: pay; same party; other topic,
MP-ADPD-2026-WATER-03,adpd,2026,"Pay more attention to using treated sewage effluent, particularly in agriculture.",3,MP-ADPD-2022-LAND-07,adpd,2022,"Keep Balluta, Xemxija and other bathing bays free of unnecessary development and commercialisation.",0.18,weak,0.00,same party; same subtopic (Bathing water & sewage),
MP-AHWA-2026-192,ahwa,2026,Seek constitutional protection for land outside development zones (ODZ).,1,MP-PN-2022-181,pn,2022,"Have the government add 50,000 square metres of public land to outside-development-zone areas every year.",0.56,strong,0.48,"shared: outside, zone, land, development, land outside; other party; same subtopic (Land take & agriculture)",
MP-AHWA-2026-192,ahwa,2026,Seek constitutional protection for land outside development zones (ODZ).,2,MP-PL-2022-336,pl,2022,"Start discussions on stricter rules for development proposed in outside development zones (ODZ), respecting owners’ rights.",0.53,possible,0.53,"shared: odz, outside, development, zone, zone odz; other party; other topic",
MP-AHWA-2026-192,ahwa,2026,Seek constitutional protection for land outside development zones (ODZ).,3,MP-PL-2022-317,pl,2022,"If land outside development zones is needed for a public school or hospital, turn equivalent public land within them into open space (no-net land take).",0.49,possible,0.41,"shared: land, outside, zone, development, land outside; other party; same subtopic (Land take & agriculture)",
MP-AHWA-2026-192,ahwa,2026,Seek constitutional protection for land outside development zones (ODZ).,x,MP-PN-2022-180,pn,2022,Require a two-thirds parliamentary vote before land outside the development zone can be brought into it.,0.40,possible,0.40,"shared: outside, zone, land, development, land outside; other party; other topic",
MP-AHWA-2026-193,ahwa,2026,Refuse permits for high-rise buildings outside the urban area around the two harbours.,1,MP-PL-2022-341,pl,2022,"Introduce a skyline policy balancing high-rise needs with locality identity, views and residents’ interests, particularly in Gozo.",0.34,weak,0.30,"shared: rise, high, high rise, height (concept), heading: ippjanar; other party; same topic (Planning & Housing)",
MP-AHWA-2026-193,ahwa,2026,Refuse permits for high-rise buildings outside the urban area around the two harbours.,2,MP-PL-2022-338,pl,2022,"Make urban conservation areas (UCAs) irrevocable except for extension, and introduce buffer zones around them.",0.22,weak,0.18,"shared: urban, area, heading: ippjanar; other party; same topic (Planning & Housing)",
MP-AHWA-2026-193,ahwa,2026,Refuse permits for high-rise buildings outside the urban area around the two harbours.,3,MP-PL-2022-350,pl,2022,"Work on a pilot underground refuse collection project to reduce visual impact, odours and inconvenience.",0.16,weak,0.16,shared: refuse; other party; other topic,
MP-AHWA-2026-194,ahwa,2026,"Stop construction sites that breach health and safety rules or cause excessive nuisance, fining owners €1,000 a day until compliant, and require bank guarantees to cover damage to neighbours.",1,MP-PN-2022-183,pn,2022,Stop treating commercial development as an activity to be pursued regardless of the harm it may cause.,0.27,weak,0.19,"shared: cause, stop; other party; same subtopic (Development & construction)",
MP-AHWA-2026-194,ahwa,2026,"Stop construction sites that breach health and safety rules or cause excessive nuisance, fining owners €1,000 a day until compliant, and require bank guarantees to cover damage to neighbours.",2,MP-PN-2022-179,pn,2022,"Take a clear stand against excessive development and in favour of conservation through legislation, policy and enforcement.",0.21,weak,0.13,shared: excessive; other party; same subtopic (Development & construction),
MP-AHWA-2026-194,ahwa,2026,"Stop construction sites that breach health and safety rules or cause excessive nuisance, fining owners €1,000 a day until compliant, and require bank guarantees to cover damage to neighbours.",3,MP-PN-2022-185,pn,2022,Oblige developers to provide alternative accommodation to neighbours of excavation sites during risky periods and lodge a deposit released immediately to people whose property is damaged.,0.21,weak,0.13,"shared: neighbour, site; other party; same subtopic (Development & construction)",
MP-AHWA-2026-195,ahwa,2026,"Make contractors or developers face mandatory prison sentences, not just fines, when negligence causes a building collapse or injury.",1,MP-PN-2022-186,pn,2022,"Require started building projects to be completed within a legally set time, with fines and other enforcement if they are not.",0.25,weak,0.17,"shared: fine, building; other party; same subtopic (Development & construction)",
MP-AHWA-2026-195,ahwa,2026,"Make contractors or developers face mandatory prison sentences, not just fines, when negligence causes a building collapse or injury.",2,MP-PL-2022-347,pl,2022,"Introduce laws to regulate construction better, including contractor licensing and upskilling of workers.",0.25,weak,0.17,shared: contractor; other party; same subtopic (Development & construction),
MP-AHWA-2026-195,ahwa,2026,"Make contractors or developers face mandatory prison sentences, not just fines, when negligence causes a building collapse or injury.",3,MP-PN-2022-183,pn,2022,Stop treating commercial development as an activity to be pursued regardless of the harm it may cause.,0.23,weak,0.15,shared: cause; other party; same subtopic (Development & construction),
MP-AHWA-2026-196,ahwa,2026,"Impose high, dissuasive fines on owners of buildings left unfinished for an unreasonable time or left dilapidated.",1,MP-PN-2022-186,pn,2022,"Require started building projects to be completed within a legally set time, with fines and other enforcement if they are not.",0.39,possible,0.35,"shared: time, fine, building; other party; same topic (Planning & Housing)",
MP-AHWA-2026-196,ahwa,2026,"Impose high, dissuasive fines on owners of buildings left unfinished for an unreasonable time or left dilapidated.",2,MP-ADPD-2022-4,adpd,2022,Impose a moratorium on increases in building heights so that the use of rooftop PV panels is not affected.,0.20,weak,0.16,"shared: impose, building; other party; same topic (Planning & Housing)",
MP-AHWA-2026-196,ahwa,2026,"Impose high, dissuasive fines on owners of buildings left unfinished for an unreasonable time or left dilapidated.",3,MP-PL-2022-339,pl,2022,Protect grade 2 scheduled buildings with new incentives for owners to restore them and open them to the public where possible.,0.20,weak,0.16,"shared: owner, building, heading: ippjanar; other party; same topic (Planning & Housing)",
MP-AHWA-2026-197,ahwa,2026,"Allow a buyer to bid for a whole old block of flats for restoration or rebuilding if 90% of owners agree, with no owner paid below market value.",1,MP-PL-2022-336,pl,2022,"Start discussions on stricter rules for development proposed in outside development zones (ODZ), respecting owners’ rights.",0.20,weak,0.12,"shared: owner, heading: ippjanar; other party; same subtopic (Development & construction)",
MP-AHWA-2026-197,ahwa,2026,"Allow a buyer to bid for a whole old block of flats for restoration or rebuilding if 90% of owners agree, with no owner paid below market value.",2,MP-ADPD-2022-5,adpd,2022,Create schemes and a legal framework so that apartment owners can jointly own PV panels on their block's roof.,0.20,weak,0.20,"shared: owner, block; other party; other topic",
MP-AHWA-2026-197,ahwa,2026,"Allow a buyer to bid for a whole old block of flats for restoration or rebuilding if 90% of owners agree, with no owner paid below market value.",3,MP-PL-2022-339,pl,2022,Protect grade 2 scheduled buildings with new incentives for owners to restore them and open them to the public where possible.,0.18,weak,0.14,"shared: owner, heading: ippjanar; other party; same topic (Planning & Housing)",
MP-AHWA-2026-198,ahwa,2026,"Not block demolition of buildings under 70 years old, and decide conservation of buildings aged 70 to 120 years on aesthetic and historic criteria.",1,MP-PL-2022-340,pl,2022,Draw up a building aesthetics policy with clear standards respecting old village cores and the Maltese and Gozitan landscape.,0.34,weak,0.26,"shared: aesthetic, old, building, heading: ippjanar; other party; same subtopic (Heritage & character)",
MP-AHWA-2026-198,ahwa,2026,"Not block demolition of buildings under 70 years old, and decide conservation of buildings aged 70 to 120 years on aesthetic and historic criteria.",2,MP-PL-2022-386,pl,2022,"Strengthen water conservation through improved infrastructure, water catchment systems in Malta and Gozo, restoring old reservoirs and building new ones.",0.22,weak,0.22,"shared: old, conservation, building; other party; other topic",
MP-AHWA-2026-198,ahwa,2026,"Not block demolition of buildings under 70 years old, and decide conservation of buildings aged 70 to 120 years on aesthetic and historic criteria.",3,MP-PL-2022-338,pl,2022,"Make urban conservation areas (UCAs) irrevocable except for extension, and introduce buffer zones around them.",0.21,weak,0.13,"shared: conservation, heading: ippjanar; other party; same subtopic (Heritage & character)",
MP-AHWA-2026-199,ahwa,2026,Identify illegally built or abandoned land in every village and turn it into parks and gardens for families.,1,MP-PN-2022-189,pn,2022,Carry out the largest afforestation programme in Malta's history so every community in every town and village has its own green open space.,0.36,possible,0.28,"shared: village, every, park (concept); other party; same subtopic (Open spaces & parks)",
MP-AHWA-2026-199,ahwa,2026,Identify illegally built or abandoned land in every village and turn it into parks and gardens for families.,2,MP-PL-2022-331,pl,2022,Create roof gardens on public buildings in village cores and use other public roofs to generate clean energy.,0.29,weak,0.21,"shared: village, garden, park (concept); other party; same subtopic (Open spaces & parks)",
MP-AHWA-2026-199,ahwa,2026,Identify illegally built or abandoned land in every village and turn it into parks and gardens for families.,3,MP-PL-2022-334,pl,2022,"Identify sites outside locality centres, with local councils, to serve as park-and-ride for surrounding villages.",0.24,weak,0.24,"shared: village, identify, park; other party; other topic",
MP-AHWA-2026-200,ahwa,2026,Refuse permits for places of worship or cultural centres that do not reflect Malta's traditional Christian heritage.,1,MP-PL-2022-328,pl,2022,Invest in more resources and machinery for difficult places and consolidate the work of entities cleaning public areas.,0.18,weak,0.18,shared: place; other party; other topic,
MP-AHWA-2026-200,ahwa,2026,Refuse permits for places of worship or cultural centres that do not reflect Malta's traditional Christian heritage.,2,MP-PL-2022-350,pl,2022,"Work on a pilot underground refuse collection project to reduce visual impact, odours and inconvenience.",0.17,weak,0.17,shared: refuse; other party; other topic,
MP-AHWA-2026-200,ahwa,2026,Refuse permits for places of worship or cultural centres that do not reflect Malta's traditional Christian heritage.,3,MP-ADPD-2022-ACC-02,adpd,2022,Ensure that all traditional footpaths are open and accessible to everyone.,0.13,weak,0.13,shared: traditional; other party; other topic,
MP-AHWA-2026-212,ahwa,2026,"Work towards an energy system based on renewable sources, particularly photovoltaics, with maximum national energy autonomy.",1,MP-PL-2022-406,pl,2022,Require new buildings built to the maximum height allowed in the local plan to install renewable energy systems.,0.37,possible,0.29,"shared: maximum, system, energy, renewable, energy system; other party; same subtopic (Renewables)",
MP-AHWA-2026-212,ahwa,2026,"Work towards an energy system based on renewable sources, particularly photovoltaics, with maximum national energy autonomy.",2,MP-PN-2022-220,pn,2022,"Give every Maltese and Gozitan household the chance to benefit from photovoltaic schemes, including those without roof access.",0.28,weak,0.20,"shared: photovoltaic, solar (concept), heading: energija; other party; same subtopic (Renewables)",
MP-AHWA-2026-212,ahwa,2026,"Work towards an energy system based on renewable sources, particularly photovoltaics, with maximum national energy autonomy.",3,MP-PL-2022-407,pl,2022,"Require new commercial buildings, offices and schools, and major renovations of large buildings, to install renewable energy systems.",0.24,weak,0.16,"shared: system, energy, renewable, energy system; other party; same subtopic (Renewables)",
MP-AHWA-2026-213,ahwa,2026,"Require new buildings to be passive, give incentives for energy efficiency in existing buildings, and have the state set passive-building specifications for Malta's climate.",1,MP-PL-2022-343,pl,2022,"Introduce incentives for sustainable new and renovated buildings based on energy efficiency, daylight, EV charging, waste treatment, aesthetics and greening.",0.32,weak,0.28,"shared: efficiency, building, incentive, energy efficiency, energy; other party; same topic (Climate & Energy)",
MP-AHWA-2026-213,ahwa,2026,"Require new buildings to be passive, give incentives for energy efficiency in existing buildings, and have the state set passive-building specifications for Malta's climate.",2,MP-ADPD-2022-WATER-03,adpd,2022,State aid schemes should increasingly help owners improve water storage in existing buildings.,0.26,weak,0.26,"shared: state, existing, building, existing building; other party; other topic",
MP-AHWA-2026-213,ahwa,2026,"Require new buildings to be passive, give incentives for energy efficiency in existing buildings, and have the state set passive-building specifications for Malta's climate.",3,MP-PL-2022-407,pl,2022,"Require new commercial buildings, offices and schools, and major renovations of large buildings, to install renewable energy systems.",0.21,weak,0.17,"shared: building, require, energy; other party; same topic (Climate & Energy)",
MP-AHWA-2026-214,ahwa,2026,Open electricity generation and transmission markets to competition.,1,MP-PN-2022-217,pn,2022,"Invest in a gas pipeline to Sicily, able to carry hydrogen later, to buy gas and hydrogen on the open EU market and end reliance on the Electrogas tanker.",0.30,weak,0.22,"shared: market, open, heading: energija; other party; same subtopic (Electricity & grid)",
MP-AHWA-2026-214,ahwa,2026,Open electricity generation and transmission markets to competition.,2,MP-PL-2022-398,pl,2022,Invest in large-scale land-based battery storage and upgrade the electricity grid to accommodate large offshore renewable generation.,0.29,weak,0.21,"shared: generation, electricity; other party; same subtopic (Electricity & grid)",
MP-AHWA-2026-214,ahwa,2026,Open electricity generation and transmission markets to competition.,3,MP-PN-2022-211,pn,2022,Refund all consumers the full amount the party says they were overcharged on electricity and water bills since 2013.,0.21,weak,0.13,"shared: electricity, heading: energija; other party; same subtopic (Electricity & grid)",
MP-AHWA-2026-215,ahwa,2026,"Guarantee public access to countryside paths over private land, buy back private countryside from willing sellers, and create new national parks modelled on Majjistral Park.",1,MP-PL-2022-287,pl,2022,"Demarcate public land and paths in the countryside, design nature trails across Malta and Gozo, and create a mobile app guiding people to public areas.",0.34,weak,0.26,"shared: countryside, path, land, heading: ambjent; other party; same subtopic (Open spaces & parks)",
MP-AHWA-2026-215,ahwa,2026,"Guarantee public access to countryside paths over private land, buy back private countryside from willing sellers, and create new national parks modelled on Majjistral Park.",2,MP-PL-2022-286,pl,2022,"Negotiate with private owners of open spaces and large gardens, mainly in urban cores, to lease or buy them and open them to the public.",0.26,weak,0.18,"shared: private, buy, heading: ambjent, park (concept); other party; same subtopic (Open spaces & parks)",
MP-AHWA-2026-215,ahwa,2026,"Guarantee public access to countryside paths over private land, buy back private countryside from willing sellers, and create new national parks modelled on Majjistral Park.",3,MP-PL-2022-285,pl,2022,Apply urban green reclamation: convert existing public buildings or buy private buildings to regenerate them as community open spaces in areas lacking them.,0.24,weak,0.16,"shared: private, buy, heading: ambjent, park (concept); other party; same subtopic (Open spaces & parks)",
MP-AHWA-2026-216,ahwa,2026,"Set up more than one 24-hour animal hospital at reasonable rates, equipped for biopsies and advanced blood testing.",1,MP-PL-2022-317,pl,2022,"If land outside development zones is needed for a public school or hospital, turn equivalent public land within them into open space (no-net land take).",0.16,weak,0.16,"shared: hospital, heading: arsien, heading: tal; other party; other topic",
MP-AHWA-2026-216,ahwa,2026,"Set up more than one 24-hour animal hospital at reasonable rates, equipped for biopsies and advanced blood testing.",2,MP-PL-2022-373,pl,2022,Open the animal cemetery at Ta’ Qali.,0.14,weak,0.14,"shared: animal, heading: annimali, animals (concept), heading: arsien; other party; other topic",
MP-AHWA-2026-216,ahwa,2026,"Set up more than one 24-hour animal hospital at reasonable rates, equipped for biopsies and advanced blood testing.",3,MP-PL-2022-370,pl,2022,"Open a modern rehoming centre for stray and surrendered animals, also sheltering horses and other abandoned animals.",0.13,weak,0.13,"shared: animal, heading: annimali, animals (concept), heading: arsien; other party; other topic",
MP-AHWA-2026-217,ahwa,2026,Provide a free emergency animal ambulance service with a fleet equipped with cameras and medical equipment.,1,MP-PL-2022-373,pl,2022,Open the animal cemetery at Ta’ Qali.,0.16,weak,0.16,"shared: animal, heading: annimali, animals (concept), heading: arsien; other party; other topic",
MP-AHWA-2026-217,ahwa,2026,Provide a free emergency animal ambulance service with a fleet equipped with cameras and medical equipment.,2,MP-PL-2022-370,pl,2022,"Open a modern rehoming centre for stray and surrendered animals, also sheltering horses and other abandoned animals.",0.15,weak,0.15,"shared: animal, heading: annimali, animals (concept), heading: arsien; other party; other topic",
MP-AHWA-2026-217,ahwa,2026,Provide a free emergency animal ambulance service with a fleet equipped with cameras and medical equipment.,3,MP-PL-2022-371,pl,2022,Launch a free national neutering campaign for dogs and cats.,0.12,weak,0.12,"shared: free, heading: annimali, animals (concept), heading: arsien; other party; other topic",
MP-AHWA-2026-218,ahwa,2026,"Run free national neutering programmes, with blood tests, for stray dogs and cats.",1,MP-PL-2022-371,pl,2022,Launch a free national neutering campaign for dogs and cats.,0.61,strong,0.61,"shared: neutering, dogs, cats, free, free neutering; other party; other topic",
MP-AHWA-2026-218,ahwa,2026,"Run free national neutering programmes, with blood tests, for stray dogs and cats.",2,MP-PL-2022-372,pl,2022,Start a process for domestic cats to be microchipped.,0.25,weak,0.25,"shared: cats, heading: annimali, animals (concept), heading: arsien; other party; other topic",
MP-AHWA-2026-218,ahwa,2026,"Run free national neutering programmes, with blood tests, for stray dogs and cats.",3,MP-PL-2022-370,pl,2022,"Open a modern rehoming centre for stray and surrendered animals, also sheltering horses and other abandoned animals.",0.18,weak,0.18,"shared: stray, heading: annimali, animals (concept), heading: arsien; other party; other topic",
MP-AHWA-2026-219,ahwa,2026,"Build new sanctuaries for all types of animal, with sections for animals with incurable conditions.",1,MP-PL-2022-375,pl,2022,"Continue supporting animal sanctuaries, including direct help with repairs and maintenance.",0.34,weak,0.34,"shared: sanctuarie, animal, heading: annimali, animals (concept), heading: arsien; other party; other topic",
MP-AHWA-2026-219,ahwa,2026,"Build new sanctuaries for all types of animal, with sections for animals with incurable conditions.",2,MP-PL-2022-368,pl,2022,Change the law so the Animal Welfare Directorate can remove animals in poor conditions before a final court decision.,0.31,weak,0.31,"shared: animal, condition, heading: annimali, animals (concept), heading: arsien; other party; other topic",
MP-AHWA-2026-219,ahwa,2026,"Build new sanctuaries for all types of animal, with sections for animals with incurable conditions.",3,MP-PL-2022-373,pl,2022,Open the animal cemetery at Ta’ Qali.,0.28,weak,0.28,"shared: animal, heading: annimali, animals (concept), heading: arsien; other party; other topic",
MP-AHWA-2026-220,ahwa,2026,"Create full-time, decently paid jobs in animal sanctuaries instead of relying only on volunteers.",1,MP-PL-2022-375,pl,2022,"Continue supporting animal sanctuaries, including direct help with repairs and maintenance.",0.31,weak,0.31,"shared: sanctuarie, animal, animal sanctuarie, heading: annimali, animals (concept); other party; other topic",
MP-AHWA-2026-220,ahwa,2026,"Create full-time, decently paid jobs in animal sanctuaries instead of relying only on volunteers.",2,MP-PL-2022-373,pl,2022,Open the animal cemetery at Ta’ Qali.,0.18,weak,0.18,"shared: animal, heading: annimali, animals (concept), heading: arsien; other party; other topic",
MP-AHWA-2026-220,ahwa,2026,"Create full-time, decently paid jobs in animal sanctuaries instead of relying only on volunteers.",3,MP-PL-2022-370,pl,2022,"Open a modern rehoming centre for stray and surrendered animals, also sheltering horses and other abandoned animals.",0.17,weak,0.17,"shared: animal, heading: annimali, animals (concept), heading: arsien; other party; other topic",
MP-AHWA-2026-221,ahwa,2026,Install CCTV-equipped shelters for stray cats and give food and supplies to volunteer feeders.,1,MP-PL-2022-372,pl,2022,Start a process for domestic cats to be microchipped.,0.26,weak,0.26,"shared: cats, heading: annimali, animals (concept), heading: arsien; other party; other topic",
MP-AHWA-2026-221,ahwa,2026,Install CCTV-equipped shelters for stray cats and give food and supplies to volunteer feeders.,2,MP-PL-2022-370,pl,2022,"Open a modern rehoming centre for stray and surrendered animals, also sheltering horses and other abandoned animals.",0.19,weak,0.19,"shared: stray, heading: annimali, animals (concept), heading: arsien; other party; other topic",
MP-AHWA-2026-221,ahwa,2026,Install CCTV-equipped shelters for stray cats and give food and supplies to volunteer feeders.,3,MP-PL-2022-371,pl,2022,Launch a free national neutering campaign for dogs and cats.,0.17,weak,0.17,"shared: cats, heading: annimali, animals (concept), heading: arsien; other party; other topic",
MP-AHWA-2026-222,ahwa,2026,"Set up an armed, specialised Animal Police squad with powers of arrest for animal abuse.",1,MP-PL-2022-373,pl,2022,Open the animal cemetery at Ta’ Qali.,0.27,weak,0.27,"shared: animal, heading: annimali, animals (concept), heading: arsien; other party; other topic",
MP-AHWA-2026-222,ahwa,2026,"Set up an armed, specialised Animal Police squad with powers of arrest for animal abuse.",2,MP-PL-2022-370,pl,2022,"Open a modern rehoming centre for stray and surrendered animals, also sheltering horses and other abandoned animals.",0.26,weak,0.26,"shared: animal, heading: annimali, animals (concept), heading: arsien; other party; other topic",
MP-AHWA-2026-222,ahwa,2026,"Set up an armed, specialised Animal Police squad with powers of arrest for animal abuse.",3,MP-PL-2022-368,pl,2022,Change the law so the Animal Welfare Directorate can remove animals in poor conditions before a final court decision.,0.18,weak,0.18,"shared: animal, heading: annimali, animals (concept), heading: arsien; other party; other topic",
MP-AHWA-2026-223,ahwa,2026,Toughen penalties for animal abusers and enter them in a national register barring them from adopting.,1,MP-PL-2022-373,pl,2022,Open the animal cemetery at Ta’ Qali.,0.22,weak,0.22,"shared: animal, heading: annimali, animals (concept), heading: arsien; other party; other topic",
MP-AHWA-2026-223,ahwa,2026,Toughen penalties for animal abusers and enter them in a national register barring them from adopting.,2,MP-PL-2022-370,pl,2022,"Open a modern rehoming centre for stray and surrendered animals, also sheltering horses and other abandoned animals.",0.20,weak,0.20,"shared: animal, heading: annimali, animals (concept), heading: arsien; other party; other topic",
MP-AHWA-2026-223,ahwa,2026,Toughen penalties for animal abusers and enter them in a national register barring them from adopting.,3,MP-PL-2022-322,pl,2022,Draw up a register of Maltese flora and fauna to monitor conservation of local habitats and species.,0.20,weak,0.20,"shared: register, heading: tal; other party; other topic",
MP-AHWA-2026-224,ahwa,2026,"Make adoption subject to strict contracts, compulsory microchips and ongoing home spot checks.",1,MP-PL-2022-369,pl,2022,"Extend the Adopt a Pet Allowance, strengthen adoption campaigns and develop a central digital adoption platform.",0.21,weak,0.21,"shared: adoption, heading: annimali, heading: arsien; other party; other topic",
MP-AHWA-2026-224,ahwa,2026,"Make adoption subject to strict contracts, compulsory microchips and ongoing home spot checks.",2,MP-PL-2022-330,pl,2022,Launch new schemes encouraging residents to green the façades and roofs of their homes.,0.11,weak,0.11,shared: home; other party; other topic,
MP-AHWA-2026-224,ahwa,2026,"Make adoption subject to strict contracts, compulsory microchips and ongoing home spot checks.",3,MP-ADPD-2022-6,adpd,2022,"Allow quarries as solar farms only under strict rules: structures prefabricated or fully reversible, no concreting of land, no warehouses or industrial buildings.",0.09,weak,0.09,shared: strict; other party; other topic,
MP-AHWA-2026-225,ahwa,2026,Give free help with vet costs to owners who cannot afford them and incentives for behavioural training.,1,MP-PL-2022-339,pl,2022,Protect grade 2 scheduled buildings with new incentives for owners to restore them and open them to the public where possible.,0.17,weak,0.17,"shared: owner, incentive; other party; other topic",
MP-AHWA-2026-225,ahwa,2026,Give free help with vet costs to owners who cannot afford them and incentives for behavioural training.,2,MP-PN-2022-198,pn,2022,"Offer incentives on investment, administrative costs and taxes to farmers who meet ESG criteria, to make farming more sustainable.",0.16,weak,0.16,"shared: cost, incentive; other party; other topic",
MP-AHWA-2026-225,ahwa,2026,Give free help with vet costs to owners who cannot afford them and incentives for behavioural training.,3,MP-PL-2022-393,pl,2022,"Set up an international centre of excellence on desalination and water treatment, offering research and training with the University of Malta.",0.14,weak,0.14,shared: training; other party; other topic,
MP-AHWA-2026-226,ahwa,2026,Introduce school modules on responsibility towards animals.,1,MP-PL-2022-373,pl,2022,Open the animal cemetery at Ta’ Qali.,0.27,weak,0.27,"shared: animal, heading: annimali, animals (concept), heading: arsien; other party; other topic",
MP-AHWA-2026-226,ahwa,2026,Introduce school modules on responsibility towards animals.,2,MP-PL-2022-370,pl,2022,"Open a modern rehoming centre for stray and surrendered animals, also sheltering horses and other abandoned animals.",0.25,weak,0.25,"shared: animal, heading: annimali, animals (concept), heading: arsien; other party; other topic",
MP-AHWA-2026-226,ahwa,2026,Introduce school modules on responsibility towards animals.,3,MP-PL-2022-368,pl,2022,Change the law so the Animal Welfare Directorate can remove animals in poor conditions before a final court decision.,0.17,weak,0.17,"shared: animal, heading: annimali, animals (concept), heading: arsien; other party; other topic",
MP-AHWA-2026-227,ahwa,2026,Promote dog and cat cafés as safe recreational spaces with educational value.,1,MP-PL-2022-377,pl,2022,Continue helping local councils set up cat cafes and identify more areas for dog parks.,0.45,possible,0.45,"shared: cat, cafe, dog, cat cafe, heading: annimali; other party; other topic",
MP-AHWA-2026-227,ahwa,2026,Promote dog and cat cafés as safe recreational spaces with educational value.,2,MP-PL-2022-364,pl,2022,Keep allowing recreational fishers to fish lampuki near the coast and continue allocating part of the tuna quota to recreational fishers.,0.17,weak,0.17,shared: recreational; other party; other topic,
MP-AHWA-2026-227,ahwa,2026,Promote dog and cat cafés as safe recreational spaces with educational value.,3,MP-PL-2022-302,pl,2022,"Convert the Schreiber ground in Pace Grasso into an educational open space, planting trees and shrubs.",0.16,weak,0.16,"shared: educational, space; other party; other topic",
MP-AHWA-2026-228,ahwa,2026,Create protected areas for wild animals and safe beaches for dogs.,1,MP-PL-2022-371,pl,2022,Launch a free national neutering campaign for dogs and cats.,0.22,weak,0.22,"shared: dogs, heading: annimali, animals (concept), heading: arsien; other party; other topic",
MP-AHWA-2026-228,ahwa,2026,Create protected areas for wild animals and safe beaches for dogs.,2,MP-PL-2022-373,pl,2022,Open the animal cemetery at Ta’ Qali.,0.19,weak,0.19,"shared: animal, heading: annimali, animals (concept), heading: arsien; other party; other topic",
MP-AHWA-2026-228,ahwa,2026,Create protected areas for wild animals and safe beaches for dogs.,3,MP-PN-2022-192,pn,2022,"Extend protection to a larger number of marine protected areas, supporting the diving industry's environment.",0.18,weak,0.18,"shared: protected, area, protected area; other party; other topic",
MP-AHWA-2026-229,ahwa,2026,Give incentives to farmers adopting humane practices and special protection for working farm animals.,1,MP-PL-2022-373,pl,2022,Open the animal cemetery at Ta’ Qali.,0.19,weak,0.19,"shared: animal, heading: annimali, animals (concept), heading: arsien; other party; other topic",
MP-AHWA-2026-229,ahwa,2026,Give incentives to farmers adopting humane practices and special protection for working farm animals.,2,MP-PL-2022-370,pl,2022,"Open a modern rehoming centre for stray and surrendered animals, also sheltering horses and other abandoned animals.",0.18,weak,0.18,"shared: animal, heading: annimali, animals (concept), heading: arsien; other party; other topic",
MP-AHWA-2026-229,ahwa,2026,Give incentives to farmers adopting humane practices and special protection for working farm animals.,3,MP-PN-2022-195,pn,2022,Support farmers and herders with technical help and targeted incentives to invest more in technology and become more competitive.,0.18,weak,0.18,"shared: farmer, incentive; other party; other topic",
MP-AHWA-2026-230,ahwa,2026,"Recognise and strengthen hunters' role as guardians of Miżieb and l-Aħrax woodlands, including clearing and fire prevention.",1,MP-PL-2022-362,pl,2022,Dedicate areas at Miżieb and l-Aħrax tal-Mellieħa to picnics and camping all year round.,0.21,weak,0.21,"shared: mizieb, arax, mizieb arax; other party; other topic",
MP-AHWA-2026-230,ahwa,2026,"Recognise and strengthen hunters' role as guardians of Miżieb and l-Aħrax woodlands, including clearing and fire prevention.",2,MP-PL-2022-366,pl,2022,Work with hunters’ associations and local and foreign experts to expand research on turtle dove migration routes over Malta.,0.18,weak,0.10,"shared: hunter, hunting (concept); other party; same subtopic (Hunting & birds)",
MP-AHWA-2026-230,ahwa,2026,"Recognise and strengthen hunters' role as guardians of Miżieb and l-Aħrax woodlands, including clearing and fire prevention.",3,MP-ADPD-2022-SD-01,adpd,2022,Give the Guardian of Future Generations the capacity to scrutinise the government's work.,0.14,weak,0.14,shared: guardian; other party; other topic,
MP-AHWA-2026-231,ahwa,2026,Train hunters and trappers with Civil Protection to act as first responders in rural environmental emergencies.,1,MP-PL-2022-366,pl,2022,Work with hunters’ associations and local and foreign experts to expand research on turtle dove migration routes over Malta.,0.20,weak,0.12,"shared: hunter, hunting (concept); other party; same subtopic (Hunting & birds)",
MP-AHWA-2026-231,ahwa,2026,Train hunters and trappers with Civil Protection to act as first responders in rural environmental emergencies.,2,MP-VOLT-2022-DEV-04,volt,2022,"Revise the 2006 Local Plans with stakeholders, including civil society and locality representatives, to align them with EU environmental objectives.",0.18,weak,0.18,"shared: civil, environmental; other party; other topic",
MP-AHWA-2026-231,ahwa,2026,Train hunters and trappers with Civil Protection to act as first responders in rural environmental emergencies.,3,MP-PN-2022-178,pn,2022,"Give environmental protection top priority when drafting every policy and law, to shield the environment from degradation.",0.15,weak,0.15,"shared: protection, environmental, heading: ambjent, heading: tal; other party; other topic",
MP-AHWA-2026-232,ahwa,2026,Affirm equal rights to enjoy the countryside for birdwatchers and for those legally hunting and trapping.,1,MP-PL-2022-365,pl,2022,"Maintain hunting and trapping practice in line with EU directives, safeguarding trapping and the spring hunting season.",0.40,possible,0.32,"shared: trapping, hunting, hunting trapping, hunting (concept); other party; same subtopic (Hunting & birds)",
MP-AHWA-2026-232,ahwa,2026,Affirm equal rights to enjoy the countryside for birdwatchers and for those legally hunting and trapping.,2,MP-PN-2022-186,pn,2022,"Require started building projects to be completed within a legally set time, with fines and other enforcement if they are not.",0.12,weak,0.12,"shared: legally, heading: tal; other party; other topic",
MP-AHWA-2026-232,ahwa,2026,Affirm equal rights to enjoy the countryside for birdwatchers and for those legally hunting and trapping.,3,MP-ADPD-2022-16,adpd,2022,"Tie all state aid to companies, immediately, to climate-friendly changes in operations, fewer redundancies, equal pay and retraining for a green, circular economy.",0.11,weak,0.11,shared: equal; other party; other topic,
MP-AHWA-2026-233,ahwa,2026,End what it calls unfair hostility from NGOs towards law-abiding hunters and enforce the law fairly.,1,MP-PL-2022-366,pl,2022,Work with hunters’ associations and local and foreign experts to expand research on turtle dove migration routes over Malta.,0.19,weak,0.11,"shared: hunter, hunting (concept); other party; same subtopic (Hunting & birds)",
MP-AHWA-2026-233,ahwa,2026,End what it calls unfair hostility from NGOs towards law-abiding hunters and enforce the law fairly.,2,MP-PN-2022-178,pn,2022,"Give environmental protection top priority when drafting every policy and law, to shield the environment from degradation.",0.15,weak,0.15,"shared: law, heading: tal; other party; other topic",
MP-AHWA-2026-233,ahwa,2026,End what it calls unfair hostility from NGOs towards law-abiding hunters and enforce the law fairly.,3,MP-PN-2022-186,pn,2022,"Require started building projects to be completed within a legally set time, with fines and other enforcement if they are not.",0.14,weak,0.14,"shared: law, heading: tal; other party; other topic",
MP-AHWA-2026-234,ahwa,2026,"Set clear access rules giving hunters priority at Miżieb and l-Aħrax in season, with the areas open to the public for the rest of the year.",1,MP-PL-2022-362,pl,2022,Dedicate areas at Miżieb and l-Aħrax tal-Mellieħa to picnics and camping all year round.,0.25,weak,0.25,"shared: mizieb, arax, area, mizieb arax; other party; other topic",
MP-AHWA-2026-234,ahwa,2026,"Set clear access rules giving hunters priority at Miżieb and l-Aħrax in season, with the areas open to the public for the rest of the year.",2,MP-PL-2022-365,pl,2022,"Maintain hunting and trapping practice in line with EU directives, safeguarding trapping and the spring hunting season.",0.20,weak,0.12,"shared: season, hunting (concept); other party; same subtopic (Hunting & birds)",
MP-AHWA-2026-234,ahwa,2026,"Set clear access rules giving hunters priority at Miżieb and l-Aħrax in season, with the areas open to the public for the rest of the year.",3,MP-PL-2022-366,pl,2022,Work with hunters’ associations and local and foreign experts to expand research on turtle dove migration routes over Malta.,0.18,weak,0.10,"shared: hunter, hunting (concept); other party; same subtopic (Hunting & birds)",
MP-AHWA-2026-235,ahwa,2026,"Set up joint committees of hunters and environmentalists to manage these natural areas, focusing on conservation and native tree planting.",1,MP-PL-2022-324,pl,2022,"Run conservation programmes for native species including the wild rabbit, and extend the barn owl reintroduction project to Magħtab.",0.28,weak,0.24,"shared: native, conservation, conservation native; other party; same topic (Nature & Wildlife)",
MP-AHWA-2026-235,ahwa,2026,"Set up joint committees of hunters and environmentalists to manage these natural areas, focusing on conservation and native tree planting.",2,MP-PL-2022-305,pl,2022,"Launch a wide action plan for tree planting and afforestation, committing to 100,000 trees planted in the next five years.",0.23,weak,0.23,"shared: tree, planting, tree planting, trees (concept); other party; other topic",
MP-AHWA-2026-235,ahwa,2026,"Set up joint committees of hunters and environmentalists to manage these natural areas, focusing on conservation and native tree planting.",3,MP-PL-2022-313,pl,2022,"Ambjent Malta to continue implementing Natura 2000 management plans: native planting, rubble walls, restoring wells and cisterns, irrigation, surveillance and firefighting.",0.22,weak,0.18,"shared: native, planting, trees (concept); other party; same topic (Nature & Wildlife)",
MP-AHWA-2026-236,ahwa,2026,Run government campaigns presenting hunting positively as a land-management and conservation tool.,1,MP-PL-2022-365,pl,2022,"Maintain hunting and trapping practice in line with EU directives, safeguarding trapping and the spring hunting season.",0.27,weak,0.19,"shared: hunting, hunting (concept); other party; same subtopic (Hunting & birds)",
MP-AHWA-2026-236,ahwa,2026,Run government campaigns presenting hunting positively as a land-management and conservation tool.,2,MP-PN-2022-207,pn,2022,Redraft a plan for water conservation and effective water management.,0.25,weak,0.25,"shared: management, conservation; other party; other topic",
MP-AHWA-2026-236,ahwa,2026,Run government campaigns presenting hunting positively as a land-management and conservation tool.,3,MP-PL-2022-324,pl,2022,"Run conservation programmes for native species including the wild rabbit, and extend the barn owl reintroduction project to Magħtab.",0.23,weak,0.19,"shared: run, conservation; other party; same topic (Nature & Wildlife)",
MP-AHWA-2026-237,ahwa,2026,"Promote rural eco-tourism showing Maltese traditions, including traditional trapping and hunters' care of the environment.",1,MP-PL-2022-365,pl,2022,"Maintain hunting and trapping practice in line with EU directives, safeguarding trapping and the spring hunting season.",0.22,weak,0.14,"shared: trapping, hunting (concept); other party; same subtopic (Hunting & birds)",
MP-AHWA-2026-237,ahwa,2026,"Promote rural eco-tourism showing Maltese traditions, including traditional trapping and hunters' care of the environment.",2,MP-PL-2022-366,pl,2022,Work with hunters’ associations and local and foreign experts to expand research on turtle dove migration routes over Malta.,0.18,weak,0.10,"shared: hunter, hunting (concept); other party; same subtopic (Hunting & birds)",
MP-AHWA-2026-237,ahwa,2026,"Promote rural eco-tourism showing Maltese traditions, including traditional trapping and hunters' care of the environment.",3,MP-ADPD-2022-WASTE-01,adpd,2022,"The tourism industry should be made to control the waste, especially organic waste, that it generates.",0.14,weak,0.14,shared: tourism; other party; other topic,
MP-MOMENTUM-2026-100,momentum,2026,Create systems to cut food waste and strengthen laws to reduce packaging waste.,1,MP-ADPD-2022-WASTE-02,adpd,2022,Do more to cut the waste generated (waste minimisation) and recycle much more of it.,0.38,possible,0.30,"shared: waste, cut; other party; same subtopic (Recycling & separation)",
MP-MOMENTUM-2026-100,momentum,2026,Create systems to cut food waste and strengthen laws to reduce packaging waste.,2,MP-PL-2022-359,pl,2022,Launch a pilot with hotels and restaurants to help them invest in anaerobic digesters turning food waste into biogas for cooking.,0.36,possible,0.28,"shared: food, waste, food waste; other party; same subtopic (Recycling & separation)",
MP-MOMENTUM-2026-100,momentum,2026,Create systems to cut food waste and strengthen laws to reduce packaging waste.,3,MP-PL-2022-348,pl,2022,"Implement the Long Term Waste Management Plan to reduce waste, advance processing systems and create business opportunities in a circular economy.",0.32,weak,0.24,"shared: waste, system, reduce; other party; same subtopic (Recycling & separation)",
MP-MOMENTUM-2026-101,momentum,2026,Back industrial decarbonisation while limiting aviation fuel carbon taxes to private planes and exempting shipping fuel for essential goods from environmental tax.,1,MP-PL-2022-410,pl,2022,"Work with the private sector on a logistics model increasing use of electric or clean-fuel, such as hydrogen, heavy goods vehicles.",0.27,weak,0.27,"shared: fuel, good, private; other party; other topic",
MP-MOMENTUM-2026-101,momentum,2026,Back industrial decarbonisation while limiting aviation fuel carbon taxes to private planes and exempting shipping fuel for essential goods from environmental tax.,2,MP-PN-2022-210,pn,2022,"With environmental NGOs, set up a research platform to gather evidence for policy on clean aviation, Single European Sky and alternative fuel technology.",0.26,weak,0.26,"shared: fuel, aviation, environmental; other party; other topic",
MP-MOMENTUM-2026-101,momentum,2026,Back industrial decarbonisation while limiting aviation fuel carbon taxes to private planes and exempting shipping fuel for essential goods from environmental tax.,3,MP-PL-2022-412,pl,2022,"Incentivise research through investment and tax credits to attract innovative start-ups working on climate, decarbonisation and renewable technologies.",0.22,weak,0.14,"shared: decarbonisation, tax; other party; same subtopic (Emissions & targets)",
MP-MOMENTUM-2026-102,momentum,2026,"Invest in research on solar, wind, wave, hydrogen and geothermal energy.",1,MP-VOLT-2022-EN-02,volt,2022,Establish a wave farm in both Malta and Gozo based on the research results.,0.38,possible,0.30,"shared: wave, research; other party; same subtopic (Renewables)",
MP-MOMENTUM-2026-102,momentum,2026,"Invest in research on solar, wind, wave, hydrogen and geothermal energy.",2,MP-ADPD-2022-8,adpd,2022,Sustain and strengthen research already under way on wave energy and floating offshore PV panels.,0.37,possible,0.29,"shared: wave, research, energy, solar (concept); other party; same subtopic (Renewables)",
MP-MOMENTUM-2026-102,momentum,2026,"Invest in research on solar, wind, wave, hydrogen and geothermal energy.",3,MP-VOLT-2022-EN-01,volt,2022,"Research wave-energy generation in Malta, covering the most effective sustainable method, potential output and best locations.",0.35,possible,0.27,"shared: wave, research, energy; other party; same subtopic (Renewables)",
MP-MOMENTUM-2026-103,momentum,2026,Provide incentives for improving energy use intensity and installing battery storage.,1,MP-PL-2022-398,pl,2022,Invest in large-scale land-based battery storage and upgrade the electricity grid to accommodate large offshore renewable generation.,0.29,weak,0.21,"shared: battery, storage, battery storage, storage (concept); other party; same subtopic (Electricity & grid)",
MP-MOMENTUM-2026-103,momentum,2026,Provide incentives for improving energy use intensity and installing battery storage.,2,MP-ADPD-2022-WATER-02,adpd,2022,"Monitor buildings now going up more closely, so they provide for rainwater storage.",0.20,weak,0.20,"shared: provide, storage, storage (concept); other party; other topic",
MP-MOMENTUM-2026-103,momentum,2026,Provide incentives for improving energy use intensity and installing battery storage.,3,MP-PL-2022-401,pl,2022,"Start a process to make government agencies and departments climate neutral, installing rooftop solar panels with surplus fed to the national grid.",0.19,weak,0.15,shared: installing; other party; same topic (Climate & Energy),
MP-MOMENTUM-2026-104,momentum,2026,Adopt an environmental policy prioritising renewable-energy research and investment to make Malta carbon neutral by 2050.,1,MP-PL-2022-342,pl,2022,"Give greater weight to environmental aspects and renewable energy in development permits, prioritising projects as close to carbon-neutral as possible.",0.59,strong,0.51,"shared: carbon, neutral, prioritising, carbon neutral, renewable; other party; same subtopic (Renewables)",
MP-MOMENTUM-2026-104,momentum,2026,Adopt an environmental policy prioritising renewable-energy research and investment to make Malta carbon neutral by 2050.,2,MP-ADPD-2022-9,adpd,2022,"Make long-term investment in offshore wind energy, presented as necessary for the 2050 zero-carbon goal.",0.44,possible,0.32,"shared: carbon, zero, zero carbon, energy, neutral (concept); same figures: 2050; other party; same subtopic (Renewables)",
MP-MOMENTUM-2026-104,momentum,2026,Adopt an environmental policy prioritising renewable-energy research and investment to make Malta carbon neutral by 2050.,3,MP-ADPD-2022-3,adpd,2022,Require every new building to be carbon neutral and generate all the energy it needs.,0.42,possible,0.38,"shared: carbon, neutral, carbon neutral, energy, neutral (concept); other party; same topic (Climate & Energy)",
MP-MOMENTUM-2026-104,momentum,2026,Adopt an environmental policy prioritising renewable-energy research and investment to make Malta carbon neutral by 2050.,x,MP-ADPD-2022-CLIM-01,adpd,2022,"Cut emissions drastically, by well over half, by 2030, so that Malta becomes a zero-carbon society by 2050 or sooner.",0.41,possible,0.33,"shared: carbon, zero, zero carbon, neutral (concept); same figures: 2050; other party; same topic (Climate & Energy)",
MP-MOMENTUM-2026-105,momentum,2026,"Explore regional green-energy partnerships with North Africa and Sicily, including undersea cables and shared installations.",1,MP-ADPD-2022-13,adpd,2022,Government to buy renewable electricity via the interconnector and agree renewable-energy cooperation with Sicily.,0.18,weak,0.14,"shared: sicily, energy, interconnector (concept); other party; same topic (Climate & Energy)",
MP-MOMENTUM-2026-105,momentum,2026,"Explore regional green-energy partnerships with North Africa and Sicily, including undersea cables and shared installations.",2,MP-PN-2022-218,pn,2022,Invest in a second Malta-Sicily interconnector to double supply from mainland Europe.,0.18,weak,0.10,"shared: sicily, interconnector (concept); other party; same subtopic (Electricity & grid)",
MP-MOMENTUM-2026-105,momentum,2026,"Explore regional green-energy partnerships with North Africa and Sicily, including undersea cables and shared installations.",3,MP-PN-2022-217,pn,2022,"Invest in a gas pipeline to Sicily, able to carry hydrogen later, to buy gas and hydrogen on the open EU market and end reliance on the Electrogas tanker.",0.16,weak,0.08,shared: sicily; other party; same subtopic (Electricity & grid),
MP-MOMENTUM-2026-106,momentum,2026,"Align waste policy with the EU Circular Economy Action Plan, prioritising prevention, reuse and recycling over incineration and landfill.",1,MP-PL-2022-348,pl,2022,"Implement the Long Term Waste Management Plan to reduce waste, advance processing systems and create business opportunities in a circular economy.",0.30,weak,0.22,"shared: circular, economy, waste, circular economy; other party; same subtopic (Recycling & separation)",
MP-MOMENTUM-2026-106,momentum,2026,"Align waste policy with the EU Circular Economy Action Plan, prioritising prevention, reuse and recycling over incineration and landfill.",2,MP-PL-2022-357,pl,2022,Start a scheme collecting unused clothes for recycling.,0.24,weak,0.16,"shared: recycling, recycling (concept); other party; same subtopic (Recycling & separation)",
MP-MOMENTUM-2026-106,momentum,2026,"Align waste policy with the EU Circular Economy Action Plan, prioritising prevention, reuse and recycling over incineration and landfill.",3,MP-ADPD-2022-16,adpd,2022,"Tie all state aid to companies, immediately, to climate-friendly changes in operations, fewer redundancies, equal pay and retraining for a green, circular economy.",0.24,weak,0.16,"shared: circular, economy, circular economy; other party; same subtopic (Recycling & separation)",
MP-MOMENTUM-2026-107,momentum,2026,"Turn the undeveloped and unrestored parts of Fort Chambray into Gozo's national park under public stewardship, halting further commercial exploitation.",1,MP-ADPD-2022-LAND-05,adpd,2022,Return Manoel Island and Fort Manoel to public ownership as undeveloped open space.,0.38,possible,0.30,"shared: undeveloped, fort, park (concept); other party; same subtopic (Open spaces & parks)",
MP-MOMENTUM-2026-107,momentum,2026,"Turn the undeveloped and unrestored parts of Fort Chambray into Gozo's national park under public stewardship, halting further commercial exploitation.",2,MP-ADPD-2022-LAND-02,adpd,2022,"Revoke the 2006 rationalisation scheme that made about two million square metres developable, protecting the parts still undeveloped.",0.26,weak,0.22,"shared: undeveloped, part; other party; same topic (Land & Trees)",
MP-MOMENTUM-2026-107,momentum,2026,"Turn the undeveloped and unrestored parts of Fort Chambray into Gozo's national park under public stewardship, halting further commercial exploitation.",3,MP-PL-2022-294,pl,2022,"Roof over part of the water channel along Triq il-Qasab, Birkirkara, without reducing water flow, creating a new green space.",0.17,weak,0.09,"shared: part, park (concept); other party; same subtopic (Open spaces & parks)",
MP-MOMENTUM-2026-108,momentum,2026,Strictly limit fishing to traditional methods to let marine biodiversity recover.,1,MP-PL-2022-363,pl,2022,Launch a policy so that mrejkba fishing continues sustainably and practitioners’ interests are protected.,0.21,weak,0.13,shared: fishing; other party; same subtopic (Marine protection),
MP-MOMENTUM-2026-108,momentum,2026,Strictly limit fishing to traditional methods to let marine biodiversity recover.,2,MP-PL-2022-325,pl,2022,"Develop management plans for protected marine areas, leading to Malta’s first marine park at Ċirkewwa.",0.20,weak,0.12,shared: marine; other party; same subtopic (Marine protection),
MP-MOMENTUM-2026-108,momentum,2026,Strictly limit fishing to traditional methods to let marine biodiversity recover.,3,MP-PN-2022-192,pn,2022,"Extend protection to a larger number of marine protected areas, supporting the diving industry's environment.",0.16,weak,0.08,shared: marine; other party; same subtopic (Marine protection),
MP-MOMENTUM-2026-109,momentum,2026,Use EU fisheries funding to help traditional fishers move to ecologically sustainable practices.,1,MP-PL-2022-364,pl,2022,Keep allowing recreational fishers to fish lampuki near the coast and continue allocating part of the tuna quota to recreational fishers.,0.26,weak,0.18,shared: fisher; other party; same subtopic (Marine protection),
MP-MOMENTUM-2026-109,momentum,2026,Use EU fisheries funding to help traditional fishers move to ecologically sustainable practices.,2,MP-ABBA-2022-ENV-03,abba,2022,Move fish farms to a selected area away from the shore and monitor them properly.,0.25,weak,0.17,shared: move; other party; same subtopic (Marine protection),
MP-MOMENTUM-2026-109,momentum,2026,Use EU fisheries funding to help traditional fishers move to ecologically sustainable practices.,3,MP-PN-2022-194,pn,2022,"With all partners, draw up a strategic plan for agriculture and fisheries to strengthen the whole sector's ecosystem.",0.23,weak,0.15,shared: fisherie; other party; same subtopic (Marine protection),
MP-MOMENTUM-2026-110,momentum,2026,Strictly protect Comino as a Natura 2000 site against commercial development.,1,MP-PN-2022-190,pn,2022,"Run a comprehensive programme and set up a new structure to manage Natura 2000 sites, keeping them for families and safe from commercial development.",0.44,possible,0.36,"shared: natura, commercial, site, development, commercial development; same figures: 2000; other party; same topic (Nature & Wildlife)",
MP-MOMENTUM-2026-110,momentum,2026,Strictly protect Comino as a Natura 2000 site against commercial development.,2,MP-PL-2022-326,pl,2022,"Continue work at Il-Magħluq, Marsaxlokk, including measures against coastal erosion and to protect the bay and adjacent Natura 2000 site.",0.39,possible,0.31,"shared: natura, protect, site, natura site, natura (concept); same figures: 2000; other party; same topic (Nature & Wildlife)",
MP-MOMENTUM-2026-110,momentum,2026,Strictly protect Comino as a Natura 2000 site against commercial development.,3,MP-PN-2022-183,pn,2022,Stop treating commercial development as an activity to be pursued regardless of the harm it may cause.,0.22,weak,0.22,"shared: commercial, development, commercial development; other party; other topic",
MP-MOMENTUM-2026-111,momentum,2026,"Oppose private pools, restaurants, expanded berthing and similar private development on protected marine sites.",1,MP-PL-2022-325,pl,2022,"Develop management plans for protected marine areas, leading to Malta’s first marine park at Ċirkewwa.",0.36,possible,0.28,"shared: marine, protected, protected marine, mpa (concept); other party; same subtopic (Marine protection)",
MP-MOMENTUM-2026-111,momentum,2026,"Oppose private pools, restaurants, expanded berthing and similar private development on protected marine sites.",2,MP-PN-2022-192,pn,2022,"Extend protection to a larger number of marine protected areas, supporting the diving industry's environment.",0.28,weak,0.20,"shared: protected, marine, mpa (concept); other party; same subtopic (Marine protection)",
MP-MOMENTUM-2026-111,momentum,2026,"Oppose private pools, restaurants, expanded berthing and similar private development on protected marine sites.",3,MP-ABBA-2022-ENV-04,abba,2022,Ban ships from berthing on Hurd's Bank and require them to anchor in at least 400 m of water instead of the present 200 m.,0.22,weak,0.14,shared: berthing; other party; same subtopic (Marine protection),
MP-MOMENTUM-2026-112,momentum,2026,Enforce public domain law so that the whole coastline stays freely accessible to the public.,1,MP-ADPD-2022-LAND-06,adpd,2022,Opposes a yacht marina at Wied il-Għajn bay as a disproportionate local-plan proposal and pledges to stay vigilant.,0.17,weak,0.17,shared: stay; other party; other topic,
MP-MOMENTUM-2026-112,momentum,2026,Enforce public domain law so that the whole coastline stays freely accessible to the public.,2,MP-PN-2022-194,pn,2022,"With all partners, draw up a strategic plan for agriculture and fisheries to strengthen the whole sector's ecosystem.",0.15,weak,0.15,shared: whole; other party; other topic,
MP-MOMENTUM-2026-112,momentum,2026,Enforce public domain law so that the whole coastline stays freely accessible to the public.,3,MP-PN-2022-197,pn,2022,"Introduce fair, transparent mechanisms on produce prices and viable earnings so farmers, herders and fishers can stay in the trade.",0.13,weak,0.13,shared: stay; other party; other topic,
MP-MOMENTUM-2026-113,momentum,2026,"Award beach concessions through impartial, transparent, EU-compliant selection procedures.",1,MP-PN-2022-204,pn,2022,Review the site-selection process and chosen model for the Magħtab incinerator project.,0.22,weak,0.22,shared: selection; other party; other topic,
MP-MOMENTUM-2026-113,momentum,2026,"Award beach concessions through impartial, transparent, EU-compliant selection procedures.",2,MP-PN-2022-221,pn,2022,Strengthen the Energy Performance Certificate by giving ESG-compliant developers tax credits for implementing EPC recommendations.,0.17,weak,0.17,shared: compliant; other party; other topic,
MP-MOMENTUM-2026-113,momentum,2026,"Award beach concessions through impartial, transparent, EU-compliant selection procedures.",3,MP-PN-2022-199,pn,2022,"Invest to raise the operation of the Pitkalija, abattoir and fish market into efficient, modern, transparent centres of excellence.",0.16,weak,0.16,shared: transparent; other party; other topic,
MP-MOMENTUM-2026-114,momentum,2026,Tackle light pollution from coastal development that harms marine ecosystems and wildlife.,1,MP-PN-2022-194,pn,2022,"With all partners, draw up a strategic plan for agriculture and fisheries to strengthen the whole sector's ecosystem.",0.22,weak,0.14,shared: ecosystem; other party; same subtopic (Marine protection),
MP-MOMENTUM-2026-114,momentum,2026,Tackle light pollution from coastal development that harms marine ecosystems and wildlife.,2,MP-PN-2022-183,pn,2022,Stop treating commercial development as an activity to be pursued regardless of the harm it may cause.,0.21,weak,0.21,"shared: harm, development; other party; other topic",
MP-MOMENTUM-2026-114,momentum,2026,Tackle light pollution from coastal development that harms marine ecosystems and wildlife.,3,MP-PL-2022-325,pl,2022,"Develop management plans for protected marine areas, leading to Malta’s first marine park at Ċirkewwa.",0.21,weak,0.13,shared: marine; other party; same subtopic (Marine protection),
MP-MOMENTUM-2026-115,momentum,2026,Restore and conserve valleys as biodiversity corridors and protect them from inappropriate urban development.,1,MP-PN-2022-191,pn,2022,"Launch a programme to rehabilitate and conserve valleys, with emphasis on protecting their biodiversity.",0.47,possible,0.43,"shared: conserve, valley, biodiversity, conserve valley, valley (concept); other party; same topic (Nature & Wildlife)",
MP-MOMENTUM-2026-115,momentum,2026,Restore and conserve valleys as biodiversity corridors and protect them from inappropriate urban development.,2,MP-PL-2022-314,pl,2022,Start a valley conservation programme to protect biodiversity and rainwater channels.,0.39,possible,0.35,"shared: valley, biodiversity, protect, valley (concept); other party; same topic (Nature & Wildlife)",
MP-MOMENTUM-2026-115,momentum,2026,Restore and conserve valleys as biodiversity corridors and protect them from inappropriate urban development.,3,MP-PL-2022-339,pl,2022,Protect grade 2 scheduled buildings with new incentives for owners to restore them and open them to the public where possible.,0.20,weak,0.20,"shared: restore, protect; other party; other topic",
MP-MOMENTUM-2026-116,momentum,2026,"Have public country pathways mapped by the authorities to stop them being blocked or privatised, and develop cultural trekking routes.",1,MP-PL-2022-288,pl,2022,"Promote green networks linking urban areas to the countryside, joining open spaces along the route, possibly from Mellieħa to Xgħajra, with similar routes in Gozo.",0.22,weak,0.14,shared: route; other party; same subtopic (Open spaces & parks),
MP-MOMENTUM-2026-116,momentum,2026,"Have public country pathways mapped by the authorities to stop them being blocked or privatised, and develop cultural trekking routes.",2,MP-ADPD-2022-ACC-03,adpd,2022,No footpath should be blocked by a gate unless there is proof the land is private.,0.21,weak,0.13,"shared: blocked, trail (concept); other party; same subtopic (Open spaces & parks)",
MP-MOMENTUM-2026-116,momentum,2026,"Have public country pathways mapped by the authorities to stop them being blocked or privatised, and develop cultural trekking routes.",3,MP-PL-2022-289,pl,2022,"Complete the Ta’ Qali National Park, enlarging the open space and planting new trees with landscaping, for public recreation, physical and cultural activities.",0.17,weak,0.09,shared: cultural; other party; same subtopic (Open spaces & parks),
MP-MOMENTUM-2026-117,momentum,2026,Require on-site waste and sewage treatment for coastal projects to prevent marine pollution.,1,MP-PL-2022-394,pl,2022,Help coastal commercial establishments invest in on-site seawater desalination and sewage treatment technology.,0.47,possible,0.47,"shared: sewage, treatment, coastal, site, sewage treatment; other party; other topic",
MP-MOMENTUM-2026-117,momentum,2026,Require on-site waste and sewage treatment for coastal projects to prevent marine pollution.,2,MP-PL-2022-325,pl,2022,"Develop management plans for protected marine areas, leading to Malta’s first marine park at Ċirkewwa.",0.21,weak,0.13,shared: marine; other party; same subtopic (Marine protection),
MP-MOMENTUM-2026-117,momentum,2026,Require on-site waste and sewage treatment for coastal projects to prevent marine pollution.,3,MP-PL-2022-326,pl,2022,"Continue work at Il-Magħluq, Marsaxlokk, including measures against coastal erosion and to protect the bay and adjacent Natura 2000 site.",0.19,weak,0.15,"shared: coastal, site; other party; same topic (Nature & Wildlife)",
MP-MOMENTUM-2026-118,momentum,2026,Carry out full independent environmental reassessments of developments affecting protected areas.,1,MP-PN-2022-175,pn,2022,Make legislative and governance changes so that environmental regulators operate with full autonomy and independence.,0.34,weak,0.26,"shared: full, environmental; other party; same subtopic (Accountability)",
MP-MOMENTUM-2026-118,momentum,2026,Carry out full independent environmental reassessments of developments affecting protected areas.,2,MP-PN-2022-192,pn,2022,"Extend protection to a larger number of marine protected areas, supporting the diving industry's environment.",0.23,weak,0.23,"shared: protected, area, protected area; other party; other topic",
MP-MOMENTUM-2026-118,momentum,2026,Carry out full independent environmental reassessments of developments affecting protected areas.,3,MP-PN-2022-211,pn,2022,Refund all consumers the full amount the party says they were overcharged on electricity and water bills since 2013.,0.19,weak,0.19,shared: full; other party; other topic,
MP-MOMENTUM-2026-119,momentum,2026,Strictly enforce laws protecting public marine spaces and access to the shoreline.,1,MP-PL-2022-325,pl,2022,"Develop management plans for protected marine areas, leading to Malta’s first marine park at Ċirkewwa.",0.22,weak,0.14,shared: marine; other party; same subtopic (Marine protection),
MP-MOMENTUM-2026-119,momentum,2026,Strictly enforce laws protecting public marine spaces and access to the shoreline.,2,MP-PN-2022-191,pn,2022,"Launch a programme to rehabilitate and conserve valleys, with emphasis on protecting their biodiversity.",0.17,weak,0.13,shared: protecting; other party; same topic (Nature & Wildlife),
MP-MOMENTUM-2026-119,momentum,2026,Strictly enforce laws protecting public marine spaces and access to the shoreline.,3,MP-PN-2022-192,pn,2022,"Extend protection to a larger number of marine protected areas, supporting the diving industry's environment.",0.17,weak,0.09,shared: marine; other party; same subtopic (Marine protection),
MP-MOMENTUM-2026-120,momentum,2026,Support traditional fishing communities while ensuring fishing is sustainable and helps marine ecosystems recover.,1,MP-PL-2022-363,pl,2022,Launch a policy so that mrejkba fishing continues sustainably and practitioners’ interests are protected.,0.29,weak,0.21,shared: fishing; other party; same subtopic (Marine protection),
MP-MOMENTUM-2026-120,momentum,2026,Support traditional fishing communities while ensuring fishing is sustainable and helps marine ecosystems recover.,2,MP-PN-2022-194,pn,2022,"With all partners, draw up a strategic plan for agriculture and fisheries to strengthen the whole sector's ecosystem.",0.21,weak,0.13,shared: ecosystem; other party; same subtopic (Marine protection),
MP-MOMENTUM-2026-120,momentum,2026,Support traditional fishing communities while ensuring fishing is sustainable and helps marine ecosystems recover.,3,MP-PL-2022-325,pl,2022,"Develop management plans for protected marine areas, leading to Malta’s first marine park at Ċirkewwa.",0.20,weak,0.12,shared: marine; other party; same subtopic (Marine protection),
MP-MOMENTUM-2026-121,momentum,2026,Create buffer zones and protection measures around critical marine habitats and breeding areas.,1,MP-PL-2022-338,pl,2022,"Make urban conservation areas (UCAs) irrevocable except for extension, and introduce buffer zones around them.",0.44,possible,0.44,"shared: buffer, zone, buffer zone, area; other party; other topic",
MP-MOMENTUM-2026-121,momentum,2026,Create buffer zones and protection measures around critical marine habitats and breeding areas.,2,MP-PN-2022-192,pn,2022,"Extend protection to a larger number of marine protected areas, supporting the diving industry's environment.",0.30,weak,0.22,"shared: protection, marine, area; other party; same subtopic (Marine protection)",
MP-MOMENTUM-2026-121,momentum,2026,Create buffer zones and protection measures around critical marine habitats and breeding areas.,3,MP-PL-2022-325,pl,2022,"Develop management plans for protected marine areas, leading to Malta’s first marine park at Ċirkewwa.",0.25,weak,0.17,"shared: marine, area; other party; same subtopic (Marine protection)",
MP-MOMENTUM-2026-70,momentum,2026,Propose a two-year moratorium on new permits for buildings of ten or more floors while proper criteria and a national planning framework are developed.,1,MP-PL-2022-319,pl,2022,Ensure Ħondoq ir-Rummien is not developed in any way and carry out embellishment works at the bay.,0.26,weak,0.18,shared: developed; other party; same subtopic (Development & construction),
MP-MOMENTUM-2026-70,momentum,2026,Propose a two-year moratorium on new permits for buildings of ten or more floors while proper criteria and a national planning framework are developed.,2,MP-ADPD-2022-4,adpd,2022,Impose a moratorium on increases in building heights so that the use of rooftop PV panels is not affected.,0.25,weak,0.17,"shared: moratorium, building, height (concept); other party; same subtopic (Development & construction)",
MP-MOMENTUM-2026-70,momentum,2026,Propose a two-year moratorium on new permits for buildings of ten or more floors while proper criteria and a national planning framework are developed.,3,MP-PN-2022-174,pn,2022,Use ESG environmental criteria to reshape the tax framework so that only non-polluting economic activities are incentivised and sustainability is rewarded.,0.18,weak,0.18,"shared: criteria, framework; other party; other topic",
MP-MOMENTUM-2026-71,momentum,2026,"Independently assess electricity, water and drainage capacity against population needs and draw up a long-term plan to end blackouts, water shortages and flooding.",1,MP-PN-2022-207,pn,2022,Redraft a plan for water conservation and effective water management.,0.20,weak,0.12,shared: water; other party; same subtopic (Water supply & groundwater),
MP-MOMENTUM-2026-71,momentum,2026,"Independently assess electricity, water and drainage capacity against population needs and draw up a long-term plan to end blackouts, water shortages and flooding.",2,MP-PL-2022-386,pl,2022,"Strengthen water conservation through improved infrastructure, water catchment systems in Malta and Gozo, restoring old reservoirs and building new ones.",0.17,weak,0.09,shared: water; other party; same subtopic (Water supply & groundwater),
MP-MOMENTUM-2026-71,momentum,2026,"Independently assess electricity, water and drainage capacity against population needs and draw up a long-term plan to end blackouts, water shortages and flooding.",3,MP-ABBA-2022-ENV-02,abba,2022,"Build new public and private housing to use less energy and collect water in wells, with money-saving incentives for recycling that water.",0.17,weak,0.09,shared: water; other party; same subtopic (Water supply & groundwater),
MP-MOMENTUM-2026-72,momentum,2026,Commission an independent review of the past two decades of planning decisions to inform a national planning strategy before large-scale permitting resumes.,1,MP-PN-2022-184,pn,2022,Make sustainability in construction and development an integral part of regulation and of permitting by planning and environment authorities.,0.32,weak,0.24,"shared: permitting, planning; other party; same subtopic (Development & construction)",
MP-MOMENTUM-2026-72,momentum,2026,Commission an independent review of the past two decades of planning decisions to inform a national planning strategy before large-scale permitting resumes.,2,MP-PL-2022-398,pl,2022,Invest in large-scale land-based battery storage and upgrade the electricity grid to accommodate large offshore renewable generation.,0.20,weak,0.20,"shared: large, scale, large scale; other party; other topic",
MP-MOMENTUM-2026-72,momentum,2026,Commission an independent review of the past two decades of planning decisions to inform a national planning strategy before large-scale permitting resumes.,3,MP-PN-2022-204,pn,2022,Review the site-selection process and chosen model for the Magħtab incinerator project.,0.18,weak,0.18,shared: review; other party; other topic,
MP-MOMENTUM-2026-73,momentum,2026,Rebuild the Planning Authority with planning experts independent of the construction industry and free of conflicts of interest.,1,MP-PN-2022-184,pn,2022,Make sustainability in construction and development an integral part of regulation and of permitting by planning and environment authorities.,0.25,weak,0.21,"shared: planning, construction; other party; same topic (Planning & Housing)",
MP-MOMENTUM-2026-73,momentum,2026,Rebuild the Planning Authority with planning experts independent of the construction industry and free of conflicts of interest.,2,MP-ABBA-2022-ENV-06,abba,2022,Overhaul the body the document calls CMEPA so that the public interest takes priority over developers' interests.,0.23,weak,0.19,shared: interest; other party; same topic (Planning & Housing),
MP-MOMENTUM-2026-73,momentum,2026,Rebuild the Planning Authority with planning experts independent of the construction industry and free of conflicts of interest.,3,MP-PL-2022-344,pl,2022,"Continue strengthening the Building and Construction Authority, especially for people affected by nearby development.",0.23,weak,0.19,"shared: authority, construction; other party; same topic (Planning & Housing)",
MP-MOMENTUM-2026-74,momentum,2026,Prevent the reintroduction of Bills 143 and 144 and instead publish a White Paper for wide public consultation on planning reform.,1,MP-PL-2022-305,pl,2022,"Launch a wide action plan for tree planting and afforestation, committing to 100,000 trees planted in the next five years.",0.14,weak,0.14,shared: wide; other party; other topic,
MP-MOMENTUM-2026-74,momentum,2026,Prevent the reintroduction of Bills 143 and 144 and instead publish a White Paper for wide public consultation on planning reform.,2,MP-PN-2022-184,pn,2022,Make sustainability in construction and development an integral part of regulation and of permitting by planning and environment authorities.,0.14,weak,0.06,shared: planning; other party; same subtopic (Development & construction),
MP-MOMENTUM-2026-74,momentum,2026,Prevent the reintroduction of Bills 143 and 144 and instead publish a White Paper for wide public consultation on planning reform.,3,MP-PL-2022-324,pl,2022,"Run conservation programmes for native species including the wild rabbit, and extend the barn owl reintroduction project to Magħtab.",0.13,weak,0.13,shared: reintroduction; other party; other topic,
MP-MOMENTUM-2026-75,momentum,2026,"Suspend works under a development permit while an appeal is pending before the planning tribunal or courts, with time limits for deciding appeals.",1,MP-PN-2022-186,pn,2022,"Require started building projects to be completed within a legally set time, with fines and other enforcement if they are not.",0.29,weak,0.25,"shared: time, limit, time limit; other party; same topic (Planning & Housing)",
MP-MOMENTUM-2026-75,momentum,2026,"Suspend works under a development permit while an appeal is pending before the planning tribunal or courts, with time limits for deciding appeals.",2,MP-VOLT-2022-DEV-06,volt,2022,"Add safeguards against expropriation: at least two months' notice (four for farmland), works halted during appeals, and fair compensation paid in advance.",0.20,weak,0.16,"shared: appeal, heading: construction; other party; same topic (Planning & Housing)",
MP-MOMENTUM-2026-75,momentum,2026,"Suspend works under a development permit while an appeal is pending before the planning tribunal or courts, with time limits for deciding appeals.",3,MP-PL-2022-342,pl,2022,"Give greater weight to environmental aspects and renewable energy in development permits, prioritising projects as close to carbon-neutral as possible.",0.16,weak,0.16,"shared: permit, development, development permit; other party; other topic",
MP-MOMENTUM-2026-76,momentum,2026,"Introduce binding rules for demolishing illegal developments at the offender's expense, with time limits on enforcement appeals and a single enforcement entity.",1,MP-PN-2022-186,pn,2022,"Require started building projects to be completed within a legally set time, with fines and other enforcement if they are not.",0.37,possible,0.33,"shared: time, enforcement, limit, time limit; other party; same topic (Planning & Housing)",
MP-MOMENTUM-2026-76,momentum,2026,"Introduce binding rules for demolishing illegal developments at the offender's expense, with time limits on enforcement appeals and a single enforcement entity.",2,MP-PN-2022-179,pn,2022,"Take a clear stand against excessive development and in favour of conservation through legislation, policy and enforcement.",0.22,weak,0.18,"shared: enforcement, development; other party; same topic (Planning & Housing)",
MP-MOMENTUM-2026-76,momentum,2026,"Introduce binding rules for demolishing illegal developments at the offender's expense, with time limits on enforcement appeals and a single enforcement entity.",3,MP-PL-2022-345,pl,2022,Require set timelines and coordination for every construction project to reduce inconvenience and increase enforcement.,0.18,weak,0.14,shared: enforcement; other party; same topic (Planning & Housing),
MP-MOMENTUM-2026-77,momentum,2026,Ban retrospective sanctioning of illegal ODZ structures built after 2008 that cannot be approved as minor amendments.,1,MP-VOLT-2022-DEV-02,volt,2022,Give insulation grants to eligible households wishing to insulate homes built in 2021 or earlier.,0.20,weak,0.20,"shared: built, heading: construction; other party; other topic",
MP-MOMENTUM-2026-77,momentum,2026,Ban retrospective sanctioning of illegal ODZ structures built after 2008 that cannot be approved as minor amendments.,2,MP-VOLT-2022-DEV-07,volt,2022,"Keep ODZ land as ODZ; developers breaching it are barred from new projects for one year, and repeat offenders are excluded from public procurement for ten years.",0.19,weak,0.19,"shared: odz, odz (concept), heading: construction; other party; other topic",
MP-MOMENTUM-2026-77,momentum,2026,Ban retrospective sanctioning of illegal ODZ structures built after 2008 that cannot be approved as minor amendments.,3,MP-PL-2022-336,pl,2022,"Start discussions on stricter rules for development proposed in outside development zones (ODZ), respecting owners’ rights.",0.14,weak,0.10,"shared: odz, odz (concept); other party; same topic (Planning & Housing)",
MP-MOMENTUM-2026-78,momentum,2026,"Return land removed from ODZ in the 2006 rationalisation, and not yet legally committed to development, to ODZ status.",1,MP-VOLT-2022-DEV-07,volt,2022,"Keep ODZ land as ODZ; developers breaching it are barred from new projects for one year, and repeat offenders are excluded from public procurement for ten years.",0.42,possible,0.34,"shared: odz, land, odz (concept), heading: construction; other party; same subtopic (Land take & agriculture)",
MP-MOMENTUM-2026-78,momentum,2026,"Return land removed from ODZ in the 2006 rationalisation, and not yet legally committed to development, to ODZ status.",2,MP-ADPD-2022-LAND-02,adpd,2022,"Revoke the 2006 rationalisation scheme that made about two million square metres developable, protecting the parts still undeveloped.",0.27,weak,0.15,"shared: rationalisation, odz (concept); same figures: 2006; other party; same subtopic (Land take & agriculture)",
MP-MOMENTUM-2026-78,momentum,2026,"Return land removed from ODZ in the 2006 rationalisation, and not yet legally committed to development, to ODZ status.",3,MP-PL-2022-317,pl,2022,"If land outside development zones is needed for a public school or hospital, turn equivalent public land within them into open space (no-net land take).",0.23,weak,0.15,"shared: land, development, odz (concept); other party; same subtopic (Land take & agriculture)",
MP-MOMENTUM-2026-79,momentum,2026,"Require geological surveys and sustainability assessments before major developments are permitted, and set up an emergency number for reporting dangerous structures.",1,MP-PN-2022-184,pn,2022,Make sustainability in construction and development an integral part of regulation and of permitting by planning and environment authorities.,0.24,weak,0.16,"shared: sustainability, development; other party; same subtopic (Development & construction)",
MP-MOMENTUM-2026-79,momentum,2026,"Require geological surveys and sustainability assessments before major developments are permitted, and set up an emergency number for reporting dangerous structures.",2,MP-PN-2022-173,pn,2022,Use the Sustainability Agenda to redraft a comprehensive Strategic Plan for the Environment and Development giving clear direction for the natural environment.,0.21,weak,0.13,"shared: sustainability, development; other party; same subtopic (Development & construction)",
MP-MOMENTUM-2026-79,momentum,2026,"Require geological surveys and sustainability assessments before major developments are permitted, and set up an emergency number for reporting dangerous structures.",3,MP-PL-2022-345,pl,2022,Require set timelines and coordination for every construction project to reduce inconvenience and increase enforcement.,0.15,weak,0.07,shared: require; other party; same subtopic (Development & construction),
MP-MOMENTUM-2026-80,momentum,2026,"Create a weighted scoring system for judging development applications on proportion, scale, urban context and material harmony, reducing subjectivity under frameworks such as DC15.",1,MP-PN-2022-202,pn,2022,Introduce a much stricter legal framework regulating recycling and penalising single-use materials more heavily.,0.20,weak,0.20,"shared: framework, material; other party; other topic",
MP-MOMENTUM-2026-80,momentum,2026,"Create a weighted scoring system for judging development applications on proportion, scale, urban context and material harmony, reducing subjectivity under frameworks such as DC15.",2,MP-PL-2022-338,pl,2022,"Make urban conservation areas (UCAs) irrevocable except for extension, and introduce buffer zones around them.",0.17,weak,0.13,shared: urban; other party; same topic (Planning & Housing),
MP-MOMENTUM-2026-80,momentum,2026,"Create a weighted scoring system for judging development applications on proportion, scale, urban context and material harmony, reducing subjectivity under frameworks such as DC15.",3,MP-PL-2022-336,pl,2022,"Start discussions on stricter rules for development proposed in outside development zones (ODZ), respecting owners’ rights.",0.15,weak,0.07,shared: development; other party; same subtopic (Development & construction),
MP-MOMENTUM-2026-81,momentum,2026,"Limit construction, excavation and demolition work to 8am–5pm, Monday to Saturday, to protect workers and residents.",1,MP-PL-2022-347,pl,2022,"Introduce laws to regulate construction better, including contractor licensing and upskilling of workers.",0.34,weak,0.26,"shared: worker, construction; other party; same subtopic (Development & construction)",
MP-MOMENTUM-2026-81,momentum,2026,"Limit construction, excavation and demolition work to 8am–5pm, Monday to Saturday, to protect workers and residents.",2,MP-VOLT-2022-DEV-05,volt,2022,"Set and enforce strict rules for new developments, including locality design styles, stricter and lower height limits, stronger village-core protection and penalties for unreasonable demolition.",0.25,weak,0.17,"shared: demolition, limit, heading: construction; other party; same subtopic (Development & construction)",
MP-MOMENTUM-2026-81,momentum,2026,"Limit construction, excavation and demolition work to 8am–5pm, Monday to Saturday, to protect workers and residents.",3,MP-PN-2022-185,pn,2022,Oblige developers to provide alternative accommodation to neighbours of excavation sites during risky periods and lodge a deposit released immediately to people whose property is damaged.,0.22,weak,0.14,shared: excavation; other party; same subtopic (Development & construction),
MP-MOMENTUM-2026-82,momentum,2026,Strictly enforce a ban on building works on Sundays and public holidays.,1,MP-VOLT-2022-DEV-05,volt,2022,"Set and enforce strict rules for new developments, including locality design styles, stricter and lower height limits, stronger village-core protection and penalties for unreasonable demolition.",0.12,weak,0.08,"shared: enforce, heading: construction; other party; same topic (Planning & Housing)",
MP-MOMENTUM-2026-82,momentum,2026,Strictly enforce a ban on building works on Sundays and public holidays.,2,MP-ABBA-2022-ENV-04,abba,2022,Ban ships from berthing on Hurd's Bank and require them to anchor in at least 400 m of water instead of the present 200 m.,0.11,weak,0.11,shared: ban; other party; other topic,
MP-MOMENTUM-2026-82,momentum,2026,Strictly enforce a ban on building works on Sundays and public holidays.,3,MP-PL-2022-346,pl,2022,"Bring national building codes into force, consolidating and updating present laws with new standards.",0.10,weak,0.06,shared: building; other party; same topic (Planning & Housing),
MP-MOMENTUM-2026-83,momentum,2026,Require a national planning strategy so that new developments fit a long-term plan before approval.,1,MP-PL-2022-348,pl,2022,"Implement the Long Term Waste Management Plan to reduce waste, advance processing systems and create business opportunities in a circular economy.",0.23,weak,0.23,"shared: term, long, long term; other party; other topic",
MP-MOMENTUM-2026-83,momentum,2026,Require a national planning strategy so that new developments fit a long-term plan before approval.,2,MP-PN-2022-184,pn,2022,Make sustainability in construction and development an integral part of regulation and of permitting by planning and environment authorities.,0.23,weak,0.15,"shared: planning, development; other party; same subtopic (Development & construction)",
MP-MOMENTUM-2026-83,momentum,2026,Require a national planning strategy so that new developments fit a long-term plan before approval.,3,MP-ADPD-2022-9,adpd,2022,"Make long-term investment in offshore wind energy, presented as necessary for the 2050 zero-carbon goal.",0.22,weak,0.22,"shared: term, long, long term; other party; other topic",
MP-MOMENTUM-2026-84,momentum,2026,Require parliamentary oversight and genuine public consultation before major projects are approved.,1,MP-PN-2022-180,pn,2022,Require a two-thirds parliamentary vote before land outside the development zone can be brought into it.,0.25,weak,0.17,"shared: parliamentary, require; other party; same subtopic (Accountability)",
MP-MOMENTUM-2026-84,momentum,2026,Require parliamentary oversight and genuine public consultation before major projects are approved.,2,MP-PN-2022-176,pn,2022,"Give environmental NGOs more votes on boards taking material decisions on environment, transport, infrastructure and planning, and require consultation at every level of such decisions.",0.23,weak,0.15,"shared: consultation, require; other party; same subtopic (Accountability)",
MP-MOMENTUM-2026-84,momentum,2026,Require parliamentary oversight and genuine public consultation before major projects are approved.,3,MP-ADPD-2022-BOARD-03,adpd,2022,Remove representation of the parliamentary political parties from these decision-making boards.,0.18,weak,0.10,shared: parliamentary; other party; same subtopic (Accountability),
MP-MOMENTUM-2026-85,momentum,2026,"Amend the Constitution to forbid selling public land for commercial use and allow only short-term leases approved by a 75% parliamentary majority, preserving the land's value.",1,MP-PN-2022-180,pn,2022,Require a two-thirds parliamentary vote before land outside the development zone can be brought into it.,0.26,weak,0.18,"shared: parliamentary, land; other party; same subtopic (Accountability)",
MP-MOMENTUM-2026-85,momentum,2026,"Amend the Constitution to forbid selling public land for commercial use and allow only short-term leases approved by a 75% parliamentary majority, preserving the land's value.",2,MP-ADPD-2022-BOARD-01,adpd,2022,"Apply parliamentary scrutiny before appointment to all members of the Planning, Lands and Environment and Resources authority boards.",0.24,weak,0.16,"shared: parliamentary, land; other party; same subtopic (Accountability)",
MP-MOMENTUM-2026-85,momentum,2026,"Amend the Constitution to forbid selling public land for commercial use and allow only short-term leases approved by a 75% parliamentary majority, preserving the land's value.",3,MP-ADPD-2022-BOARD-03,adpd,2022,Remove representation of the parliamentary political parties from these decision-making boards.,0.20,weak,0.12,shared: parliamentary; other party; same subtopic (Accountability),
MP-MOMENTUM-2026-86,momentum,2026,Oppose using open public land in Pembroke for a football campus and propose the disused Marsa power station site instead.,1,MP-ADPD-2022-14,adpd,2022,Set up an enforced national system to collect waste vegetable oil and turn it into biodiesel for power stations.,0.24,weak,0.24,"shared: station, power, power station; other party; other topic",
MP-MOMENTUM-2026-86,momentum,2026,Oppose using open public land in Pembroke for a football campus and propose the disused Marsa power station site instead.,2,MP-VOLT-2022-EN-04,volt,2022,"Research transparently whether a green hydrogen power station is viable in Malta, with a partial IPO if one is built.",0.20,weak,0.20,"shared: station, power, power station; other party; other topic",
MP-MOMENTUM-2026-86,momentum,2026,Oppose using open public land in Pembroke for a football campus and propose the disused Marsa power station site instead.,3,MP-PL-2022-289,pl,2022,"Complete the Ta’ Qali National Park, enlarging the open space and planting new trees with landscaping, for public recreation, physical and cultural activities.",0.18,weak,0.14,"shared: football, open; other party; same topic (Land & Trees)",
MP-MOMENTUM-2026-87,momentum,2026,"Use heritage assessment criteria, such as historical and cultural value, to evaluate and protect significant buildings.",1,MP-PL-2022-339,pl,2022,Protect grade 2 scheduled buildings with new incentives for owners to restore them and open them to the public where possible.,0.19,weak,0.11,"shared: protect, building; other party; same subtopic (Heritage & character)",
MP-MOMENTUM-2026-87,momentum,2026,"Use heritage assessment criteria, such as historical and cultural value, to evaluate and protect significant buildings.",2,MP-PL-2022-374,pl,2022,Add dog swimming zones and evaluate existing ones to make them safer and more accessible.,0.14,weak,0.14,shared: evaluate; other party; other topic,
MP-MOMENTUM-2026-87,momentum,2026,"Use heritage assessment criteria, such as historical and cultural value, to evaluate and protect significant buildings.",3,MP-PN-2022-174,pn,2022,Use ESG environmental criteria to reshape the tax framework so that only non-polluting economic activities are incentivised and sustainability is rewarded.,0.13,weak,0.13,"shared: criteria, use; other party; other topic",
MP-MOMENTUM-2026-88,momentum,2026,"Balance development with protecting heritage sites such as Valletta, Mdina and Ġgantija so they keep their UNESCO World Heritage status.",1,MP-PL-2022-290,pl,2022,"Carry out the Triq Sant’Anna project, Floriana: open the Lion-to-War Memorial area to the public, traffic underground, with a pedestrian link to Valletta.",0.13,weak,0.13,shared: valletta; other party; other topic,
MP-MOMENTUM-2026-88,momentum,2026,"Balance development with protecting heritage sites such as Valletta, Mdina and Ġgantija so they keep their UNESCO World Heritage status.",2,MP-PL-2022-356,pl,2022,"Encourage recycled construction materials, including franka stone and reconstituted stone, and require a balance of used and new material in public projects.",0.11,weak,0.11,shared: balance; other party; other topic,
MP-MOMENTUM-2026-88,momentum,2026,"Balance development with protecting heritage sites such as Valletta, Mdina and Ġgantija so they keep their UNESCO World Heritage status.",3,MP-PN-2022-191,pn,2022,"Launch a programme to rehabilitate and conserve valleys, with emphasis on protecting their biodiversity.",0.11,weak,0.11,shared: protecting; other party; other topic,
MP-MOMENTUM-2026-89,momentum,2026,"Require environmental impact assessments covering biodiversity, water and air quality for all significant construction projects.",1,MP-PL-2022-345,pl,2022,Require set timelines and coordination for every construction project to reduce inconvenience and increase enforcement.,0.23,weak,0.15,"shared: construction, require; other party; same subtopic (Development & construction)",
MP-MOMENTUM-2026-89,momentum,2026,"Require environmental impact assessments covering biodiversity, water and air quality for all significant construction projects.",2,MP-PN-2022-182,pn,2022,"Fully support investments that reduce environmental impact, both in emissions and in land use.",0.20,weak,0.20,"shared: impact, environmental, environmental impact; other party; other topic",
MP-MOMENTUM-2026-89,momentum,2026,"Require environmental impact assessments covering biodiversity, water and air quality for all significant construction projects.",3,MP-ADPD-2022-LAND-04,adpd,2022,"Opposes the proposed motor-racing track (at Ħal Far), citing noise and ecological impacts on nearby communities.",0.16,weak,0.08,shared: impact; other party; same subtopic (Development & construction),
MP-MOMENTUM-2026-90,momentum,2026,Issue guidelines encouraging adaptive reuse of existing buildings instead of demolition.,1,MP-VOLT-2022-DEV-05,volt,2022,"Set and enforce strict rules for new developments, including locality design styles, stricter and lower height limits, stronger village-core protection and penalties for unreasonable demolition.",0.17,weak,0.09,"shared: demolition, heading: construction; other party; same subtopic (Development & construction)",
MP-MOMENTUM-2026-90,momentum,2026,Issue guidelines encouraging adaptive reuse of existing buildings instead of demolition.,2,MP-PL-2022-330,pl,2022,Launch new schemes encouraging residents to green the façades and roofs of their homes.,0.17,weak,0.17,shared: encouraging; other party; other topic,
MP-MOMENTUM-2026-90,momentum,2026,Issue guidelines encouraging adaptive reuse of existing buildings instead of demolition.,3,MP-PL-2022-285,pl,2022,Apply urban green reclamation: convert existing public buildings or buy private buildings to regenerate them as community open spaces in areas lacking them.,0.16,weak,0.16,"shared: existing, building, existing building; other party; other topic",
MP-MOMENTUM-2026-91,momentum,2026,Digitise underground maps held by the National Archives and publish them free online to protect underground heritage.,1,MP-PL-2022-350,pl,2022,"Work on a pilot underground refuse collection project to reduce visual impact, odours and inconvenience.",0.18,weak,0.18,shared: underground; other party; other topic,
MP-MOMENTUM-2026-91,momentum,2026,Digitise underground maps held by the National Archives and publish them free online to protect underground heritage.,2,MP-PL-2022-339,pl,2022,Protect grade 2 scheduled buildings with new incentives for owners to restore them and open them to the public where possible.,0.18,weak,0.10,shared: protect; other party; same subtopic (Heritage & character),
MP-MOMENTUM-2026-91,momentum,2026,Digitise underground maps held by the National Archives and publish them free online to protect underground heritage.,3,MP-PL-2022-295,pl,2022,Demolish the milk factory in Ħamrun and replace it with an underground car park topped by a green open space.,0.16,weak,0.16,shared: underground; other party; other topic,
MP-MOMENTUM-2026-92,momentum,2026,"Hold genuine consultation with NGOs, professional bodies, local councils and the public on projects with significant community implications.",1,MP-PN-2022-176,pn,2022,"Give environmental NGOs more votes on boards taking material decisions on environment, transport, infrastructure and planning, and require consultation at every level of such decisions.",0.23,weak,0.15,"shared: consultation, ngos; other party; same subtopic (Accountability)",
MP-MOMENTUM-2026-92,momentum,2026,"Hold genuine consultation with NGOs, professional bodies, local councils and the public on projects with significant community implications.",2,MP-PL-2022-310,pl,2022,Fully support afforestation initiatives led by NGOs and local councils across different localities.,0.22,weak,0.22,"shared: ngos, council, local, local council; other party; other topic",
MP-MOMENTUM-2026-92,momentum,2026,"Hold genuine consultation with NGOs, professional bodies, local councils and the public on projects with significant community implications.",3,MP-ADPD-2022-ENV-02,adpd,2022,Give environmental NGOs financial assistance from the state.,0.19,weak,0.11,shared: ngos; other party; same subtopic (Accountability),
MP-MOMENTUM-2026-93,momentum,2026,"Strengthen the Environmental Protection Unit in Malta and Gozo with more staff, drones and cameras, operating around the clock.",1,MP-PN-2022-178,pn,2022,"Give environmental protection top priority when drafting every policy and law, to shield the environment from degradation.",0.19,weak,0.19,"shared: protection, environmental, environmental protection; other party; other topic",
MP-MOMENTUM-2026-93,momentum,2026,"Strengthen the Environmental Protection Unit in Malta and Gozo with more staff, drones and cameras, operating around the clock.",2,MP-PN-2022-199,pn,2022,"Invest to raise the operation of the Pitkalija, abattoir and fish market into efficient, modern, transparent centres of excellence.",0.13,weak,0.13,shared: operation; other party; other topic,
MP-MOMENTUM-2026-93,momentum,2026,"Strengthen the Environmental Protection Unit in Malta and Gozo with more staff, drones and cameras, operating around the clock.",3,MP-PL-2022-341,pl,2022,"Introduce a skyline policy balancing high-rise needs with locality identity, views and residents’ interests, particularly in Gozo.",0.12,weak,0.08,shared: gozo; other party; same topic (Planning & Housing),
MP-MOMENTUM-2026-94,momentum,2026,Speed up the process for setting up offshore wind farms and solar farms.,1,MP-PN-2022-215,pn,2022,"Increase renewable capacity by investing, with private-sector involvement, in a large-scale deep-sea offshore wind farm.",0.44,possible,0.36,"shared: farm, wind, offshore, wind farm, offshore wind; other party; same subtopic (Renewables)",
MP-MOMENTUM-2026-94,momentum,2026,Speed up the process for setting up offshore wind farms and solar farms.,2,MP-PL-2022-402,pl,2022,Continue incentivising solar farms and support investment schemes for people without roof space for solar panels.,0.39,possible,0.31,"shared: farm, solar, solar farm, solar (concept); other party; same subtopic (Renewables)",
MP-MOMENTUM-2026-94,momentum,2026,Speed up the process for setting up offshore wind farms and solar farms.,3,MP-ADPD-2022-7,adpd,2022,"Solar farms must not be used as an excuse to destroy more farmland, even land not being cultivated.",0.38,possible,0.30,"shared: farm, solar, solar farm, solar (concept); other party; same subtopic (Renewables)",
MP-MOMENTUM-2026-94,momentum,2026,Speed up the process for setting up offshore wind farms and solar farms.,x,MP-PL-2022-397,pl,2022,"Work with the private sector for investment in offshore renewable energy, including floating wind and solar technologies.",0.36,possible,0.28,"shared: wind, offshore, solar, wind (concept), offshore (concept); other party; same subtopic (Renewables)",
MP-MOMENTUM-2026-95,momentum,2026,"Make more use of EU funding such as Horizon Europe Cluster 5 for clean-energy research, including floating offshore wind and maritime decarbonisation.",1,MP-PL-2022-397,pl,2022,"Work with the private sector for investment in offshore renewable energy, including floating wind and solar technologies.",0.38,possible,0.30,"shared: floating, wind, offshore, energy, wind (concept); other party; same subtopic (Renewables)",
MP-MOMENTUM-2026-95,momentum,2026,"Make more use of EU funding such as Horizon Europe Cluster 5 for clean-energy research, including floating offshore wind and maritime decarbonisation.",2,MP-ADPD-2022-8,adpd,2022,Sustain and strengthen research already under way on wave energy and floating offshore PV panels.,0.36,possible,0.28,"shared: floating, offshore, research, floating offshore, energy; other party; same subtopic (Renewables)",
MP-MOMENTUM-2026-95,momentum,2026,"Make more use of EU funding such as Horizon Europe Cluster 5 for clean-energy research, including floating offshore wind and maritime decarbonisation.",3,MP-PL-2022-399,pl,2022,"Continue studies and technical preparations for a hydrogen project to supply clean energy, supporting decarbonisation goals.",0.32,weak,0.24,"shared: decarbonisation, clean, energy, clean energy; other party; same subtopic (Renewables)",
MP-MOMENTUM-2026-96,momentum,2026,Increase support for renewable-energy cooperatives and community energy-sharing projects.,1,MP-PN-2022-215,pn,2022,"Increase renewable capacity by investing, with private-sector involvement, in a large-scale deep-sea offshore wind farm.",0.29,weak,0.21,"shared: increase, renewable, increase renewable; other party; same subtopic (Renewables)",
MP-MOMENTUM-2026-96,momentum,2026,Increase support for renewable-energy cooperatives and community energy-sharing projects.,2,MP-ADPD-2022-13,adpd,2022,Government to buy renewable electricity via the interconnector and agree renewable-energy cooperation with Sicily.,0.26,weak,0.18,"shared: renewable, energy, renewable energy; other party; same subtopic (Renewables)",
MP-MOMENTUM-2026-96,momentum,2026,Increase support for renewable-energy cooperatives and community energy-sharing projects.,3,MP-PL-2022-397,pl,2022,"Work with the private sector for investment in offshore renewable energy, including floating wind and solar technologies.",0.23,weak,0.15,"shared: energy, renewable, renewable energy; other party; same subtopic (Renewables)",
MP-MOMENTUM-2026-97,momentum,2026,Draw up a step-by-step roadmap towards zero plastic as part of decarbonisation.,1,MP-PL-2022-353,pl,2022,Install plastic bottle return machines nationwide and extend the Beverage Container Refund Scheme to other plastic containers.,0.27,weak,0.19,"shared: plastic, plastic (concept); other party; same subtopic (Recycling & separation)",
MP-MOMENTUM-2026-97,momentum,2026,Draw up a step-by-step roadmap towards zero plastic as part of decarbonisation.,2,MP-PL-2022-351,pl,2022,"Identify sites for more bulky waste civic amenity sites in Malta and Gozo, also accepting household glass, plastic and paper.",0.16,weak,0.12,"shared: plastic, plastic (concept); other party; same topic (Waste)",
MP-MOMENTUM-2026-97,momentum,2026,Draw up a step-by-step roadmap towards zero plastic as part of decarbonisation.,3,MP-PL-2022-399,pl,2022,"Continue studies and technical preparations for a hydrogen project to supply clean energy, supporting decarbonisation goals.",0.16,weak,0.16,shared: decarbonisation; other party; other topic,
MP-MOMENTUM-2026-98,momentum,2026,"Ban single-use plastic and work with producers, importers and sellers to phase out plastic packaging in supermarkets.",1,MP-PL-2022-353,pl,2022,Install plastic bottle return machines nationwide and extend the Beverage Container Refund Scheme to other plastic containers.,0.34,weak,0.26,"shared: plastic, plastic (concept); other party; same subtopic (Recycling & separation)",
MP-MOMENTUM-2026-98,momentum,2026,"Ban single-use plastic and work with producers, importers and sellers to phase out plastic packaging in supermarkets.",2,MP-PN-2022-202,pn,2022,Introduce a much stricter legal framework regulating recycling and penalising single-use materials more heavily.,0.25,weak,0.17,"shared: single, use, single use, plastic (concept); other party; same subtopic (Recycling & separation)",
MP-MOMENTUM-2026-98,momentum,2026,"Ban single-use plastic and work with producers, importers and sellers to phase out plastic packaging in supermarkets.",3,MP-PL-2022-351,pl,2022,"Identify sites for more bulky waste civic amenity sites in Malta and Gozo, also accepting household glass, plastic and paper.",0.21,weak,0.17,"shared: plastic, plastic (concept); other party; same topic (Waste)",
MP-MOMENTUM-2026-99,momentum,2026,Work to ban single-use products in restaurants and fast-food outlets.,1,MP-PL-2022-358,pl,2022,Work with takeaway food outlets on guidelines for lower-impact food container alternatives.,0.43,possible,0.35,"shared: food, outlet, food outlet; other party; same subtopic (Recycling & separation)",
MP-MOMENTUM-2026-99,momentum,2026,Work to ban single-use products in restaurants and fast-food outlets.,2,MP-PL-2022-359,pl,2022,Launch a pilot with hotels and restaurants to help them invest in anaerobic digesters turning food waste into biogas for cooking.,0.35,possible,0.27,"shared: restaurant, food; other party; same subtopic (Recycling & separation)",
MP-MOMENTUM-2026-99,momentum,2026,Work to ban single-use products in restaurants and fast-food outlets.,3,MP-PN-2022-202,pn,2022,Introduce a much stricter legal framework regulating recycling and penalising single-use materials more heavily.,0.29,weak,0.21,"shared: single, use, single use, plastic (concept); other party; same subtopic (Recycling & separation)",
MP-PL-2026-13-28,pl,2026,"Gozo to be the first part of the country to become climate neutral, with stronger incentives for solar panels, batteries and solar water heaters.",1,MP-PL-2022-404,pl,2022,"Strengthen household grant schemes for solar water heaters, PV panels, roof insulation, heat pumps, double glazing, batteries and well maintenance.",0.54,possible,0.36,"shared: heater, batterie, solar, panel, water; same party; same subtopic (Renewables)",
MP-PL-2026-13-28,pl,2026,"Gozo to be the first part of the country to become climate neutral, with stronger incentives for solar panels, batteries and solar water heaters.",2,MP-PL-2022-401,pl,2022,"Start a process to make government agencies and departments climate neutral, installing rooftop solar panels with surplus fed to the national grid.",0.45,possible,0.31,"shared: neutral, solar, panel, climate, climate neutral; same party; same topic (Climate & Energy)",
MP-PL-2026-13-28,pl,2026,"Gozo to be the first part of the country to become climate neutral, with stronger incentives for solar panels, batteries and solar water heaters.",3,MP-PL-2022-402,pl,2022,Continue incentivising solar farms and support investment schemes for people without roof space for solar panels.,0.43,possible,0.25,"shared: solar, panel, solar panel, solar (concept); same party; same subtopic (Renewables)",
MP-PL-2026-13-28,pl,2026,"Gozo to be the first part of the country to become climate neutral, with stronger incentives for solar panels, batteries and solar water heaters.",x,MP-ADPD-2022-11,adpd,2022,"Require, with immediate effect, every new building to have a solar water heater.",0.42,possible,0.34,"shared: heater, solar, water, solar water, water heater; other party; same subtopic (Renewables)",
MP-PL-2026-14-1,pl,2026,"Turn White Rocks into a natural park instead of development, continue restoring its habitat and protect the site permanently from development.",1,MP-PL-2022-284,pl,2022,"Allocate funds to create new urban green spaces, parks, pedestrian zones in every locality and underground car parks, prioritising central and southern Malta.",0.27,weak,0.09,"shared: park, heading: investiment, heading: akbar, heading: ambjent, park (concept); same party; same subtopic (Open spaces & parks)",
MP-PL-2026-14-1,pl,2026,"Turn White Rocks into a natural park instead of development, continue restoring its habitat and protect the site permanently from development.",2,MP-PL-2022-317,pl,2022,"If land outside development zones is needed for a public school or hospital, turn equivalent public land within them into open space (no-net land take).",0.26,weak,0.12,"shared: turn, development, heading: ambjent, park (concept); same party; same topic (Land & Trees)",
MP-PL-2026-14-1,pl,2026,"Turn White Rocks into a natural park instead of development, continue restoring its habitat and protect the site permanently from development.",3,MP-PL-2022-303,pl,2022,Start work immediately on parks in Imqabba and Birgu to give residents more open space.,0.24,weak,0.06,"shared: park, park (concept); same party; same subtopic (Open spaces & parks)",
MP-PL-2026-14-10,pl,2026,"Split the Environment and Planning Review Tribunal in two, creating a separate tribunal dealing only with environmental appeals.",1,MP-PL-2022-337,pl,2022,Implement the updated Strategic Plan for Environment and Development (SPED) with new indicators to track its environmental aims.,0.27,weak,0.13,"shared: environment, environmental; same party; same topic (Planning & Housing)",
MP-PL-2026-14-10,pl,2026,"Split the Environment and Planning Review Tribunal in two, creating a separate tribunal dealing only with environmental appeals.",2,MP-PL-2022-292,pl,2022,"Start roofing over the area outside the Santa Venera tunnels, creating open spaces, a garden and public facilities on top.",0.20,weak,0.10,"shared: creating, heading: ambjentali; same party; other topic",
MP-PL-2026-14-10,pl,2026,"Split the Environment and Planning Review Tribunal in two, creating a separate tribunal dealing only with environmental appeals.",3,MP-PL-2022-294,pl,2022,"Roof over part of the water channel along Triq il-Qasab, Birkirkara, without reducing water flow, creating a new green space.",0.19,weak,0.09,"shared: creating, heading: ambjentali; same party; other topic",
MP-PL-2026-14-11,pl,2026,Public land inside the rationalisation zones added in the 2006 local plans will not be developed for speculative purposes.,1,MP-PL-2022-317,pl,2022,"If land outside development zones is needed for a public school or hospital, turn equivalent public land within them into open space (no-net land take).",0.36,possible,0.18,"shared: land, zone, odz (concept); same party; same subtopic (Land take & agriculture)",
MP-PL-2026-14-11,pl,2026,Public land inside the rationalisation zones added in the 2006 local plans will not be developed for speculative purposes.,2,MP-PL-2022-319,pl,2022,Ensure Ħondoq ir-Rummien is not developed in any way and carry out embellishment works at the bay.,0.32,weak,0.22,shared: developed; same party; other topic,
MP-PL-2026-14-11,pl,2026,Public land inside the rationalisation zones added in the 2006 local plans will not be developed for speculative purposes.,3,MP-PL-2022-338,pl,2022,"Make urban conservation areas (UCAs) irrevocable except for extension, and introduce buffer zones around them.",0.22,weak,0.12,shared: zone; same party; other topic,
MP-PL-2026-14-12,pl,2026,"Amend the law so that parks and gardens created in recent years, especially on formerly developable land, are protected from development.",1,MP-PL-2022-323,pl,2022,Create a garden network in Floriana integrating gardens with Argotti Gardens as an accessible green network supporting biodiversity.,0.34,weak,0.16,"shared: garden, park (concept); same party; same subtopic (Open spaces & parks)",
MP-PL-2026-14-12,pl,2026,"Amend the law so that parks and gardens created in recent years, especially on formerly developable land, are protected from development.",2,MP-PL-2022-298,pl,2022,"Make Rinella garden, Kalkara, a sustainable garden with solar paving and smart benches and bins, then launch a maintenance programme making public gardens sustainable.",0.31,weak,0.13,"shared: garden, heading: ambjentali, park (concept); same party; same subtopic (Open spaces & parks)",
MP-PL-2026-14-12,pl,2026,"Amend the law so that parks and gardens created in recent years, especially on formerly developable land, are protected from development.",3,MP-PL-2022-329,pl,2022,"Transform highly urbanised localities into green cities with open spaces, pocket parks, green walls, roof gardens, permanent pedestrian zones and possible underground parking.",0.28,weak,0.10,"shared: garden, park, park (concept); same party; same subtopic (Open spaces & parks)",
MP-PL-2026-14-13,pl,2026,"Identify further land for open spaces near homes and workplaces, after gardens in Ħal Lija, Ħal Kirkop, Swieqi and arrangements in Ħal Luqa and Fgura.",1,MP-PL-2022-286,pl,2022,"Negotiate with private owners of open spaces and large gardens, mainly in urban cores, to lease or buy them and open them to the public.",0.34,weak,0.16,"shared: garden, open, space, open space, park (concept); same party; same subtopic (Open spaces & parks)",
MP-PL-2026-14-13,pl,2026,"Identify further land for open spaces near homes and workplaces, after gardens in Ħal Lija, Ħal Kirkop, Swieqi and arrangements in Ħal Luqa and Fgura.",2,MP-PL-2022-292,pl,2022,"Start roofing over the area outside the Santa Venera tunnels, creating open spaces, a garden and public facilities on top.",0.32,weak,0.14,"shared: garden, open, space, open space, heading: ambjentali; same party; same subtopic (Open spaces & parks)",
MP-PL-2026-14-13,pl,2026,"Identify further land for open spaces near homes and workplaces, after gardens in Ħal Lija, Ħal Kirkop, Swieqi and arrangements in Ħal Luqa and Fgura.",3,MP-PL-2022-323,pl,2022,Create a garden network in Floriana integrating gardens with Argotti Gardens as an accessible green network supporting biodiversity.,0.32,weak,0.14,"shared: garden, park (concept); same party; same subtopic (Open spaces & parks)",
MP-PL-2026-14-14,pl,2026,"Keep adding rural places and hiking and trekking routes to the Parks in Malta app, which lists parks, gardens and open spaces.",1,MP-PL-2022-288,pl,2022,"Promote green networks linking urban areas to the countryside, joining open spaces along the route, possibly from Mellieħa to Xgħajra, with similar routes in Gozo.",0.36,possible,0.18,"shared: route, open, space, open space, park (concept); same party; same subtopic (Open spaces & parks)",
MP-PL-2026-14-14,pl,2026,"Keep adding rural places and hiking and trekking routes to the Parks in Malta app, which lists parks, gardens and open spaces.",2,MP-PL-2022-303,pl,2022,Start work immediately on parks in Imqabba and Birgu to give residents more open space.,0.34,weak,0.16,"shared: park, open, space, open space, park (concept); same party; same subtopic (Open spaces & parks)",
MP-PL-2026-14-14,pl,2026,"Keep adding rural places and hiking and trekking routes to the Parks in Malta app, which lists parks, gardens and open spaces.",3,MP-PL-2022-329,pl,2022,"Transform highly urbanised localities into green cities with open spaces, pocket parks, green walls, roof gardens, permanent pedestrian zones and possible underground parking.",0.33,weak,0.15,"shared: park, garden, open, space, open space; same party; same subtopic (Open spaces & parks)",
MP-PL-2026-14-15,pl,2026,"Link Floriana and Tal-Pietà gardens into a green network, with more restoration at Ġnien San Filippu, Pinetum works and regeneration at Ġnien tal-Milorda.",1,MP-PL-2022-323,pl,2022,Create a garden network in Floriana integrating gardens with Argotti Gardens as an accessible green network supporting biodiversity.,0.56,strong,0.38,"shared: garden, floriana, network, green, green network; same party; same subtopic (Open spaces & parks)",
MP-PL-2026-14-15,pl,2026,"Link Floriana and Tal-Pietà gardens into a green network, with more restoration at Ġnien San Filippu, Pinetum works and regeneration at Ġnien tal-Milorda.",2,MP-PL-2022-296,pl,2022,"Extend Ġnien Karin Grech, San Ġwann, with a new square and green space, a proposed traffic tunnel and underground parking.",0.39,possible,0.21,"shared: gnien, san, green, park (concept); same party; same subtopic (Open spaces & parks)",
MP-PL-2026-14-15,pl,2026,"Link Floriana and Tal-Pietà gardens into a green network, with more restoration at Ġnien San Filippu, Pinetum works and regeneration at Ġnien tal-Milorda.",3,MP-PL-2022-290,pl,2022,"Carry out the Triq Sant’Anna project, Floriana: open the Lion-to-War Memorial area to the public, traffic underground, with a pedestrian link to Valletta.",0.30,weak,0.20,"shared: floriana, link; same party; other topic",
MP-PL-2026-14-16,pl,2026,Planning has begun to turn the Wied Dalam military site into an accessible family space of ecological importance used for environmental education.,1,MP-PL-2022-306,pl,2022,"Continue regenerating abandoned sites for public enjoyment, following former landfills at Wied Fulija (Żurrieq) and Il-Qortin (Xagħra).",0.32,weak,0.14,"shared: wied, site, valley (concept); same party; same subtopic (Open spaces & parks)",
MP-PL-2026-14-16,pl,2026,Planning has begun to turn the Wied Dalam military site into an accessible family space of ecological importance used for environmental education.,2,MP-PL-2022-301,pl,2022,"Create Malta’s first geological park along the coast of Għar Lapsi and Wied iż-Żurrieq, for recreation and conservation.",0.27,weak,0.09,"shared: wied, valley (concept); same party; same subtopic (Open spaces & parks)",
MP-PL-2026-14-16,pl,2026,Planning has begun to turn the Wied Dalam military site into an accessible family space of ecological importance used for environmental education.,3,MP-PL-2022-361,pl,2022,Provide clear signage and walking trails in as many publicly accessible rural areas as possible.,0.27,weak,0.09,shared: accessible; same party; same subtopic (Open spaces & parks),
MP-PL-2026-14-17,pl,2026,"Complete the Park tal-Inħawi in Fgura, a green space with pedestrian paths, children's facilities and parking, linked to Park ta' San Klement in Ħaż-Żabbar.",1,MP-PL-2022-329,pl,2022,"Transform highly urbanised localities into green cities with open spaces, pocket parks, green walls, roof gardens, permanent pedestrian zones and possible underground parking.",0.45,possible,0.27,"shared: pedestrian, green, parking, park, space; same party; same subtopic (Open spaces & parks)",
MP-PL-2026-14-17,pl,2026,"Complete the Park tal-Inħawi in Fgura, a green space with pedestrian paths, children's facilities and parking, linked to Park ta' San Klement in Ħaż-Żabbar.",2,MP-PL-2022-284,pl,2022,"Allocate funds to create new urban green spaces, parks, pedestrian zones in every locality and underground car parks, prioritising central and southern Malta.",0.41,possible,0.23,"shared: pedestrian, park, green, space, green space; same party; same subtopic (Open spaces & parks)",
MP-PL-2026-14-17,pl,2026,"Complete the Park tal-Inħawi in Fgura, a green space with pedestrian paths, children's facilities and parking, linked to Park ta' San Klement in Ħaż-Żabbar.",3,MP-PL-2022-296,pl,2022,"Extend Ġnien Karin Grech, San Ġwann, with a new square and green space, a proposed traffic tunnel and underground parking.",0.41,possible,0.23,"shared: parking, san, space, green, green space; same party; same subtopic (Open spaces & parks)",
MP-PL-2026-14-18,pl,2026,"Extend the Bengħajsa Park, opened in 2023, by a further 7,000m2 and expand it substantially again in the next legislature.",1,MP-PL-2022-309,pl,2022,"Complete the Bengħajsa afforestation project, planting indigenous trees and creating a family park.",0.37,possible,0.23,"shared: bengajsa, park, park (concept); same party; same topic (Land & Trees)",
MP-PL-2026-14-18,pl,2026,"Extend the Bengħajsa Park, opened in 2023, by a further 7,000m2 and expand it substantially again in the next legislature.",2,MP-PL-2022-385,pl,2022,"Expand the Marsaskala distribution centre, freeing capacity at Ħal Tarxien, and also expand the Imrieħel distribution centre.",0.29,weak,0.19,shared: expand; same party; other topic,
MP-PL-2026-14-18,pl,2026,"Extend the Bengħajsa Park, opened in 2023, by a further 7,000m2 and expand it substantially again in the next legislature.",3,MP-PL-2022-303,pl,2022,Start work immediately on parks in Imqabba and Birgu to give residents more open space.,0.27,weak,0.09,"shared: park, park (concept); same party; same subtopic (Open spaces & parks)",
MP-PL-2026-14-19,pl,2026,"Expand the Salina National Park, restore its farmhouse, create new paths and plant more trees.",1,MP-PL-2022-289,pl,2022,"Complete the Ta’ Qali National Park, enlarging the open space and planting new trees with landscaping, for public recreation, physical and cultural activities.",0.31,weak,0.13,"shared: tree, park, trees (concept), park (concept); same party; same subtopic (Open spaces & parks)",
MP-PL-2026-14-19,pl,2026,"Expand the Salina National Park, restore its farmhouse, create new paths and plant more trees.",2,MP-PL-2022-304,pl,2022,"Restore Sant’Anton Gardens: repair walls, new paving and benches, and add a butterfly house and bird aviaries.",0.31,weak,0.13,"shared: restore, park (concept); same party; same subtopic (Open spaces & parks)",
MP-PL-2026-14-19,pl,2026,"Expand the Salina National Park, restore its farmhouse, create new paths and plant more trees.",3,MP-PL-2022-299,pl,2022,Continue relocating processes from the Sant’Antnin recycling plant so it closes and becomes an educational nature park with underground parking for Marsaskala.,0.30,weak,0.12,"shared: plant, park, park (concept); same party; same subtopic (Open spaces & parks)",
MP-PL-2026-14-2,pl,2026,"Maintain White Rocks buildings for education, arts and research uses, and add picnic areas and facilities for mountain biking, hiking and obstacle racing.",1,MP-PL-2022-315,pl,2022,Maintain the Chadwick Lakes area and add initiatives improving access for farmers and the public.,0.38,possible,0.24,"shared: maintain, add, area, heading: ambjent; same party; same topic (Land & Trees)",
MP-PL-2026-14-2,pl,2026,"Maintain White Rocks buildings for education, arts and research uses, and add picnic areas and facilities for mountain biking, hiking and obstacle racing.",2,MP-PL-2022-362,pl,2022,Dedicate areas at Miżieb and l-Aħrax tal-Mellieħa to picnics and camping all year round.,0.29,weak,0.11,"shared: picnic, area; same party; same subtopic (Open spaces & parks)",
MP-PL-2026-14-2,pl,2026,"Maintain White Rocks buildings for education, arts and research uses, and add picnic areas and facilities for mountain biking, hiking and obstacle racing.",3,MP-PL-2022-285,pl,2022,Apply urban green reclamation: convert existing public buildings or buy private buildings to regenerate them as community open spaces in areas lacking them.,0.28,weak,0.10,"shared: building, area, heading: investiment, heading: akbar, heading: ambjent; same party; same subtopic (Open spaces & parks)",
MP-PL-2026-14-20,pl,2026,"Complete the final phase of Ta' Qali National Park, including a jogging and cycling track, plus picnic-area lighting, furniture, water reservoirs and flood measures.",1,MP-PL-2022-289,pl,2022,"Complete the Ta’ Qali National Park, enlarging the open space and planting new trees with landscaping, for public recreation, physical and cultural activities.",0.31,weak,0.13,"shared: qali, qali park, park, park (concept); same party; same subtopic (Open spaces & parks)",
MP-PL-2026-14-20,pl,2026,"Complete the final phase of Ta' Qali National Park, including a jogging and cycling track, plus picnic-area lighting, furniture, water reservoirs and flood measures.",2,MP-PL-2022-389,pl,2022,Complete the underground tunnel between the Pembroke reverse osmosis plant and the Ta’ Qali reservoir to improve tap water quality and efficiency.,0.31,weak,0.21,"shared: reservoir, qali, water, reservoir (concept); same party; other topic",
MP-PL-2026-14-20,pl,2026,"Complete the final phase of Ta' Qali National Park, including a jogging and cycling track, plus picnic-area lighting, furniture, water reservoirs and flood measures.",3,MP-PL-2022-386,pl,2022,"Strengthen water conservation through improved infrastructure, water catchment systems in Malta and Gozo, restoring old reservoirs and building new ones.",0.29,weak,0.19,"shared: reservoir, water, reservoir (concept); same party; other topic",
MP-PL-2026-14-21,pl,2026,"Replace the dismantled Sant'Antnin waste plant in Marsaskala with a park including mature trees, a pond, a learning centre, exhibition space and a greenhouse.",1,MP-PL-2022-299,pl,2022,Continue relocating processes from the Sant’Antnin recycling plant so it closes and becomes an educational nature park with underground parking for Marsaskala.,0.36,possible,0.18,"shared: marsaskala, plant, park, park (concept); same party; same subtopic (Open spaces & parks)",
MP-PL-2026-14-21,pl,2026,"Replace the dismantled Sant'Antnin waste plant in Marsaskala with a park including mature trees, a pond, a learning centre, exhibition space and a greenhouse.",2,MP-PL-2022-295,pl,2022,Demolish the milk factory in Ħamrun and replace it with an underground car park topped by a green open space.,0.35,weak,0.17,"shared: replace, park, space, park (concept); same party; same subtopic (Open spaces & parks)",
MP-PL-2026-14-21,pl,2026,"Replace the dismantled Sant'Antnin waste plant in Marsaskala with a park including mature trees, a pond, a learning centre, exhibition space and a greenhouse.",3,MP-PL-2022-289,pl,2022,"Complete the Ta’ Qali National Park, enlarging the open space and planting new trees with landscaping, for public recreation, physical and cultural activities.",0.30,weak,0.12,"shared: tree, park, space, trees (concept), park (concept); same party; same subtopic (Open spaces & parks)",
MP-PL-2026-14-22,pl,2026,"Create Park ta' San Patrizju in Pembroke, with extensive cleaning near the Natura 2000 site, a picnic area and more accessible paths.",1,MP-PL-2022-328,pl,2022,Invest in more resources and machinery for difficult places and consolidate the work of entities cleaning public areas.,0.31,weak,0.21,"shared: cleaning, area; same party; other topic",
MP-PL-2026-14-22,pl,2026,"Create Park ta' San Patrizju in Pembroke, with extensive cleaning near the Natura 2000 site, a picnic area and more accessible paths.",2,MP-PL-2022-326,pl,2022,"Continue work at Il-Magħluq, Marsaxlokk, including measures against coastal erosion and to protect the bay and adjacent Natura 2000 site.",0.31,weak,0.17,"shared: natura, site, natura site, natura (concept); same figures: 2000; same party; other topic",
MP-PL-2026-14-22,pl,2026,"Create Park ta' San Patrizju in Pembroke, with extensive cleaning near the Natura 2000 site, a picnic area and more accessible paths.",3,MP-PL-2022-291,pl,2022,"Regenerate the car park area in Triq San Pawl, Bormla, into an open space, with underground parking for residents and visitors to Bormla and Isla.",0.30,weak,0.12,"shared: san, park, area, park (concept); same party; same subtopic (Open spaces & parks)",
MP-PL-2026-14-23,pl,2026,"Turn the area around Fortizza Delle Grazie in Xgħajra into a park with recreation space, new trees and outdoor event facilities.",1,MP-PL-2022-289,pl,2022,"Complete the Ta’ Qali National Park, enlarging the open space and planting new trees with landscaping, for public recreation, physical and cultural activities.",0.45,possible,0.27,"shared: recreation, tree, park, space, trees (concept); same party; same subtopic (Open spaces & parks)",
MP-PL-2026-14-23,pl,2026,"Turn the area around Fortizza Delle Grazie in Xgħajra into a park with recreation space, new trees and outdoor event facilities.",2,MP-PL-2022-288,pl,2022,"Promote green networks linking urban areas to the countryside, joining open spaces along the route, possibly from Mellieħa to Xgħajra, with similar routes in Gozo.",0.35,possible,0.17,"shared: xgajra, area, space, park (concept); same party; same subtopic (Open spaces & parks)",
MP-PL-2026-14-23,pl,2026,"Turn the area around Fortizza Delle Grazie in Xgħajra into a park with recreation space, new trees and outdoor event facilities.",3,MP-PL-2022-301,pl,2022,"Create Malta’s first geological park along the coast of Għar Lapsi and Wied iż-Żurrieq, for recreation and conservation.",0.34,weak,0.16,"shared: recreation, park, park (concept); same party; same subtopic (Open spaces & parks)",
MP-PL-2026-14-24,pl,2026,"Extend the 20-tomna Wied Inċita park by 7,000m2, then by over 70,000m2 in a third phase next legislature, adding family space and fruit trees.",1,MP-PL-2022-309,pl,2022,"Complete the Bengħajsa afforestation project, planting indigenous trees and creating a family park.",0.36,possible,0.22,"shared: family, tree, park, trees (concept), park (concept); same party; same topic (Land & Trees)",
MP-PL-2026-14-24,pl,2026,"Extend the 20-tomna Wied Inċita park by 7,000m2, then by over 70,000m2 in a third phase next legislature, adding family space and fruit trees.",2,MP-PL-2022-335,pl,2022,"Launch a pilot project of community gardens where residents can grow vegetables, fruit and flowers.",0.34,weak,0.16,"shared: fruit, park (concept); same party; same subtopic (Open spaces & parks)",
MP-PL-2026-14-24,pl,2026,"Extend the 20-tomna Wied Inċita park by 7,000m2, then by over 70,000m2 in a third phase next legislature, adding family space and fruit trees.",3,MP-PL-2022-289,pl,2022,"Complete the Ta’ Qali National Park, enlarging the open space and planting new trees with landscaping, for public recreation, physical and cultural activities.",0.33,weak,0.15,"shared: tree, park, space, trees (concept), park (concept); same party; same subtopic (Open spaces & parks)",
MP-PL-2026-14-25,pl,2026,"Clean Wied Blandun, preserve its habitat and remove invasive trees, and maintain paths between Fgura and Għajn Dwieli for walking and cycling.",1,MP-PL-2022-300,pl,2022,Create a nature park along the Baħar iċ-Ċagħaq coast with more trees and accessible walking trails.,0.29,weak,0.11,"shared: walking, tree, trees (concept); same party; same subtopic (Open spaces & parks)",
MP-PL-2026-14-25,pl,2026,"Clean Wied Blandun, preserve its habitat and remove invasive trees, and maintain paths between Fgura and Għajn Dwieli for walking and cycling.",2,MP-PL-2022-312,pl,2022,Launch a campaign gradually removing invasive alien trees from public rural areas and replacing them with indigenous trees.,0.29,weak,0.15,"shared: invasive, tree, trees (concept); same party; same topic (Land & Trees)",
MP-PL-2026-14-25,pl,2026,"Clean Wied Blandun, preserve its habitat and remove invasive trees, and maintain paths between Fgura and Għajn Dwieli for walking and cycling.",3,MP-PL-2022-361,pl,2022,Provide clear signage and walking trails in as many publicly accessible rural areas as possible.,0.27,weak,0.09,shared: walking; same party; same subtopic (Open spaces & parks),
MP-PL-2026-14-26,pl,2026,"Start a second phase of regeneration works at Wied il-Qlejgħa in the next legislature, after a 2 km path and maintenance works.",1,MP-PL-2022-306,pl,2022,"Continue regenerating abandoned sites for public enjoyment, following former landfills at Wied Fulija (Żurrieq) and Il-Qortin (Xagħra).",0.30,weak,0.12,"shared: wied, valley (concept); same party; same subtopic (Open spaces & parks)",
MP-PL-2026-14-26,pl,2026,"Start a second phase of regeneration works at Wied il-Qlejgħa in the next legislature, after a 2 km path and maintenance works.",2,MP-PL-2022-301,pl,2022,"Create Malta’s first geological park along the coast of Għar Lapsi and Wied iż-Żurrieq, for recreation and conservation.",0.29,weak,0.11,"shared: wied, valley (concept); same party; same subtopic (Open spaces & parks)",
MP-PL-2026-14-26,pl,2026,"Start a second phase of regeneration works at Wied il-Qlejgħa in the next legislature, after a 2 km path and maintenance works.",3,MP-PL-2022-298,pl,2022,"Make Rinella garden, Kalkara, a sustainable garden with solar paving and smart benches and bins, then launch a maintenance programme making public gardens sustainable.",0.27,weak,0.09,shared: maintenance; same party; same subtopic (Open spaces & parks),
MP-PL-2026-14-27,pl,2026,"Carry out regeneration works in Wied il-Għasel, as done in Wied Speranza, creating one public path linking three valleys including Wied il-Qlejgħa.",1,MP-PL-2022-306,pl,2022,"Continue regenerating abandoned sites for public enjoyment, following former landfills at Wied Fulija (Żurrieq) and Il-Qortin (Xagħra).",0.36,possible,0.18,"shared: wied, valley (concept); same party; same subtopic (Open spaces & parks)",
MP-PL-2026-14-27,pl,2026,"Carry out regeneration works in Wied il-Għasel, as done in Wied Speranza, creating one public path linking three valleys including Wied il-Qlejgħa.",2,MP-PL-2022-301,pl,2022,"Create Malta’s first geological park along the coast of Għar Lapsi and Wied iż-Żurrieq, for recreation and conservation.",0.34,weak,0.16,"shared: wied, valley (concept); same party; same subtopic (Open spaces & parks)",
MP-PL-2026-14-27,pl,2026,"Carry out regeneration works in Wied il-Għasel, as done in Wied Speranza, creating one public path linking three valleys including Wied il-Qlejgħa.",3,MP-PL-2022-292,pl,2022,"Start roofing over the area outside the Santa Venera tunnels, creating open spaces, a garden and public facilities on top.",0.26,weak,0.08,shared: creating; same party; same subtopic (Open spaces & parks),
MP-PL-2026-14-28,pl,2026,Restore the Grade 1 scheduled Gżira sewage pumping station and turn surrounding land into a garden with family spaces and hundreds of trees.,1,MP-PL-2022-339,pl,2022,Protect grade 2 scheduled buildings with new incentives for owners to restore them and open them to the public where possible.,0.48,possible,0.38,"shared: scheduled, grade, restore, grade scheduled; same party; other topic",
MP-PL-2026-14-28,pl,2026,Restore the Grade 1 scheduled Gżira sewage pumping station and turn surrounding land into a garden with family spaces and hundreds of trees.,2,MP-PL-2022-304,pl,2022,"Restore Sant’Anton Gardens: repair walls, new paving and benches, and add a butterfly house and bird aviaries.",0.31,weak,0.13,"shared: restore, garden, park (concept); same party; same subtopic (Open spaces & parks)",
MP-PL-2026-14-28,pl,2026,Restore the Grade 1 scheduled Gżira sewage pumping station and turn surrounding land into a garden with family spaces and hundreds of trees.,3,MP-PL-2022-323,pl,2022,Create a garden network in Floriana integrating gardens with Argotti Gardens as an accessible green network supporting biodiversity.,0.29,weak,0.11,"shared: garden, park (concept); same party; same subtopic (Open spaces & parks)",
MP-PL-2026-14-29,pl,2026,"Embellish another part of the Imtarfa woodland with more walking paths, indigenous trees and a path linking it to Ġnien is-27 t'April.",1,MP-PL-2022-309,pl,2022,"Complete the Bengħajsa afforestation project, planting indigenous trees and creating a family park.",0.43,possible,0.29,"shared: indigenou, tree, indigenou tree, trees (concept); same party; same topic (Land & Trees)",
MP-PL-2026-14-29,pl,2026,"Embellish another part of the Imtarfa woodland with more walking paths, indigenous trees and a path linking it to Ġnien is-27 t'April.",2,MP-PL-2022-312,pl,2022,Launch a campaign gradually removing invasive alien trees from public rural areas and replacing them with indigenous trees.,0.34,weak,0.20,"shared: indigenou, tree, indigenou tree, trees (concept); same party; same topic (Land & Trees)",
MP-PL-2026-14-29,pl,2026,"Embellish another part of the Imtarfa woodland with more walking paths, indigenous trees and a path linking it to Ġnien is-27 t'April.",3,MP-PL-2022-300,pl,2022,Create a nature park along the Baħar iċ-Ċagħaq coast with more trees and accessible walking trails.,0.32,weak,0.14,"shared: walking, tree, trail (concept), trees (concept); same party; same subtopic (Open spaces & parks)",
MP-PL-2026-14-3,pl,2026,"Start restoring Fort Campbell in the coming months, creating camping space, recreation areas for adults and children, and safe walking paths.",1,MP-PL-2022-361,pl,2022,Provide clear signage and walking trails in as many publicly accessible rural areas as possible.,0.33,weak,0.15,"shared: walking, area, trail (concept); same party; same subtopic (Open spaces & parks)",
MP-PL-2026-14-3,pl,2026,"Start restoring Fort Campbell in the coming months, creating camping space, recreation areas for adults and children, and safe walking paths.",2,MP-PL-2022-287,pl,2022,"Demarcate public land and paths in the countryside, design nature trails across Malta and Gozo, and create a mobile app guiding people to public areas.",0.33,weak,0.15,"shared: path, area, heading: investiment, heading: akbar, trail (concept); same party; same subtopic (Open spaces & parks)",
MP-PL-2026-14-3,pl,2026,"Start restoring Fort Campbell in the coming months, creating camping space, recreation areas for adults and children, and safe walking paths.",3,MP-PL-2022-362,pl,2022,Dedicate areas at Miżieb and l-Aħrax tal-Mellieħa to picnics and camping all year round.,0.32,weak,0.14,"shared: camping, area; same party; same subtopic (Open spaces & parks)",
MP-PL-2026-14-30,pl,2026,"Start works this year on the former AUM dormitory site in Bormla: open space with trees, swings, outdoor gym and underground parking.",1,MP-PL-2022-291,pl,2022,"Regenerate the car park area in Triq San Pawl, Bormla, into an open space, with underground parking for residents and visitors to Bormla and Isla.",0.63,strong,0.45,"shared: bormla, parking, underground, bormla open, open; same party; same subtopic (Open spaces & parks)",
MP-PL-2026-14-30,pl,2026,"Start works this year on the former AUM dormitory site in Bormla: open space with trees, swings, outdoor gym and underground parking.",2,MP-PL-2022-296,pl,2022,"Extend Ġnien Karin Grech, San Ġwann, with a new square and green space, a proposed traffic tunnel and underground parking.",0.45,possible,0.27,"shared: parking, underground, space, open, underground parking; same party; same subtopic (Open spaces & parks)",
MP-PL-2026-14-30,pl,2026,"Start works this year on the former AUM dormitory site in Bormla: open space with trees, swings, outdoor gym and underground parking.",3,MP-PL-2022-329,pl,2022,"Transform highly urbanised localities into green cities with open spaces, pocket parks, green walls, roof gardens, permanent pedestrian zones and possible underground parking.",0.42,possible,0.24,"shared: parking, underground, open, space, underground parking; same party; same subtopic (Open spaces & parks)",
MP-PL-2026-14-31,pl,2026,"Start the San Ġwann centre project in coming months: underground parking first, then replace the car area in front of the church with a garden.",1,MP-PL-2022-296,pl,2022,"Extend Ġnien Karin Grech, San Ġwann, with a new square and green space, a proposed traffic tunnel and underground parking.",0.49,possible,0.39,"shared: parking, gwann, san, underground, san gwann; same party; other topic",
MP-PL-2026-14-31,pl,2026,"Start the San Ġwann centre project in coming months: underground parking first, then replace the car area in front of the church with a garden.",2,MP-PL-2022-291,pl,2022,"Regenerate the car park area in Triq San Pawl, Bormla, into an open space, with underground parking for residents and visitors to Bormla and Isla.",0.45,possible,0.35,"shared: san, car, parking, underground, area; same party; other topic",
MP-PL-2026-14-31,pl,2026,"Start the San Ġwann centre project in coming months: underground parking first, then replace the car area in front of the church with a garden.",3,MP-PL-2022-295,pl,2022,Demolish the milk factory in Ħamrun and replace it with an underground car park topped by a green open space.,0.42,possible,0.32,"shared: replace, car, underground, park (concept); same party; other topic",
MP-PL-2026-14-32,pl,2026,"Restore paths, walls and fountains at the Sant'Anton Gardens in Ħ'Attard, followed by restoring the conservatory for growing plants.",1,MP-PL-2022-304,pl,2022,"Restore Sant’Anton Gardens: repair walls, new paving and benches, and add a butterfly house and bird aviaries.",0.44,possible,0.26,"shared: wall, restore, garden, park (concept); same party; same subtopic (Open spaces & parks)",
MP-PL-2026-14-32,pl,2026,"Restore paths, walls and fountains at the Sant'Anton Gardens in Ħ'Attard, followed by restoring the conservatory for growing plants.",2,MP-PL-2022-329,pl,2022,"Transform highly urbanised localities into green cities with open spaces, pocket parks, green walls, roof gardens, permanent pedestrian zones and possible underground parking.",0.32,weak,0.14,"shared: wall, garden, park (concept); same party; same subtopic (Open spaces & parks)",
MP-PL-2026-14-32,pl,2026,"Restore paths, walls and fountains at the Sant'Anton Gardens in Ħ'Attard, followed by restoring the conservatory for growing plants.",3,MP-PL-2022-323,pl,2022,Create a garden network in Floriana integrating gardens with Argotti Gardens as an accessible green network supporting biodiversity.,0.32,weak,0.14,"shared: garden, park (concept); same party; same subtopic (Open spaces & parks)",
MP-PL-2026-14-33,pl,2026,"Launch a tree-planting initiative on main roads using suitable species, without reducing parking space.",1,MP-PL-2022-305,pl,2022,"Launch a wide action plan for tree planting and afforestation, committing to 100,000 trees planted in the next five years.",0.41,possible,0.23,"shared: tree, planting, tree planting, trees (concept); same party; same subtopic (Trees & planting)",
MP-PL-2026-14-33,pl,2026,"Launch a tree-planting initiative on main roads using suitable species, without reducing parking space.",2,MP-PL-2022-302,pl,2022,"Convert the Schreiber ground in Pace Grasso into an educational open space, planting trees and shrubs.",0.37,possible,0.19,"shared: planting, tree, space, trees (concept); same party; same subtopic (Trees & planting)",
MP-PL-2026-14-33,pl,2026,"Launch a tree-planting initiative on main roads using suitable species, without reducing parking space.",3,MP-PL-2022-309,pl,2022,"Complete the Bengħajsa afforestation project, planting indigenous trees and creating a family park.",0.33,weak,0.15,"shared: planting, tree, trees (concept); same party; same subtopic (Trees & planting)",
MP-PL-2026-14-34,pl,2026,"After the Imsida Creek project, cover the area outside the Santa Venera tunnel to create an open space with new trees.",1,MP-PL-2022-292,pl,2022,"Start roofing over the area outside the Santa Venera tunnels, creating open spaces, a garden and public facilities on top.",0.81,strong,0.63,"shared: venera, santa, tunnel, outside, venera tunnel; same party; same subtopic (Open spaces & parks)",
MP-PL-2026-14-34,pl,2026,"After the Imsida Creek project, cover the area outside the Santa Venera tunnel to create an open space with new trees.",2,MP-PL-2022-296,pl,2022,"Extend Ġnien Karin Grech, San Ġwann, with a new square and green space, a proposed traffic tunnel and underground parking.",0.35,weak,0.17,"shared: tunnel, space, open, open space, park (concept); same party; same subtopic (Open spaces & parks)",
MP-PL-2026-14-34,pl,2026,"After the Imsida Creek project, cover the area outside the Santa Venera tunnel to create an open space with new trees.",3,MP-PL-2022-289,pl,2022,"Complete the Ta’ Qali National Park, enlarging the open space and planting new trees with landscaping, for public recreation, physical and cultural activities.",0.32,weak,0.14,"shared: tree, open, space, open space, trees (concept); same party; same subtopic (Open spaces & parks)",
MP-PL-2026-14-35,pl,2026,"After technical studies, create an open space with trees, children's and exercise facilities on the Triq il-Qasab watercourse in Birkirkara.",1,MP-PL-2022-294,pl,2022,"Roof over part of the water channel along Triq il-Qasab, Birkirkara, without reducing water flow, creating a new green space.",0.55,strong,0.37,"shared: qasab, birkirkara, triq, triq qasab, space; same party; same subtopic (Open spaces & parks)",
MP-PL-2026-14-35,pl,2026,"After technical studies, create an open space with trees, children's and exercise facilities on the Triq il-Qasab watercourse in Birkirkara.",2,MP-PL-2022-291,pl,2022,"Regenerate the car park area in Triq San Pawl, Bormla, into an open space, with underground parking for residents and visitors to Bormla and Isla.",0.33,weak,0.15,"shared: triq, open, space, open space, park (concept); same party; same subtopic (Open spaces & parks)",
MP-PL-2026-14-35,pl,2026,"After technical studies, create an open space with trees, children's and exercise facilities on the Triq il-Qasab watercourse in Birkirkara.",3,MP-PL-2022-311,pl,2022,Work with primary schools and local councils so children learn about endemic trees and sow seedlings later planted in localities.,0.32,weak,0.18,"shared: children, tree, trees (concept); same party; same topic (Land & Trees)",
MP-PL-2026-14-36,pl,2026,"Begin maintenance in coming months of the reservoirs at Ta' Mlit in Mosta and the Imqabba bypass, increasing water storage and creating gardens above them.",1,MP-PL-2022-386,pl,2022,"Strengthen water conservation through improved infrastructure, water catchment systems in Malta and Gozo, restoring old reservoirs and building new ones.",0.35,possible,0.17,"shared: reservoir, water, reservoir (concept); same party; same subtopic (Water supply & groundwater)",
MP-PL-2026-14-36,pl,2026,"Begin maintenance in coming months of the reservoirs at Ta' Mlit in Mosta and the Imqabba bypass, increasing water storage and creating gardens above them.",2,MP-PL-2022-389,pl,2022,Complete the underground tunnel between the Pembroke reverse osmosis plant and the Ta’ Qali reservoir to improve tap water quality and efficiency.,0.30,weak,0.12,"shared: reservoir, water, reservoir (concept); same party; same subtopic (Water supply & groundwater)",
MP-PL-2026-14-36,pl,2026,"Begin maintenance in coming months of the reservoirs at Ta' Mlit in Mosta and the Imqabba bypass, increasing water storage and creating gardens above them.",3,MP-PL-2022-298,pl,2022,"Make Rinella garden, Kalkara, a sustainable garden with solar paving and smart benches and bins, then launch a maintenance programme making public gardens sustainable.",0.28,weak,0.18,"shared: garden, maintenance, park (concept); same party; other topic",
MP-PL-2026-14-37,pl,2026,Issue another Community Greening Grant call in the next legislature for localities not yet funded; the 2023 grant allocated €10 million.,1,MP-PL-2022-307,pl,2022,"Carry out the afforestation project at Inwadar Nature Park, protecting biodiversity and water management.",0.31,weak,0.13,shared: million; same party; same subtopic (Open spaces & parks),
MP-PL-2026-14-37,pl,2026,Issue another Community Greening Grant call in the next legislature for localities not yet funded; the 2023 grant allocated €10 million.,2,MP-PL-2022-297,pl,2022,"Complete announced urban greening projects in Ħaż-Żabbar, Ħamrun, Marsa, Mosta and Ħal Qormi as quickly as possible.",0.29,weak,0.11,shared: greening; same party; same subtopic (Open spaces & parks),
MP-PL-2026-14-37,pl,2026,Issue another Community Greening Grant call in the next legislature for localities not yet funded; the 2023 grant allocated €10 million.,3,MP-PL-2022-284,pl,2022,"Allocate funds to create new urban green spaces, parks, pedestrian zones in every locality and underground car parks, prioritising central and southern Malta.",0.29,weak,0.11,shared: million; same party; same subtopic (Open spaces & parks),
MP-PL-2026-14-38,pl,2026,"Carry out extensive maintenance of paths at Ġnien il-Mediterran in Raħal Ġdid, add water-storage facilities and plant more trees and plants.",1,MP-PL-2022-387,pl,2022,Launch an extensive programme to upgrade water distribution facilities and network nationwide to improve tap water quality.,0.33,weak,0.23,"shared: extensive, facilitie, water; same party; other topic",
MP-PL-2026-14-38,pl,2026,"Carry out extensive maintenance of paths at Ġnien il-Mediterran in Raħal Ġdid, add water-storage facilities and plant more trees and plants.",2,MP-PL-2022-299,pl,2022,Continue relocating processes from the Sant’Antnin recycling plant so it closes and becomes an educational nature park with underground parking for Marsaskala.,0.28,weak,0.10,shared: plant; same party; same subtopic (Open spaces & parks),
MP-PL-2026-14-38,pl,2026,"Carry out extensive maintenance of paths at Ġnien il-Mediterran in Raħal Ġdid, add water-storage facilities and plant more trees and plants.",3,MP-PL-2022-296,pl,2022,"Extend Ġnien Karin Grech, San Ġwann, with a new square and green space, a proposed traffic tunnel and underground parking.",0.26,weak,0.08,shared: gnien; same party; same subtopic (Open spaces & parks),
MP-PL-2026-14-39,pl,2026,"Protect more natural areas to reach the EU target of 30% of territory protected, from 29% of Malta's land protected today.",1,MP-PL-2022-325,pl,2022,"Develop management plans for protected marine areas, leading to Malta’s first marine park at Ċirkewwa.",0.37,possible,0.23,"shared: protected, area, heading: bijodiversita, heading: tal; same party; same topic (Nature & Wildlife)",
MP-PL-2026-14-39,pl,2026,"Protect more natural areas to reach the EU target of 30% of territory protected, from 29% of Malta's land protected today.",2,MP-PL-2022-363,pl,2022,Launch a policy so that mrejkba fishing continues sustainably and practitioners’ interests are protected.,0.36,possible,0.22,shared: protected; same party; same topic (Nature & Wildlife),
MP-PL-2026-14-39,pl,2026,"Protect more natural areas to reach the EU target of 30% of territory protected, from 29% of Malta's land protected today.",3,MP-PL-2022-314,pl,2022,Start a valley conservation programme to protect biodiversity and rainwater channels.,0.26,weak,0.12,"shared: protect, heading: arsien, heading: tal; same party; same topic (Nature & Wildlife)",
MP-PL-2026-14-4,pl,2026,"Create a natural park in the Ħamrun area on the Malta Dairy Products site, with hundreds of trees and plants, after relocating the dairy plant.",1,MP-PL-2022-299,pl,2022,Continue relocating processes from the Sant’Antnin recycling plant so it closes and becomes an educational nature park with underground parking for Marsaskala.,0.45,possible,0.27,"shared: relocating, plant, park, park (concept); same party; same subtopic (Open spaces & parks)",
MP-PL-2026-14-4,pl,2026,"Create a natural park in the Ħamrun area on the Malta Dairy Products site, with hundreds of trees and plants, after relocating the dairy plant.",2,MP-PL-2022-295,pl,2022,Demolish the milk factory in Ħamrun and replace it with an underground car park topped by a green open space.,0.35,possible,0.17,"shared: amrun, park, park (concept); same party; same subtopic (Open spaces & parks)",
MP-PL-2026-14-4,pl,2026,"Create a natural park in the Ħamrun area on the Malta Dairy Products site, with hundreds of trees and plants, after relocating the dairy plant.",3,MP-PL-2022-297,pl,2022,"Complete announced urban greening projects in Ħaż-Żabbar, Ħamrun, Marsa, Mosta and Ħal Qormi as quickly as possible.",0.32,weak,0.14,shared: amrun; same party; same subtopic (Open spaces & parks),
MP-PL-2026-14-40,pl,2026,Launch a national pollinator strategy followed by initiatives encouraging planting that provides food and shelter for local pollinators.,1,MP-PL-2022-310,pl,2022,Fully support afforestation initiatives led by NGOs and local councils across different localities.,0.24,weak,0.14,"shared: initiative, local, trees (concept); same party; other topic",
MP-PL-2026-14-40,pl,2026,Launch a national pollinator strategy followed by initiatives encouraging planting that provides food and shelter for local pollinators.,2,MP-PL-2022-330,pl,2022,Launch new schemes encouraging residents to green the façades and roofs of their homes.,0.24,weak,0.14,shared: encouraging; same party; other topic,
MP-PL-2026-14-40,pl,2026,Launch a national pollinator strategy followed by initiatives encouraging planting that provides food and shelter for local pollinators.,3,MP-PL-2022-358,pl,2022,Work with takeaway food outlets on guidelines for lower-impact food container alternatives.,0.23,weak,0.13,"shared: food, heading: tal; same party; other topic",
MP-PL-2026-14-41,pl,2026,"Restore Razzett tax-Xitan in Mellieħa, between two Natura 2000 sites, as a research and learning centre on local pollinator species.",1,MP-PL-2022-320,pl,2022,"Link Natura 2000 sites with ecological corridors in Mellieħa and the Victoria Lines, establishing a first national trail along the Victoria Lines.",0.39,possible,0.21,"shared: melliea, natura, site, natura site, natura (concept); same figures: 2000; same party; same topic (Nature & Wildlife)",
MP-PL-2026-14-41,pl,2026,"Restore Razzett tax-Xitan in Mellieħa, between two Natura 2000 sites, as a research and learning centre on local pollinator species.",2,MP-PL-2022-326,pl,2022,"Continue work at Il-Magħluq, Marsaxlokk, including measures against coastal erosion and to protect the bay and adjacent Natura 2000 site.",0.38,possible,0.20,"shared: natura, site, natura site, natura (concept), heading: bijodiversita; same figures: 2000; same party; same topic (Nature & Wildlife)",
MP-PL-2026-14-41,pl,2026,"Restore Razzett tax-Xitan in Mellieħa, between two Natura 2000 sites, as a research and learning centre on local pollinator species.",3,MP-PL-2022-322,pl,2022,Draw up a register of Maltese flora and fauna to monitor conservation of local habitats and species.,0.33,weak,0.19,"shared: specie, local, heading: bijodiversita, heading: tal; same party; same topic (Nature & Wildlife)",
MP-PL-2026-14-42,pl,2026,"Launch an Environmental Civic Service Scheme letting people work hours with environmental organisations, with participation recognised as professional experience.",1,MP-PL-2022-391,pl,2022,Launch a scheme letting consumers replace rooftop water tanks with tanks made of materials that prevent microbial growth.,0.26,weak,0.16,shared: letting; same party; other topic,
MP-PL-2026-14-42,pl,2026,"Launch an Environmental Civic Service Scheme letting people work hours with environmental organisations, with participation recognised as professional experience.",2,MP-PL-2022-351,pl,2022,"Identify sites for more bulky waste civic amenity sites in Malta and Gozo, also accepting household glass, plastic and paper.",0.22,weak,0.12,"shared: civic, heading: tal; same party; other topic",
MP-PL-2026-14-42,pl,2026,"Launch an Environmental Civic Service Scheme letting people work hours with environmental organisations, with participation recognised as professional experience.",3,MP-PL-2022-402,pl,2022,Continue incentivising solar farms and support investment schemes for people without roof space for solar panels.,0.21,weak,0.11,shared: people; same party; other topic,
MP-PL-2026-14-43,pl,2026,"Continue afforestation and distribute fruit trees to councils, NGOs and the public, after over 57,000 trees were planted in 2022-2025.",1,MP-PL-2022-305,pl,2022,"Launch a wide action plan for tree planting and afforestation, committing to 100,000 trees planted in the next five years.",0.75,strong,0.57,"shared: tree, planted, afforestation, tree planted, heading: afforestazzjoni; same party; same subtopic (Trees & planting)",
MP-PL-2026-14-43,pl,2026,"Continue afforestation and distribute fruit trees to councils, NGOs and the public, after over 57,000 trees were planted in 2022-2025.",2,MP-PL-2022-311,pl,2022,Work with primary schools and local councils so children learn about endemic trees and sow seedlings later planted in localities.,0.58,strong,0.40,"shared: planted, tree, council, heading: afforestazzjoni, trees (concept); same party; same subtopic (Trees & planting)",
MP-PL-2026-14-43,pl,2026,"Continue afforestation and distribute fruit trees to councils, NGOs and the public, after over 57,000 trees were planted in 2022-2025.",3,MP-PL-2022-310,pl,2022,Fully support afforestation initiatives led by NGOs and local councils across different localities.,0.52,possible,0.34,"shared: ngos, afforestation, council, heading: afforestazzjoni, trees (concept); same party; same subtopic (Trees & planting)",
MP-PL-2026-14-44,pl,2026,"Afforest a former two-quarry site at San Niklaw in Siġġiewi with hundreds of mature trees, walking paths and benches.",1,MP-PL-2022-306,pl,2022,"Continue regenerating abandoned sites for public enjoyment, following former landfills at Wied Fulija (Żurrieq) and Il-Qortin (Xagħra).",0.32,weak,0.18,"shared: former, site, heading: afforestazzjoni; same party; same topic (Land & Trees)",
MP-PL-2026-14-44,pl,2026,"Afforest a former two-quarry site at San Niklaw in Siġġiewi with hundreds of mature trees, walking paths and benches.",2,MP-PL-2022-305,pl,2022,"Launch a wide action plan for tree planting and afforestation, committing to 100,000 trees planted in the next five years.",0.30,weak,0.12,"shared: tree, heading: afforestazzjoni, trees (concept); same party; same subtopic (Trees & planting)",
MP-PL-2026-14-44,pl,2026,"Afforest a former two-quarry site at San Niklaw in Siġġiewi with hundreds of mature trees, walking paths and benches.",3,MP-PL-2022-300,pl,2022,Create a nature park along the Baħar iċ-Ċagħaq coast with more trees and accessible walking trails.,0.27,weak,0.13,"shared: walking, tree, trail (concept), trees (concept); same party; same topic (Land & Trees)",
MP-PL-2026-14-45,pl,2026,Start an afforestation initiative around the WasteServ complex at Magħtab to improve the area's natural environment.,1,MP-PL-2022-310,pl,2022,Fully support afforestation initiatives led by NGOs and local councils across different localities.,0.51,possible,0.33,"shared: initiative, afforestation, afforestation initiative, heading: afforestazzjoni, trees (concept); same party; same subtopic (Trees & planting)",
MP-PL-2026-14-45,pl,2026,Start an afforestation initiative around the WasteServ complex at Magħtab to improve the area's natural environment.,2,MP-PL-2022-315,pl,2022,Maintain the Chadwick Lakes area and add initiatives improving access for farmers and the public.,0.34,weak,0.20,"shared: initiative, area; same party; same topic (Land & Trees)",
MP-PL-2026-14-45,pl,2026,Start an afforestation initiative around the WasteServ complex at Magħtab to improve the area's natural environment.,3,MP-PL-2022-305,pl,2022,"Launch a wide action plan for tree planting and afforestation, committing to 100,000 trees planted in the next five years.",0.32,weak,0.14,"shared: afforestation, heading: afforestazzjoni, trees (concept); same party; same subtopic (Trees & planting)",
MP-PL-2026-14-46,pl,2026,"Turn an abandoned quarry into Mitħna Park, a family space for Qrendi and Imqabba residents with over 100 new trees.",1,MP-PL-2022-303,pl,2022,Start work immediately on parks in Imqabba and Birgu to give residents more open space.,0.53,possible,0.35,"shared: imqabba, resident, park, space, park (concept); same party; same subtopic (Open spaces & parks)",
MP-PL-2026-14-46,pl,2026,"Turn an abandoned quarry into Mitħna Park, a family space for Qrendi and Imqabba residents with over 100 new trees.",2,MP-PL-2022-309,pl,2022,"Complete the Bengħajsa afforestation project, planting indigenous trees and creating a family park.",0.39,possible,0.25,"shared: family, tree, park, heading: afforestazzjoni, trees (concept); same party; same topic (Land & Trees)",
MP-PL-2026-14-46,pl,2026,"Turn an abandoned quarry into Mitħna Park, a family space for Qrendi and Imqabba residents with over 100 new trees.",3,MP-PL-2022-289,pl,2022,"Complete the Ta’ Qali National Park, enlarging the open space and planting new trees with landscaping, for public recreation, physical and cultural activities.",0.34,weak,0.16,"shared: tree, park, space, trees (concept), park (concept); same party; same subtopic (Open spaces & parks)",
MP-PL-2026-14-47,pl,2026,"Continue removing invasive trees from natural areas such as Għajn Tuffieħa, l-Aħrax tal-Mellieħa and Salina, replacing them with indigenous trees.",1,MP-PL-2022-312,pl,2022,Launch a campaign gradually removing invasive alien trees from public rural areas and replacing them with indigenous trees.,0.74,strong,0.56,"shared: tree, indigenou, replacing, removing, invasive; same party; same subtopic (Trees & planting)",
MP-PL-2026-14-47,pl,2026,"Continue removing invasive trees from natural areas such as Għajn Tuffieħa, l-Aħrax tal-Mellieħa and Salina, replacing them with indigenous trees.",2,MP-PL-2022-309,pl,2022,"Complete the Bengħajsa afforestation project, planting indigenous trees and creating a family park.",0.49,possible,0.31,"shared: indigenou, tree, indigenou tree, heading: afforestazzjoni, trees (concept); same party; same subtopic (Trees & planting)",
MP-PL-2026-14-47,pl,2026,"Continue removing invasive trees from natural areas such as Għajn Tuffieħa, l-Aħrax tal-Mellieħa and Salina, replacing them with indigenous trees.",3,MP-PL-2022-362,pl,2022,Dedicate areas at Miżieb and l-Aħrax tal-Mellieħa to picnics and camping all year round.,0.44,possible,0.30,"shared: arax, tal, melliea, area, tal melliea; same party; same topic (Land & Trees)",
MP-PL-2026-14-48,pl,2026,"Continue working with Nature Trust so more schools join the Nebbieta project, in which pupils grow trees and plants for later planting.",1,MP-PL-2022-311,pl,2022,Work with primary schools and local councils so children learn about endemic trees and sow seedlings later planted in localities.,0.52,possible,0.34,"shared: later, school, tree, heading: afforestazzjoni, trees (concept); same party; same subtopic (Trees & planting)",
MP-PL-2026-14-48,pl,2026,"Continue working with Nature Trust so more schools join the Nebbieta project, in which pupils grow trees and plants for later planting.",2,MP-PL-2022-308,pl,2022,"Join the Żonqor area, after relocation of the planned project to Smart City, to the Inwadar Nature Park.",0.43,possible,0.29,"shared: join, nature, heading: afforestazzjoni; same party; same topic (Land & Trees)",
MP-PL-2026-14-48,pl,2026,"Continue working with Nature Trust so more schools join the Nebbieta project, in which pupils grow trees and plants for later planting.",3,MP-PL-2022-305,pl,2022,"Launch a wide action plan for tree planting and afforestation, committing to 100,000 trees planted in the next five years.",0.41,possible,0.23,"shared: tree, planting, heading: afforestazzjoni, trees (concept); same party; same subtopic (Trees & planting)",
MP-PL-2026-14-49,pl,2026,"Add more smoke-free sandy beaches in coming years, after Ramla l-Ħamra and Ramla tal-Mixquqa became the first two in 2026.",1,MP-PL-2022-315,pl,2022,Maintain the Chadwick Lakes area and add initiatives improving access for farmers and the public.,0.25,weak,0.15,shared: add; same party; other topic,
MP-PL-2026-14-49,pl,2026,"Add more smoke-free sandy beaches in coming years, after Ramla l-Ħamra and Ramla tal-Mixquqa became the first two in 2026.",2,MP-PL-2022-390,pl,2022,Offer free water-consumption audits to households and micro SMEs and continue installing water dispensers in public places.,0.24,weak,0.10,shared: free; same party; same topic (Water),
MP-PL-2026-14-49,pl,2026,"Add more smoke-free sandy beaches in coming years, after Ramla l-Ħamra and Ramla tal-Mixquqa became the first two in 2026.",3,MP-PL-2022-371,pl,2022,Launch a free national neutering campaign for dogs and cats.,0.23,weak,0.13,shared: free; same party; other topic,
MP-PL-2026-14-5,pl,2026,"Change the local plan so that no development can take place on Manoel Island, which has been returned to the public.",1,MP-PL-2022-328,pl,2022,Invest in more resources and machinery for difficult places and consolidate the work of entities cleaning public areas.,0.30,weak,0.20,shared: place; same party; other topic,
MP-PL-2026-14-5,pl,2026,"Change the local plan so that no development can take place on Manoel Island, which has been returned to the public.",2,MP-PL-2022-336,pl,2022,"Start discussions on stricter rules for development proposed in outside development zones (ODZ), respecting owners’ rights.",0.25,weak,0.07,shared: development; same party; same subtopic (Development & construction),
MP-PL-2026-14-5,pl,2026,"Change the local plan so that no development can take place on Manoel Island, which has been returned to the public.",3,MP-PL-2022-317,pl,2022,"If land outside development zones is needed for a public school or hospital, turn equivalent public land within them into open space (no-net land take).",0.24,weak,0.14,"shared: take, development; same party; other topic",
MP-PL-2026-14-50,pl,2026,"Start a pilot of eco-moorings at Kemmuna and Qawra, then extend to other bays, with free public use.",1,MP-PL-2022-318,pl,2022,Continue afforestation and conservation projects on Kemmuna and set up nature trails to reduce pressure on habitats.,0.29,weak,0.19,shared: kemmuna; same party; other topic,
MP-PL-2026-14-50,pl,2026,"Start a pilot of eco-moorings at Kemmuna and Qawra, then extend to other bays, with free public use.",2,MP-PL-2022-324,pl,2022,"Run conservation programmes for native species including the wild rabbit, and extend the barn owl reintroduction project to Magħtab.",0.24,weak,0.10,shared: extend; same party; same topic (Nature & Wildlife),
MP-PL-2026-14-50,pl,2026,"Start a pilot of eco-moorings at Kemmuna and Qawra, then extend to other bays, with free public use.",3,MP-PL-2022-371,pl,2022,Launch a free national neutering campaign for dogs and cats.,0.21,weak,0.11,shared: free; same party; other topic,
MP-PL-2026-14-50,pl,2026,"Start a pilot of eco-moorings at Kemmuna and Qawra, then extend to other bays, with free public use.",x,MP-ADPD-2022-LAND-07,adpd,2022,"Keep Balluta, Xemxija and other bathing bays free of unnecessary development and commercialisation.",0.44,possible,0.44,"shared: bays, free, bays free, heading: baar; other party; other topic",
MP-PL-2026-14-51,pl,2026,Increase sea monitoring and testing to implement measures to rehabilitate seagrass meadows.,1,MP-PL-2022-326,pl,2022,"Continue work at Il-Magħluq, Marsaxlokk, including measures against coastal erosion and to protect the bay and adjacent Natura 2000 site.",0.23,weak,0.09,shared: measure; same party; same topic (Nature & Wildlife),
MP-PL-2026-14-51,pl,2026,Increase sea monitoring and testing to implement measures to rehabilitate seagrass meadows.,2,MP-PL-2022-337,pl,2022,Implement the updated Strategic Plan for Environment and Development (SPED) with new indicators to track its environmental aims.,0.22,weak,0.12,shared: implement; same party; other topic,
MP-PL-2026-14-51,pl,2026,Increase sea monitoring and testing to implement measures to rehabilitate seagrass meadows.,3,MP-PL-2022-354,pl,2022,"Rehabilitate abandoned quarries for storage, industry, construction waste or water conservation, using their faces for afforestation or renewable energy.",0.22,weak,0.12,shared: rehabilitate; same party; other topic,
MP-PL-2026-14-52,pl,2026,"Work with academics to create new marine habitats, control invasive species and remove waste harming marine biodiversity around the Maltese islands.",1,MP-PL-2022-325,pl,2022,"Develop management plans for protected marine areas, leading to Malta’s first marine park at Ċirkewwa.",0.37,possible,0.19,shared: marine; same party; same subtopic (Marine protection),
MP-PL-2026-14-52,pl,2026,"Work with academics to create new marine habitats, control invasive species and remove waste harming marine biodiversity around the Maltese islands.",2,MP-PL-2022-322,pl,2022,Draw up a register of Maltese flora and fauna to monitor conservation of local habitats and species.,0.36,possible,0.22,"shared: habitat, specie; same party; same topic (Nature & Wildlife)",
MP-PL-2026-14-52,pl,2026,"Work with academics to create new marine habitats, control invasive species and remove waste harming marine biodiversity around the Maltese islands.",3,MP-PL-2022-403,pl,2022,Launch a study with academics and farmers on agricultural projects that generate renewable energy without affecting farm output.,0.23,weak,0.13,shared: academic; same party; other topic,
MP-PL-2026-14-53,pl,2026,Procurement closed for a new organic-waste plant converting organic waste into renewable energy or compost; work to start on it.,1,MP-PL-2022-349,pl,2022,Build the Ecohive waste-to-energy plant to end dependence on landfill and generate energy from waste.,0.34,weak,0.20,"shared: waste, plant, energy, heading: iskart; same party; same topic (Waste)",
MP-PL-2026-14-53,pl,2026,Procurement closed for a new organic-waste plant converting organic waste into renewable energy or compost; work to start on it.,2,MP-PL-2022-354,pl,2022,"Rehabilitate abandoned quarries for storage, industry, construction waste or water conservation, using their faces for afforestation or renewable energy.",0.28,weak,0.14,"shared: waste, renewable, energy, renewable energy, heading: iskart; same party; same topic (Waste)",
MP-PL-2026-14-53,pl,2026,Procurement closed for a new organic-waste plant converting organic waste into renewable energy or compost; work to start on it.,3,MP-PL-2022-348,pl,2022,"Implement the Long Term Waste Management Plan to reduce waste, advance processing systems and create business opportunities in a circular economy.",0.28,weak,0.10,"shared: waste, heading: iskart; same party; same subtopic (Recycling & separation)",
MP-PL-2026-14-53,pl,2026,Procurement closed for a new organic-waste plant converting organic waste into renewable energy or compost; work to start on it.,x,MP-ADPD-2022-WASTE-01,adpd,2022,"The tourism industry should be made to control the waste, especially organic waste, that it generates.",0.50,possible,0.42,"shared: organic, waste, organic waste, heading: iskart; other party; same subtopic (Recycling & separation)",
MP-PL-2026-14-54,pl,2026,"Remain committed to developing a waste-to-energy plant processing non-recyclable waste, aiming for very little waste going to landfill.",1,MP-PL-2022-349,pl,2022,Build the Ecohive waste-to-energy plant to end dependence on landfill and generate energy from waste.,0.50,possible,0.32,"shared: waste, landfill, plant, energy, energy plant; same party; same subtopic (Landfill & treatment)",
MP-PL-2026-14-54,pl,2026,"Remain committed to developing a waste-to-energy plant processing non-recyclable waste, aiming for very little waste going to landfill.",2,MP-PL-2022-355,pl,2022,Explore waste mining at sites such as Għallis and Ta’ Żwejra to recover recyclable material and raise waste-to-energy output.,0.44,possible,0.26,"shared: waste, recyclable, waste energy, energy, wte (concept); same party; same subtopic (Landfill & treatment)",
MP-PL-2026-14-54,pl,2026,"Remain committed to developing a waste-to-energy plant processing non-recyclable waste, aiming for very little waste going to landfill.",3,MP-PL-2022-348,pl,2022,"Implement the Long Term Waste Management Plan to reduce waste, advance processing systems and create business opportunities in a circular economy.",0.33,weak,0.19,"shared: waste, processing, heading: iskart; same party; same topic (Waste)",
MP-PL-2026-14-55,pl,2026,"Start work in coming years on a skip facility processing bulky waste from open-top skips, after the 2023 EcoHive sorting facility.",1,MP-PL-2022-349,pl,2022,Build the Ecohive waste-to-energy plant to end dependence on landfill and generate energy from waste.,0.41,possible,0.23,"shared: ecohive, waste, wte (concept), heading: iskart; same party; same subtopic (Landfill & treatment)",
MP-PL-2026-14-55,pl,2026,"Start work in coming years on a skip facility processing bulky waste from open-top skips, after the 2023 EcoHive sorting facility.",2,MP-PL-2022-352,pl,2022,Add reuse centres within bulky waste sites and study a repair centre for items about to be discarded.,0.40,possible,0.26,"shared: bulky, waste, bulky (concept), bulky waste, heading: iskart; same party; same topic (Waste)",
MP-PL-2026-14-55,pl,2026,"Start work in coming years on a skip facility processing bulky waste from open-top skips, after the 2023 EcoHive sorting facility.",3,MP-PL-2022-351,pl,2022,"Identify sites for more bulky waste civic amenity sites in Malta and Gozo, also accepting household glass, plastic and paper.",0.40,possible,0.22,"shared: bulky, waste, bulky (concept), bulky waste, heading: iskart; same party; same subtopic (Landfill & treatment)",
MP-PL-2026-14-56,pl,2026,Keep promoting the five bulky-waste centres in Malta and Gozo and open another such centre in the south of Malta.,1,MP-PL-2022-352,pl,2022,Add reuse centres within bulky waste sites and study a repair centre for items about to be discarded.,0.59,strong,0.45,"shared: centre, bulky, waste, bulky (concept), bulky waste; same party; same topic (Waste)",
MP-PL-2026-14-56,pl,2026,Keep promoting the five bulky-waste centres in Malta and Gozo and open another such centre in the south of Malta.,2,MP-PL-2022-351,pl,2022,"Identify sites for more bulky waste civic amenity sites in Malta and Gozo, also accepting household glass, plastic and paper.",0.43,possible,0.25,"shared: bulky, gozo, waste, bulky (concept), bulky waste; same party; same subtopic (Landfill & treatment)",
MP-PL-2026-14-56,pl,2026,Keep promoting the five bulky-waste centres in Malta and Gozo and open another such centre in the south of Malta.,3,MP-PL-2022-385,pl,2022,"Expand the Marsaskala distribution centre, freeing capacity at Ħal Tarxien, and also expand the Imrieħel distribution centre.",0.30,weak,0.20,shared: centre; same party; other topic,
MP-PL-2026-14-57,pl,2026,"Introduce a consumer refund scheme covering part of repair labour costs for products such as furniture, electronics and household appliances.",1,MP-PL-2022-353,pl,2022,Install plastic bottle return machines nationwide and extend the Beverage Container Refund Scheme to other plastic containers.,0.29,weak,0.11,"shared: refund, recycling (concept); same party; same subtopic (Recycling & separation)",
MP-PL-2026-14-57,pl,2026,"Introduce a consumer refund scheme covering part of repair labour costs for products such as furniture, electronics and household appliances.",2,MP-PL-2022-352,pl,2022,Add reuse centres within bulky waste sites and study a repair centre for items about to be discarded.,0.29,weak,0.11,shared: repair; same party; same subtopic (Recycling & separation),
MP-PL-2026-14-57,pl,2026,"Introduce a consumer refund scheme covering part of repair labour costs for products such as furniture, electronics and household appliances.",3,MP-PL-2022-391,pl,2022,Launch a scheme letting consumers replace rooftop water tanks with tanks made of materials that prevent microbial growth.,0.24,weak,0.14,shared: consumer; same party; other topic,
MP-PL-2026-14-58,pl,2026,"Create a central list of businesses certified to carry out repairs, giving the repair sector more visibility.",1,MP-PL-2022-352,pl,2022,Add reuse centres within bulky waste sites and study a repair centre for items about to be discarded.,0.37,possible,0.19,shared: repair; same party; same subtopic (Recycling & separation),
MP-PL-2026-14-58,pl,2026,"Create a central list of businesses certified to carry out repairs, giving the repair sector more visibility.",2,MP-PL-2022-375,pl,2022,"Continue supporting animal sanctuaries, including direct help with repairs and maintenance.",0.31,weak,0.21,shared: repair; same party; other topic,
MP-PL-2026-14-58,pl,2026,"Create a central list of businesses certified to carry out repairs, giving the repair sector more visibility.",3,MP-PL-2022-304,pl,2022,"Restore Sant’Anton Gardens: repair walls, new paving and benches, and add a butterfly house and bird aviaries.",0.29,weak,0.19,shared: repair; same party; other topic,
MP-PL-2026-14-59,pl,2026,Launch a pilot project to treat desalination brine and convert it into marketable magnesium.,1,MP-PL-2022-394,pl,2022,Help coastal commercial establishments invest in on-site seawater desalination and sewage treatment technology.,0.43,possible,0.25,"shared: desalination, desal (concept); same party; same subtopic (Water supply & groundwater)",
MP-PL-2026-14-59,pl,2026,Launch a pilot project to treat desalination brine and convert it into marketable magnesium.,2,MP-PL-2022-393,pl,2022,"Set up an international centre of excellence on desalination and water treatment, offering research and training with the University of Malta.",0.40,possible,0.22,"shared: desalination, desal (concept); same party; same subtopic (Water supply & groundwater)",
MP-PL-2026-14-59,pl,2026,Launch a pilot project to treat desalination brine and convert it into marketable magnesium.,3,MP-PL-2022-302,pl,2022,"Convert the Schreiber ground in Pace Grasso into an educational open space, planting trees and shrubs.",0.31,weak,0.21,shared: convert; same party; other topic,
MP-PL-2026-14-6,pl,2026,"Return Manoel Island's natural areas to their natural state through extensive cleaning, walking paths, picnic spaces, swimmers' facilities and planting hundreds of trees.",1,MP-PL-2022-289,pl,2022,"Complete the Ta’ Qali National Park, enlarging the open space and planting new trees with landscaping, for public recreation, physical and cultural activities.",0.31,weak,0.13,"shared: planting, tree, space, trees (concept); same party; same subtopic (Open spaces & parks)",
MP-PL-2026-14-6,pl,2026,"Return Manoel Island's natural areas to their natural state through extensive cleaning, walking paths, picnic spaces, swimmers' facilities and planting hundreds of trees.",2,MP-PL-2022-361,pl,2022,Provide clear signage and walking trails in as many publicly accessible rural areas as possible.,0.30,weak,0.12,"shared: walking, area, trail (concept); same party; same subtopic (Open spaces & parks)",
MP-PL-2026-14-6,pl,2026,"Return Manoel Island's natural areas to their natural state through extensive cleaning, walking paths, picnic spaces, swimmers' facilities and planting hundreds of trees.",3,MP-PL-2022-300,pl,2022,Create a nature park along the Baħar iċ-Ċagħaq coast with more trees and accessible walking trails.,0.29,weak,0.11,"shared: walking, tree, trail (concept), trees (concept); same party; same subtopic (Open spaces & parks)",
MP-PL-2026-14-6,pl,2026,"Return Manoel Island's natural areas to their natural state through extensive cleaning, walking paths, picnic spaces, swimmers' facilities and planting hundreds of trees.",x,MP-ADPD-2022-LAND-05,adpd,2022,Return Manoel Island and Fort Manoel to public ownership as undeveloped open space.,0.40,possible,0.32,"shared: manoel, return, island, return manoel, space; other party; same subtopic (Open spaces & parks)",
MP-PL-2026-14-60,pl,2026,Work with the construction sector to implement excavation-waste targets by 2028 under the Construction and Demolition Waste Strategy.,1,MP-PL-2022-354,pl,2022,"Rehabilitate abandoned quarries for storage, industry, construction waste or water conservation, using their faces for afforestation or renewable energy.",0.34,weak,0.16,"shared: construction, waste; same party; same subtopic (Construction waste)",
MP-PL-2026-14-60,pl,2026,Work with the construction sector to implement excavation-waste targets by 2028 under the Construction and Demolition Waste Strategy.,2,MP-PL-2022-348,pl,2022,"Implement the Long Term Waste Management Plan to reduce waste, advance processing systems and create business opportunities in a circular economy.",0.31,weak,0.17,"shared: waste, implement; same party; same topic (Waste)",
MP-PL-2026-14-60,pl,2026,Work with the construction sector to implement excavation-waste targets by 2028 under the Construction and Demolition Waste Strategy.,3,MP-PL-2022-356,pl,2022,"Encourage recycled construction materials, including franka stone and reconstituted stone, and require a balance of used and new material in public projects.",0.25,weak,0.11,shared: construction; same party; same topic (Waste),
MP-PL-2026-14-61,pl,2026,"Work with the construction sector to identify an abandoned quarry for disposing of construction waste, much of it recyclable on site.",1,MP-PL-2022-354,pl,2022,"Rehabilitate abandoned quarries for storage, industry, construction waste or water conservation, using their faces for afforestation or renewable energy.",0.41,possible,0.23,"shared: construction, abandoned, waste, construction waste; same party; same subtopic (Construction waste)",
MP-PL-2026-14-61,pl,2026,"Work with the construction sector to identify an abandoned quarry for disposing of construction waste, much of it recyclable on site.",2,MP-PL-2022-355,pl,2022,Explore waste mining at sites such as Għallis and Ta’ Żwejra to recover recyclable material and raise waste-to-energy output.,0.36,possible,0.22,"shared: recyclable, waste, site, recycling (concept); same party; same topic (Waste)",
MP-PL-2026-14-61,pl,2026,"Work with the construction sector to identify an abandoned quarry for disposing of construction waste, much of it recyclable on site.",3,MP-PL-2022-351,pl,2022,"Identify sites for more bulky waste civic amenity sites in Malta and Gozo, also accepting household glass, plastic and paper.",0.32,weak,0.18,"shared: identify, site, waste; same party; same topic (Waste)",
MP-PL-2026-14-62,pl,2026,Launch research into using waste glass in cement production to reduce glass exports for recycling and greenhouse gas emissions.,1,MP-PL-2022-351,pl,2022,"Identify sites for more bulky waste civic amenity sites in Malta and Gozo, also accepting household glass, plastic and paper.",0.35,possible,0.21,"shared: glass, waste; same party; same topic (Waste)",
MP-PL-2026-14-62,pl,2026,Launch research into using waste glass in cement production to reduce glass exports for recycling and greenhouse gas emissions.,2,MP-PL-2022-357,pl,2022,Start a scheme collecting unused clothes for recycling.,0.34,weak,0.16,"shared: recycling, recycling (concept); same party; same subtopic (Recycling & separation)",
MP-PL-2026-14-62,pl,2026,Launch research into using waste glass in cement production to reduce glass exports for recycling and greenhouse gas emissions.,3,MP-PL-2022-348,pl,2022,"Implement the Long Term Waste Management Plan to reduce waste, advance processing systems and create business opportunities in a circular economy.",0.27,weak,0.09,"shared: reduce, waste; same party; same subtopic (Recycling & separation)",
MP-PL-2026-14-63,pl,2026,"Defend derogations allowed under EU directives to safeguard hunting and trapping, and work with hunters and trappers on environmental restoration projects.",1,MP-PL-2022-365,pl,2022,"Maintain hunting and trapping practice in line with EU directives, safeguarding trapping and the spring hunting season.",0.56,strong,0.38,"shared: trapping, hunting, directive, hunting trapping, hunting (concept); same party; same subtopic (Hunting & birds)",
MP-PL-2026-14-63,pl,2026,"Defend derogations allowed under EU directives to safeguard hunting and trapping, and work with hunters and trappers on environmental restoration projects.",2,MP-PL-2022-366,pl,2022,Work with hunters’ associations and local and foreign experts to expand research on turtle dove migration routes over Malta.,0.28,weak,0.10,"shared: hunter, hunting (concept); same party; same subtopic (Hunting & birds)",
MP-PL-2026-14-63,pl,2026,"Defend derogations allowed under EU directives to safeguard hunting and trapping, and work with hunters and trappers on environmental restoration projects.",3,MP-PL-2022-406,pl,2022,Require new buildings built to the maximum height allowed in the local plan to install renewable energy systems.,0.22,weak,0.12,shared: allowed; same party; other topic,
MP-PL-2026-14-64,pl,2026,Strengthen the turtle dove breeding and release project with direct support for participants.,1,MP-PL-2022-366,pl,2022,Work with hunters’ associations and local and foreign experts to expand research on turtle dove migration routes over Malta.,0.58,strong,0.40,"shared: turtle, dove, turtle dove, hunting (concept); same party; same subtopic (Hunting & birds)",
MP-PL-2026-14-64,pl,2026,Strengthen the turtle dove breeding and release project with direct support for participants.,2,MP-PL-2022-375,pl,2022,"Continue supporting animal sanctuaries, including direct help with repairs and maintenance.",0.27,weak,0.17,shared: direct; same party; other topic,
MP-PL-2026-14-64,pl,2026,Strengthen the turtle dove breeding and release project with direct support for participants.,3,MP-PL-2022-365,pl,2022,"Maintain hunting and trapping practice in line with EU directives, safeguarding trapping and the spring hunting season.",0.20,weak,0.02,shared: hunting (concept); same party; same subtopic (Hunting & birds),
MP-PL-2026-14-7,pl,2026,"Make Manoel Island a community green space with accessible shoreline and bays, running tracks, water-sports facilities and spaces for relaxation activities.",1,MP-PL-2022-294,pl,2022,"Roof over part of the water channel along Triq il-Qasab, Birkirkara, without reducing water flow, creating a new green space.",0.32,weak,0.14,"shared: water, space, green, green space, park (concept); same party; same subtopic (Open spaces & parks)",
MP-PL-2026-14-7,pl,2026,"Make Manoel Island a community green space with accessible shoreline and bays, running tracks, water-sports facilities and spaces for relaxation activities.",2,MP-PL-2022-285,pl,2022,Apply urban green reclamation: convert existing public buildings or buy private buildings to regenerate them as community open spaces in areas lacking them.,0.32,weak,0.14,"shared: community, space, green, park (concept); same party; same subtopic (Open spaces & parks)",
MP-PL-2026-14-7,pl,2026,"Make Manoel Island a community green space with accessible shoreline and bays, running tracks, water-sports facilities and spaces for relaxation activities.",3,MP-PL-2022-289,pl,2022,"Complete the Ta’ Qali National Park, enlarging the open space and planting new trees with landscaping, for public recreation, physical and cultural activities.",0.31,weak,0.13,"shared: activitie, space, park (concept); same party; same subtopic (Open spaces & parks)",
MP-PL-2026-14-7,pl,2026,"Make Manoel Island a community green space with accessible shoreline and bays, running tracks, water-sports facilities and spaces for relaxation activities.",x,MP-ADPD-2022-LAND-05,adpd,2022,Return Manoel Island and Fort Manoel to public ownership as undeveloped open space.,0.36,possible,0.28,"shared: manoel, island, space, manoel island, park (concept); other party; same subtopic (Open spaces & parks)",
MP-PL-2026-14-8,pl,2026,"Dedicate space on Manoel Island's sports area to a football pitch and a bocci pitch, as promised to Gżira residents.",1,MP-PL-2022-362,pl,2022,Dedicate areas at Miżieb and l-Aħrax tal-Mellieħa to picnics and camping all year round.,0.34,weak,0.16,"shared: dedicate, area; same party; same subtopic (Open spaces & parks)",
MP-PL-2026-14-8,pl,2026,"Dedicate space on Manoel Island's sports area to a football pitch and a bocci pitch, as promised to Gżira residents.",2,MP-PL-2022-289,pl,2022,"Complete the Ta’ Qali National Park, enlarging the open space and planting new trees with landscaping, for public recreation, physical and cultural activities.",0.32,weak,0.14,"shared: football, space; same party; same subtopic (Open spaces & parks)",
MP-PL-2026-14-8,pl,2026,"Dedicate space on Manoel Island's sports area to a football pitch and a bocci pitch, as promised to Gżira residents.",3,MP-PL-2022-291,pl,2022,"Regenerate the car park area in Triq San Pawl, Bormla, into an open space, with underground parking for residents and visitors to Bormla and Isla.",0.30,weak,0.12,"shared: resident, area, space; same party; same subtopic (Open spaces & parks)",
MP-PL-2026-14-8,pl,2026,"Dedicate space on Manoel Island's sports area to a football pitch and a bocci pitch, as promised to Gżira residents.",x,MP-ADPD-2022-LAND-05,adpd,2022,Return Manoel Island and Fort Manoel to public ownership as undeveloped open space.,0.38,possible,0.30,"shared: manoel, island, space, manoel island; other party; same subtopic (Open spaces & parks)",
MP-PL-2026-14-9,pl,2026,"Use Fort Manoel for artistic, cultural and educational purposes and begin restoring the Lazzaretto for sustainable use.",1,MP-PL-2022-302,pl,2022,"Convert the Schreiber ground in Pace Grasso into an educational open space, planting trees and shrubs.",0.23,weak,0.13,shared: educational; same party; other topic,
MP-PL-2026-14-9,pl,2026,"Use Fort Manoel for artistic, cultural and educational purposes and begin restoring the Lazzaretto for sustainable use.",2,MP-PL-2022-298,pl,2022,"Make Rinella garden, Kalkara, a sustainable garden with solar paving and smart benches and bins, then launch a maintenance programme making public gardens sustainable.",0.20,weak,0.10,shared: sustainable; same party; other topic,
MP-PL-2026-14-9,pl,2026,"Use Fort Manoel for artistic, cultural and educational purposes and begin restoring the Lazzaretto for sustainable use.",3,MP-PL-2022-299,pl,2022,Continue relocating processes from the Sant’Antnin recycling plant so it closes and becomes an educational nature park with underground parking for Marsaskala.,0.20,weak,0.10,shared: educational; same party; other topic,
MP-PL-2026-16-1,pl,2026,Work on Malta's first offshore wind farm has begun; operator interest is being assessed; work on 300MW of installations to start in coming years.,1,MP-PL-2022-397,pl,2022,"Work with the private sector for investment in offshore renewable energy, including floating wind and solar technologies.",0.39,possible,0.21,"shared: wind, offshore, wind (concept), offshore (concept); same party; same subtopic (Renewables)",
MP-PL-2026-16-1,pl,2026,Work on Malta's first offshore wind farm has begun; operator interest is being assessed; work on 300MW of installations to start in coming years.,2,MP-PL-2022-402,pl,2022,Continue incentivising solar farms and support investment schemes for people without roof space for solar panels.,0.27,weak,0.09,shared: farm; same party; same subtopic (Renewables),
MP-PL-2026-16-1,pl,2026,Work on Malta's first offshore wind farm has begun; operator interest is being assessed; work on 300MW of installations to start in coming years.,3,MP-PL-2022-363,pl,2022,Launch a policy so that mrejkba fishing continues sustainably and practitioners’ interests are protected.,0.24,weak,0.14,shared: interest; same party; other topic,
MP-PL-2026-16-1,pl,2026,Work on Malta's first offshore wind farm has begun; operator interest is being assessed; work on 300MW of installations to start in coming years.,x,MP-PN-2022-215,pn,2022,"Increase renewable capacity by investing, with private-sector involvement, in a large-scale deep-sea offshore wind farm.",0.39,possible,0.31,"shared: wind, offshore, farm, wind farm, offshore wind; other party; same subtopic (Renewables)",
MP-PL-2026-16-10,pl,2026,"Reports substation and distribution centre works; will keep investing in new substations and cables for stable, reliable supply.",1,MP-PL-2022-383,pl,2022,"Build new automated substations across Malta and Gozo over five years, without inconvenience to residents.",0.56,strong,0.38,"shared: substation, distribution (concept), heading: tal; same party; same subtopic (Electricity & grid)",
MP-PL-2026-16-10,pl,2026,"Reports substation and distribution centre works; will keep investing in new substations and cables for stable, reliable supply.",2,MP-PL-2022-385,pl,2022,"Expand the Marsaskala distribution centre, freeing capacity at Ħal Tarxien, and also expand the Imrieħel distribution centre.",0.44,possible,0.26,"shared: distribution, centre, distribution centre, distribution (concept), heading: tal; same party; same subtopic (Electricity & grid)",
MP-PL-2026-16-10,pl,2026,"Reports substation and distribution centre works; will keep investing in new substations and cables for stable, reliable supply.",3,MP-PL-2022-381,pl,2022,Build a new distribution link between the interconnector terminal at Magħtab and the main distribution centre at Mosta.,0.38,possible,0.20,"shared: distribution, centre, distribution centre, distribution (concept), heading: tal; same party; same subtopic (Electricity & grid)",
MP-PL-2026-16-11,pl,2026,Reports energy and fuel subsidies above €1 billion that kept bills stable; commits to keeping price stability policy in coming years.,1,MP-PL-2022-395,pl,2022,Continue keeping energy prices in Malta under control to give families and businesses stability.,0.62,strong,0.44,"shared: stability, keeping, price, energy, heading: kontijiet; same party; same subtopic (Electricity & grid)",
MP-PL-2026-16-11,pl,2026,Reports energy and fuel subsidies above €1 billion that kept bills stable; commits to keeping price stability policy in coming years.,2,MP-PL-2022-396,pl,2022,"Introduce a voluntary, regulator-set flat electricity rate without bands for rented residences, and pre-paid meters for rentals.",0.21,weak,0.03,"shared: heading: kontijiet, bills (concept); same party; same subtopic (Electricity & grid)",
MP-PL-2026-16-11,pl,2026,Reports energy and fuel subsidies above €1 billion that kept bills stable; commits to keeping price stability policy in coming years.,3,MP-PL-2022-410,pl,2022,"Work with the private sector on a logistics model increasing use of electric or clean-fuel, such as hydrogen, heavy goods vehicles.",0.19,weak,0.09,shared: fuel; same party; other topic,
MP-PL-2026-16-12,pl,2026,New smart meters introduced; meter replacement to continue gradually across the country.,1,MP-PL-2022-396,pl,2022,"Introduce a voluntary, regulator-set flat electricity rate without bands for rented residences, and pre-paid meters for rentals.",0.38,possible,0.20,"shared: meter, heading: kontijiet; same party; same subtopic (Electricity & grid)",
MP-PL-2026-16-12,pl,2026,New smart meters introduced; meter replacement to continue gradually across the country.,2,MP-PL-2022-308,pl,2022,"Join the Żonqor area, after relocation of the planned project to Smart City, to the Inwadar Nature Park.",0.25,weak,0.15,shared: smart; same party; other topic,
MP-PL-2026-16-12,pl,2026,New smart meters introduced; meter replacement to continue gradually across the country.,3,MP-PL-2022-312,pl,2022,Launch a campaign gradually removing invasive alien trees from public rural areas and replacing them with indigenous trees.,0.25,weak,0.15,shared: gradually; same party; other topic,
MP-PL-2026-16-13,pl,2026,Enemalta to get a dedicated control room to monitor the low-voltage network and fix faults faster.,1,MP-PL-2022-395,pl,2022,Continue keeping energy prices in Malta under control to give families and businesses stability.,0.33,weak,0.15,"shared: control, heading: kontijiet; same party; same subtopic (Electricity & grid)",
MP-PL-2026-16-13,pl,2026,Enemalta to get a dedicated control room to monitor the low-voltage network and fix faults faster.,2,MP-PL-2022-322,pl,2022,Draw up a register of Maltese flora and fauna to monitor conservation of local habitats and species.,0.25,weak,0.15,shared: monitor; same party; other topic,
MP-PL-2026-16-13,pl,2026,Enemalta to get a dedicated control room to monitor the low-voltage network and fix faults faster.,3,MP-PL-2022-405,pl,2022,Give additional help to first-time buyers and low- and middle-income families investing in their home's energy performance.,0.25,weak,0.11,shared: low; same party; same topic (Climate & Energy),
MP-PL-2026-16-13,pl,2026,Enemalta to get a dedicated control room to monitor the low-voltage network and fix faults faster.,x,MP-PN-2022-216,pn,2022,Invest substantially in the electricity distribution network to reduce power cuts and low-voltage incidents.,0.45,possible,0.37,"shared: voltage, low, network, low voltage; other party; same subtopic (Electricity & grid)",
MP-PL-2026-16-14,pl,2026,"Complete solar projects on schools in Ħal Kirkop, San Ġwann, Ħal Għargħur and Wardija; solar on all government entity buildings and schools by 2030.",1,MP-PL-2022-407,pl,2022,"Require new commercial buildings, offices and schools, and major renovations of large buildings, to install renewable energy systems.",0.35,weak,0.17,"shared: school, building; same party; same subtopic (Renewables)",
MP-PL-2026-16-14,pl,2026,"Complete solar projects on schools in Ħal Kirkop, San Ġwann, Ħal Għargħur and Wardija; solar on all government entity buildings and schools by 2030.",2,MP-PL-2022-402,pl,2022,Continue incentivising solar farms and support investment schemes for people without roof space for solar panels.,0.35,weak,0.17,"shared: solar, solar (concept); same party; same subtopic (Renewables)",
MP-PL-2026-16-14,pl,2026,"Complete solar projects on schools in Ħal Kirkop, San Ġwann, Ħal Għargħur and Wardija; solar on all government entity buildings and schools by 2030.",3,MP-PL-2022-296,pl,2022,"Extend Ġnien Karin Grech, San Ġwann, with a new square and green space, a proposed traffic tunnel and underground parking.",0.28,weak,0.18,"shared: gwann, san, san gwann; same party; other topic",
MP-PL-2026-16-15,pl,2026,Invest in grid connections for unserved areas such as farms and greenhouses to integrate more renewable energy.,1,MP-PL-2022-397,pl,2022,"Work with the private sector for investment in offshore renewable energy, including floating wind and solar technologies.",0.30,weak,0.12,"shared: renewable, energy, renewable energy; same party; same subtopic (Renewables)",
MP-PL-2026-16-15,pl,2026,Invest in grid connections for unserved areas such as farms and greenhouses to integrate more renewable energy.,2,MP-PL-2022-398,pl,2022,Invest in large-scale land-based battery storage and upgrade the electricity grid to accommodate large offshore renewable generation.,0.30,weak,0.16,"shared: grid, renewable; same party; same topic (Climate & Energy)",
MP-PL-2026-16-15,pl,2026,Invest in grid connections for unserved areas such as farms and greenhouses to integrate more renewable energy.,3,MP-PL-2022-342,pl,2022,"Give greater weight to environmental aspects and renewable energy in development permits, prioritising projects as close to carbon-neutral as possible.",0.29,weak,0.11,"shared: renewable, energy, renewable energy; same party; same subtopic (Renewables)",
MP-PL-2026-16-16,pl,2026,Renewable energy included in all new government projects; commits that new public buildings will be climate neutral.,1,MP-PL-2022-342,pl,2022,"Give greater weight to environmental aspects and renewable energy in development permits, prioritising projects as close to carbon-neutral as possible.",0.51,possible,0.33,"shared: neutral, renewable, energy, neutral (concept), renewable energy; same party; same subtopic (Renewables)",
MP-PL-2026-16-16,pl,2026,Renewable energy included in all new government projects; commits that new public buildings will be climate neutral.,2,MP-PL-2022-378,pl,2022,"Climate neutrality by 2050 and a drastic cut in emissions by 2030, through the renovation strategy, the low carbon strategy and the National Energy and Climate Plan.",0.50,possible,0.36,"shared: climate, neutral, climate neutral, energy, neutral (concept); same party; same topic (Climate & Energy)",
MP-PL-2026-16-16,pl,2026,Renewable energy included in all new government projects; commits that new public buildings will be climate neutral.,3,MP-PL-2022-401,pl,2022,"Start a process to make government agencies and departments climate neutral, installing rooftop solar panels with surplus fed to the national grid.",0.45,possible,0.31,"shared: neutral, climate, climate neutral, neutral (concept); same party; same topic (Climate & Energy)",
MP-PL-2026-16-16,pl,2026,Renewable energy included in all new government projects; commits that new public buildings will be climate neutral.,x,MP-PN-2022-169,pn,2022,"Set a national target to make Malta climate-neutral as soon as possible, reaching at least 80% of that target by 2030.",0.36,possible,0.32,"shared: climate, neutral, climate neutral, neutral (concept); other party; same topic (Climate & Energy)",
MP-PL-2026-16-17,pl,2026,"First solar car port projects planned at Ċirkewwa, Marsa and Birżebbuġa, with public car parks identified for solar generation.",1,MP-PL-2022-402,pl,2022,Continue incentivising solar farms and support investment schemes for people without roof space for solar panels.,0.36,possible,0.18,"shared: solar, solar (concept); same party; same subtopic (Renewables)",
MP-PL-2026-16-17,pl,2026,"First solar car port projects planned at Ċirkewwa, Marsa and Birżebbuġa, with public car parks identified for solar generation.",2,MP-PL-2022-295,pl,2022,Demolish the milk factory in Ħamrun and replace it with an underground car park topped by a green open space.,0.33,weak,0.23,"shared: car, park, car park, park (concept); same party; other topic",
MP-PL-2026-16-17,pl,2026,"First solar car port projects planned at Ċirkewwa, Marsa and Birżebbuġa, with public car parks identified for solar generation.",3,MP-PL-2022-333,pl,2022,"Prioritise underground car parks with open spaces on top, with local councils, also addressing flooding and storing rainwater.",0.31,weak,0.21,"shared: car, park, car park, park (concept); same party; other topic",
MP-PL-2026-16-18,pl,2026,Reports solar panels on Water Services Corporation reservoirs and buildings; will collaborate with private reservoir owners to use them as solar farms.,1,MP-PL-2022-402,pl,2022,Continue incentivising solar farms and support investment schemes for people without roof space for solar panels.,0.54,possible,0.36,"shared: solar, panel, farm, solar farm, solar panel; same party; same subtopic (Renewables)",
MP-PL-2026-16-18,pl,2026,Reports solar panels on Water Services Corporation reservoirs and buildings; will collaborate with private reservoir owners to use them as solar farms.,2,MP-PL-2022-386,pl,2022,"Strengthen water conservation through improved infrastructure, water catchment systems in Malta and Gozo, restoring old reservoirs and building new ones.",0.39,possible,0.29,"shared: reservoir, water, reservoir building, building, reservoir (concept); same party; other topic",
MP-PL-2026-16-18,pl,2026,Reports solar panels on Water Services Corporation reservoirs and buildings; will collaborate with private reservoir owners to use them as solar farms.,3,MP-PL-2022-397,pl,2022,"Work with the private sector for investment in offshore renewable energy, including floating wind and solar technologies.",0.32,weak,0.14,"shared: solar, private, solar (concept); same party; same subtopic (Renewables)",
MP-PL-2026-16-19,pl,2026,Reports over €150 million invested in water production and distribution; will keep investing in reverse osmosis plants and AI to reduce groundwater dependence.,1,MP-PL-2022-389,pl,2022,Complete the underground tunnel between the Pembroke reverse osmosis plant and the Ta’ Qali reservoir to improve tap water quality and efficiency.,0.47,possible,0.29,"shared: reverse, osmosi, plant, water, osmosi plant; same party; same subtopic (Water supply & groundwater)",
MP-PL-2026-16-19,pl,2026,Reports over €150 million invested in water production and distribution; will keep investing in reverse osmosis plants and AI to reduce groundwater dependence.,2,MP-PL-2022-387,pl,2022,Launch an extensive programme to upgrade water distribution facilities and network nationwide to improve tap water quality.,0.30,weak,0.12,"shared: distribution, water, heading: ilma; same party; same subtopic (Water supply & groundwater)",
MP-PL-2026-16-19,pl,2026,Reports over €150 million invested in water production and distribution; will keep investing in reverse osmosis plants and AI to reduce groundwater dependence.,3,MP-PL-2022-349,pl,2022,Build the Ecohive waste-to-energy plant to end dependence on landfill and generate energy from waste.,0.26,weak,0.16,"shared: dependence, plant, heading: tal; same party; other topic",
MP-PL-2026-16-2,pl,2026,Sites in Maltese waters chosen for offshore solar pilot projects; continued support to the University of Malta and private partners for a sea-surface solar farm.,1,MP-PL-2022-402,pl,2022,Continue incentivising solar farms and support investment schemes for people without roof space for solar panels.,0.47,possible,0.29,"shared: solar, farm, solar farm, solar (concept); same party; same subtopic (Renewables)",
MP-PL-2026-16-2,pl,2026,Sites in Maltese waters chosen for offshore solar pilot projects; continued support to the University of Malta and private partners for a sea-surface solar farm.,2,MP-PL-2022-397,pl,2022,"Work with the private sector for investment in offshore renewable energy, including floating wind and solar technologies.",0.43,possible,0.25,"shared: solar, offshore, private, offshore (concept), solar (concept); same party; same subtopic (Renewables)",
MP-PL-2026-16-2,pl,2026,Sites in Maltese waters chosen for offshore solar pilot projects; continued support to the University of Malta and private partners for a sea-surface solar farm.,3,MP-PL-2022-393,pl,2022,"Set up an international centre of excellence on desalination and water treatment, offering research and training with the University of Malta.",0.28,weak,0.18,"shared: university, water; same party; other topic",
MP-PL-2026-16-2,pl,2026,Sites in Maltese waters chosen for offshore solar pilot projects; continued support to the University of Malta and private partners for a sea-surface solar farm.,x,MP-PN-2022-215,pn,2022,"Increase renewable capacity by investing, with private-sector involvement, in a large-scale deep-sea offshore wind farm.",0.38,possible,0.30,"shared: sea, offshore, private, farm, offshore (concept); other party; same subtopic (Renewables)",
MP-PL-2026-16-20,pl,2026,"Aim for every home to have tap-water filters; incentives to buy filters continue, plus a free filter for first-time property buyers.",1,MP-PL-2022-387,pl,2022,Launch an extensive programme to upgrade water distribution facilities and network nationwide to improve tap water quality.,0.35,possible,0.17,"shared: tap, water, tap water, heading: ilma; same party; same subtopic (Water supply & groundwater)",
MP-PL-2026-16-20,pl,2026,"Aim for every home to have tap-water filters; incentives to buy filters continue, plus a free filter for first-time property buyers.",2,MP-PL-2022-389,pl,2022,Complete the underground tunnel between the Pembroke reverse osmosis plant and the Ta’ Qali reservoir to improve tap water quality and efficiency.,0.32,weak,0.14,"shared: tap, water, tap water, heading: ilma; same party; same subtopic (Water supply & groundwater)",
MP-PL-2026-16-20,pl,2026,"Aim for every home to have tap-water filters; incentives to buy filters continue, plus a free filter for first-time property buyers.",3,MP-PL-2022-405,pl,2022,Give additional help to first-time buyers and low- and middle-income families investing in their home's energy performance.,0.31,weak,0.21,"shared: buyer, time, home; same party; other topic",
MP-PL-2026-16-21,pl,2026,"Water Services Corporation to issue blue bonds for an additional €40 million in reverse osmosis, sewage treatment and new solar plants.",1,MP-PL-2022-394,pl,2022,Help coastal commercial establishments invest in on-site seawater desalination and sewage treatment technology.,0.43,possible,0.25,"shared: sewage, treatment, sewage treatment, sewage (concept), desal (concept); same party; same subtopic (Water supply & groundwater)",
MP-PL-2026-16-21,pl,2026,"Water Services Corporation to issue blue bonds for an additional €40 million in reverse osmosis, sewage treatment and new solar plants.",2,MP-PL-2022-389,pl,2022,Complete the underground tunnel between the Pembroke reverse osmosis plant and the Ta’ Qali reservoir to improve tap water quality and efficiency.,0.43,possible,0.25,"shared: reverse, osmosi, plant, water, reverse osmosi; same party; same subtopic (Water supply & groundwater)",
MP-PL-2026-16-21,pl,2026,"Water Services Corporation to issue blue bonds for an additional €40 million in reverse osmosis, sewage treatment and new solar plants.",3,MP-PL-2022-393,pl,2022,"Set up an international centre of excellence on desalination and water treatment, offering research and training with the University of Malta.",0.30,weak,0.12,"shared: treatment, water, desal (concept), heading: ilma; same party; same subtopic (Water supply & groundwater)",
MP-PL-2026-16-22,pl,2026,New reverse osmosis plant at Ħal Far to strengthen potable water production in the south.,1,MP-PL-2022-389,pl,2022,Complete the underground tunnel between the Pembroke reverse osmosis plant and the Ta’ Qali reservoir to improve tap water quality and efficiency.,0.55,possible,0.37,"shared: reverse, osmosi, plant, water, osmosi plant; same party; same subtopic (Water supply & groundwater)",
MP-PL-2026-16-22,pl,2026,New reverse osmosis plant at Ħal Far to strengthen potable water production in the south.,2,MP-PL-2022-388,pl,2022,"Improve wastewater treatment and sewerage infrastructure, especially in the north and south, to meet demand and protect the marine environment.",0.28,weak,0.14,"shared: south, heading: ilma; same party; same topic (Water)",
MP-PL-2026-16-22,pl,2026,New reverse osmosis plant at Ħal Far to strengthen potable water production in the south.,3,MP-PL-2022-386,pl,2022,"Strengthen water conservation through improved infrastructure, water catchment systems in Malta and Gozo, restoring old reservoirs and building new ones.",0.26,weak,0.08,"shared: water, heading: ilma; same party; same subtopic (Water supply & groundwater)",
MP-PL-2026-16-23,pl,2026,More tests on inland reverse osmosis so inland industries can have their own facilities.,1,MP-PL-2022-389,pl,2022,Complete the underground tunnel between the Pembroke reverse osmosis plant and the Ta’ Qali reservoir to improve tap water quality and efficiency.,0.50,possible,0.32,"shared: reverse, osmosi, reverse osmosi, desal (concept), heading: ilma; same party; same subtopic (Water supply & groundwater)",
MP-PL-2026-16-23,pl,2026,More tests on inland reverse osmosis so inland industries can have their own facilities.,2,MP-PL-2022-387,pl,2022,Launch an extensive programme to upgrade water distribution facilities and network nationwide to improve tap water quality.,0.30,weak,0.12,"shared: facilitie, heading: ilma; same party; same subtopic (Water supply & groundwater)",
MP-PL-2026-16-23,pl,2026,More tests on inland reverse osmosis so inland industries can have their own facilities.,3,MP-PL-2022-394,pl,2022,Help coastal commercial establishments invest in on-site seawater desalination and sewage treatment technology.,0.24,weak,0.06,"shared: desal (concept), heading: ilma; same party; same subtopic (Water supply & groundwater)",
MP-PL-2026-16-24,pl,2026,"Reports reservoir works at Ħal Luqa and Ta’ Ċenċ; will complete works on reservoirs at Ta’ Qali, Naxxar and Ġibjun tal-Fiddien, Rabat.",1,MP-PL-2022-389,pl,2022,Complete the underground tunnel between the Pembroke reverse osmosis plant and the Ta’ Qali reservoir to improve tap water quality and efficiency.,0.44,possible,0.26,"shared: reservoir, qali, reservoir (concept), heading: ilma; same party; same subtopic (Water supply & groundwater)",
MP-PL-2026-16-24,pl,2026,"Reports reservoir works at Ħal Luqa and Ta’ Ċenċ; will complete works on reservoirs at Ta’ Qali, Naxxar and Ġibjun tal-Fiddien, Rabat.",2,MP-PL-2022-386,pl,2022,"Strengthen water conservation through improved infrastructure, water catchment systems in Malta and Gozo, restoring old reservoirs and building new ones.",0.38,possible,0.20,"shared: reservoir, reservoir (concept), heading: ilma; same party; same subtopic (Water supply & groundwater)",
MP-PL-2026-16-24,pl,2026,"Reports reservoir works at Ħal Luqa and Ta’ Ċenċ; will complete works on reservoirs at Ta’ Qali, Naxxar and Ġibjun tal-Fiddien, Rabat.",3,MP-PL-2022-373,pl,2022,Open the animal cemetery at Ta’ Qali.,0.32,weak,0.22,shared: qali; same party; other topic,
MP-PL-2026-16-25,pl,2026,"Build another reservoir at Tax-Xwieki, Ħal Għargħur, to supply the centre of the country.",1,MP-PL-2022-384,pl,2022,"Build a new distribution centre in the Naxxar area to improve supply to nearby localities including Mosta, Għargħur and Baħar iċ-Ċagħaq.",0.43,possible,0.33,"shared: gargur, build, supply, centre, heading: tal; same party; other topic",
MP-PL-2026-16-25,pl,2026,"Build another reservoir at Tax-Xwieki, Ħal Għargħur, to supply the centre of the country.",2,MP-PL-2022-386,pl,2022,"Strengthen water conservation through improved infrastructure, water catchment systems in Malta and Gozo, restoring old reservoirs and building new ones.",0.32,weak,0.14,"shared: reservoir, reservoir (concept), heading: ilma; same party; same subtopic (Water supply & groundwater)",
MP-PL-2026-16-25,pl,2026,"Build another reservoir at Tax-Xwieki, Ħal Għargħur, to supply the centre of the country.",3,MP-PL-2022-389,pl,2022,Complete the underground tunnel between the Pembroke reverse osmosis plant and the Ta’ Qali reservoir to improve tap water quality and efficiency.,0.30,weak,0.12,"shared: reservoir, reservoir (concept), heading: ilma; same party; same subtopic (Water supply & groundwater)",
MP-PL-2026-16-26,pl,2026,Partner with scientists and researchers on innovative measures to improve underground water storage.,1,MP-PL-2022-389,pl,2022,Complete the underground tunnel between the Pembroke reverse osmosis plant and the Ta’ Qali reservoir to improve tap water quality and efficiency.,0.39,possible,0.21,"shared: improve, underground, water, reservoir (concept), heading: ilma; same party; same subtopic (Water supply & groundwater)",
MP-PL-2026-16-26,pl,2026,Partner with scientists and researchers on innovative measures to improve underground water storage.,2,MP-PL-2022-387,pl,2022,Launch an extensive programme to upgrade water distribution facilities and network nationwide to improve tap water quality.,0.35,possible,0.17,"shared: improve, water, heading: ilma; same party; same subtopic (Water supply & groundwater)",
MP-PL-2026-16-26,pl,2026,Partner with scientists and researchers on innovative measures to improve underground water storage.,3,MP-PL-2022-386,pl,2022,"Strengthen water conservation through improved infrastructure, water catchment systems in Malta and Gozo, restoring old reservoirs and building new ones.",0.29,weak,0.11,"shared: water, reservoir (concept), heading: ilma; same party; same subtopic (Water supply & groundwater)",
MP-PL-2026-16-26,pl,2026,Partner with scientists and researchers on innovative measures to improve underground water storage.,x,MP-ADPD-2022-WATER-03,adpd,2022,State aid schemes should increasingly help owners improve water storage in existing buildings.,0.38,possible,0.30,"shared: improve, storage, water, water storage, reservoir (concept); other party; same subtopic (Water supply & groundwater)",
MP-PL-2026-16-27,pl,2026,"After Wied iż-Żurrieq and Ħad-Dingli, extend sewerage in Rabat to serve Raba’ Nemel and Ħofret ir-Rizz for the first time.",1,MP-PL-2022-301,pl,2022,"Create Malta’s first geological park along the coast of Għar Lapsi and Wied iż-Żurrieq, for recreation and conservation.",0.37,possible,0.27,"shared: zurrieq, wied, wied zurrieq, valley (concept); same party; other topic",
MP-PL-2026-16-27,pl,2026,"After Wied iż-Żurrieq and Ħad-Dingli, extend sewerage in Rabat to serve Raba’ Nemel and Ħofret ir-Rizz for the first time.",2,MP-PL-2022-306,pl,2022,"Continue regenerating abandoned sites for public enjoyment, following former landfills at Wied Fulija (Żurrieq) and Il-Qortin (Xagħra).",0.35,possible,0.25,"shared: zurrieq, wied, valley (concept); same party; other topic",
MP-PL-2026-16-27,pl,2026,"After Wied iż-Żurrieq and Ħad-Dingli, extend sewerage in Rabat to serve Raba’ Nemel and Ħofret ir-Rizz for the first time.",3,MP-PL-2022-388,pl,2022,"Improve wastewater treatment and sewerage infrastructure, especially in the north and south, to meet demand and protect the marine environment.",0.35,possible,0.17,"shared: sewerage, sewage (concept), heading: ilma; same party; same subtopic (Bathing water & sewage)",
MP-PL-2026-16-28,pl,2026,"Scheme for about 500 apartment families to buy solar panels on Water Services Corporation sites, credited to their bills; to be extended.",1,MP-PL-2022-402,pl,2022,Continue incentivising solar farms and support investment schemes for people without roof space for solar panels.,0.42,possible,0.24,"shared: solar, panel, solar panel, heading: dikarbonizzazzjoni, solar (concept); same party; same subtopic (Renewables)",
MP-PL-2026-16-28,pl,2026,"Scheme for about 500 apartment families to buy solar panels on Water Services Corporation sites, credited to their bills; to be extended.",2,MP-PL-2022-404,pl,2022,"Strengthen household grant schemes for solar water heaters, PV panels, roof insulation, heat pumps, double glazing, batteries and well maintenance.",0.30,weak,0.12,"shared: panel, solar, water, solar (concept); same party; same subtopic (Renewables)",
MP-PL-2026-16-28,pl,2026,"Scheme for about 500 apartment families to buy solar panels on Water Services Corporation sites, credited to their bills; to be extended.",3,MP-PL-2022-401,pl,2022,"Start a process to make government agencies and departments climate neutral, installing rooftop solar panels with surplus fed to the national grid.",0.29,weak,0.15,"shared: panel, solar, solar panel, heading: dikarbonizzazzjoni, solar (concept); same party; same topic (Climate & Energy)",
MP-PL-2026-16-29,pl,2026,Introduce energy sharing so households unable to invest can use other participants' unused renewable energy.,1,MP-PL-2022-357,pl,2022,Start a scheme collecting unused clothes for recycling.,0.39,possible,0.29,shared: unused; same party; other topic,
MP-PL-2026-16-29,pl,2026,Introduce energy sharing so households unable to invest can use other participants' unused renewable energy.,2,MP-PL-2022-397,pl,2022,"Work with the private sector for investment in offshore renewable energy, including floating wind and solar technologies.",0.32,weak,0.14,"shared: energy, renewable, heading: dikarbonizzazzjoni, renewable energy; same party; same subtopic (Renewables)",
MP-PL-2026-16-29,pl,2026,Introduce energy sharing so households unable to invest can use other participants' unused renewable energy.,3,MP-PL-2022-342,pl,2022,"Give greater weight to environmental aspects and renewable energy in development permits, prioritising projects as close to carbon-neutral as possible.",0.30,weak,0.12,"shared: energy, renewable, renewable energy; same party; same subtopic (Renewables)",
MP-PL-2026-16-3,pl,2026,"Work on the second Malta–Sicily interconnector to be completed soon, said to double interconnection capacity with Europe and cut emissions.",1,MP-PL-2022-380,pl,2022,"Complete the second Malta–Italy electricity interconnector, increasing supply security, cutting carbon dioxide emissions and enabling more renewable investment.",0.54,possible,0.36,"shared: emission, second, interconnector, cut, interconnector (concept); same party; same subtopic (Electricity & grid)",
MP-PL-2026-16-3,pl,2026,"Work on the second Malta–Sicily interconnector to be completed soon, said to double interconnection capacity with Europe and cut emissions.",2,MP-PL-2022-378,pl,2022,"Climate neutrality by 2050 and a drastic cut in emissions by 2030, through the renovation strategy, the low carbon strategy and the National Energy and Climate Plan.",0.34,weak,0.20,"shared: emission, cut, cut emission, heading: energija; same party; same topic (Climate & Energy)",
MP-PL-2026-16-3,pl,2026,"Work on the second Malta–Sicily interconnector to be completed soon, said to double interconnection capacity with Europe and cut emissions.",3,MP-PL-2022-381,pl,2022,Build a new distribution link between the interconnector terminal at Magħtab and the main distribution centre at Mosta.,0.29,weak,0.11,"shared: interconnector, interconnector (concept), heading: tal; same party; same subtopic (Electricity & grid)",
MP-PL-2026-16-3,pl,2026,"Work on the second Malta–Sicily interconnector to be completed soon, said to double interconnection capacity with Europe and cut emissions.",x,MP-PN-2022-218,pn,2022,Invest in a second Malta-Sicily interconnector to double supply from mainland Europe.,0.53,possible,0.45,"shared: double, europe, second, interconnector, interconnector (concept); other party; same subtopic (Electricity & grid)",
MP-PL-2026-16-30,pl,2026,Legal amendments to compensate owners of rooftop solar panels affected by new development nearby.,1,MP-PL-2022-401,pl,2022,"Start a process to make government agencies and departments climate neutral, installing rooftop solar panels with surplus fed to the national grid.",0.44,possible,0.30,"shared: rooftop, panel, solar, rooftop solar, solar panel; same party; same topic (Climate & Energy)",
MP-PL-2026-16-30,pl,2026,Legal amendments to compensate owners of rooftop solar panels affected by new development nearby.,2,MP-PL-2022-402,pl,2022,Continue incentivising solar farms and support investment schemes for people without roof space for solar panels.,0.42,possible,0.24,"shared: solar, panel, solar panel, heading: dikarbonizzazzjoni, solar (concept); same party; same subtopic (Renewables)",
MP-PL-2026-16-30,pl,2026,Legal amendments to compensate owners of rooftop solar panels affected by new development nearby.,3,MP-PL-2022-344,pl,2022,"Continue strengthening the Building and Construction Authority, especially for people affected by nearby development.",0.37,possible,0.27,"shared: nearby, affected, development; same party; other topic",
MP-PL-2026-16-31,pl,2026,Continue grants for home and business batteries; project for Enemalta to buy energy stored in private batteries.,1,MP-PL-2022-404,pl,2022,"Strengthen household grant schemes for solar water heaters, PV panels, roof insulation, heat pumps, double glazing, batteries and well maintenance.",0.39,possible,0.25,"shared: batterie, grant, storage (concept); same party; same topic (Climate & Energy)",
MP-PL-2026-16-31,pl,2026,Continue grants for home and business batteries; project for Enemalta to buy energy stored in private batteries.,2,MP-PL-2022-397,pl,2022,"Work with the private sector for investment in offshore renewable energy, including floating wind and solar technologies.",0.25,weak,0.11,"shared: private, energy, heading: dikarbonizzazzjoni; same party; same topic (Climate & Energy)",
MP-PL-2026-16-31,pl,2026,Continue grants for home and business batteries; project for Enemalta to buy energy stored in private batteries.,3,MP-PL-2022-286,pl,2022,"Negotiate with private owners of open spaces and large gardens, mainly in urban cores, to lease or buy them and open them to the public.",0.24,weak,0.14,"shared: buy, private; same party; other topic",
MP-PL-2026-16-32,pl,2026,"Irrinova Darek, piloted in 2022 and covering over 500 properties, to be renewed every year in the next legislature.",1,MP-PL-2022-345,pl,2022,Require set timelines and coordination for every construction project to reduce inconvenience and increase enforcement.,0.21,weak,0.11,shared: every; same party; other topic,
MP-PL-2026-16-32,pl,2026,"Irrinova Darek, piloted in 2022 and covering over 500 properties, to be renewed every year in the next legislature.",2,MP-PL-2022-402,pl,2022,Continue incentivising solar farms and support investment schemes for people without roof space for solar panels.,0.18,weak,0.04,shared: heading: dikarbonizzazzjoni; same party; same topic (Climate & Energy),
MP-PL-2026-16-32,pl,2026,"Irrinova Darek, piloted in 2022 and covering over 500 properties, to be renewed every year in the next legislature.",3,MP-PL-2022-284,pl,2022,"Allocate funds to create new urban green spaces, parks, pedestrian zones in every locality and underground car parks, prioritising central and southern Malta.",0.18,weak,0.08,shared: every; same party; other topic,
MP-PL-2026-16-33,pl,2026,"Refund of up to 100% of planning fees for applicants building sustainably, according to certification level.",1,MP-PL-2022-363,pl,2022,Launch a policy so that mrejkba fishing continues sustainably and practitioners’ interests are protected.,0.31,weak,0.21,shared: sustainably; same party; other topic,
MP-PL-2026-16-33,pl,2026,"Refund of up to 100% of planning fees for applicants building sustainably, according to certification level.",2,MP-PL-2022-353,pl,2022,Install plastic bottle return machines nationwide and extend the Beverage Container Refund Scheme to other plastic containers.,0.20,weak,0.10,shared: refund; same party; other topic,
MP-PL-2026-16-33,pl,2026,"Refund of up to 100% of planning fees for applicants building sustainably, according to certification level.",3,MP-PL-2022-407,pl,2022,"Require new commercial buildings, offices and schools, and major renovations of large buildings, to install renewable energy systems.",0.20,weak,0.06,shared: building; same party; same topic (Climate & Energy),
MP-PL-2026-16-34,pl,2026,Refund of up to 25% of cost for families replacing old air conditioners with less polluting ones.,1,MP-PL-2022-386,pl,2022,"Strengthen water conservation through improved infrastructure, water catchment systems in Malta and Gozo, restoring old reservoirs and building new ones.",0.30,weak,0.20,"shared: ones, old; same party; other topic",
MP-PL-2026-16-34,pl,2026,Refund of up to 25% of cost for families replacing old air conditioners with less polluting ones.,2,MP-PL-2022-395,pl,2022,Continue keeping energy prices in Malta under control to give families and businesses stability.,0.24,weak,0.10,shared: familie; same party; same topic (Climate & Energy),
MP-PL-2026-16-34,pl,2026,Refund of up to 25% of cost for families replacing old air conditioners with less polluting ones.,3,MP-PL-2022-405,pl,2022,Give additional help to first-time buyers and low- and middle-income families investing in their home's energy performance.,0.23,weak,0.09,shared: familie; same party; same topic (Climate & Energy),
MP-PL-2026-16-35,pl,2026,"Reports the Climate Action Authority set up in 2024; Climate Action Fund to help transport, maritime and aviation operators transition.",1,MP-PL-2022-378,pl,2022,"Climate neutrality by 2050 and a drastic cut in emissions by 2030, through the renovation strategy, the low carbon strategy and the National Energy and Climate Plan.",0.30,weak,0.12,shared: climate; same party; same subtopic (Emissions & targets),
MP-PL-2026-16-35,pl,2026,"Reports the Climate Action Authority set up in 2024; Climate Action Fund to help transport, maritime and aviation operators transition.",2,MP-PL-2022-379,pl,2022,Host a conference with neighbouring Mediterranean countries to develop collaborative climate initiatives with tangible targets.,0.27,weak,0.09,shared: climate; same party; same subtopic (Emissions & targets),
MP-PL-2026-16-35,pl,2026,"Reports the Climate Action Authority set up in 2024; Climate Action Fund to help transport, maritime and aviation operators transition.",3,MP-PL-2022-401,pl,2022,"Start a process to make government agencies and departments climate neutral, installing rooftop solar panels with surplus fed to the national grid.",0.25,weak,0.07,shared: climate; same party; same subtopic (Emissions & targets),
MP-PL-2026-16-36,pl,2026,"Continued direct assistance to enterprises, especially manufacturing, for retrofitting, electrification, cleaner fuel and renewable generation.",1,MP-PL-2022-408,pl,2022,"Offer free energy audits and financial aid to micro and small enterprises via Malta Enterprise, with tax credits for those meeting standards.",0.30,weak,0.16,shared: enterprise; same party; same topic (Climate & Energy),
MP-PL-2026-16-36,pl,2026,"Continued direct assistance to enterprises, especially manufacturing, for retrofitting, electrification, cleaner fuel and renewable generation.",2,MP-PL-2022-398,pl,2022,Invest in large-scale land-based battery storage and upgrade the electricity grid to accommodate large offshore renewable generation.,0.28,weak,0.14,"shared: generation, renewable, renewable generation; same party; same topic (Climate & Energy)",
MP-PL-2026-16-36,pl,2026,"Continued direct assistance to enterprises, especially manufacturing, for retrofitting, electrification, cleaner fuel and renewable generation.",3,MP-PL-2022-375,pl,2022,"Continue supporting animal sanctuaries, including direct help with repairs and maintenance.",0.25,weak,0.15,shared: direct; same party; other topic,
MP-PL-2026-16-37,pl,2026,"Support Malta International Airport to supply grid electricity to parked aircraft, as with ships at the Grand Harbour.",1,MP-PL-2022-411,pl,2022,"Complete the Grand Harbour shore-to-ship project, cutting ship pollution and improving air quality, and start another shore-to-ship project at the Freeport.",0.70,strong,0.52,"shared: ship, grand, harbour, grand harbour, shoreside (concept); same party; same subtopic (Port & power emissions)",
MP-PL-2026-16-37,pl,2026,"Support Malta International Airport to supply grid electricity to parked aircraft, as with ships at the Grand Harbour.",2,MP-PL-2022-398,pl,2022,Invest in large-scale land-based battery storage and upgrade the electricity grid to accommodate large offshore renewable generation.,0.23,weak,0.13,"shared: grid, electricity; same party; other topic",
MP-PL-2026-16-37,pl,2026,"Support Malta International Airport to supply grid electricity to parked aircraft, as with ships at the Grand Harbour.",3,MP-PL-2022-380,pl,2022,"Complete the second Malta–Italy electricity interconnector, increasing supply security, cutting carbon dioxide emissions and enabling more renewable investment.",0.22,weak,0.12,"shared: supply, electricity; same party; other topic",
MP-PL-2026-16-38,pl,2026,SMEs to keep benefiting from tailored schemes to cut costs and reduce environmental impact.,1,MP-PL-2022-350,pl,2022,"Work on a pilot underground refuse collection project to reduce visual impact, odours and inconvenience.",0.34,weak,0.24,"shared: impact, reduce; same party; other topic",
MP-PL-2026-16-38,pl,2026,SMEs to keep benefiting from tailored schemes to cut costs and reduce environmental impact.,2,MP-PL-2022-390,pl,2022,Offer free water-consumption audits to households and micro SMEs and continue installing water dispensers in public places.,0.25,weak,0.15,shared: smes; same party; other topic,
MP-PL-2026-16-38,pl,2026,SMEs to keep benefiting from tailored schemes to cut costs and reduce environmental impact.,3,MP-PL-2022-345,pl,2022,Require set timelines and coordination for every construction project to reduce inconvenience and increase enforcement.,0.21,weak,0.11,shared: reduce; same party; other topic,
MP-PL-2026-16-38,pl,2026,SMEs to keep benefiting from tailored schemes to cut costs and reduce environmental impact.,x,MP-PN-2022-182,pn,2022,"Fully support investments that reduce environmental impact, both in emissions and in land use.",0.44,possible,0.44,"shared: impact, reduce, environmental, reduce environmental, environmental impact; other party; other topic",
MP-PL-2026-16-39,pl,2026,New INDIS renewable energy policy to enable solar panels on more factories under its administration.,1,MP-PL-2022-402,pl,2022,Continue incentivising solar farms and support investment schemes for people without roof space for solar panels.,0.52,possible,0.34,"shared: solar, panel, solar panel, solar (concept); same party; same subtopic (Renewables)",
MP-PL-2026-16-39,pl,2026,New INDIS renewable energy policy to enable solar panels on more factories under its administration.,2,MP-PL-2022-397,pl,2022,"Work with the private sector for investment in offshore renewable energy, including floating wind and solar technologies.",0.41,possible,0.23,"shared: solar, renewable, energy, renewable energy, solar (concept); same party; same subtopic (Renewables)",
MP-PL-2026-16-39,pl,2026,New INDIS renewable energy policy to enable solar panels on more factories under its administration.,3,MP-PL-2022-401,pl,2022,"Start a process to make government agencies and departments climate neutral, installing rooftop solar panels with surplus fed to the national grid.",0.35,possible,0.21,"shared: panel, solar, solar panel, solar (concept); same party; same topic (Climate & Energy)",
MP-PL-2026-16-4,pl,2026,"Continue work towards a third electricity connection with mainland Europe by 2035, also allowing Malta to export electricity.",1,MP-PL-2022-380,pl,2022,"Complete the second Malta–Italy electricity interconnector, increasing supply security, cutting carbon dioxide emissions and enabling more renewable investment.",0.27,weak,0.09,"shared: electricity, interconnector (concept), heading: tal; same party; same subtopic (Electricity & grid)",
MP-PL-2026-16-4,pl,2026,"Continue work towards a third electricity connection with mainland Europe by 2035, also allowing Malta to export electricity.",2,MP-PL-2022-396,pl,2022,"Introduce a voluntary, regulator-set flat electricity rate without bands for rented residences, and pre-paid meters for rentals.",0.27,weak,0.09,"shared: electricity, heading: stabbli; same party; same subtopic (Electricity & grid)",
MP-PL-2026-16-4,pl,2026,"Continue work towards a third electricity connection with mainland Europe by 2035, also allowing Malta to export electricity.",3,MP-PL-2022-382,pl,2022,"Continue major investment in the electricity distribution network to meet rising demand, reduce interruptions and speed up repairs.",0.26,weak,0.08,"shared: electricity, heading: tal; same party; same subtopic (Electricity & grid)",
MP-PL-2026-16-4,pl,2026,"Continue work towards a third electricity connection with mainland Europe by 2035, also allowing Malta to export electricity.",x,MP-PN-2022-218,pn,2022,Invest in a second Malta-Sicily interconnector to double supply from mainland Europe.,0.40,possible,0.32,"shared: mainland, europe, mainland europe, interconnector (concept), heading: energija; other party; same subtopic (Electricity & grid)",
MP-PL-2026-16-5,pl,2026,Battery energy storage procurement is under way; work to start at Delimara and the Marsa.,1,MP-PL-2022-398,pl,2022,Invest in large-scale land-based battery storage and upgrade the electricity grid to accommodate large offshore renewable generation.,0.38,possible,0.20,"shared: battery, storage, storage (concept); same party; same subtopic (Electricity & grid)",
MP-PL-2026-16-5,pl,2026,Battery energy storage procurement is under way; work to start at Delimara and the Marsa.,2,MP-PL-2022-319,pl,2022,Ensure Ħondoq ir-Rummien is not developed in any way and carry out embellishment works at the bay.,0.30,weak,0.20,"shared: way, heading: tal; same party; other topic",
MP-PL-2026-16-5,pl,2026,Battery energy storage procurement is under way; work to start at Delimara and the Marsa.,3,MP-PL-2022-293,pl,2022,"Launch a study on a similar project in Triq Diċembru Tlettax, Marsa, to reconnect the locality currently divided in two.",0.28,weak,0.18,shared: marsa; same party; other topic,
MP-PL-2026-16-6,pl,2026,Submissions on a Malta–North Africa electricity link to be analysed to assess viability and next steps.,1,MP-PL-2022-381,pl,2022,Build a new distribution link between the interconnector terminal at Magħtab and the main distribution centre at Mosta.,0.33,weak,0.15,"shared: link, interconnector (concept), heading: tal; same party; same subtopic (Electricity & grid)",
MP-PL-2026-16-6,pl,2026,Submissions on a Malta–North Africa electricity link to be analysed to assess viability and next steps.,2,MP-PL-2022-380,pl,2022,"Complete the second Malta–Italy electricity interconnector, increasing supply security, cutting carbon dioxide emissions and enabling more renewable investment.",0.26,weak,0.08,"shared: electricity, interconnector (concept), heading: tal; same party; same subtopic (Electricity & grid)",
MP-PL-2026-16-6,pl,2026,Submissions on a Malta–North Africa electricity link to be analysed to assess viability and next steps.,3,MP-PL-2022-396,pl,2022,"Introduce a voluntary, regulator-set flat electricity rate without bands for rented residences, and pre-paid meters for rentals.",0.26,weak,0.08,"shared: electricity, heading: stabbli; same party; same subtopic (Electricity & grid)",
MP-PL-2026-16-7,pl,2026,"Hydrogen-ready gas pipeline studies are complete; will keep seeking EU funds for the project, linked to 2050 decarbonisation goals.",1,MP-PL-2022-399,pl,2022,"Continue studies and technical preparations for a hydrogen project to supply clean energy, supporting decarbonisation goals.",0.60,strong,0.42,"shared: decarbonisation, goal, studie, hydrogen, decarbonisation goal; same figures: 2050; same party; same topic (Climate & Energy)",
MP-PL-2026-16-7,pl,2026,"Hydrogen-ready gas pipeline studies are complete; will keep seeking EU funds for the project, linked to 2050 decarbonisation goals.",2,MP-PL-2022-400,pl,2022,Launch a national plan on hydrogen use to prepare industry and put the necessary infrastructure in place.,0.24,weak,0.10,"shared: hydrogen, hydrogen (concept); same party; same topic (Climate & Energy)",
MP-PL-2026-16-7,pl,2026,"Hydrogen-ready gas pipeline studies are complete; will keep seeking EU funds for the project, linked to 2050 decarbonisation goals.",3,MP-PL-2022-412,pl,2022,"Incentivise research through investment and tax credits to attract innovative start-ups working on climate, decarbonisation and renewable technologies.",0.22,weak,0.08,shared: decarbonisation; same party; same topic (Climate & Energy),
MP-PL-2026-16-7,pl,2026,"Hydrogen-ready gas pipeline studies are complete; will keep seeking EU funds for the project, linked to 2050 decarbonisation goals.",x,MP-VOLT-2022-EN-05,volt,2022,"Require any new Sicily–Malta gas pipeline to carry renewably produced gas, and any hydrogen pipeline to be green-hydrogen based.",0.50,possible,0.46,"shared: pipeline, gas, hydrogen, gas pipeline, gas (concept); other party; same topic (Climate & Energy)",
MP-PL-2026-16-8,pl,2026,Reports major investment in electricity distribution; guarantees the distribution system will not be privatised.,1,MP-PL-2022-382,pl,2022,"Continue major investment in the electricity distribution network to meet rising demand, reduce interruptions and speed up repairs.",0.55,possible,0.37,"shared: distribution, major, electricity, major electricity, electricity distribution; same party; same subtopic (Electricity & grid)",
MP-PL-2026-16-8,pl,2026,Reports major investment in electricity distribution; guarantees the distribution system will not be privatised.,2,MP-PL-2022-385,pl,2022,"Expand the Marsaskala distribution centre, freeing capacity at Ħal Tarxien, and also expand the Imrieħel distribution centre.",0.43,possible,0.25,"shared: distribution, distribution (concept), heading: tal; same party; same subtopic (Electricity & grid)",
MP-PL-2026-16-8,pl,2026,Reports major investment in electricity distribution; guarantees the distribution system will not be privatised.,3,MP-PL-2022-381,pl,2022,Build a new distribution link between the interconnector terminal at Magħtab and the main distribution centre at Mosta.,0.43,possible,0.25,"shared: distribution, distribution (concept), heading: tal; same party; same subtopic (Electricity & grid)",
MP-PL-2026-16-9,pl,2026,"New distribution centres at Imsida, Naxxar and Siġġiewi; work on twelve more, including Mater Dei, Ħal Luqa, Mellieħa, Iklin and Rabat–Mtarfa.",1,MP-PL-2022-385,pl,2022,"Expand the Marsaskala distribution centre, freeing capacity at Ħal Tarxien, and also expand the Imrieħel distribution centre.",0.48,possible,0.30,"shared: distribution, centre, distribution centre, distribution (concept), heading: tal; same party; same subtopic (Electricity & grid)",
MP-PL-2026-16-9,pl,2026,"New distribution centres at Imsida, Naxxar and Siġġiewi; work on twelve more, including Mater Dei, Ħal Luqa, Mellieħa, Iklin and Rabat–Mtarfa.",2,MP-PL-2022-384,pl,2022,"Build a new distribution centre in the Naxxar area to improve supply to nearby localities including Mosta, Għargħur and Baħar iċ-Ċagħaq.",0.45,possible,0.27,"shared: naxxar, distribution, centre, distribution centre, distribution (concept); same party; same subtopic (Electricity & grid)",
MP-PL-2026-16-9,pl,2026,"New distribution centres at Imsida, Naxxar and Siġġiewi; work on twelve more, including Mater Dei, Ħal Luqa, Mellieħa, Iklin and Rabat–Mtarfa.",3,MP-PL-2022-381,pl,2022,Build a new distribution link between the interconnector terminal at Magħtab and the main distribution centre at Mosta.,0.41,possible,0.23,"shared: distribution, centre, distribution centre, distribution (concept), heading: tal; same party; same subtopic (Electricity & grid)",
MP-PL-2026-P19,pl,2026,Everyone in Malta within ten minutes’ walk of an open or green space.,1,MP-PL-2022-329,pl,2022,"Transform highly urbanised localities into green cities with open spaces, pocket parks, green walls, roof gardens, permanent pedestrian zones and possible underground parking.",0.40,possible,0.22,"shared: green, open, space, heading: gal, park (concept); same party; same subtopic (Open spaces & parks)",
MP-PL-2026-P19,pl,2026,Everyone in Malta within ten minutes’ walk of an open or green space.,2,MP-PL-2022-296,pl,2022,"Extend Ġnien Karin Grech, San Ġwann, with a new square and green space, a proposed traffic tunnel and underground parking.",0.38,possible,0.20,"shared: space, green, open, green space, park (concept); same party; same subtopic (Open spaces & parks)",
MP-PL-2026-P19,pl,2026,Everyone in Malta within ten minutes’ walk of an open or green space.,3,MP-PL-2022-295,pl,2022,Demolish the milk factory in Ħamrun and replace it with an underground car park topped by a green open space.,0.37,possible,0.19,"shared: green, open, space, park (concept); same party; same subtopic (Open spaces & parks)",
MP-PL-2026-P19,pl,2026,Everyone in Malta within ten minutes’ walk of an open or green space.,x,MP-ADPD-2022-ACC-02,adpd,2022,Ensure that all traditional footpaths are open and accessible to everyone.,0.38,possible,0.30,"shared: everyone, open; other party; same subtopic (Open spaces & parks)",
MP-PN-2026-AMB-01,pn,2026,"Guarantee at least one genuine park per locality, prioritising trees, shade and natural ground over concrete, with more afforestation and open space in Malta and Gozo.",1,MP-PN-2022-189,pn,2022,Carry out the largest afforestation programme in Malta's history so every community in every town and village has its own green open space.,0.33,weak,0.15,"shared: afforestation, open, space, heading: spazji, heading: miftua; same party; same subtopic (Open spaces & parks)",
MP-PN-2026-AMB-01,pn,2026,"Guarantee at least one genuine park per locality, prioritising trees, shade and natural ground over concrete, with more afforestation and open space in Malta and Gozo.",2,MP-PN-2022-188,pn,2022,"Recreate open spaces: green lungs in towns, a strategy for family green areas, an agenda for growing woodlands, fountains and eco-parks.",0.30,weak,0.12,"shared: park, open, space, heading: spazji, heading: miftua; same party; same subtopic (Open spaces & parks)",
MP-PN-2026-AMB-01,pn,2026,"Guarantee at least one genuine park per locality, prioritising trees, shade and natural ground over concrete, with more afforestation and open space in Malta and Gozo.",3,MP-PN-2022-169,pn,2022,"Set a national target to make Malta climate-neutral as soon as possible, reaching at least 80% of that target by 2030.",0.30,weak,0.20,shared: least; same party; other topic,
MP-PN-2026-AMB-02,pn,2026,"Table a Parks Act in Parliament giving a first legal definition of a park and of green space, to stop greenwashing.",1,MP-PN-2022-188,pn,2022,"Recreate open spaces: green lungs in towns, a strategy for family green areas, an agenda for growing woodlands, fountains and eco-parks.",0.37,possible,0.19,"shared: green, park, space, heading: spazji, heading: miftua; same party; same subtopic (Open spaces & parks)",
MP-PN-2026-AMB-02,pn,2026,"Table a Parks Act in Parliament giving a first legal definition of a park and of green space, to stop greenwashing.",2,MP-PN-2022-189,pn,2022,Carry out the largest afforestation programme in Malta's history so every community in every town and village has its own green open space.,0.31,weak,0.13,"shared: green, space, heading: spazji, heading: miftua, park (concept); same party; same subtopic (Open spaces & parks)",
MP-PN-2026-AMB-02,pn,2026,"Table a Parks Act in Parliament giving a first legal definition of a park and of green space, to stop greenwashing.",3,MP-PN-2022-183,pn,2022,Stop treating commercial development as an activity to be pursued regardless of the harm it may cause.,0.23,weak,0.13,shared: stop; same party; other topic,
MP-PN-2026-AMB-03,pn,2026,"Set mandatory national minimum standards for parks covering unpaved green area, trees, accessibility, water management, maintenance and protection from development.",1,MP-PN-2022-188,pn,2022,"Recreate open spaces: green lungs in towns, a strategy for family green areas, an agenda for growing woodlands, fountains and eco-parks.",0.37,possible,0.19,"shared: green, park, area, green area, heading: spazji; same party; same subtopic (Open spaces & parks)",
MP-PN-2026-AMB-03,pn,2026,"Set mandatory national minimum standards for parks covering unpaved green area, trees, accessibility, water management, maintenance and protection from development.",2,MP-PN-2022-207,pn,2022,Redraft a plan for water conservation and effective water management.,0.32,weak,0.22,"shared: management, water, water management; same party; other topic",
MP-PN-2026-AMB-03,pn,2026,"Set mandatory national minimum standards for parks covering unpaved green area, trees, accessibility, water management, maintenance and protection from development.",3,MP-PN-2022-189,pn,2022,Carry out the largest afforestation programme in Malta's history so every community in every town and village has its own green open space.,0.28,weak,0.10,"shared: green, heading: spazji, heading: miftua, trees (concept), park (concept); same party; same subtopic (Open spaces & parks)",
MP-PN-2026-AMB-04,pn,2026,Prepare a strategic national map of parks and green areas showing where open space is most lacking and where new parks could go.,1,MP-PN-2022-188,pn,2022,"Recreate open spaces: green lungs in towns, a strategy for family green areas, an agenda for growing woodlands, fountains and eco-parks.",0.45,possible,0.27,"shared: green, park, open, area, space; same party; same subtopic (Open spaces & parks)",
MP-PN-2026-AMB-04,pn,2026,Prepare a strategic national map of parks and green areas showing where open space is most lacking and where new parks could go.,2,MP-PN-2022-189,pn,2022,Carry out the largest afforestation programme in Malta's history so every community in every town and village has its own green open space.,0.34,weak,0.16,"shared: green, open, space, heading: spazji, heading: miftua; same party; same subtopic (Open spaces & parks)",
MP-PN-2026-AMB-04,pn,2026,Prepare a strategic national map of parks and green areas showing where open space is most lacking and where new parks could go.,3,MP-PN-2022-194,pn,2022,"With all partners, draw up a strategic plan for agriculture and fisheries to strengthen the whole sector's ecosystem.",0.21,weak,0.11,shared: strategic; same party; other topic,
MP-PN-2026-AMB-05,pn,2026,"Regenerate public land into parks and green spaces and, where no public land exists, buy land where possible to create open space.",1,MP-PN-2022-188,pn,2022,"Recreate open spaces: green lungs in towns, a strategy for family green areas, an agenda for growing woodlands, fountains and eco-parks.",0.42,possible,0.24,"shared: green, space, park, open, heading: spazji; same party; same subtopic (Open spaces & parks)",
MP-PN-2026-AMB-05,pn,2026,"Regenerate public land into parks and green spaces and, where no public land exists, buy land where possible to create open space.",2,MP-PN-2022-189,pn,2022,Carry out the largest afforestation programme in Malta's history so every community in every town and village has its own green open space.,0.39,possible,0.21,"shared: space, green, open, heading: spazji, heading: miftua; same party; same subtopic (Open spaces & parks)",
MP-PN-2026-AMB-05,pn,2026,"Regenerate public land into parks and green spaces and, where no public land exists, buy land where possible to create open space.",3,MP-PN-2022-181,pn,2022,"Have the government add 50,000 square metres of public land to outside-development-zone areas every year.",0.25,weak,0.11,shared: land; same party; same topic (Land & Trees),
MP-PN-2026-AMB-05,pn,2026,"Regenerate public land into parks and green spaces and, where no public land exists, buy land where possible to create open space.",x,MP-PL-2022-285,pl,2022,Apply urban green reclamation: convert existing public buildings or buy private buildings to regenerate them as community open spaces in areas lacking them.,0.43,possible,0.35,"shared: regenerate, buy, space, green, open; other party; same subtopic (Open spaces & parks)",
MP-PN-2026-AMB-06,pn,2026,"Deliver the Santa Venera park: about 16,000 square metres, €26 million, with a park, civic centre and parking.",1,MP-PN-2022-181,pn,2022,"Have the government add 50,000 square metres of public land to outside-development-zone areas every year.",0.38,possible,0.24,"shared: metre, square, square metre; same party; same topic (Land & Trees)",
MP-PN-2026-AMB-06,pn,2026,"Deliver the Santa Venera park: about 16,000 square metres, €26 million, with a park, civic centre and parking.",2,MP-PN-2022-188,pn,2022,"Recreate open spaces: green lungs in towns, a strategy for family green areas, an agenda for growing woodlands, fountains and eco-parks.",0.25,weak,0.07,"shared: park, heading: spazji, heading: miftua, park (concept); same party; same subtopic (Open spaces & parks)",
MP-PN-2026-AMB-06,pn,2026,"Deliver the Santa Venera park: about 16,000 square metres, €26 million, with a park, civic centre and parking.",3,MP-PN-2022-189,pn,2022,Carry out the largest afforestation programme in Malta's history so every community in every town and village has its own green open space.,0.21,weak,0.03,"shared: heading: spazji, heading: miftua, park (concept); same party; same subtopic (Open spaces & parks)",
MP-PN-2026-AMB-06,pn,2026,"Deliver the Santa Venera park: about 16,000 square metres, €26 million, with a park, civic centre and parking.",x,MP-ADPD-2022-LAND-02,adpd,2022,"Revoke the 2006 rationalisation scheme that made about two million square metres developable, protecting the parts still undeveloped.",0.41,possible,0.37,"shared: million, metre, square, square metre; other party; same topic (Land & Trees)",
MP-PN-2026-AMB-07,pn,2026,"Introduce a 'Clean Malta Guarantee' with mandatory national cleanliness standards per locality, results-based contracts and tougher enforcement against littering.",1,MP-PN-2022-203,pn,2022,"Invest substantially, with local councils, in enough IoT-equipped smart bins across Malta and Gozo to prevent littering.",0.26,weak,0.12,shared: littering; same party; same topic (Waste),
MP-PN-2026-AMB-07,pn,2026,"Introduce a 'Clean Malta Guarantee' with mandatory national cleanliness standards per locality, results-based contracts and tougher enforcement against littering.",2,MP-PN-2022-179,pn,2022,"Take a clear stand against excessive development and in favour of conservation through legislation, policy and enforcement.",0.19,weak,0.09,shared: enforcement; same party; other topic,
MP-PN-2026-AMB-07,pn,2026,"Introduce a 'Clean Malta Guarantee' with mandatory national cleanliness standards per locality, results-based contracts and tougher enforcement against littering.",3,MP-PN-2022-210,pn,2022,"With environmental NGOs, set up a research platform to gather evidence for policy on clean aviation, Single European Sky and alternative fuel technology.",0.18,weak,0.08,"shared: clean, heading: kwalita; same party; other topic",
MP-PN-2026-AMB-07,pn,2026,"Introduce a 'Clean Malta Guarantee' with mandatory national cleanliness standards per locality, results-based contracts and tougher enforcement against littering.",x,MP-PL-2022-327,pl,2022,Strengthen enforcement against littering and raise awareness about it.,0.39,possible,0.35,"shared: littering, enforcement, enforcement littering; other party; same topic (Waste)",
MP-PN-2026-AMB-08,pn,2026,"Give schools, health centres, elderly homes, parks, squares and tourist zones the highest cleaning priority, with more frequent waste collection in tourist areas.",1,MP-PN-2022-181,pn,2022,"Have the government add 50,000 square metres of public land to outside-development-zone areas every year.",0.30,weak,0.16,"shared: square, zone, area; same party; same topic (Land & Trees)",
MP-PN-2026-AMB-08,pn,2026,"Give schools, health centres, elderly homes, parks, squares and tourist zones the highest cleaning priority, with more frequent waste collection in tourist areas.",2,MP-PN-2022-188,pn,2022,"Recreate open spaces: green lungs in towns, a strategy for family green areas, an agenda for growing woodlands, fountains and eco-parks.",0.25,weak,0.07,"shared: park, area, heading: spazji, heading: miftua, park (concept); same party; same subtopic (Open spaces & parks)",
MP-PN-2026-AMB-08,pn,2026,"Give schools, health centres, elderly homes, parks, squares and tourist zones the highest cleaning priority, with more frequent waste collection in tourist areas.",3,MP-PN-2022-187,pn,2022,"Invest in focused, widespread work on a comprehensive policy to strengthen biodiversity as a top priority.",0.22,weak,0.12,"shared: priority, heading: spazji, heading: miftua; same party; other topic",
MP-PN-2026-AMB-09,pn,2026,"Give the Environment and Resources Authority a decisive, binding say on ODZ applications and sensitive environmental decisions.",1,MP-PN-2022-176,pn,2022,"Give environmental NGOs more votes on boards taking material decisions on environment, transport, infrastructure and planning, and require consultation at every level of such decisions.",0.38,possible,0.20,"shared: decision, environment, environmental, heading: ambjentali; same party; same subtopic (Accountability)",
MP-PN-2026-AMB-09,pn,2026,"Give the Environment and Resources Authority a decisive, binding say on ODZ applications and sensitive environmental decisions.",2,MP-PN-2022-172,pn,2022,Have this alliance draw up a ten-year Sustainability Agenda binding the government in all decisions affecting the natural environment.,0.36,possible,0.26,"shared: binding, decision, environment, heading: ambjentali; same party; other topic",
MP-PN-2026-AMB-09,pn,2026,"Give the Environment and Resources Authority a decisive, binding say on ODZ applications and sensitive environmental decisions.",3,MP-PN-2022-177,pn,2022,"Implement the Ombudsman's recommendations on environmental matters, respecting the office's role as a key safeguard of the natural environment.",0.27,weak,0.09,"shared: environment, environmental, heading: ambjentali; same party; same subtopic (Accountability)",
MP-PN-2026-AMB-09,pn,2026,"Give the Environment and Resources Authority a decisive, binding say on ODZ applications and sensitive environmental decisions.",x,MP-PL-2022-316,pl,2022,Give the Environment and Resources Authority (ERA) new powers and resources to regulate more effectively.,0.48,possible,0.40,"shared: resource, authority, environment, resource authority, environment resource; other party; same subtopic (Accountability)",
MP-PN-2026-AMB-10,pn,2026,"Give every locality an updated masterplan, revised every ten years, based on public consultation and local carrying capacity.",1,MP-PN-2022-189,pn,2022,Carry out the largest afforestation programme in Malta's history so every community in every town and village has its own green open space.,0.24,weak,0.14,shared: every; same party; other topic,
MP-PN-2026-AMB-10,pn,2026,"Give every locality an updated masterplan, revised every ten years, based on public consultation and local carrying capacity.",2,MP-PN-2022-176,pn,2022,"Give environmental NGOs more votes on boards taking material decisions on environment, transport, infrastructure and planning, and require consultation at every level of such decisions.",0.23,weak,0.13,"shared: every, consultation, heading: ambjentali; same party; other topic",
MP-PN-2026-AMB-10,pn,2026,"Give every locality an updated masterplan, revised every ten years, based on public consultation and local carrying capacity.",3,MP-PN-2022-220,pn,2022,"Give every Maltese and Gozitan household the chance to benefit from photovoltaic schemes, including those without roof access.",0.21,weak,0.11,shared: every; same party; other topic,
MP-PN-2026-AMB-11,pn,2026,"Draft a new planning law after open consultation with the public, NGOs, professionals, local councils and Parliament.",1,MP-PN-2022-176,pn,2022,"Give environmental NGOs more votes on boards taking material decisions on environment, transport, infrastructure and planning, and require consultation at every level of such decisions.",0.33,weak,0.23,"shared: consultation, ngos, planning, heading: ambjentali; same party; other topic",
MP-PN-2026-AMB-11,pn,2026,"Draft a new planning law after open consultation with the public, NGOs, professionals, local councils and Parliament.",2,MP-PN-2022-186,pn,2022,"Require started building projects to be completed within a legally set time, with fines and other enforcement if they are not.",0.27,weak,0.09,shared: law; same party; same subtopic (Development & construction),
MP-PN-2026-AMB-11,pn,2026,"Draft a new planning law after open consultation with the public, NGOs, professionals, local councils and Parliament.",3,MP-PN-2022-184,pn,2022,Make sustainability in construction and development an integral part of regulation and of permitting by planning and environment authorities.,0.25,weak,0.07,shared: planning; same party; same subtopic (Development & construction),
MP-PN-2026-AMB-12,pn,2026,"Halt works on a permit once it is appealed until the final decision, and decide planning appeals within six months.",1,MP-PN-2022-176,pn,2022,"Give environmental NGOs more votes on boards taking material decisions on environment, transport, infrastructure and planning, and require consultation at every level of such decisions.",0.28,weak,0.18,"shared: decision, planning, heading: ambjentali; same party; other topic",
MP-PN-2026-AMB-12,pn,2026,"Halt works on a permit once it is appealed until the final decision, and decide planning appeals within six months.",2,MP-PN-2022-184,pn,2022,Make sustainability in construction and development an integral part of regulation and of permitting by planning and environment authorities.,0.21,weak,0.07,shared: planning; same party; same topic (Planning & Housing),
MP-PN-2026-AMB-12,pn,2026,"Halt works on a permit once it is appealed until the final decision, and decide planning appeals within six months.",3,MP-PN-2022-172,pn,2022,Have this alliance draw up a ten-year Sustainability Agenda binding the government in all decisions affecting the natural environment.,0.20,weak,0.10,"shared: decision, heading: ambjentali; same party; other topic",
MP-PN-2026-AMB-13,pn,2026,"Improve public access to environmental data, studies and documents, and provide legal aid for public-interest environmental cases.",1,MP-PN-2022-175,pn,2022,Make legislative and governance changes so that environmental regulators operate with full autonomy and independence.,0.27,weak,0.09,"shared: environmental, heading: ambjentali; same party; same subtopic (Accountability)",
MP-PN-2026-AMB-13,pn,2026,"Improve public access to environmental data, studies and documents, and provide legal aid for public-interest environmental cases.",2,MP-PN-2022-171,pn,2022,"Build an environmental alliance with a shared environmental, climate and ecological agenda reflecting the Constitution's environmental provisions.",0.25,weak,0.15,"shared: environmental, heading: ambjentali; same party; other topic",
MP-PN-2026-AMB-13,pn,2026,"Improve public access to environmental data, studies and documents, and provide legal aid for public-interest environmental cases.",3,MP-PN-2022-177,pn,2022,"Implement the Ombudsman's recommendations on environmental matters, respecting the office's role as a key safeguard of the natural environment.",0.25,weak,0.07,"shared: environmental, heading: ambjentali; same party; same subtopic (Accountability)",
MP-PN-2026-AMB-14,pn,2026,"Strengthen the Climate Change Authority with more independence, technical experts and real powers to lead climate policy and adaptation.",1,MP-PN-2022-170,pn,2022,Set up an agency responsible for implementing the measures in the National Climate Change Strategy to reach the climate-neutrality target.,0.38,possible,0.20,"shared: climate, change, climate change; same party; same subtopic (Emissions & targets)",
MP-PN-2026-AMB-14,pn,2026,"Strengthen the Climate Change Authority with more independence, technical experts and real powers to lead climate policy and adaptation.",2,MP-PN-2022-175,pn,2022,Make legislative and governance changes so that environmental regulators operate with full autonomy and independence.,0.32,weak,0.22,"shared: independence, change; same party; other topic",
MP-PN-2026-AMB-14,pn,2026,"Strengthen the Climate Change Authority with more independence, technical experts and real powers to lead climate policy and adaptation.",3,MP-PN-2022-206,pn,2022,Treat environmental pollution and degradation as a serious offence with major climate-change impact.,0.31,weak,0.17,"shared: climate, change, climate change; same party; same topic (Climate & Energy)",
MP-PN-2026-AMB-15,pn,2026,"Oblige the Climate Change Authority to publish a clear, updated national climate plan with actions, responsibilities, deadlines and costs.",1,MP-PN-2022-170,pn,2022,Set up an agency responsible for implementing the measures in the National Climate Change Strategy to reach the climate-neutrality target.,0.38,possible,0.20,"shared: climate, change, climate change; same party; same subtopic (Emissions & targets)",
MP-PN-2026-AMB-15,pn,2026,"Oblige the Climate Change Authority to publish a clear, updated national climate plan with actions, responsibilities, deadlines and costs.",2,MP-PN-2022-206,pn,2022,Treat environmental pollution and degradation as a serious offence with major climate-change impact.,0.31,weak,0.17,"shared: climate, change, climate change; same party; same topic (Climate & Energy)",
MP-PN-2026-AMB-15,pn,2026,"Oblige the Climate Change Authority to publish a clear, updated national climate plan with actions, responsibilities, deadlines and costs.",3,MP-PN-2022-169,pn,2022,"Set a national target to make Malta climate-neutral as soon as possible, reaching at least 80% of that target by 2030.",0.29,weak,0.11,shared: climate; same party; same subtopic (Emissions & targets),
MP-PN-2026-AMB-16,pn,2026,Build diplomatic and technical capacity to defend Malta's interests in the EU as a climate-vulnerable island and attract more EU funds.,1,MP-PN-2022-171,pn,2022,"Build an environmental alliance with a shared environmental, climate and ecological agenda reflecting the Constitution's environmental provisions.",0.24,weak,0.14,"shared: build, climate; same party; other topic",
MP-PN-2026-AMB-16,pn,2026,Build diplomatic and technical capacity to defend Malta's interests in the EU as a climate-vulnerable island and attract more EU funds.,2,MP-PN-2022-195,pn,2022,Support farmers and herders with technical help and targeted incentives to invest more in technology and become more competitive.,0.22,weak,0.12,shared: technical; same party; other topic,
MP-PN-2026-AMB-16,pn,2026,Build diplomatic and technical capacity to defend Malta's interests in the EU as a climate-vulnerable island and attract more EU funds.,3,MP-PN-2022-215,pn,2022,"Increase renewable capacity by investing, with private-sector involvement, in a large-scale deep-sea offshore wind farm.",0.22,weak,0.08,shared: capacity; same party; same topic (Climate & Energy),
MP-PN-2026-AMB-17,pn,2026,"Roll out quick measures against urban heat and energy bills, including cool and white roofs, street shade, trees and cooler urban materials.",1,MP-PN-2022-211,pn,2022,Refund all consumers the full amount the party says they were overcharged on electricity and water bills since 2013.,0.22,weak,0.12,"shared: bill, bills (concept); same party; other topic",
MP-PN-2026-AMB-17,pn,2026,"Roll out quick measures against urban heat and energy bills, including cool and white roofs, street shade, trees and cooler urban materials.",2,MP-PN-2022-220,pn,2022,"Give every Maltese and Gozitan household the chance to benefit from photovoltaic schemes, including those without roof access.",0.19,weak,0.09,shared: roof; same party; other topic,
MP-PN-2026-AMB-17,pn,2026,"Roll out quick measures against urban heat and energy bills, including cool and white roofs, street shade, trees and cooler urban materials.",3,MP-PN-2022-205,pn,2022,Introduce stricter measures on waste dumped at sea and waste generated by fish farms.,0.18,weak,0.08,shared: measure; same party; other topic,
MP-PN-2026-AMB-18,pn,2026,"Launch an investment programme preparing the economy for climate change: clean energy, resilient infrastructure, water systems, circular industry and advanced recycling.",1,MP-PN-2022-170,pn,2022,Set up an agency responsible for implementing the measures in the National Climate Change Strategy to reach the climate-neutrality target.,0.29,weak,0.15,"shared: climate, change, climate change; same party; same topic (Climate & Energy)",
MP-PN-2026-AMB-18,pn,2026,"Launch an investment programme preparing the economy for climate change: clean energy, resilient infrastructure, water systems, circular industry and advanced recycling.",2,MP-PN-2022-206,pn,2022,Treat environmental pollution and degradation as a serious offence with major climate-change impact.,0.28,weak,0.14,"shared: change, climate, climate change; same party; same topic (Climate & Energy)",
MP-PN-2026-AMB-18,pn,2026,"Launch an investment programme preparing the economy for climate change: clean energy, resilient infrastructure, water systems, circular industry and advanced recycling.",3,MP-PN-2022-212,pn,2022,Accelerate the shift to cleaner energy within a framework that secures supply.,0.21,weak,0.03,shared: energy; same party; same subtopic (Renewables),
MP-PN-2026-AMB-19,pn,2026,"Make climate adaptation a mandatory part of every local plan, masterplan and infrastructure project.",1,MP-PN-2022-170,pn,2022,Set up an agency responsible for implementing the measures in the National Climate Change Strategy to reach the climate-neutrality target.,0.23,weak,0.09,shared: climate; same party; same topic (Climate & Energy),
MP-PN-2026-AMB-19,pn,2026,"Make climate adaptation a mandatory part of every local plan, masterplan and infrastructure project.",2,MP-PN-2022-176,pn,2022,"Give environmental NGOs more votes on boards taking material decisions on environment, transport, infrastructure and planning, and require consultation at every level of such decisions.",0.22,weak,0.12,"shared: infrastructure, every; same party; other topic",
MP-PN-2026-AMB-19,pn,2026,"Make climate adaptation a mandatory part of every local plan, masterplan and infrastructure project.",3,MP-PN-2022-169,pn,2022,"Set a national target to make Malta climate-neutral as soon as possible, reaching at least 80% of that target by 2030.",0.22,weak,0.08,shared: climate; same party; same topic (Climate & Energy),
MP-PN-2026-AMB-20,pn,2026,"Prioritise nature-based solutions such as tree planting, valley restoration, permeable ground, rain gardens and afforestation against heat, flooding and pollution.",1,MP-PN-2022-189,pn,2022,Carry out the largest afforestation programme in Malta's history so every community in every town and village has its own green open space.,0.22,weak,0.08,"shared: afforestation, trees (concept), park (concept); same party; same topic (Land & Trees)",
MP-PN-2026-AMB-20,pn,2026,"Prioritise nature-based solutions such as tree planting, valley restoration, permeable ground, rain gardens and afforestation against heat, flooding and pollution.",2,MP-PN-2022-191,pn,2022,"Launch a programme to rehabilitate and conserve valleys, with emphasis on protecting their biodiversity.",0.20,weak,0.10,"shared: valley, valley (concept); same party; other topic",
MP-PN-2026-AMB-20,pn,2026,"Prioritise nature-based solutions such as tree planting, valley restoration, permeable ground, rain gardens and afforestation against heat, flooding and pollution.",3,MP-PN-2022-206,pn,2022,Treat environmental pollution and degradation as a serious offence with major climate-change impact.,0.17,weak,0.07,shared: pollution; same party; other topic,
MP-PN-2026-AMB-21,pn,2026,"Launch a national climate education programme in schools, communities and industry.",1,MP-PN-2022-170,pn,2022,Set up an agency responsible for implementing the measures in the National Climate Change Strategy to reach the climate-neutrality target.,0.29,weak,0.11,shared: climate; same party; same subtopic (Emissions & targets),
MP-PN-2026-AMB-21,pn,2026,"Launch a national climate education programme in schools, communities and industry.",2,MP-PN-2022-169,pn,2022,"Set a national target to make Malta climate-neutral as soon as possible, reaching at least 80% of that target by 2030.",0.28,weak,0.10,shared: climate; same party; same subtopic (Emissions & targets),
MP-PN-2026-AMB-21,pn,2026,"Launch a national climate education programme in schools, communities and industry.",3,MP-PN-2022-192,pn,2022,"Extend protection to a larger number of marine protected areas, supporting the diving industry's environment.",0.22,weak,0.12,shared: industry; same party; other topic,
MP-PN-2026-AMB-22,pn,2026,"Expand the national air-quality monitoring network with more stations, more local measurement and more frequent data.",1,MP-PN-2022-208,pn,2022,"Draw up and run an effective plan tackling the main causes of air pollution, aiming to meet and exceed EU targets on emissions and alternative-energy penetration.",0.28,weak,0.10,"shared: air, airquality (concept), heading: kwalita; same party; same subtopic (Air quality & health)",
MP-PN-2026-AMB-22,pn,2026,"Expand the national air-quality monitoring network with more stations, more local measurement and more frequent data.",2,MP-PN-2022-216,pn,2022,Invest substantially in the electricity distribution network to reduce power cuts and low-voltage incidents.,0.18,weak,0.08,shared: network; same party; other topic,
MP-PN-2026-AMB-22,pn,2026,"Expand the national air-quality monitoring network with more stations, more local measurement and more frequent data.",3,MP-PN-2022-210,pn,2022,"With environmental NGOs, set up a research platform to gather evidence for policy on clean aviation, Single European Sky and alternative fuel technology.",0.15,weak,0.01,shared: heading: kwalita; same party; same topic (Air),
MP-PN-2026-AMB-23,pn,2026,"Introduce a national Air Quality Index published daily with weather forecasts, apps and a live public dashboard by locality.",1,MP-PN-2022-208,pn,2022,"Draw up and run an effective plan tackling the main causes of air pollution, aiming to meet and exceed EU targets on emissions and alternative-energy penetration.",0.32,weak,0.14,"shared: air, airquality (concept), heading: kwalita; same party; same subtopic (Air quality & health)",
MP-PN-2026-AMB-23,pn,2026,"Introduce a national Air Quality Index published daily with weather forecasts, apps and a live public dashboard by locality.",2,MP-PN-2022-210,pn,2022,"With environmental NGOs, set up a research platform to gather evidence for policy on clean aviation, Single European Sky and alternative fuel technology.",0.16,weak,0.02,shared: heading: kwalita; same party; same topic (Air),
MP-PN-2026-AMB-23,pn,2026,"Introduce a national Air Quality Index published daily with weather forecasts, apps and a live public dashboard by locality.",3,MP-PL-2022-411,pl,2022,"Complete the Grand Harbour shore-to-ship project, cutting ship pollution and improving air quality, and start another shore-to-ship project at the Freeport.",0.22,weak,0.18,"shared: quality, air, air quality, airquality (concept); other party; same topic (Air)",
MP-PN-2026-AMB-24,pn,2026,"Switch waste strategy from waste-to-energy to 'waste-to-product', with better separation, advanced recycling and material recovery.",1,MP-PN-2022-202,pn,2022,Introduce a much stricter legal framework regulating recycling and penalising single-use materials more heavily.,0.35,possible,0.17,"shared: recycling, material, recycling (concept); same party; same subtopic (Recycling & separation)",
MP-PN-2026-AMB-24,pn,2026,"Switch waste strategy from waste-to-energy to 'waste-to-product', with better separation, advanced recycling and material recovery.",2,MP-PN-2022-201,pn,2022,Encourage innovation in waste management within a broader waste plan.,0.33,weak,0.19,shared: waste; same party; same topic (Waste),
MP-PN-2026-AMB-24,pn,2026,"Switch waste strategy from waste-to-energy to 'waste-to-product', with better separation, advanced recycling and material recovery.",3,MP-PN-2022-205,pn,2022,Introduce stricter measures on waste dumped at sea and waste generated by fish farms.,0.23,weak,0.13,shared: waste; same party; other topic,
MP-PN-2026-AMB-25,pn,2026,"Create a Malta Nature Network linking Natura 2000 sites, valleys, rubble walls, garrigue and ecological corridors, with compensation for farmers and landowners who maintain them.",1,MP-PN-2022-190,pn,2022,"Run a comprehensive programme and set up a new structure to manage Natura 2000 sites, keeping them for families and safe from commercial development.",0.31,weak,0.13,"shared: natura, site, natura site, natura (concept); same figures: 2000; same party; same topic (Nature & Wildlife)",
MP-PN-2026-AMB-25,pn,2026,"Create a Malta Nature Network linking Natura 2000 sites, valleys, rubble walls, garrigue and ecological corridors, with compensation for farmers and landowners who maintain them.",2,MP-PN-2022-191,pn,2022,"Launch a programme to rehabilitate and conserve valleys, with emphasis on protecting their biodiversity.",0.24,weak,0.10,"shared: valley, valley (concept); same party; same topic (Nature & Wildlife)",
MP-PN-2026-AMB-25,pn,2026,"Create a Malta Nature Network linking Natura 2000 sites, valleys, rubble walls, garrigue and ecological corridors, with compensation for farmers and landowners who maintain them.",3,MP-PN-2022-171,pn,2022,"Build an environmental alliance with a shared environmental, climate and ecological agenda reflecting the Constitution's environmental provisions.",0.22,weak,0.08,shared: ecological; same party; same topic (Nature & Wildlife),
MP-PN-2026-AMB-25,pn,2026,"Create a Malta Nature Network linking Natura 2000 sites, valleys, rubble walls, garrigue and ecological corridors, with compensation for farmers and landowners who maintain them.",x,MP-PL-2022-313,pl,2022,"Ambjent Malta to continue implementing Natura 2000 management plans: native planting, rubble walls, restoring wells and cisterns, irrigation, surveillance and firefighting.",0.35,possible,0.27,"shared: rubble, wall, natura, rubble wall, natura (concept); same figures: 2000; other party; same topic (Nature & Wildlife)",
MP-PN-2026-AMB-26,pn,2026,"Give Natura 2000 sites on land and at sea more resources, specialist staff and enforcement, judged by results on the ground.",1,MP-PN-2022-190,pn,2022,"Run a comprehensive programme and set up a new structure to manage Natura 2000 sites, keeping them for families and safe from commercial development.",0.35,weak,0.17,"shared: natura, site, natura site, natura (concept); same figures: 2000; same party; same topic (Nature & Wildlife)",
MP-PN-2026-AMB-26,pn,2026,"Give Natura 2000 sites on land and at sea more resources, specialist staff and enforcement, judged by results on the ground.",2,MP-PN-2022-205,pn,2022,Introduce stricter measures on waste dumped at sea and waste generated by fish farms.,0.31,weak,0.13,"shared: sea, offshore (concept); same party; same subtopic (Marine protection)",
MP-PN-2026-AMB-26,pn,2026,"Give Natura 2000 sites on land and at sea more resources, specialist staff and enforcement, judged by results on the ground.",3,MP-PN-2022-215,pn,2022,"Increase renewable capacity by investing, with private-sector involvement, in a large-scale deep-sea offshore wind farm.",0.21,weak,0.11,"shared: sea, offshore (concept); same party; other topic",
MP-PN-2026-AMB-27,pn,2026,"Support ecological restoration of valleys, starting with Wied Qirda, removing invasive species and regenerating habitats.",1,MP-PN-2022-191,pn,2022,"Launch a programme to rehabilitate and conserve valleys, with emphasis on protecting their biodiversity.",0.25,weak,0.11,"shared: valley, valley (concept); same party; same topic (Nature & Wildlife)",
MP-PN-2026-AMB-27,pn,2026,"Support ecological restoration of valleys, starting with Wied Qirda, removing invasive species and regenerating habitats.",2,MP-PN-2022-171,pn,2022,"Build an environmental alliance with a shared environmental, climate and ecological agenda reflecting the Constitution's environmental provisions.",0.23,weak,0.09,shared: ecological; same party; same topic (Nature & Wildlife),
MP-PN-2026-AMB-27,pn,2026,"Support ecological restoration of valleys, starting with Wied Qirda, removing invasive species and regenerating habitats.",3,MP-PN-2022-193,pn,2022,"Develop and promote high-level policy pillars for holistic, sustainable development of the ecological economy.",0.23,weak,0.09,shared: ecological; same party; same topic (Nature & Wildlife),
MP-PN-2026-AMB-28,pn,2026,"Expand Marine Protected Areas with more monitoring, surveillance and enforcement.",1,MP-PN-2022-192,pn,2022,"Extend protection to a larger number of marine protected areas, supporting the diving industry's environment.",0.55,possible,0.37,"shared: protected, marine, marine protected, area, mpa (concept); same party; same subtopic (Marine protection)",
MP-PN-2026-AMB-28,pn,2026,"Expand Marine Protected Areas with more monitoring, surveillance and enforcement.",2,MP-PN-2022-179,pn,2022,"Take a clear stand against excessive development and in favour of conservation through legislation, policy and enforcement.",0.21,weak,0.11,shared: enforcement; same party; other topic,
MP-PN-2026-AMB-28,pn,2026,"Expand Marine Protected Areas with more monitoring, surveillance and enforcement.",3,MP-PN-2022-186,pn,2022,"Require started building projects to be completed within a legally set time, with fines and other enforcement if they are not.",0.18,weak,0.08,shared: enforcement; same party; other topic,
MP-PN-2026-AMB-28,pn,2026,"Expand Marine Protected Areas with more monitoring, surveillance and enforcement.",x,MP-PL-2022-325,pl,2022,"Develop management plans for protected marine areas, leading to Malta’s first marine park at Ċirkewwa.",0.40,possible,0.32,"shared: marine, protected, area, mpa (concept); other party; same subtopic (Marine protection)",
MP-PN-2026-AMB-29,pn,2026,"Strengthen coastal protection through setback rules, erosion monitoring and climate-adaptation plans for the coast.",1,MP-PN-2022-170,pn,2022,Set up an agency responsible for implementing the measures in the National Climate Change Strategy to reach the climate-neutrality target.,0.22,weak,0.08,shared: climate; same party; same topic (Climate & Energy),
MP-PN-2026-AMB-29,pn,2026,"Strengthen coastal protection through setback rules, erosion monitoring and climate-adaptation plans for the coast.",2,MP-PN-2022-169,pn,2022,"Set a national target to make Malta climate-neutral as soon as possible, reaching at least 80% of that target by 2030.",0.22,weak,0.08,shared: climate; same party; same topic (Climate & Energy),
MP-PN-2026-AMB-29,pn,2026,"Strengthen coastal protection through setback rules, erosion monitoring and climate-adaptation plans for the coast.",3,MP-PN-2022-206,pn,2022,Treat environmental pollution and degradation as a serious offence with major climate-change impact.,0.20,weak,0.06,shared: climate; same party; same topic (Climate & Energy),
MP-PN-2026-AMB-30,pn,2026,Create more designated swimming zones in key coastal localities.,1,MP-PN-2022-177,pn,2022,"Implement the Ombudsman's recommendations on environmental matters, respecting the office's role as a key safeguard of the natural environment.",0.26,weak,0.16,shared: key; same party; other topic,
MP-PN-2026-AMB-30,pn,2026,Create more designated swimming zones in key coastal localities.,2,MP-PN-2022-181,pn,2022,"Have the government add 50,000 square metres of public land to outside-development-zone areas every year.",0.19,weak,0.09,shared: zone; same party; other topic,
MP-PN-2026-AMB-30,pn,2026,Create more designated swimming zones in key coastal localities.,3,MP-PN-2022-180,pn,2022,Require a two-thirds parliamentary vote before land outside the development zone can be brought into it.,0.17,weak,0.07,shared: zone; same party; other topic,
MP-PN-2026-AMB-31,pn,2026,"Publish all carrying-capacity studies on Comino and hold a transparent national consultation on its future, with decisions based on science.",1,MP-PN-2022-176,pn,2022,"Give environmental NGOs more votes on boards taking material decisions on environment, transport, infrastructure and planning, and require consultation at every level of such decisions.",0.27,weak,0.17,"shared: decision, consultation; same party; other topic",
MP-PN-2026-AMB-31,pn,2026,"Publish all carrying-capacity studies on Comino and hold a transparent national consultation on its future, with decisions based on science.",2,MP-PN-2022-199,pn,2022,"Invest to raise the operation of the Pitkalija, abattoir and fish market into efficient, modern, transparent centres of excellence.",0.19,weak,0.09,shared: transparent; same party; other topic,
MP-PN-2026-AMB-31,pn,2026,"Publish all carrying-capacity studies on Comino and hold a transparent national consultation on its future, with decisions based on science.",3,MP-PN-2022-197,pn,2022,"Introduce fair, transparent mechanisms on produce prices and viable earnings so farmers, herders and fishers can stay in the trade.",0.18,weak,0.08,shared: transparent; same party; other topic,
MP-PN-2026-AMB-32,pn,2026,"Adopt a legal framework to protect and manage rural, urban and coastal landscape, and use more 3D mapping and LIDAR data in planning.",1,MP-PN-2022-202,pn,2022,Introduce a much stricter legal framework regulating recycling and penalising single-use materials more heavily.,0.34,weak,0.24,"shared: legal, framework, use, legal framework; same party; other topic",
MP-PN-2026-AMB-32,pn,2026,"Adopt a legal framework to protect and manage rural, urban and coastal landscape, and use more 3D mapping and LIDAR data in planning.",2,MP-PN-2022-174,pn,2022,Use ESG environmental criteria to reshape the tax framework so that only non-polluting economic activities are incentivised and sustainability is rewarded.,0.21,weak,0.11,"shared: framework, use; same party; other topic",
MP-PN-2026-AMB-32,pn,2026,"Adopt a legal framework to protect and manage rural, urban and coastal landscape, and use more 3D mapping and LIDAR data in planning.",3,MP-PN-2022-212,pn,2022,Accelerate the shift to cleaner energy within a framework that secures supply.,0.20,weak,0.10,shared: framework; same party; other topic,
MP-PN-2026-AMB-33,pn,2026,Update light-pollution laws and set standards for artificial lighting near sensitive sites.,1,MP-PN-2022-206,pn,2022,Treat environmental pollution and degradation as a serious offence with major climate-change impact.,0.19,weak,0.09,shared: pollution; same party; other topic,
MP-PN-2026-AMB-33,pn,2026,Update light-pollution laws and set standards for artificial lighting near sensitive sites.,2,MP-PN-2022-190,pn,2022,"Run a comprehensive programme and set up a new structure to manage Natura 2000 sites, keeping them for families and safe from commercial development.",0.18,weak,0.04,shared: site; same party; same topic (Nature & Wildlife),
MP-PN-2026-AMB-33,pn,2026,Update light-pollution laws and set standards for artificial lighting near sensitive sites.,3,MP-PN-2022-208,pn,2022,"Draw up and run an effective plan tackling the main causes of air pollution, aiming to meet and exceed EU targets on emissions and alternative-energy penetration.",0.16,weak,0.06,shared: pollution; same party; other topic,
MP-PN-2026-AMB-34,pn,2026,"Launch a programme to expand and improve urban green infrastructure, with more trees, shade and natural space under modern standards.",1,MP-PN-2022-188,pn,2022,"Recreate open spaces: green lungs in towns, a strategy for family green areas, an agenda for growing woodlands, fountains and eco-parks.",0.28,weak,0.10,"shared: green, space, trees (concept); same party; same subtopic (Open spaces & parks)",
MP-PN-2026-AMB-34,pn,2026,"Launch a programme to expand and improve urban green infrastructure, with more trees, shade and natural space under modern standards.",2,MP-PN-2022-200,pn,2022,"Improve fishers' infrastructure and facilities, especially at Marsaxlokk and Xemxija.",0.27,weak,0.17,"shared: infrastructure, improve; same party; other topic",
MP-PN-2026-AMB-34,pn,2026,"Launch a programme to expand and improve urban green infrastructure, with more trees, shade and natural space under modern standards.",3,MP-PN-2022-189,pn,2022,Carry out the largest afforestation programme in Malta's history so every community in every town and village has its own green open space.,0.27,weak,0.09,"shared: green, space, trees (concept); same party; same subtopic (Open spaces & parks)",
MP-PN-2026-AMB-35,pn,2026,"Publish a national GIS masterplan showing every greening and green-infrastructure project, expected results and regular progress updates.",1,MP-PN-2022-189,pn,2022,Carry out the largest afforestation programme in Malta's history so every community in every town and village has its own green open space.,0.31,weak,0.13,"shared: every, green; same party; same subtopic (Open spaces & parks)",
MP-PN-2026-AMB-35,pn,2026,"Publish a national GIS masterplan showing every greening and green-infrastructure project, expected results and regular progress updates.",2,MP-PN-2022-188,pn,2022,"Recreate open spaces: green lungs in towns, a strategy for family green areas, an agenda for growing woodlands, fountains and eco-parks.",0.25,weak,0.07,shared: green; same party; same subtopic (Open spaces & parks),
MP-PN-2026-AMB-35,pn,2026,"Publish a national GIS masterplan showing every greening and green-infrastructure project, expected results and regular progress updates.",3,MP-PN-2022-176,pn,2022,"Give environmental NGOs more votes on boards taking material decisions on environment, transport, infrastructure and planning, and require consultation at every level of such decisions.",0.22,weak,0.12,"shared: infrastructure, every, heading: ambjentali; same party; other topic",
MP-PN-2026-AMB-36,pn,2026,"Reform the Environment and Resources Authority for more independence, accountability and clear performance standards in enforcement.",1,MP-PN-2022-175,pn,2022,Make legislative and governance changes so that environmental regulators operate with full autonomy and independence.,0.37,possible,0.19,"shared: independence, regulator (concept), heading: ambjentali; same party; same subtopic (Accountability)",
MP-PN-2026-AMB-36,pn,2026,"Reform the Environment and Resources Authority for more independence, accountability and clear performance standards in enforcement.",2,MP-PN-2022-179,pn,2022,"Take a clear stand against excessive development and in favour of conservation through legislation, policy and enforcement.",0.28,weak,0.18,"shared: enforcement, clear; same party; other topic",
MP-PN-2026-AMB-36,pn,2026,"Reform the Environment and Resources Authority for more independence, accountability and clear performance standards in enforcement.",3,MP-PN-2022-173,pn,2022,Use the Sustainability Agenda to redraft a comprehensive Strategic Plan for the Environment and Development giving clear direction for the natural environment.,0.27,weak,0.17,"shared: environment, clear, heading: ambjentali; same party; other topic",
MP-PN-2026-AMB-36,pn,2026,"Reform the Environment and Resources Authority for more independence, accountability and clear performance standards in enforcement.",x,MP-PL-2022-316,pl,2022,Give the Environment and Resources Authority (ERA) new powers and resources to regulate more effectively.,0.51,possible,0.43,"shared: resource, authority, environment, resource authority, environment resource; other party; same subtopic (Accountability)",
MP-PN-2026-AMB-37,pn,2026,"Introduce measurable KPIs for environmental agencies tied to biodiversity, quality of life and real environmental results.",1,MP-PN-2022-175,pn,2022,Make legislative and governance changes so that environmental regulators operate with full autonomy and independence.,0.28,weak,0.10,"shared: environmental, heading: ambjentali; same party; same subtopic (Accountability)",
MP-PN-2026-AMB-37,pn,2026,"Introduce measurable KPIs for environmental agencies tied to biodiversity, quality of life and real environmental results.",2,MP-PN-2022-171,pn,2022,"Build an environmental alliance with a shared environmental, climate and ecological agenda reflecting the Constitution's environmental provisions.",0.27,weak,0.17,"shared: environmental, heading: ambjentali; same party; other topic",
MP-PN-2026-AMB-37,pn,2026,"Introduce measurable KPIs for environmental agencies tied to biodiversity, quality of life and real environmental results.",3,MP-PN-2022-177,pn,2022,"Implement the Ombudsman's recommendations on environmental matters, respecting the office's role as a key safeguard of the natural environment.",0.25,weak,0.07,"shared: environmental, heading: ambjentali; same party; same subtopic (Accountability)",
MP-PN-2026-AMB-38,pn,2026,"Give incentives for hotels, restaurants, beaches and tour operators to obtain international environmental certification.",1,MP-PN-2022-171,pn,2022,"Build an environmental alliance with a shared environmental, climate and ecological agenda reflecting the Constitution's environmental provisions.",0.20,weak,0.10,"shared: environmental, heading: ambjentali; same party; other topic",
MP-PN-2026-AMB-38,pn,2026,"Give incentives for hotels, restaurants, beaches and tour operators to obtain international environmental certification.",2,MP-PN-2022-195,pn,2022,Support farmers and herders with technical help and targeted incentives to invest more in technology and become more competitive.,0.17,weak,0.07,shared: incentive; same party; other topic,
MP-PN-2026-AMB-38,pn,2026,"Give incentives for hotels, restaurants, beaches and tour operators to obtain international environmental certification.",3,MP-PN-2022-175,pn,2022,Make legislative and governance changes so that environmental regulators operate with full autonomy and independence.,0.16,weak,0.06,"shared: environmental, heading: ambjentali; same party; other topic",
MP-PN-2026-AMB-38,pn,2026,"Give incentives for hotels, restaurants, beaches and tour operators to obtain international environmental certification.",x,MP-PL-2022-359,pl,2022,Launch a pilot with hotels and restaurants to help them invest in anaerobic digesters turning food waste into biogas for cooking.,0.35,possible,0.35,"shared: hotel, restaurant, hotel restaurant; other party; other topic",
MP-PN-2026-AMB-39,pn,2026,"Set statutory noise limits for traffic, plants and industry based on EU and international standards, and expand noise monitoring.",1,MP-PN-2022-192,pn,2022,"Extend protection to a larger number of marine protected areas, supporting the diving industry's environment.",0.18,weak,0.08,shared: industry; same party; other topic,
MP-PN-2026-AMB-39,pn,2026,"Set statutory noise limits for traffic, plants and industry based on EU and international standards, and expand noise monitoring.",2,MP-PN-2022-186,pn,2022,"Require started building projects to be completed within a legally set time, with fines and other enforcement if they are not.",0.18,weak,0.08,shared: limit; same party; other topic,
MP-PN-2026-AMB-39,pn,2026,"Set statutory noise limits for traffic, plants and industry based on EU and international standards, and expand noise monitoring.",3,MP-ADPD-2022-LAND-04,adpd,2022,"Opposes the proposed motor-racing track (at Ħal Far), citing noise and ecological impacts on nearby communities.",0.20,weak,0.20,shared: noise; other party; other topic,
MP-PN-2026-AMB-40,pn,2026,"Draw up management plans and dedicated funds for walled cities and historic centres such as Mdina, Valletta, Birgu, Isla, Bormla, Rabat and Victoria.",1,MP-PN-2022-201,pn,2022,Encourage innovation in waste management within a broader waste plan.,0.21,weak,0.11,"shared: management, heading: tal; same party; other topic",
MP-PN-2026-AMB-40,pn,2026,"Draw up management plans and dedicated funds for walled cities and historic centres such as Mdina, Valletta, Birgu, Isla, Bormla, Rabat and Victoria.",2,MP-PN-2022-207,pn,2022,Redraft a plan for water conservation and effective water management.,0.19,weak,0.09,"shared: management, heading: tal; same party; other topic",
MP-PN-2026-AMB-40,pn,2026,"Draw up management plans and dedicated funds for walled cities and historic centres such as Mdina, Valletta, Birgu, Isla, Bormla, Rabat and Victoria.",3,MP-PL-2022-291,pl,2022,"Regenerate the car park area in Triq San Pawl, Bormla, into an open space, with underground parking for residents and visitors to Bormla and Isla.",0.23,weak,0.23,"shared: bormla, isla; other party; other topic",
MP-PN-2026-AMB-41,pn,2026,"Make town and village squares safer to enjoy through traffic systems favouring residents, adequate (including underground) parking, or park-and-ride.",1,MP-PN-2022-189,pn,2022,Carry out the largest afforestation programme in Malta's history so every community in every town and village has its own green open space.,0.30,weak,0.20,"shared: town, village, town village; same party; other topic",
MP-PN-2026-AMB-41,pn,2026,"Make town and village squares safer to enjoy through traffic systems favouring residents, adequate (including underground) parking, or park-and-ride.",2,MP-PN-2022-188,pn,2022,"Recreate open spaces: green lungs in towns, a strategy for family green areas, an agenda for growing woodlands, fountains and eco-parks.",0.21,weak,0.11,"shared: town, park; same party; other topic",
MP-PN-2026-AMB-41,pn,2026,"Make town and village squares safer to enjoy through traffic systems favouring residents, adequate (including underground) parking, or park-and-ride.",3,MP-PN-2022-181,pn,2022,"Have the government add 50,000 square metres of public land to outside-development-zone areas every year.",0.19,weak,0.09,"shared: square, heading: tal; same party; other topic",
MP-PN-2026-AMB-42,pn,2026,"Return concrete environmental, cleanliness and embellishment responsibilities to local councils, with more funds and autonomy.",1,MP-PN-2022-175,pn,2022,Make legislative and governance changes so that environmental regulators operate with full autonomy and independence.,0.33,weak,0.19,"shared: autonomy, environmental; same party; same topic (Governance & Promises)",
MP-PN-2026-AMB-42,pn,2026,"Return concrete environmental, cleanliness and embellishment responsibilities to local councils, with more funds and autonomy.",2,MP-PN-2022-203,pn,2022,"Invest substantially, with local councils, in enough IoT-equipped smart bins across Malta and Gozo to prevent littering.",0.21,weak,0.11,"shared: council, local, local council; same party; other topic",
MP-PN-2026-AMB-42,pn,2026,"Return concrete environmental, cleanliness and embellishment responsibilities to local councils, with more funds and autonomy.",3,MP-PN-2022-219,pn,2022,Return any government or Enemalta earnings from emissions trading or similar activities to consumers as a rebate.,0.19,weak,0.09,shared: return; same party; other topic,
MP-PN-2026-AMB-43,pn,2026,"Update the local council funding formula to reflect population, seasonal pressure, activity levels and actual responsibilities.",1,MP-PN-2022-183,pn,2022,Stop treating commercial development as an activity to be pursued regardless of the harm it may cause.,0.24,weak,0.14,shared: activity; same party; other topic,
MP-PN-2026-AMB-43,pn,2026,"Update the local council funding formula to reflect population, seasonal pressure, activity levels and actual responsibilities.",2,MP-PN-2022-176,pn,2022,"Give environmental NGOs more votes on boards taking material decisions on environment, transport, infrastructure and planning, and require consultation at every level of such decisions.",0.22,weak,0.08,shared: level; same party; same topic (Governance & Promises),
MP-PN-2026-AMB-43,pn,2026,"Update the local council funding formula to reflect population, seasonal pressure, activity levels and actual responsibilities.",3,MP-PN-2022-203,pn,2022,"Invest substantially, with local councils, in enough IoT-equipped smart bins across Malta and Gozo to prevent littering.",0.20,weak,0.10,"shared: council, local, local council; same party; other topic",
MP-PN-2026-AMB-44,pn,2026,Introduce revenue sharing so localities receive a fair share of the economic activity that strains their services.,1,MP-PN-2022-183,pn,2022,Stop treating commercial development as an activity to be pursued regardless of the harm it may cause.,0.26,weak,0.16,shared: activity; same party; other topic,
MP-PN-2026-AMB-44,pn,2026,Introduce revenue sharing so localities receive a fair share of the economic activity that strains their services.,2,MP-PN-2022-174,pn,2022,Use ESG environmental criteria to reshape the tax framework so that only non-polluting economic activities are incentivised and sustainability is rewarded.,0.22,weak,0.12,shared: economic; same party; other topic,
MP-PN-2026-AMB-44,pn,2026,Introduce revenue sharing so localities receive a fair share of the economic activity that strains their services.,3,MP-PN-2022-197,pn,2022,"Introduce fair, transparent mechanisms on produce prices and viable earnings so farmers, herders and fishers can stay in the trade.",0.21,weak,0.11,shared: fair; same party; other topic,
MP-PN-2026-AMB-45,pn,2026,Make consultation with local councils mandatory before national projects that directly affect their communities.,1,MP-PN-2022-203,pn,2022,"Invest substantially, with local councils, in enough IoT-equipped smart bins across Malta and Gozo to prevent littering.",0.23,weak,0.13,"shared: council, local, local council; same party; other topic",
MP-PN-2026-AMB-45,pn,2026,Make consultation with local councils mandatory before national projects that directly affect their communities.,2,MP-PN-2022-176,pn,2022,"Give environmental NGOs more votes on boards taking material decisions on environment, transport, infrastructure and planning, and require consultation at every level of such decisions.",0.23,weak,0.09,shared: consultation; same party; same topic (Governance & Promises),
MP-PN-2026-AMB-45,pn,2026,Make consultation with local councils mandatory before national projects that directly affect their communities.,3,MP-ADPD-2022-ODZ-01,adpd,2022,"Give local councils effective power, directly or through local referenda, to stop projects outside the development zone unless Parliament approves them as nationally needed.",0.28,weak,0.28,"shared: directly, local, council, local council; other party; other topic",
MP-PN-2026-AMB-46,pn,2026,"Return functions such as local road maintenance, aspects of cleaning and local enforcement to local councils.",1,MP-PN-2022-203,pn,2022,"Invest substantially, with local councils, in enough IoT-equipped smart bins across Malta and Gozo to prevent littering.",0.26,weak,0.16,"shared: local, council, local council; same party; other topic",
MP-PN-2026-AMB-46,pn,2026,"Return functions such as local road maintenance, aspects of cleaning and local enforcement to local councils.",2,MP-PN-2022-219,pn,2022,Return any government or Enemalta earnings from emissions trading or similar activities to consumers as a rebate.,0.20,weak,0.10,shared: return; same party; other topic,
MP-PN-2026-AMB-46,pn,2026,"Return functions such as local road maintenance, aspects of cleaning and local enforcement to local councils.",3,MP-PN-2022-179,pn,2022,"Take a clear stand against excessive development and in favour of conservation through legislation, policy and enforcement.",0.19,weak,0.09,shared: enforcement; same party; other topic,
MP-PN-2026-AMB-47,pn,2026,Introduce benchmarking and performance standards for local council services.,1,MP-PN-2022-203,pn,2022,"Invest substantially, with local councils, in enough IoT-equipped smart bins across Malta and Gozo to prevent littering.",0.25,weak,0.15,"shared: council, local, local council; same party; other topic",
MP-PN-2026-AMB-47,pn,2026,Introduce benchmarking and performance standards for local council services.,2,MP-PN-2022-221,pn,2022,Strengthen the Energy Performance Certificate by giving ESG-compliant developers tax credits for implementing EPC recommendations.,0.22,weak,0.12,shared: performance; same party; other topic,
MP-PN-2026-AMB-47,pn,2026,Introduce benchmarking and performance standards for local council services.,3,MP-PN-2022-175,pn,2022,Make legislative and governance changes so that environmental regulators operate with full autonomy and independence.,0.18,weak,0.00,same party; same subtopic (Accountability),
MP-PN-2026-AMB-48,pn,2026,Give local councils a right to formally raise serious or urgent issues before parliamentary committees.,1,MP-PN-2022-180,pn,2022,Require a two-thirds parliamentary vote before land outside the development zone can be brought into it.,0.26,weak,0.08,shared: parliamentary; same party; same subtopic (Accountability),
MP-PN-2026-AMB-48,pn,2026,Give local councils a right to formally raise serious or urgent issues before parliamentary committees.,2,MP-PN-2022-206,pn,2022,Treat environmental pollution and degradation as a serious offence with major climate-change impact.,0.23,weak,0.13,shared: seriou; same party; other topic,
MP-PN-2026-AMB-48,pn,2026,Give local councils a right to formally raise serious or urgent issues before parliamentary committees.,3,MP-PN-2022-203,pn,2022,"Invest substantially, with local councils, in enough IoT-equipped smart bins across Malta and Gozo to prevent littering.",0.20,weak,0.10,"shared: council, local, local council; same party; other topic",
MP-PN-2026-AMB-49,pn,2026,"Develop and run a National Veterinary Hospital open 24 hours a day, seven days a week, including nights, weekends and public holidays.",1,MP-PN-2022-193,pn,2022,"Develop and promote high-level policy pillars for holistic, sustainable development of the ecological economy.",0.19,weak,0.09,shared: develop; same party; other topic,
MP-PN-2026-AMB-49,pn,2026,"Develop and run a National Veterinary Hospital open 24 hours a day, seven days a week, including nights, weekends and public holidays.",2,MP-PN-2022-190,pn,2022,"Run a comprehensive programme and set up a new structure to manage Natura 2000 sites, keeping them for families and safe from commercial development.",0.16,weak,0.06,shared: run; same party; other topic,
MP-PN-2026-AMB-49,pn,2026,"Develop and run a National Veterinary Hospital open 24 hours a day, seven days a week, including nights, weekends and public holidays.",3,MP-PN-2022-208,pn,2022,"Draw up and run an effective plan tackling the main causes of air pollution, aiming to meet and exceed EU targets on emissions and alternative-energy penetration.",0.15,weak,0.05,shared: run; same party; other topic,
MP-PN-2026-AMB-50,pn,2026,Create a dedicated ministerial portfolio for animal welfare with its own budget and administrative structure.,1,MP-PN-2022-198,pn,2022,"Offer incentives on investment, administrative costs and taxes to farmers who meet ESG criteria, to make farming more sustainable.",0.26,weak,0.16,shared: administrative; same party; other topic,
MP-PN-2026-AMB-50,pn,2026,Create a dedicated ministerial portfolio for animal welfare with its own budget and administrative structure.,2,MP-PN-2022-190,pn,2022,"Run a comprehensive programme and set up a new structure to manage Natura 2000 sites, keeping them for families and safe from commercial development.",0.22,weak,0.12,shared: structure; same party; other topic,
MP-PN-2026-AMB-50,pn,2026,Create a dedicated ministerial portfolio for animal welfare with its own budget and administrative structure.,3,MP-PL-2022-367,pl,2022,"Introduce a national animal welfare strategy and set standards for breeders, trainers, groomers and pet sitters.",0.27,weak,0.27,"shared: welfare, animal, animal welfare, animals (concept); other party; other topic",
MP-PN-2026-AMB-51,pn,2026,"Strengthen the independent Commissioner for Animal Welfare, appointed transparently on professional merit, with supervisory and monitoring powers.",1,MP-PN-2022-216,pn,2022,Invest substantially in the electricity distribution network to reduce power cuts and low-voltage incidents.,0.19,weak,0.09,shared: power; same party; other topic,
MP-PN-2026-AMB-51,pn,2026,"Strengthen the independent Commissioner for Animal Welfare, appointed transparently on professional merit, with supervisory and monitoring powers.",2,MP-PN-2022-213,pn,2022,"Draw up an energy policy sourcing power from the cheapest, lowest-emission sources while keeping full control over where electricity is bought and over distribution rights.",0.19,weak,0.09,shared: power; same party; other topic,
MP-PN-2026-AMB-51,pn,2026,"Strengthen the independent Commissioner for Animal Welfare, appointed transparently on professional merit, with supervisory and monitoring powers.",3,MP-VOLT-2022-EN-04,volt,2022,"Research transparently whether a green hydrogen power station is viable in Malta, with a partial IPO if one is built.",0.24,weak,0.24,"shared: transparently, power; other party; other topic",
MP-PN-2026-AMB-52,pn,2026,Formally recognise veterinary specialisations and regulate paraveterinary professions with accredited training and modern standards.,1,MP-PN-2022-199,pn,2022,"Invest to raise the operation of the Pitkalija, abattoir and fish market into efficient, modern, transparent centres of excellence.",0.21,weak,0.11,shared: modern; same party; other topic,
MP-PN-2026-AMB-52,pn,2026,Formally recognise veterinary specialisations and regulate paraveterinary professions with accredited training and modern standards.,2,MP-PL-2022-370,pl,2022,"Open a modern rehoming centre for stray and surrendered animals, also sheltering horses and other abandoned animals.",0.16,weak,0.16,"shared: modern, animals (concept); other party; other topic",
MP-PN-2026-AMB-52,pn,2026,Formally recognise veterinary specialisations and regulate paraveterinary professions with accredited training and modern standards.,3,MP-PL-2022-316,pl,2022,Give the Environment and Resources Authority (ERA) new powers and resources to regulate more effectively.,0.15,weak,0.15,shared: regulate; other party; other topic,
MP-PN-2026-AMB-53,pn,2026,Create pet cemeteries and cremation facilities in Malta and Gozo run to environmental and sanitary standards.,1,MP-PN-2022-171,pn,2022,"Build an environmental alliance with a shared environmental, climate and ecological agenda reflecting the Constitution's environmental provisions.",0.22,weak,0.12,shared: environmental; same party; other topic,
MP-PN-2026-AMB-53,pn,2026,Create pet cemeteries and cremation facilities in Malta and Gozo run to environmental and sanitary standards.,2,MP-PN-2022-200,pn,2022,"Improve fishers' infrastructure and facilities, especially at Marsaxlokk and Xemxija.",0.22,weak,0.12,shared: facilitie; same party; other topic,
MP-PN-2026-AMB-53,pn,2026,Create pet cemeteries and cremation facilities in Malta and Gozo run to environmental and sanitary standards.,3,MP-PN-2022-190,pn,2022,"Run a comprehensive programme and set up a new structure to manage Natura 2000 sites, keeping them for families and safe from commercial development.",0.20,weak,0.10,shared: run; same party; other topic,
MP-PN-2026-AMB-54,pn,2026,"Substantially strengthen enforcement against animal cruelty and neglect through more inspections, specialised training and more deterrent penalties.",1,MP-PN-2022-203,pn,2022,"Invest substantially, with local councils, in enough IoT-equipped smart bins across Malta and Gozo to prevent littering.",0.23,weak,0.13,shared: substantially; same party; other topic,
MP-PN-2026-AMB-54,pn,2026,"Substantially strengthen enforcement against animal cruelty and neglect through more inspections, specialised training and more deterrent penalties.",2,MP-PN-2022-216,pn,2022,Invest substantially in the electricity distribution network to reduce power cuts and low-voltage incidents.,0.23,weak,0.13,shared: substantially; same party; other topic,
MP-PN-2026-AMB-54,pn,2026,"Substantially strengthen enforcement against animal cruelty and neglect through more inspections, specialised training and more deterrent penalties.",3,MP-PN-2022-179,pn,2022,"Take a clear stand against excessive development and in favour of conservation through legislation, policy and enforcement.",0.20,weak,0.10,shared: enforcement; same party; other topic,
MP-PN-2026-AMB-55,pn,2026,"Introduce a positive list of species that may legally be kept as pets, and a temporary centre for confiscated exotic animals.",1,MP-PN-2022-186,pn,2022,"Require started building projects to be completed within a legally set time, with fines and other enforcement if they are not.",0.24,weak,0.14,shared: legally; same party; other topic,
MP-PN-2026-AMB-55,pn,2026,"Introduce a positive list of species that may legally be kept as pets, and a temporary centre for confiscated exotic animals.",2,MP-PN-2022-199,pn,2022,"Invest to raise the operation of the Pitkalija, abattoir and fish market into efficient, modern, transparent centres of excellence.",0.16,weak,0.06,shared: centre; same party; other topic,
MP-PN-2026-AMB-55,pn,2026,"Introduce a positive list of species that may legally be kept as pets, and a temporary centre for confiscated exotic animals.",3,MP-PL-2022-370,pl,2022,"Open a modern rehoming centre for stray and surrendered animals, also sheltering horses and other abandoned animals.",0.24,weak,0.24,"shared: animal, centre, animals (concept); other party; other topic",
MP-PN-2026-AMB-56,pn,2026,"Extend compulsory microchipping to more species where needed and strengthen responsible-ownership rules, registers and education.",1,MP-PN-2022-170,pn,2022,Set up an agency responsible for implementing the measures in the National Climate Change Strategy to reach the climate-neutrality target.,0.21,weak,0.11,shared: responsible; same party; other topic,
MP-PN-2026-AMB-56,pn,2026,"Extend compulsory microchipping to more species where needed and strengthen responsible-ownership rules, registers and education.",2,MP-PN-2022-192,pn,2022,"Extend protection to a larger number of marine protected areas, supporting the diving industry's environment.",0.19,weak,0.09,shared: extend; same party; other topic,
MP-PN-2026-AMB-56,pn,2026,"Extend compulsory microchipping to more species where needed and strengthen responsible-ownership rules, registers and education.",3,MP-PN-2022-196,pn,2022,"Promote Maltese produce via a produce-promotion agency, organic-production incentives, education, attracting young farmers, local-market support and lighter regulation and costs.",0.17,weak,0.07,shared: education; same party; other topic,
MP-PN-2026-AMB-57,pn,2026,"Expand regional shelters, re-homing and adoption centres in Malta and Gozo, with rehabilitation and qualified trainers and behaviourists.",1,MP-PN-2022-203,pn,2022,"Invest substantially, with local councils, in enough IoT-equipped smart bins across Malta and Gozo to prevent littering.",0.17,weak,0.07,shared: gozo; same party; other topic,
MP-PN-2026-AMB-57,pn,2026,"Expand regional shelters, re-homing and adoption centres in Malta and Gozo, with rehabilitation and qualified trainers and behaviourists.",2,MP-PN-2022-199,pn,2022,"Invest to raise the operation of the Pitkalija, abattoir and fish market into efficient, modern, transparent centres of excellence.",0.15,weak,0.05,shared: centre; same party; other topic,
MP-PN-2026-AMB-57,pn,2026,"Expand regional shelters, re-homing and adoption centres in Malta and Gozo, with rehabilitation and qualified trainers and behaviourists.",3,MP-PL-2022-385,pl,2022,"Expand the Marsaskala distribution centre, freeing capacity at Ħal Tarxien, and also expand the Imrieħel distribution centre.",0.25,weak,0.25,"shared: expand, centre; other party; other topic",
MP-PN-2026-AMB-58,pn,2026,"Make essential veterinary care, veterinary medicines and sterilisation more affordable, including through fairer tax treatment.",1,MP-PN-2022-174,pn,2022,Use ESG environmental criteria to reshape the tax framework so that only non-polluting economic activities are incentivised and sustainability is rewarded.,0.18,weak,0.08,shared: tax; same party; other topic,
MP-PN-2026-AMB-58,pn,2026,"Make essential veterinary care, veterinary medicines and sterilisation more affordable, including through fairer tax treatment.",2,MP-PN-2022-221,pn,2022,Strengthen the Energy Performance Certificate by giving ESG-compliant developers tax credits for implementing EPC recommendations.,0.17,weak,0.07,shared: tax; same party; other topic,
MP-PN-2026-AMB-58,pn,2026,"Make essential veterinary care, veterinary medicines and sterilisation more affordable, including through fairer tax treatment.",3,MP-PN-2022-169,pn,2022,"Set a national target to make Malta climate-neutral as soon as possible, reaching at least 80% of that target by 2030.",0.10,weak,0.00,same party; other topic,
MP-PN-2026-AMB-59,pn,2026,Introduce proportionate licensing for certain categories of animals to reduce abandonment and promote responsible ownership.,1,MP-PN-2022-170,pn,2022,Set up an agency responsible for implementing the measures in the National Climate Change Strategy to reach the climate-neutrality target.,0.23,weak,0.13,shared: responsible; same party; other topic,
MP-PN-2026-AMB-59,pn,2026,Introduce proportionate licensing for certain categories of animals to reduce abandonment and promote responsible ownership.,2,MP-PN-2022-193,pn,2022,"Develop and promote high-level policy pillars for holistic, sustainable development of the ecological economy.",0.22,weak,0.12,shared: promote; same party; other topic,
MP-PN-2026-AMB-59,pn,2026,Introduce proportionate licensing for certain categories of animals to reduce abandonment and promote responsible ownership.,3,MP-PN-2022-182,pn,2022,"Fully support investments that reduce environmental impact, both in emissions and in land use.",0.20,weak,0.10,shared: reduce; same party; other topic,
MP-PN-2026-AMB-60,pn,2026,"Encourage wider use of pet insurance, promoting products that do not discriminate between breeds.",1,MP-PN-2022-201,pn,2022,Encourage innovation in waste management within a broader waste plan.,0.36,possible,0.26,shared: encourage; same party; other topic,
MP-PN-2026-AMB-60,pn,2026,"Encourage wider use of pet insurance, promoting products that do not discriminate between breeds.",2,MP-PN-2022-182,pn,2022,"Fully support investments that reduce environmental impact, both in emissions and in land use.",0.16,weak,0.06,shared: use; same party; other topic,
MP-PN-2026-AMB-60,pn,2026,"Encourage wider use of pet insurance, promoting products that do not discriminate between breeds.",3,MP-PN-2022-202,pn,2022,Introduce a much stricter legal framework regulating recycling and penalising single-use materials more heavily.,0.15,weak,0.05,shared: use; same party; other topic,
MP-PN-2026-AMB-61,pn,2026,Introduce community animal wardens coordinated between local councils and the Animal Welfare Directorate.,1,MP-PN-2022-203,pn,2022,"Invest substantially, with local councils, in enough IoT-equipped smart bins across Malta and Gozo to prevent littering.",0.23,weak,0.13,"shared: council, local, local council; same party; other topic",
MP-PN-2026-AMB-61,pn,2026,Introduce community animal wardens coordinated between local councils and the Animal Welfare Directorate.,2,MP-PN-2022-189,pn,2022,Carry out the largest afforestation programme in Malta's history so every community in every town and village has its own green open space.,0.19,weak,0.09,shared: community; same party; other topic,
MP-PN-2026-AMB-61,pn,2026,Introduce community animal wardens coordinated between local councils and the Animal Welfare Directorate.,3,MP-PL-2022-368,pl,2022,Change the law so the Animal Welfare Directorate can remove animals in poor conditions before a final court decision.,0.47,possible,0.47,"shared: animal, directorate, welfare, welfare directorate, animal welfare; other party; other topic",
MP-PN-2026-AMB-62,pn,2026,"Provide more help to animal feeders through food, medicine, veterinary services and neutering programmes.",1,MP-PN-2022-185,pn,2022,Oblige developers to provide alternative accommodation to neighbours of excavation sites during risky periods and lodge a deposit released immediately to people whose property is damaged.,0.18,weak,0.08,shared: provide; same party; other topic,
MP-PN-2026-AMB-62,pn,2026,"Provide more help to animal feeders through food, medicine, veterinary services and neutering programmes.",2,MP-PL-2022-371,pl,2022,Launch a free national neutering campaign for dogs and cats.,0.17,weak,0.17,"shared: neutering, animals (concept); other party; other topic",
MP-PN-2026-AMB-62,pn,2026,"Provide more help to animal feeders through food, medicine, veterinary services and neutering programmes.",3,MP-PL-2022-358,pl,2022,Work with takeaway food outlets on guidelines for lower-impact food container alternatives.,0.16,weak,0.16,shared: food; other party; other topic,
MP-PN-2026-ENI-01,pn,2026,"Guarantee that electricity and water tariffs will not rise, subsidising energy and fuel prices when needed while investing in renewables to cut subsidy costs.",1,MP-PN-2022-214,pn,2022,Work to end the current Electrogas contracts and pass savings to households through cheaper bills and a 50% cut in meter charges for pensioners.,0.34,weak,0.16,"shared: cut, electricity, water, electricity water, bills (concept); same party; same subtopic (Electricity & grid)",
MP-PN-2026-ENI-01,pn,2026,"Guarantee that electricity and water tariffs will not rise, subsidising energy and fuel prices when needed while investing in renewables to cut subsidy costs.",2,MP-PN-2022-211,pn,2022,Refund all consumers the full amount the party says they were overcharged on electricity and water bills since 2013.,0.33,weak,0.15,"shared: electricity, water, electricity water, bills (concept); same party; same subtopic (Electricity & grid)",
MP-PN-2026-ENI-01,pn,2026,"Guarantee that electricity and water tariffs will not rise, subsidising energy and fuel prices when needed while investing in renewables to cut subsidy costs.",3,MP-PN-2022-215,pn,2022,"Increase renewable capacity by investing, with private-sector involvement, in a large-scale deep-sea offshore wind farm.",0.27,weak,0.13,"shared: investing, renewable; same party; same topic (Climate & Energy)",
MP-PN-2026-ENI-02,pn,2026,"Abolish the electricity meter rent (service charge) on every residence; stated annual savings €65 single-phase, €140 three-phase 40A, €195 three-phase 60A.",1,MP-PN-2022-214,pn,2022,Work to end the current Electrogas contracts and pass savings to households through cheaper bills and a 50% cut in meter charges for pensioners.,0.52,possible,0.34,"shared: charge, meter, saving, electricity, bills (concept); same party; same subtopic (Electricity & grid)",
MP-PN-2026-ENI-02,pn,2026,"Abolish the electricity meter rent (service charge) on every residence; stated annual savings €65 single-phase, €140 three-phase 40A, €195 three-phase 60A.",2,MP-PN-2022-218,pn,2022,Invest in a second Malta-Sicily interconnector to double supply from mainland Europe.,0.27,weak,0.09,shared: supply; same party; same subtopic (Electricity & grid),
MP-PN-2026-ENI-02,pn,2026,"Abolish the electricity meter rent (service charge) on every residence; stated annual savings €65 single-phase, €140 three-phase 40A, €195 three-phase 60A.",3,MP-PN-2022-211,pn,2022,Refund all consumers the full amount the party says they were overcharged on electricity and water bills since 2013.,0.25,weak,0.07,"shared: electricity, bills (concept); same party; same subtopic (Electricity & grid)",
MP-PN-2026-ENI-03,pn,2026,"Abolish the €0.1298 residential band so the cheapest €0.1047 rate covers the first 6,000 units; stated saving up to €100.40 a year.",1,MP-PN-2022-214,pn,2022,Work to end the current Electrogas contracts and pass savings to households through cheaper bills and a 50% cut in meter charges for pensioners.,0.26,weak,0.08,"shared: saving, bills (concept); same party; same subtopic (Electricity & grid)",
MP-PN-2026-ENI-03,pn,2026,"Abolish the €0.1298 residential band so the cheapest €0.1047 rate covers the first 6,000 units; stated saving up to €100.40 a year.",2,MP-PN-2022-213,pn,2022,"Draw up an energy policy sourcing power from the cheapest, lowest-emission sources while keeping full control over where electricity is bought and over distribution rights.",0.24,weak,0.10,shared: cheapest; same party; same topic (Climate & Energy),
MP-PN-2026-ENI-03,pn,2026,"Abolish the €0.1298 residential band so the cheapest €0.1047 rate covers the first 6,000 units; stated saving up to €100.40 a year.",3,MP-PN-2022-211,pn,2022,Refund all consumers the full amount the party says they were overcharged on electricity and water bills since 2013.,0.20,weak,0.02,shared: bills (concept); same party; same subtopic (Electricity & grid),
MP-PN-2026-ENI-04,pn,2026,"Keep the 25% eco-reduction for single-person households but raise its eligibility ceiling from 2,000 to 3,000 units a year.",1,MP-PN-2022-214,pn,2022,Work to end the current Electrogas contracts and pass savings to households through cheaper bills and a 50% cut in meter charges for pensioners.,0.28,weak,0.10,"shared: saving, household; same party; same subtopic (Electricity & grid)",
MP-PN-2026-ENI-04,pn,2026,"Keep the 25% eco-reduction for single-person households but raise its eligibility ceiling from 2,000 to 3,000 units a year.",2,MP-PN-2022-188,pn,2022,"Recreate open spaces: green lungs in towns, a strategy for family green areas, an agenda for growing woodlands, fountains and eco-parks.",0.22,weak,0.12,shared: eco; same party; other topic,
MP-PN-2026-ENI-04,pn,2026,"Keep the 25% eco-reduction for single-person households but raise its eligibility ceiling from 2,000 to 3,000 units a year.",3,MP-PN-2022-220,pn,2022,"Give every Maltese and Gozitan household the chance to benefit from photovoltaic schemes, including those without roof access.",0.22,weak,0.08,shared: household; same party; same topic (Climate & Energy),
MP-PN-2026-ENI-05,pn,2026,"Create a new tariff for registered farmers, livestock breeders and voluntary organisations, set at a 15% discount on all non-residential rates.",1,MP-PN-2022-174,pn,2022,Use ESG environmental criteria to reshape the tax framework so that only non-polluting economic activities are incentivised and sustainability is rewarded.,0.25,weak,0.15,shared: non; same party; other topic,
MP-PN-2026-ENI-05,pn,2026,"Create a new tariff for registered farmers, livestock breeders and voluntary organisations, set at a 15% discount on all non-residential rates.",2,MP-PN-2022-211,pn,2022,Refund all consumers the full amount the party says they were overcharged on electricity and water bills since 2013.,0.19,weak,0.01,shared: bills (concept); same party; same subtopic (Electricity & grid),
MP-PN-2026-ENI-05,pn,2026,"Create a new tariff for registered farmers, livestock breeders and voluntary organisations, set at a 15% discount on all non-residential rates.",3,MP-PN-2022-214,pn,2022,Work to end the current Electrogas contracts and pass savings to households through cheaper bills and a 50% cut in meter charges for pensioners.,0.19,weak,0.01,shared: bills (concept); same party; same subtopic (Electricity & grid),
MP-PN-2026-ENI-06,pn,2026,"Remove meter rent for the agricultural sector and voluntary organisations; stated annual savings €120, €240 and €360 by supply type.",1,MP-PN-2022-214,pn,2022,Work to end the current Electrogas contracts and pass savings to households through cheaper bills and a 50% cut in meter charges for pensioners.,0.34,weak,0.16,"shared: meter, saving, bills (concept); same party; same subtopic (Electricity & grid)",
MP-PN-2026-ENI-06,pn,2026,"Remove meter rent for the agricultural sector and voluntary organisations; stated annual savings €120, €240 and €360 by supply type.",2,MP-PN-2022-218,pn,2022,Invest in a second Malta-Sicily interconnector to double supply from mainland Europe.,0.31,weak,0.13,shared: supply; same party; same subtopic (Electricity & grid),
MP-PN-2026-ENI-06,pn,2026,"Remove meter rent for the agricultural sector and voluntary organisations; stated annual savings €120, €240 and €360 by supply type.",3,MP-PN-2022-212,pn,2022,Accelerate the shift to cleaner energy within a framework that secures supply.,0.27,weak,0.13,shared: supply; same party; same topic (Climate & Energy),
MP-PN-2026-ENI-07,pn,2026,"Introduce a clearer standardised electricity and water bill and automatic notification of eligibility for eco-reduction, feed-in tariffs and similar schemes.",1,MP-PN-2022-211,pn,2022,Refund all consumers the full amount the party says they were overcharged on electricity and water bills since 2013.,0.46,possible,0.28,"shared: bill, electricity, water, water bill, electricity water; same party; same subtopic (Electricity & grid)",
MP-PN-2026-ENI-07,pn,2026,"Introduce a clearer standardised electricity and water bill and automatic notification of eligibility for eco-reduction, feed-in tariffs and similar schemes.",2,MP-PN-2022-214,pn,2022,Work to end the current Electrogas contracts and pass savings to households through cheaper bills and a 50% cut in meter charges for pensioners.,0.32,weak,0.14,"shared: bill, electricity, water, electricity water, bills (concept); same party; same subtopic (Electricity & grid)",
MP-PN-2026-ENI-07,pn,2026,"Introduce a clearer standardised electricity and water bill and automatic notification of eligibility for eco-reduction, feed-in tariffs and similar schemes.",3,MP-PN-2022-219,pn,2022,Return any government or Enemalta earnings from emissions trading or similar activities to consumers as a rebate.,0.28,weak,0.10,shared: similar; same party; same subtopic (Electricity & grid),
MP-PN-2026-ENI-08,pn,2026,"Reach 30% of electricity generated from renewable sources by 2030, partly to offset the roughly €30 million yearly cost of the bill-reduction package.",1,MP-PN-2022-211,pn,2022,Refund all consumers the full amount the party says they were overcharged on electricity and water bills since 2013.,0.34,weak,0.20,"shared: bill, electricity, bills (concept), heading: energija; same party; same topic (Climate & Energy)",
MP-PN-2026-ENI-08,pn,2026,"Reach 30% of electricity generated from renewable sources by 2030, partly to offset the roughly €30 million yearly cost of the bill-reduction package.",2,MP-PN-2022-215,pn,2022,"Increase renewable capacity by investing, with private-sector involvement, in a large-scale deep-sea offshore wind farm.",0.30,weak,0.12,"shared: increase, renewable, heading: energija; same party; same subtopic (Renewables)",
MP-PN-2026-ENI-08,pn,2026,"Reach 30% of electricity generated from renewable sources by 2030, partly to offset the roughly €30 million yearly cost of the bill-reduction package.",3,MP-PN-2022-213,pn,2022,"Draw up an energy policy sourcing power from the cheapest, lowest-emission sources while keeping full control over where electricity is bought and over distribution rights.",0.29,weak,0.15,"shared: source, electricity, heading: energija; same party; same topic (Climate & Energy)",
MP-PN-2026-ENI-09,pn,2026,Introduce a grant for households to upgrade older solar PV systems without removing the whole installation.,1,MP-PN-2022-220,pn,2022,"Give every Maltese and Gozitan household the chance to benefit from photovoltaic schemes, including those without roof access.",0.31,weak,0.13,"shared: household, solar (concept), heading: energija; same party; same subtopic (Renewables)",
MP-PN-2026-ENI-09,pn,2026,Introduce a grant for households to upgrade older solar PV systems without removing the whole installation.,2,MP-PN-2022-194,pn,2022,"With all partners, draw up a strategic plan for agriculture and fisheries to strengthen the whole sector's ecosystem.",0.23,weak,0.13,shared: whole; same party; other topic,
MP-PN-2026-ENI-09,pn,2026,Introduce a grant for households to upgrade older solar PV systems without removing the whole installation.,3,MP-PN-2022-214,pn,2022,Work to end the current Electrogas contracts and pass savings to households through cheaper bills and a 50% cut in meter charges for pensioners.,0.21,weak,0.07,"shared: household, heading: energija; same party; same topic (Climate & Energy)",
MP-PN-2026-ENI-10,pn,2026,Introduce a scheme encouraging new apartment blocks and condominiums to include shared or per-flat solar systems from the design stage.,1,MP-PN-2022-171,pn,2022,"Build an environmental alliance with a shared environmental, climate and ecological agenda reflecting the Constitution's environmental provisions.",0.22,weak,0.12,shared: shared; same party; other topic,
MP-PN-2026-ENI-10,pn,2026,Introduce a scheme encouraging new apartment blocks and condominiums to include shared or per-flat solar systems from the design stage.,2,MP-PN-2022-220,pn,2022,"Give every Maltese and Gozitan household the chance to benefit from photovoltaic schemes, including those without roof access.",0.20,weak,0.02,"shared: solar (concept), heading: energija; same party; same subtopic (Renewables)",
MP-PN-2026-ENI-10,pn,2026,Introduce a scheme encouraging new apartment blocks and condominiums to include shared or per-flat solar systems from the design stage.,3,MP-PN-2022-212,pn,2022,Accelerate the shift to cleaner energy within a framework that secures supply.,0.19,weak,0.01,shared: heading: energija; same party; same subtopic (Renewables),
MP-PN-2026-ENI-11,pn,2026,Continue and strengthen support for batteries in homes and small businesses that already have solar panels.,1,MP-PN-2022-211,pn,2022,Refund all consumers the full amount the party says they were overcharged on electricity and water bills since 2013.,0.19,weak,0.01,shared: heading: energija; same party; same subtopic (Electricity & grid),
MP-PN-2026-ENI-11,pn,2026,Continue and strengthen support for batteries in homes and small businesses that already have solar panels.,2,MP-PN-2022-219,pn,2022,Return any government or Enemalta earnings from emissions trading or similar activities to consumers as a rebate.,0.19,weak,0.01,shared: heading: energija; same party; same subtopic (Electricity & grid),
MP-PN-2026-ENI-11,pn,2026,Continue and strengthen support for batteries in homes and small businesses that already have solar panels.,3,MP-PN-2022-216,pn,2022,Invest substantially in the electricity distribution network to reduce power cuts and low-voltage incidents.,0.19,weak,0.01,shared: heading: energija; same party; same subtopic (Electricity & grid),
MP-PN-2026-ENI-12,pn,2026,"Invest in solar canopies over public car parks, industrial zones and schools.",1,MP-PN-2022-220,pn,2022,"Give every Maltese and Gozitan household the chance to benefit from photovoltaic schemes, including those without roof access.",0.21,weak,0.03,"shared: solar (concept), heading: energija; same party; same subtopic (Renewables)",
MP-PN-2026-ENI-12,pn,2026,"Invest in solar canopies over public car parks, industrial zones and schools.",2,MP-PN-2022-181,pn,2022,"Have the government add 50,000 square metres of public land to outside-development-zone areas every year.",0.19,weak,0.09,shared: zone; same party; other topic,
MP-PN-2026-ENI-12,pn,2026,"Invest in solar canopies over public car parks, industrial zones and schools.",3,MP-PN-2022-212,pn,2022,Accelerate the shift to cleaner energy within a framework that secures supply.,0.19,weak,0.01,shared: heading: energija; same party; same subtopic (Renewables),
MP-PN-2026-ENI-12,pn,2026,"Invest in solar canopies over public car parks, industrial zones and schools.",x,MP-ADPD-2022-2,adpd,2022,Install micro wind turbines in industrial zones.,0.37,possible,0.29,"shared: industrial, zone, industrial zone; other party; same subtopic (Renewables)",
MP-PN-2026-ENI-13,pn,2026,Run a national programme to put solar panels with battery storage on every feasible public roof.,1,MP-PN-2022-220,pn,2022,"Give every Maltese and Gozitan household the chance to benefit from photovoltaic schemes, including those without roof access.",0.38,possible,0.20,"shared: roof, every, solar (concept), heading: energija; same party; same subtopic (Renewables)",
MP-PN-2026-ENI-13,pn,2026,Run a national programme to put solar panels with battery storage on every feasible public roof.,2,MP-PN-2022-189,pn,2022,Carry out the largest afforestation programme in Malta's history so every community in every town and village has its own green open space.,0.19,weak,0.09,shared: every; same party; other topic,
MP-PN-2026-ENI-13,pn,2026,Run a national programme to put solar panels with battery storage on every feasible public roof.,3,MP-PN-2022-212,pn,2022,Accelerate the shift to cleaner energy within a framework that secures supply.,0.19,weak,0.01,shared: heading: energija; same party; same subtopic (Renewables),
MP-PN-2026-ENI-13,pn,2026,Run a national programme to put solar panels with battery storage on every feasible public roof.,x,MP-PL-2022-402,pl,2022,Continue incentivising solar farms and support investment schemes for people without roof space for solar panels.,0.44,possible,0.36,"shared: roof, solar, panel, solar panel, solar (concept); other party; same subtopic (Renewables)",
MP-PN-2026-ENI-14,pn,2026,"Push ahead with a floating offshore wind project, with transparent procurement, studies and timely grid integration.",1,MP-PN-2022-215,pn,2022,"Increase renewable capacity by investing, with private-sector involvement, in a large-scale deep-sea offshore wind farm.",0.39,possible,0.21,"shared: wind, offshore, offshore wind, wind (concept), offshore (concept); same party; same subtopic (Renewables)",
MP-PN-2026-ENI-14,pn,2026,"Push ahead with a floating offshore wind project, with transparent procurement, studies and timely grid integration.",2,MP-PN-2022-199,pn,2022,"Invest to raise the operation of the Pitkalija, abattoir and fish market into efficient, modern, transparent centres of excellence.",0.21,weak,0.11,shared: transparent; same party; other topic,
MP-PN-2026-ENI-14,pn,2026,"Push ahead with a floating offshore wind project, with transparent procurement, studies and timely grid integration.",3,MP-PN-2022-197,pn,2022,"Introduce fair, transparent mechanisms on produce prices and viable earnings so farmers, herders and fishers can stay in the trade.",0.20,weak,0.10,shared: transparent; same party; other topic,
MP-PN-2026-ENI-14,pn,2026,"Push ahead with a floating offshore wind project, with transparent procurement, studies and timely grid integration.",x,MP-PL-2022-397,pl,2022,"Work with the private sector for investment in offshore renewable energy, including floating wind and solar technologies.",0.42,possible,0.34,"shared: floating, wind, offshore, wind (concept), offshore (concept); other party; same subtopic (Renewables)",
MP-PN-2026-ENI-15,pn,2026,Run pilot community-battery projects in localities with many apartments.,1,MP-PN-2022-189,pn,2022,Carry out the largest afforestation programme in Malta's history so every community in every town and village has its own green open space.,0.21,weak,0.11,shared: community; same party; other topic,
MP-PN-2026-ENI-15,pn,2026,Run pilot community-battery projects in localities with many apartments.,2,MP-PN-2022-190,pn,2022,"Run a comprehensive programme and set up a new structure to manage Natura 2000 sites, keeping them for families and safe from commercial development.",0.20,weak,0.10,shared: run; same party; other topic,
MP-PN-2026-ENI-15,pn,2026,Run pilot community-battery projects in localities with many apartments.,3,MP-PN-2022-211,pn,2022,Refund all consumers the full amount the party says they were overcharged on electricity and water bills since 2013.,0.19,weak,0.01,shared: heading: energija; same party; same subtopic (Electricity & grid),
MP-PN-2026-ENI-16,pn,2026,Open a national process on solar rights so that PV owners do not lose their investment when neighbouring development overshadows them.,1,MP-PN-2022-213,pn,2022,"Draw up an energy policy sourcing power from the cheapest, lowest-emission sources while keeping full control over where electricity is bought and over distribution rights.",0.28,weak,0.14,"shared: right, heading: energija; same party; same topic (Climate & Energy)",
MP-PN-2026-ENI-16,pn,2026,Open a national process on solar rights so that PV owners do not lose their investment when neighbouring development overshadows them.,2,MP-PN-2022-204,pn,2022,Review the site-selection process and chosen model for the Magħtab incinerator project.,0.24,weak,0.14,shared: process; same party; other topic,
MP-PN-2026-ENI-16,pn,2026,Open a national process on solar rights so that PV owners do not lose their investment when neighbouring development overshadows them.,3,MP-PN-2022-220,pn,2022,"Give every Maltese and Gozitan household the chance to benefit from photovoltaic schemes, including those without roof access.",0.21,weak,0.03,"shared: solar (concept), heading: energija; same party; same subtopic (Renewables)",
MP-PN-2026-ENI-17,pn,2026,Create a shared solar scheme on public buildings in which people without a roof can buy a tradeable share.,1,MP-PN-2022-220,pn,2022,"Give every Maltese and Gozitan household the chance to benefit from photovoltaic schemes, including those without roof access.",0.32,weak,0.14,"shared: roof, solar (concept), heading: energija; same party; same subtopic (Renewables)",
MP-PN-2026-ENI-17,pn,2026,Create a shared solar scheme on public buildings in which people without a roof can buy a tradeable share.,2,MP-PN-2022-171,pn,2022,"Build an environmental alliance with a shared environmental, climate and ecological agenda reflecting the Constitution's environmental provisions.",0.24,weak,0.14,shared: shared; same party; other topic,
MP-PN-2026-ENI-17,pn,2026,Create a shared solar scheme on public buildings in which people without a roof can buy a tradeable share.,3,MP-PN-2022-217,pn,2022,"Invest in a gas pipeline to Sicily, able to carry hydrogen later, to buy gas and hydrogen on the open EU market and end reliance on the Electrogas tanker.",0.23,weak,0.09,"shared: buy, heading: energija; same party; same topic (Climate & Energy)",
MP-PN-2026-ENI-17,pn,2026,Create a shared solar scheme on public buildings in which people without a roof can buy a tradeable share.,x,MP-PL-2022-402,pl,2022,Continue incentivising solar farms and support investment schemes for people without roof space for solar panels.,0.52,possible,0.44,"shared: people, roof, solar, people roof, solar (concept); other party; same subtopic (Renewables)",
MP-PN-2026-ENI-18,pn,2026,"Invest heavily in feeders, substations, transformers and digital monitoring to strengthen the distribution network and drastically cut blackouts.",1,MP-PN-2022-216,pn,2022,Invest substantially in the electricity distribution network to reduce power cuts and low-voltage incidents.,0.36,possible,0.18,"shared: distribution, network, distribution network, distribution (concept); same party; same subtopic (Electricity & grid)",
MP-PN-2026-ENI-18,pn,2026,"Invest heavily in feeders, substations, transformers and digital monitoring to strengthen the distribution network and drastically cut blackouts.",2,MP-PN-2022-214,pn,2022,Work to end the current Electrogas contracts and pass savings to households through cheaper bills and a 50% cut in meter charges for pensioners.,0.25,weak,0.07,shared: cut; same party; same subtopic (Electricity & grid),
MP-PN-2026-ENI-18,pn,2026,"Invest heavily in feeders, substations, transformers and digital monitoring to strengthen the distribution network and drastically cut blackouts.",3,MP-PN-2022-202,pn,2022,Introduce a much stricter legal framework regulating recycling and penalising single-use materials more heavily.,0.24,weak,0.14,shared: heavily; same party; other topic,
MP-PN-2026-ENI-19,pn,2026,"Launch a heatwave resilience plan for the localities hit hardest, with real-time digital network monitoring.",1,MP-PN-2022-216,pn,2022,Invest substantially in the electricity distribution network to reduce power cuts and low-voltage incidents.,0.27,weak,0.09,shared: network; same party; same subtopic (Electricity & grid),
MP-PN-2026-ENI-19,pn,2026,"Launch a heatwave resilience plan for the localities hit hardest, with real-time digital network monitoring.",2,MP-PN-2022-186,pn,2022,"Require started building projects to be completed within a legally set time, with fines and other enforcement if they are not.",0.26,weak,0.16,shared: time; same party; other topic,
MP-PN-2026-ENI-19,pn,2026,"Launch a heatwave resilience plan for the localities hit hardest, with real-time digital network monitoring.",3,MP-PN-2022-211,pn,2022,Refund all consumers the full amount the party says they were overcharged on electricity and water bills since 2013.,0.18,weak,0.00,same party; same subtopic (Electricity & grid),
MP-PN-2026-ENI-20,pn,2026,"Begin strategic planning for a third and fourth interconnector landing in different areas, including possibly to North Africa.",1,MP-PN-2022-180,pn,2022,Require a two-thirds parliamentary vote before land outside the development zone can be brought into it.,0.27,weak,0.17,shared: third; same party; other topic,
MP-PN-2026-ENI-20,pn,2026,"Begin strategic planning for a third and fourth interconnector landing in different areas, including possibly to North Africa.",2,MP-PN-2022-218,pn,2022,Invest in a second Malta-Sicily interconnector to double supply from mainland Europe.,0.26,weak,0.08,"shared: interconnector, interconnector (concept); same party; same subtopic (Electricity & grid)",
MP-PN-2026-ENI-20,pn,2026,"Begin strategic planning for a third and fourth interconnector landing in different areas, including possibly to North Africa.",3,MP-PN-2022-194,pn,2022,"With all partners, draw up a strategic plan for agriculture and fisheries to strengthen the whole sector's ecosystem.",0.20,weak,0.10,shared: strategic; same party; other topic,
MP-PN-2026-ENI-21,pn,2026,Study and plan a hydrogen-ready pipeline compatible with future European networks.,1,MP-PN-2022-217,pn,2022,"Invest in a gas pipeline to Sicily, able to carry hydrogen later, to buy gas and hydrogen on the open EU market and end reliance on the Electrogas tanker.",0.43,possible,0.25,"shared: hydrogen, pipeline, gas (concept), hydrogen (concept); same party; same subtopic (Electricity & grid)",
MP-PN-2026-ENI-21,pn,2026,Study and plan a hydrogen-ready pipeline compatible with future European networks.,2,MP-PN-2022-216,pn,2022,Invest substantially in the electricity distribution network to reduce power cuts and low-voltage incidents.,0.26,weak,0.08,shared: network; same party; same subtopic (Electricity & grid),
MP-PN-2026-ENI-21,pn,2026,Study and plan a hydrogen-ready pipeline compatible with future European networks.,3,MP-PN-2022-210,pn,2022,"With environmental NGOs, set up a research platform to gather evidence for policy on clean aviation, Single European Sky and alternative fuel technology.",0.22,weak,0.12,shared: european; same party; other topic,
MP-PN-2026-ENI-21,pn,2026,Study and plan a hydrogen-ready pipeline compatible with future European networks.,x,MP-VOLT-2022-EN-05,volt,2022,"Require any new Sicily–Malta gas pipeline to carry renewably produced gas, and any hydrogen pipeline to be green-hydrogen based.",0.38,possible,0.34,"shared: pipeline, hydrogen, gas (concept), hydrogen (concept); other party; same topic (Climate & Energy)",
MP-PN-2026-ENI-22,pn,2026,Empower the energy and water regulator (REWS) to impose a service-availability guarantee and automatic compensation for blackouts and poor voltage.,1,MP-PN-2022-216,pn,2022,Invest substantially in the electricity distribution network to reduce power cuts and low-voltage incidents.,0.30,weak,0.12,shared: voltage; same party; same subtopic (Electricity & grid),
MP-PN-2026-ENI-22,pn,2026,Empower the energy and water regulator (REWS) to impose a service-availability guarantee and automatic compensation for blackouts and poor voltage.,2,MP-PN-2022-175,pn,2022,Make legislative and governance changes so that environmental regulators operate with full autonomy and independence.,0.27,weak,0.17,"shared: regulator, regulator (concept); same party; other topic",
MP-PN-2026-ENI-22,pn,2026,Empower the energy and water regulator (REWS) to impose a service-availability guarantee and automatic compensation for blackouts and poor voltage.,3,MP-PN-2022-211,pn,2022,Refund all consumers the full amount the party says they were overcharged on electricity and water bills since 2013.,0.22,weak,0.04,shared: water; same party; same subtopic (Electricity & grid),
MP-PN-2026-ENI-23,pn,2026,Review the main energy contracts and set a principle of always buying energy from the cheapest secure and reliable source.,1,MP-PN-2022-213,pn,2022,"Draw up an energy policy sourcing power from the cheapest, lowest-emission sources while keeping full control over where electricity is bought and over distribution rights.",0.37,possible,0.23,"shared: cheapest, source, energy; same party; same topic (Climate & Energy)",
MP-PN-2026-ENI-23,pn,2026,Review the main energy contracts and set a principle of always buying energy from the cheapest secure and reliable source.,2,MP-PN-2022-212,pn,2022,Accelerate the shift to cleaner energy within a framework that secures supply.,0.34,weak,0.20,"shared: secure, energy; same party; same topic (Climate & Energy)",
MP-PN-2026-ENI-23,pn,2026,Review the main energy contracts and set a principle of always buying energy from the cheapest secure and reliable source.,3,MP-PN-2022-214,pn,2022,Work to end the current Electrogas contracts and pass savings to households through cheaper bills and a 50% cut in meter charges for pensioners.,0.25,weak,0.07,shared: contract; same party; same subtopic (Electricity & grid),
MP-PN-2026-ENI-24,pn,2026,Continue and strengthen the grant for replacing old water heaters with heat-pump water heaters.,1,MP-PN-2022-211,pn,2022,Refund all consumers the full amount the party says they were overcharged on electricity and water bills since 2013.,0.22,weak,0.08,"shared: water, heading: energija; same party; same topic (Climate & Energy)",
MP-PN-2026-ENI-24,pn,2026,Continue and strengthen the grant for replacing old water heaters with heat-pump water heaters.,2,MP-PN-2022-207,pn,2022,Redraft a plan for water conservation and effective water management.,0.22,weak,0.12,shared: water; same party; other topic,
MP-PN-2026-ENI-24,pn,2026,Continue and strengthen the grant for replacing old water heaters with heat-pump water heaters.,3,MP-PN-2022-214,pn,2022,Work to end the current Electrogas contracts and pass savings to households through cheaper bills and a 50% cut in meter charges for pensioners.,0.18,weak,0.04,"shared: water, heading: energija; same party; same topic (Climate & Energy)",
MP-PN-2026-ENI-24,pn,2026,Continue and strengthen the grant for replacing old water heaters with heat-pump water heaters.,x,MP-PL-2022-404,pl,2022,"Strengthen household grant schemes for solar water heaters, PV panels, roof insulation, heat pumps, double glazing, batteries and well maintenance.",0.57,strong,0.53,"shared: heater, pump, heat, grant, water; other party; same topic (Climate & Energy)",
MP-PN-2026-ENI-25,pn,2026,"Create a tax credit for landlords who make sustainability upgrades to rented property, tied to minimum efficiency standards and registered leases.",1,MP-PN-2022-221,pn,2022,Strengthen the Energy Performance Certificate by giving ESG-compliant developers tax credits for implementing EPC recommendations.,0.27,weak,0.17,"shared: credit, tax, tax credit, heading: energija; same party; other topic",
MP-PN-2026-ENI-25,pn,2026,"Create a tax credit for landlords who make sustainability upgrades to rented property, tied to minimum efficiency standards and registered leases.",2,MP-PN-2022-174,pn,2022,Use ESG environmental criteria to reshape the tax framework so that only non-polluting economic activities are incentivised and sustainability is rewarded.,0.24,weak,0.14,"shared: sustainability, tax; same party; other topic",
MP-PN-2026-ENI-25,pn,2026,"Create a tax credit for landlords who make sustainability upgrades to rented property, tied to minimum efficiency standards and registered leases.",3,MP-PN-2022-184,pn,2022,Make sustainability in construction and development an integral part of regulation and of permitting by planning and environment authorities.,0.23,weak,0.09,shared: sustainability; same party; same topic (Planning & Housing),
MP-PN-2026-ENI-26,pn,2026,"Strengthen energy-efficiency schemes for SMEs such as hotels, shops, restaurants and workshops.",1,MP-PN-2022-221,pn,2022,Strengthen the Energy Performance Certificate by giving ESG-compliant developers tax credits for implementing EPC recommendations.,0.19,weak,0.05,"shared: energy, efficiency (concept), heading: energija; same party; same topic (Climate & Energy)",
MP-PN-2026-ENI-26,pn,2026,"Strengthen energy-efficiency schemes for SMEs such as hotels, shops, restaurants and workshops.",2,MP-PN-2022-212,pn,2022,Accelerate the shift to cleaner energy within a framework that secures supply.,0.19,weak,0.05,"shared: energy, heading: energija; same party; same topic (Climate & Energy)",
MP-PN-2026-ENI-26,pn,2026,"Strengthen energy-efficiency schemes for SMEs such as hotels, shops, restaurants and workshops.",3,MP-PN-2022-213,pn,2022,"Draw up an energy policy sourcing power from the cheapest, lowest-emission sources while keeping full control over where electricity is bought and over distribution rights.",0.18,weak,0.04,"shared: energy, heading: energija; same party; same topic (Climate & Energy)",
MP-PN-2026-ENI-27,pn,2026,Create a framework of long-term clean-energy contracts for large energy-consuming companies.,1,MP-PN-2022-212,pn,2022,Accelerate the shift to cleaner energy within a framework that secures supply.,0.37,possible,0.19,"shared: framework, energy, heading: energija; same party; same subtopic (Renewables)",
MP-PN-2026-ENI-27,pn,2026,Create a framework of long-term clean-energy contracts for large energy-consuming companies.,2,MP-PN-2022-215,pn,2022,"Increase renewable capacity by investing, with private-sector involvement, in a large-scale deep-sea offshore wind farm.",0.27,weak,0.09,"shared: large, heading: energija; same party; same subtopic (Renewables)",
MP-PN-2026-ENI-27,pn,2026,Create a framework of long-term clean-energy contracts for large energy-consuming companies.,3,MP-PN-2022-214,pn,2022,Work to end the current Electrogas contracts and pass savings to households through cheaper bills and a 50% cut in meter charges for pensioners.,0.23,weak,0.09,"shared: contract, heading: energija; same party; same topic (Climate & Energy)",
MP-PN-2026-ENI-28,pn,2026,"Invest in electric bus depots, chargers and gradual conversion of the public bus fleet, and increase support for switching private cars to electric or hybrid.",1,MP-PN-2022-209,pn,2022,Speed up emission cuts by tackling the largest cause through a holistic programme for widespread electric-vehicle use and more public transport.,0.32,weak,0.18,shared: electric; same party; same topic (Transport),
MP-PN-2026-ENI-28,pn,2026,"Invest in electric bus depots, chargers and gradual conversion of the public bus fleet, and increase support for switching private cars to electric or hybrid.",2,MP-PN-2022-215,pn,2022,"Increase renewable capacity by investing, with private-sector involvement, in a large-scale deep-sea offshore wind farm.",0.26,weak,0.16,"shared: increase, private, heading: energija; same party; other topic",
MP-PN-2026-ENI-28,pn,2026,"Invest in electric bus depots, chargers and gradual conversion of the public bus fleet, and increase support for switching private cars to electric or hybrid.",3,MP-PL-2022-410,pl,2022,"Work with the private sector on a logistics model increasing use of electric or clean-fuel, such as hydrogen, heavy goods vehicles.",0.31,weak,0.27,"shared: electric, private; other party; same topic (Transport)",
MP-PN-2026-ENI-29,pn,2026,"Link stamp duty and other incentives to a building's Energy Performance Certificate rating, sustainable materials and passive design.",1,MP-PN-2022-221,pn,2022,Strengthen the Energy Performance Certificate by giving ESG-compliant developers tax credits for implementing EPC recommendations.,0.45,possible,0.31,"shared: certificate, performance, performance certificate, energy performance, energy; same party; same topic (Climate & Energy)",
MP-PN-2026-ENI-29,pn,2026,"Link stamp duty and other incentives to a building's Energy Performance Certificate rating, sustainable materials and passive design.",2,MP-PN-2022-198,pn,2022,"Offer incentives on investment, administrative costs and taxes to farmers who meet ESG criteria, to make farming more sustainable.",0.22,weak,0.12,"shared: sustainable, incentive; same party; other topic",
MP-PN-2026-ENI-29,pn,2026,"Link stamp duty and other incentives to a building's Energy Performance Certificate rating, sustainable materials and passive design.",3,MP-PN-2022-212,pn,2022,Accelerate the shift to cleaner energy within a framework that secures supply.,0.18,weak,0.04,"shared: energy, heading: energija; same party; same topic (Climate & Energy)",
MP-PN-2026-ENI-30,pn,2026,Cut the home electric-vehicle charging rate from 12.98c to the cheapest 10.47c rate.,1,MP-PN-2022-209,pn,2022,Speed up emission cuts by tackling the largest cause through a holistic programme for widespread electric-vehicle use and more public transport.,0.30,weak,0.20,"shared: vehicle, electric, electric vehicle; same party; other topic",
MP-PN-2026-ENI-30,pn,2026,Cut the home electric-vehicle charging rate from 12.98c to the cheapest 10.47c rate.,2,MP-PN-2022-214,pn,2022,Work to end the current Electrogas contracts and pass savings to households through cheaper bills and a 50% cut in meter charges for pensioners.,0.26,weak,0.08,"shared: cut, bills (concept), heading: energija; same party; same subtopic (Electricity & grid)",
MP-PN-2026-ENI-30,pn,2026,Cut the home electric-vehicle charging rate from 12.98c to the cheapest 10.47c rate.,3,MP-PN-2022-213,pn,2022,"Draw up an energy policy sourcing power from the cheapest, lowest-emission sources while keeping full control over where electricity is bought and over distribution rights.",0.25,weak,0.11,"shared: cheapest, heading: energija; same party; same topic (Climate & Energy)",
MP-PN-2026-ENI-31,pn,2026,Run a pilot project and targeted scheme to recharge groundwater by returning rainwater to the aquifer.,1,MP-PN-2022-195,pn,2022,Support farmers and herders with technical help and targeted incentives to invest more in technology and become more competitive.,0.30,weak,0.20,shared: targeted; same party; other topic,
MP-PN-2026-ENI-31,pn,2026,Run a pilot project and targeted scheme to recharge groundwater by returning rainwater to the aquifer.,2,MP-PN-2022-190,pn,2022,"Run a comprehensive programme and set up a new structure to manage Natura 2000 sites, keeping them for families and safe from commercial development.",0.19,weak,0.09,shared: run; same party; other topic,
MP-PN-2026-ENI-31,pn,2026,Run a pilot project and targeted scheme to recharge groundwater by returning rainwater to the aquifer.,3,MP-PN-2022-207,pn,2022,Redraft a plan for water conservation and effective water management.,0.18,weak,0.00,same party; same subtopic (Water supply & groundwater),
MP-PN-2026-ENI-31,pn,2026,Run a pilot project and targeted scheme to recharge groundwater by returning rainwater to the aquifer.,x,MP-ADPD-2022-WATER-01,adpd,2022,Store more rainwater.,0.37,possible,0.29,"shared: rainwater, reservoir (concept); other party; same subtopic (Water supply & groundwater)",
MP-PN-2026-ENI-32,pn,2026,Launch schemes encouraging small-scale greywater treatment and reuse in homes.,1,MP-PN-2022-215,pn,2022,"Increase renewable capacity by investing, with private-sector involvement, in a large-scale deep-sea offshore wind farm.",0.20,weak,0.10,shared: scale; same party; other topic,
MP-PN-2026-ENI-32,pn,2026,Launch schemes encouraging small-scale greywater treatment and reuse in homes.,2,MP-PN-2022-207,pn,2022,Redraft a plan for water conservation and effective water management.,0.18,weak,0.00,same party; same subtopic (Water supply & groundwater),
MP-PN-2026-ENI-32,pn,2026,Launch schemes encouraging small-scale greywater treatment and reuse in homes.,3,MP-PL-2022-392,pl,2022,Launch schemes to incentivise small-scale household grey-water treatment and reuse for irrigation and flushing.,0.64,strong,0.56,"shared: small, reuse, scale, treatment, treatment reuse; other party; same subtopic (Water supply & groundwater)",
MP-PN-2026-ENI-33,pn,2026,Install a network of solar-powered drinking-water fountains in squares and tourist spots to cut plastic use.,1,MP-PN-2022-207,pn,2022,Redraft a plan for water conservation and effective water management.,0.25,weak,0.07,shared: water; same party; same subtopic (Water supply & groundwater),
MP-PN-2026-ENI-33,pn,2026,Install a network of solar-powered drinking-water fountains in squares and tourist spots to cut plastic use.,2,MP-PN-2022-188,pn,2022,"Recreate open spaces: green lungs in towns, a strategy for family green areas, an agenda for growing woodlands, fountains and eco-parks.",0.20,weak,0.10,shared: fountain; same party; other topic,
MP-PN-2026-ENI-33,pn,2026,Install a network of solar-powered drinking-water fountains in squares and tourist spots to cut plastic use.,3,MP-PN-2022-214,pn,2022,Work to end the current Electrogas contracts and pass savings to households through cheaper bills and a 50% cut in meter charges for pensioners.,0.19,weak,0.09,"shared: cut, water; same party; other topic",
MP-PN-2026-GHAWDEX,pn,2026,"Draw up a clear, realistic plan for Gozo to become a net-zero island by 2040.",1,MP-PN-2022-179,pn,2022,"Take a clear stand against excessive development and in favour of conservation through legislation, policy and enforcement.",0.23,weak,0.13,shared: clear; same party; other topic,
MP-PN-2026-GHAWDEX,pn,2026,"Draw up a clear, realistic plan for Gozo to become a net-zero island by 2040.",2,MP-PN-2022-170,pn,2022,Set up an agency responsible for implementing the measures in the National Climate Change Strategy to reach the climate-neutrality target.,0.20,weak,0.02,shared: neutral (concept); same party; same subtopic (Emissions & targets),
MP-PN-2026-GHAWDEX,pn,2026,"Draw up a clear, realistic plan for Gozo to become a net-zero island by 2040.",3,MP-PN-2022-169,pn,2022,"Set a national target to make Malta climate-neutral as soon as possible, reaching at least 80% of that target by 2030.",0.20,weak,0.02,shared: neutral (concept); same party; same subtopic (Emissions & targets),
