freq,indic_de,geo,time,value,flag,dataset,updated,retrieved
A,JAN,AD,1990,50887,,demo_gind,2026-09-30T23:00:00+0200,2026-10-06
A,JAN,AD,1991,54507,,demo_gind,2026-09-30T23:00:00+0200,2026-10-06
A,JAN,AD,1992,59048,,demo_gind,2026-09-30T23:00:00+0200,2026-10-06
A,JAN,AD,1993,61599,,demo_gind,2026-09-30T23:00:00+0200,2026-10-06
A,JAN,AD,1994,65226,,demo_gind,2026-09-30T23:00:00+0200,2026-10-06
A,JAN,AD,1995,64311,,demo_gind,2026-09-30T23:00:00+0200,2026-10-06
A,JAN,AD,1996,63859,,demo_gind,2026-09-30T23:00:00+0200,2026-10-06
A,JAN,AD,1997,64479,,demo_gind,2026-09-30T23:00:00+0200,2026-10-06
A,JAN,AD,1998,65306,,demo_gind,2026-09-30T23:00:00+0200,2026-10-06
A,JAN,AD,1999,65877,,demo_gind,2026-09-30T23:00:00+0200,2026-10-06
A,JAN,AD,2000,65971,,demo_gind,2026-09-30T23:00:00+0200,2026-10-06
A,JAN,AD,2001,65844,,demo_gind,2026-09-30T23:00:00+0200,2026-10-06
A,JAN,AD,2002,66334,,demo_gind,2026-09-30T23:00:00+0200,2026-10-06
A,JAN,AD,2003,67159,,demo_gind,2026-09-30T23:00:00+0200,2026-10-06
A,JAN,AD,2004,72320,,demo_gind,2026-09-30T23:00:00+0200,2026-10-06
A,JAN,AD,2005,76875,,demo_gind,2026-09-30T23:00:00+0200,2026-10-06
A,JAN,AD,2006,78549,,demo_gind,2026-09-30T23:00:00+0200,2026-10-06
A,JAN,AD,2007,81222,,demo_gind,2026-09-30T23:00:00+0200,2026-10-06
A,JAN,AD,2008,83137,,demo_gind,2026-09-30T23:00:00+0200,2026-10-06
A,JAN,AD,2009,84484,,demo_gind,2026-09-30T23:00:00+0200,2026-10-06
A,JAN,AD,2010,84082,,demo_gind,2026-09-30T23:00:00+0200,2026-10-06
A,JAN,AD,2011,78115,b,demo_gind,2026-09-30T23:00:00+0200,2026-10-06
A,JAN,AD,2012,78115,,demo_gind,2026-09-30T23:00:00+0200,2026-10-06
A,JAN,AD,2013,76246,,demo_gind,2026-09-30T23:00:00+0200,2026-10-06
A,JAN,AD,2016,71732,,demo_gind,2026-09-30T23:00:00+0200,2026-10-06
A,JAN,AD,2018,74794,e,demo_gind,2026-09-30T23:00:00+0200,2026-10-06
A,JAN,AD,2019,76177,,demo_gind,2026-09-30T23:00:00+0200,2026-10-06
A,JAN,AD,2020,77543,e,demo_gind,2026-09-30T23:00:00+0200,2026-10-06
A,JAN,AD,2022,79535,,demo_gind,2026-09-30T23:00:00+0200,2026-10-06
A,JAN,AD,2023,81588,,demo_gind,2026-09-30T23:00:00+0200,2026-10-06
A,JAN,AD,2024,85101,,demo_gind,2026-09-30T23:00:00+0200,2026-10-06
A,JAN,AD,2026,89058,,demo_gind,2026-09-30T23:00:00+0200,2026-10-06
A,JAN,AL,1990,3254541,,demo_gind,2026-09-30T23:00:00+0200,2026-10-06
A,JAN,AL,1991,3279039,,demo_gind,2026-09-30T23:00:00+0200,2026-10-06
A,JAN,AL,1992,3215038,,demo_gind,2026-09-30T23:00:00+0200,2026-10-06
A,JAN,AL,1993,3239536,,demo_gind,2026-09-30T23:00:00+0200,2026-10-06
A,JAN,AL,1994,3175535,,demo_gind,2026-09-30T23:00:00+0200,2026-10-06
A,JAN,AL,1995,3200033,,demo_gind,2026-09-30T23:00:00+0200,2026-10-06
A,JAN,AL,1996,3136032,,demo_gind,2026-09-30T23:00:00+0200,2026-10-06
A,JAN,AL,1997,3160530,,demo_gind,2026-09-30T23:00:00+0200,2026-10-06
A,JAN,AL,1998,3096529,,demo_gind,2026-09-30T23:00:00+0200,2026-10-06
A,JAN,AL,1999,3121027,,demo_gind,2026-09-30T23:00:00+0200,2026-10-06
A,JAN,AL,2000,3057026,,demo_gind,2026-09-30T23:00:00+0200,2026-10-06
A,JAN,AL,2001,3063320,,demo_gind,2026-09-30T23:00:00+0200,2026-10-06
A,JAN,AL,2002,3057018,,demo_gind,2026-09-30T23:00:00+0200,2026-10-06
A,JAN,AL,2003,3044993,,demo_gind,2026-09-30T23:00:00+0200,2026-10-06
A,JAN,AL,2004,3034231,,demo_gind,2026-09-30T23:00:00+0200,2026-10-06
A,JAN,AL,2005,3019634,,demo_gind,2026-09-30T23:00:00+0200,2026-10-06
A,JAN,AL,2006,3003329,,demo_gind,2026-09-30T23:00:00+0200,2026-10-06
A,JAN,AL,2007,2981755,,demo_gind,2026-09-30T23:00:00+0200,2026-10-06
A,JAN,AL,2008,2958266,,demo_gind,2026-09-30T23:00:00+0200,2026-10-06
A,JAN,AL,2009,2936355,,demo_gind,2026-09-30T23:00:00+0200,2026-10-06
A,JAN,AL,2010,2918674,,demo_gind,2026-09-30T23:00:00+0200,2026-10-06
A,JAN,AL,2011,2907361,,demo_gind,2026-09-30T23:00:00+0200,2026-10-06
A,JAN,AL,2012,2903008,,demo_gind,2026-09-30T23:00:00+0200,2026-10-06
A,JAN,AL,2013,2897770,,demo_gind,2026-09-30T23:00:00+0200,2026-10-06
A,JAN,AL,2014,2892394,,demo_gind,2026-09-30T23:00:00+0200,2026-10-06
A,JAN,AL,2015,2885796,,demo_gind,2026-09-30T23:00:00+0200,2026-10-06
A,JAN,AL,2016,2875592,,demo_gind,2026-09-30T23:00:00+0200,2026-10-06
A,JAN,AL,2017,2876591,,demo_gind,2026-09-30T23:00:00+0200,2026-10-06
A,JAN,AL,2018,2870324,,demo_gind,2026-09-30T23:00:00+0200,2026-10-06
A,JAN,AL,2019,2862427,,demo_gind,2026-09-30T23:00:00+0200,2026-10-06
A,JAN,AL,2020,2845955,,demo_gind,2026-09-30T23:00:00+0200,2026-10-06
A,JAN,AL,2021,2829741,,demo_gind,2026-09-30T23:00:00+0200,2026-10-06
A,JAN,AL,2022,2793592,,demo_gind,2026-09-30T23:00:00+0200,2026-10-06
A,JAN,AL,2023,2761785,,demo_gind,2026-09-30T23:00:00+0200,2026-10-06
A,JAN,AL,2024,2390942,,demo_gind,2026-09-30T23:00:00+0200,2026-10-06
A,JAN,AL,2025,2363314,,demo_gind,2026-09-30T23:00:00+0200,2026-10-06
A,JAN,AL,2026,2335930,,demo_gind,2026-09-30T23:00:00+0200,2026-10-06
A,JAN,AM,1996,3248800,,demo_gind,2026-09-30T23:00:00+0200,2026-10-06
A,JAN,AM,1997,3246000,,demo_gind,2026-09-30T23:00:00+0200,2026-10-06
A,JAN,AM,1998,3238200,,demo_gind,2026-09-30T23:00:00+0200,2026-10-06
A,JAN,AM,1999,3232100,,demo_gind,2026-09-30T23:00:00+0200,2026-10-06
A,JAN,AM,2000,3226900,,demo_gind,2026-09-30T23:00:00+0200,2026-10-06
A,JAN,AM,2001,3215300,,demo_gind,2026-09-30T23:00:00+0200,2026-10-06
A,JAN,AM,2002,3212900,,demo_gind,2026-09-30T23:00:00+0200,2026-10-06
A,JAN,AM,2003,3210300,,demo_gind,2026-09-30T23:00:00+0200,2026-10-06
A,JAN,AM,2004,3212200,,demo_gind,2026-09-30T23:00:00+0200,2026-10-06
A,JAN,AM,2005,3215800,,demo_gind,2026-09-30T23:00:00+0200,2026-10-06
A,JAN,AM,2006,3219234,,demo_gind,2026-09-30T23:00:00+0200,2026-10-06
A,JAN,AM,2007,3222953,,demo_gind,2026-09-30T23:00:00+0200,2026-10-06
A,JAN,AM,2008,3230086,,demo_gind,2026-09-30T23:00:00+0200,2026-10-06
A,JAN,AM,2009,3237976,,demo_gind,2026-09-30T23:00:00+0200,2026-10-06
A,JAN,AM,2010,3249482,,demo_gind,2026-09-30T23:00:00+0200,2026-10-06
A,JAN,AM,2011,3262650,,demo_gind,2026-09-30T23:00:00+0200,2026-10-06
A,JAN,AM,2012,3274285,,demo_gind,2026-09-30T23:00:00+0200,2026-10-06
A,JAN,AM,2013,3026878,,demo_gind,2026-09-30T23:00:00+0200,2026-10-06
A,JAN,AM,2014,3017079,,demo_gind,2026-09-30T23:00:00+0200,2026-10-06
A,JAN,AM,2015,3010598,,demo_gind,2026-09-30T23:00:00+0200,2026-10-06
A,JAN,AM,2016,2998577,,demo_gind,2026-09-30T23:00:00+0200,2026-10-06
A,JAN,AM,2017,2986151,,demo_gind,2026-09-30T23:00:00+0200,2026-10-06
A,JAN,AM,2018,2972732,,demo_gind,2026-09-30T23:00:00+0200,2026-10-06
A,JAN,AM,2019,2965269,,demo_gind,2026-09-30T23:00:00+0200,2026-10-06
A,JAN,AM,2020,2959694,,demo_gind,2026-09-30T23:00:00+0200,2026-10-06
A,JAN,AM,2021,2963251,,demo_gind,2026-09-30T23:00:00+0200,2026-10-06
A,JAN,AM,2023,2977130,,demo_gind,2026-09-30T23:00:00+0200,2026-10-06
A,JAN,AM,2024,2991201,,demo_gind,2026-09-30T23:00:00+0200,2026-10-06
A,JAN,AM,2025,3076252,,demo_gind,2026-09-30T23:00:00+0200,2026-10-06
A,JAN,AM,2026,3096896,,demo_gind,2026-09-30T23:00:00+0200,2026-10-06
A,JAN,AT,1990,7644818,,demo_gind,2026-09-30T23:00:00+0200,2026-10-06
A,JAN,AT,1991,7710882,,demo_gind,2026-09-30T23:00:00+0200,2026-10-06
A,JAN,AT,1992,7798899,,demo_gind,2026-09-30T23:00:00+0200,2026-10-06
A,JAN,AT,1993,7882519,,demo_gind,2026-09-30T23:00:00+0200,2026-10-06
A,JAN,AT,1994,7928746,,demo_gind,2026-09-30T23:00:00+0200,2026-10-06
A,JAN,AT,1995,7943489,,demo_gind,2026-09-30T23:00:00+0200,2026-10-06
A,JAN,AT,1996,7953067,,demo_gind,2026-09-30T23:00:00+0200,2026-10-06
A,JAN,AT,1997,7964966,,demo_gind,2026-09-30T23:00:00+0200,2026-10-06
A,JAN,AT,1998,7971116,,demo_gind,2026-09-30T23:00:00+0200,2026-10-06
A,JAN,AT,1999,7982461,,demo_gind,2026-09-30T23:00:00+0200,2026-10-06
A,JAN,AT,2000,8002186,,demo_gind,2026-09-30T23:00:00+0200,2026-10-06
A,JAN,AT,2001,8020946,,demo_gind,2026-09-30T23:00:00+0200,2026-10-06
A,JAN,AT,2002,8063640,,demo_gind,2026-09-30T23:00:00+0200,2026-10-06
A,JAN,AT,2003,8100273,,demo_gind,2026-09-30T23:00:00+0200,2026-10-06
A,JAN,AT,2004,8142573,,demo_gind,2026-09-30T23:00:00+0200,2026-10-06
A,JAN,AT,2005,8201359,,demo_gind,2026-09-30T23:00:00+0200,2026-10-06
A,JAN,AT,2006,8254298,,demo_gind,2026-09-30T23:00:00+0200,2026-10-06
A,JAN,AT,2007,8282984,,demo_gind,2026-09-30T23:00:00+0200,2026-10-06
A,JAN,AT,2008,8307989,,demo_gind,2026-09-30T23:00:00+0200,2026-10-06
A,JAN,AT,2009,8335003,,demo_gind,2026-09-30T23:00:00+0200,2026-10-06
A,JAN,AT,2010,8351643,,demo_gind,2026-09-30T23:00:00+0200,2026-10-06
A,JAN,AT,2011,8375164,,demo_gind,2026-09-30T23:00:00+0200,2026-10-06
A,JAN,AT,2012,8408121,,demo_gind,2026-09-30T23:00:00+0200,2026-10-06
A,JAN,AT,2013,8451860,,demo_gind,2026-09-30T23:00:00+0200,2026-10-06
A,JAN,AT,2014,8507786,,demo_gind,2026-09-30T23:00:00+0200,2026-10-06
A,JAN,AT,2015,8584926,,demo_gind,2026-09-30T23:00:00+0200,2026-10-06
A,JAN,AT,2016,8700471,,demo_gind,2026-09-30T23:00:00+0200,2026-10-06
A,JAN,AT,2017,8772865,,demo_gind,2026-09-30T23:00:00+0200,2026-10-06
A,JAN,AT,2018,8822267,,demo_gind,2026-09-30T23:00:00+0200,2026-10-06
A,JAN,AT,2019,8858775,,demo_gind,2026-09-30T23:00:00+0200,2026-10-06
A,JAN,AT,2020,8901064,,demo_gind,2026-09-30T23:00:00+0200,2026-10-06
A,JAN,AT,2021,8932664,,demo_gind,2026-09-30T23:00:00+0200,2026-10-06
A,JAN,AT,2022,8978929,,demo_gind,2026-09-30T23:00:00+0200,2026-10-06
A,JAN,AT,2023,9104772,,demo_gind,2026-09-30T23:00:00+0200,2026-10-06
A,JAN,AT,2024,9158750,,demo_gind,2026-09-30T23:00:00+0200,2026-10-06
A,JAN,AT,2025,9197213,,demo_gind,2026-09-30T23:00:00+0200,2026-10-06
A,JAN,AT,2026,9215956,,demo_gind,2026-09-30T23:00:00+0200,2026-10-06
A,JAN,AZ,1996,7726200,,demo_gind,2026-09-30T23:00:00+0200,2026-10-06
A,JAN,AZ,1997,7799800,,demo_gind,2026-09-30T23:00:00+0200,2026-10-06
A,JAN,AZ,1998,7876700,,demo_gind,2026-09-30T23:00:00+0200,2026-10-06
A,JAN,AZ,1999,7949300,,demo_gind,2026-09-30T23:00:00+0200,2026-10-06
A,JAN,AZ,2000,8016200,,demo_gind,2026-09-30T23:00:00+0200,2026-10-06
A,JAN,AZ,2001,8081000,,demo_gind,2026-09-30T23:00:00+0200,2026-10-06
A,JAN,AZ,2002,8141400,,demo_gind,2026-09-30T23:00:00+0200,2026-10-06
A,JAN,AZ,2003,8202500,,demo_gind,2026-09-30T23:00:00+0200,2026-10-06
A,JAN,AZ,2004,8265700,,demo_gind,2026-09-30T23:00:00+0200,2026-10-06
A,JAN,AZ,2005,8347300,,demo_gind,2026-09-30T23:00:00+0200,2026-10-06
A,JAN,AZ,2006,8436400,,demo_gind,2026-09-30T23:00:00+0200,2026-10-06
A,JAN,AZ,2007,8532700,,demo_gind,2026-09-30T23:00:00+0200,2026-10-06
A,JAN,AZ,2008,8629900,,demo_gind,2026-09-30T23:00:00+0200,2026-10-06
A,JAN,AZ,2009,8896900,,demo_gind,2026-09-30T23:00:00+0200,2026-10-06
A,JAN,AZ,2010,8997586,,demo_gind,2026-09-30T23:00:00+0200,2026-10-06
A,JAN,AZ,2011,9111078,,demo_gind,2026-09-30T23:00:00+0200,2026-10-06
A,JAN,AZ,2012,9235085,,demo_gind,2026-09-30T23:00:00+0200,2026-10-06
A,JAN,AZ,2013,9356483,,demo_gind,2026-09-30T23:00:00+0200,2026-10-06
A,JAN,AZ,2014,9477119,,demo_gind,2026-09-30T23:00:00+0200,2026-10-06
A,JAN,AZ,2015,9593038,,demo_gind,2026-09-30T23:00:00+0200,2026-10-06
A,JAN,AZ,2016,9705643,,demo_gind,2026-09-30T23:00:00+0200,2026-10-06
A,JAN,AZ,2017,9809981,,demo_gind,2026-09-30T23:00:00+0200,2026-10-06
A,JAN,AZ,2018,9898085,,demo_gind,2026-09-30T23:00:00+0200,2026-10-06
A,JAN,AZ,2019,9981457,,demo_gind,2026-09-30T23:00:00+0200,2026-10-06
A,JAN,AZ,2020,10067108,,demo_gind,2026-09-30T23:00:00+0200,2026-10-06
A,JAN,AZ,2021,10119133,,demo_gind,2026-09-30T23:00:00+0200,2026-10-06
A,JAN,AZ,2022,10156366,,demo_gind,2026-09-30T23:00:00+0200,2026-10-06
A,JAN,AZ,2023,10127145,,demo_gind,2026-09-30T23:00:00+0200,2026-10-06
A,JAN,AZ,2024,10180770,,demo_gind,2026-09-30T23:00:00+0200,2026-10-06
A,JAN,AZ,2025,10224889,,demo_gind,2026-09-30T23:00:00+0200,2026-10-06
A,JAN,AZ,2026,10262351,,demo_gind,2026-09-30T23:00:00+0200,2026-10-06
A,JAN,BA,1990,4499203,,demo_gind,2026-09-30T23:00:00+0200,2026-10-06
A,JAN,BA,1991,4517921,,demo_gind,2026-09-30T23:00:00+0200,2026-10-06
A,JAN,BA,1992,4386200,,demo_gind,2026-09-30T23:00:00+0200,2026-10-06
A,JAN,BA,1993,4254400,,demo_gind,2026-09-30T23:00:00+0200,2026-10-06
A,JAN,BA,1994,4122700,,demo_gind,2026-09-30T23:00:00+0200,2026-10-06
A,JAN,BA,1995,3990900,,demo_gind,2026-09-30T23:00:00+0200,2026-10-06
A,JAN,BA,1996,3859200,,demo_gind,2026-09-30T23:00:00+0200,2026-10-06
A,JAN,BA,1997,3727439,e,demo_gind,2026-09-30T23:00:00+0200,2026-10-06
A,JAN,BA,1998,3549736,e,demo_gind,2026-09-30T23:00:00+0200,2026-10-06
A,JAN,BA,1999,3689018,e,demo_gind,2026-09-30T23:00:00+0200,2026-10-06
A,JAN,BA,2000,3753085,e,demo_gind,2026-09-30T23:00:00+0200,2026-10-06
A,JAN,BA,2001,3789717,e,demo_gind,2026-09-30T23:00:00+0200,2026-10-06
A,JAN,BA,2002,3813167,e,demo_gind,2026-09-30T23:00:00+0200,2026-10-06
A,JAN,BA,2003,3830349,e,demo_gind,2026-09-30T23:00:00+0200,2026-10-06
A,JAN,BA,2004,3837414,e,demo_gind,2026-09-30T23:00:00+0200,2026-10-06
A,JAN,BA,2005,3842532,e,demo_gind,2026-09-30T23:00:00+0200,2026-10-06
A,JAN,BA,2006,3842650,,demo_gind,2026-09-30T23:00:00+0200,2026-10-06
A,JAN,BA,2007,3844017,,demo_gind,2026-09-30T23:00:00+0200,2026-10-06
A,JAN,BA,2008,3843846,,demo_gind,2026-09-30T23:00:00+0200,2026-10-06
A,JAN,BA,2009,3843998,,demo_gind,2026-09-30T23:00:00+0200,2026-10-06
A,JAN,BA,2010,3844046,,demo_gind,2026-09-30T23:00:00+0200,2026-10-06
A,JAN,BA,2011,3843183,,demo_gind,2026-09-30T23:00:00+0200,2026-10-06
A,JAN,BA,2012,3839265,,demo_gind,2026-09-30T23:00:00+0200,2026-10-06
A,JAN,BA,2013,3835645,,demo_gind,2026-09-30T23:00:00+0200,2026-10-06
A,JAN,BA,2014,3830911,,demo_gind,2026-09-30T23:00:00+0200,2026-10-06
A,JAN,BA,2015,3825334,,demo_gind,2026-09-30T23:00:00+0200,2026-10-06
A,JAN,BA,2016,3515982,,demo_gind,2026-09-30T23:00:00+0200,2026-10-06
A,JAN,BA,2017,3509728,,demo_gind,2026-09-30T23:00:00+0200,2026-10-06
A,JAN,BA,2018,3500295,,demo_gind,2026-09-30T23:00:00+0200,2026-10-06
A,JAN,BA,2019,3492018,p,demo_gind,2026-09-30T23:00:00+0200,2026-10-06
A,JAN,BA,2022,3464384,p,demo_gind,2026-09-30T23:00:00+0200,2026-10-06
A,JAN,BA,2023,3441194,p,demo_gind,2026-09-30T23:00:00+0200,2026-10-06
A,JAN,BA,2024,3417089,p,demo_gind,2026-09-30T23:00:00+0200,2026-10-06
A,JAN,BA,2025,3407179,p,demo_gind,2026-09-30T23:00:00+0200,2026-10-06
A,JAN,BA,2026,3396134,p,demo_gind,2026-09-30T23:00:00+0200,2026-10-06
A,JAN,BE,1990,9947782,,demo_gind,2026-09-30T23:00:00+0200,2026-10-06
A,JAN,BE,1991,9986975,,demo_gind,2026-09-30T23:00:00+0200,2026-10-06
A,JAN,BE,1992,10021997,,demo_gind,2026-09-30T23:00:00+0200,2026-10-06
A,JAN,BE,1993,10068319,,demo_gind,2026-09-30T23:00:00+0200,2026-10-06
A,JAN,BE,1994,10100631,,demo_gind,2026-09-30T23:00:00+0200,2026-10-06
A,JAN,BE,1995,10130574,,demo_gind,2026-09-30T23:00:00+0200,2026-10-06
A,JAN,BE,1996,10143047,,demo_gind,2026-09-30T23:00:00+0200,2026-10-06
A,JAN,BE,1997,10170226,,demo_gind,2026-09-30T23:00:00+0200,2026-10-06
A,JAN,BE,1998,10192264,,demo_gind,2026-09-30T23:00:00+0200,2026-10-06
A,JAN,BE,1999,10213752,,demo_gind,2026-09-30T23:00:00+0200,2026-10-06
A,JAN,BE,2000,10239085,,demo_gind,2026-09-30T23:00:00+0200,2026-10-06
A,JAN,BE,2001,10263414,,demo_gind,2026-09-30T23:00:00+0200,2026-10-06
A,JAN,BE,2002,10309725,,demo_gind,2026-09-30T23:00:00+0200,2026-10-06
A,JAN,BE,2003,10355844,,demo_gind,2026-09-30T23:00:00+0200,2026-10-06
A,JAN,BE,2004,10396421,,demo_gind,2026-09-30T23:00:00+0200,2026-10-06
A,JAN,BE,2005,10445852,,demo_gind,2026-09-30T23:00:00+0200,2026-10-06
A,JAN,BE,2006,10511382,,demo_gind,2026-09-30T23:00:00+0200,2026-10-06
A,JAN,BE,2007,10584534,,demo_gind,2026-09-30T23:00:00+0200,2026-10-06
A,JAN,BE,2008,10666866,,demo_gind,2026-09-30T23:00:00+0200,2026-10-06
A,JAN,BE,2009,10753080,,demo_gind,2026-09-30T23:00:00+0200,2026-10-06
A,JAN,BE,2010,10839905,,demo_gind,2026-09-30T23:00:00+0200,2026-10-06
A,JAN,BE,2011,11000638,b,demo_gind,2026-09-30T23:00:00+0200,2026-10-06
A,JAN,BE,2012,11075889,b,demo_gind,2026-09-30T23:00:00+0200,2026-10-06
A,JAN,BE,2013,11137974,,demo_gind,2026-09-30T23:00:00+0200,2026-10-06
A,JAN,BE,2014,11180840,b,demo_gind,2026-09-30T23:00:00+0200,2026-10-06
A,JAN,BE,2015,11237274,,demo_gind,2026-09-30T23:00:00+0200,2026-10-06
A,JAN,BE,2016,11311117,,demo_gind,2026-09-30T23:00:00+0200,2026-10-06
A,JAN,BE,2017,11351727,,demo_gind,2026-09-30T23:00:00+0200,2026-10-06
A,JAN,BE,2018,11398589,,demo_gind,2026-09-30T23:00:00+0200,2026-10-06
A,JAN,BE,2019,11455519,,demo_gind,2026-09-30T23:00:00+0200,2026-10-06
A,JAN,BE,2020,11522440,,demo_gind,2026-09-30T23:00:00+0200,2026-10-06
A,JAN,BE,2021,11554767,,demo_gind,2026-09-30T23:00:00+0200,2026-10-06
A,JAN,BE,2022,11617623,,demo_gind,2026-09-30T23:00:00+0200,2026-10-06
A,JAN,BE,2023,11742796,,demo_gind,2026-09-30T23:00:00+0200,2026-10-06
A,JAN,BE,2024,11817096,,demo_gind,2026-09-30T23:00:00+0200,2026-10-06
A,JAN,BE,2025,11883495,,demo_gind,2026-09-30T23:00:00+0200,2026-10-06
A,JAN,BE,2026,11955308,p,demo_gind,2026-09-30T23:00:00+0200,2026-10-06
A,JAN,BG,1990,8767308,,demo_gind,2026-09-30T23:00:00+0200,2026-10-06
A,JAN,BG,1991,8669269,,demo_gind,2026-09-30T23:00:00+0200,2026-10-06
A,JAN,BG,1992,8595465,,demo_gind,2026-09-30T23:00:00+0200,2026-10-06
A,JAN,BG,1993,8484863,,demo_gind,2026-09-30T23:00:00+0200,2026-10-06
A,JAN,BG,1994,8459763,,demo_gind,2026-09-30T23:00:00+0200,2026-10-06
A,JAN,BG,1995,8427418,,demo_gind,2026-09-30T23:00:00+0200,2026-10-06
A,JAN,BG,1996,8384715,,demo_gind,2026-09-30T23:00:00+0200,2026-10-06
A,JAN,BG,1997,8340936,,demo_gind,2026-09-30T23:00:00+0200,2026-10-06
A,JAN,BG,1998,8283200,,demo_gind,2026-09-30T23:00:00+0200,2026-10-06
A,JAN,BG,1999,8230371,,demo_gind,2026-09-30T23:00:00+0200,2026-10-06
A,JAN,BG,2000,8190876,,demo_gind,2026-09-30T23:00:00+0200,2026-10-06
A,JAN,BG,2001,8149468,,demo_gind,2026-09-30T23:00:00+0200,2026-10-06
A,JAN,BG,2002,7868815,,demo_gind,2026-09-30T23:00:00+0200,2026-10-06
A,JAN,BG,2003,7805506,,demo_gind,2026-09-30T23:00:00+0200,2026-10-06
A,JAN,BG,2004,7745147,,demo_gind,2026-09-30T23:00:00+0200,2026-10-06
A,JAN,BG,2005,7688573,,demo_gind,2026-09-30T23:00:00+0200,2026-10-06
A,JAN,BG,2006,7629371,,demo_gind,2026-09-30T23:00:00+0200,2026-10-06
A,JAN,BG,2007,7572673,,demo_gind,2026-09-30T23:00:00+0200,2026-10-06
A,JAN,BG,2008,7518002,,demo_gind,2026-09-30T23:00:00+0200,2026-10-06
A,JAN,BG,2009,7467119,,demo_gind,2026-09-30T23:00:00+0200,2026-10-06
A,JAN,BG,2010,7421766,,demo_gind,2026-09-30T23:00:00+0200,2026-10-06
A,JAN,BG,2011,7369431,,demo_gind,2026-09-30T23:00:00+0200,2026-10-06
A,JAN,BG,2012,7327224,,demo_gind,2026-09-30T23:00:00+0200,2026-10-06
A,JAN,BG,2013,7202556,,demo_gind,2026-09-30T23:00:00+0200,2026-10-06
A,JAN,BG,2014,7117453,,demo_gind,2026-09-30T23:00:00+0200,2026-10-06
A,JAN,BG,2015,7029690,,demo_gind,2026-09-30T23:00:00+0200,2026-10-06
A,JAN,BG,2016,6938759,,demo_gind,2026-09-30T23:00:00+0200,2026-10-06
A,JAN,BG,2017,6849518,,demo_gind,2026-09-30T23:00:00+0200,2026-10-06
A,JAN,BG,2018,6757418,,demo_gind,2026-09-30T23:00:00+0200,2026-10-06
A,JAN,BG,2019,6664177,,demo_gind,2026-09-30T23:00:00+0200,2026-10-06
A,JAN,BG,2020,6569275,,demo_gind,2026-09-30T23:00:00+0200,2026-10-06
A,JAN,BG,2021,6532117,,demo_gind,2026-09-30T23:00:00+0200,2026-10-06
A,JAN,BG,2022,6482484,,demo_gind,2026-09-30T23:00:00+0200,2026-10-06
A,JAN,BG,2023,6447710,,demo_gind,2026-09-30T23:00:00+0200,2026-10-06
A,JAN,BG,2024,6445481,,demo_gind,2026-09-30T23:00:00+0200,2026-10-06
A,JAN,BG,2025,6437360,,demo_gind,2026-09-30T23:00:00+0200,2026-10-06
A,JAN,BG,2026,6423207,,demo_gind,2026-09-30T23:00:00+0200,2026-10-06
A,JAN,BY,1996,10177258,,demo_gind,2026-09-30T23:00:00+0200,2026-10-06
A,JAN,BY,1997,10141880,,demo_gind,2026-09-30T23:00:00+0200,2026-10-06
A,JAN,BY,1998,10092986,,demo_gind,2026-09-30T23:00:00+0200,2026-10-06
A,JAN,BY,1999,10045237,,demo_gind,2026-09-30T23:00:00+0200,2026-10-06
A,JAN,BY,2000,10019480,,demo_gind,2026-09-30T23:00:00+0200,2026-10-06
A,JAN,BY,2001,9990435,,demo_gind,2026-09-30T23:00:00+0200,2026-10-06
A,JAN,BY,2002,9950941,,demo_gind,2026-09-30T23:00:00+0200,2026-10-06
A,JAN,BY,2003,9898590,,demo_gind,2026-09-30T23:00:00+0200,2026-10-06
A,JAN,BY,2004,9849062,,demo_gind,2026-09-30T23:00:00+0200,2026-10-06
A,JAN,BY,2005,9800073,,demo_gind,2026-09-30T23:00:00+0200,2026-10-06
A,JAN,BY,2006,9750540,,demo_gind,2026-09-30T23:00:00+0200,2026-10-06
A,JAN,BY,2007,9714461,,demo_gind,2026-09-30T23:00:00+0200,2026-10-06
A,JAN,BY,2008,9689770,,demo_gind,2026-09-30T23:00:00+0200,2026-10-06
A,JAN,BY,2009,9671912,,demo_gind,2026-09-30T23:00:00+0200,2026-10-06
A,JAN,BY,2010,9480178,,demo_gind,2026-09-30T23:00:00+0200,2026-10-06
A,JAN,BY,2011,9481193,,demo_gind,2026-09-30T23:00:00+0200,2026-10-06
A,JAN,BY,2012,9465150,,demo_gind,2026-09-30T23:00:00+0200,2026-10-06
A,JAN,BY,2013,9463840,,demo_gind,2026-09-30T23:00:00+0200,2026-10-06
A,JAN,BY,2014,9468154,,demo_gind,2026-09-30T23:00:00+0200,2026-10-06
A,JAN,BY,2015,9480868,e,demo_gind,2026-09-30T23:00:00+0200,2026-10-06
A,JAN,BY,2016,9498364,,demo_gind,2026-09-30T23:00:00+0200,2026-10-06
A,JAN,BY,2017,9504704,,demo_gind,2026-09-30T23:00:00+0200,2026-10-06
A,JAN,BY,2018,9491823,,demo_gind,2026-09-30T23:00:00+0200,2026-10-06
A,JAN,BY,2019,9475174,,demo_gind,2026-09-30T23:00:00+0200,2026-10-06
A,JAN,BY,2020,9408350,,demo_gind,2026-09-30T23:00:00+0200,2026-10-06
A,JAN,CH,1990,6673850,,demo_gind,2026-09-30T23:00:00+0200,2026-10-06
A,JAN,CH,1991,6757188,,demo_gind,2026-09-30T23:00:00+0200,2026-10-06
A,JAN,CH,1992,6842768,,demo_gind,2026-09-30T23:00:00+0200,2026-10-06
A,JAN,CH,1993,6907959,,demo_gind,2026-09-30T23:00:00+0200,2026-10-06
A,JAN,CH,1994,6968570,,demo_gind,2026-09-30T23:00:00+0200,2026-10-06
A,JAN,CH,1995,7019019,,demo_gind,2026-09-30T23:00:00+0200,2026-10-06
A,JAN,CH,1996,7062354,,demo_gind,2026-09-30T23:00:00+0200,2026-10-06
A,JAN,CH,1997,7081346,,demo_gind,2026-09-30T23:00:00+0200,2026-10-06
A,JAN,CH,1998,7096465,,demo_gind,2026-09-30T23:00:00+0200,2026-10-06
A,JAN,CH,1999,7123537,,demo_gind,2026-09-30T23:00:00+0200,2026-10-06
A,JAN,CH,2000,7164444,,demo_gind,2026-09-30T23:00:00+0200,2026-10-06
A,JAN,CH,2001,7204055,,demo_gind,2026-09-30T23:00:00+0200,2026-10-06
A,JAN,CH,2002,7255653,,demo_gind,2026-09-30T23:00:00+0200,2026-10-06
A,JAN,CH,2003,7313853,,demo_gind,2026-09-30T23:00:00+0200,2026-10-06
A,JAN,CH,2004,7364148,,demo_gind,2026-09-30T23:00:00+0200,2026-10-06
A,JAN,CH,2005,7415102,,demo_gind,2026-09-30T23:00:00+0200,2026-10-06
A,JAN,CH,2006,7459128,,demo_gind,2026-09-30T23:00:00+0200,2026-10-06
A,JAN,CH,2007,7508739,,demo_gind,2026-09-30T23:00:00+0200,2026-10-06
A,JAN,CH,2008,7593494,,demo_gind,2026-09-30T23:00:00+0200,2026-10-06
A,JAN,CH,2009,7701856,,demo_gind,2026-09-30T23:00:00+0200,2026-10-06
A,JAN,CH,2010,7785806,,demo_gind,2026-09-30T23:00:00+0200,2026-10-06
A,JAN,CH,2011,7870134,b,demo_gind,2026-09-30T23:00:00+0200,2026-10-06
A,JAN,CH,2012,7954662,,demo_gind,2026-09-30T23:00:00+0200,2026-10-06
A,JAN,CH,2013,8039060,,demo_gind,2026-09-30T23:00:00+0200,2026-10-06
A,JAN,CH,2014,8139631,,demo_gind,2026-09-30T23:00:00+0200,2026-10-06
A,JAN,CH,2015,8237666,,demo_gind,2026-09-30T23:00:00+0200,2026-10-06
A,JAN,CH,2016,8327126,,demo_gind,2026-09-30T23:00:00+0200,2026-10-06
A,JAN,CH,2017,8419550,,demo_gind,2026-09-30T23:00:00+0200,2026-10-06
A,JAN,CH,2018,8484130,,demo_gind,2026-09-30T23:00:00+0200,2026-10-06
A,JAN,CH,2019,8544527,,demo_gind,2026-09-30T23:00:00+0200,2026-10-06
A,JAN,CH,2020,8606033,,demo_gind,2026-09-30T23:00:00+0200,2026-10-06
A,JAN,CH,2021,8670300,,demo_gind,2026-09-30T23:00:00+0200,2026-10-06
A,JAN,CH,2022,8738791,,demo_gind,2026-09-30T23:00:00+0200,2026-10-06
A,JAN,CH,2023,8815385,,demo_gind,2026-09-30T23:00:00+0200,2026-10-06
A,JAN,CH,2024,8962258,,demo_gind,2026-09-30T23:00:00+0200,2026-10-06
A,JAN,CH,2025,9051029,,demo_gind,2026-09-30T23:00:00+0200,2026-10-06
A,JAN,CH,2026,9124288,p,demo_gind,2026-09-30T23:00:00+0200,2026-10-06
A,JAN,CY,1990,572655,,demo_gind,2026-09-30T23:00:00+0200,2026-10-06
A,JAN,CY,1991,587141,,demo_gind,2026-09-30T23:00:00+0200,2026-10-06
A,JAN,CY,1992,603069,,demo_gind,2026-09-30T23:00:00+0200,2026-10-06
A,JAN,CY,1993,619231,,demo_gind,2026-09-30T23:00:00+0200,2026-10-06
A,JAN,CY,1994,632944,,demo_gind,2026-09-30T23:00:00+0200,2026-10-06
A,JAN,CY,1995,645399,,demo_gind,2026-09-30T23:00:00+0200,2026-10-06
A,JAN,CY,1996,656333,,demo_gind,2026-09-30T23:00:00+0200,2026-10-06
A,JAN,CY,1997,666313,,demo_gind,2026-09-30T23:00:00+0200,2026-10-06
A,JAN,CY,1998,675215,,demo_gind,2026-09-30T23:00:00+0200,2026-10-06
A,JAN,CY,1999,682862,,demo_gind,2026-09-30T23:00:00+0200,2026-10-06
A,JAN,CY,2000,690497,,demo_gind,2026-09-30T23:00:00+0200,2026-10-06
A,JAN,CY,2001,697549,,demo_gind,2026-09-30T23:00:00+0200,2026-10-06
A,JAN,CY,2002,705539,,demo_gind,2026-09-30T23:00:00+0200,2026-10-06
A,JAN,CY,2003,713720,,demo_gind,2026-09-30T23:00:00+0200,2026-10-06
A,JAN,CY,2004,722893,,demo_gind,2026-09-30T23:00:00+0200,2026-10-06
A,JAN,CY,2005,733067,,demo_gind,2026-09-30T23:00:00+0200,2026-10-06
A,JAN,CY,2006,744013,,demo_gind,2026-09-30T23:00:00+0200,2026-10-06
A,JAN,CY,2007,757916,,demo_gind,2026-09-30T23:00:00+0200,2026-10-06
A,JAN,CY,2008,776333,,demo_gind,2026-09-30T23:00:00+0200,2026-10-06
A,JAN,CY,2009,796930,,demo_gind,2026-09-30T23:00:00+0200,2026-10-06
A,JAN,CY,2010,819140,,demo_gind,2026-09-30T23:00:00+0200,2026-10-06
A,JAN,CY,2011,839751,,demo_gind,2026-09-30T23:00:00+0200,2026-10-06
A,JAN,CY,2012,862011,,demo_gind,2026-09-30T23:00:00+0200,2026-10-06
A,JAN,CY,2013,862854,,demo_gind,2026-09-30T23:00:00+0200,2026-10-06
A,JAN,CY,2014,860032,,demo_gind,2026-09-30T23:00:00+0200,2026-10-06
A,JAN,CY,2015,860846,,demo_gind,2026-09-30T23:00:00+0200,2026-10-06
A,JAN,CY,2016,863764,,demo_gind,2026-09-30T23:00:00+0200,2026-10-06
A,JAN,CY,2017,869878,,demo_gind,2026-09-30T23:00:00+0200,2026-10-06
A,JAN,CY,2018,878601,,demo_gind,2026-09-30T23:00:00+0200,2026-10-06
A,JAN,CY,2019,890194,,demo_gind,2026-09-30T23:00:00+0200,2026-10-06
A,JAN,CY,2020,902429,,demo_gind,2026-09-30T23:00:00+0200,2026-10-06
A,JAN,CY,2021,914476,,demo_gind,2026-09-30T23:00:00+0200,2026-10-06
A,JAN,CY,2022,929764,,demo_gind,2026-09-30T23:00:00+0200,2026-10-06
A,JAN,CY,2023,949084,,demo_gind,2026-09-30T23:00:00+0200,2026-10-06
A,JAN,CY,2024,966365,,demo_gind,2026-09-30T23:00:00+0200,2026-10-06
A,JAN,CY,2025,982966,,demo_gind,2026-09-30T23:00:00+0200,2026-10-06
A,JAN,CY,2026,996571,p,demo_gind,2026-09-30T23:00:00+0200,2026-10-06
A,JAN,CZ,1990,10362102,,demo_gind,2026-09-30T23:00:00+0200,2026-10-06
A,JAN,CZ,1991,10304607,,demo_gind,2026-09-30T23:00:00+0200,2026-10-06
A,JAN,CZ,1992,10312548,,demo_gind,2026-09-30T23:00:00+0200,2026-10-06
A,JAN,CZ,1993,10325697,,demo_gind,2026-09-30T23:00:00+0200,2026-10-06
A,JAN,CZ,1994,10334013,,demo_gind,2026-09-30T23:00:00+0200,2026-10-06
A,JAN,CZ,1995,10333161,,demo_gind,2026-09-30T23:00:00+0200,2026-10-06
A,JAN,CZ,1996,10321344,,demo_gind,2026-09-30T23:00:00+0200,2026-10-06
A,JAN,CZ,1997,10309137,,demo_gind,2026-09-30T23:00:00+0200,2026-10-06
A,JAN,CZ,1998,10299125,,demo_gind,2026-09-30T23:00:00+0200,2026-10-06
A,JAN,CZ,1999,10289621,,demo_gind,2026-09-30T23:00:00+0200,2026-10-06
A,JAN,CZ,2000,10278098,,demo_gind,2026-09-30T23:00:00+0200,2026-10-06
A,JAN,CZ,2001,10232027,,demo_gind,2026-09-30T23:00:00+0200,2026-10-06
A,JAN,CZ,2002,10201182,,demo_gind,2026-09-30T23:00:00+0200,2026-10-06
A,JAN,CZ,2003,10192649,,demo_gind,2026-09-30T23:00:00+0200,2026-10-06
A,JAN,CZ,2004,10195347,,demo_gind,2026-09-30T23:00:00+0200,2026-10-06
A,JAN,CZ,2005,10198855,,demo_gind,2026-09-30T23:00:00+0200,2026-10-06
A,JAN,CZ,2006,10223577,,demo_gind,2026-09-30T23:00:00+0200,2026-10-06
A,JAN,CZ,2007,10254233,,demo_gind,2026-09-30T23:00:00+0200,2026-10-06
A,JAN,CZ,2008,10343422,,demo_gind,2026-09-30T23:00:00+0200,2026-10-06
A,JAN,CZ,2009,10425783,,demo_gind,2026-09-30T23:00:00+0200,2026-10-06
A,JAN,CZ,2010,10462088,,demo_gind,2026-09-30T23:00:00+0200,2026-10-06
A,JAN,CZ,2011,10486731,,demo_gind,2026-09-30T23:00:00+0200,2026-10-06
A,JAN,CZ,2012,10505445,,demo_gind,2026-09-30T23:00:00+0200,2026-10-06
A,JAN,CZ,2013,10516125,,demo_gind,2026-09-30T23:00:00+0200,2026-10-06
A,JAN,CZ,2014,10512419,,demo_gind,2026-09-30T23:00:00+0200,2026-10-06
A,JAN,CZ,2015,10538275,,demo_gind,2026-09-30T23:00:00+0200,2026-10-06
A,JAN,CZ,2016,10553843,,demo_gind,2026-09-30T23:00:00+0200,2026-10-06
A,JAN,CZ,2017,10578820,,demo_gind,2026-09-30T23:00:00+0200,2026-10-06
A,JAN,CZ,2018,10610055,,demo_gind,2026-09-30T23:00:00+0200,2026-10-06
A,JAN,CZ,2019,10649800,,demo_gind,2026-09-30T23:00:00+0200,2026-10-06
A,JAN,CZ,2020,10693939,,demo_gind,2026-09-30T23:00:00+0200,2026-10-06
A,JAN,CZ,2021,10494836,b,demo_gind,2026-09-30T23:00:00+0200,2026-10-06
A,JAN,CZ,2022,10516707,,demo_gind,2026-09-30T23:00:00+0200,2026-10-06
A,JAN,CZ,2023,10827529,,demo_gind,2026-09-30T23:00:00+0200,2026-10-06
A,JAN,CZ,2024,10900555,,demo_gind,2026-09-30T23:00:00+0200,2026-10-06
A,JAN,CZ,2025,10909500,,demo_gind,2026-09-30T23:00:00+0200,2026-10-06
A,JAN,CZ,2026,10915839,,demo_gind,2026-09-30T23:00:00+0200,2026-10-06
A,JAN,DE,1990,62679035,,demo_gind,2026-09-30T23:00:00+0200,2026-10-06
A,JAN,DE,1991,79753227,b,demo_gind,2026-09-30T23:00:00+0200,2026-10-06
A,JAN,DE,1992,80274564,,demo_gind,2026-09-30T23:00:00+0200,2026-10-06
A,JAN,DE,1993,80974632,,demo_gind,2026-09-30T23:00:00+0200,2026-10-06
A,JAN,DE,1994,81338093,,demo_gind,2026-09-30T23:00:00+0200,2026-10-06
A,JAN,DE,1995,81538603,,demo_gind,2026-09-30T23:00:00+0200,2026-10-06
A,JAN,DE,1996,81817499,,demo_gind,2026-09-30T23:00:00+0200,2026-10-06
A,JAN,DE,1997,82012162,,demo_gind,2026-09-30T23:00:00+0200,2026-10-06
A,JAN,DE,1998,82057379,,demo_gind,2026-09-30T23:00:00+0200,2026-10-06
A,JAN,DE,1999,82037011,,demo_gind,2026-09-30T23:00:00+0200,2026-10-06
A,JAN,DE,2000,82163475,,demo_gind,2026-09-30T23:00:00+0200,2026-10-06
A,JAN,DE,2001,82259540,,demo_gind,2026-09-30T23:00:00+0200,2026-10-06
A,JAN,DE,2002,82440309,,demo_gind,2026-09-30T23:00:00+0200,2026-10-06
A,JAN,DE,2003,82536680,,demo_gind,2026-09-30T23:00:00+0200,2026-10-06
A,JAN,DE,2004,82531671,,demo_gind,2026-09-30T23:00:00+0200,2026-10-06
A,JAN,DE,2005,82500849,,demo_gind,2026-09-30T23:00:00+0200,2026-10-06
A,JAN,DE,2006,82437995,,demo_gind,2026-09-30T23:00:00+0200,2026-10-06
A,JAN,DE,2007,82314906,,demo_gind,2026-09-30T23:00:00+0200,2026-10-06
A,JAN,DE,2008,82217837,,demo_gind,2026-09-30T23:00:00+0200,2026-10-06
A,JAN,DE,2009,82002356,,demo_gind,2026-09-30T23:00:00+0200,2026-10-06
A,JAN,DE,2010,81802257,,demo_gind,2026-09-30T23:00:00+0200,2026-10-06
A,JAN,DE,2011,80222065,b,demo_gind,2026-09-30T23:00:00+0200,2026-10-06
A,JAN,DE,2012,80327900,,demo_gind,2026-09-30T23:00:00+0200,2026-10-06
A,JAN,DE,2013,80523746,,demo_gind,2026-09-30T23:00:00+0200,2026-10-06
A,JAN,DE,2014,80767463,,demo_gind,2026-09-30T23:00:00+0200,2026-10-06
A,JAN,DE,2015,81197537,,demo_gind,2026-09-30T23:00:00+0200,2026-10-06
A,JAN,DE,2016,82175684,,demo_gind,2026-09-30T23:00:00+0200,2026-10-06
A,JAN,DE,2017,82521653,,demo_gind,2026-09-30T23:00:00+0200,2026-10-06
A,JAN,DE,2018,82792351,,demo_gind,2026-09-30T23:00:00+0200,2026-10-06
A,JAN,DE,2019,83019213,,demo_gind,2026-09-30T23:00:00+0200,2026-10-06
A,JAN,DE,2020,83166711,,demo_gind,2026-09-30T23:00:00+0200,2026-10-06
A,JAN,DE,2021,83155031,,demo_gind,2026-09-30T23:00:00+0200,2026-10-06
A,JAN,DE,2022,83237124,,demo_gind,2026-09-30T23:00:00+0200,2026-10-06
A,JAN,DE,2023,83118501,b,demo_gind,2026-09-30T23:00:00+0200,2026-10-06
A,JAN,DE,2024,83456045,,demo_gind,2026-09-30T23:00:00+0200,2026-10-06
A,JAN,DE,2025,83577140,,demo_gind,2026-09-30T23:00:00+0200,2026-10-06
A,JAN,DE,2026,83467117,,demo_gind,2026-09-30T23:00:00+0200,2026-10-06
A,JAN,DK,1990,5135409,,demo_gind,2026-09-30T23:00:00+0200,2026-10-06
A,JAN,DK,1991,5146469,,demo_gind,2026-09-30T23:00:00+0200,2026-10-06
A,JAN,DK,1992,5162126,,demo_gind,2026-09-30T23:00:00+0200,2026-10-06
A,JAN,DK,1993,5180614,,demo_gind,2026-09-30T23:00:00+0200,2026-10-06
A,JAN,DK,1994,5196642,,demo_gind,2026-09-30T23:00:00+0200,2026-10-06
A,JAN,DK,1995,5215718,,demo_gind,2026-09-30T23:00:00+0200,2026-10-06
A,JAN,DK,1996,5251027,,demo_gind,2026-09-30T23:00:00+0200,2026-10-06
A,JAN,DK,1997,5275121,,demo_gind,2026-09-30T23:00:00+0200,2026-10-06
A,JAN,DK,1998,5294860,,demo_gind,2026-09-30T23:00:00+0200,2026-10-06
A,JAN,DK,1999,5313577,,demo_gind,2026-09-30T23:00:00+0200,2026-10-06
A,JAN,DK,2000,5330020,,demo_gind,2026-09-30T23:00:00+0200,2026-10-06
A,JAN,DK,2001,5349212,,demo_gind,2026-09-30T23:00:00+0200,2026-10-06
A,JAN,DK,2002,5368354,,demo_gind,2026-09-30T23:00:00+0200,2026-10-06
A,JAN,DK,2003,5383507,,demo_gind,2026-09-30T23:00:00+0200,2026-10-06
A,JAN,DK,2004,5397640,,demo_gind,2026-09-30T23:00:00+0200,2026-10-06
A,JAN,DK,2005,5411405,,demo_gind,2026-09-30T23:00:00+0200,2026-10-06
A,JAN,DK,2006,5427459,,demo_gind,2026-09-30T23:00:00+0200,2026-10-06
A,JAN,DK,2007,5447084,,demo_gind,2026-09-30T23:00:00+0200,2026-10-06
A,JAN,DK,2008,5475791,,demo_gind,2026-09-30T23:00:00+0200,2026-10-06
A,JAN,DK,2009,5511451,,demo_gind,2026-09-30T23:00:00+0200,2026-10-06
A,JAN,DK,2010,5534738,,demo_gind,2026-09-30T23:00:00+0200,2026-10-06
A,JAN,DK,2011,5560628,,demo_gind,2026-09-30T23:00:00+0200,2026-10-06
A,JAN,DK,2012,5580516,,demo_gind,2026-09-30T23:00:00+0200,2026-10-06
A,JAN,DK,2013,5602628,,demo_gind,2026-09-30T23:00:00+0200,2026-10-06
A,JAN,DK,2014,5627235,,demo_gind,2026-09-30T23:00:00+0200,2026-10-06
A,JAN,DK,2015,5659715,,demo_gind,2026-09-30T23:00:00+0200,2026-10-06
A,JAN,DK,2016,5707251,,demo_gind,2026-09-30T23:00:00+0200,2026-10-06
A,JAN,DK,2017,5748769,,demo_gind,2026-09-30T23:00:00+0200,2026-10-06
A,JAN,DK,2018,5781190,,demo_gind,2026-09-30T23:00:00+0200,2026-10-06
A,JAN,DK,2019,5806081,,demo_gind,2026-09-30T23:00:00+0200,2026-10-06
A,JAN,DK,2020,5822763,,demo_gind,2026-09-30T23:00:00+0200,2026-10-06
A,JAN,DK,2021,5840045,,demo_gind,2026-09-30T23:00:00+0200,2026-10-06
A,JAN,DK,2022,5873420,,demo_gind,2026-09-30T23:00:00+0200,2026-10-06
A,JAN,DK,2023,5932654,,demo_gind,2026-09-30T23:00:00+0200,2026-10-06
A,JAN,DK,2024,5961249,,demo_gind,2026-09-30T23:00:00+0200,2026-10-06
A,JAN,DK,2025,5992734,,demo_gind,2026-09-30T23:00:00+0200,2026-10-06
A,JAN,DK,2026,6025603,,demo_gind,2026-09-30T23:00:00+0200,2026-10-06
A,JAN,EE,1990,1570599,,demo_gind,2026-09-30T23:00:00+0200,2026-10-06
A,JAN,EE,1991,1567749,,demo_gind,2026-09-30T23:00:00+0200,2026-10-06
A,JAN,EE,1992,1554878,,demo_gind,2026-09-30T23:00:00+0200,2026-10-06
A,JAN,EE,1993,1511303,,demo_gind,2026-09-30T23:00:00+0200,2026-10-06
A,JAN,EE,1994,1476952,,demo_gind,2026-09-30T23:00:00+0200,2026-10-06
A,JAN,EE,1995,1448075,,demo_gind,2026-09-30T23:00:00+0200,2026-10-06
A,JAN,EE,1996,1425192,,demo_gind,2026-09-30T23:00:00+0200,2026-10-06
A,JAN,EE,1997,1405996,,demo_gind,2026-09-30T23:00:00+0200,2026-10-06
A,JAN,EE,1998,1393074,,demo_gind,2026-09-30T23:00:00+0200,2026-10-06
A,JAN,EE,1999,1379237,,demo_gind,2026-09-30T23:00:00+0200,2026-10-06
A,JAN,EE,2000,1401250,,demo_gind,2026-09-30T23:00:00+0200,2026-10-06
A,JAN,EE,2001,1392720,,demo_gind,2026-09-30T23:00:00+0200,2026-10-06
A,JAN,EE,2002,1383510,,demo_gind,2026-09-30T23:00:00+0200,2026-10-06
A,JAN,EE,2003,1375190,,demo_gind,2026-09-30T23:00:00+0200,2026-10-06
A,JAN,EE,2004,1366250,,demo_gind,2026-09-30T23:00:00+0200,2026-10-06
A,JAN,EE,2005,1358850,,demo_gind,2026-09-30T23:00:00+0200,2026-10-06
A,JAN,EE,2006,1350700,,demo_gind,2026-09-30T23:00:00+0200,2026-10-06
A,JAN,EE,2007,1342920,,demo_gind,2026-09-30T23:00:00+0200,2026-10-06
A,JAN,EE,2008,1338440,,demo_gind,2026-09-30T23:00:00+0200,2026-10-06
A,JAN,EE,2009,1335740,,demo_gind,2026-09-30T23:00:00+0200,2026-10-06
A,JAN,EE,2010,1333290,,demo_gind,2026-09-30T23:00:00+0200,2026-10-06
A,JAN,EE,2011,1329660,,demo_gind,2026-09-30T23:00:00+0200,2026-10-06
A,JAN,EE,2012,1325217,,demo_gind,2026-09-30T23:00:00+0200,2026-10-06
A,JAN,EE,2013,1320174,,demo_gind,2026-09-30T23:00:00+0200,2026-10-06
A,JAN,EE,2014,1315819,,demo_gind,2026-09-30T23:00:00+0200,2026-10-06
A,JAN,EE,2015,1313271,,demo_gind,2026-09-30T23:00:00+0200,2026-10-06
A,JAN,EE,2016,1315944,,demo_gind,2026-09-30T23:00:00+0200,2026-10-06
A,JAN,EE,2017,1315635,,demo_gind,2026-09-30T23:00:00+0200,2026-10-06
A,JAN,EE,2018,1319133,,demo_gind,2026-09-30T23:00:00+0200,2026-10-06
A,JAN,EE,2019,1324820,,demo_gind,2026-09-30T23:00:00+0200,2026-10-06
A,JAN,EE,2020,1328889,,demo_gind,2026-09-30T23:00:00+0200,2026-10-06
A,JAN,EE,2021,1330068,,demo_gind,2026-09-30T23:00:00+0200,2026-10-06
A,JAN,EE,2022,1331796,,demo_gind,2026-09-30T23:00:00+0200,2026-10-06
A,JAN,EE,2023,1365884,,demo_gind,2026-09-30T23:00:00+0200,2026-10-06
A,JAN,EE,2024,1374687,,demo_gind,2026-09-30T23:00:00+0200,2026-10-06
A,JAN,EE,2025,1369995,,demo_gind,2026-09-30T23:00:00+0200,2026-10-06
A,JAN,EE,2026,1360745,,demo_gind,2026-09-30T23:00:00+0200,2026-10-06
A,JAN,EL,1990,10120892,,demo_gind,2026-09-30T23:00:00+0200,2026-10-06
A,JAN,EL,1991,10272691,,demo_gind,2026-09-30T23:00:00+0200,2026-10-06
A,JAN,EL,1992,10367163,,demo_gind,2026-09-30T23:00:00+0200,2026-10-06
A,JAN,EL,1993,10430958,,demo_gind,2026-09-30T23:00:00+0200,2026-10-06
A,JAN,EL,1994,10489871,,demo_gind,2026-09-30T23:00:00+0200,2026-10-06
A,JAN,EL,1995,10535973,,demo_gind,2026-09-30T23:00:00+0200,2026-10-06
A,JAN,EL,1996,10588332,,demo_gind,2026-09-30T23:00:00+0200,2026-10-06
A,JAN,EL,1997,10629267,,demo_gind,2026-09-30T23:00:00+0200,2026-10-06
A,JAN,EL,1998,10693250,,demo_gind,2026-09-30T23:00:00+0200,2026-10-06
A,JAN,EL,1999,10747768,,demo_gind,2026-09-30T23:00:00+0200,2026-10-06
A,JAN,EL,2000,10775627,,demo_gind,2026-09-30T23:00:00+0200,2026-10-06
A,JAN,EL,2001,10835989,,demo_gind,2026-09-30T23:00:00+0200,2026-10-06
A,JAN,EL,2002,10888274,,demo_gind,2026-09-30T23:00:00+0200,2026-10-06
A,JAN,EL,2003,10915770,,demo_gind,2026-09-30T23:00:00+0200,2026-10-06
A,JAN,EL,2004,10940369,,demo_gind,2026-09-30T23:00:00+0200,2026-10-06
A,JAN,EL,2005,10969912,,demo_gind,2026-09-30T23:00:00+0200,2026-10-06
A,JAN,EL,2006,11004716,,demo_gind,2026-09-30T23:00:00+0200,2026-10-06
A,JAN,EL,2007,11036008,,demo_gind,2026-09-30T23:00:00+0200,2026-10-06
A,JAN,EL,2008,11060937,,demo_gind,2026-09-30T23:00:00+0200,2026-10-06
A,JAN,EL,2009,11094745,,demo_gind,2026-09-30T23:00:00+0200,2026-10-06
A,JAN,EL,2010,11119289,,demo_gind,2026-09-30T23:00:00+0200,2026-10-06
A,JAN,EL,2011,11123392,,demo_gind,2026-09-30T23:00:00+0200,2026-10-06
A,JAN,EL,2012,11086406,,demo_gind,2026-09-30T23:00:00+0200,2026-10-06
A,JAN,EL,2013,11003615,,demo_gind,2026-09-30T23:00:00+0200,2026-10-06
A,JAN,EL,2014,10894294,,demo_gind,2026-09-30T23:00:00+0200,2026-10-06
A,JAN,EL,2015,10818041,,demo_gind,2026-09-30T23:00:00+0200,2026-10-06
A,JAN,EL,2016,10735415,,demo_gind,2026-09-30T23:00:00+0200,2026-10-06
A,JAN,EL,2017,10707527,,demo_gind,2026-09-30T23:00:00+0200,2026-10-06
A,JAN,EL,2018,10667336,,demo_gind,2026-09-30T23:00:00+0200,2026-10-06
A,JAN,EL,2019,10635213,,demo_gind,2026-09-30T23:00:00+0200,2026-10-06
A,JAN,EL,2020,10612591,,demo_gind,2026-09-30T23:00:00+0200,2026-10-06
A,JAN,EL,2021,10555344,,demo_gind,2026-09-30T23:00:00+0200,2026-10-06
A,JAN,EL,2022,10461627,,demo_gind,2026-09-30T23:00:00+0200,2026-10-06
A,JAN,EL,2023,10401868,,demo_gind,2026-09-30T23:00:00+0200,2026-10-06
A,JAN,EL,2024,10375764,,demo_gind,2026-09-30T23:00:00+0200,2026-10-06
A,JAN,EL,2025,10372335,,demo_gind,2026-09-30T23:00:00+0200,2026-10-06
A,JAN,EL,2026,10366586,ep,demo_gind,2026-09-30T23:00:00+0200,2026-10-06
A,JAN,ES,1990,38853227,,demo_gind,2026-09-30T23:00:00+0200,2026-10-06
A,JAN,ES,1991,38881416,,demo_gind,2026-09-30T23:00:00+0200,2026-10-06
A,JAN,ES,1992,39051336,,demo_gind,2026-09-30T23:00:00+0200,2026-10-06
A,JAN,ES,1993,39264034,,demo_gind,2026-09-30T23:00:00+0200,2026-10-06
A,JAN,ES,1994,39458489,,demo_gind,2026-09-30T23:00:00+0200,2026-10-06
A,JAN,ES,1995,39639726,,demo_gind,2026-09-30T23:00:00+0200,2026-10-06
A,JAN,ES,1996,39808374,,demo_gind,2026-09-30T23:00:00+0200,2026-10-06
A,JAN,ES,1997,39971329,,demo_gind,2026-09-30T23:00:00+0200,2026-10-06
A,JAN,ES,1998,40143449,,demo_gind,2026-09-30T23:00:00+0200,2026-10-06
A,JAN,ES,1999,40303568,,demo_gind,2026-09-30T23:00:00+0200,2026-10-06
A,JAN,ES,2000,40470182,,demo_gind,2026-09-30T23:00:00+0200,2026-10-06
A,JAN,ES,2001,40665545,,demo_gind,2026-09-30T23:00:00+0200,2026-10-06
A,JAN,ES,2002,41035278,,demo_gind,2026-09-30T23:00:00+0200,2026-10-06
A,JAN,ES,2003,41827838,,demo_gind,2026-09-30T23:00:00+0200,2026-10-06
A,JAN,ES,2004,42547451,,demo_gind,2026-09-30T23:00:00+0200,2026-10-06
A,JAN,ES,2005,43296338,,demo_gind,2026-09-30T23:00:00+0200,2026-10-06
A,JAN,ES,2006,44009971,,demo_gind,2026-09-30T23:00:00+0200,2026-10-06
A,JAN,ES,2007,44784666,,demo_gind,2026-09-30T23:00:00+0200,2026-10-06
A,JAN,ES,2008,45668939,,demo_gind,2026-09-30T23:00:00+0200,2026-10-06
A,JAN,ES,2009,46239273,,demo_gind,2026-09-30T23:00:00+0200,2026-10-06
A,JAN,ES,2010,46486619,,demo_gind,2026-09-30T23:00:00+0200,2026-10-06
A,JAN,ES,2011,46667174,,demo_gind,2026-09-30T23:00:00+0200,2026-10-06
A,JAN,ES,2012,46818219,,demo_gind,2026-09-30T23:00:00+0200,2026-10-06
A,JAN,ES,2013,46712650,,demo_gind,2026-09-30T23:00:00+0200,2026-10-06
A,JAN,ES,2014,46495744,,demo_gind,2026-09-30T23:00:00+0200,2026-10-06
A,JAN,ES,2015,46425722,,demo_gind,2026-09-30T23:00:00+0200,2026-10-06
A,JAN,ES,2016,46418884,,demo_gind,2026-09-30T23:00:00+0200,2026-10-06
A,JAN,ES,2017,46497393,,demo_gind,2026-09-30T23:00:00+0200,2026-10-06
A,JAN,ES,2018,46645070,,demo_gind,2026-09-30T23:00:00+0200,2026-10-06
A,JAN,ES,2019,46918951,,demo_gind,2026-09-30T23:00:00+0200,2026-10-06
A,JAN,ES,2020,47318050,,demo_gind,2026-09-30T23:00:00+0200,2026-10-06
A,JAN,ES,2021,47400798,,demo_gind,2026-09-30T23:00:00+0200,2026-10-06
A,JAN,ES,2022,47486843,,demo_gind,2026-09-30T23:00:00+0200,2026-10-06
A,JAN,ES,2023,48085361,,demo_gind,2026-09-30T23:00:00+0200,2026-10-06
A,JAN,ES,2024,48619695,,demo_gind,2026-09-30T23:00:00+0200,2026-10-06
A,JAN,ES,2025,49128297,,demo_gind,2026-09-30T23:00:00+0200,2026-10-06
A,JAN,ES,2026,49590099,p,demo_gind,2026-09-30T23:00:00+0200,2026-10-06
A,JAN,EU27_2020,1990,418030739,,demo_gind,2026-09-30T23:00:00+0200,2026-10-06
A,JAN,EU27_2020,1991,419504036,b,demo_gind,2026-09-30T23:00:00+0200,2026-10-06
A,JAN,EU27_2020,1992,420413536,,demo_gind,2026-09-30T23:00:00+0200,2026-10-06
A,JAN,EU27_2020,1993,421912578,,demo_gind,2026-09-30T23:00:00+0200,2026-10-06
A,JAN,EU27_2020,1994,423104986,,demo_gind,2026-09-30T23:00:00+0200,2026-10-06
A,JAN,EU27_2020,1995,423960534,,demo_gind,2026-09-30T23:00:00+0200,2026-10-06
A,JAN,EU27_2020,1996,424641798,,demo_gind,2026-09-30T23:00:00+0200,2026-10-06
A,JAN,EU27_2020,1997,425273491,,demo_gind,2026-09-30T23:00:00+0200,2026-10-06
A,JAN,EU27_2020,1998,427482962,b,demo_gind,2026-09-30T23:00:00+0200,2026-10-06
A,JAN,EU27_2020,1999,427998269,,demo_gind,2026-09-30T23:00:00+0200,2026-10-06
A,JAN,EU27_2020,2000,428473834,be,demo_gind,2026-09-30T23:00:00+0200,2026-10-06
A,JAN,EU27_2020,2001,429240746,b,demo_gind,2026-09-30T23:00:00+0200,2026-10-06
A,JAN,EU27_2020,2002,429728905,,demo_gind,2026-09-30T23:00:00+0200,2026-10-06
A,JAN,EU27_2020,2003,431246056,,demo_gind,2026-09-30T23:00:00+0200,2026-10-06
A,JAN,EU27_2020,2004,432878129,,demo_gind,2026-09-30T23:00:00+0200,2026-10-06
A,JAN,EU27_2020,2005,434585887,,demo_gind,2026-09-30T23:00:00+0200,2026-10-06
A,JAN,EU27_2020,2006,436041018,,demo_gind,2026-09-30T23:00:00+0200,2026-10-06
A,JAN,EU27_2020,2007,437514477,,demo_gind,2026-09-30T23:00:00+0200,2026-10-06
A,JAN,EU27_2020,2008,439074280,b,demo_gind,2026-09-30T23:00:00+0200,2026-10-06
A,JAN,EU27_2020,2009,440467898,,demo_gind,2026-09-30T23:00:00+0200,2026-10-06
A,JAN,EU27_2020,2010,441160594,b,demo_gind,2026-09-30T23:00:00+0200,2026-10-06
A,JAN,EU27_2020,2011,440526112,b,demo_gind,2026-09-30T23:00:00+0200,2026-10-06
A,JAN,EU27_2020,2012,441280191,b,demo_gind,2026-09-30T23:00:00+0200,2026-10-06
A,JAN,EU27_2020,2013,441739935,b,demo_gind,2026-09-30T23:00:00+0200,2026-10-06
A,JAN,EU27_2020,2014,442235565,be,demo_gind,2026-09-30T23:00:00+0200,2026-10-06
A,JAN,EU27_2020,2015,442883289,e,demo_gind,2026-09-30T23:00:00+0200,2026-10-06
A,JAN,EU27_2020,2016,443954935,e,demo_gind,2026-09-30T23:00:00+0200,2026-10-06
A,JAN,EU27_2020,2017,444609939,be,demo_gind,2026-09-30T23:00:00+0200,2026-10-06
A,JAN,EU27_2020,2018,445227547,e,demo_gind,2026-09-30T23:00:00+0200,2026-10-06
A,JAN,EU27_2020,2019,446060538,,demo_gind,2026-09-30T23:00:00+0200,2026-10-06
A,JAN,EU27_2020,2020,446923963,e,demo_gind,2026-09-30T23:00:00+0200,2026-10-06
A,JAN,EU27_2020,2021,445767723,b,demo_gind,2026-09-30T23:00:00+0200,2026-10-06
A,JAN,EU27_2020,2022,445999571,e,demo_gind,2026-09-30T23:00:00+0200,2026-10-06
A,JAN,EU27_2020,2023,447805685,be,demo_gind,2026-09-30T23:00:00+0200,2026-10-06
A,JAN,EU27_2020,2024,449489862,ep,demo_gind,2026-09-30T23:00:00+0200,2026-10-06
A,JAN,EU27_2020,2025,451284558,ep,demo_gind,2026-09-30T23:00:00+0200,2026-10-06
A,JAN,EU27_2020,2026,451990314,ep,demo_gind,2026-09-30T23:00:00+0200,2026-10-06
A,JAN,FI,1990,4974383,,demo_gind,2026-09-30T23:00:00+0200,2026-10-06
A,JAN,FI,1991,4998478,,demo_gind,2026-09-30T23:00:00+0200,2026-10-06
A,JAN,FI,1992,5029002,,demo_gind,2026-09-30T23:00:00+0200,2026-10-06
A,JAN,FI,1993,5054982,,demo_gind,2026-09-30T23:00:00+0200,2026-10-06
A,JAN,FI,1994,5077912,,demo_gind,2026-09-30T23:00:00+0200,2026-10-06
A,JAN,FI,1995,5098754,,demo_gind,2026-09-30T23:00:00+0200,2026-10-06
A,JAN,FI,1996,5116826,,demo_gind,2026-09-30T23:00:00+0200,2026-10-06
A,JAN,FI,1997,5132320,,demo_gind,2026-09-30T23:00:00+0200,2026-10-06
A,JAN,FI,1998,5147349,,demo_gind,2026-09-30T23:00:00+0200,2026-10-06
A,JAN,FI,1999,5159646,,demo_gind,2026-09-30T23:00:00+0200,2026-10-06
A,JAN,FI,2000,5171302,,demo_gind,2026-09-30T23:00:00+0200,2026-10-06
A,JAN,FI,2001,5181115,,demo_gind,2026-09-30T23:00:00+0200,2026-10-06
A,JAN,FI,2002,5194901,,demo_gind,2026-09-30T23:00:00+0200,2026-10-06
A,JAN,FI,2003,5206295,,demo_gind,2026-09-30T23:00:00+0200,2026-10-06
A,JAN,FI,2004,5219732,,demo_gind,2026-09-30T23:00:00+0200,2026-10-06
A,JAN,FI,2005,5236611,,demo_gind,2026-09-30T23:00:00+0200,2026-10-06
A,JAN,FI,2006,5255580,,demo_gind,2026-09-30T23:00:00+0200,2026-10-06
A,JAN,FI,2007,5276955,,demo_gind,2026-09-30T23:00:00+0200,2026-10-06
A,JAN,FI,2008,5300484,,demo_gind,2026-09-30T23:00:00+0200,2026-10-06
A,JAN,FI,2009,5326314,,demo_gind,2026-09-30T23:00:00+0200,2026-10-06
A,JAN,FI,2010,5351427,,demo_gind,2026-09-30T23:00:00+0200,2026-10-06
A,JAN,FI,2011,5375276,,demo_gind,2026-09-30T23:00:00+0200,2026-10-06
A,JAN,FI,2012,5401267,,demo_gind,2026-09-30T23:00:00+0200,2026-10-06
A,JAN,FI,2013,5426674,,demo_gind,2026-09-30T23:00:00+0200,2026-10-06
A,JAN,FI,2014,5451270,,demo_gind,2026-09-30T23:00:00+0200,2026-10-06
A,JAN,FI,2015,5471753,,demo_gind,2026-09-30T23:00:00+0200,2026-10-06
A,JAN,FI,2016,5487308,,demo_gind,2026-09-30T23:00:00+0200,2026-10-06
A,JAN,FI,2017,5503297,,demo_gind,2026-09-30T23:00:00+0200,2026-10-06
A,JAN,FI,2018,5513130,,demo_gind,2026-09-30T23:00:00+0200,2026-10-06
A,JAN,FI,2019,5517919,,demo_gind,2026-09-30T23:00:00+0200,2026-10-06
A,JAN,FI,2020,5525292,,demo_gind,2026-09-30T23:00:00+0200,2026-10-06
A,JAN,FI,2021,5533793,,demo_gind,2026-09-30T23:00:00+0200,2026-10-06
A,JAN,FI,2022,5548241,,demo_gind,2026-09-30T23:00:00+0200,2026-10-06
A,JAN,FI,2023,5563970,,demo_gind,2026-09-30T23:00:00+0200,2026-10-06
A,JAN,FI,2024,5603851,,demo_gind,2026-09-30T23:00:00+0200,2026-10-06
A,JAN,FI,2025,5635971,,demo_gind,2026-09-30T23:00:00+0200,2026-10-06
A,JAN,FI,2026,5652881,,demo_gind,2026-09-30T23:00:00+0200,2026-10-06
A,JAN,FR,1990,58029398,,demo_gind,2026-09-30T23:00:00+0200,2026-10-06
A,JAN,FR,1991,58313439,,demo_gind,2026-09-30T23:00:00+0200,2026-10-06
A,JAN,FR,1992,58604851,,demo_gind,2026-09-30T23:00:00+0200,2026-10-06
A,JAN,FR,1993,58885929,,demo_gind,2026-09-30T23:00:00+0200,2026-10-06
A,JAN,FR,1994,59104320,,demo_gind,2026-09-30T23:00:00+0200,2026-10-06
A,JAN,FR,1995,59315139,,demo_gind,2026-09-30T23:00:00+0200,2026-10-06
A,JAN,FR,1996,59522297,,demo_gind,2026-09-30T23:00:00+0200,2026-10-06
A,JAN,FR,1997,59726386,,demo_gind,2026-09-30T23:00:00+0200,2026-10-06
A,JAN,FR,1998,59934884,,demo_gind,2026-09-30T23:00:00+0200,2026-10-06
A,JAN,FR,1999,60158533,,demo_gind,2026-09-30T23:00:00+0200,2026-10-06
A,JAN,FR,2000,60545022,,demo_gind,2026-09-30T23:00:00+0200,2026-10-06
A,JAN,FR,2001,60979315,,demo_gind,2026-09-30T23:00:00+0200,2026-10-06
A,JAN,FR,2002,61424036,,demo_gind,2026-09-30T23:00:00+0200,2026-10-06
A,JAN,FR,2003,61864088,,demo_gind,2026-09-30T23:00:00+0200,2026-10-06
A,JAN,FR,2004,62292241,,demo_gind,2026-09-30T23:00:00+0200,2026-10-06
A,JAN,FR,2005,62772870,,demo_gind,2026-09-30T23:00:00+0200,2026-10-06
A,JAN,FR,2006,63229635,,demo_gind,2026-09-30T23:00:00+0200,2026-10-06
A,JAN,FR,2007,63645065,,demo_gind,2026-09-30T23:00:00+0200,2026-10-06
A,JAN,FR,2008,64007193,,demo_gind,2026-09-30T23:00:00+0200,2026-10-06
A,JAN,FR,2009,64350226,,demo_gind,2026-09-30T23:00:00+0200,2026-10-06
A,JAN,FR,2010,64658856,,demo_gind,2026-09-30T23:00:00+0200,2026-10-06
A,JAN,FR,2011,64978721,,demo_gind,2026-09-30T23:00:00+0200,2026-10-06
A,JAN,FR,2012,65276983,,demo_gind,2026-09-30T23:00:00+0200,2026-10-06
A,JAN,FR,2013,65600350,,demo_gind,2026-09-30T23:00:00+0200,2026-10-06
A,JAN,FR,2014,66165980,b,demo_gind,2026-09-30T23:00:00+0200,2026-10-06
A,JAN,FR,2015,66458153,,demo_gind,2026-09-30T23:00:00+0200,2026-10-06
A,JAN,FR,2016,66638391,,demo_gind,2026-09-30T23:00:00+0200,2026-10-06
A,JAN,FR,2017,66809816,,demo_gind,2026-09-30T23:00:00+0200,2026-10-06
A,JAN,FR,2018,67026224,,demo_gind,2026-09-30T23:00:00+0200,2026-10-06
A,JAN,FR,2019,67290471,,demo_gind,2026-09-30T23:00:00+0200,2026-10-06
A,JAN,FR,2020,67473651,,demo_gind,2026-09-30T23:00:00+0200,2026-10-06
A,JAN,FR,2021,67728568,,demo_gind,2026-09-30T23:00:00+0200,2026-10-06
A,JAN,FR,2022,68091703,,demo_gind,2026-09-30T23:00:00+0200,2026-10-06
A,JAN,FR,2023,68436003,,demo_gind,2026-09-30T23:00:00+0200,2026-10-06
A,JAN,FR,2024,68669303,p,demo_gind,2026-09-30T23:00:00+0200,2026-10-06
A,JAN,FR,2025,68882600,p,demo_gind,2026-09-30T23:00:00+0200,2026-10-06
A,JAN,FR,2026,69112309,p,demo_gind,2026-09-30T23:00:00+0200,2026-10-06
A,JAN,FX,1990,56577000,,demo_gind,2026-09-30T23:00:00+0200,2026-10-06
A,JAN,FX,1991,56840661,,demo_gind,2026-09-30T23:00:00+0200,2026-10-06
A,JAN,FX,1992,57110533,,demo_gind,2026-09-30T23:00:00+0200,2026-10-06
A,JAN,FX,1993,57369161,,demo_gind,2026-09-30T23:00:00+0200,2026-10-06
A,JAN,FX,1994,57565008,,demo_gind,2026-09-30T23:00:00+0200,2026-10-06
A,JAN,FX,1995,57752535,,demo_gind,2026-09-30T23:00:00+0200,2026-10-06
A,JAN,FX,1996,57935959,,demo_gind,2026-09-30T23:00:00+0200,2026-10-06
A,JAN,FX,1997,58116018,,demo_gind,2026-09-30T23:00:00+0200,2026-10-06
A,JAN,FX,1998,58298962,,demo_gind,2026-09-30T23:00:00+0200,2026-10-06
A,JAN,FX,1999,58496613,,demo_gind,2026-09-30T23:00:00+0200,2026-10-06
A,JAN,FX,2000,58858198,,demo_gind,2026-09-30T23:00:00+0200,2026-10-06
A,JAN,FX,2001,59266572,,demo_gind,2026-09-30T23:00:00+0200,2026-10-06
A,JAN,FX,2002,59685899,,demo_gind,2026-09-30T23:00:00+0200,2026-10-06
A,JAN,FX,2003,60101841,,demo_gind,2026-09-30T23:00:00+0200,2026-10-06
A,JAN,FX,2004,60505421,,demo_gind,2026-09-30T23:00:00+0200,2026-10-06
A,JAN,FX,2005,60963264,,demo_gind,2026-09-30T23:00:00+0200,2026-10-06
A,JAN,FX,2006,61399733,,demo_gind,2026-09-30T23:00:00+0200,2026-10-06
A,JAN,FX,2007,61795238,,demo_gind,2026-09-30T23:00:00+0200,2026-10-06
A,JAN,FX,2008,62134866,,demo_gind,2026-09-30T23:00:00+0200,2026-10-06
A,JAN,FX,2009,62465709,,demo_gind,2026-09-30T23:00:00+0200,2026-10-06
A,JAN,FX,2010,62765235,,demo_gind,2026-09-30T23:00:00+0200,2026-10-06
A,JAN,FX,2011,63070344,,demo_gind,2026-09-30T23:00:00+0200,2026-10-06
A,JAN,FX,2012,63375971,,demo_gind,2026-09-30T23:00:00+0200,2026-10-06
A,JAN,FX,2013,63697865,,demo_gind,2026-09-30T23:00:00+0200,2026-10-06
A,JAN,GE,1996,4674500,e,demo_gind,2026-09-30T23:00:00+0200,2026-10-06
A,JAN,GE,1997,4558400,e,demo_gind,2026-09-30T23:00:00+0200,2026-10-06
A,JAN,GE,1998,4504900,e,demo_gind,2026-09-30T23:00:00+0200,2026-10-06
A,JAN,GE,1999,4469800,e,demo_gind,2026-09-30T23:00:00+0200,2026-10-06
A,JAN,GE,2000,4435200,e,demo_gind,2026-09-30T23:00:00+0200,2026-10-06
A,JAN,GE,2001,4401400,e,demo_gind,2026-09-30T23:00:00+0200,2026-10-06
A,JAN,GE,2002,4371500,e,demo_gind,2026-09-30T23:00:00+0200,2026-10-06
A,JAN,GE,2003,4352600,e,demo_gind,2026-09-30T23:00:00+0200,2026-10-06
A,JAN,GE,2004,4315200,e,demo_gind,2026-09-30T23:00:00+0200,2026-10-06
A,JAN,GE,2005,4321500,e,demo_gind,2026-09-30T23:00:00+0200,2026-10-06
A,JAN,GE,2006,4401292,,demo_gind,2026-09-30T23:00:00+0200,2026-10-06
A,JAN,GE,2007,4394702,,demo_gind,2026-09-30T23:00:00+0200,2026-10-06
A,JAN,GE,2008,4382070,,demo_gind,2026-09-30T23:00:00+0200,2026-10-06
A,JAN,GE,2009,4385429,,demo_gind,2026-09-30T23:00:00+0200,2026-10-06
A,JAN,GE,2010,4436391,,demo_gind,2026-09-30T23:00:00+0200,2026-10-06
A,JAN,GE,2011,4469250,,demo_gind,2026-09-30T23:00:00+0200,2026-10-06
A,JAN,GE,2012,4497617,,demo_gind,2026-09-30T23:00:00+0200,2026-10-06
A,JAN,GE,2014,4490498,,demo_gind,2026-09-30T23:00:00+0200,2026-10-06
A,JAN,GE,2015,3729500,b,demo_gind,2026-09-30T23:00:00+0200,2026-10-06
A,JAN,GE,2016,3720400,,demo_gind,2026-09-30T23:00:00+0200,2026-10-06
A,JAN,GE,2017,3718200,,demo_gind,2026-09-30T23:00:00+0200,2026-10-06
A,JAN,GE,2018,3729633,,demo_gind,2026-09-30T23:00:00+0200,2026-10-06
A,JAN,GE,2019,3723464,,demo_gind,2026-09-30T23:00:00+0200,2026-10-06
A,JAN,GE,2020,3716858,,demo_gind,2026-09-30T23:00:00+0200,2026-10-06
A,JAN,GE,2021,3728573,,demo_gind,2026-09-30T23:00:00+0200,2026-10-06
A,JAN,GE,2022,3688647,,demo_gind,2026-09-30T23:00:00+0200,2026-10-06
A,JAN,GE,2023,3736357,,demo_gind,2026-09-30T23:00:00+0200,2026-10-06
A,JAN,GE,2024,3694608,,demo_gind,2026-09-30T23:00:00+0200,2026-10-06
A,JAN,GE,2025,3704506,,demo_gind,2026-09-30T23:00:00+0200,2026-10-06
A,JAN,GE,2026,3941103,,demo_gind,2026-09-30T23:00:00+0200,2026-10-06
A,JAN,HR,1990,4772556,e,demo_gind,2026-09-30T23:00:00+0200,2026-10-06
A,JAN,HR,1991,4782179,e,demo_gind,2026-09-30T23:00:00+0200,2026-10-06
A,JAN,HR,1992,4595865,e,demo_gind,2026-09-30T23:00:00+0200,2026-10-06
A,JAN,HR,1993,4555771,e,demo_gind,2026-09-30T23:00:00+0200,2026-10-06
A,JAN,HR,1994,4645155,e,demo_gind,2026-09-30T23:00:00+0200,2026-10-06
A,JAN,HR,1995,4658893,e,demo_gind,2026-09-30T23:00:00+0200,2026-10-06
A,JAN,HR,1996,4581167,e,demo_gind,2026-09-30T23:00:00+0200,2026-10-06
A,JAN,HR,1997,4533028,e,demo_gind,2026-09-30T23:00:00+0200,2026-10-06
A,JAN,HR,1998,4536812,e,demo_gind,2026-09-30T23:00:00+0200,2026-10-06
A,JAN,HR,1999,4527460,e,demo_gind,2026-09-30T23:00:00+0200,2026-10-06
A,JAN,HR,2000,4497735,e,demo_gind,2026-09-30T23:00:00+0200,2026-10-06
A,JAN,HR,2001,4295406,b,demo_gind,2026-09-30T23:00:00+0200,2026-10-06
A,JAN,HR,2002,4305494,,demo_gind,2026-09-30T23:00:00+0200,2026-10-06
A,JAN,HR,2003,4305384,,demo_gind,2026-09-30T23:00:00+0200,2026-10-06
A,JAN,HR,2004,4305725,,demo_gind,2026-09-30T23:00:00+0200,2026-10-06
A,JAN,HR,2005,4310861,,demo_gind,2026-09-30T23:00:00+0200,2026-10-06
A,JAN,HR,2006,4312487,,demo_gind,2026-09-30T23:00:00+0200,2026-10-06
A,JAN,HR,2007,4313530,,demo_gind,2026-09-30T23:00:00+0200,2026-10-06
A,JAN,HR,2008,4311967,,demo_gind,2026-09-30T23:00:00+0200,2026-10-06
A,JAN,HR,2009,4309796,,demo_gind,2026-09-30T23:00:00+0200,2026-10-06
A,JAN,HR,2010,4302847,,demo_gind,2026-09-30T23:00:00+0200,2026-10-06
A,JAN,HR,2011,4289857,,demo_gind,2026-09-30T23:00:00+0200,2026-10-06
A,JAN,HR,2012,4275984,,demo_gind,2026-09-30T23:00:00+0200,2026-10-06
A,JAN,HR,2013,4247803,,demo_gind,2026-09-30T23:00:00+0200,2026-10-06
A,JAN,HR,2014,4217632,,demo_gind,2026-09-30T23:00:00+0200,2026-10-06
A,JAN,HR,2015,4180915,,demo_gind,2026-09-30T23:00:00+0200,2026-10-06
A,JAN,HR,2016,4131115,,demo_gind,2026-09-30T23:00:00+0200,2026-10-06
A,JAN,HR,2017,4078769,,demo_gind,2026-09-30T23:00:00+0200,2026-10-06
A,JAN,HR,2018,4014341,,demo_gind,2026-09-30T23:00:00+0200,2026-10-06
A,JAN,HR,2019,3968676,,demo_gind,2026-09-30T23:00:00+0200,2026-10-06
A,JAN,HR,2020,3933511,,demo_gind,2026-09-30T23:00:00+0200,2026-10-06
A,JAN,HR,2021,3893026,,demo_gind,2026-09-30T23:00:00+0200,2026-10-06
A,JAN,HR,2022,3862305,,demo_gind,2026-09-30T23:00:00+0200,2026-10-06
A,JAN,HR,2023,3850894,,demo_gind,2026-09-30T23:00:00+0200,2026-10-06
A,JAN,HR,2024,3861967,,demo_gind,2026-09-30T23:00:00+0200,2026-10-06
A,JAN,HR,2025,3874350,,demo_gind,2026-09-30T23:00:00+0200,2026-10-06
A,JAN,HR,2026,3876002,,demo_gind,2026-09-30T23:00:00+0200,2026-10-06
A,JAN,HU,1990,10374823,,demo_gind,2026-09-30T23:00:00+0200,2026-10-06
A,JAN,HU,1991,10373153,,demo_gind,2026-09-30T23:00:00+0200,2026-10-06
A,JAN,HU,1992,10373647,,demo_gind,2026-09-30T23:00:00+0200,2026-10-06
A,JAN,HU,1993,10365035,,demo_gind,2026-09-30T23:00:00+0200,2026-10-06
A,JAN,HU,1994,10350010,,demo_gind,2026-09-30T23:00:00+0200,2026-10-06
A,JAN,HU,1995,10336700,,demo_gind,2026-09-30T23:00:00+0200,2026-10-06
A,JAN,HU,1996,10321229,,demo_gind,2026-09-30T23:00:00+0200,2026-10-06
A,JAN,HU,1997,10301247,,demo_gind,2026-09-30T23:00:00+0200,2026-10-06
A,JAN,HU,1998,10279724,,demo_gind,2026-09-30T23:00:00+0200,2026-10-06
A,JAN,HU,1999,10253416,,demo_gind,2026-09-30T23:00:00+0200,2026-10-06
A,JAN,HU,2000,10221644,,demo_gind,2026-09-30T23:00:00+0200,2026-10-06
A,JAN,HU,2001,10200298,,demo_gind,2026-09-30T23:00:00+0200,2026-10-06
A,JAN,HU,2002,10174853,,demo_gind,2026-09-30T23:00:00+0200,2026-10-06
A,JAN,HU,2003,10142362,,demo_gind,2026-09-30T23:00:00+0200,2026-10-06
A,JAN,HU,2004,10116742,,demo_gind,2026-09-30T23:00:00+0200,2026-10-06
A,JAN,HU,2005,10097549,,demo_gind,2026-09-30T23:00:00+0200,2026-10-06
A,JAN,HU,2006,10076581,,demo_gind,2026-09-30T23:00:00+0200,2026-10-06
A,JAN,HU,2007,10066158,,demo_gind,2026-09-30T23:00:00+0200,2026-10-06
A,JAN,HU,2008,10045401,,demo_gind,2026-09-30T23:00:00+0200,2026-10-06
A,JAN,HU,2009,10030975,,demo_gind,2026-09-30T23:00:00+0200,2026-10-06
A,JAN,HU,2010,10014324,,demo_gind,2026-09-30T23:00:00+0200,2026-10-06
A,JAN,HU,2011,9985722,,demo_gind,2026-09-30T23:00:00+0200,2026-10-06
A,JAN,HU,2012,9931925,b,demo_gind,2026-09-30T23:00:00+0200,2026-10-06
A,JAN,HU,2013,9895250,,demo_gind,2026-09-30T23:00:00+0200,2026-10-06
A,JAN,HU,2014,9850217,,demo_gind,2026-09-30T23:00:00+0200,2026-10-06
A,JAN,HU,2015,9815858,,demo_gind,2026-09-30T23:00:00+0200,2026-10-06
A,JAN,HU,2016,9779652,,demo_gind,2026-09-30T23:00:00+0200,2026-10-06
A,JAN,HU,2017,9739857,,demo_gind,2026-09-30T23:00:00+0200,2026-10-06
A,JAN,HU,2018,9713655,,demo_gind,2026-09-30T23:00:00+0200,2026-10-06
A,JAN,HU,2019,9700272,,demo_gind,2026-09-30T23:00:00+0200,2026-10-06
A,JAN,HU,2020,9689376,,demo_gind,2026-09-30T23:00:00+0200,2026-10-06
A,JAN,HU,2021,9651461,,demo_gind,2026-09-30T23:00:00+0200,2026-10-06
A,JAN,HU,2022,9610403,,demo_gind,2026-09-30T23:00:00+0200,2026-10-06
A,JAN,HU,2023,9599744,,demo_gind,2026-09-30T23:00:00+0200,2026-10-06
A,JAN,HU,2024,9584627,,demo_gind,2026-09-30T23:00:00+0200,2026-10-06
A,JAN,HU,2025,9539502,,demo_gind,2026-09-30T23:00:00+0200,2026-10-06
A,JAN,HU,2026,9488428,,demo_gind,2026-09-30T23:00:00+0200,2026-10-06
A,JAN,IE,1990,3506970,,demo_gind,2026-09-30T23:00:00+0200,2026-10-06
A,JAN,IE,1991,3520977,,demo_gind,2026-09-30T23:00:00+0200,2026-10-06
A,JAN,IE,1992,3547492,,demo_gind,2026-09-30T23:00:00+0200,2026-10-06
A,JAN,IE,1993,3569367,,demo_gind,2026-09-30T23:00:00+0200,2026-10-06
A,JAN,IE,1994,3583154,,demo_gind,2026-09-30T23:00:00+0200,2026-10-06
A,JAN,IE,1995,3597617,,demo_gind,2026-09-30T23:00:00+0200,2026-10-06
A,JAN,IE,1996,3620065,,demo_gind,2026-09-30T23:00:00+0200,2026-10-06
A,JAN,IE,1997,3654955,,demo_gind,2026-09-30T23:00:00+0200,2026-10-06
A,JAN,IE,1998,3693386,,demo_gind,2026-09-30T23:00:00+0200,2026-10-06
A,JAN,IE,1999,3732006,,demo_gind,2026-09-30T23:00:00+0200,2026-10-06
A,JAN,IE,2000,3777565,,demo_gind,2026-09-30T23:00:00+0200,2026-10-06
A,JAN,IE,2001,3832783,,demo_gind,2026-09-30T23:00:00+0200,2026-10-06
A,JAN,IE,2002,3899702,,demo_gind,2026-09-30T23:00:00+0200,2026-10-06
A,JAN,IE,2003,3964191,,demo_gind,2026-09-30T23:00:00+0200,2026-10-06
A,JAN,IE,2004,4028851,,demo_gind,2026-09-30T23:00:00+0200,2026-10-06
A,JAN,IE,2005,4111672,,demo_gind,2026-09-30T23:00:00+0200,2026-10-06
A,JAN,IE,2006,4208156,,demo_gind,2026-09-30T23:00:00+0200,2026-10-06
A,JAN,IE,2007,4340118,,demo_gind,2026-09-30T23:00:00+0200,2026-10-06
A,JAN,IE,2008,4457765,,demo_gind,2026-09-30T23:00:00+0200,2026-10-06
A,JAN,IE,2009,4521322,,demo_gind,2026-09-30T23:00:00+0200,2026-10-06
A,JAN,IE,2010,4549428,,demo_gind,2026-09-30T23:00:00+0200,2026-10-06
A,JAN,IE,2011,4570881,,demo_gind,2026-09-30T23:00:00+0200,2026-10-06
A,JAN,IE,2012,4589287,,demo_gind,2026-09-30T23:00:00+0200,2026-10-06
A,JAN,IE,2013,4609779,,demo_gind,2026-09-30T23:00:00+0200,2026-10-06
A,JAN,IE,2014,4637852,,demo_gind,2026-09-30T23:00:00+0200,2026-10-06
A,JAN,IE,2015,4677627,,demo_gind,2026-09-30T23:00:00+0200,2026-10-06
A,JAN,IE,2016,4726286,,demo_gind,2026-09-30T23:00:00+0200,2026-10-06
A,JAN,IE,2017,4799157,,demo_gind,2026-09-30T23:00:00+0200,2026-10-06
A,JAN,IE,2018,4855733,,demo_gind,2026-09-30T23:00:00+0200,2026-10-06
A,JAN,IE,2019,4940311,,demo_gind,2026-09-30T23:00:00+0200,2026-10-06
A,JAN,IE,2020,5012600,,demo_gind,2026-09-30T23:00:00+0200,2026-10-06
A,JAN,IE,2021,5066893,,demo_gind,2026-09-30T23:00:00+0200,2026-10-06
A,JAN,IE,2022,5154277,,demo_gind,2026-09-30T23:00:00+0200,2026-10-06
A,JAN,IE,2023,5271395,,demo_gind,2026-09-30T23:00:00+0200,2026-10-06
A,JAN,IE,2024,5351681,,demo_gind,2026-09-30T23:00:00+0200,2026-10-06
A,JAN,IE,2025,5440278,,demo_gind,2026-09-30T23:00:00+0200,2026-10-06
A,JAN,IE,2026,5510565,,demo_gind,2026-09-30T23:00:00+0200,2026-10-06
A,JAN,IS,1990,253785,,demo_gind,2026-09-30T23:00:00+0200,2026-10-06
A,JAN,IS,1991,255866,,demo_gind,2026-09-30T23:00:00+0200,2026-10-06
A,JAN,IS,1992,259727,,demo_gind,2026-09-30T23:00:00+0200,2026-10-06
A,JAN,IS,1993,262386,,demo_gind,2026-09-30T23:00:00+0200,2026-10-06
A,JAN,IS,1994,265064,,demo_gind,2026-09-30T23:00:00+0200,2026-10-06
A,JAN,IS,1995,266978,,demo_gind,2026-09-30T23:00:00+0200,2026-10-06
A,JAN,IS,1996,267958,,demo_gind,2026-09-30T23:00:00+0200,2026-10-06
A,JAN,IS,1997,269874,,demo_gind,2026-09-30T23:00:00+0200,2026-10-06
A,JAN,IS,1998,272381,,demo_gind,2026-09-30T23:00:00+0200,2026-10-06
A,JAN,IS,1999,275712,,demo_gind,2026-09-30T23:00:00+0200,2026-10-06
A,JAN,IS,2000,279049,,demo_gind,2026-09-30T23:00:00+0200,2026-10-06
A,JAN,IS,2001,283361,,demo_gind,2026-09-30T23:00:00+0200,2026-10-06
A,JAN,IS,2002,286575,,demo_gind,2026-09-30T23:00:00+0200,2026-10-06
A,JAN,IS,2003,288471,,demo_gind,2026-09-30T23:00:00+0200,2026-10-06
A,JAN,IS,2004,290570,,demo_gind,2026-09-30T23:00:00+0200,2026-10-06
A,JAN,IS,2005,293577,,demo_gind,2026-09-30T23:00:00+0200,2026-10-06
A,JAN,IS,2006,299891,,demo_gind,2026-09-30T23:00:00+0200,2026-10-06
A,JAN,IS,2007,307672,,demo_gind,2026-09-30T23:00:00+0200,2026-10-06
A,JAN,IS,2008,315459,,demo_gind,2026-09-30T23:00:00+0200,2026-10-06
A,JAN,IS,2009,319368,,demo_gind,2026-09-30T23:00:00+0200,2026-10-06
A,JAN,IS,2010,317630,,demo_gind,2026-09-30T23:00:00+0200,2026-10-06
A,JAN,IS,2011,318452,,demo_gind,2026-09-30T23:00:00+0200,2026-10-06
A,JAN,IS,2012,319575,,demo_gind,2026-09-30T23:00:00+0200,2026-10-06
A,JAN,IS,2013,321857,,demo_gind,2026-09-30T23:00:00+0200,2026-10-06
A,JAN,IS,2014,325671,,demo_gind,2026-09-30T23:00:00+0200,2026-10-06
A,JAN,IS,2015,329100,,demo_gind,2026-09-30T23:00:00+0200,2026-10-06
A,JAN,IS,2016,332529,,demo_gind,2026-09-30T23:00:00+0200,2026-10-06
A,JAN,IS,2017,338349,,demo_gind,2026-09-30T23:00:00+0200,2026-10-06
A,JAN,IS,2018,348450,,demo_gind,2026-09-30T23:00:00+0200,2026-10-06
A,JAN,IS,2019,356991,,demo_gind,2026-09-30T23:00:00+0200,2026-10-06
A,JAN,IS,2020,364134,,demo_gind,2026-09-30T23:00:00+0200,2026-10-06
A,JAN,IS,2021,368792,,demo_gind,2026-09-30T23:00:00+0200,2026-10-06
A,JAN,IS,2022,376248,,demo_gind,2026-09-30T23:00:00+0200,2026-10-06
A,JAN,IS,2023,387758,,demo_gind,2026-09-30T23:00:00+0200,2026-10-06
A,JAN,IS,2024,383567,,demo_gind,2026-09-30T23:00:00+0200,2026-10-06
A,JAN,IS,2025,389444,,demo_gind,2026-09-30T23:00:00+0200,2026-10-06
A,JAN,IS,2026,394324,,demo_gind,2026-09-30T23:00:00+0200,2026-10-06
A,JAN,IT,1990,56694360,,demo_gind,2026-09-30T23:00:00+0200,2026-10-06
A,JAN,IT,1991,56744119,,demo_gind,2026-09-30T23:00:00+0200,2026-10-06
A,JAN,IT,1992,56772923,,demo_gind,2026-09-30T23:00:00+0200,2026-10-06
A,JAN,IT,1993,56821250,,demo_gind,2026-09-30T23:00:00+0200,2026-10-06
A,JAN,IT,1994,56842392,,demo_gind,2026-09-30T23:00:00+0200,2026-10-06
A,JAN,IT,1995,56844408,,demo_gind,2026-09-30T23:00:00+0200,2026-10-06
A,JAN,IT,1996,56844197,,demo_gind,2026-09-30T23:00:00+0200,2026-10-06
A,JAN,IT,1997,56876364,,demo_gind,2026-09-30T23:00:00+0200,2026-10-06
A,JAN,IT,1998,56904379,,demo_gind,2026-09-30T23:00:00+0200,2026-10-06
A,JAN,IT,1999,56909109,,demo_gind,2026-09-30T23:00:00+0200,2026-10-06
A,JAN,IT,2000,56923524,,demo_gind,2026-09-30T23:00:00+0200,2026-10-06
A,JAN,IT,2001,56960692,,demo_gind,2026-09-30T23:00:00+0200,2026-10-06
A,JAN,IT,2002,56993270,,demo_gind,2026-09-30T23:00:00+0200,2026-10-06
A,JAN,IT,2003,57186378,,demo_gind,2026-09-30T23:00:00+0200,2026-10-06
A,JAN,IT,2004,57611990,,demo_gind,2026-09-30T23:00:00+0200,2026-10-06
A,JAN,IT,2005,58044368,,demo_gind,2026-09-30T23:00:00+0200,2026-10-06
A,JAN,IT,2006,58288996,,demo_gind,2026-09-30T23:00:00+0200,2026-10-06
A,JAN,IT,2007,58510725,,demo_gind,2026-09-30T23:00:00+0200,2026-10-06
A,JAN,IT,2008,59001769,,demo_gind,2026-09-30T23:00:00+0200,2026-10-06
A,JAN,IT,2009,59420592,,demo_gind,2026-09-30T23:00:00+0200,2026-10-06
A,JAN,IT,2010,59690316,,demo_gind,2026-09-30T23:00:00+0200,2026-10-06
A,JAN,IT,2011,59948497,,demo_gind,2026-09-30T23:00:00+0200,2026-10-06
A,JAN,IT,2012,60105185,,demo_gind,2026-09-30T23:00:00+0200,2026-10-06
A,JAN,IT,2013,60277309,,demo_gind,2026-09-30T23:00:00+0200,2026-10-06
A,JAN,IT,2014,60345917,,demo_gind,2026-09-30T23:00:00+0200,2026-10-06
A,JAN,IT,2015,60295497,,demo_gind,2026-09-30T23:00:00+0200,2026-10-06
A,JAN,IT,2016,60163712,,demo_gind,2026-09-30T23:00:00+0200,2026-10-06
A,JAN,IT,2017,60066734,,demo_gind,2026-09-30T23:00:00+0200,2026-10-06
A,JAN,IT,2018,59937769,,demo_gind,2026-09-30T23:00:00+0200,2026-10-06
A,JAN,IT,2019,59816673,,demo_gind,2026-09-30T23:00:00+0200,2026-10-06
A,JAN,IT,2020,59641488,,demo_gind,2026-09-30T23:00:00+0200,2026-10-06
A,JAN,IT,2021,59236213,,demo_gind,2026-09-30T23:00:00+0200,2026-10-06
A,JAN,IT,2022,59030133,,demo_gind,2026-09-30T23:00:00+0200,2026-10-06
A,JAN,IT,2023,58997201,,demo_gind,2026-09-30T23:00:00+0200,2026-10-06
A,JAN,IT,2024,58971230,,demo_gind,2026-09-30T23:00:00+0200,2026-10-06
A,JAN,IT,2025,58943464,,demo_gind,2026-09-30T23:00:00+0200,2026-10-06
A,JAN,IT,2026,58942828,p,demo_gind,2026-09-30T23:00:00+0200,2026-10-06
A,JAN,LI,1990,28452,,demo_gind,2026-09-30T23:00:00+0200,2026-10-06
A,JAN,LI,1991,29032,,demo_gind,2026-09-30T23:00:00+0200,2026-10-06
A,JAN,LI,1992,29386,,demo_gind,2026-09-30T23:00:00+0200,2026-10-06
A,JAN,LI,1993,29868,,demo_gind,2026-09-30T23:00:00+0200,2026-10-06
A,JAN,LI,1994,30310,,demo_gind,2026-09-30T23:00:00+0200,2026-10-06
A,JAN,LI,1995,30629,,demo_gind,2026-09-30T23:00:00+0200,2026-10-06
A,JAN,LI,1996,30923,,demo_gind,2026-09-30T23:00:00+0200,2026-10-06
A,JAN,LI,1997,31143,,demo_gind,2026-09-30T23:00:00+0200,2026-10-06
A,JAN,LI,1998,31320,,demo_gind,2026-09-30T23:00:00+0200,2026-10-06
A,JAN,LI,1999,32015,,demo_gind,2026-09-30T23:00:00+0200,2026-10-06
A,JAN,LI,2000,32426,,demo_gind,2026-09-30T23:00:00+0200,2026-10-06
A,JAN,LI,2001,32863,,demo_gind,2026-09-30T23:00:00+0200,2026-10-06
A,JAN,LI,2002,33525,,demo_gind,2026-09-30T23:00:00+0200,2026-10-06
A,JAN,LI,2003,33863,,demo_gind,2026-09-30T23:00:00+0200,2026-10-06
A,JAN,LI,2004,34294,,demo_gind,2026-09-30T23:00:00+0200,2026-10-06
A,JAN,LI,2005,34600,,demo_gind,2026-09-30T23:00:00+0200,2026-10-06
A,JAN,LI,2006,34905,,demo_gind,2026-09-30T23:00:00+0200,2026-10-06
A,JAN,LI,2007,35168,,demo_gind,2026-09-30T23:00:00+0200,2026-10-06
A,JAN,LI,2008,35356,,demo_gind,2026-09-30T23:00:00+0200,2026-10-06
A,JAN,LI,2009,35589,,demo_gind,2026-09-30T23:00:00+0200,2026-10-06
A,JAN,LI,2010,35894,,demo_gind,2026-09-30T23:00:00+0200,2026-10-06
A,JAN,LI,2011,36149,,demo_gind,2026-09-30T23:00:00+0200,2026-10-06
A,JAN,LI,2012,36475,,demo_gind,2026-09-30T23:00:00+0200,2026-10-06
A,JAN,LI,2013,36838,,demo_gind,2026-09-30T23:00:00+0200,2026-10-06
A,JAN,LI,2014,37129,,demo_gind,2026-09-30T23:00:00+0200,2026-10-06
A,JAN,LI,2015,37366,,demo_gind,2026-09-30T23:00:00+0200,2026-10-06
A,JAN,LI,2016,37622,,demo_gind,2026-09-30T23:00:00+0200,2026-10-06
A,JAN,LI,2017,37810,,demo_gind,2026-09-30T23:00:00+0200,2026-10-06
A,JAN,LI,2018,38114,,demo_gind,2026-09-30T23:00:00+0200,2026-10-06
A,JAN,LI,2019,38378,,demo_gind,2026-09-30T23:00:00+0200,2026-10-06
A,JAN,LI,2020,38747,,demo_gind,2026-09-30T23:00:00+0200,2026-10-06
A,JAN,LI,2021,39055,,demo_gind,2026-09-30T23:00:00+0200,2026-10-06
A,JAN,LI,2022,39308,,demo_gind,2026-09-30T23:00:00+0200,2026-10-06
A,JAN,LI,2023,39677,,demo_gind,2026-09-30T23:00:00+0200,2026-10-06
A,JAN,LI,2024,40015,,demo_gind,2026-09-30T23:00:00+0200,2026-10-06
A,JAN,LI,2025,40886,,demo_gind,2026-09-30T23:00:00+0200,2026-10-06
A,JAN,LI,2026,41227,p,demo_gind,2026-09-30T23:00:00+0200,2026-10-06
A,JAN,LT,1990,3693708,,demo_gind,2026-09-30T23:00:00+0200,2026-10-06
A,JAN,LT,1991,3701968,,demo_gind,2026-09-30T23:00:00+0200,2026-10-06
A,JAN,LT,1992,3706299,,demo_gind,2026-09-30T23:00:00+0200,2026-10-06
A,JAN,LT,1993,3693929,,demo_gind,2026-09-30T23:00:00+0200,2026-10-06
A,JAN,LT,1994,3671296,,demo_gind,2026-09-30T23:00:00+0200,2026-10-06
A,JAN,LT,1995,3642991,,demo_gind,2026-09-30T23:00:00+0200,2026-10-06
A,JAN,LT,1996,3615212,,demo_gind,2026-09-30T23:00:00+0200,2026-10-06
A,JAN,LT,1997,3588013,,demo_gind,2026-09-30T23:00:00+0200,2026-10-06
A,JAN,LT,1998,3562261,,demo_gind,2026-09-30T23:00:00+0200,2026-10-06
A,JAN,LT,1999,3536401,,demo_gind,2026-09-30T23:00:00+0200,2026-10-06
A,JAN,LT,2000,3512074,,demo_gind,2026-09-30T23:00:00+0200,2026-10-06
A,JAN,LT,2001,3486998,,demo_gind,2026-09-30T23:00:00+0200,2026-10-06
A,JAN,LT,2002,3454637,,demo_gind,2026-09-30T23:00:00+0200,2026-10-06
A,JAN,LT,2003,3431497,,demo_gind,2026-09-30T23:00:00+0200,2026-10-06
A,JAN,LT,2004,3398929,,demo_gind,2026-09-30T23:00:00+0200,2026-10-06
A,JAN,LT,2005,3355220,,demo_gind,2026-09-30T23:00:00+0200,2026-10-06
A,JAN,LT,2006,3289835,,demo_gind,2026-09-30T23:00:00+0200,2026-10-06
A,JAN,LT,2007,3249983,,demo_gind,2026-09-30T23:00:00+0200,2026-10-06
A,JAN,LT,2008,3212605,,demo_gind,2026-09-30T23:00:00+0200,2026-10-06
A,JAN,LT,2009,3183856,,demo_gind,2026-09-30T23:00:00+0200,2026-10-06
A,JAN,LT,2010,3141976,,demo_gind,2026-09-30T23:00:00+0200,2026-10-06
A,JAN,LT,2011,3052588,,demo_gind,2026-09-30T23:00:00+0200,2026-10-06
A,JAN,LT,2012,3003641,,demo_gind,2026-09-30T23:00:00+0200,2026-10-06
A,JAN,LT,2013,2974637,,demo_gind,2026-09-30T23:00:00+0200,2026-10-06
A,JAN,LT,2014,2947862,,demo_gind,2026-09-30T23:00:00+0200,2026-10-06
A,JAN,LT,2015,2926644,,demo_gind,2026-09-30T23:00:00+0200,2026-10-06
A,JAN,LT,2016,2895573,,demo_gind,2026-09-30T23:00:00+0200,2026-10-06
A,JAN,LT,2017,2859077,,demo_gind,2026-09-30T23:00:00+0200,2026-10-06
A,JAN,LT,2018,2826200,,demo_gind,2026-09-30T23:00:00+0200,2026-10-06
A,JAN,LT,2019,2812200,,demo_gind,2026-09-30T23:00:00+0200,2026-10-06
A,JAN,LT,2020,2809977,,demo_gind,2026-09-30T23:00:00+0200,2026-10-06
A,JAN,LT,2021,2810761,,demo_gind,2026-09-30T23:00:00+0200,2026-10-06
A,JAN,LT,2022,2805998,,demo_gind,2026-09-30T23:00:00+0200,2026-10-06
A,JAN,LT,2023,2857279,,demo_gind,2026-09-30T23:00:00+0200,2026-10-06
A,JAN,LT,2024,2885891,,demo_gind,2026-09-30T23:00:00+0200,2026-10-06
A,JAN,LT,2025,2890664,,demo_gind,2026-09-30T23:00:00+0200,2026-10-06
A,JAN,LT,2026,2887592,,demo_gind,2026-09-30T23:00:00+0200,2026-10-06
A,JAN,LU,1990,379300,,demo_gind,2026-09-30T23:00:00+0200,2026-10-06
A,JAN,LU,1991,384400,,demo_gind,2026-09-30T23:00:00+0200,2026-10-06
A,JAN,LU,1992,389600,,demo_gind,2026-09-30T23:00:00+0200,2026-10-06
A,JAN,LU,1993,394750,,demo_gind,2026-09-30T23:00:00+0200,2026-10-06
A,JAN,LU,1994,400200,,demo_gind,2026-09-30T23:00:00+0200,2026-10-06
A,JAN,LU,1995,405650,,demo_gind,2026-09-30T23:00:00+0200,2026-10-06
A,JAN,LU,1996,411600,,demo_gind,2026-09-30T23:00:00+0200,2026-10-06
A,JAN,LU,1997,416850,,demo_gind,2026-09-30T23:00:00+0200,2026-10-06
A,JAN,LU,1998,422050,,demo_gind,2026-09-30T23:00:00+0200,2026-10-06
A,JAN,LU,1999,427350,,demo_gind,2026-09-30T23:00:00+0200,2026-10-06
A,JAN,LU,2000,433600,,demo_gind,2026-09-30T23:00:00+0200,2026-10-06
A,JAN,LU,2001,439000,,demo_gind,2026-09-30T23:00:00+0200,2026-10-06
A,JAN,LU,2002,444050,,demo_gind,2026-09-30T23:00:00+0200,2026-10-06
A,JAN,LU,2003,448300,,demo_gind,2026-09-30T23:00:00+0200,2026-10-06
A,JAN,LU,2004,454960,,demo_gind,2026-09-30T23:00:00+0200,2026-10-06
A,JAN,LU,2005,461230,,demo_gind,2026-09-30T23:00:00+0200,2026-10-06
A,JAN,LU,2006,469086,,demo_gind,2026-09-30T23:00:00+0200,2026-10-06
A,JAN,LU,2007,476187,,demo_gind,2026-09-30T23:00:00+0200,2026-10-06
A,JAN,LU,2008,483799,,demo_gind,2026-09-30T23:00:00+0200,2026-10-06
A,JAN,LU,2009,493500,,demo_gind,2026-09-30T23:00:00+0200,2026-10-06
A,JAN,LU,2010,502066,,demo_gind,2026-09-30T23:00:00+0200,2026-10-06
A,JAN,LU,2011,511840,,demo_gind,2026-09-30T23:00:00+0200,2026-10-06
A,JAN,LU,2012,524853,b,demo_gind,2026-09-30T23:00:00+0200,2026-10-06
A,JAN,LU,2013,537039,,demo_gind,2026-09-30T23:00:00+0200,2026-10-06
A,JAN,LU,2014,549680,,demo_gind,2026-09-30T23:00:00+0200,2026-10-06
A,JAN,LU,2015,562958,,demo_gind,2026-09-30T23:00:00+0200,2026-10-06
A,JAN,LU,2016,576249,,demo_gind,2026-09-30T23:00:00+0200,2026-10-06
A,JAN,LU,2017,590667,b,demo_gind,2026-09-30T23:00:00+0200,2026-10-06
A,JAN,LU,2018,602005,,demo_gind,2026-09-30T23:00:00+0200,2026-10-06
A,JAN,LU,2019,613894,,demo_gind,2026-09-30T23:00:00+0200,2026-10-06
A,JAN,LU,2020,626108,,demo_gind,2026-09-30T23:00:00+0200,2026-10-06
A,JAN,LU,2021,634730,,demo_gind,2026-09-30T23:00:00+0200,2026-10-06
A,JAN,LU,2022,645397,,demo_gind,2026-09-30T23:00:00+0200,2026-10-06
A,JAN,LU,2023,660809,,demo_gind,2026-09-30T23:00:00+0200,2026-10-06
A,JAN,LU,2024,672050,,demo_gind,2026-09-30T23:00:00+0200,2026-10-06
A,JAN,LU,2025,681973,,demo_gind,2026-09-30T23:00:00+0200,2026-10-06
A,JAN,LU,2026,690959,,demo_gind,2026-09-30T23:00:00+0200,2026-10-06
A,JAN,LV,1990,2668140,,demo_gind,2026-09-30T23:00:00+0200,2026-10-06
A,JAN,LV,1991,2658161,,demo_gind,2026-09-30T23:00:00+0200,2026-10-06
A,JAN,LV,1992,2643000,,demo_gind,2026-09-30T23:00:00+0200,2026-10-06
A,JAN,LV,1993,2585675,,demo_gind,2026-09-30T23:00:00+0200,2026-10-06
A,JAN,LV,1994,2540904,,demo_gind,2026-09-30T23:00:00+0200,2026-10-06
A,JAN,LV,1995,2500580,,demo_gind,2026-09-30T23:00:00+0200,2026-10-06
A,JAN,LV,1996,2469531,,demo_gind,2026-09-30T23:00:00+0200,2026-10-06
A,JAN,LV,1997,2444912,,demo_gind,2026-09-30T23:00:00+0200,2026-10-06
A,JAN,LV,1998,2420789,,demo_gind,2026-09-30T23:00:00+0200,2026-10-06
A,JAN,LV,1999,2399248,,demo_gind,2026-09-30T23:00:00+0200,2026-10-06
A,JAN,LV,2000,2381715,,demo_gind,2026-09-30T23:00:00+0200,2026-10-06
A,JAN,LV,2001,2353384,,demo_gind,2026-09-30T23:00:00+0200,2026-10-06
A,JAN,LV,2002,2320956,,demo_gind,2026-09-30T23:00:00+0200,2026-10-06
A,JAN,LV,2003,2299390,,demo_gind,2026-09-30T23:00:00+0200,2026-10-06
A,JAN,LV,2004,2276520,,demo_gind,2026-09-30T23:00:00+0200,2026-10-06
A,JAN,LV,2005,2249724,,demo_gind,2026-09-30T23:00:00+0200,2026-10-06
A,JAN,LV,2006,2227874,,demo_gind,2026-09-30T23:00:00+0200,2026-10-06
A,JAN,LV,2007,2208840,,demo_gind,2026-09-30T23:00:00+0200,2026-10-06
A,JAN,LV,2008,2191810,,demo_gind,2026-09-30T23:00:00+0200,2026-10-06
A,JAN,LV,2009,2162834,,demo_gind,2026-09-30T23:00:00+0200,2026-10-06
A,JAN,LV,2010,2120504,,demo_gind,2026-09-30T23:00:00+0200,2026-10-06
A,JAN,LV,2011,2074605,,demo_gind,2026-09-30T23:00:00+0200,2026-10-06
A,JAN,LV,2012,2044813,,demo_gind,2026-09-30T23:00:00+0200,2026-10-06
A,JAN,LV,2013,2023825,,demo_gind,2026-09-30T23:00:00+0200,2026-10-06
A,JAN,LV,2014,2001468,,demo_gind,2026-09-30T23:00:00+0200,2026-10-06
A,JAN,LV,2015,1986096,,demo_gind,2026-09-30T23:00:00+0200,2026-10-06
A,JAN,LV,2016,1968957,,demo_gind,2026-09-30T23:00:00+0200,2026-10-06
A,JAN,LV,2017,1950116,,demo_gind,2026-09-30T23:00:00+0200,2026-10-06
A,JAN,LV,2018,1934379,,demo_gind,2026-09-30T23:00:00+0200,2026-10-06
A,JAN,LV,2019,1919968,,demo_gind,2026-09-30T23:00:00+0200,2026-10-06
A,JAN,LV,2020,1907675,,demo_gind,2026-09-30T23:00:00+0200,2026-10-06
A,JAN,LV,2021,1893223,,demo_gind,2026-09-30T23:00:00+0200,2026-10-06
A,JAN,LV,2022,1875757,,demo_gind,2026-09-30T23:00:00+0200,2026-10-06
A,JAN,LV,2023,1895239,b,demo_gind,2026-09-30T23:00:00+0200,2026-10-06
A,JAN,LV,2024,1878575,,demo_gind,2026-09-30T23:00:00+0200,2026-10-06
A,JAN,LV,2025,1860565,,demo_gind,2026-09-30T23:00:00+0200,2026-10-06
A,JAN,LV,2026,1845096,,demo_gind,2026-09-30T23:00:00+0200,2026-10-06
A,JAN,MC,2004,32828,,demo_gind,2026-09-30T23:00:00+0200,2026-10-06
A,JAN,MC,2005,33085,,demo_gind,2026-09-30T23:00:00+0200,2026-10-06
A,JAN,MC,2015,37700,e,demo_gind,2026-09-30T23:00:00+0200,2026-10-06
A,JAN,MC,2016,38200,,demo_gind,2026-09-30T23:00:00+0200,2026-10-06
A,JAN,MC,2018,38300,,demo_gind,2026-09-30T23:00:00+0200,2026-10-06
A,JAN,MC,2019,38300,e,demo_gind,2026-09-30T23:00:00+0200,2026-10-06
A,JAN,MC,2024,38367,,demo_gind,2026-09-30T23:00:00+0200,2026-10-06
A,JAN,MC,2025,38423,,demo_gind,2026-09-30T23:00:00+0200,2026-10-06
A,JAN,MC,2026,38857,,demo_gind,2026-09-30T23:00:00+0200,2026-10-06
A,JAN,MD,1996,4331870,,demo_gind,2026-09-30T23:00:00+0200,2026-10-06
A,JAN,MD,1997,3657900,,demo_gind,2026-09-30T23:00:00+0200,2026-10-06
A,JAN,MD,1998,3655559,,demo_gind,2026-09-30T23:00:00+0200,2026-10-06
A,JAN,MD,1999,3649930,,demo_gind,2026-09-30T23:00:00+0200,2026-10-06
A,JAN,MD,2000,3644070,,demo_gind,2026-09-30T23:00:00+0200,2026-10-06
A,JAN,MD,2001,3635112,,demo_gind,2026-09-30T23:00:00+0200,2026-10-06
A,JAN,MD,2002,3627812,,demo_gind,2026-09-30T23:00:00+0200,2026-10-06
A,JAN,MD,2003,3618312,,demo_gind,2026-09-30T23:00:00+0200,2026-10-06
A,JAN,MD,2004,3607435,,demo_gind,2026-09-30T23:00:00+0200,2026-10-06
A,JAN,MD,2005,3600436,,demo_gind,2026-09-30T23:00:00+0200,2026-10-06
A,JAN,MD,2006,3589936,,demo_gind,2026-09-30T23:00:00+0200,2026-10-06
A,JAN,MD,2007,3581110,,demo_gind,2026-09-30T23:00:00+0200,2026-10-06
A,JAN,MD,2008,3572703,,demo_gind,2026-09-30T23:00:00+0200,2026-10-06
A,JAN,MD,2009,3567512,,demo_gind,2026-09-30T23:00:00+0200,2026-10-06
A,JAN,MD,2010,3563695,,demo_gind,2026-09-30T23:00:00+0200,2026-10-06
A,JAN,MD,2011,3560430,,demo_gind,2026-09-30T23:00:00+0200,2026-10-06
A,JAN,MD,2012,3559541,,demo_gind,2026-09-30T23:00:00+0200,2026-10-06
A,JAN,MD,2013,3559497,,demo_gind,2026-09-30T23:00:00+0200,2026-10-06
A,JAN,MD,2014,3557634,,demo_gind,2026-09-30T23:00:00+0200,2026-10-06
A,JAN,MD,2015,3555159,,demo_gind,2026-09-30T23:00:00+0200,2026-10-06
A,JAN,MD,2016,2846327,e,demo_gind,2026-09-30T23:00:00+0200,2026-10-06
A,JAN,MD,2017,2825628,e,demo_gind,2026-09-30T23:00:00+0200,2026-10-06
A,JAN,MD,2018,2780744,e,demo_gind,2026-09-30T23:00:00+0200,2026-10-06
A,JAN,MD,2019,2729634,e,demo_gind,2026-09-30T23:00:00+0200,2026-10-06
A,JAN,MD,2020,2684772,e,demo_gind,2026-09-30T23:00:00+0200,2026-10-06
A,JAN,MD,2021,2643675,e,demo_gind,2026-09-30T23:00:00+0200,2026-10-06
A,JAN,MD,2022,2565030,e,demo_gind,2026-09-30T23:00:00+0200,2026-10-06
A,JAN,MD,2023,2512758,ep,demo_gind,2026-09-30T23:00:00+0200,2026-10-06
A,JAN,MD,2024,2423287,ep,demo_gind,2026-09-30T23:00:00+0200,2026-10-06
A,JAN,MD,2025,2415549,e,demo_gind,2026-09-30T23:00:00+0200,2026-10-06
A,JAN,MD,2026,2365645,,demo_gind,2026-09-30T23:00:00+0200,2026-10-06
A,JAN,ME,1995,633015,,demo_gind,2026-09-30T23:00:00+0200,2026-10-06
A,JAN,ME,1996,603317,,demo_gind,2026-09-30T23:00:00+0200,2026-10-06
A,JAN,ME,1997,605611,,demo_gind,2026-09-30T23:00:00+0200,2026-10-06
A,JAN,ME,1998,607906,,demo_gind,2026-09-30T23:00:00+0200,2026-10-06
A,JAN,ME,1999,610201,,demo_gind,2026-09-30T23:00:00+0200,2026-10-06
A,JAN,ME,2000,603152,,demo_gind,2026-09-30T23:00:00+0200,2026-10-06
A,JAN,ME,2001,605988,,demo_gind,2026-09-30T23:00:00+0200,2026-10-06
A,JAN,ME,2002,608460,,demo_gind,2026-09-30T23:00:00+0200,2026-10-06
A,JAN,ME,2003,610510,,demo_gind,2026-09-30T23:00:00+0200,2026-10-06
A,JAN,ME,2004,612214,,demo_gind,2026-09-30T23:00:00+0200,2026-10-06
A,JAN,ME,2005,613420,,demo_gind,2026-09-30T23:00:00+0200,2026-10-06
A,JAN,ME,2006,613109,,demo_gind,2026-09-30T23:00:00+0200,2026-10-06
A,JAN,ME,2007,614624,,demo_gind,2026-09-30T23:00:00+0200,2026-10-06
A,JAN,ME,2008,615543,,demo_gind,2026-09-30T23:00:00+0200,2026-10-06
A,JAN,ME,2009,617157,,demo_gind,2026-09-30T23:00:00+0200,2026-10-06
A,JAN,ME,2010,619001,,demo_gind,2026-09-30T23:00:00+0200,2026-10-06
A,JAN,ME,2011,619850,,demo_gind,2026-09-30T23:00:00+0200,2026-10-06
A,JAN,ME,2012,620308,,demo_gind,2026-09-30T23:00:00+0200,2026-10-06
A,JAN,ME,2013,620893,,demo_gind,2026-09-30T23:00:00+0200,2026-10-06
A,JAN,ME,2014,621521,,demo_gind,2026-09-30T23:00:00+0200,2026-10-06
A,JAN,ME,2015,622099,,demo_gind,2026-09-30T23:00:00+0200,2026-10-06
A,JAN,ME,2016,622218,,demo_gind,2026-09-30T23:00:00+0200,2026-10-06
A,JAN,ME,2017,622387,,demo_gind,2026-09-30T23:00:00+0200,2026-10-06
A,JAN,ME,2018,622359,,demo_gind,2026-09-30T23:00:00+0200,2026-10-06
A,JAN,ME,2019,622182,,demo_gind,2026-09-30T23:00:00+0200,2026-10-06
A,JAN,ME,2020,621873,,demo_gind,2026-09-30T23:00:00+0200,2026-10-06
A,JAN,ME,2021,620739,,demo_gind,2026-09-30T23:00:00+0200,2026-10-06
A,JAN,ME,2022,617683,,demo_gind,2026-09-30T23:00:00+0200,2026-10-06
A,JAN,ME,2023,616695,,demo_gind,2026-09-30T23:00:00+0200,2026-10-06
A,JAN,ME,2024,623680,,demo_gind,2026-09-30T23:00:00+0200,2026-10-06
A,JAN,ME,2025,623327,,demo_gind,2026-09-30T23:00:00+0200,2026-10-06
A,JAN,ME,2026,622902,,demo_gind,2026-09-30T23:00:00+0200,2026-10-06
A,JAN,MK,1990,1873109,,demo_gind,2026-09-30T23:00:00+0200,2026-10-06
A,JAN,MK,1991,1890872,,demo_gind,2026-09-30T23:00:00+0200,2026-10-06
A,JAN,MK,1992,1908941,,demo_gind,2026-09-30T23:00:00+0200,2026-10-06
A,JAN,MK,1993,2061000,,demo_gind,2026-09-30T23:00:00+0200,2026-10-06
A,JAN,MK,1994,1936741,,demo_gind,2026-09-30T23:00:00+0200,2026-10-06
A,JAN,MK,1995,1957265,,demo_gind,2026-09-30T23:00:00+0200,2026-10-06
A,JAN,MK,1996,1971687,,demo_gind,2026-09-30T23:00:00+0200,2026-10-06
A,JAN,MK,1997,1991398,,demo_gind,2026-09-30T23:00:00+0200,2026-10-06
A,JAN,MK,1998,2002340,,demo_gind,2026-09-30T23:00:00+0200,2026-10-06
A,JAN,MK,1999,2012705,,demo_gind,2026-09-30T23:00:00+0200,2026-10-06
A,JAN,MK,2000,2021578,,demo_gind,2026-09-30T23:00:00+0200,2026-10-06
A,JAN,MK,2001,2031112,,demo_gind,2026-09-30T23:00:00+0200,2026-10-06
A,JAN,MK,2002,2038651,,demo_gind,2026-09-30T23:00:00+0200,2026-10-06
A,JAN,MK,2003,2023654,,demo_gind,2026-09-30T23:00:00+0200,2026-10-06
A,JAN,MK,2004,2029892,,demo_gind,2026-09-30T23:00:00+0200,2026-10-06
A,JAN,MK,2005,2035196,,demo_gind,2026-09-30T23:00:00+0200,2026-10-06
A,JAN,MK,2006,2038514,,demo_gind,2026-09-30T23:00:00+0200,2026-10-06
A,JAN,MK,2007,2041941,,demo_gind,2026-09-30T23:00:00+0200,2026-10-06
A,JAN,MK,2008,2045177,,demo_gind,2026-09-30T23:00:00+0200,2026-10-06
A,JAN,MK,2009,2048619,,demo_gind,2026-09-30T23:00:00+0200,2026-10-06
A,JAN,MK,2010,2052722,,demo_gind,2026-09-30T23:00:00+0200,2026-10-06
A,JAN,MK,2011,2057284,,demo_gind,2026-09-30T23:00:00+0200,2026-10-06
A,JAN,MK,2012,2059794,,demo_gind,2026-09-30T23:00:00+0200,2026-10-06
A,JAN,MK,2013,2062294,e,demo_gind,2026-09-30T23:00:00+0200,2026-10-06
A,JAN,MK,2014,2065769,e,demo_gind,2026-09-30T23:00:00+0200,2026-10-06
A,JAN,MK,2015,2069172,e,demo_gind,2026-09-30T23:00:00+0200,2026-10-06
A,JAN,MK,2016,2071278,e,demo_gind,2026-09-30T23:00:00+0200,2026-10-06
A,JAN,MK,2017,2073702,e,demo_gind,2026-09-30T23:00:00+0200,2026-10-06
A,JAN,MK,2018,2075301,,demo_gind,2026-09-30T23:00:00+0200,2026-10-06
A,JAN,MK,2019,2077132,,demo_gind,2026-09-30T23:00:00+0200,2026-10-06
A,JAN,MK,2020,2076255,,demo_gind,2026-09-30T23:00:00+0200,2026-10-06
A,JAN,MK,2021,2068808,,demo_gind,2026-09-30T23:00:00+0200,2026-10-06
A,JAN,MK,2022,1837114,,demo_gind,2026-09-30T23:00:00+0200,2026-10-06
A,JAN,MK,2023,1829954,,demo_gind,2026-09-30T23:00:00+0200,2026-10-06
A,JAN,MK,2024,1826247,,demo_gind,2026-09-30T23:00:00+0200,2026-10-06
A,JAN,MK,2025,1822612,,demo_gind,2026-09-30T23:00:00+0200,2026-10-06
A,JAN,MK,2026,1819074,,demo_gind,2026-09-30T23:00:00+0200,2026-10-06
A,JAN,MT,1990,352430,,demo_gind,2026-09-30T23:00:00+0200,2026-10-06
A,JAN,MT,1991,361908,b,demo_gind,2026-09-30T23:00:00+0200,2026-10-06
A,JAN,MT,1992,365781,,demo_gind,2026-09-30T23:00:00+0200,2026-10-06
A,JAN,MT,1993,369455,,demo_gind,2026-09-30T23:00:00+0200,2026-10-06
A,JAN,MT,1994,373161,,demo_gind,2026-09-30T23:00:00+0200,2026-10-06
A,JAN,MT,1995,376433,,demo_gind,2026-09-30T23:00:00+0200,2026-10-06
A,JAN,MT,1996,378404,,demo_gind,2026-09-30T23:00:00+0200,2026-10-06
A,JAN,MT,1997,381405,,demo_gind,2026-09-30T23:00:00+0200,2026-10-06
A,JAN,MT,1998,384176,,demo_gind,2026-09-30T23:00:00+0200,2026-10-06
A,JAN,MT,1999,386397,,demo_gind,2026-09-30T23:00:00+0200,2026-10-06
A,JAN,MT,2000,388759,,demo_gind,2026-09-30T23:00:00+0200,2026-10-06
A,JAN,MT,2001,391415,,demo_gind,2026-09-30T23:00:00+0200,2026-10-06
A,JAN,MT,2002,394641,,demo_gind,2026-09-30T23:00:00+0200,2026-10-06
A,JAN,MT,2003,397296,,demo_gind,2026-09-30T23:00:00+0200,2026-10-06
A,JAN,MT,2004,399867,,demo_gind,2026-09-30T23:00:00+0200,2026-10-06
A,JAN,MT,2005,402668,,demo_gind,2026-09-30T23:00:00+0200,2026-10-06
A,JAN,MT,2006,404999,,demo_gind,2026-09-30T23:00:00+0200,2026-10-06
A,JAN,MT,2007,405616,,demo_gind,2026-09-30T23:00:00+0200,2026-10-06
A,JAN,MT,2008,407832,,demo_gind,2026-09-30T23:00:00+0200,2026-10-06
A,JAN,MT,2009,410926,,demo_gind,2026-09-30T23:00:00+0200,2026-10-06
A,JAN,MT,2010,414027,,demo_gind,2026-09-30T23:00:00+0200,2026-10-06
A,JAN,MT,2011,414989,,demo_gind,2026-09-30T23:00:00+0200,2026-10-06
A,JAN,MT,2012,417546,,demo_gind,2026-09-30T23:00:00+0200,2026-10-06
A,JAN,MT,2013,421464,,demo_gind,2026-09-30T23:00:00+0200,2026-10-06
A,JAN,MT,2014,428156,,demo_gind,2026-09-30T23:00:00+0200,2026-10-06
A,JAN,MT,2015,438805,,demo_gind,2026-09-30T23:00:00+0200,2026-10-06
A,JAN,MT,2016,449635,,demo_gind,2026-09-30T23:00:00+0200,2026-10-06
A,JAN,MT,2017,459375,,demo_gind,2026-09-30T23:00:00+0200,2026-10-06
A,JAN,MT,2018,474837,,demo_gind,2026-09-30T23:00:00+0200,2026-10-06
A,JAN,MT,2019,492968,,demo_gind,2026-09-30T23:00:00+0200,2026-10-06
A,JAN,MT,2020,514855,,demo_gind,2026-09-30T23:00:00+0200,2026-10-06
A,JAN,MT,2021,516125,,demo_gind,2026-09-30T23:00:00+0200,2026-10-06
A,JAN,MT,2022,520174,,demo_gind,2026-09-30T23:00:00+0200,2026-10-06
A,JAN,MT,2023,542051,,demo_gind,2026-09-30T23:00:00+0200,2026-10-06
A,JAN,MT,2024,563443,,demo_gind,2026-09-30T23:00:00+0200,2026-10-06
A,JAN,MT,2025,574250,,demo_gind,2026-09-30T23:00:00+0200,2026-10-06
A,JAN,MT,2026,588254,,demo_gind,2026-09-30T23:00:00+0200,2026-10-06
A,JAN,NL,1990,14892574,,demo_gind,2026-09-30T23:00:00+0200,2026-10-06
A,JAN,NL,1991,15010445,,demo_gind,2026-09-30T23:00:00+0200,2026-10-06
A,JAN,NL,1992,15129150,,demo_gind,2026-09-30T23:00:00+0200,2026-10-06
A,JAN,NL,1993,15239182,,demo_gind,2026-09-30T23:00:00+0200,2026-10-06
A,JAN,NL,1994,15341553,,demo_gind,2026-09-30T23:00:00+0200,2026-10-06
A,JAN,NL,1995,15424122,,demo_gind,2026-09-30T23:00:00+0200,2026-10-06
A,JAN,NL,1996,15493889,,demo_gind,2026-09-30T23:00:00+0200,2026-10-06
A,JAN,NL,1997,15567107,,demo_gind,2026-09-30T23:00:00+0200,2026-10-06
A,JAN,NL,1998,15654192,,demo_gind,2026-09-30T23:00:00+0200,2026-10-06
A,JAN,NL,1999,15760225,,demo_gind,2026-09-30T23:00:00+0200,2026-10-06
A,JAN,NL,2000,15863950,,demo_gind,2026-09-30T23:00:00+0200,2026-10-06
A,JAN,NL,2001,15987075,,demo_gind,2026-09-30T23:00:00+0200,2026-10-06
A,JAN,NL,2002,16105285,,demo_gind,2026-09-30T23:00:00+0200,2026-10-06
A,JAN,NL,2003,16192572,,demo_gind,2026-09-30T23:00:00+0200,2026-10-06
A,JAN,NL,2004,16258032,,demo_gind,2026-09-30T23:00:00+0200,2026-10-06
A,JAN,NL,2005,16305526,,demo_gind,2026-09-30T23:00:00+0200,2026-10-06
A,JAN,NL,2006,16334210,,demo_gind,2026-09-30T23:00:00+0200,2026-10-06
A,JAN,NL,2007,16357992,,demo_gind,2026-09-30T23:00:00+0200,2026-10-06
A,JAN,NL,2008,16405399,,demo_gind,2026-09-30T23:00:00+0200,2026-10-06
A,JAN,NL,2009,16485787,,demo_gind,2026-09-30T23:00:00+0200,2026-10-06
A,JAN,NL,2010,16574989,,demo_gind,2026-09-30T23:00:00+0200,2026-10-06
A,JAN,NL,2011,16655799,,demo_gind,2026-09-30T23:00:00+0200,2026-10-06
A,JAN,NL,2012,16730348,,demo_gind,2026-09-30T23:00:00+0200,2026-10-06
A,JAN,NL,2013,16779575,,demo_gind,2026-09-30T23:00:00+0200,2026-10-06
A,JAN,NL,2014,16829289,,demo_gind,2026-09-30T23:00:00+0200,2026-10-06
A,JAN,NL,2015,16900726,,demo_gind,2026-09-30T23:00:00+0200,2026-10-06
A,JAN,NL,2016,16979120,,demo_gind,2026-09-30T23:00:00+0200,2026-10-06
A,JAN,NL,2017,17081507,,demo_gind,2026-09-30T23:00:00+0200,2026-10-06
A,JAN,NL,2018,17181084,,demo_gind,2026-09-30T23:00:00+0200,2026-10-06
A,JAN,NL,2019,17282163,,demo_gind,2026-09-30T23:00:00+0200,2026-10-06
A,JAN,NL,2020,17407585,,demo_gind,2026-09-30T23:00:00+0200,2026-10-06
A,JAN,NL,2021,17475415,,demo_gind,2026-09-30T23:00:00+0200,2026-10-06
A,JAN,NL,2022,17590672,,demo_gind,2026-09-30T23:00:00+0200,2026-10-06
A,JAN,NL,2023,17811291,,demo_gind,2026-09-30T23:00:00+0200,2026-10-06
A,JAN,NL,2024,17942942,,demo_gind,2026-09-30T23:00:00+0200,2026-10-06
A,JAN,NL,2025,18044027,,demo_gind,2026-09-30T23:00:00+0200,2026-10-06
A,JAN,NL,2026,18130208,,demo_gind,2026-09-30T23:00:00+0200,2026-10-06
A,JAN,NO,1990,4233116,,demo_gind,2026-09-30T23:00:00+0200,2026-10-06
A,JAN,NO,1991,4249830,,demo_gind,2026-09-30T23:00:00+0200,2026-10-06
A,JAN,NO,1992,4273634,,demo_gind,2026-09-30T23:00:00+0200,2026-10-06
A,JAN,NO,1993,4299167,,demo_gind,2026-09-30T23:00:00+0200,2026-10-06
A,JAN,NO,1994,4324815,,demo_gind,2026-09-30T23:00:00+0200,2026-10-06
A,JAN,NO,1995,4348410,,demo_gind,2026-09-30T23:00:00+0200,2026-10-06
A,JAN,NO,1996,4369957,,demo_gind,2026-09-30T23:00:00+0200,2026-10-06
A,JAN,NO,1997,4392714,,demo_gind,2026-09-30T23:00:00+0200,2026-10-06
A,JAN,NO,1998,4417599,,demo_gind,2026-09-30T23:00:00+0200,2026-10-06
A,JAN,NO,1999,4445329,,demo_gind,2026-09-30T23:00:00+0200,2026-10-06
A,JAN,NO,2000,4478497,,demo_gind,2026-09-30T23:00:00+0200,2026-10-06
A,JAN,NO,2001,4503436,,demo_gind,2026-09-30T23:00:00+0200,2026-10-06
A,JAN,NO,2002,4524066,,demo_gind,2026-09-30T23:00:00+0200,2026-10-06
A,JAN,NO,2003,4552252,,demo_gind,2026-09-30T23:00:00+0200,2026-10-06
A,JAN,NO,2004,4577457,,demo_gind,2026-09-30T23:00:00+0200,2026-10-06
A,JAN,NO,2005,4606363,,demo_gind,2026-09-30T23:00:00+0200,2026-10-06
A,JAN,NO,2006,4640219,,demo_gind,2026-09-30T23:00:00+0200,2026-10-06
A,JAN,NO,2007,4681134,,demo_gind,2026-09-30T23:00:00+0200,2026-10-06
A,JAN,NO,2008,4737171,,demo_gind,2026-09-30T23:00:00+0200,2026-10-06
A,JAN,NO,2009,4799252,,demo_gind,2026-09-30T23:00:00+0200,2026-10-06
A,JAN,NO,2010,4858199,,demo_gind,2026-09-30T23:00:00+0200,2026-10-06
A,JAN,NO,2011,4920305,,demo_gind,2026-09-30T23:00:00+0200,2026-10-06
A,JAN,NO,2012,4985870,,demo_gind,2026-09-30T23:00:00+0200,2026-10-06
A,JAN,NO,2013,5051275,,demo_gind,2026-09-30T23:00:00+0200,2026-10-06
A,JAN,NO,2014,5109056,,demo_gind,2026-09-30T23:00:00+0200,2026-10-06
A,JAN,NO,2015,5165802,,demo_gind,2026-09-30T23:00:00+0200,2026-10-06
A,JAN,NO,2016,5213985,,demo_gind,2026-09-30T23:00:00+0200,2026-10-06
A,JAN,NO,2017,5258317,,demo_gind,2026-09-30T23:00:00+0200,2026-10-06
A,JAN,NO,2018,5295619,,demo_gind,2026-09-30T23:00:00+0200,2026-10-06
A,JAN,NO,2019,5328212,,demo_gind,2026-09-30T23:00:00+0200,2026-10-06
A,JAN,NO,2020,5367580,,demo_gind,2026-09-30T23:00:00+0200,2026-10-06
A,JAN,NO,2021,5391369,,demo_gind,2026-09-30T23:00:00+0200,2026-10-06
A,JAN,NO,2022,5425270,,demo_gind,2026-09-30T23:00:00+0200,2026-10-06
A,JAN,NO,2023,5488984,,demo_gind,2026-09-30T23:00:00+0200,2026-10-06
A,JAN,NO,2024,5550203,,demo_gind,2026-09-30T23:00:00+0200,2026-10-06
A,JAN,NO,2025,5594340,,demo_gind,2026-09-30T23:00:00+0200,2026-10-06
A,JAN,NO,2026,5627400,,demo_gind,2026-09-30T23:00:00+0200,2026-10-06
A,JAN,PL,1990,38038403,,demo_gind,2026-09-30T23:00:00+0200,2026-10-06
A,JAN,PL,1991,38183160,,demo_gind,2026-09-30T23:00:00+0200,2026-10-06
A,JAN,PL,1992,38309226,,demo_gind,2026-09-30T23:00:00+0200,2026-10-06
A,JAN,PL,1993,38418108,,demo_gind,2026-09-30T23:00:00+0200,2026-10-06
A,JAN,PL,1994,38504707,,demo_gind,2026-09-30T23:00:00+0200,2026-10-06
A,JAN,PL,1995,38580597,,demo_gind,2026-09-30T23:00:00+0200,2026-10-06
A,JAN,PL,1996,38609399,,demo_gind,2026-09-30T23:00:00+0200,2026-10-06
A,JAN,PL,1997,38639341,,demo_gind,2026-09-30T23:00:00+0200,2026-10-06
A,JAN,PL,1998,38659979,,demo_gind,2026-09-30T23:00:00+0200,2026-10-06
A,JAN,PL,1999,38666983,,demo_gind,2026-09-30T23:00:00+0200,2026-10-06
A,JAN,PL,2000,38263303,b,demo_gind,2026-09-30T23:00:00+0200,2026-10-06
A,JAN,PL,2001,38253955,,demo_gind,2026-09-30T23:00:00+0200,2026-10-06
A,JAN,PL,2002,38242197,,demo_gind,2026-09-30T23:00:00+0200,2026-10-06
A,JAN,PL,2003,38218531,,demo_gind,2026-09-30T23:00:00+0200,2026-10-06
A,JAN,PL,2004,38190608,,demo_gind,2026-09-30T23:00:00+0200,2026-10-06
A,JAN,PL,2005,38173835,,demo_gind,2026-09-30T23:00:00+0200,2026-10-06
A,JAN,PL,2006,38157055,,demo_gind,2026-09-30T23:00:00+0200,2026-10-06
A,JAN,PL,2007,38125479,,demo_gind,2026-09-30T23:00:00+0200,2026-10-06
A,JAN,PL,2008,38115641,,demo_gind,2026-09-30T23:00:00+0200,2026-10-06
A,JAN,PL,2009,38135876,,demo_gind,2026-09-30T23:00:00+0200,2026-10-06
A,JAN,PL,2010,38022869,b,demo_gind,2026-09-30T23:00:00+0200,2026-10-06
A,JAN,PL,2011,38062718,,demo_gind,2026-09-30T23:00:00+0200,2026-10-06
A,JAN,PL,2012,38063792,,demo_gind,2026-09-30T23:00:00+0200,2026-10-06
A,JAN,PL,2013,38062535,,demo_gind,2026-09-30T23:00:00+0200,2026-10-06
A,JAN,PL,2014,38017856,,demo_gind,2026-09-30T23:00:00+0200,2026-10-06
A,JAN,PL,2015,38005614,,demo_gind,2026-09-30T23:00:00+0200,2026-10-06
A,JAN,PL,2016,37967209,e,demo_gind,2026-09-30T23:00:00+0200,2026-10-06
A,JAN,PL,2017,37972964,e,demo_gind,2026-09-30T23:00:00+0200,2026-10-06
A,JAN,PL,2018,37976687,e,demo_gind,2026-09-30T23:00:00+0200,2026-10-06
A,JAN,PL,2019,37972812,,demo_gind,2026-09-30T23:00:00+0200,2026-10-06
A,JAN,PL,2020,37958138,e,demo_gind,2026-09-30T23:00:00+0200,2026-10-06
A,JAN,PL,2021,37073357,b,demo_gind,2026-09-30T23:00:00+0200,2026-10-06
A,JAN,PL,2022,36889761,,demo_gind,2026-09-30T23:00:00+0200,2026-10-06
A,JAN,PL,2023,36753736,,demo_gind,2026-09-30T23:00:00+0200,2026-10-06
A,JAN,PL,2024,36620970,,demo_gind,2026-09-30T23:00:00+0200,2026-10-06
A,JAN,PL,2025,36497495,,demo_gind,2026-09-30T23:00:00+0200,2026-10-06
A,JAN,PL,2026,36332765,,demo_gind,2026-09-30T23:00:00+0200,2026-10-06
A,JAN,PT,1990,9995995,,demo_gind,2026-09-30T23:00:00+0200,2026-10-06
A,JAN,PT,1991,9970441,,demo_gind,2026-09-30T23:00:00+0200,2026-10-06
A,JAN,PT,1992,9950029,,demo_gind,2026-09-30T23:00:00+0200,2026-10-06
A,JAN,PT,1993,9954958,,demo_gind,2026-09-30T23:00:00+0200,2026-10-06
A,JAN,PT,1994,9974391,,demo_gind,2026-09-30T23:00:00+0200,2026-10-06
A,JAN,PT,1995,10008659,,demo_gind,2026-09-30T23:00:00+0200,2026-10-06
A,JAN,PT,1996,10043693,,demo_gind,2026-09-30T23:00:00+0200,2026-10-06
A,JAN,PT,1997,10084196,,demo_gind,2026-09-30T23:00:00+0200,2026-10-06
A,JAN,PT,1998,10133758,,demo_gind,2026-09-30T23:00:00+0200,2026-10-06
A,JAN,PT,1999,10186634,,demo_gind,2026-09-30T23:00:00+0200,2026-10-06
A,JAN,PT,2000,10249022,,demo_gind,2026-09-30T23:00:00+0200,2026-10-06
A,JAN,PT,2001,10330774,,demo_gind,2026-09-30T23:00:00+0200,2026-10-06
A,JAN,PT,2002,10394669,,demo_gind,2026-09-30T23:00:00+0200,2026-10-06
A,JAN,PT,2003,10444592,,demo_gind,2026-09-30T23:00:00+0200,2026-10-06
A,JAN,PT,2004,10473050,,demo_gind,2026-09-30T23:00:00+0200,2026-10-06
A,JAN,PT,2005,10494672,,demo_gind,2026-09-30T23:00:00+0200,2026-10-06
A,JAN,PT,2006,10511988,,demo_gind,2026-09-30T23:00:00+0200,2026-10-06
A,JAN,PT,2007,10532588,,demo_gind,2026-09-30T23:00:00+0200,2026-10-06
A,JAN,PT,2008,10553339,,demo_gind,2026-09-30T23:00:00+0200,2026-10-06
A,JAN,PT,2009,10563014,,demo_gind,2026-09-30T23:00:00+0200,2026-10-06
A,JAN,PT,2010,10573479,,demo_gind,2026-09-30T23:00:00+0200,2026-10-06
A,JAN,PT,2011,10572721,,demo_gind,2026-09-30T23:00:00+0200,2026-10-06
A,JAN,PT,2012,10558950,,demo_gind,2026-09-30T23:00:00+0200,2026-10-06
A,JAN,PT,2013,10503889,,demo_gind,2026-09-30T23:00:00+0200,2026-10-06
A,JAN,PT,2014,10444092,,demo_gind,2026-09-30T23:00:00+0200,2026-10-06
A,JAN,PT,2015,10395121,,demo_gind,2026-09-30T23:00:00+0200,2026-10-06
A,JAN,PT,2016,10368554,,demo_gind,2026-09-30T23:00:00+0200,2026-10-06
A,JAN,PT,2017,10344478,,demo_gind,2026-09-30T23:00:00+0200,2026-10-06
A,JAN,PT,2018,10335770,,demo_gind,2026-09-30T23:00:00+0200,2026-10-06
A,JAN,PT,2019,10333496,,demo_gind,2026-09-30T23:00:00+0200,2026-10-06
A,JAN,PT,2020,10375395,,demo_gind,2026-09-30T23:00:00+0200,2026-10-06
A,JAN,PT,2021,10394297,,demo_gind,2026-09-30T23:00:00+0200,2026-10-06
A,JAN,PT,2022,10599117,b,demo_gind,2026-09-30T23:00:00+0200,2026-10-06
A,JAN,PT,2023,10929704,,demo_gind,2026-09-30T23:00:00+0200,2026-10-06
A,JAN,PT,2024,11204347,,demo_gind,2026-09-30T23:00:00+0200,2026-10-06
A,JAN,PT,2025,11387222,,demo_gind,2026-09-30T23:00:00+0200,2026-10-06
A,JAN,PT,2026,11424031,,demo_gind,2026-09-30T23:00:00+0200,2026-10-06
A,JAN,RO,1990,23211395,,demo_gind,2026-09-30T23:00:00+0200,2026-10-06
A,JAN,RO,1991,23192274,,demo_gind,2026-09-30T23:00:00+0200,2026-10-06
A,JAN,RO,1992,22810035,,demo_gind,2026-09-30T23:00:00+0200,2026-10-06
A,JAN,RO,1993,22778533,,demo_gind,2026-09-30T23:00:00+0200,2026-10-06
A,JAN,RO,1994,22748027,,demo_gind,2026-09-30T23:00:00+0200,2026-10-06
A,JAN,RO,1995,22712394,,demo_gind,2026-09-30T23:00:00+0200,2026-10-06
A,JAN,RO,1996,22656145,,demo_gind,2026-09-30T23:00:00+0200,2026-10-06
A,JAN,RO,1997,22581862,,demo_gind,2026-09-30T23:00:00+0200,2026-10-06
A,JAN,RO,1998,22526093,,demo_gind,2026-09-30T23:00:00+0200,2026-10-06
A,JAN,RO,1999,22488595,,demo_gind,2026-09-30T23:00:00+0200,2026-10-06
A,JAN,RO,2000,22455485,,demo_gind,2026-09-30T23:00:00+0200,2026-10-06
A,JAN,RO,2001,22430457,,demo_gind,2026-09-30T23:00:00+0200,2026-10-06
A,JAN,RO,2002,21833483,,demo_gind,2026-09-30T23:00:00+0200,2026-10-06
A,JAN,RO,2003,21627509,,demo_gind,2026-09-30T23:00:00+0200,2026-10-06
A,JAN,RO,2004,21521142,,demo_gind,2026-09-30T23:00:00+0200,2026-10-06
A,JAN,RO,2005,21382354,,demo_gind,2026-09-30T23:00:00+0200,2026-10-06
A,JAN,RO,2006,21257016,,demo_gind,2026-09-30T23:00:00+0200,2026-10-06
A,JAN,RO,2007,21130503,,demo_gind,2026-09-30T23:00:00+0200,2026-10-06
A,JAN,RO,2008,20635460,,demo_gind,2026-09-30T23:00:00+0200,2026-10-06
A,JAN,RO,2009,20440290,,demo_gind,2026-09-30T23:00:00+0200,2026-10-06
A,JAN,RO,2010,20294683,,demo_gind,2026-09-30T23:00:00+0200,2026-10-06
A,JAN,RO,2011,20199059,,demo_gind,2026-09-30T23:00:00+0200,2026-10-06
A,JAN,RO,2012,20095996,,demo_gind,2026-09-30T23:00:00+0200,2026-10-06
A,JAN,RO,2013,20020074,b,demo_gind,2026-09-30T23:00:00+0200,2026-10-06
A,JAN,RO,2014,19947311,e,demo_gind,2026-09-30T23:00:00+0200,2026-10-06
A,JAN,RO,2015,19870647,e,demo_gind,2026-09-30T23:00:00+0200,2026-10-06
A,JAN,RO,2016,19760585,,demo_gind,2026-09-30T23:00:00+0200,2026-10-06
A,JAN,RO,2017,19643949,,demo_gind,2026-09-30T23:00:00+0200,2026-10-06
A,JAN,RO,2018,19533481,,demo_gind,2026-09-30T23:00:00+0200,2026-10-06
A,JAN,RO,2019,19414458,,demo_gind,2026-09-30T23:00:00+0200,2026-10-06
A,JAN,RO,2020,19328838,e,demo_gind,2026-09-30T23:00:00+0200,2026-10-06
A,JAN,RO,2021,19201662,,demo_gind,2026-09-30T23:00:00+0200,2026-10-06
A,JAN,RO,2022,19043098,e,demo_gind,2026-09-30T23:00:00+0200,2026-10-06
A,JAN,RO,2023,19055228,e,demo_gind,2026-09-30T23:00:00+0200,2026-10-06
A,JAN,RO,2024,19067576,e,demo_gind,2026-09-30T23:00:00+0200,2026-10-06
A,JAN,RO,2025,19043151,e,demo_gind,2026-09-30T23:00:00+0200,2026-10-06
A,JAN,RO,2026,19041322,e,demo_gind,2026-09-30T23:00:00+0200,2026-10-06
A,JAN,RS,1995,7625488,,demo_gind,2026-09-30T23:00:00+0200,2026-10-06
A,JAN,RS,1996,7625225,,demo_gind,2026-09-30T23:00:00+0200,2026-10-06
A,JAN,RS,1997,7610362,,demo_gind,2026-09-30T23:00:00+0200,2026-10-06
A,JAN,RS,1998,7582640,,demo_gind,2026-09-30T23:00:00+0200,2026-10-06
A,JAN,RS,1999,7552850,,demo_gind,2026-09-30T23:00:00+0200,2026-10-06
A,JAN,RS,2000,7527952,,demo_gind,2026-09-30T23:00:00+0200,2026-10-06
A,JAN,RS,2001,7504739,,demo_gind,2026-09-30T23:00:00+0200,2026-10-06
A,JAN,RS,2002,7502126,,demo_gind,2026-09-30T23:00:00+0200,2026-10-06
A,JAN,RS,2003,7490918,,demo_gind,2026-09-30T23:00:00+0200,2026-10-06
A,JAN,RS,2004,7470263,,demo_gind,2026-09-30T23:00:00+0200,2026-10-06
A,JAN,RS,2005,7456050,,demo_gind,2026-09-30T23:00:00+0200,2026-10-06
A,JAN,RS,2006,7425487,,demo_gind,2026-09-30T23:00:00+0200,2026-10-06
A,JAN,RS,2007,7397651,,demo_gind,2026-09-30T23:00:00+0200,2026-10-06
A,JAN,RS,2008,7365507,,demo_gind,2026-09-30T23:00:00+0200,2026-10-06
A,JAN,RS,2009,7334937,,demo_gind,2026-09-30T23:00:00+0200,2026-10-06
A,JAN,RS,2010,7306677,,demo_gind,2026-09-30T23:00:00+0200,2026-10-06
A,JAN,RS,2011,7251549,b,demo_gind,2026-09-30T23:00:00+0200,2026-10-06
A,JAN,RS,2012,7216649,,demo_gind,2026-09-30T23:00:00+0200,2026-10-06
A,JAN,RS,2013,7181505,,demo_gind,2026-09-30T23:00:00+0200,2026-10-06
A,JAN,RS,2014,7146759,,demo_gind,2026-09-30T23:00:00+0200,2026-10-06
A,JAN,RS,2015,7114393,,demo_gind,2026-09-30T23:00:00+0200,2026-10-06
A,JAN,RS,2016,7076372,,demo_gind,2026-09-30T23:00:00+0200,2026-10-06
A,JAN,RS,2017,7040272,,demo_gind,2026-09-30T23:00:00+0200,2026-10-06
A,JAN,RS,2018,7001444,,demo_gind,2026-09-30T23:00:00+0200,2026-10-06
A,JAN,RS,2019,6963764,,demo_gind,2026-09-30T23:00:00+0200,2026-10-06
A,JAN,RS,2020,6926705,,demo_gind,2026-09-30T23:00:00+0200,2026-10-06
A,JAN,RS,2021,6871547,,demo_gind,2026-09-30T23:00:00+0200,2026-10-06
A,JAN,RS,2022,6797105,,demo_gind,2026-09-30T23:00:00+0200,2026-10-06
A,JAN,RS,2023,6641197,,demo_gind,2026-09-30T23:00:00+0200,2026-10-06
A,JAN,RS,2024,6605168,,demo_gind,2026-09-30T23:00:00+0200,2026-10-06
A,JAN,RS,2025,6567783,,demo_gind,2026-09-30T23:00:00+0200,2026-10-06
A,JAN,RS,2026,6532019,,demo_gind,2026-09-30T23:00:00+0200,2026-10-06
A,JAN,RU,1996,148291638,,demo_gind,2026-09-30T23:00:00+0200,2026-10-06
A,JAN,RU,1997,148028613,,demo_gind,2026-09-30T23:00:00+0200,2026-10-06
A,JAN,RU,1998,147802133,,demo_gind,2026-09-30T23:00:00+0200,2026-10-06
A,JAN,RU,1999,147539426,,demo_gind,2026-09-30T23:00:00+0200,2026-10-06
A,JAN,RU,2000,146890128,,demo_gind,2026-09-30T23:00:00+0200,2026-10-06
A,JAN,RU,2001,146303611,,demo_gind,2026-09-30T23:00:00+0200,2026-10-06
A,JAN,RU,2002,145649334,,demo_gind,2026-09-30T23:00:00+0200,2026-10-06
A,JAN,RU,2003,145166731,e,demo_gind,2026-09-30T23:00:00+0200,2026-10-06
A,JAN,RU,2004,144168205,,demo_gind,2026-09-30T23:00:00+0200,2026-10-06
A,JAN,RU,2005,143474219,e,demo_gind,2026-09-30T23:00:00+0200,2026-10-06
A,JAN,RU,2006,142753551,,demo_gind,2026-09-30T23:00:00+0200,2026-10-06
A,JAN,RU,2007,142220968,,demo_gind,2026-09-30T23:00:00+0200,2026-10-06
A,JAN,RU,2008,142008838,,demo_gind,2026-09-30T23:00:00+0200,2026-10-06
A,JAN,RU,2009,141903979,,demo_gind,2026-09-30T23:00:00+0200,2026-10-06
A,JAN,RU,2010,141914509,,demo_gind,2026-09-30T23:00:00+0200,2026-10-06
A,JAN,RU,2011,142856536,,demo_gind,2026-09-30T23:00:00+0200,2026-10-06
A,JAN,RU,2012,143056383,,demo_gind,2026-09-30T23:00:00+0200,2026-10-06
A,JAN,RU,2014,143666931,,demo_gind,2026-09-30T23:00:00+0200,2026-10-06
A,JAN,SE,1990,8527039,,demo_gind,2026-09-30T23:00:00+0200,2026-10-06
A,JAN,SE,1991,8590630,,demo_gind,2026-09-30T23:00:00+0200,2026-10-06
A,JAN,SE,1992,8644120,,demo_gind,2026-09-30T23:00:00+0200,2026-10-06
A,JAN,SE,1993,8692013,,demo_gind,2026-09-30T23:00:00+0200,2026-10-06
A,JAN,SE,1994,8745109,,demo_gind,2026-09-30T23:00:00+0200,2026-10-06
A,JAN,SE,1995,8816381,,demo_gind,2026-09-30T23:00:00+0200,2026-10-06
A,JAN,SE,1996,8837496,,demo_gind,2026-09-30T23:00:00+0200,2026-10-06
A,JAN,SE,1997,8844499,,demo_gind,2026-09-30T23:00:00+0200,2026-10-06
A,JAN,SE,1998,8847625,,demo_gind,2026-09-30T23:00:00+0200,2026-10-06
A,JAN,SE,1999,8854322,,demo_gind,2026-09-30T23:00:00+0200,2026-10-06
A,JAN,SE,2000,8861426,,demo_gind,2026-09-30T23:00:00+0200,2026-10-06
A,JAN,SE,2001,8882792,,demo_gind,2026-09-30T23:00:00+0200,2026-10-06
A,JAN,SE,2002,8909128,,demo_gind,2026-09-30T23:00:00+0200,2026-10-06
A,JAN,SE,2003,8940788,,demo_gind,2026-09-30T23:00:00+0200,2026-10-06
A,JAN,SE,2004,8975670,,demo_gind,2026-09-30T23:00:00+0200,2026-10-06
A,JAN,SE,2005,9011392,,demo_gind,2026-09-30T23:00:00+0200,2026-10-06
A,JAN,SE,2006,9047752,,demo_gind,2026-09-30T23:00:00+0200,2026-10-06
A,JAN,SE,2007,9113257,,demo_gind,2026-09-30T23:00:00+0200,2026-10-06
A,JAN,SE,2008,9182927,,demo_gind,2026-09-30T23:00:00+0200,2026-10-06
A,JAN,SE,2009,9256347,,demo_gind,2026-09-30T23:00:00+0200,2026-10-06
A,JAN,SE,2010,9340682,,demo_gind,2026-09-30T23:00:00+0200,2026-10-06
A,JAN,SE,2011,9415570,,demo_gind,2026-09-30T23:00:00+0200,2026-10-06
A,JAN,SE,2012,9482855,,demo_gind,2026-09-30T23:00:00+0200,2026-10-06
A,JAN,SE,2013,9555893,,demo_gind,2026-09-30T23:00:00+0200,2026-10-06
A,JAN,SE,2014,9644864,,demo_gind,2026-09-30T23:00:00+0200,2026-10-06
A,JAN,SE,2015,9747355,,demo_gind,2026-09-30T23:00:00+0200,2026-10-06
A,JAN,SE,2016,9851017,,demo_gind,2026-09-30T23:00:00+0200,2026-10-06
A,JAN,SE,2017,9995153,,demo_gind,2026-09-30T23:00:00+0200,2026-10-06
A,JAN,SE,2018,10120242,,demo_gind,2026-09-30T23:00:00+0200,2026-10-06
A,JAN,SE,2019,10230185,,demo_gind,2026-09-30T23:00:00+0200,2026-10-06
A,JAN,SE,2020,10327589,,demo_gind,2026-09-30T23:00:00+0200,2026-10-06
A,JAN,SE,2021,10379295,,demo_gind,2026-09-30T23:00:00+0200,2026-10-06
A,JAN,SE,2022,10452326,,demo_gind,2026-09-30T23:00:00+0200,2026-10-06
A,JAN,SE,2023,10521556,,demo_gind,2026-09-30T23:00:00+0200,2026-10-06
A,JAN,SE,2024,10551707,,demo_gind,2026-09-30T23:00:00+0200,2026-10-06
A,JAN,SE,2025,10587710,,demo_gind,2026-09-30T23:00:00+0200,2026-10-06
A,JAN,SE,2026,10605529,,demo_gind,2026-09-30T23:00:00+0200,2026-10-06
A,JAN,SI,1990,1996377,,demo_gind,2026-09-30T23:00:00+0200,2026-10-06
A,JAN,SI,1991,1999945,,demo_gind,2026-09-30T23:00:00+0200,2026-10-06
A,JAN,SI,1992,1998912,,demo_gind,2026-09-30T23:00:00+0200,2026-10-06
A,JAN,SI,1993,1994084,,demo_gind,2026-09-30T23:00:00+0200,2026-10-06
A,JAN,SI,1994,1989408,,demo_gind,2026-09-30T23:00:00+0200,2026-10-06
A,JAN,SI,1995,1989477,,demo_gind,2026-09-30T23:00:00+0200,2026-10-06
A,JAN,SI,1996,1990266,,demo_gind,2026-09-30T23:00:00+0200,2026-10-06
A,JAN,SI,1997,1986989,,demo_gind,2026-09-30T23:00:00+0200,2026-10-06
A,JAN,SI,1998,1984923,,demo_gind,2026-09-30T23:00:00+0200,2026-10-06
A,JAN,SI,1999,1978334,,demo_gind,2026-09-30T23:00:00+0200,2026-10-06
A,JAN,SI,2000,1987755,,demo_gind,2026-09-30T23:00:00+0200,2026-10-06
A,JAN,SI,2001,1990094,,demo_gind,2026-09-30T23:00:00+0200,2026-10-06
A,JAN,SI,2002,1994026,,demo_gind,2026-09-30T23:00:00+0200,2026-10-06
A,JAN,SI,2003,1995033,,demo_gind,2026-09-30T23:00:00+0200,2026-10-06
A,JAN,SI,2004,1996433,,demo_gind,2026-09-30T23:00:00+0200,2026-10-06
A,JAN,SI,2005,1997590,,demo_gind,2026-09-30T23:00:00+0200,2026-10-06
A,JAN,SI,2006,2003358,,demo_gind,2026-09-30T23:00:00+0200,2026-10-06
A,JAN,SI,2007,2010377,,demo_gind,2026-09-30T23:00:00+0200,2026-10-06
A,JAN,SI,2008,2010269,b,demo_gind,2026-09-30T23:00:00+0200,2026-10-06
A,JAN,SI,2009,2032362,,demo_gind,2026-09-30T23:00:00+0200,2026-10-06
A,JAN,SI,2010,2046976,,demo_gind,2026-09-30T23:00:00+0200,2026-10-06
A,JAN,SI,2011,2050189,,demo_gind,2026-09-30T23:00:00+0200,2026-10-06
A,JAN,SI,2012,2055496,,demo_gind,2026-09-30T23:00:00+0200,2026-10-06
A,JAN,SI,2013,2058821,,demo_gind,2026-09-30T23:00:00+0200,2026-10-06
A,JAN,SI,2014,2061085,,demo_gind,2026-09-30T23:00:00+0200,2026-10-06
A,JAN,SI,2015,2062874,,demo_gind,2026-09-30T23:00:00+0200,2026-10-06
A,JAN,SI,2016,2064188,,demo_gind,2026-09-30T23:00:00+0200,2026-10-06
A,JAN,SI,2017,2065895,,demo_gind,2026-09-30T23:00:00+0200,2026-10-06
A,JAN,SI,2018,2066880,,demo_gind,2026-09-30T23:00:00+0200,2026-10-06
A,JAN,SI,2019,2080908,,demo_gind,2026-09-30T23:00:00+0200,2026-10-06
A,JAN,SI,2020,2095861,,demo_gind,2026-09-30T23:00:00+0200,2026-10-06
A,JAN,SI,2021,2108977,,demo_gind,2026-09-30T23:00:00+0200,2026-10-06
A,JAN,SI,2022,2107180,,demo_gind,2026-09-30T23:00:00+0200,2026-10-06
A,JAN,SI,2023,2116972,,demo_gind,2026-09-30T23:00:00+0200,2026-10-06
A,JAN,SI,2024,2123949,,demo_gind,2026-09-30T23:00:00+0200,2026-10-06
A,JAN,SI,2025,2130850,,demo_gind,2026-09-30T23:00:00+0200,2026-10-06
A,JAN,SI,2026,2135107,,demo_gind,2026-09-30T23:00:00+0200,2026-10-06
A,JAN,SK,1990,5287663,,demo_gind,2026-09-30T23:00:00+0200,2026-10-06
A,JAN,SK,1991,5310711,,demo_gind,2026-09-30T23:00:00+0200,2026-10-06
A,JAN,SK,1992,5295877,,demo_gind,2026-09-30T23:00:00+0200,2026-10-06
A,JAN,SK,1993,5314155,,demo_gind,2026-09-30T23:00:00+0200,2026-10-06
A,JAN,SK,1994,5336455,,demo_gind,2026-09-30T23:00:00+0200,2026-10-06
A,JAN,SK,1995,5356207,,demo_gind,2026-09-30T23:00:00+0200,2026-10-06
A,JAN,SK,1996,5367790,,demo_gind,2026-09-30T23:00:00+0200,2026-10-06
A,JAN,SK,1997,5378932,,demo_gind,2026-09-30T23:00:00+0200,2026-10-06
A,JAN,SK,1998,5387650,,demo_gind,2026-09-30T23:00:00+0200,2026-10-06
A,JAN,SK,1999,5393382,,demo_gind,2026-09-30T23:00:00+0200,2026-10-06
A,JAN,SK,2000,5398657,,demo_gind,2026-09-30T23:00:00+0200,2026-10-06
A,JAN,SK,2001,5378783,,demo_gind,2026-09-30T23:00:00+0200,2026-10-06
A,JAN,SK,2002,5378951,,demo_gind,2026-09-30T23:00:00+0200,2026-10-06
A,JAN,SK,2003,5374873,,demo_gind,2026-09-30T23:00:00+0200,2026-10-06
A,JAN,SK,2004,5371875,,demo_gind,2026-09-30T23:00:00+0200,2026-10-06
A,JAN,SK,2005,5372685,,demo_gind,2026-09-30T23:00:00+0200,2026-10-06
A,JAN,SK,2006,5372928,,demo_gind,2026-09-30T23:00:00+0200,2026-10-06
A,JAN,SK,2007,5373180,,demo_gind,2026-09-30T23:00:00+0200,2026-10-06
A,JAN,SK,2008,5376064,,demo_gind,2026-09-30T23:00:00+0200,2026-10-06
A,JAN,SK,2009,5382401,,demo_gind,2026-09-30T23:00:00+0200,2026-10-06
A,JAN,SK,2010,5390410,,demo_gind,2026-09-30T23:00:00+0200,2026-10-06
A,JAN,SK,2011,5392446,,demo_gind,2026-09-30T23:00:00+0200,2026-10-06
A,JAN,SK,2012,5404322,,demo_gind,2026-09-30T23:00:00+0200,2026-10-06
A,JAN,SK,2013,5410836,,demo_gind,2026-09-30T23:00:00+0200,2026-10-06
A,JAN,SK,2014,5415949,,demo_gind,2026-09-30T23:00:00+0200,2026-10-06
A,JAN,SK,2015,5421349,,demo_gind,2026-09-30T23:00:00+0200,2026-10-06
A,JAN,SK,2016,5426252,,demo_gind,2026-09-30T23:00:00+0200,2026-10-06
A,JAN,SK,2017,5435343,,demo_gind,2026-09-30T23:00:00+0200,2026-10-06
A,JAN,SK,2018,5443120,,demo_gind,2026-09-30T23:00:00+0200,2026-10-06
A,JAN,SK,2019,5450421,,demo_gind,2026-09-30T23:00:00+0200,2026-10-06
A,JAN,SK,2020,5457873,,demo_gind,2026-09-30T23:00:00+0200,2026-10-06
A,JAN,SK,2021,5459781,,demo_gind,2026-09-30T23:00:00+0200,2026-10-06
A,JAN,SK,2022,5434712,,demo_gind,2026-09-30T23:00:00+0200,2026-10-06
A,JAN,SK,2023,5428792,,demo_gind,2026-09-30T23:00:00+0200,2026-10-06
A,JAN,SK,2024,5424687,,demo_gind,2026-09-30T23:00:00+0200,2026-10-06
A,JAN,SK,2025,5419451,,demo_gind,2026-09-30T23:00:00+0200,2026-10-06
A,JAN,SK,2026,5409407,,demo_gind,2026-09-30T23:00:00+0200,2026-10-06
A,JAN,SM,2004,29241,,demo_gind,2026-09-30T23:00:00+0200,2026-10-06
A,JAN,SM,2005,29673,,demo_gind,2026-09-30T23:00:00+0200,2026-10-06
A,JAN,SM,2006,29999,,demo_gind,2026-09-30T23:00:00+0200,2026-10-06
A,JAN,SM,2007,30368,,demo_gind,2026-09-30T23:00:00+0200,2026-10-06
A,JAN,SM,2008,32054,,demo_gind,2026-09-30T23:00:00+0200,2026-10-06
A,JAN,SM,2009,31269,,demo_gind,2026-09-30T23:00:00+0200,2026-10-06
A,JAN,SM,2011,31863,,demo_gind,2026-09-30T23:00:00+0200,2026-10-06
A,JAN,SM,2012,33376,,demo_gind,2026-09-30T23:00:00+0200,2026-10-06
A,JAN,SM,2013,33562,,demo_gind,2026-09-30T23:00:00+0200,2026-10-06
A,JAN,SM,2014,32520,,demo_gind,2026-09-30T23:00:00+0200,2026-10-06
A,JAN,SM,2015,32789,,demo_gind,2026-09-30T23:00:00+0200,2026-10-06
A,JAN,SM,2016,33005,,demo_gind,2026-09-30T23:00:00+0200,2026-10-06
A,JAN,SM,2017,33196,,demo_gind,2026-09-30T23:00:00+0200,2026-10-06
A,JAN,SM,2018,34453,,demo_gind,2026-09-30T23:00:00+0200,2026-10-06
A,JAN,SM,2019,34590,,demo_gind,2026-09-30T23:00:00+0200,2026-10-06
A,JAN,SM,2020,34735,,demo_gind,2026-09-30T23:00:00+0200,2026-10-06
A,JAN,SM,2021,34805,,demo_gind,2026-09-30T23:00:00+0200,2026-10-06
A,JAN,SM,2022,33698,,demo_gind,2026-09-30T23:00:00+0200,2026-10-06
A,JAN,SM,2023,33812,,demo_gind,2026-09-30T23:00:00+0200,2026-10-06
A,JAN,TR,1990,55494711,,demo_gind,2026-09-30T23:00:00+0200,2026-10-06
A,JAN,TR,1991,56714051,,demo_gind,2026-09-30T23:00:00+0200,2026-10-06
A,JAN,TR,1992,57835076,,demo_gind,2026-09-30T23:00:00+0200,2026-10-06
A,JAN,TR,1993,58958565,,demo_gind,2026-09-30T23:00:00+0200,2026-10-06
A,JAN,TR,1994,60079060,,demo_gind,2026-09-30T23:00:00+0200,2026-10-06
A,JAN,TR,1995,61203584,,demo_gind,2026-09-30T23:00:00+0200,2026-10-06
A,JAN,TR,1996,62337617,,demo_gind,2026-09-30T23:00:00+0200,2026-10-06
A,JAN,TR,1997,63484661,,demo_gind,2026-09-30T23:00:00+0200,2026-10-06
A,JAN,TR,1998,64641675,,demo_gind,2026-09-30T23:00:00+0200,2026-10-06
A,JAN,TR,1999,65786563,,demo_gind,2026-09-30T23:00:00+0200,2026-10-06
A,JAN,TR,2000,66889425,,demo_gind,2026-09-30T23:00:00+0200,2026-10-06
A,JAN,TR,2001,64729501,b,demo_gind,2026-09-30T23:00:00+0200,2026-10-06
A,JAN,TR,2002,65603160,,demo_gind,2026-09-30T23:00:00+0200,2026-10-06
A,JAN,TR,2003,66401851,,demo_gind,2026-09-30T23:00:00+0200,2026-10-06
A,JAN,TR,2004,67187251,,demo_gind,2026-09-30T23:00:00+0200,2026-10-06
A,JAN,TR,2005,68010221,,demo_gind,2026-09-30T23:00:00+0200,2026-10-06
A,JAN,TR,2006,68860539,,demo_gind,2026-09-30T23:00:00+0200,2026-10-06
A,JAN,TR,2007,69729967,,demo_gind,2026-09-30T23:00:00+0200,2026-10-06
A,JAN,TR,2008,70586256,,demo_gind,2026-09-30T23:00:00+0200,2026-10-06
A,JAN,TR,2009,71517100,,demo_gind,2026-09-30T23:00:00+0200,2026-10-06
A,JAN,TR,2010,72561312,,demo_gind,2026-09-30T23:00:00+0200,2026-10-06
A,JAN,TR,2011,73722988,,demo_gind,2026-09-30T23:00:00+0200,2026-10-06
A,JAN,TR,2012,74724269,,demo_gind,2026-09-30T23:00:00+0200,2026-10-06
A,JAN,TR,2013,75627384,,demo_gind,2026-09-30T23:00:00+0200,2026-10-06
A,JAN,TR,2014,76667864,,demo_gind,2026-09-30T23:00:00+0200,2026-10-06
A,JAN,TR,2015,77695904,,demo_gind,2026-09-30T23:00:00+0200,2026-10-06
A,JAN,TR,2016,78741053,,demo_gind,2026-09-30T23:00:00+0200,2026-10-06
A,JAN,TR,2017,79814871,,demo_gind,2026-09-30T23:00:00+0200,2026-10-06
A,JAN,TR,2018,80810525,,demo_gind,2026-09-30T23:00:00+0200,2026-10-06
A,JAN,TR,2019,82003882,be,demo_gind,2026-09-30T23:00:00+0200,2026-10-06
A,JAN,TR,2020,83154997,,demo_gind,2026-09-30T23:00:00+0200,2026-10-06
A,JAN,TR,2021,83614362,,demo_gind,2026-09-30T23:00:00+0200,2026-10-06
A,JAN,TR,2022,84680273,,demo_gind,2026-09-30T23:00:00+0200,2026-10-06
A,JAN,TR,2023,85279553,,demo_gind,2026-09-30T23:00:00+0200,2026-10-06
A,JAN,TR,2024,85372377,,demo_gind,2026-09-30T23:00:00+0200,2026-10-06
A,JAN,TR,2025,85664944,,demo_gind,2026-09-30T23:00:00+0200,2026-10-06
A,JAN,UA,1996,50874104,,demo_gind,2026-09-30T23:00:00+0200,2026-10-06
A,JAN,UA,1997,50400041,,demo_gind,2026-09-30T23:00:00+0200,2026-10-06
A,JAN,UA,1998,49973488,,demo_gind,2026-09-30T23:00:00+0200,2026-10-06
A,JAN,UA,1999,49544808,,demo_gind,2026-09-30T23:00:00+0200,2026-10-06
A,JAN,UA,2000,49114950,,demo_gind,2026-09-30T23:00:00+0200,2026-10-06
A,JAN,UA,2001,48663609,,demo_gind,2026-09-30T23:00:00+0200,2026-10-06
A,JAN,UA,2002,48240902,,demo_gind,2026-09-30T23:00:00+0200,2026-10-06
A,JAN,UA,2003,47823108,,demo_gind,2026-09-30T23:00:00+0200,2026-10-06
A,JAN,UA,2004,47442079,,demo_gind,2026-09-30T23:00:00+0200,2026-10-06
A,JAN,UA,2005,47100462,,demo_gind,2026-09-30T23:00:00+0200,2026-10-06
A,JAN,UA,2006,46749170,,demo_gind,2026-09-30T23:00:00+0200,2026-10-06
A,JAN,UA,2007,46465691,,demo_gind,2026-09-30T23:00:00+0200,2026-10-06
A,JAN,UA,2008,46192309,,demo_gind,2026-09-30T23:00:00+0200,2026-10-06
A,JAN,UA,2009,45963359,,demo_gind,2026-09-30T23:00:00+0200,2026-10-06
A,JAN,UA,2010,45782592,,demo_gind,2026-09-30T23:00:00+0200,2026-10-06
A,JAN,UA,2011,45598179,,demo_gind,2026-09-30T23:00:00+0200,2026-10-06
A,JAN,UA,2012,45453282,,demo_gind,2026-09-30T23:00:00+0200,2026-10-06
A,JAN,UA,2013,45372692,,demo_gind,2026-09-30T23:00:00+0200,2026-10-06
A,JAN,UA,2014,45245894,,demo_gind,2026-09-30T23:00:00+0200,2026-10-06
A,JAN,UA,2015,42759661,b,demo_gind,2026-09-30T23:00:00+0200,2026-10-06
A,JAN,UA,2016,42590879,,demo_gind,2026-09-30T23:00:00+0200,2026-10-06
A,JAN,UA,2017,42414905,,demo_gind,2026-09-30T23:00:00+0200,2026-10-06
A,JAN,UA,2018,42216766,,demo_gind,2026-09-30T23:00:00+0200,2026-10-06
A,JAN,UA,2019,41983564,,demo_gind,2026-09-30T23:00:00+0200,2026-10-06
A,JAN,UA,2020,41732779,,demo_gind,2026-09-30T23:00:00+0200,2026-10-06
A,JAN,UA,2022,40997698,,demo_gind,2026-09-30T23:00:00+0200,2026-10-06
A,JAN,UK,1990,57156972,,demo_gind,2026-09-30T23:00:00+0200,2026-10-06
A,JAN,UK,1991,57338199,,demo_gind,2026-09-30T23:00:00+0200,2026-10-06
A,JAN,UK,1992,57511594,,demo_gind,2026-09-30T23:00:00+0200,2026-10-06
A,JAN,UK,1993,57649210,,demo_gind,2026-09-30T23:00:00+0200,2026-10-06
A,JAN,UK,1994,57788017,,demo_gind,2026-09-30T23:00:00+0200,2026-10-06
A,JAN,UK,1995,57943472,,demo_gind,2026-09-30T23:00:00+0200,2026-10-06
A,JAN,UK,1996,58094587,,demo_gind,2026-09-30T23:00:00+0200,2026-10-06
A,JAN,UK,1997,58239312,,demo_gind,2026-09-30T23:00:00+0200,2026-10-06
A,JAN,UK,1998,58394596,,demo_gind,2026-09-30T23:00:00+0200,2026-10-06
A,JAN,UK,1999,58579685,,demo_gind,2026-09-30T23:00:00+0200,2026-10-06
A,JAN,UK,2000,58785246,,demo_gind,2026-09-30T23:00:00+0200,2026-10-06
A,JAN,UK,2001,58999781,,demo_gind,2026-09-30T23:00:00+0200,2026-10-06
A,JAN,UK,2002,59239564,,demo_gind,2026-09-30T23:00:00+0200,2026-10-06
A,JAN,UK,2003,59501394,,demo_gind,2026-09-30T23:00:00+0200,2026-10-06
A,JAN,UK,2004,59793759,,demo_gind,2026-09-30T23:00:00+0200,2026-10-06
A,JAN,UK,2005,60182050,,demo_gind,2026-09-30T23:00:00+0200,2026-10-06
A,JAN,UK,2006,60620361,,demo_gind,2026-09-30T23:00:00+0200,2026-10-06
A,JAN,UK,2007,61073279,,demo_gind,2026-09-30T23:00:00+0200,2026-10-06
A,JAN,UK,2008,61571647,,demo_gind,2026-09-30T23:00:00+0200,2026-10-06
A,JAN,UK,2009,62042343,,demo_gind,2026-09-30T23:00:00+0200,2026-10-06
A,JAN,UK,2010,62510197,,demo_gind,2026-09-30T23:00:00+0200,2026-10-06
A,JAN,UK,2011,63022532,,demo_gind,2026-09-30T23:00:00+0200,2026-10-06
A,JAN,UK,2012,63497844,,demo_gind,2026-09-30T23:00:00+0200,2026-10-06
A,JAN,UK,2013,63924382,,demo_gind,2026-09-30T23:00:00+0200,2026-10-06
A,JAN,UK,2014,64378457,,demo_gind,2026-09-30T23:00:00+0200,2026-10-06
A,JAN,UK,2015,64852826,,demo_gind,2026-09-30T23:00:00+0200,2026-10-06
A,JAN,UK,2016,65346400,,demo_gind,2026-09-30T23:00:00+0200,2026-10-06
A,JAN,UK,2017,65785067,,demo_gind,2026-09-30T23:00:00+0200,2026-10-06
A,JAN,UK,2018,66125510,,demo_gind,2026-09-30T23:00:00+0200,2026-10-06
A,JAN,UK,2019,66457117,,demo_gind,2026-09-30T23:00:00+0200,2026-10-06
A,JAN,UK,2020,66683687,,demo_gind,2026-09-30T23:00:00+0200,2026-10-06
A,JAN,UK,2021,66858928,,demo_gind,2026-09-30T23:00:00+0200,2026-10-06
A,JAN,UK,2022,67307061,,demo_gind,2026-09-30T23:00:00+0200,2026-10-06
A,JAN,UK,2023,68081159,,demo_gind,2026-09-30T23:00:00+0200,2026-10-06
A,JAN,UK,2024,68903810,,demo_gind,2026-09-30T23:00:00+0200,2026-10-06
A,JAN,UK,2025,69384219,,demo_gind,2026-09-30T23:00:00+0200,2026-10-06
A,JAN,UK,2026,69554275,,demo_gind,2026-09-30T23:00:00+0200,2026-10-06
A,JAN,XK,1990,1909500,,demo_gind,2026-09-30T23:00:00+0200,2026-10-06
A,JAN,XK,1991,1948500,,demo_gind,2026-09-30T23:00:00+0200,2026-10-06
A,JAN,XK,1992,1986500,,demo_gind,2026-09-30T23:00:00+0200,2026-10-06
A,JAN,XK,1993,2024500,,demo_gind,2026-09-30T23:00:00+0200,2026-10-06
A,JAN,XK,1994,2060000,,demo_gind,2026-09-30T23:00:00+0200,2026-10-06
A,JAN,XK,1995,2095000,,demo_gind,2026-09-30T23:00:00+0200,2026-10-06
A,JAN,XK,1996,2132000,,demo_gind,2026-09-30T23:00:00+0200,2026-10-06
A,JAN,XK,1997,2168500,,demo_gind,2026-09-30T23:00:00+0200,2026-10-06
A,JAN,XK,2003,1985000,,demo_gind,2026-09-30T23:00:00+0200,2026-10-06
A,JAN,XK,2004,2016000,,demo_gind,2026-09-30T23:00:00+0200,2026-10-06
A,JAN,XK,2005,2041000,,demo_gind,2026-09-30T23:00:00+0200,2026-10-06
A,JAN,XK,2006,2100000,,demo_gind,2026-09-30T23:00:00+0200,2026-10-06
A,JAN,XK,2007,2126708,,demo_gind,2026-09-30T23:00:00+0200,2026-10-06
A,JAN,XK,2008,2153139,,demo_gind,2026-09-30T23:00:00+0200,2026-10-06
A,JAN,XK,2009,2180686,,demo_gind,2026-09-30T23:00:00+0200,2026-10-06
A,JAN,XK,2010,2208107,,demo_gind,2026-09-30T23:00:00+0200,2026-10-06
A,JAN,XK,2011,1794180,b,demo_gind,2026-09-30T23:00:00+0200,2026-10-06
A,JAN,XK,2012,1780021,e,demo_gind,2026-09-30T23:00:00+0200,2026-10-06
A,JAN,XK,2013,1815606,e,demo_gind,2026-09-30T23:00:00+0200,2026-10-06
A,JAN,XK,2014,1820631,e,demo_gind,2026-09-30T23:00:00+0200,2026-10-06
A,JAN,XK,2015,1804944,e,demo_gind,2026-09-30T23:00:00+0200,2026-10-06
A,JAN,XK,2016,1771604,e,demo_gind,2026-09-30T23:00:00+0200,2026-10-06
A,JAN,XK,2017,1783531,e,demo_gind,2026-09-30T23:00:00+0200,2026-10-06
A,JAN,XK,2018,1798506,,demo_gind,2026-09-30T23:00:00+0200,2026-10-06
A,JAN,XK,2019,1795666,,demo_gind,2026-09-30T23:00:00+0200,2026-10-06
A,JAN,XK,2020,1782115,,demo_gind,2026-09-30T23:00:00+0200,2026-10-06
A,JAN,XK,2021,1798186,,demo_gind,2026-09-30T23:00:00+0200,2026-10-06
A,JAN,XK,2022,1773971,,demo_gind,2026-09-30T23:00:00+0200,2026-10-06
