dataset,geo,item,year,value,unit,eurostat_updated,query_url
env_air_gge,EU27_2020,CRF1A1,2005,1385.49667,Mt CO2e,2026-06-02T23:00:00+0200,https://ec.europa.eu/eurostat/api/dissemination/statistics/1.0/data/env_air_gge?geo=MT&geo=EU27_2020&unit=MIO_T&airpol=GHG&src_crf=TOTX4_MEMO&src_crf=TOTXMEMO&src_crf=CRF1D1&src_crf=CRF1A1&src_crf=CRF1A3&src_crf=CRF1A4&src_crf=CRF2F&src_crf=CRF3&src_crf=CRF5&sinceTimePeriod=2005
env_air_gge,EU27_2020,CRF1A1,2006,1393.62578,Mt CO2e,2026-06-02T23:00:00+0200,https://ec.europa.eu/eurostat/api/dissemination/statistics/1.0/data/env_air_gge?geo=MT&geo=EU27_2020&unit=MIO_T&airpol=GHG&src_crf=TOTX4_MEMO&src_crf=TOTXMEMO&src_crf=CRF1D1&src_crf=CRF1A1&src_crf=CRF1A3&src_crf=CRF1A4&src_crf=CRF2F&src_crf=CRF3&src_crf=CRF5&sinceTimePeriod=2005
env_air_gge,EU27_2020,CRF1A1,2007,1401.44483,Mt CO2e,2026-06-02T23:00:00+0200,https://ec.europa.eu/eurostat/api/dissemination/statistics/1.0/data/env_air_gge?geo=MT&geo=EU27_2020&unit=MIO_T&airpol=GHG&src_crf=TOTX4_MEMO&src_crf=TOTXMEMO&src_crf=CRF1D1&src_crf=CRF1A1&src_crf=CRF1A3&src_crf=CRF1A4&src_crf=CRF2F&src_crf=CRF3&src_crf=CRF5&sinceTimePeriod=2005
env_air_gge,EU27_2020,CRF1A1,2008,1334.45687,Mt CO2e,2026-06-02T23:00:00+0200,https://ec.europa.eu/eurostat/api/dissemination/statistics/1.0/data/env_air_gge?geo=MT&geo=EU27_2020&unit=MIO_T&airpol=GHG&src_crf=TOTX4_MEMO&src_crf=TOTXMEMO&src_crf=CRF1D1&src_crf=CRF1A1&src_crf=CRF1A3&src_crf=CRF1A4&src_crf=CRF2F&src_crf=CRF3&src_crf=CRF5&sinceTimePeriod=2005
env_air_gge,EU27_2020,CRF1A1,2009,1243.18386,Mt CO2e,2026-06-02T23:00:00+0200,https://ec.europa.eu/eurostat/api/dissemination/statistics/1.0/data/env_air_gge?geo=MT&geo=EU27_2020&unit=MIO_T&airpol=GHG&src_crf=TOTX4_MEMO&src_crf=TOTXMEMO&src_crf=CRF1D1&src_crf=CRF1A1&src_crf=CRF1A3&src_crf=CRF1A4&src_crf=CRF2F&src_crf=CRF3&src_crf=CRF5&sinceTimePeriod=2005
env_air_gge,EU27_2020,CRF1A1,2010,1255.37034,Mt CO2e,2026-06-02T23:00:00+0200,https://ec.europa.eu/eurostat/api/dissemination/statistics/1.0/data/env_air_gge?geo=MT&geo=EU27_2020&unit=MIO_T&airpol=GHG&src_crf=TOTX4_MEMO&src_crf=TOTXMEMO&src_crf=CRF1D1&src_crf=CRF1A1&src_crf=CRF1A3&src_crf=CRF1A4&src_crf=CRF2F&src_crf=CRF3&src_crf=CRF5&sinceTimePeriod=2005
env_air_gge,EU27_2020,CRF1A1,2011,1242.26611,Mt CO2e,2026-06-02T23:00:00+0200,https://ec.europa.eu/eurostat/api/dissemination/statistics/1.0/data/env_air_gge?geo=MT&geo=EU27_2020&unit=MIO_T&airpol=GHG&src_crf=TOTX4_MEMO&src_crf=TOTXMEMO&src_crf=CRF1D1&src_crf=CRF1A1&src_crf=CRF1A3&src_crf=CRF1A4&src_crf=CRF2F&src_crf=CRF3&src_crf=CRF5&sinceTimePeriod=2005
env_air_gge,EU27_2020,CRF1A1,2012,1227.44863,Mt CO2e,2026-06-02T23:00:00+0200,https://ec.europa.eu/eurostat/api/dissemination/statistics/1.0/data/env_air_gge?geo=MT&geo=EU27_2020&unit=MIO_T&airpol=GHG&src_crf=TOTX4_MEMO&src_crf=TOTXMEMO&src_crf=CRF1D1&src_crf=CRF1A1&src_crf=CRF1A3&src_crf=CRF1A4&src_crf=CRF2F&src_crf=CRF3&src_crf=CRF5&sinceTimePeriod=2005
env_air_gge,EU27_2020,CRF1A1,2013,1165.24454,Mt CO2e,2026-06-02T23:00:00+0200,https://ec.europa.eu/eurostat/api/dissemination/statistics/1.0/data/env_air_gge?geo=MT&geo=EU27_2020&unit=MIO_T&airpol=GHG&src_crf=TOTX4_MEMO&src_crf=TOTXMEMO&src_crf=CRF1D1&src_crf=CRF1A1&src_crf=CRF1A3&src_crf=CRF1A4&src_crf=CRF2F&src_crf=CRF3&src_crf=CRF5&sinceTimePeriod=2005
env_air_gge,EU27_2020,CRF1A1,2014,1103.92821,Mt CO2e,2026-06-02T23:00:00+0200,https://ec.europa.eu/eurostat/api/dissemination/statistics/1.0/data/env_air_gge?geo=MT&geo=EU27_2020&unit=MIO_T&airpol=GHG&src_crf=TOTX4_MEMO&src_crf=TOTXMEMO&src_crf=CRF1D1&src_crf=CRF1A1&src_crf=CRF1A3&src_crf=CRF1A4&src_crf=CRF2F&src_crf=CRF3&src_crf=CRF5&sinceTimePeriod=2005
env_air_gge,EU27_2020,CRF1A1,2015,1112.2478,Mt CO2e,2026-06-02T23:00:00+0200,https://ec.europa.eu/eurostat/api/dissemination/statistics/1.0/data/env_air_gge?geo=MT&geo=EU27_2020&unit=MIO_T&airpol=GHG&src_crf=TOTX4_MEMO&src_crf=TOTXMEMO&src_crf=CRF1D1&src_crf=CRF1A1&src_crf=CRF1A3&src_crf=CRF1A4&src_crf=CRF2F&src_crf=CRF3&src_crf=CRF5&sinceTimePeriod=2005
env_air_gge,EU27_2020,CRF1A1,2016,1087.94731,Mt CO2e,2026-06-02T23:00:00+0200,https://ec.europa.eu/eurostat/api/dissemination/statistics/1.0/data/env_air_gge?geo=MT&geo=EU27_2020&unit=MIO_T&airpol=GHG&src_crf=TOTX4_MEMO&src_crf=TOTXMEMO&src_crf=CRF1D1&src_crf=CRF1A1&src_crf=CRF1A3&src_crf=CRF1A4&src_crf=CRF2F&src_crf=CRF3&src_crf=CRF5&sinceTimePeriod=2005
env_air_gge,EU27_2020,CRF1A1,2017,1084.8619,Mt CO2e,2026-06-02T23:00:00+0200,https://ec.europa.eu/eurostat/api/dissemination/statistics/1.0/data/env_air_gge?geo=MT&geo=EU27_2020&unit=MIO_T&airpol=GHG&src_crf=TOTX4_MEMO&src_crf=TOTXMEMO&src_crf=CRF1D1&src_crf=CRF1A1&src_crf=CRF1A3&src_crf=CRF1A4&src_crf=CRF2F&src_crf=CRF3&src_crf=CRF5&sinceTimePeriod=2005
env_air_gge,EU27_2020,CRF1A1,2018,1023.16247,Mt CO2e,2026-06-02T23:00:00+0200,https://ec.europa.eu/eurostat/api/dissemination/statistics/1.0/data/env_air_gge?geo=MT&geo=EU27_2020&unit=MIO_T&airpol=GHG&src_crf=TOTX4_MEMO&src_crf=TOTXMEMO&src_crf=CRF1D1&src_crf=CRF1A1&src_crf=CRF1A3&src_crf=CRF1A4&src_crf=CRF2F&src_crf=CRF3&src_crf=CRF5&sinceTimePeriod=2005
env_air_gge,EU27_2020,CRF1A1,2019,903.57236,Mt CO2e,2026-06-02T23:00:00+0200,https://ec.europa.eu/eurostat/api/dissemination/statistics/1.0/data/env_air_gge?geo=MT&geo=EU27_2020&unit=MIO_T&airpol=GHG&src_crf=TOTX4_MEMO&src_crf=TOTXMEMO&src_crf=CRF1D1&src_crf=CRF1A1&src_crf=CRF1A3&src_crf=CRF1A4&src_crf=CRF2F&src_crf=CRF3&src_crf=CRF5&sinceTimePeriod=2005
env_air_gge,EU27_2020,CRF1A1,2020,776.54784,Mt CO2e,2026-06-02T23:00:00+0200,https://ec.europa.eu/eurostat/api/dissemination/statistics/1.0/data/env_air_gge?geo=MT&geo=EU27_2020&unit=MIO_T&airpol=GHG&src_crf=TOTX4_MEMO&src_crf=TOTXMEMO&src_crf=CRF1D1&src_crf=CRF1A1&src_crf=CRF1A3&src_crf=CRF1A4&src_crf=CRF2F&src_crf=CRF3&src_crf=CRF5&sinceTimePeriod=2005
env_air_gge,EU27_2020,CRF1A1,2021,839.44544,Mt CO2e,2026-06-02T23:00:00+0200,https://ec.europa.eu/eurostat/api/dissemination/statistics/1.0/data/env_air_gge?geo=MT&geo=EU27_2020&unit=MIO_T&airpol=GHG&src_crf=TOTX4_MEMO&src_crf=TOTXMEMO&src_crf=CRF1D1&src_crf=CRF1A1&src_crf=CRF1A3&src_crf=CRF1A4&src_crf=CRF2F&src_crf=CRF3&src_crf=CRF5&sinceTimePeriod=2005
env_air_gge,EU27_2020,CRF1A1,2022,858.90707,Mt CO2e,2026-06-02T23:00:00+0200,https://ec.europa.eu/eurostat/api/dissemination/statistics/1.0/data/env_air_gge?geo=MT&geo=EU27_2020&unit=MIO_T&airpol=GHG&src_crf=TOTX4_MEMO&src_crf=TOTXMEMO&src_crf=CRF1D1&src_crf=CRF1A1&src_crf=CRF1A3&src_crf=CRF1A4&src_crf=CRF2F&src_crf=CRF3&src_crf=CRF5&sinceTimePeriod=2005
env_air_gge,EU27_2020,CRF1A1,2023,698.41559,Mt CO2e,2026-06-02T23:00:00+0200,https://ec.europa.eu/eurostat/api/dissemination/statistics/1.0/data/env_air_gge?geo=MT&geo=EU27_2020&unit=MIO_T&airpol=GHG&src_crf=TOTX4_MEMO&src_crf=TOTXMEMO&src_crf=CRF1D1&src_crf=CRF1A1&src_crf=CRF1A3&src_crf=CRF1A4&src_crf=CRF2F&src_crf=CRF3&src_crf=CRF5&sinceTimePeriod=2005
env_air_gge,EU27_2020,CRF1A1,2024,642.41481,Mt CO2e,2026-06-02T23:00:00+0200,https://ec.europa.eu/eurostat/api/dissemination/statistics/1.0/data/env_air_gge?geo=MT&geo=EU27_2020&unit=MIO_T&airpol=GHG&src_crf=TOTX4_MEMO&src_crf=TOTXMEMO&src_crf=CRF1D1&src_crf=CRF1A1&src_crf=CRF1A3&src_crf=CRF1A4&src_crf=CRF2F&src_crf=CRF3&src_crf=CRF5&sinceTimePeriod=2005
env_air_gge,EU27_2020,CRF1A3,2005,849.89427,Mt CO2e,2026-06-02T23:00:00+0200,https://ec.europa.eu/eurostat/api/dissemination/statistics/1.0/data/env_air_gge?geo=MT&geo=EU27_2020&unit=MIO_T&airpol=GHG&src_crf=TOTX4_MEMO&src_crf=TOTXMEMO&src_crf=CRF1D1&src_crf=CRF1A1&src_crf=CRF1A3&src_crf=CRF1A4&src_crf=CRF2F&src_crf=CRF3&src_crf=CRF5&sinceTimePeriod=2005
env_air_gge,EU27_2020,CRF1A3,2006,863.13506,Mt CO2e,2026-06-02T23:00:00+0200,https://ec.europa.eu/eurostat/api/dissemination/statistics/1.0/data/env_air_gge?geo=MT&geo=EU27_2020&unit=MIO_T&airpol=GHG&src_crf=TOTX4_MEMO&src_crf=TOTXMEMO&src_crf=CRF1D1&src_crf=CRF1A1&src_crf=CRF1A3&src_crf=CRF1A4&src_crf=CRF2F&src_crf=CRF3&src_crf=CRF5&sinceTimePeriod=2005
env_air_gge,EU27_2020,CRF1A3,2007,864.55823,Mt CO2e,2026-06-02T23:00:00+0200,https://ec.europa.eu/eurostat/api/dissemination/statistics/1.0/data/env_air_gge?geo=MT&geo=EU27_2020&unit=MIO_T&airpol=GHG&src_crf=TOTX4_MEMO&src_crf=TOTXMEMO&src_crf=CRF1D1&src_crf=CRF1A1&src_crf=CRF1A3&src_crf=CRF1A4&src_crf=CRF2F&src_crf=CRF3&src_crf=CRF5&sinceTimePeriod=2005
env_air_gge,EU27_2020,CRF1A3,2008,845.60689,Mt CO2e,2026-06-02T23:00:00+0200,https://ec.europa.eu/eurostat/api/dissemination/statistics/1.0/data/env_air_gge?geo=MT&geo=EU27_2020&unit=MIO_T&airpol=GHG&src_crf=TOTX4_MEMO&src_crf=TOTXMEMO&src_crf=CRF1D1&src_crf=CRF1A1&src_crf=CRF1A3&src_crf=CRF1A4&src_crf=CRF2F&src_crf=CRF3&src_crf=CRF5&sinceTimePeriod=2005
env_air_gge,EU27_2020,CRF1A3,2009,824.00453,Mt CO2e,2026-06-02T23:00:00+0200,https://ec.europa.eu/eurostat/api/dissemination/statistics/1.0/data/env_air_gge?geo=MT&geo=EU27_2020&unit=MIO_T&airpol=GHG&src_crf=TOTX4_MEMO&src_crf=TOTXMEMO&src_crf=CRF1D1&src_crf=CRF1A1&src_crf=CRF1A3&src_crf=CRF1A4&src_crf=CRF2F&src_crf=CRF3&src_crf=CRF5&sinceTimePeriod=2005
env_air_gge,EU27_2020,CRF1A3,2010,818.10922,Mt CO2e,2026-06-02T23:00:00+0200,https://ec.europa.eu/eurostat/api/dissemination/statistics/1.0/data/env_air_gge?geo=MT&geo=EU27_2020&unit=MIO_T&airpol=GHG&src_crf=TOTX4_MEMO&src_crf=TOTXMEMO&src_crf=CRF1D1&src_crf=CRF1A1&src_crf=CRF1A3&src_crf=CRF1A4&src_crf=CRF2F&src_crf=CRF3&src_crf=CRF5&sinceTimePeriod=2005
env_air_gge,EU27_2020,CRF1A3,2011,808.60274,Mt CO2e,2026-06-02T23:00:00+0200,https://ec.europa.eu/eurostat/api/dissemination/statistics/1.0/data/env_air_gge?geo=MT&geo=EU27_2020&unit=MIO_T&airpol=GHG&src_crf=TOTX4_MEMO&src_crf=TOTXMEMO&src_crf=CRF1D1&src_crf=CRF1A1&src_crf=CRF1A3&src_crf=CRF1A4&src_crf=CRF2F&src_crf=CRF3&src_crf=CRF5&sinceTimePeriod=2005
env_air_gge,EU27_2020,CRF1A3,2012,779.04862,Mt CO2e,2026-06-02T23:00:00+0200,https://ec.europa.eu/eurostat/api/dissemination/statistics/1.0/data/env_air_gge?geo=MT&geo=EU27_2020&unit=MIO_T&airpol=GHG&src_crf=TOTX4_MEMO&src_crf=TOTXMEMO&src_crf=CRF1D1&src_crf=CRF1A1&src_crf=CRF1A3&src_crf=CRF1A4&src_crf=CRF2F&src_crf=CRF3&src_crf=CRF5&sinceTimePeriod=2005
env_air_gge,EU27_2020,CRF1A3,2013,772.93707,Mt CO2e,2026-06-02T23:00:00+0200,https://ec.europa.eu/eurostat/api/dissemination/statistics/1.0/data/env_air_gge?geo=MT&geo=EU27_2020&unit=MIO_T&airpol=GHG&src_crf=TOTX4_MEMO&src_crf=TOTXMEMO&src_crf=CRF1D1&src_crf=CRF1A1&src_crf=CRF1A3&src_crf=CRF1A4&src_crf=CRF2F&src_crf=CRF3&src_crf=CRF5&sinceTimePeriod=2005
env_air_gge,EU27_2020,CRF1A3,2014,778.79305,Mt CO2e,2026-06-02T23:00:00+0200,https://ec.europa.eu/eurostat/api/dissemination/statistics/1.0/data/env_air_gge?geo=MT&geo=EU27_2020&unit=MIO_T&airpol=GHG&src_crf=TOTX4_MEMO&src_crf=TOTXMEMO&src_crf=CRF1D1&src_crf=CRF1A1&src_crf=CRF1A3&src_crf=CRF1A4&src_crf=CRF2F&src_crf=CRF3&src_crf=CRF5&sinceTimePeriod=2005
env_air_gge,EU27_2020,CRF1A3,2015,794.32041,Mt CO2e,2026-06-02T23:00:00+0200,https://ec.europa.eu/eurostat/api/dissemination/statistics/1.0/data/env_air_gge?geo=MT&geo=EU27_2020&unit=MIO_T&airpol=GHG&src_crf=TOTX4_MEMO&src_crf=TOTXMEMO&src_crf=CRF1D1&src_crf=CRF1A1&src_crf=CRF1A3&src_crf=CRF1A4&src_crf=CRF2F&src_crf=CRF3&src_crf=CRF5&sinceTimePeriod=2005
env_air_gge,EU27_2020,CRF1A3,2016,811.89651,Mt CO2e,2026-06-02T23:00:00+0200,https://ec.europa.eu/eurostat/api/dissemination/statistics/1.0/data/env_air_gge?geo=MT&geo=EU27_2020&unit=MIO_T&airpol=GHG&src_crf=TOTX4_MEMO&src_crf=TOTXMEMO&src_crf=CRF1D1&src_crf=CRF1A1&src_crf=CRF1A3&src_crf=CRF1A4&src_crf=CRF2F&src_crf=CRF3&src_crf=CRF5&sinceTimePeriod=2005
env_air_gge,EU27_2020,CRF1A3,2017,826.65504,Mt CO2e,2026-06-02T23:00:00+0200,https://ec.europa.eu/eurostat/api/dissemination/statistics/1.0/data/env_air_gge?geo=MT&geo=EU27_2020&unit=MIO_T&airpol=GHG&src_crf=TOTX4_MEMO&src_crf=TOTXMEMO&src_crf=CRF1D1&src_crf=CRF1A1&src_crf=CRF1A3&src_crf=CRF1A4&src_crf=CRF2F&src_crf=CRF3&src_crf=CRF5&sinceTimePeriod=2005
env_air_gge,EU27_2020,CRF1A3,2018,829.42263,Mt CO2e,2026-06-02T23:00:00+0200,https://ec.europa.eu/eurostat/api/dissemination/statistics/1.0/data/env_air_gge?geo=MT&geo=EU27_2020&unit=MIO_T&airpol=GHG&src_crf=TOTX4_MEMO&src_crf=TOTXMEMO&src_crf=CRF1D1&src_crf=CRF1A1&src_crf=CRF1A3&src_crf=CRF1A4&src_crf=CRF2F&src_crf=CRF3&src_crf=CRF5&sinceTimePeriod=2005
env_air_gge,EU27_2020,CRF1A3,2019,834.82783,Mt CO2e,2026-06-02T23:00:00+0200,https://ec.europa.eu/eurostat/api/dissemination/statistics/1.0/data/env_air_gge?geo=MT&geo=EU27_2020&unit=MIO_T&airpol=GHG&src_crf=TOTX4_MEMO&src_crf=TOTXMEMO&src_crf=CRF1D1&src_crf=CRF1A1&src_crf=CRF1A3&src_crf=CRF1A4&src_crf=CRF2F&src_crf=CRF3&src_crf=CRF5&sinceTimePeriod=2005
env_air_gge,EU27_2020,CRF1A3,2020,722.49599,Mt CO2e,2026-06-02T23:00:00+0200,https://ec.europa.eu/eurostat/api/dissemination/statistics/1.0/data/env_air_gge?geo=MT&geo=EU27_2020&unit=MIO_T&airpol=GHG&src_crf=TOTX4_MEMO&src_crf=TOTXMEMO&src_crf=CRF1D1&src_crf=CRF1A1&src_crf=CRF1A3&src_crf=CRF1A4&src_crf=CRF2F&src_crf=CRF3&src_crf=CRF5&sinceTimePeriod=2005
env_air_gge,EU27_2020,CRF1A3,2021,783.78403,Mt CO2e,2026-06-02T23:00:00+0200,https://ec.europa.eu/eurostat/api/dissemination/statistics/1.0/data/env_air_gge?geo=MT&geo=EU27_2020&unit=MIO_T&airpol=GHG&src_crf=TOTX4_MEMO&src_crf=TOTXMEMO&src_crf=CRF1D1&src_crf=CRF1A1&src_crf=CRF1A3&src_crf=CRF1A4&src_crf=CRF2F&src_crf=CRF3&src_crf=CRF5&sinceTimePeriod=2005
env_air_gge,EU27_2020,CRF1A3,2022,804.7494,Mt CO2e,2026-06-02T23:00:00+0200,https://ec.europa.eu/eurostat/api/dissemination/statistics/1.0/data/env_air_gge?geo=MT&geo=EU27_2020&unit=MIO_T&airpol=GHG&src_crf=TOTX4_MEMO&src_crf=TOTXMEMO&src_crf=CRF1D1&src_crf=CRF1A1&src_crf=CRF1A3&src_crf=CRF1A4&src_crf=CRF2F&src_crf=CRF3&src_crf=CRF5&sinceTimePeriod=2005
env_air_gge,EU27_2020,CRF1A3,2023,795.64038,Mt CO2e,2026-06-02T23:00:00+0200,https://ec.europa.eu/eurostat/api/dissemination/statistics/1.0/data/env_air_gge?geo=MT&geo=EU27_2020&unit=MIO_T&airpol=GHG&src_crf=TOTX4_MEMO&src_crf=TOTXMEMO&src_crf=CRF1D1&src_crf=CRF1A1&src_crf=CRF1A3&src_crf=CRF1A4&src_crf=CRF2F&src_crf=CRF3&src_crf=CRF5&sinceTimePeriod=2005
env_air_gge,EU27_2020,CRF1A3,2024,804.76405,Mt CO2e,2026-06-02T23:00:00+0200,https://ec.europa.eu/eurostat/api/dissemination/statistics/1.0/data/env_air_gge?geo=MT&geo=EU27_2020&unit=MIO_T&airpol=GHG&src_crf=TOTX4_MEMO&src_crf=TOTXMEMO&src_crf=CRF1D1&src_crf=CRF1A1&src_crf=CRF1A3&src_crf=CRF1A4&src_crf=CRF2F&src_crf=CRF3&src_crf=CRF5&sinceTimePeriod=2005
env_air_gge,EU27_2020,CRF1A4,2005,660.99652,Mt CO2e,2026-06-02T23:00:00+0200,https://ec.europa.eu/eurostat/api/dissemination/statistics/1.0/data/env_air_gge?geo=MT&geo=EU27_2020&unit=MIO_T&airpol=GHG&src_crf=TOTX4_MEMO&src_crf=TOTXMEMO&src_crf=CRF1D1&src_crf=CRF1A1&src_crf=CRF1A3&src_crf=CRF1A4&src_crf=CRF2F&src_crf=CRF3&src_crf=CRF5&sinceTimePeriod=2005
env_air_gge,EU27_2020,CRF1A4,2006,659.93573,Mt CO2e,2026-06-02T23:00:00+0200,https://ec.europa.eu/eurostat/api/dissemination/statistics/1.0/data/env_air_gge?geo=MT&geo=EU27_2020&unit=MIO_T&airpol=GHG&src_crf=TOTX4_MEMO&src_crf=TOTXMEMO&src_crf=CRF1D1&src_crf=CRF1A1&src_crf=CRF1A3&src_crf=CRF1A4&src_crf=CRF2F&src_crf=CRF3&src_crf=CRF5&sinceTimePeriod=2005
env_air_gge,EU27_2020,CRF1A4,2007,584.56421,Mt CO2e,2026-06-02T23:00:00+0200,https://ec.europa.eu/eurostat/api/dissemination/statistics/1.0/data/env_air_gge?geo=MT&geo=EU27_2020&unit=MIO_T&airpol=GHG&src_crf=TOTX4_MEMO&src_crf=TOTXMEMO&src_crf=CRF1D1&src_crf=CRF1A1&src_crf=CRF1A3&src_crf=CRF1A4&src_crf=CRF2F&src_crf=CRF3&src_crf=CRF5&sinceTimePeriod=2005
env_air_gge,EU27_2020,CRF1A4,2008,628.9333,Mt CO2e,2026-06-02T23:00:00+0200,https://ec.europa.eu/eurostat/api/dissemination/statistics/1.0/data/env_air_gge?geo=MT&geo=EU27_2020&unit=MIO_T&airpol=GHG&src_crf=TOTX4_MEMO&src_crf=TOTXMEMO&src_crf=CRF1D1&src_crf=CRF1A1&src_crf=CRF1A3&src_crf=CRF1A4&src_crf=CRF2F&src_crf=CRF3&src_crf=CRF5&sinceTimePeriod=2005
env_air_gge,EU27_2020,CRF1A4,2009,616.53536,Mt CO2e,2026-06-02T23:00:00+0200,https://ec.europa.eu/eurostat/api/dissemination/statistics/1.0/data/env_air_gge?geo=MT&geo=EU27_2020&unit=MIO_T&airpol=GHG&src_crf=TOTX4_MEMO&src_crf=TOTXMEMO&src_crf=CRF1D1&src_crf=CRF1A1&src_crf=CRF1A3&src_crf=CRF1A4&src_crf=CRF2F&src_crf=CRF3&src_crf=CRF5&sinceTimePeriod=2005
env_air_gge,EU27_2020,CRF1A4,2010,649.21793,Mt CO2e,2026-06-02T23:00:00+0200,https://ec.europa.eu/eurostat/api/dissemination/statistics/1.0/data/env_air_gge?geo=MT&geo=EU27_2020&unit=MIO_T&airpol=GHG&src_crf=TOTX4_MEMO&src_crf=TOTXMEMO&src_crf=CRF1D1&src_crf=CRF1A1&src_crf=CRF1A3&src_crf=CRF1A4&src_crf=CRF2F&src_crf=CRF3&src_crf=CRF5&sinceTimePeriod=2005
env_air_gge,EU27_2020,CRF1A4,2011,574.88801,Mt CO2e,2026-06-02T23:00:00+0200,https://ec.europa.eu/eurostat/api/dissemination/statistics/1.0/data/env_air_gge?geo=MT&geo=EU27_2020&unit=MIO_T&airpol=GHG&src_crf=TOTX4_MEMO&src_crf=TOTXMEMO&src_crf=CRF1D1&src_crf=CRF1A1&src_crf=CRF1A3&src_crf=CRF1A4&src_crf=CRF2F&src_crf=CRF3&src_crf=CRF5&sinceTimePeriod=2005
env_air_gge,EU27_2020,CRF1A4,2012,585.97781,Mt CO2e,2026-06-02T23:00:00+0200,https://ec.europa.eu/eurostat/api/dissemination/statistics/1.0/data/env_air_gge?geo=MT&geo=EU27_2020&unit=MIO_T&airpol=GHG&src_crf=TOTX4_MEMO&src_crf=TOTXMEMO&src_crf=CRF1D1&src_crf=CRF1A1&src_crf=CRF1A3&src_crf=CRF1A4&src_crf=CRF2F&src_crf=CRF3&src_crf=CRF5&sinceTimePeriod=2005
env_air_gge,EU27_2020,CRF1A4,2013,590.86634,Mt CO2e,2026-06-02T23:00:00+0200,https://ec.europa.eu/eurostat/api/dissemination/statistics/1.0/data/env_air_gge?geo=MT&geo=EU27_2020&unit=MIO_T&airpol=GHG&src_crf=TOTX4_MEMO&src_crf=TOTXMEMO&src_crf=CRF1D1&src_crf=CRF1A1&src_crf=CRF1A3&src_crf=CRF1A4&src_crf=CRF2F&src_crf=CRF3&src_crf=CRF5&sinceTimePeriod=2005
env_air_gge,EU27_2020,CRF1A4,2014,513.65805,Mt CO2e,2026-06-02T23:00:00+0200,https://ec.europa.eu/eurostat/api/dissemination/statistics/1.0/data/env_air_gge?geo=MT&geo=EU27_2020&unit=MIO_T&airpol=GHG&src_crf=TOTX4_MEMO&src_crf=TOTXMEMO&src_crf=CRF1D1&src_crf=CRF1A1&src_crf=CRF1A3&src_crf=CRF1A4&src_crf=CRF2F&src_crf=CRF3&src_crf=CRF5&sinceTimePeriod=2005
env_air_gge,EU27_2020,CRF1A4,2015,537.28039,Mt CO2e,2026-06-02T23:00:00+0200,https://ec.europa.eu/eurostat/api/dissemination/statistics/1.0/data/env_air_gge?geo=MT&geo=EU27_2020&unit=MIO_T&airpol=GHG&src_crf=TOTX4_MEMO&src_crf=TOTXMEMO&src_crf=CRF1D1&src_crf=CRF1A1&src_crf=CRF1A3&src_crf=CRF1A4&src_crf=CRF2F&src_crf=CRF3&src_crf=CRF5&sinceTimePeriod=2005
env_air_gge,EU27_2020,CRF1A4,2016,543.61251,Mt CO2e,2026-06-02T23:00:00+0200,https://ec.europa.eu/eurostat/api/dissemination/statistics/1.0/data/env_air_gge?geo=MT&geo=EU27_2020&unit=MIO_T&airpol=GHG&src_crf=TOTX4_MEMO&src_crf=TOTXMEMO&src_crf=CRF1D1&src_crf=CRF1A1&src_crf=CRF1A3&src_crf=CRF1A4&src_crf=CRF2F&src_crf=CRF3&src_crf=CRF5&sinceTimePeriod=2005
env_air_gge,EU27_2020,CRF1A4,2017,542.08915,Mt CO2e,2026-06-02T23:00:00+0200,https://ec.europa.eu/eurostat/api/dissemination/statistics/1.0/data/env_air_gge?geo=MT&geo=EU27_2020&unit=MIO_T&airpol=GHG&src_crf=TOTX4_MEMO&src_crf=TOTXMEMO&src_crf=CRF1D1&src_crf=CRF1A1&src_crf=CRF1A3&src_crf=CRF1A4&src_crf=CRF2F&src_crf=CRF3&src_crf=CRF5&sinceTimePeriod=2005
env_air_gge,EU27_2020,CRF1A4,2018,530.74085,Mt CO2e,2026-06-02T23:00:00+0200,https://ec.europa.eu/eurostat/api/dissemination/statistics/1.0/data/env_air_gge?geo=MT&geo=EU27_2020&unit=MIO_T&airpol=GHG&src_crf=TOTX4_MEMO&src_crf=TOTXMEMO&src_crf=CRF1D1&src_crf=CRF1A1&src_crf=CRF1A3&src_crf=CRF1A4&src_crf=CRF2F&src_crf=CRF3&src_crf=CRF5&sinceTimePeriod=2005
env_air_gge,EU27_2020,CRF1A4,2019,520.28653,Mt CO2e,2026-06-02T23:00:00+0200,https://ec.europa.eu/eurostat/api/dissemination/statistics/1.0/data/env_air_gge?geo=MT&geo=EU27_2020&unit=MIO_T&airpol=GHG&src_crf=TOTX4_MEMO&src_crf=TOTXMEMO&src_crf=CRF1D1&src_crf=CRF1A1&src_crf=CRF1A3&src_crf=CRF1A4&src_crf=CRF2F&src_crf=CRF3&src_crf=CRF5&sinceTimePeriod=2005
env_air_gge,EU27_2020,CRF1A4,2020,513.9914,Mt CO2e,2026-06-02T23:00:00+0200,https://ec.europa.eu/eurostat/api/dissemination/statistics/1.0/data/env_air_gge?geo=MT&geo=EU27_2020&unit=MIO_T&airpol=GHG&src_crf=TOTX4_MEMO&src_crf=TOTXMEMO&src_crf=CRF1D1&src_crf=CRF1A1&src_crf=CRF1A3&src_crf=CRF1A4&src_crf=CRF2F&src_crf=CRF3&src_crf=CRF5&sinceTimePeriod=2005
env_air_gge,EU27_2020,CRF1A4,2021,526.20204,Mt CO2e,2026-06-02T23:00:00+0200,https://ec.europa.eu/eurostat/api/dissemination/statistics/1.0/data/env_air_gge?geo=MT&geo=EU27_2020&unit=MIO_T&airpol=GHG&src_crf=TOTX4_MEMO&src_crf=TOTXMEMO&src_crf=CRF1D1&src_crf=CRF1A1&src_crf=CRF1A3&src_crf=CRF1A4&src_crf=CRF2F&src_crf=CRF3&src_crf=CRF5&sinceTimePeriod=2005
env_air_gge,EU27_2020,CRF1A4,2022,468.51985,Mt CO2e,2026-06-02T23:00:00+0200,https://ec.europa.eu/eurostat/api/dissemination/statistics/1.0/data/env_air_gge?geo=MT&geo=EU27_2020&unit=MIO_T&airpol=GHG&src_crf=TOTX4_MEMO&src_crf=TOTXMEMO&src_crf=CRF1D1&src_crf=CRF1A1&src_crf=CRF1A3&src_crf=CRF1A4&src_crf=CRF2F&src_crf=CRF3&src_crf=CRF5&sinceTimePeriod=2005
env_air_gge,EU27_2020,CRF1A4,2023,437.33717,Mt CO2e,2026-06-02T23:00:00+0200,https://ec.europa.eu/eurostat/api/dissemination/statistics/1.0/data/env_air_gge?geo=MT&geo=EU27_2020&unit=MIO_T&airpol=GHG&src_crf=TOTX4_MEMO&src_crf=TOTXMEMO&src_crf=CRF1D1&src_crf=CRF1A1&src_crf=CRF1A3&src_crf=CRF1A4&src_crf=CRF2F&src_crf=CRF3&src_crf=CRF5&sinceTimePeriod=2005
env_air_gge,EU27_2020,CRF1A4,2024,430.706,Mt CO2e,2026-06-02T23:00:00+0200,https://ec.europa.eu/eurostat/api/dissemination/statistics/1.0/data/env_air_gge?geo=MT&geo=EU27_2020&unit=MIO_T&airpol=GHG&src_crf=TOTX4_MEMO&src_crf=TOTXMEMO&src_crf=CRF1D1&src_crf=CRF1A1&src_crf=CRF1A3&src_crf=CRF1A4&src_crf=CRF2F&src_crf=CRF3&src_crf=CRF5&sinceTimePeriod=2005
env_air_gge,EU27_2020,CRF1D1,2005,249.16057,Mt CO2e,2026-06-02T23:00:00+0200,https://ec.europa.eu/eurostat/api/dissemination/statistics/1.0/data/env_air_gge?geo=MT&geo=EU27_2020&unit=MIO_T&airpol=GHG&src_crf=TOTX4_MEMO&src_crf=TOTXMEMO&src_crf=CRF1D1&src_crf=CRF1A1&src_crf=CRF1A3&src_crf=CRF1A4&src_crf=CRF2F&src_crf=CRF3&src_crf=CRF5&sinceTimePeriod=2005
env_air_gge,EU27_2020,CRF1D1,2006,265.14146,Mt CO2e,2026-06-02T23:00:00+0200,https://ec.europa.eu/eurostat/api/dissemination/statistics/1.0/data/env_air_gge?geo=MT&geo=EU27_2020&unit=MIO_T&airpol=GHG&src_crf=TOTX4_MEMO&src_crf=TOTXMEMO&src_crf=CRF1D1&src_crf=CRF1A1&src_crf=CRF1A3&src_crf=CRF1A4&src_crf=CRF2F&src_crf=CRF3&src_crf=CRF5&sinceTimePeriod=2005
env_air_gge,EU27_2020,CRF1D1,2007,277.34235,Mt CO2e,2026-06-02T23:00:00+0200,https://ec.europa.eu/eurostat/api/dissemination/statistics/1.0/data/env_air_gge?geo=MT&geo=EU27_2020&unit=MIO_T&airpol=GHG&src_crf=TOTX4_MEMO&src_crf=TOTXMEMO&src_crf=CRF1D1&src_crf=CRF1A1&src_crf=CRF1A3&src_crf=CRF1A4&src_crf=CRF2F&src_crf=CRF3&src_crf=CRF5&sinceTimePeriod=2005
env_air_gge,EU27_2020,CRF1D1,2008,276.5218,Mt CO2e,2026-06-02T23:00:00+0200,https://ec.europa.eu/eurostat/api/dissemination/statistics/1.0/data/env_air_gge?geo=MT&geo=EU27_2020&unit=MIO_T&airpol=GHG&src_crf=TOTX4_MEMO&src_crf=TOTXMEMO&src_crf=CRF1D1&src_crf=CRF1A1&src_crf=CRF1A3&src_crf=CRF1A4&src_crf=CRF2F&src_crf=CRF3&src_crf=CRF5&sinceTimePeriod=2005
env_air_gge,EU27_2020,CRF1D1,2009,249.37094,Mt CO2e,2026-06-02T23:00:00+0200,https://ec.europa.eu/eurostat/api/dissemination/statistics/1.0/data/env_air_gge?geo=MT&geo=EU27_2020&unit=MIO_T&airpol=GHG&src_crf=TOTX4_MEMO&src_crf=TOTXMEMO&src_crf=CRF1D1&src_crf=CRF1A1&src_crf=CRF1A3&src_crf=CRF1A4&src_crf=CRF2F&src_crf=CRF3&src_crf=CRF5&sinceTimePeriod=2005
env_air_gge,EU27_2020,CRF1D1,2010,251.36324,Mt CO2e,2026-06-02T23:00:00+0200,https://ec.europa.eu/eurostat/api/dissemination/statistics/1.0/data/env_air_gge?geo=MT&geo=EU27_2020&unit=MIO_T&airpol=GHG&src_crf=TOTX4_MEMO&src_crf=TOTXMEMO&src_crf=CRF1D1&src_crf=CRF1A1&src_crf=CRF1A3&src_crf=CRF1A4&src_crf=CRF2F&src_crf=CRF3&src_crf=CRF5&sinceTimePeriod=2005
env_air_gge,EU27_2020,CRF1D1,2011,252.33433,Mt CO2e,2026-06-02T23:00:00+0200,https://ec.europa.eu/eurostat/api/dissemination/statistics/1.0/data/env_air_gge?geo=MT&geo=EU27_2020&unit=MIO_T&airpol=GHG&src_crf=TOTX4_MEMO&src_crf=TOTXMEMO&src_crf=CRF1D1&src_crf=CRF1A1&src_crf=CRF1A3&src_crf=CRF1A4&src_crf=CRF2F&src_crf=CRF3&src_crf=CRF5&sinceTimePeriod=2005
env_air_gge,EU27_2020,CRF1D1,2012,240.79634,Mt CO2e,2026-06-02T23:00:00+0200,https://ec.europa.eu/eurostat/api/dissemination/statistics/1.0/data/env_air_gge?geo=MT&geo=EU27_2020&unit=MIO_T&airpol=GHG&src_crf=TOTX4_MEMO&src_crf=TOTXMEMO&src_crf=CRF1D1&src_crf=CRF1A1&src_crf=CRF1A3&src_crf=CRF1A4&src_crf=CRF2F&src_crf=CRF3&src_crf=CRF5&sinceTimePeriod=2005
env_air_gge,EU27_2020,CRF1D1,2013,234.00158,Mt CO2e,2026-06-02T23:00:00+0200,https://ec.europa.eu/eurostat/api/dissemination/statistics/1.0/data/env_air_gge?geo=MT&geo=EU27_2020&unit=MIO_T&airpol=GHG&src_crf=TOTX4_MEMO&src_crf=TOTXMEMO&src_crf=CRF1D1&src_crf=CRF1A1&src_crf=CRF1A3&src_crf=CRF1A4&src_crf=CRF2F&src_crf=CRF3&src_crf=CRF5&sinceTimePeriod=2005
env_air_gge,EU27_2020,CRF1D1,2014,232.28254,Mt CO2e,2026-06-02T23:00:00+0200,https://ec.europa.eu/eurostat/api/dissemination/statistics/1.0/data/env_air_gge?geo=MT&geo=EU27_2020&unit=MIO_T&airpol=GHG&src_crf=TOTX4_MEMO&src_crf=TOTXMEMO&src_crf=CRF1D1&src_crf=CRF1A1&src_crf=CRF1A3&src_crf=CRF1A4&src_crf=CRF2F&src_crf=CRF3&src_crf=CRF5&sinceTimePeriod=2005
env_air_gge,EU27_2020,CRF1D1,2015,233.83284,Mt CO2e,2026-06-02T23:00:00+0200,https://ec.europa.eu/eurostat/api/dissemination/statistics/1.0/data/env_air_gge?geo=MT&geo=EU27_2020&unit=MIO_T&airpol=GHG&src_crf=TOTX4_MEMO&src_crf=TOTXMEMO&src_crf=CRF1D1&src_crf=CRF1A1&src_crf=CRF1A3&src_crf=CRF1A4&src_crf=CRF2F&src_crf=CRF3&src_crf=CRF5&sinceTimePeriod=2005
env_air_gge,EU27_2020,CRF1D1,2016,246.71245,Mt CO2e,2026-06-02T23:00:00+0200,https://ec.europa.eu/eurostat/api/dissemination/statistics/1.0/data/env_air_gge?geo=MT&geo=EU27_2020&unit=MIO_T&airpol=GHG&src_crf=TOTX4_MEMO&src_crf=TOTXMEMO&src_crf=CRF1D1&src_crf=CRF1A1&src_crf=CRF1A3&src_crf=CRF1A4&src_crf=CRF2F&src_crf=CRF3&src_crf=CRF5&sinceTimePeriod=2005
env_air_gge,EU27_2020,CRF1D1,2017,257.73607,Mt CO2e,2026-06-02T23:00:00+0200,https://ec.europa.eu/eurostat/api/dissemination/statistics/1.0/data/env_air_gge?geo=MT&geo=EU27_2020&unit=MIO_T&airpol=GHG&src_crf=TOTX4_MEMO&src_crf=TOTXMEMO&src_crf=CRF1D1&src_crf=CRF1A1&src_crf=CRF1A3&src_crf=CRF1A4&src_crf=CRF2F&src_crf=CRF3&src_crf=CRF5&sinceTimePeriod=2005
env_air_gge,EU27_2020,CRF1D1,2018,267.11385,Mt CO2e,2026-06-02T23:00:00+0200,https://ec.europa.eu/eurostat/api/dissemination/statistics/1.0/data/env_air_gge?geo=MT&geo=EU27_2020&unit=MIO_T&airpol=GHG&src_crf=TOTX4_MEMO&src_crf=TOTXMEMO&src_crf=CRF1D1&src_crf=CRF1A1&src_crf=CRF1A3&src_crf=CRF1A4&src_crf=CRF2F&src_crf=CRF3&src_crf=CRF5&sinceTimePeriod=2005
env_air_gge,EU27_2020,CRF1D1,2019,268.65337,Mt CO2e,2026-06-02T23:00:00+0200,https://ec.europa.eu/eurostat/api/dissemination/statistics/1.0/data/env_air_gge?geo=MT&geo=EU27_2020&unit=MIO_T&airpol=GHG&src_crf=TOTX4_MEMO&src_crf=TOTXMEMO&src_crf=CRF1D1&src_crf=CRF1A1&src_crf=CRF1A3&src_crf=CRF1A4&src_crf=CRF2F&src_crf=CRF3&src_crf=CRF5&sinceTimePeriod=2005
env_air_gge,EU27_2020,CRF1D1,2020,176.66175,Mt CO2e,2026-06-02T23:00:00+0200,https://ec.europa.eu/eurostat/api/dissemination/statistics/1.0/data/env_air_gge?geo=MT&geo=EU27_2020&unit=MIO_T&airpol=GHG&src_crf=TOTX4_MEMO&src_crf=TOTXMEMO&src_crf=CRF1D1&src_crf=CRF1A1&src_crf=CRF1A3&src_crf=CRF1A4&src_crf=CRF2F&src_crf=CRF3&src_crf=CRF5&sinceTimePeriod=2005
env_air_gge,EU27_2020,CRF1D1,2021,196.55965,Mt CO2e,2026-06-02T23:00:00+0200,https://ec.europa.eu/eurostat/api/dissemination/statistics/1.0/data/env_air_gge?geo=MT&geo=EU27_2020&unit=MIO_T&airpol=GHG&src_crf=TOTX4_MEMO&src_crf=TOTXMEMO&src_crf=CRF1D1&src_crf=CRF1A1&src_crf=CRF1A3&src_crf=CRF1A4&src_crf=CRF2F&src_crf=CRF3&src_crf=CRF5&sinceTimePeriod=2005
env_air_gge,EU27_2020,CRF1D1,2022,241.50656,Mt CO2e,2026-06-02T23:00:00+0200,https://ec.europa.eu/eurostat/api/dissemination/statistics/1.0/data/env_air_gge?geo=MT&geo=EU27_2020&unit=MIO_T&airpol=GHG&src_crf=TOTX4_MEMO&src_crf=TOTXMEMO&src_crf=CRF1D1&src_crf=CRF1A1&src_crf=CRF1A3&src_crf=CRF1A4&src_crf=CRF2F&src_crf=CRF3&src_crf=CRF5&sinceTimePeriod=2005
env_air_gge,EU27_2020,CRF1D1,2023,245.1416,Mt CO2e,2026-06-02T23:00:00+0200,https://ec.europa.eu/eurostat/api/dissemination/statistics/1.0/data/env_air_gge?geo=MT&geo=EU27_2020&unit=MIO_T&airpol=GHG&src_crf=TOTX4_MEMO&src_crf=TOTXMEMO&src_crf=CRF1D1&src_crf=CRF1A1&src_crf=CRF1A3&src_crf=CRF1A4&src_crf=CRF2F&src_crf=CRF3&src_crf=CRF5&sinceTimePeriod=2005
env_air_gge,EU27_2020,CRF1D1,2024,257.00233,Mt CO2e,2026-06-02T23:00:00+0200,https://ec.europa.eu/eurostat/api/dissemination/statistics/1.0/data/env_air_gge?geo=MT&geo=EU27_2020&unit=MIO_T&airpol=GHG&src_crf=TOTX4_MEMO&src_crf=TOTXMEMO&src_crf=CRF1D1&src_crf=CRF1A1&src_crf=CRF1A3&src_crf=CRF1A4&src_crf=CRF2F&src_crf=CRF3&src_crf=CRF5&sinceTimePeriod=2005
env_air_gge,EU27_2020,CRF2F,2005,57.86924,Mt CO2e,2026-06-02T23:00:00+0200,https://ec.europa.eu/eurostat/api/dissemination/statistics/1.0/data/env_air_gge?geo=MT&geo=EU27_2020&unit=MIO_T&airpol=GHG&src_crf=TOTX4_MEMO&src_crf=TOTXMEMO&src_crf=CRF1D1&src_crf=CRF1A1&src_crf=CRF1A3&src_crf=CRF1A4&src_crf=CRF2F&src_crf=CRF3&src_crf=CRF5&sinceTimePeriod=2005
env_air_gge,EU27_2020,CRF2F,2006,65.22354,Mt CO2e,2026-06-02T23:00:00+0200,https://ec.europa.eu/eurostat/api/dissemination/statistics/1.0/data/env_air_gge?geo=MT&geo=EU27_2020&unit=MIO_T&airpol=GHG&src_crf=TOTX4_MEMO&src_crf=TOTXMEMO&src_crf=CRF1D1&src_crf=CRF1A1&src_crf=CRF1A3&src_crf=CRF1A4&src_crf=CRF2F&src_crf=CRF3&src_crf=CRF5&sinceTimePeriod=2005
env_air_gge,EU27_2020,CRF2F,2007,71.92397,Mt CO2e,2026-06-02T23:00:00+0200,https://ec.europa.eu/eurostat/api/dissemination/statistics/1.0/data/env_air_gge?geo=MT&geo=EU27_2020&unit=MIO_T&airpol=GHG&src_crf=TOTX4_MEMO&src_crf=TOTXMEMO&src_crf=CRF1D1&src_crf=CRF1A1&src_crf=CRF1A3&src_crf=CRF1A4&src_crf=CRF2F&src_crf=CRF3&src_crf=CRF5&sinceTimePeriod=2005
env_air_gge,EU27_2020,CRF2F,2008,77.01673,Mt CO2e,2026-06-02T23:00:00+0200,https://ec.europa.eu/eurostat/api/dissemination/statistics/1.0/data/env_air_gge?geo=MT&geo=EU27_2020&unit=MIO_T&airpol=GHG&src_crf=TOTX4_MEMO&src_crf=TOTXMEMO&src_crf=CRF1D1&src_crf=CRF1A1&src_crf=CRF1A3&src_crf=CRF1A4&src_crf=CRF2F&src_crf=CRF3&src_crf=CRF5&sinceTimePeriod=2005
env_air_gge,EU27_2020,CRF2F,2009,78.4113,Mt CO2e,2026-06-02T23:00:00+0200,https://ec.europa.eu/eurostat/api/dissemination/statistics/1.0/data/env_air_gge?geo=MT&geo=EU27_2020&unit=MIO_T&airpol=GHG&src_crf=TOTX4_MEMO&src_crf=TOTXMEMO&src_crf=CRF1D1&src_crf=CRF1A1&src_crf=CRF1A3&src_crf=CRF1A4&src_crf=CRF2F&src_crf=CRF3&src_crf=CRF5&sinceTimePeriod=2005
env_air_gge,EU27_2020,CRF2F,2010,81.37886,Mt CO2e,2026-06-02T23:00:00+0200,https://ec.europa.eu/eurostat/api/dissemination/statistics/1.0/data/env_air_gge?geo=MT&geo=EU27_2020&unit=MIO_T&airpol=GHG&src_crf=TOTX4_MEMO&src_crf=TOTXMEMO&src_crf=CRF1D1&src_crf=CRF1A1&src_crf=CRF1A3&src_crf=CRF1A4&src_crf=CRF2F&src_crf=CRF3&src_crf=CRF5&sinceTimePeriod=2005
env_air_gge,EU27_2020,CRF2F,2011,84.69942,Mt CO2e,2026-06-02T23:00:00+0200,https://ec.europa.eu/eurostat/api/dissemination/statistics/1.0/data/env_air_gge?geo=MT&geo=EU27_2020&unit=MIO_T&airpol=GHG&src_crf=TOTX4_MEMO&src_crf=TOTXMEMO&src_crf=CRF1D1&src_crf=CRF1A1&src_crf=CRF1A3&src_crf=CRF1A4&src_crf=CRF2F&src_crf=CRF3&src_crf=CRF5&sinceTimePeriod=2005
env_air_gge,EU27_2020,CRF2F,2012,87.27654,Mt CO2e,2026-06-02T23:00:00+0200,https://ec.europa.eu/eurostat/api/dissemination/statistics/1.0/data/env_air_gge?geo=MT&geo=EU27_2020&unit=MIO_T&airpol=GHG&src_crf=TOTX4_MEMO&src_crf=TOTXMEMO&src_crf=CRF1D1&src_crf=CRF1A1&src_crf=CRF1A3&src_crf=CRF1A4&src_crf=CRF2F&src_crf=CRF3&src_crf=CRF5&sinceTimePeriod=2005
env_air_gge,EU27_2020,CRF2F,2013,88.69309,Mt CO2e,2026-06-02T23:00:00+0200,https://ec.europa.eu/eurostat/api/dissemination/statistics/1.0/data/env_air_gge?geo=MT&geo=EU27_2020&unit=MIO_T&airpol=GHG&src_crf=TOTX4_MEMO&src_crf=TOTXMEMO&src_crf=CRF1D1&src_crf=CRF1A1&src_crf=CRF1A3&src_crf=CRF1A4&src_crf=CRF2F&src_crf=CRF3&src_crf=CRF5&sinceTimePeriod=2005
env_air_gge,EU27_2020,CRF2F,2014,90.21969,Mt CO2e,2026-06-02T23:00:00+0200,https://ec.europa.eu/eurostat/api/dissemination/statistics/1.0/data/env_air_gge?geo=MT&geo=EU27_2020&unit=MIO_T&airpol=GHG&src_crf=TOTX4_MEMO&src_crf=TOTXMEMO&src_crf=CRF1D1&src_crf=CRF1A1&src_crf=CRF1A3&src_crf=CRF1A4&src_crf=CRF2F&src_crf=CRF3&src_crf=CRF5&sinceTimePeriod=2005
env_air_gge,EU27_2020,CRF2F,2015,81.9484,Mt CO2e,2026-06-02T23:00:00+0200,https://ec.europa.eu/eurostat/api/dissemination/statistics/1.0/data/env_air_gge?geo=MT&geo=EU27_2020&unit=MIO_T&airpol=GHG&src_crf=TOTX4_MEMO&src_crf=TOTXMEMO&src_crf=CRF1D1&src_crf=CRF1A1&src_crf=CRF1A3&src_crf=CRF1A4&src_crf=CRF2F&src_crf=CRF3&src_crf=CRF5&sinceTimePeriod=2005
env_air_gge,EU27_2020,CRF2F,2016,82.07448,Mt CO2e,2026-06-02T23:00:00+0200,https://ec.europa.eu/eurostat/api/dissemination/statistics/1.0/data/env_air_gge?geo=MT&geo=EU27_2020&unit=MIO_T&airpol=GHG&src_crf=TOTX4_MEMO&src_crf=TOTXMEMO&src_crf=CRF1D1&src_crf=CRF1A1&src_crf=CRF1A3&src_crf=CRF1A4&src_crf=CRF2F&src_crf=CRF3&src_crf=CRF5&sinceTimePeriod=2005
env_air_gge,EU27_2020,CRF2F,2017,79.47883,Mt CO2e,2026-06-02T23:00:00+0200,https://ec.europa.eu/eurostat/api/dissemination/statistics/1.0/data/env_air_gge?geo=MT&geo=EU27_2020&unit=MIO_T&airpol=GHG&src_crf=TOTX4_MEMO&src_crf=TOTXMEMO&src_crf=CRF1D1&src_crf=CRF1A1&src_crf=CRF1A3&src_crf=CRF1A4&src_crf=CRF2F&src_crf=CRF3&src_crf=CRF5&sinceTimePeriod=2005
env_air_gge,EU27_2020,CRF2F,2018,74.95352,Mt CO2e,2026-06-02T23:00:00+0200,https://ec.europa.eu/eurostat/api/dissemination/statistics/1.0/data/env_air_gge?geo=MT&geo=EU27_2020&unit=MIO_T&airpol=GHG&src_crf=TOTX4_MEMO&src_crf=TOTXMEMO&src_crf=CRF1D1&src_crf=CRF1A1&src_crf=CRF1A3&src_crf=CRF1A4&src_crf=CRF2F&src_crf=CRF3&src_crf=CRF5&sinceTimePeriod=2005
env_air_gge,EU27_2020,CRF2F,2019,70.79385,Mt CO2e,2026-06-02T23:00:00+0200,https://ec.europa.eu/eurostat/api/dissemination/statistics/1.0/data/env_air_gge?geo=MT&geo=EU27_2020&unit=MIO_T&airpol=GHG&src_crf=TOTX4_MEMO&src_crf=TOTXMEMO&src_crf=CRF1D1&src_crf=CRF1A1&src_crf=CRF1A3&src_crf=CRF1A4&src_crf=CRF2F&src_crf=CRF3&src_crf=CRF5&sinceTimePeriod=2005
env_air_gge,EU27_2020,CRF2F,2020,65.688,Mt CO2e,2026-06-02T23:00:00+0200,https://ec.europa.eu/eurostat/api/dissemination/statistics/1.0/data/env_air_gge?geo=MT&geo=EU27_2020&unit=MIO_T&airpol=GHG&src_crf=TOTX4_MEMO&src_crf=TOTXMEMO&src_crf=CRF1D1&src_crf=CRF1A1&src_crf=CRF1A3&src_crf=CRF1A4&src_crf=CRF2F&src_crf=CRF3&src_crf=CRF5&sinceTimePeriod=2005
env_air_gge,EU27_2020,CRF2F,2021,63.02355,Mt CO2e,2026-06-02T23:00:00+0200,https://ec.europa.eu/eurostat/api/dissemination/statistics/1.0/data/env_air_gge?geo=MT&geo=EU27_2020&unit=MIO_T&airpol=GHG&src_crf=TOTX4_MEMO&src_crf=TOTXMEMO&src_crf=CRF1D1&src_crf=CRF1A1&src_crf=CRF1A3&src_crf=CRF1A4&src_crf=CRF2F&src_crf=CRF3&src_crf=CRF5&sinceTimePeriod=2005
env_air_gge,EU27_2020,CRF2F,2022,60.49762,Mt CO2e,2026-06-02T23:00:00+0200,https://ec.europa.eu/eurostat/api/dissemination/statistics/1.0/data/env_air_gge?geo=MT&geo=EU27_2020&unit=MIO_T&airpol=GHG&src_crf=TOTX4_MEMO&src_crf=TOTXMEMO&src_crf=CRF1D1&src_crf=CRF1A1&src_crf=CRF1A3&src_crf=CRF1A4&src_crf=CRF2F&src_crf=CRF3&src_crf=CRF5&sinceTimePeriod=2005
env_air_gge,EU27_2020,CRF2F,2023,56.43544,Mt CO2e,2026-06-02T23:00:00+0200,https://ec.europa.eu/eurostat/api/dissemination/statistics/1.0/data/env_air_gge?geo=MT&geo=EU27_2020&unit=MIO_T&airpol=GHG&src_crf=TOTX4_MEMO&src_crf=TOTXMEMO&src_crf=CRF1D1&src_crf=CRF1A1&src_crf=CRF1A3&src_crf=CRF1A4&src_crf=CRF2F&src_crf=CRF3&src_crf=CRF5&sinceTimePeriod=2005
env_air_gge,EU27_2020,CRF2F,2024,54.06153,Mt CO2e,2026-06-02T23:00:00+0200,https://ec.europa.eu/eurostat/api/dissemination/statistics/1.0/data/env_air_gge?geo=MT&geo=EU27_2020&unit=MIO_T&airpol=GHG&src_crf=TOTX4_MEMO&src_crf=TOTXMEMO&src_crf=CRF1D1&src_crf=CRF1A1&src_crf=CRF1A3&src_crf=CRF1A4&src_crf=CRF2F&src_crf=CRF3&src_crf=CRF5&sinceTimePeriod=2005
env_air_gge,EU27_2020,CRF3,2005,389.1956,Mt CO2e,2026-06-02T23:00:00+0200,https://ec.europa.eu/eurostat/api/dissemination/statistics/1.0/data/env_air_gge?geo=MT&geo=EU27_2020&unit=MIO_T&airpol=GHG&src_crf=TOTX4_MEMO&src_crf=TOTXMEMO&src_crf=CRF1D1&src_crf=CRF1A1&src_crf=CRF1A3&src_crf=CRF1A4&src_crf=CRF2F&src_crf=CRF3&src_crf=CRF5&sinceTimePeriod=2005
env_air_gge,EU27_2020,CRF3,2006,386.20207,Mt CO2e,2026-06-02T23:00:00+0200,https://ec.europa.eu/eurostat/api/dissemination/statistics/1.0/data/env_air_gge?geo=MT&geo=EU27_2020&unit=MIO_T&airpol=GHG&src_crf=TOTX4_MEMO&src_crf=TOTXMEMO&src_crf=CRF1D1&src_crf=CRF1A1&src_crf=CRF1A3&src_crf=CRF1A4&src_crf=CRF2F&src_crf=CRF3&src_crf=CRF5&sinceTimePeriod=2005
env_air_gge,EU27_2020,CRF3,2007,390.21275,Mt CO2e,2026-06-02T23:00:00+0200,https://ec.europa.eu/eurostat/api/dissemination/statistics/1.0/data/env_air_gge?geo=MT&geo=EU27_2020&unit=MIO_T&airpol=GHG&src_crf=TOTX4_MEMO&src_crf=TOTXMEMO&src_crf=CRF1D1&src_crf=CRF1A1&src_crf=CRF1A3&src_crf=CRF1A4&src_crf=CRF2F&src_crf=CRF3&src_crf=CRF5&sinceTimePeriod=2005
env_air_gge,EU27_2020,CRF3,2008,386.2121,Mt CO2e,2026-06-02T23:00:00+0200,https://ec.europa.eu/eurostat/api/dissemination/statistics/1.0/data/env_air_gge?geo=MT&geo=EU27_2020&unit=MIO_T&airpol=GHG&src_crf=TOTX4_MEMO&src_crf=TOTXMEMO&src_crf=CRF1D1&src_crf=CRF1A1&src_crf=CRF1A3&src_crf=CRF1A4&src_crf=CRF2F&src_crf=CRF3&src_crf=CRF5&sinceTimePeriod=2005
env_air_gge,EU27_2020,CRF3,2009,382.1367,Mt CO2e,2026-06-02T23:00:00+0200,https://ec.europa.eu/eurostat/api/dissemination/statistics/1.0/data/env_air_gge?geo=MT&geo=EU27_2020&unit=MIO_T&airpol=GHG&src_crf=TOTX4_MEMO&src_crf=TOTXMEMO&src_crf=CRF1D1&src_crf=CRF1A1&src_crf=CRF1A3&src_crf=CRF1A4&src_crf=CRF2F&src_crf=CRF3&src_crf=CRF5&sinceTimePeriod=2005
env_air_gge,EU27_2020,CRF3,2010,378.53444,Mt CO2e,2026-06-02T23:00:00+0200,https://ec.europa.eu/eurostat/api/dissemination/statistics/1.0/data/env_air_gge?geo=MT&geo=EU27_2020&unit=MIO_T&airpol=GHG&src_crf=TOTX4_MEMO&src_crf=TOTXMEMO&src_crf=CRF1D1&src_crf=CRF1A1&src_crf=CRF1A3&src_crf=CRF1A4&src_crf=CRF2F&src_crf=CRF3&src_crf=CRF5&sinceTimePeriod=2005
env_air_gge,EU27_2020,CRF3,2011,375.25846,Mt CO2e,2026-06-02T23:00:00+0200,https://ec.europa.eu/eurostat/api/dissemination/statistics/1.0/data/env_air_gge?geo=MT&geo=EU27_2020&unit=MIO_T&airpol=GHG&src_crf=TOTX4_MEMO&src_crf=TOTXMEMO&src_crf=CRF1D1&src_crf=CRF1A1&src_crf=CRF1A3&src_crf=CRF1A4&src_crf=CRF2F&src_crf=CRF3&src_crf=CRF5&sinceTimePeriod=2005
env_air_gge,EU27_2020,CRF3,2012,374.33714,Mt CO2e,2026-06-02T23:00:00+0200,https://ec.europa.eu/eurostat/api/dissemination/statistics/1.0/data/env_air_gge?geo=MT&geo=EU27_2020&unit=MIO_T&airpol=GHG&src_crf=TOTX4_MEMO&src_crf=TOTXMEMO&src_crf=CRF1D1&src_crf=CRF1A1&src_crf=CRF1A3&src_crf=CRF1A4&src_crf=CRF2F&src_crf=CRF3&src_crf=CRF5&sinceTimePeriod=2005
env_air_gge,EU27_2020,CRF3,2013,378.06948,Mt CO2e,2026-06-02T23:00:00+0200,https://ec.europa.eu/eurostat/api/dissemination/statistics/1.0/data/env_air_gge?geo=MT&geo=EU27_2020&unit=MIO_T&airpol=GHG&src_crf=TOTX4_MEMO&src_crf=TOTXMEMO&src_crf=CRF1D1&src_crf=CRF1A1&src_crf=CRF1A3&src_crf=CRF1A4&src_crf=CRF2F&src_crf=CRF3&src_crf=CRF5&sinceTimePeriod=2005
env_air_gge,EU27_2020,CRF3,2014,382.38594,Mt CO2e,2026-06-02T23:00:00+0200,https://ec.europa.eu/eurostat/api/dissemination/statistics/1.0/data/env_air_gge?geo=MT&geo=EU27_2020&unit=MIO_T&airpol=GHG&src_crf=TOTX4_MEMO&src_crf=TOTXMEMO&src_crf=CRF1D1&src_crf=CRF1A1&src_crf=CRF1A3&src_crf=CRF1A4&src_crf=CRF2F&src_crf=CRF3&src_crf=CRF5&sinceTimePeriod=2005
env_air_gge,EU27_2020,CRF3,2015,381.73932,Mt CO2e,2026-06-02T23:00:00+0200,https://ec.europa.eu/eurostat/api/dissemination/statistics/1.0/data/env_air_gge?geo=MT&geo=EU27_2020&unit=MIO_T&airpol=GHG&src_crf=TOTX4_MEMO&src_crf=TOTXMEMO&src_crf=CRF1D1&src_crf=CRF1A1&src_crf=CRF1A3&src_crf=CRF1A4&src_crf=CRF2F&src_crf=CRF3&src_crf=CRF5&sinceTimePeriod=2005
env_air_gge,EU27_2020,CRF3,2016,385.41976,Mt CO2e,2026-06-02T23:00:00+0200,https://ec.europa.eu/eurostat/api/dissemination/statistics/1.0/data/env_air_gge?geo=MT&geo=EU27_2020&unit=MIO_T&airpol=GHG&src_crf=TOTX4_MEMO&src_crf=TOTXMEMO&src_crf=CRF1D1&src_crf=CRF1A1&src_crf=CRF1A3&src_crf=CRF1A4&src_crf=CRF2F&src_crf=CRF3&src_crf=CRF5&sinceTimePeriod=2005
env_air_gge,EU27_2020,CRF3,2017,386.61717,Mt CO2e,2026-06-02T23:00:00+0200,https://ec.europa.eu/eurostat/api/dissemination/statistics/1.0/data/env_air_gge?geo=MT&geo=EU27_2020&unit=MIO_T&airpol=GHG&src_crf=TOTX4_MEMO&src_crf=TOTXMEMO&src_crf=CRF1D1&src_crf=CRF1A1&src_crf=CRF1A3&src_crf=CRF1A4&src_crf=CRF2F&src_crf=CRF3&src_crf=CRF5&sinceTimePeriod=2005
env_air_gge,EU27_2020,CRF3,2018,380.78044,Mt CO2e,2026-06-02T23:00:00+0200,https://ec.europa.eu/eurostat/api/dissemination/statistics/1.0/data/env_air_gge?geo=MT&geo=EU27_2020&unit=MIO_T&airpol=GHG&src_crf=TOTX4_MEMO&src_crf=TOTXMEMO&src_crf=CRF1D1&src_crf=CRF1A1&src_crf=CRF1A3&src_crf=CRF1A4&src_crf=CRF2F&src_crf=CRF3&src_crf=CRF5&sinceTimePeriod=2005
env_air_gge,EU27_2020,CRF3,2019,378.22616,Mt CO2e,2026-06-02T23:00:00+0200,https://ec.europa.eu/eurostat/api/dissemination/statistics/1.0/data/env_air_gge?geo=MT&geo=EU27_2020&unit=MIO_T&airpol=GHG&src_crf=TOTX4_MEMO&src_crf=TOTXMEMO&src_crf=CRF1D1&src_crf=CRF1A1&src_crf=CRF1A3&src_crf=CRF1A4&src_crf=CRF2F&src_crf=CRF3&src_crf=CRF5&sinceTimePeriod=2005
env_air_gge,EU27_2020,CRF3,2020,380.55497,Mt CO2e,2026-06-02T23:00:00+0200,https://ec.europa.eu/eurostat/api/dissemination/statistics/1.0/data/env_air_gge?geo=MT&geo=EU27_2020&unit=MIO_T&airpol=GHG&src_crf=TOTX4_MEMO&src_crf=TOTXMEMO&src_crf=CRF1D1&src_crf=CRF1A1&src_crf=CRF1A3&src_crf=CRF1A4&src_crf=CRF2F&src_crf=CRF3&src_crf=CRF5&sinceTimePeriod=2005
env_air_gge,EU27_2020,CRF3,2021,378.06734,Mt CO2e,2026-06-02T23:00:00+0200,https://ec.europa.eu/eurostat/api/dissemination/statistics/1.0/data/env_air_gge?geo=MT&geo=EU27_2020&unit=MIO_T&airpol=GHG&src_crf=TOTX4_MEMO&src_crf=TOTXMEMO&src_crf=CRF1D1&src_crf=CRF1A1&src_crf=CRF1A3&src_crf=CRF1A4&src_crf=CRF2F&src_crf=CRF3&src_crf=CRF5&sinceTimePeriod=2005
env_air_gge,EU27_2020,CRF3,2022,364.27024,Mt CO2e,2026-06-02T23:00:00+0200,https://ec.europa.eu/eurostat/api/dissemination/statistics/1.0/data/env_air_gge?geo=MT&geo=EU27_2020&unit=MIO_T&airpol=GHG&src_crf=TOTX4_MEMO&src_crf=TOTXMEMO&src_crf=CRF1D1&src_crf=CRF1A1&src_crf=CRF1A3&src_crf=CRF1A4&src_crf=CRF2F&src_crf=CRF3&src_crf=CRF5&sinceTimePeriod=2005
env_air_gge,EU27_2020,CRF3,2023,363.23813,Mt CO2e,2026-06-02T23:00:00+0200,https://ec.europa.eu/eurostat/api/dissemination/statistics/1.0/data/env_air_gge?geo=MT&geo=EU27_2020&unit=MIO_T&airpol=GHG&src_crf=TOTX4_MEMO&src_crf=TOTXMEMO&src_crf=CRF1D1&src_crf=CRF1A1&src_crf=CRF1A3&src_crf=CRF1A4&src_crf=CRF2F&src_crf=CRF3&src_crf=CRF5&sinceTimePeriod=2005
env_air_gge,EU27_2020,CRF3,2024,359.08559,Mt CO2e,2026-06-02T23:00:00+0200,https://ec.europa.eu/eurostat/api/dissemination/statistics/1.0/data/env_air_gge?geo=MT&geo=EU27_2020&unit=MIO_T&airpol=GHG&src_crf=TOTX4_MEMO&src_crf=TOTXMEMO&src_crf=CRF1D1&src_crf=CRF1A1&src_crf=CRF1A3&src_crf=CRF1A4&src_crf=CRF2F&src_crf=CRF3&src_crf=CRF5&sinceTimePeriod=2005
env_air_gge,EU27_2020,CRF5,2005,159.0079,Mt CO2e,2026-06-02T23:00:00+0200,https://ec.europa.eu/eurostat/api/dissemination/statistics/1.0/data/env_air_gge?geo=MT&geo=EU27_2020&unit=MIO_T&airpol=GHG&src_crf=TOTX4_MEMO&src_crf=TOTXMEMO&src_crf=CRF1D1&src_crf=CRF1A1&src_crf=CRF1A3&src_crf=CRF1A4&src_crf=CRF2F&src_crf=CRF3&src_crf=CRF5&sinceTimePeriod=2005
env_air_gge,EU27_2020,CRF5,2006,155.26866,Mt CO2e,2026-06-02T23:00:00+0200,https://ec.europa.eu/eurostat/api/dissemination/statistics/1.0/data/env_air_gge?geo=MT&geo=EU27_2020&unit=MIO_T&airpol=GHG&src_crf=TOTX4_MEMO&src_crf=TOTXMEMO&src_crf=CRF1D1&src_crf=CRF1A1&src_crf=CRF1A3&src_crf=CRF1A4&src_crf=CRF2F&src_crf=CRF3&src_crf=CRF5&sinceTimePeriod=2005
env_air_gge,EU27_2020,CRF5,2007,150.91829,Mt CO2e,2026-06-02T23:00:00+0200,https://ec.europa.eu/eurostat/api/dissemination/statistics/1.0/data/env_air_gge?geo=MT&geo=EU27_2020&unit=MIO_T&airpol=GHG&src_crf=TOTX4_MEMO&src_crf=TOTXMEMO&src_crf=CRF1D1&src_crf=CRF1A1&src_crf=CRF1A3&src_crf=CRF1A4&src_crf=CRF2F&src_crf=CRF3&src_crf=CRF5&sinceTimePeriod=2005
env_air_gge,EU27_2020,CRF5,2008,146.7699,Mt CO2e,2026-06-02T23:00:00+0200,https://ec.europa.eu/eurostat/api/dissemination/statistics/1.0/data/env_air_gge?geo=MT&geo=EU27_2020&unit=MIO_T&airpol=GHG&src_crf=TOTX4_MEMO&src_crf=TOTXMEMO&src_crf=CRF1D1&src_crf=CRF1A1&src_crf=CRF1A3&src_crf=CRF1A4&src_crf=CRF2F&src_crf=CRF3&src_crf=CRF5&sinceTimePeriod=2005
env_air_gge,EU27_2020,CRF5,2009,144.85798,Mt CO2e,2026-06-02T23:00:00+0200,https://ec.europa.eu/eurostat/api/dissemination/statistics/1.0/data/env_air_gge?geo=MT&geo=EU27_2020&unit=MIO_T&airpol=GHG&src_crf=TOTX4_MEMO&src_crf=TOTXMEMO&src_crf=CRF1D1&src_crf=CRF1A1&src_crf=CRF1A3&src_crf=CRF1A4&src_crf=CRF2F&src_crf=CRF3&src_crf=CRF5&sinceTimePeriod=2005
env_air_gge,EU27_2020,CRF5,2010,141.43308,Mt CO2e,2026-06-02T23:00:00+0200,https://ec.europa.eu/eurostat/api/dissemination/statistics/1.0/data/env_air_gge?geo=MT&geo=EU27_2020&unit=MIO_T&airpol=GHG&src_crf=TOTX4_MEMO&src_crf=TOTXMEMO&src_crf=CRF1D1&src_crf=CRF1A1&src_crf=CRF1A3&src_crf=CRF1A4&src_crf=CRF2F&src_crf=CRF3&src_crf=CRF5&sinceTimePeriod=2005
env_air_gge,EU27_2020,CRF5,2011,136.95557,Mt CO2e,2026-06-02T23:00:00+0200,https://ec.europa.eu/eurostat/api/dissemination/statistics/1.0/data/env_air_gge?geo=MT&geo=EU27_2020&unit=MIO_T&airpol=GHG&src_crf=TOTX4_MEMO&src_crf=TOTXMEMO&src_crf=CRF1D1&src_crf=CRF1A1&src_crf=CRF1A3&src_crf=CRF1A4&src_crf=CRF2F&src_crf=CRF3&src_crf=CRF5&sinceTimePeriod=2005
env_air_gge,EU27_2020,CRF5,2012,133.93094,Mt CO2e,2026-06-02T23:00:00+0200,https://ec.europa.eu/eurostat/api/dissemination/statistics/1.0/data/env_air_gge?geo=MT&geo=EU27_2020&unit=MIO_T&airpol=GHG&src_crf=TOTX4_MEMO&src_crf=TOTXMEMO&src_crf=CRF1D1&src_crf=CRF1A1&src_crf=CRF1A3&src_crf=CRF1A4&src_crf=CRF2F&src_crf=CRF3&src_crf=CRF5&sinceTimePeriod=2005
env_air_gge,EU27_2020,CRF5,2013,128.41018,Mt CO2e,2026-06-02T23:00:00+0200,https://ec.europa.eu/eurostat/api/dissemination/statistics/1.0/data/env_air_gge?geo=MT&geo=EU27_2020&unit=MIO_T&airpol=GHG&src_crf=TOTX4_MEMO&src_crf=TOTXMEMO&src_crf=CRF1D1&src_crf=CRF1A1&src_crf=CRF1A3&src_crf=CRF1A4&src_crf=CRF2F&src_crf=CRF3&src_crf=CRF5&sinceTimePeriod=2005
env_air_gge,EU27_2020,CRF5,2014,124.41381,Mt CO2e,2026-06-02T23:00:00+0200,https://ec.europa.eu/eurostat/api/dissemination/statistics/1.0/data/env_air_gge?geo=MT&geo=EU27_2020&unit=MIO_T&airpol=GHG&src_crf=TOTX4_MEMO&src_crf=TOTXMEMO&src_crf=CRF1D1&src_crf=CRF1A1&src_crf=CRF1A3&src_crf=CRF1A4&src_crf=CRF2F&src_crf=CRF3&src_crf=CRF5&sinceTimePeriod=2005
env_air_gge,EU27_2020,CRF5,2015,122.42988,Mt CO2e,2026-06-02T23:00:00+0200,https://ec.europa.eu/eurostat/api/dissemination/statistics/1.0/data/env_air_gge?geo=MT&geo=EU27_2020&unit=MIO_T&airpol=GHG&src_crf=TOTX4_MEMO&src_crf=TOTXMEMO&src_crf=CRF1D1&src_crf=CRF1A1&src_crf=CRF1A3&src_crf=CRF1A4&src_crf=CRF2F&src_crf=CRF3&src_crf=CRF5&sinceTimePeriod=2005
env_air_gge,EU27_2020,CRF5,2016,119.82537,Mt CO2e,2026-06-02T23:00:00+0200,https://ec.europa.eu/eurostat/api/dissemination/statistics/1.0/data/env_air_gge?geo=MT&geo=EU27_2020&unit=MIO_T&airpol=GHG&src_crf=TOTX4_MEMO&src_crf=TOTXMEMO&src_crf=CRF1D1&src_crf=CRF1A1&src_crf=CRF1A3&src_crf=CRF1A4&src_crf=CRF2F&src_crf=CRF3&src_crf=CRF5&sinceTimePeriod=2005
env_air_gge,EU27_2020,CRF5,2017,118.80976,Mt CO2e,2026-06-02T23:00:00+0200,https://ec.europa.eu/eurostat/api/dissemination/statistics/1.0/data/env_air_gge?geo=MT&geo=EU27_2020&unit=MIO_T&airpol=GHG&src_crf=TOTX4_MEMO&src_crf=TOTXMEMO&src_crf=CRF1D1&src_crf=CRF1A1&src_crf=CRF1A3&src_crf=CRF1A4&src_crf=CRF2F&src_crf=CRF3&src_crf=CRF5&sinceTimePeriod=2005
env_air_gge,EU27_2020,CRF5,2018,117.54851,Mt CO2e,2026-06-02T23:00:00+0200,https://ec.europa.eu/eurostat/api/dissemination/statistics/1.0/data/env_air_gge?geo=MT&geo=EU27_2020&unit=MIO_T&airpol=GHG&src_crf=TOTX4_MEMO&src_crf=TOTXMEMO&src_crf=CRF1D1&src_crf=CRF1A1&src_crf=CRF1A3&src_crf=CRF1A4&src_crf=CRF2F&src_crf=CRF3&src_crf=CRF5&sinceTimePeriod=2005
env_air_gge,EU27_2020,CRF5,2019,116.67102,Mt CO2e,2026-06-02T23:00:00+0200,https://ec.europa.eu/eurostat/api/dissemination/statistics/1.0/data/env_air_gge?geo=MT&geo=EU27_2020&unit=MIO_T&airpol=GHG&src_crf=TOTX4_MEMO&src_crf=TOTXMEMO&src_crf=CRF1D1&src_crf=CRF1A1&src_crf=CRF1A3&src_crf=CRF1A4&src_crf=CRF2F&src_crf=CRF3&src_crf=CRF5&sinceTimePeriod=2005
env_air_gge,EU27_2020,CRF5,2020,116.13328,Mt CO2e,2026-06-02T23:00:00+0200,https://ec.europa.eu/eurostat/api/dissemination/statistics/1.0/data/env_air_gge?geo=MT&geo=EU27_2020&unit=MIO_T&airpol=GHG&src_crf=TOTX4_MEMO&src_crf=TOTXMEMO&src_crf=CRF1D1&src_crf=CRF1A1&src_crf=CRF1A3&src_crf=CRF1A4&src_crf=CRF2F&src_crf=CRF3&src_crf=CRF5&sinceTimePeriod=2005
env_air_gge,EU27_2020,CRF5,2021,114.94481,Mt CO2e,2026-06-02T23:00:00+0200,https://ec.europa.eu/eurostat/api/dissemination/statistics/1.0/data/env_air_gge?geo=MT&geo=EU27_2020&unit=MIO_T&airpol=GHG&src_crf=TOTX4_MEMO&src_crf=TOTXMEMO&src_crf=CRF1D1&src_crf=CRF1A1&src_crf=CRF1A3&src_crf=CRF1A4&src_crf=CRF2F&src_crf=CRF3&src_crf=CRF5&sinceTimePeriod=2005
env_air_gge,EU27_2020,CRF5,2022,113.84979,Mt CO2e,2026-06-02T23:00:00+0200,https://ec.europa.eu/eurostat/api/dissemination/statistics/1.0/data/env_air_gge?geo=MT&geo=EU27_2020&unit=MIO_T&airpol=GHG&src_crf=TOTX4_MEMO&src_crf=TOTXMEMO&src_crf=CRF1D1&src_crf=CRF1A1&src_crf=CRF1A3&src_crf=CRF1A4&src_crf=CRF2F&src_crf=CRF3&src_crf=CRF5&sinceTimePeriod=2005
env_air_gge,EU27_2020,CRF5,2023,112.77843,Mt CO2e,2026-06-02T23:00:00+0200,https://ec.europa.eu/eurostat/api/dissemination/statistics/1.0/data/env_air_gge?geo=MT&geo=EU27_2020&unit=MIO_T&airpol=GHG&src_crf=TOTX4_MEMO&src_crf=TOTXMEMO&src_crf=CRF1D1&src_crf=CRF1A1&src_crf=CRF1A3&src_crf=CRF1A4&src_crf=CRF2F&src_crf=CRF3&src_crf=CRF5&sinceTimePeriod=2005
env_air_gge,EU27_2020,CRF5,2024,111.37483,Mt CO2e,2026-06-02T23:00:00+0200,https://ec.europa.eu/eurostat/api/dissemination/statistics/1.0/data/env_air_gge?geo=MT&geo=EU27_2020&unit=MIO_T&airpol=GHG&src_crf=TOTX4_MEMO&src_crf=TOTXMEMO&src_crf=CRF1D1&src_crf=CRF1A1&src_crf=CRF1A3&src_crf=CRF1A4&src_crf=CRF2F&src_crf=CRF3&src_crf=CRF5&sinceTimePeriod=2005
env_air_gge,EU27_2020,TOTX4_MEMO,2005,4537.09178,Mt CO2e,2026-06-02T23:00:00+0200,https://ec.europa.eu/eurostat/api/dissemination/statistics/1.0/data/env_air_gge?geo=MT&geo=EU27_2020&unit=MIO_T&airpol=GHG&src_crf=TOTX4_MEMO&src_crf=TOTXMEMO&src_crf=CRF1D1&src_crf=CRF1A1&src_crf=CRF1A3&src_crf=CRF1A4&src_crf=CRF2F&src_crf=CRF3&src_crf=CRF5&sinceTimePeriod=2005
env_air_gge,EU27_2020,TOTX4_MEMO,2006,4539.93572,Mt CO2e,2026-06-02T23:00:00+0200,https://ec.europa.eu/eurostat/api/dissemination/statistics/1.0/data/env_air_gge?geo=MT&geo=EU27_2020&unit=MIO_T&airpol=GHG&src_crf=TOTX4_MEMO&src_crf=TOTXMEMO&src_crf=CRF1D1&src_crf=CRF1A1&src_crf=CRF1A3&src_crf=CRF1A4&src_crf=CRF2F&src_crf=CRF3&src_crf=CRF5&sinceTimePeriod=2005
env_air_gge,EU27_2020,TOTX4_MEMO,2007,4487.2317,Mt CO2e,2026-06-02T23:00:00+0200,https://ec.europa.eu/eurostat/api/dissemination/statistics/1.0/data/env_air_gge?geo=MT&geo=EU27_2020&unit=MIO_T&airpol=GHG&src_crf=TOTX4_MEMO&src_crf=TOTXMEMO&src_crf=CRF1D1&src_crf=CRF1A1&src_crf=CRF1A3&src_crf=CRF1A4&src_crf=CRF2F&src_crf=CRF3&src_crf=CRF5&sinceTimePeriod=2005
env_air_gge,EU27_2020,TOTX4_MEMO,2008,4391.12106,Mt CO2e,2026-06-02T23:00:00+0200,https://ec.europa.eu/eurostat/api/dissemination/statistics/1.0/data/env_air_gge?geo=MT&geo=EU27_2020&unit=MIO_T&airpol=GHG&src_crf=TOTX4_MEMO&src_crf=TOTXMEMO&src_crf=CRF1D1&src_crf=CRF1A1&src_crf=CRF1A3&src_crf=CRF1A4&src_crf=CRF2F&src_crf=CRF3&src_crf=CRF5&sinceTimePeriod=2005
env_air_gge,EU27_2020,TOTX4_MEMO,2009,4091.31614,Mt CO2e,2026-06-02T23:00:00+0200,https://ec.europa.eu/eurostat/api/dissemination/statistics/1.0/data/env_air_gge?geo=MT&geo=EU27_2020&unit=MIO_T&airpol=GHG&src_crf=TOTX4_MEMO&src_crf=TOTXMEMO&src_crf=CRF1D1&src_crf=CRF1A1&src_crf=CRF1A3&src_crf=CRF1A4&src_crf=CRF2F&src_crf=CRF3&src_crf=CRF5&sinceTimePeriod=2005
env_air_gge,EU27_2020,TOTX4_MEMO,2010,4168.83381,Mt CO2e,2026-06-02T23:00:00+0200,https://ec.europa.eu/eurostat/api/dissemination/statistics/1.0/data/env_air_gge?geo=MT&geo=EU27_2020&unit=MIO_T&airpol=GHG&src_crf=TOTX4_MEMO&src_crf=TOTXMEMO&src_crf=CRF1D1&src_crf=CRF1A1&src_crf=CRF1A3&src_crf=CRF1A4&src_crf=CRF2F&src_crf=CRF3&src_crf=CRF5&sinceTimePeriod=2005
env_air_gge,EU27_2020,TOTX4_MEMO,2011,4051.77996,Mt CO2e,2026-06-02T23:00:00+0200,https://ec.europa.eu/eurostat/api/dissemination/statistics/1.0/data/env_air_gge?geo=MT&geo=EU27_2020&unit=MIO_T&airpol=GHG&src_crf=TOTX4_MEMO&src_crf=TOTXMEMO&src_crf=CRF1D1&src_crf=CRF1A1&src_crf=CRF1A3&src_crf=CRF1A4&src_crf=CRF2F&src_crf=CRF3&src_crf=CRF5&sinceTimePeriod=2005
env_air_gge,EU27_2020,TOTX4_MEMO,2012,3979.93173,Mt CO2e,2026-06-02T23:00:00+0200,https://ec.europa.eu/eurostat/api/dissemination/statistics/1.0/data/env_air_gge?geo=MT&geo=EU27_2020&unit=MIO_T&airpol=GHG&src_crf=TOTX4_MEMO&src_crf=TOTXMEMO&src_crf=CRF1D1&src_crf=CRF1A1&src_crf=CRF1A3&src_crf=CRF1A4&src_crf=CRF2F&src_crf=CRF3&src_crf=CRF5&sinceTimePeriod=2005
env_air_gge,EU27_2020,TOTX4_MEMO,2013,3895.29319,Mt CO2e,2026-06-02T23:00:00+0200,https://ec.europa.eu/eurostat/api/dissemination/statistics/1.0/data/env_air_gge?geo=MT&geo=EU27_2020&unit=MIO_T&airpol=GHG&src_crf=TOTX4_MEMO&src_crf=TOTXMEMO&src_crf=CRF1D1&src_crf=CRF1A1&src_crf=CRF1A3&src_crf=CRF1A4&src_crf=CRF2F&src_crf=CRF3&src_crf=CRF5&sinceTimePeriod=2005
env_air_gge,EU27_2020,TOTX4_MEMO,2014,3750.30312,Mt CO2e,2026-06-02T23:00:00+0200,https://ec.europa.eu/eurostat/api/dissemination/statistics/1.0/data/env_air_gge?geo=MT&geo=EU27_2020&unit=MIO_T&airpol=GHG&src_crf=TOTX4_MEMO&src_crf=TOTXMEMO&src_crf=CRF1D1&src_crf=CRF1A1&src_crf=CRF1A3&src_crf=CRF1A4&src_crf=CRF2F&src_crf=CRF3&src_crf=CRF5&sinceTimePeriod=2005
env_air_gge,EU27_2020,TOTX4_MEMO,2015,3794.26408,Mt CO2e,2026-06-02T23:00:00+0200,https://ec.europa.eu/eurostat/api/dissemination/statistics/1.0/data/env_air_gge?geo=MT&geo=EU27_2020&unit=MIO_T&airpol=GHG&src_crf=TOTX4_MEMO&src_crf=TOTXMEMO&src_crf=CRF1D1&src_crf=CRF1A1&src_crf=CRF1A3&src_crf=CRF1A4&src_crf=CRF2F&src_crf=CRF3&src_crf=CRF5&sinceTimePeriod=2005
env_air_gge,EU27_2020,TOTX4_MEMO,2016,3796.9214,Mt CO2e,2026-06-02T23:00:00+0200,https://ec.europa.eu/eurostat/api/dissemination/statistics/1.0/data/env_air_gge?geo=MT&geo=EU27_2020&unit=MIO_T&airpol=GHG&src_crf=TOTX4_MEMO&src_crf=TOTXMEMO&src_crf=CRF1D1&src_crf=CRF1A1&src_crf=CRF1A3&src_crf=CRF1A4&src_crf=CRF2F&src_crf=CRF3&src_crf=CRF5&sinceTimePeriod=2005
env_air_gge,EU27_2020,TOTX4_MEMO,2017,3821.1727,Mt CO2e,2026-06-02T23:00:00+0200,https://ec.europa.eu/eurostat/api/dissemination/statistics/1.0/data/env_air_gge?geo=MT&geo=EU27_2020&unit=MIO_T&airpol=GHG&src_crf=TOTX4_MEMO&src_crf=TOTXMEMO&src_crf=CRF1D1&src_crf=CRF1A1&src_crf=CRF1A3&src_crf=CRF1A4&src_crf=CRF2F&src_crf=CRF3&src_crf=CRF5&sinceTimePeriod=2005
env_air_gge,EU27_2020,TOTX4_MEMO,2018,3732.81091,Mt CO2e,2026-06-02T23:00:00+0200,https://ec.europa.eu/eurostat/api/dissemination/statistics/1.0/data/env_air_gge?geo=MT&geo=EU27_2020&unit=MIO_T&airpol=GHG&src_crf=TOTX4_MEMO&src_crf=TOTXMEMO&src_crf=CRF1D1&src_crf=CRF1A1&src_crf=CRF1A3&src_crf=CRF1A4&src_crf=CRF2F&src_crf=CRF3&src_crf=CRF5&sinceTimePeriod=2005
env_air_gge,EU27_2020,TOTX4_MEMO,2019,3574.48357,Mt CO2e,2026-06-02T23:00:00+0200,https://ec.europa.eu/eurostat/api/dissemination/statistics/1.0/data/env_air_gge?geo=MT&geo=EU27_2020&unit=MIO_T&airpol=GHG&src_crf=TOTX4_MEMO&src_crf=TOTXMEMO&src_crf=CRF1D1&src_crf=CRF1A1&src_crf=CRF1A3&src_crf=CRF1A4&src_crf=CRF2F&src_crf=CRF3&src_crf=CRF5&sinceTimePeriod=2005
env_air_gge,EU27_2020,TOTX4_MEMO,2020,3280.87575,Mt CO2e,2026-06-02T23:00:00+0200,https://ec.europa.eu/eurostat/api/dissemination/statistics/1.0/data/env_air_gge?geo=MT&geo=EU27_2020&unit=MIO_T&airpol=GHG&src_crf=TOTX4_MEMO&src_crf=TOTXMEMO&src_crf=CRF1D1&src_crf=CRF1A1&src_crf=CRF1A3&src_crf=CRF1A4&src_crf=CRF2F&src_crf=CRF3&src_crf=CRF5&sinceTimePeriod=2005
env_air_gge,EU27_2020,TOTX4_MEMO,2021,3452.6816,Mt CO2e,2026-06-02T23:00:00+0200,https://ec.europa.eu/eurostat/api/dissemination/statistics/1.0/data/env_air_gge?geo=MT&geo=EU27_2020&unit=MIO_T&airpol=GHG&src_crf=TOTX4_MEMO&src_crf=TOTXMEMO&src_crf=CRF1D1&src_crf=CRF1A1&src_crf=CRF1A3&src_crf=CRF1A4&src_crf=CRF2F&src_crf=CRF3&src_crf=CRF5&sinceTimePeriod=2005
env_air_gge,EU27_2020,TOTX4_MEMO,2022,3359.59802,Mt CO2e,2026-06-02T23:00:00+0200,https://ec.europa.eu/eurostat/api/dissemination/statistics/1.0/data/env_air_gge?geo=MT&geo=EU27_2020&unit=MIO_T&airpol=GHG&src_crf=TOTX4_MEMO&src_crf=TOTXMEMO&src_crf=CRF1D1&src_crf=CRF1A1&src_crf=CRF1A3&src_crf=CRF1A4&src_crf=CRF2F&src_crf=CRF3&src_crf=CRF5&sinceTimePeriod=2005
env_air_gge,EU27_2020,TOTX4_MEMO,2023,3088.34664,Mt CO2e,2026-06-02T23:00:00+0200,https://ec.europa.eu/eurostat/api/dissemination/statistics/1.0/data/env_air_gge?geo=MT&geo=EU27_2020&unit=MIO_T&airpol=GHG&src_crf=TOTX4_MEMO&src_crf=TOTXMEMO&src_crf=CRF1D1&src_crf=CRF1A1&src_crf=CRF1A3&src_crf=CRF1A4&src_crf=CRF2F&src_crf=CRF3&src_crf=CRF5&sinceTimePeriod=2005
env_air_gge,EU27_2020,TOTX4_MEMO,2024,3017.18798,Mt CO2e,2026-06-02T23:00:00+0200,https://ec.europa.eu/eurostat/api/dissemination/statistics/1.0/data/env_air_gge?geo=MT&geo=EU27_2020&unit=MIO_T&airpol=GHG&src_crf=TOTX4_MEMO&src_crf=TOTXMEMO&src_crf=CRF1D1&src_crf=CRF1A1&src_crf=CRF1A3&src_crf=CRF1A4&src_crf=CRF2F&src_crf=CRF3&src_crf=CRF5&sinceTimePeriod=2005
env_air_gge,EU27_2020,TOTXMEMO,2005,4154.43708,Mt CO2e,2026-06-02T23:00:00+0200,https://ec.europa.eu/eurostat/api/dissemination/statistics/1.0/data/env_air_gge?geo=MT&geo=EU27_2020&unit=MIO_T&airpol=GHG&src_crf=TOTX4_MEMO&src_crf=TOTXMEMO&src_crf=CRF1D1&src_crf=CRF1A1&src_crf=CRF1A3&src_crf=CRF1A4&src_crf=CRF2F&src_crf=CRF3&src_crf=CRF5&sinceTimePeriod=2005
env_air_gge,EU27_2020,TOTXMEMO,2006,4149.06282,Mt CO2e,2026-06-02T23:00:00+0200,https://ec.europa.eu/eurostat/api/dissemination/statistics/1.0/data/env_air_gge?geo=MT&geo=EU27_2020&unit=MIO_T&airpol=GHG&src_crf=TOTX4_MEMO&src_crf=TOTXMEMO&src_crf=CRF1D1&src_crf=CRF1A1&src_crf=CRF1A3&src_crf=CRF1A4&src_crf=CRF2F&src_crf=CRF3&src_crf=CRF5&sinceTimePeriod=2005
env_air_gge,EU27_2020,TOTXMEMO,2007,4150.30063,Mt CO2e,2026-06-02T23:00:00+0200,https://ec.europa.eu/eurostat/api/dissemination/statistics/1.0/data/env_air_gge?geo=MT&geo=EU27_2020&unit=MIO_T&airpol=GHG&src_crf=TOTX4_MEMO&src_crf=TOTXMEMO&src_crf=CRF1D1&src_crf=CRF1A1&src_crf=CRF1A3&src_crf=CRF1A4&src_crf=CRF2F&src_crf=CRF3&src_crf=CRF5&sinceTimePeriod=2005
env_air_gge,EU27_2020,TOTXMEMO,2008,4005.65356,Mt CO2e,2026-06-02T23:00:00+0200,https://ec.europa.eu/eurostat/api/dissemination/statistics/1.0/data/env_air_gge?geo=MT&geo=EU27_2020&unit=MIO_T&airpol=GHG&src_crf=TOTX4_MEMO&src_crf=TOTXMEMO&src_crf=CRF1D1&src_crf=CRF1A1&src_crf=CRF1A3&src_crf=CRF1A4&src_crf=CRF2F&src_crf=CRF3&src_crf=CRF5&sinceTimePeriod=2005
env_air_gge,EU27_2020,TOTXMEMO,2009,3708.36749,Mt CO2e,2026-06-02T23:00:00+0200,https://ec.europa.eu/eurostat/api/dissemination/statistics/1.0/data/env_air_gge?geo=MT&geo=EU27_2020&unit=MIO_T&airpol=GHG&src_crf=TOTX4_MEMO&src_crf=TOTXMEMO&src_crf=CRF1D1&src_crf=CRF1A1&src_crf=CRF1A3&src_crf=CRF1A4&src_crf=CRF2F&src_crf=CRF3&src_crf=CRF5&sinceTimePeriod=2005
env_air_gge,EU27_2020,TOTXMEMO,2010,3790.35456,Mt CO2e,2026-06-02T23:00:00+0200,https://ec.europa.eu/eurostat/api/dissemination/statistics/1.0/data/env_air_gge?geo=MT&geo=EU27_2020&unit=MIO_T&airpol=GHG&src_crf=TOTX4_MEMO&src_crf=TOTXMEMO&src_crf=CRF1D1&src_crf=CRF1A1&src_crf=CRF1A3&src_crf=CRF1A4&src_crf=CRF2F&src_crf=CRF3&src_crf=CRF5&sinceTimePeriod=2005
env_air_gge,EU27_2020,TOTXMEMO,2011,3688.5984,Mt CO2e,2026-06-02T23:00:00+0200,https://ec.europa.eu/eurostat/api/dissemination/statistics/1.0/data/env_air_gge?geo=MT&geo=EU27_2020&unit=MIO_T&airpol=GHG&src_crf=TOTX4_MEMO&src_crf=TOTXMEMO&src_crf=CRF1D1&src_crf=CRF1A1&src_crf=CRF1A3&src_crf=CRF1A4&src_crf=CRF2F&src_crf=CRF3&src_crf=CRF5&sinceTimePeriod=2005
env_air_gge,EU27_2020,TOTXMEMO,2012,3605.03428,Mt CO2e,2026-06-02T23:00:00+0200,https://ec.europa.eu/eurostat/api/dissemination/statistics/1.0/data/env_air_gge?geo=MT&geo=EU27_2020&unit=MIO_T&airpol=GHG&src_crf=TOTX4_MEMO&src_crf=TOTXMEMO&src_crf=CRF1D1&src_crf=CRF1A1&src_crf=CRF1A3&src_crf=CRF1A4&src_crf=CRF2F&src_crf=CRF3&src_crf=CRF5&sinceTimePeriod=2005
env_air_gge,EU27_2020,TOTXMEMO,2013,3528.61769,Mt CO2e,2026-06-02T23:00:00+0200,https://ec.europa.eu/eurostat/api/dissemination/statistics/1.0/data/env_air_gge?geo=MT&geo=EU27_2020&unit=MIO_T&airpol=GHG&src_crf=TOTX4_MEMO&src_crf=TOTXMEMO&src_crf=CRF1D1&src_crf=CRF1A1&src_crf=CRF1A3&src_crf=CRF1A4&src_crf=CRF2F&src_crf=CRF3&src_crf=CRF5&sinceTimePeriod=2005
env_air_gge,EU27_2020,TOTXMEMO,2014,3407.14857,Mt CO2e,2026-06-02T23:00:00+0200,https://ec.europa.eu/eurostat/api/dissemination/statistics/1.0/data/env_air_gge?geo=MT&geo=EU27_2020&unit=MIO_T&airpol=GHG&src_crf=TOTX4_MEMO&src_crf=TOTXMEMO&src_crf=CRF1D1&src_crf=CRF1A1&src_crf=CRF1A3&src_crf=CRF1A4&src_crf=CRF2F&src_crf=CRF3&src_crf=CRF5&sinceTimePeriod=2005
env_air_gge,EU27_2020,TOTXMEMO,2015,3457.69809,Mt CO2e,2026-06-02T23:00:00+0200,https://ec.europa.eu/eurostat/api/dissemination/statistics/1.0/data/env_air_gge?geo=MT&geo=EU27_2020&unit=MIO_T&airpol=GHG&src_crf=TOTX4_MEMO&src_crf=TOTXMEMO&src_crf=CRF1D1&src_crf=CRF1A1&src_crf=CRF1A3&src_crf=CRF1A4&src_crf=CRF2F&src_crf=CRF3&src_crf=CRF5&sinceTimePeriod=2005
env_air_gge,EU27_2020,TOTXMEMO,2016,3469.26357,Mt CO2e,2026-06-02T23:00:00+0200,https://ec.europa.eu/eurostat/api/dissemination/statistics/1.0/data/env_air_gge?geo=MT&geo=EU27_2020&unit=MIO_T&airpol=GHG&src_crf=TOTX4_MEMO&src_crf=TOTXMEMO&src_crf=CRF1D1&src_crf=CRF1A1&src_crf=CRF1A3&src_crf=CRF1A4&src_crf=CRF2F&src_crf=CRF3&src_crf=CRF5&sinceTimePeriod=2005
env_air_gge,EU27_2020,TOTXMEMO,2017,3546.77707,Mt CO2e,2026-06-02T23:00:00+0200,https://ec.europa.eu/eurostat/api/dissemination/statistics/1.0/data/env_air_gge?geo=MT&geo=EU27_2020&unit=MIO_T&airpol=GHG&src_crf=TOTX4_MEMO&src_crf=TOTXMEMO&src_crf=CRF1D1&src_crf=CRF1A1&src_crf=CRF1A3&src_crf=CRF1A4&src_crf=CRF2F&src_crf=CRF3&src_crf=CRF5&sinceTimePeriod=2005
env_air_gge,EU27_2020,TOTXMEMO,2018,3493.46953,Mt CO2e,2026-06-02T23:00:00+0200,https://ec.europa.eu/eurostat/api/dissemination/statistics/1.0/data/env_air_gge?geo=MT&geo=EU27_2020&unit=MIO_T&airpol=GHG&src_crf=TOTX4_MEMO&src_crf=TOTXMEMO&src_crf=CRF1D1&src_crf=CRF1A1&src_crf=CRF1A3&src_crf=CRF1A4&src_crf=CRF2F&src_crf=CRF3&src_crf=CRF5&sinceTimePeriod=2005
env_air_gge,EU27_2020,TOTXMEMO,2019,3338.23018,Mt CO2e,2026-06-02T23:00:00+0200,https://ec.europa.eu/eurostat/api/dissemination/statistics/1.0/data/env_air_gge?geo=MT&geo=EU27_2020&unit=MIO_T&airpol=GHG&src_crf=TOTX4_MEMO&src_crf=TOTXMEMO&src_crf=CRF1D1&src_crf=CRF1A1&src_crf=CRF1A3&src_crf=CRF1A4&src_crf=CRF2F&src_crf=CRF3&src_crf=CRF5&sinceTimePeriod=2005
env_air_gge,EU27_2020,TOTXMEMO,2020,3044.07887,Mt CO2e,2026-06-02T23:00:00+0200,https://ec.europa.eu/eurostat/api/dissemination/statistics/1.0/data/env_air_gge?geo=MT&geo=EU27_2020&unit=MIO_T&airpol=GHG&src_crf=TOTX4_MEMO&src_crf=TOTXMEMO&src_crf=CRF1D1&src_crf=CRF1A1&src_crf=CRF1A3&src_crf=CRF1A4&src_crf=CRF2F&src_crf=CRF3&src_crf=CRF5&sinceTimePeriod=2005
env_air_gge,EU27_2020,TOTXMEMO,2021,3226.66181,Mt CO2e,2026-06-02T23:00:00+0200,https://ec.europa.eu/eurostat/api/dissemination/statistics/1.0/data/env_air_gge?geo=MT&geo=EU27_2020&unit=MIO_T&airpol=GHG&src_crf=TOTX4_MEMO&src_crf=TOTXMEMO&src_crf=CRF1D1&src_crf=CRF1A1&src_crf=CRF1A3&src_crf=CRF1A4&src_crf=CRF2F&src_crf=CRF3&src_crf=CRF5&sinceTimePeriod=2005
env_air_gge,EU27_2020,TOTXMEMO,2022,3141.58026,Mt CO2e,2026-06-02T23:00:00+0200,https://ec.europa.eu/eurostat/api/dissemination/statistics/1.0/data/env_air_gge?geo=MT&geo=EU27_2020&unit=MIO_T&airpol=GHG&src_crf=TOTX4_MEMO&src_crf=TOTXMEMO&src_crf=CRF1D1&src_crf=CRF1A1&src_crf=CRF1A3&src_crf=CRF1A4&src_crf=CRF2F&src_crf=CRF3&src_crf=CRF5&sinceTimePeriod=2005
env_air_gge,EU27_2020,TOTXMEMO,2023,2872.83169,Mt CO2e,2026-06-02T23:00:00+0200,https://ec.europa.eu/eurostat/api/dissemination/statistics/1.0/data/env_air_gge?geo=MT&geo=EU27_2020&unit=MIO_T&airpol=GHG&src_crf=TOTX4_MEMO&src_crf=TOTXMEMO&src_crf=CRF1D1&src_crf=CRF1A1&src_crf=CRF1A3&src_crf=CRF1A4&src_crf=CRF2F&src_crf=CRF3&src_crf=CRF5&sinceTimePeriod=2005
env_air_gge,EU27_2020,TOTXMEMO,2024,2786.20281,Mt CO2e,2026-06-02T23:00:00+0200,https://ec.europa.eu/eurostat/api/dissemination/statistics/1.0/data/env_air_gge?geo=MT&geo=EU27_2020&unit=MIO_T&airpol=GHG&src_crf=TOTX4_MEMO&src_crf=TOTXMEMO&src_crf=CRF1D1&src_crf=CRF1A1&src_crf=CRF1A3&src_crf=CRF1A4&src_crf=CRF2F&src_crf=CRF3&src_crf=CRF5&sinceTimePeriod=2005
env_air_gge,MT,CRF1A1,2005,1.9775,Mt CO2e,2026-06-02T23:00:00+0200,https://ec.europa.eu/eurostat/api/dissemination/statistics/1.0/data/env_air_gge?geo=MT&geo=EU27_2020&unit=MIO_T&airpol=GHG&src_crf=TOTX4_MEMO&src_crf=TOTXMEMO&src_crf=CRF1D1&src_crf=CRF1A1&src_crf=CRF1A3&src_crf=CRF1A4&src_crf=CRF2F&src_crf=CRF3&src_crf=CRF5&sinceTimePeriod=2005
env_air_gge,MT,CRF1A1,2006,1.99205,Mt CO2e,2026-06-02T23:00:00+0200,https://ec.europa.eu/eurostat/api/dissemination/statistics/1.0/data/env_air_gge?geo=MT&geo=EU27_2020&unit=MIO_T&airpol=GHG&src_crf=TOTX4_MEMO&src_crf=TOTXMEMO&src_crf=CRF1D1&src_crf=CRF1A1&src_crf=CRF1A3&src_crf=CRF1A4&src_crf=CRF2F&src_crf=CRF3&src_crf=CRF5&sinceTimePeriod=2005
env_air_gge,MT,CRF1A1,2007,2.03378,Mt CO2e,2026-06-02T23:00:00+0200,https://ec.europa.eu/eurostat/api/dissemination/statistics/1.0/data/env_air_gge?geo=MT&geo=EU27_2020&unit=MIO_T&airpol=GHG&src_crf=TOTX4_MEMO&src_crf=TOTXMEMO&src_crf=CRF1D1&src_crf=CRF1A1&src_crf=CRF1A3&src_crf=CRF1A4&src_crf=CRF2F&src_crf=CRF3&src_crf=CRF5&sinceTimePeriod=2005
env_air_gge,MT,CRF1A1,2008,2.02496,Mt CO2e,2026-06-02T23:00:00+0200,https://ec.europa.eu/eurostat/api/dissemination/statistics/1.0/data/env_air_gge?geo=MT&geo=EU27_2020&unit=MIO_T&airpol=GHG&src_crf=TOTX4_MEMO&src_crf=TOTXMEMO&src_crf=CRF1D1&src_crf=CRF1A1&src_crf=CRF1A3&src_crf=CRF1A4&src_crf=CRF2F&src_crf=CRF3&src_crf=CRF5&sinceTimePeriod=2005
env_air_gge,MT,CRF1A1,2009,1.90311,Mt CO2e,2026-06-02T23:00:00+0200,https://ec.europa.eu/eurostat/api/dissemination/statistics/1.0/data/env_air_gge?geo=MT&geo=EU27_2020&unit=MIO_T&airpol=GHG&src_crf=TOTX4_MEMO&src_crf=TOTXMEMO&src_crf=CRF1D1&src_crf=CRF1A1&src_crf=CRF1A3&src_crf=CRF1A4&src_crf=CRF2F&src_crf=CRF3&src_crf=CRF5&sinceTimePeriod=2005
env_air_gge,MT,CRF1A1,2010,1.88424,Mt CO2e,2026-06-02T23:00:00+0200,https://ec.europa.eu/eurostat/api/dissemination/statistics/1.0/data/env_air_gge?geo=MT&geo=EU27_2020&unit=MIO_T&airpol=GHG&src_crf=TOTX4_MEMO&src_crf=TOTXMEMO&src_crf=CRF1D1&src_crf=CRF1A1&src_crf=CRF1A3&src_crf=CRF1A4&src_crf=CRF2F&src_crf=CRF3&src_crf=CRF5&sinceTimePeriod=2005
env_air_gge,MT,CRF1A1,2011,1.93767,Mt CO2e,2026-06-02T23:00:00+0200,https://ec.europa.eu/eurostat/api/dissemination/statistics/1.0/data/env_air_gge?geo=MT&geo=EU27_2020&unit=MIO_T&airpol=GHG&src_crf=TOTX4_MEMO&src_crf=TOTXMEMO&src_crf=CRF1D1&src_crf=CRF1A1&src_crf=CRF1A3&src_crf=CRF1A4&src_crf=CRF2F&src_crf=CRF3&src_crf=CRF5&sinceTimePeriod=2005
env_air_gge,MT,CRF1A1,2012,2.05714,Mt CO2e,2026-06-02T23:00:00+0200,https://ec.europa.eu/eurostat/api/dissemination/statistics/1.0/data/env_air_gge?geo=MT&geo=EU27_2020&unit=MIO_T&airpol=GHG&src_crf=TOTX4_MEMO&src_crf=TOTXMEMO&src_crf=CRF1D1&src_crf=CRF1A1&src_crf=CRF1A3&src_crf=CRF1A4&src_crf=CRF2F&src_crf=CRF3&src_crf=CRF5&sinceTimePeriod=2005
env_air_gge,MT,CRF1A1,2013,1.69509,Mt CO2e,2026-06-02T23:00:00+0200,https://ec.europa.eu/eurostat/api/dissemination/statistics/1.0/data/env_air_gge?geo=MT&geo=EU27_2020&unit=MIO_T&airpol=GHG&src_crf=TOTX4_MEMO&src_crf=TOTXMEMO&src_crf=CRF1D1&src_crf=CRF1A1&src_crf=CRF1A3&src_crf=CRF1A4&src_crf=CRF2F&src_crf=CRF3&src_crf=CRF5&sinceTimePeriod=2005
env_air_gge,MT,CRF1A1,2014,1.65673,Mt CO2e,2026-06-02T23:00:00+0200,https://ec.europa.eu/eurostat/api/dissemination/statistics/1.0/data/env_air_gge?geo=MT&geo=EU27_2020&unit=MIO_T&airpol=GHG&src_crf=TOTX4_MEMO&src_crf=TOTXMEMO&src_crf=CRF1D1&src_crf=CRF1A1&src_crf=CRF1A3&src_crf=CRF1A4&src_crf=CRF2F&src_crf=CRF3&src_crf=CRF5&sinceTimePeriod=2005
env_air_gge,MT,CRF1A1,2015,0.88654,Mt CO2e,2026-06-02T23:00:00+0200,https://ec.europa.eu/eurostat/api/dissemination/statistics/1.0/data/env_air_gge?geo=MT&geo=EU27_2020&unit=MIO_T&airpol=GHG&src_crf=TOTX4_MEMO&src_crf=TOTXMEMO&src_crf=CRF1D1&src_crf=CRF1A1&src_crf=CRF1A3&src_crf=CRF1A4&src_crf=CRF2F&src_crf=CRF3&src_crf=CRF5&sinceTimePeriod=2005
env_air_gge,MT,CRF1A1,2016,0.57835,Mt CO2e,2026-06-02T23:00:00+0200,https://ec.europa.eu/eurostat/api/dissemination/statistics/1.0/data/env_air_gge?geo=MT&geo=EU27_2020&unit=MIO_T&airpol=GHG&src_crf=TOTX4_MEMO&src_crf=TOTXMEMO&src_crf=CRF1D1&src_crf=CRF1A1&src_crf=CRF1A3&src_crf=CRF1A4&src_crf=CRF2F&src_crf=CRF3&src_crf=CRF5&sinceTimePeriod=2005
env_air_gge,MT,CRF1A1,2017,0.7245,Mt CO2e,2026-06-02T23:00:00+0200,https://ec.europa.eu/eurostat/api/dissemination/statistics/1.0/data/env_air_gge?geo=MT&geo=EU27_2020&unit=MIO_T&airpol=GHG&src_crf=TOTX4_MEMO&src_crf=TOTXMEMO&src_crf=CRF1D1&src_crf=CRF1A1&src_crf=CRF1A3&src_crf=CRF1A4&src_crf=CRF2F&src_crf=CRF3&src_crf=CRF5&sinceTimePeriod=2005
env_air_gge,MT,CRF1A1,2018,0.69858,Mt CO2e,2026-06-02T23:00:00+0200,https://ec.europa.eu/eurostat/api/dissemination/statistics/1.0/data/env_air_gge?geo=MT&geo=EU27_2020&unit=MIO_T&airpol=GHG&src_crf=TOTX4_MEMO&src_crf=TOTXMEMO&src_crf=CRF1D1&src_crf=CRF1A1&src_crf=CRF1A3&src_crf=CRF1A4&src_crf=CRF2F&src_crf=CRF3&src_crf=CRF5&sinceTimePeriod=2005
env_air_gge,MT,CRF1A1,2019,0.73988,Mt CO2e,2026-06-02T23:00:00+0200,https://ec.europa.eu/eurostat/api/dissemination/statistics/1.0/data/env_air_gge?geo=MT&geo=EU27_2020&unit=MIO_T&airpol=GHG&src_crf=TOTX4_MEMO&src_crf=TOTXMEMO&src_crf=CRF1D1&src_crf=CRF1A1&src_crf=CRF1A3&src_crf=CRF1A4&src_crf=CRF2F&src_crf=CRF3&src_crf=CRF5&sinceTimePeriod=2005
env_air_gge,MT,CRF1A1,2020,0.81082,Mt CO2e,2026-06-02T23:00:00+0200,https://ec.europa.eu/eurostat/api/dissemination/statistics/1.0/data/env_air_gge?geo=MT&geo=EU27_2020&unit=MIO_T&airpol=GHG&src_crf=TOTX4_MEMO&src_crf=TOTXMEMO&src_crf=CRF1D1&src_crf=CRF1A1&src_crf=CRF1A3&src_crf=CRF1A4&src_crf=CRF2F&src_crf=CRF3&src_crf=CRF5&sinceTimePeriod=2005
env_air_gge,MT,CRF1A1,2021,0.77247,Mt CO2e,2026-06-02T23:00:00+0200,https://ec.europa.eu/eurostat/api/dissemination/statistics/1.0/data/env_air_gge?geo=MT&geo=EU27_2020&unit=MIO_T&airpol=GHG&src_crf=TOTX4_MEMO&src_crf=TOTXMEMO&src_crf=CRF1D1&src_crf=CRF1A1&src_crf=CRF1A3&src_crf=CRF1A4&src_crf=CRF2F&src_crf=CRF3&src_crf=CRF5&sinceTimePeriod=2005
env_air_gge,MT,CRF1A1,2022,0.79733,Mt CO2e,2026-06-02T23:00:00+0200,https://ec.europa.eu/eurostat/api/dissemination/statistics/1.0/data/env_air_gge?geo=MT&geo=EU27_2020&unit=MIO_T&airpol=GHG&src_crf=TOTX4_MEMO&src_crf=TOTXMEMO&src_crf=CRF1D1&src_crf=CRF1A1&src_crf=CRF1A3&src_crf=CRF1A4&src_crf=CRF2F&src_crf=CRF3&src_crf=CRF5&sinceTimePeriod=2005
env_air_gge,MT,CRF1A1,2023,0.79953,Mt CO2e,2026-06-02T23:00:00+0200,https://ec.europa.eu/eurostat/api/dissemination/statistics/1.0/data/env_air_gge?geo=MT&geo=EU27_2020&unit=MIO_T&airpol=GHG&src_crf=TOTX4_MEMO&src_crf=TOTXMEMO&src_crf=CRF1D1&src_crf=CRF1A1&src_crf=CRF1A3&src_crf=CRF1A4&src_crf=CRF2F&src_crf=CRF3&src_crf=CRF5&sinceTimePeriod=2005
env_air_gge,MT,CRF1A1,2024,0.73735,Mt CO2e,2026-06-02T23:00:00+0200,https://ec.europa.eu/eurostat/api/dissemination/statistics/1.0/data/env_air_gge?geo=MT&geo=EU27_2020&unit=MIO_T&airpol=GHG&src_crf=TOTX4_MEMO&src_crf=TOTXMEMO&src_crf=CRF1D1&src_crf=CRF1A1&src_crf=CRF1A3&src_crf=CRF1A4&src_crf=CRF2F&src_crf=CRF3&src_crf=CRF5&sinceTimePeriod=2005
env_air_gge,MT,CRF1A3,2005,0.53001,Mt CO2e,2026-06-02T23:00:00+0200,https://ec.europa.eu/eurostat/api/dissemination/statistics/1.0/data/env_air_gge?geo=MT&geo=EU27_2020&unit=MIO_T&airpol=GHG&src_crf=TOTX4_MEMO&src_crf=TOTXMEMO&src_crf=CRF1D1&src_crf=CRF1A1&src_crf=CRF1A3&src_crf=CRF1A4&src_crf=CRF2F&src_crf=CRF3&src_crf=CRF5&sinceTimePeriod=2005
env_air_gge,MT,CRF1A3,2006,0.53342,Mt CO2e,2026-06-02T23:00:00+0200,https://ec.europa.eu/eurostat/api/dissemination/statistics/1.0/data/env_air_gge?geo=MT&geo=EU27_2020&unit=MIO_T&airpol=GHG&src_crf=TOTX4_MEMO&src_crf=TOTXMEMO&src_crf=CRF1D1&src_crf=CRF1A1&src_crf=CRF1A3&src_crf=CRF1A4&src_crf=CRF2F&src_crf=CRF3&src_crf=CRF5&sinceTimePeriod=2005
env_air_gge,MT,CRF1A3,2007,0.54937,Mt CO2e,2026-06-02T23:00:00+0200,https://ec.europa.eu/eurostat/api/dissemination/statistics/1.0/data/env_air_gge?geo=MT&geo=EU27_2020&unit=MIO_T&airpol=GHG&src_crf=TOTX4_MEMO&src_crf=TOTXMEMO&src_crf=CRF1D1&src_crf=CRF1A1&src_crf=CRF1A3&src_crf=CRF1A4&src_crf=CRF2F&src_crf=CRF3&src_crf=CRF5&sinceTimePeriod=2005
env_air_gge,MT,CRF1A3,2008,0.54752,Mt CO2e,2026-06-02T23:00:00+0200,https://ec.europa.eu/eurostat/api/dissemination/statistics/1.0/data/env_air_gge?geo=MT&geo=EU27_2020&unit=MIO_T&airpol=GHG&src_crf=TOTX4_MEMO&src_crf=TOTXMEMO&src_crf=CRF1D1&src_crf=CRF1A1&src_crf=CRF1A3&src_crf=CRF1A4&src_crf=CRF2F&src_crf=CRF3&src_crf=CRF5&sinceTimePeriod=2005
env_air_gge,MT,CRF1A3,2009,0.53274,Mt CO2e,2026-06-02T23:00:00+0200,https://ec.europa.eu/eurostat/api/dissemination/statistics/1.0/data/env_air_gge?geo=MT&geo=EU27_2020&unit=MIO_T&airpol=GHG&src_crf=TOTX4_MEMO&src_crf=TOTXMEMO&src_crf=CRF1D1&src_crf=CRF1A1&src_crf=CRF1A3&src_crf=CRF1A4&src_crf=CRF2F&src_crf=CRF3&src_crf=CRF5&sinceTimePeriod=2005
env_air_gge,MT,CRF1A3,2010,0.57884,Mt CO2e,2026-06-02T23:00:00+0200,https://ec.europa.eu/eurostat/api/dissemination/statistics/1.0/data/env_air_gge?geo=MT&geo=EU27_2020&unit=MIO_T&airpol=GHG&src_crf=TOTX4_MEMO&src_crf=TOTXMEMO&src_crf=CRF1D1&src_crf=CRF1A1&src_crf=CRF1A3&src_crf=CRF1A4&src_crf=CRF2F&src_crf=CRF3&src_crf=CRF5&sinceTimePeriod=2005
env_air_gge,MT,CRF1A3,2011,0.56255,Mt CO2e,2026-06-02T23:00:00+0200,https://ec.europa.eu/eurostat/api/dissemination/statistics/1.0/data/env_air_gge?geo=MT&geo=EU27_2020&unit=MIO_T&airpol=GHG&src_crf=TOTX4_MEMO&src_crf=TOTXMEMO&src_crf=CRF1D1&src_crf=CRF1A1&src_crf=CRF1A3&src_crf=CRF1A4&src_crf=CRF2F&src_crf=CRF3&src_crf=CRF5&sinceTimePeriod=2005
env_air_gge,MT,CRF1A3,2012,0.54264,Mt CO2e,2026-06-02T23:00:00+0200,https://ec.europa.eu/eurostat/api/dissemination/statistics/1.0/data/env_air_gge?geo=MT&geo=EU27_2020&unit=MIO_T&airpol=GHG&src_crf=TOTX4_MEMO&src_crf=TOTXMEMO&src_crf=CRF1D1&src_crf=CRF1A1&src_crf=CRF1A3&src_crf=CRF1A4&src_crf=CRF2F&src_crf=CRF3&src_crf=CRF5&sinceTimePeriod=2005
env_air_gge,MT,CRF1A3,2013,0.54263,Mt CO2e,2026-06-02T23:00:00+0200,https://ec.europa.eu/eurostat/api/dissemination/statistics/1.0/data/env_air_gge?geo=MT&geo=EU27_2020&unit=MIO_T&airpol=GHG&src_crf=TOTX4_MEMO&src_crf=TOTXMEMO&src_crf=CRF1D1&src_crf=CRF1A1&src_crf=CRF1A3&src_crf=CRF1A4&src_crf=CRF2F&src_crf=CRF3&src_crf=CRF5&sinceTimePeriod=2005
env_air_gge,MT,CRF1A3,2014,0.55249,Mt CO2e,2026-06-02T23:00:00+0200,https://ec.europa.eu/eurostat/api/dissemination/statistics/1.0/data/env_air_gge?geo=MT&geo=EU27_2020&unit=MIO_T&airpol=GHG&src_crf=TOTX4_MEMO&src_crf=TOTXMEMO&src_crf=CRF1D1&src_crf=CRF1A1&src_crf=CRF1A3&src_crf=CRF1A4&src_crf=CRF2F&src_crf=CRF3&src_crf=CRF5&sinceTimePeriod=2005
env_air_gge,MT,CRF1A3,2015,0.58654,Mt CO2e,2026-06-02T23:00:00+0200,https://ec.europa.eu/eurostat/api/dissemination/statistics/1.0/data/env_air_gge?geo=MT&geo=EU27_2020&unit=MIO_T&airpol=GHG&src_crf=TOTX4_MEMO&src_crf=TOTXMEMO&src_crf=CRF1D1&src_crf=CRF1A1&src_crf=CRF1A3&src_crf=CRF1A4&src_crf=CRF2F&src_crf=CRF3&src_crf=CRF5&sinceTimePeriod=2005
env_air_gge,MT,CRF1A3,2016,0.5861,Mt CO2e,2026-06-02T23:00:00+0200,https://ec.europa.eu/eurostat/api/dissemination/statistics/1.0/data/env_air_gge?geo=MT&geo=EU27_2020&unit=MIO_T&airpol=GHG&src_crf=TOTX4_MEMO&src_crf=TOTXMEMO&src_crf=CRF1D1&src_crf=CRF1A1&src_crf=CRF1A3&src_crf=CRF1A4&src_crf=CRF2F&src_crf=CRF3&src_crf=CRF5&sinceTimePeriod=2005
env_air_gge,MT,CRF1A3,2017,0.60714,Mt CO2e,2026-06-02T23:00:00+0200,https://ec.europa.eu/eurostat/api/dissemination/statistics/1.0/data/env_air_gge?geo=MT&geo=EU27_2020&unit=MIO_T&airpol=GHG&src_crf=TOTX4_MEMO&src_crf=TOTXMEMO&src_crf=CRF1D1&src_crf=CRF1A1&src_crf=CRF1A3&src_crf=CRF1A4&src_crf=CRF2F&src_crf=CRF3&src_crf=CRF5&sinceTimePeriod=2005
env_air_gge,MT,CRF1A3,2018,0.66115,Mt CO2e,2026-06-02T23:00:00+0200,https://ec.europa.eu/eurostat/api/dissemination/statistics/1.0/data/env_air_gge?geo=MT&geo=EU27_2020&unit=MIO_T&airpol=GHG&src_crf=TOTX4_MEMO&src_crf=TOTXMEMO&src_crf=CRF1D1&src_crf=CRF1A1&src_crf=CRF1A3&src_crf=CRF1A4&src_crf=CRF2F&src_crf=CRF3&src_crf=CRF5&sinceTimePeriod=2005
env_air_gge,MT,CRF1A3,2019,0.70146,Mt CO2e,2026-06-02T23:00:00+0200,https://ec.europa.eu/eurostat/api/dissemination/statistics/1.0/data/env_air_gge?geo=MT&geo=EU27_2020&unit=MIO_T&airpol=GHG&src_crf=TOTX4_MEMO&src_crf=TOTXMEMO&src_crf=CRF1D1&src_crf=CRF1A1&src_crf=CRF1A3&src_crf=CRF1A4&src_crf=CRF2F&src_crf=CRF3&src_crf=CRF5&sinceTimePeriod=2005
env_air_gge,MT,CRF1A3,2020,0.57999,Mt CO2e,2026-06-02T23:00:00+0200,https://ec.europa.eu/eurostat/api/dissemination/statistics/1.0/data/env_air_gge?geo=MT&geo=EU27_2020&unit=MIO_T&airpol=GHG&src_crf=TOTX4_MEMO&src_crf=TOTXMEMO&src_crf=CRF1D1&src_crf=CRF1A1&src_crf=CRF1A3&src_crf=CRF1A4&src_crf=CRF2F&src_crf=CRF3&src_crf=CRF5&sinceTimePeriod=2005
env_air_gge,MT,CRF1A3,2021,0.62165,Mt CO2e,2026-06-02T23:00:00+0200,https://ec.europa.eu/eurostat/api/dissemination/statistics/1.0/data/env_air_gge?geo=MT&geo=EU27_2020&unit=MIO_T&airpol=GHG&src_crf=TOTX4_MEMO&src_crf=TOTXMEMO&src_crf=CRF1D1&src_crf=CRF1A1&src_crf=CRF1A3&src_crf=CRF1A4&src_crf=CRF2F&src_crf=CRF3&src_crf=CRF5&sinceTimePeriod=2005
env_air_gge,MT,CRF1A3,2022,0.72438,Mt CO2e,2026-06-02T23:00:00+0200,https://ec.europa.eu/eurostat/api/dissemination/statistics/1.0/data/env_air_gge?geo=MT&geo=EU27_2020&unit=MIO_T&airpol=GHG&src_crf=TOTX4_MEMO&src_crf=TOTXMEMO&src_crf=CRF1D1&src_crf=CRF1A1&src_crf=CRF1A3&src_crf=CRF1A4&src_crf=CRF2F&src_crf=CRF3&src_crf=CRF5&sinceTimePeriod=2005
env_air_gge,MT,CRF1A3,2023,0.76524,Mt CO2e,2026-06-02T23:00:00+0200,https://ec.europa.eu/eurostat/api/dissemination/statistics/1.0/data/env_air_gge?geo=MT&geo=EU27_2020&unit=MIO_T&airpol=GHG&src_crf=TOTX4_MEMO&src_crf=TOTXMEMO&src_crf=CRF1D1&src_crf=CRF1A1&src_crf=CRF1A3&src_crf=CRF1A4&src_crf=CRF2F&src_crf=CRF3&src_crf=CRF5&sinceTimePeriod=2005
env_air_gge,MT,CRF1A3,2024,0.78768,Mt CO2e,2026-06-02T23:00:00+0200,https://ec.europa.eu/eurostat/api/dissemination/statistics/1.0/data/env_air_gge?geo=MT&geo=EU27_2020&unit=MIO_T&airpol=GHG&src_crf=TOTX4_MEMO&src_crf=TOTXMEMO&src_crf=CRF1D1&src_crf=CRF1A1&src_crf=CRF1A3&src_crf=CRF1A4&src_crf=CRF2F&src_crf=CRF3&src_crf=CRF5&sinceTimePeriod=2005
env_air_gge,MT,CRF1A4,2005,0.12334,Mt CO2e,2026-06-02T23:00:00+0200,https://ec.europa.eu/eurostat/api/dissemination/statistics/1.0/data/env_air_gge?geo=MT&geo=EU27_2020&unit=MIO_T&airpol=GHG&src_crf=TOTX4_MEMO&src_crf=TOTXMEMO&src_crf=CRF1D1&src_crf=CRF1A1&src_crf=CRF1A3&src_crf=CRF1A4&src_crf=CRF2F&src_crf=CRF3&src_crf=CRF5&sinceTimePeriod=2005
env_air_gge,MT,CRF1A4,2006,0.10687,Mt CO2e,2026-06-02T23:00:00+0200,https://ec.europa.eu/eurostat/api/dissemination/statistics/1.0/data/env_air_gge?geo=MT&geo=EU27_2020&unit=MIO_T&airpol=GHG&src_crf=TOTX4_MEMO&src_crf=TOTXMEMO&src_crf=CRF1D1&src_crf=CRF1A1&src_crf=CRF1A3&src_crf=CRF1A4&src_crf=CRF2F&src_crf=CRF3&src_crf=CRF5&sinceTimePeriod=2005
env_air_gge,MT,CRF1A4,2007,0.11659,Mt CO2e,2026-06-02T23:00:00+0200,https://ec.europa.eu/eurostat/api/dissemination/statistics/1.0/data/env_air_gge?geo=MT&geo=EU27_2020&unit=MIO_T&airpol=GHG&src_crf=TOTX4_MEMO&src_crf=TOTXMEMO&src_crf=CRF1D1&src_crf=CRF1A1&src_crf=CRF1A3&src_crf=CRF1A4&src_crf=CRF2F&src_crf=CRF3&src_crf=CRF5&sinceTimePeriod=2005
env_air_gge,MT,CRF1A4,2008,0.1195,Mt CO2e,2026-06-02T23:00:00+0200,https://ec.europa.eu/eurostat/api/dissemination/statistics/1.0/data/env_air_gge?geo=MT&geo=EU27_2020&unit=MIO_T&airpol=GHG&src_crf=TOTX4_MEMO&src_crf=TOTXMEMO&src_crf=CRF1D1&src_crf=CRF1A1&src_crf=CRF1A3&src_crf=CRF1A4&src_crf=CRF2F&src_crf=CRF3&src_crf=CRF5&sinceTimePeriod=2005
env_air_gge,MT,CRF1A4,2009,0.10643,Mt CO2e,2026-06-02T23:00:00+0200,https://ec.europa.eu/eurostat/api/dissemination/statistics/1.0/data/env_air_gge?geo=MT&geo=EU27_2020&unit=MIO_T&airpol=GHG&src_crf=TOTX4_MEMO&src_crf=TOTXMEMO&src_crf=CRF1D1&src_crf=CRF1A1&src_crf=CRF1A3&src_crf=CRF1A4&src_crf=CRF2F&src_crf=CRF3&src_crf=CRF5&sinceTimePeriod=2005
env_air_gge,MT,CRF1A4,2010,0.13246,Mt CO2e,2026-06-02T23:00:00+0200,https://ec.europa.eu/eurostat/api/dissemination/statistics/1.0/data/env_air_gge?geo=MT&geo=EU27_2020&unit=MIO_T&airpol=GHG&src_crf=TOTX4_MEMO&src_crf=TOTXMEMO&src_crf=CRF1D1&src_crf=CRF1A1&src_crf=CRF1A3&src_crf=CRF1A4&src_crf=CRF2F&src_crf=CRF3&src_crf=CRF5&sinceTimePeriod=2005
env_air_gge,MT,CRF1A4,2011,0.09787,Mt CO2e,2026-06-02T23:00:00+0200,https://ec.europa.eu/eurostat/api/dissemination/statistics/1.0/data/env_air_gge?geo=MT&geo=EU27_2020&unit=MIO_T&airpol=GHG&src_crf=TOTX4_MEMO&src_crf=TOTXMEMO&src_crf=CRF1D1&src_crf=CRF1A1&src_crf=CRF1A3&src_crf=CRF1A4&src_crf=CRF2F&src_crf=CRF3&src_crf=CRF5&sinceTimePeriod=2005
env_air_gge,MT,CRF1A4,2012,0.12602,Mt CO2e,2026-06-02T23:00:00+0200,https://ec.europa.eu/eurostat/api/dissemination/statistics/1.0/data/env_air_gge?geo=MT&geo=EU27_2020&unit=MIO_T&airpol=GHG&src_crf=TOTX4_MEMO&src_crf=TOTXMEMO&src_crf=CRF1D1&src_crf=CRF1A1&src_crf=CRF1A3&src_crf=CRF1A4&src_crf=CRF2F&src_crf=CRF3&src_crf=CRF5&sinceTimePeriod=2005
env_air_gge,MT,CRF1A4,2013,0.13527,Mt CO2e,2026-06-02T23:00:00+0200,https://ec.europa.eu/eurostat/api/dissemination/statistics/1.0/data/env_air_gge?geo=MT&geo=EU27_2020&unit=MIO_T&airpol=GHG&src_crf=TOTX4_MEMO&src_crf=TOTXMEMO&src_crf=CRF1D1&src_crf=CRF1A1&src_crf=CRF1A3&src_crf=CRF1A4&src_crf=CRF2F&src_crf=CRF3&src_crf=CRF5&sinceTimePeriod=2005
env_air_gge,MT,CRF1A4,2014,0.14206,Mt CO2e,2026-06-02T23:00:00+0200,https://ec.europa.eu/eurostat/api/dissemination/statistics/1.0/data/env_air_gge?geo=MT&geo=EU27_2020&unit=MIO_T&airpol=GHG&src_crf=TOTX4_MEMO&src_crf=TOTXMEMO&src_crf=CRF1D1&src_crf=CRF1A1&src_crf=CRF1A3&src_crf=CRF1A4&src_crf=CRF2F&src_crf=CRF3&src_crf=CRF5&sinceTimePeriod=2005
env_air_gge,MT,CRF1A4,2015,0.16028,Mt CO2e,2026-06-02T23:00:00+0200,https://ec.europa.eu/eurostat/api/dissemination/statistics/1.0/data/env_air_gge?geo=MT&geo=EU27_2020&unit=MIO_T&airpol=GHG&src_crf=TOTX4_MEMO&src_crf=TOTXMEMO&src_crf=CRF1D1&src_crf=CRF1A1&src_crf=CRF1A3&src_crf=CRF1A4&src_crf=CRF2F&src_crf=CRF3&src_crf=CRF5&sinceTimePeriod=2005
env_air_gge,MT,CRF1A4,2016,0.14854,Mt CO2e,2026-06-02T23:00:00+0200,https://ec.europa.eu/eurostat/api/dissemination/statistics/1.0/data/env_air_gge?geo=MT&geo=EU27_2020&unit=MIO_T&airpol=GHG&src_crf=TOTX4_MEMO&src_crf=TOTXMEMO&src_crf=CRF1D1&src_crf=CRF1A1&src_crf=CRF1A3&src_crf=CRF1A4&src_crf=CRF2F&src_crf=CRF3&src_crf=CRF5&sinceTimePeriod=2005
env_air_gge,MT,CRF1A4,2017,0.15113,Mt CO2e,2026-06-02T23:00:00+0200,https://ec.europa.eu/eurostat/api/dissemination/statistics/1.0/data/env_air_gge?geo=MT&geo=EU27_2020&unit=MIO_T&airpol=GHG&src_crf=TOTX4_MEMO&src_crf=TOTXMEMO&src_crf=CRF1D1&src_crf=CRF1A1&src_crf=CRF1A3&src_crf=CRF1A4&src_crf=CRF2F&src_crf=CRF3&src_crf=CRF5&sinceTimePeriod=2005
env_air_gge,MT,CRF1A4,2018,0.13392,Mt CO2e,2026-06-02T23:00:00+0200,https://ec.europa.eu/eurostat/api/dissemination/statistics/1.0/data/env_air_gge?geo=MT&geo=EU27_2020&unit=MIO_T&airpol=GHG&src_crf=TOTX4_MEMO&src_crf=TOTXMEMO&src_crf=CRF1D1&src_crf=CRF1A1&src_crf=CRF1A3&src_crf=CRF1A4&src_crf=CRF2F&src_crf=CRF3&src_crf=CRF5&sinceTimePeriod=2005
env_air_gge,MT,CRF1A4,2019,0.14649,Mt CO2e,2026-06-02T23:00:00+0200,https://ec.europa.eu/eurostat/api/dissemination/statistics/1.0/data/env_air_gge?geo=MT&geo=EU27_2020&unit=MIO_T&airpol=GHG&src_crf=TOTX4_MEMO&src_crf=TOTXMEMO&src_crf=CRF1D1&src_crf=CRF1A1&src_crf=CRF1A3&src_crf=CRF1A4&src_crf=CRF2F&src_crf=CRF3&src_crf=CRF5&sinceTimePeriod=2005
env_air_gge,MT,CRF1A4,2020,0.128,Mt CO2e,2026-06-02T23:00:00+0200,https://ec.europa.eu/eurostat/api/dissemination/statistics/1.0/data/env_air_gge?geo=MT&geo=EU27_2020&unit=MIO_T&airpol=GHG&src_crf=TOTX4_MEMO&src_crf=TOTXMEMO&src_crf=CRF1D1&src_crf=CRF1A1&src_crf=CRF1A3&src_crf=CRF1A4&src_crf=CRF2F&src_crf=CRF3&src_crf=CRF5&sinceTimePeriod=2005
env_air_gge,MT,CRF1A4,2021,0.132,Mt CO2e,2026-06-02T23:00:00+0200,https://ec.europa.eu/eurostat/api/dissemination/statistics/1.0/data/env_air_gge?geo=MT&geo=EU27_2020&unit=MIO_T&airpol=GHG&src_crf=TOTX4_MEMO&src_crf=TOTXMEMO&src_crf=CRF1D1&src_crf=CRF1A1&src_crf=CRF1A3&src_crf=CRF1A4&src_crf=CRF2F&src_crf=CRF3&src_crf=CRF5&sinceTimePeriod=2005
env_air_gge,MT,CRF1A4,2022,0.15929,Mt CO2e,2026-06-02T23:00:00+0200,https://ec.europa.eu/eurostat/api/dissemination/statistics/1.0/data/env_air_gge?geo=MT&geo=EU27_2020&unit=MIO_T&airpol=GHG&src_crf=TOTX4_MEMO&src_crf=TOTXMEMO&src_crf=CRF1D1&src_crf=CRF1A1&src_crf=CRF1A3&src_crf=CRF1A4&src_crf=CRF2F&src_crf=CRF3&src_crf=CRF5&sinceTimePeriod=2005
env_air_gge,MT,CRF1A4,2023,0.1343,Mt CO2e,2026-06-02T23:00:00+0200,https://ec.europa.eu/eurostat/api/dissemination/statistics/1.0/data/env_air_gge?geo=MT&geo=EU27_2020&unit=MIO_T&airpol=GHG&src_crf=TOTX4_MEMO&src_crf=TOTXMEMO&src_crf=CRF1D1&src_crf=CRF1A1&src_crf=CRF1A3&src_crf=CRF1A4&src_crf=CRF2F&src_crf=CRF3&src_crf=CRF5&sinceTimePeriod=2005
env_air_gge,MT,CRF1A4,2024,0.1348,Mt CO2e,2026-06-02T23:00:00+0200,https://ec.europa.eu/eurostat/api/dissemination/statistics/1.0/data/env_air_gge?geo=MT&geo=EU27_2020&unit=MIO_T&airpol=GHG&src_crf=TOTX4_MEMO&src_crf=TOTXMEMO&src_crf=CRF1D1&src_crf=CRF1A1&src_crf=CRF1A3&src_crf=CRF1A4&src_crf=CRF2F&src_crf=CRF3&src_crf=CRF5&sinceTimePeriod=2005
env_air_gge,MT,CRF1D1,2005,2.40108,Mt CO2e,2026-06-02T23:00:00+0200,https://ec.europa.eu/eurostat/api/dissemination/statistics/1.0/data/env_air_gge?geo=MT&geo=EU27_2020&unit=MIO_T&airpol=GHG&src_crf=TOTX4_MEMO&src_crf=TOTXMEMO&src_crf=CRF1D1&src_crf=CRF1A1&src_crf=CRF1A3&src_crf=CRF1A4&src_crf=CRF2F&src_crf=CRF3&src_crf=CRF5&sinceTimePeriod=2005
env_air_gge,MT,CRF1D1,2006,2.69652,Mt CO2e,2026-06-02T23:00:00+0200,https://ec.europa.eu/eurostat/api/dissemination/statistics/1.0/data/env_air_gge?geo=MT&geo=EU27_2020&unit=MIO_T&airpol=GHG&src_crf=TOTX4_MEMO&src_crf=TOTXMEMO&src_crf=CRF1D1&src_crf=CRF1A1&src_crf=CRF1A3&src_crf=CRF1A4&src_crf=CRF2F&src_crf=CRF3&src_crf=CRF5&sinceTimePeriod=2005
env_air_gge,MT,CRF1D1,2007,3.00619,Mt CO2e,2026-06-02T23:00:00+0200,https://ec.europa.eu/eurostat/api/dissemination/statistics/1.0/data/env_air_gge?geo=MT&geo=EU27_2020&unit=MIO_T&airpol=GHG&src_crf=TOTX4_MEMO&src_crf=TOTXMEMO&src_crf=CRF1D1&src_crf=CRF1A1&src_crf=CRF1A3&src_crf=CRF1A4&src_crf=CRF2F&src_crf=CRF3&src_crf=CRF5&sinceTimePeriod=2005
env_air_gge,MT,CRF1D1,2008,3.23695,Mt CO2e,2026-06-02T23:00:00+0200,https://ec.europa.eu/eurostat/api/dissemination/statistics/1.0/data/env_air_gge?geo=MT&geo=EU27_2020&unit=MIO_T&airpol=GHG&src_crf=TOTX4_MEMO&src_crf=TOTXMEMO&src_crf=CRF1D1&src_crf=CRF1A1&src_crf=CRF1A3&src_crf=CRF1A4&src_crf=CRF2F&src_crf=CRF3&src_crf=CRF5&sinceTimePeriod=2005
env_air_gge,MT,CRF1D1,2009,3.92321,Mt CO2e,2026-06-02T23:00:00+0200,https://ec.europa.eu/eurostat/api/dissemination/statistics/1.0/data/env_air_gge?geo=MT&geo=EU27_2020&unit=MIO_T&airpol=GHG&src_crf=TOTX4_MEMO&src_crf=TOTXMEMO&src_crf=CRF1D1&src_crf=CRF1A1&src_crf=CRF1A3&src_crf=CRF1A4&src_crf=CRF2F&src_crf=CRF3&src_crf=CRF5&sinceTimePeriod=2005
env_air_gge,MT,CRF1D1,2010,4.99889,Mt CO2e,2026-06-02T23:00:00+0200,https://ec.europa.eu/eurostat/api/dissemination/statistics/1.0/data/env_air_gge?geo=MT&geo=EU27_2020&unit=MIO_T&airpol=GHG&src_crf=TOTX4_MEMO&src_crf=TOTXMEMO&src_crf=CRF1D1&src_crf=CRF1A1&src_crf=CRF1A3&src_crf=CRF1A4&src_crf=CRF2F&src_crf=CRF3&src_crf=CRF5&sinceTimePeriod=2005
env_air_gge,MT,CRF1D1,2011,4.6382,Mt CO2e,2026-06-02T23:00:00+0200,https://ec.europa.eu/eurostat/api/dissemination/statistics/1.0/data/env_air_gge?geo=MT&geo=EU27_2020&unit=MIO_T&airpol=GHG&src_crf=TOTX4_MEMO&src_crf=TOTXMEMO&src_crf=CRF1D1&src_crf=CRF1A1&src_crf=CRF1A3&src_crf=CRF1A4&src_crf=CRF2F&src_crf=CRF3&src_crf=CRF5&sinceTimePeriod=2005
env_air_gge,MT,CRF1D1,2012,4.14621,Mt CO2e,2026-06-02T23:00:00+0200,https://ec.europa.eu/eurostat/api/dissemination/statistics/1.0/data/env_air_gge?geo=MT&geo=EU27_2020&unit=MIO_T&airpol=GHG&src_crf=TOTX4_MEMO&src_crf=TOTXMEMO&src_crf=CRF1D1&src_crf=CRF1A1&src_crf=CRF1A3&src_crf=CRF1A4&src_crf=CRF2F&src_crf=CRF3&src_crf=CRF5&sinceTimePeriod=2005
env_air_gge,MT,CRF1D1,2013,4.1827,Mt CO2e,2026-06-02T23:00:00+0200,https://ec.europa.eu/eurostat/api/dissemination/statistics/1.0/data/env_air_gge?geo=MT&geo=EU27_2020&unit=MIO_T&airpol=GHG&src_crf=TOTX4_MEMO&src_crf=TOTXMEMO&src_crf=CRF1D1&src_crf=CRF1A1&src_crf=CRF1A3&src_crf=CRF1A4&src_crf=CRF2F&src_crf=CRF3&src_crf=CRF5&sinceTimePeriod=2005
env_air_gge,MT,CRF1D1,2014,4.31857,Mt CO2e,2026-06-02T23:00:00+0200,https://ec.europa.eu/eurostat/api/dissemination/statistics/1.0/data/env_air_gge?geo=MT&geo=EU27_2020&unit=MIO_T&airpol=GHG&src_crf=TOTX4_MEMO&src_crf=TOTXMEMO&src_crf=CRF1D1&src_crf=CRF1A1&src_crf=CRF1A3&src_crf=CRF1A4&src_crf=CRF2F&src_crf=CRF3&src_crf=CRF5&sinceTimePeriod=2005
env_air_gge,MT,CRF1D1,2015,5.34997,Mt CO2e,2026-06-02T23:00:00+0200,https://ec.europa.eu/eurostat/api/dissemination/statistics/1.0/data/env_air_gge?geo=MT&geo=EU27_2020&unit=MIO_T&airpol=GHG&src_crf=TOTX4_MEMO&src_crf=TOTXMEMO&src_crf=CRF1D1&src_crf=CRF1A1&src_crf=CRF1A3&src_crf=CRF1A4&src_crf=CRF2F&src_crf=CRF3&src_crf=CRF5&sinceTimePeriod=2005
env_air_gge,MT,CRF1D1,2016,6.07775,Mt CO2e,2026-06-02T23:00:00+0200,https://ec.europa.eu/eurostat/api/dissemination/statistics/1.0/data/env_air_gge?geo=MT&geo=EU27_2020&unit=MIO_T&airpol=GHG&src_crf=TOTX4_MEMO&src_crf=TOTXMEMO&src_crf=CRF1D1&src_crf=CRF1A1&src_crf=CRF1A3&src_crf=CRF1A4&src_crf=CRF2F&src_crf=CRF3&src_crf=CRF5&sinceTimePeriod=2005
env_air_gge,MT,CRF1D1,2017,7.36525,Mt CO2e,2026-06-02T23:00:00+0200,https://ec.europa.eu/eurostat/api/dissemination/statistics/1.0/data/env_air_gge?geo=MT&geo=EU27_2020&unit=MIO_T&airpol=GHG&src_crf=TOTX4_MEMO&src_crf=TOTXMEMO&src_crf=CRF1D1&src_crf=CRF1A1&src_crf=CRF1A3&src_crf=CRF1A4&src_crf=CRF2F&src_crf=CRF3&src_crf=CRF5&sinceTimePeriod=2005
env_air_gge,MT,CRF1D1,2018,7.64054,Mt CO2e,2026-06-02T23:00:00+0200,https://ec.europa.eu/eurostat/api/dissemination/statistics/1.0/data/env_air_gge?geo=MT&geo=EU27_2020&unit=MIO_T&airpol=GHG&src_crf=TOTX4_MEMO&src_crf=TOTXMEMO&src_crf=CRF1D1&src_crf=CRF1A1&src_crf=CRF1A3&src_crf=CRF1A4&src_crf=CRF2F&src_crf=CRF3&src_crf=CRF5&sinceTimePeriod=2005
env_air_gge,MT,CRF1D1,2019,7.85283,Mt CO2e,2026-06-02T23:00:00+0200,https://ec.europa.eu/eurostat/api/dissemination/statistics/1.0/data/env_air_gge?geo=MT&geo=EU27_2020&unit=MIO_T&airpol=GHG&src_crf=TOTX4_MEMO&src_crf=TOTXMEMO&src_crf=CRF1D1&src_crf=CRF1A1&src_crf=CRF1A3&src_crf=CRF1A4&src_crf=CRF2F&src_crf=CRF3&src_crf=CRF5&sinceTimePeriod=2005
env_air_gge,MT,CRF1D1,2020,7.28784,Mt CO2e,2026-06-02T23:00:00+0200,https://ec.europa.eu/eurostat/api/dissemination/statistics/1.0/data/env_air_gge?geo=MT&geo=EU27_2020&unit=MIO_T&airpol=GHG&src_crf=TOTX4_MEMO&src_crf=TOTXMEMO&src_crf=CRF1D1&src_crf=CRF1A1&src_crf=CRF1A3&src_crf=CRF1A4&src_crf=CRF2F&src_crf=CRF3&src_crf=CRF5&sinceTimePeriod=2005
env_air_gge,MT,CRF1D1,2021,6.53727,Mt CO2e,2026-06-02T23:00:00+0200,https://ec.europa.eu/eurostat/api/dissemination/statistics/1.0/data/env_air_gge?geo=MT&geo=EU27_2020&unit=MIO_T&airpol=GHG&src_crf=TOTX4_MEMO&src_crf=TOTXMEMO&src_crf=CRF1D1&src_crf=CRF1A1&src_crf=CRF1A3&src_crf=CRF1A4&src_crf=CRF2F&src_crf=CRF3&src_crf=CRF5&sinceTimePeriod=2005
env_air_gge,MT,CRF1D1,2022,7.27293,Mt CO2e,2026-06-02T23:00:00+0200,https://ec.europa.eu/eurostat/api/dissemination/statistics/1.0/data/env_air_gge?geo=MT&geo=EU27_2020&unit=MIO_T&airpol=GHG&src_crf=TOTX4_MEMO&src_crf=TOTXMEMO&src_crf=CRF1D1&src_crf=CRF1A1&src_crf=CRF1A3&src_crf=CRF1A4&src_crf=CRF2F&src_crf=CRF3&src_crf=CRF5&sinceTimePeriod=2005
env_air_gge,MT,CRF1D1,2023,7.76625,Mt CO2e,2026-06-02T23:00:00+0200,https://ec.europa.eu/eurostat/api/dissemination/statistics/1.0/data/env_air_gge?geo=MT&geo=EU27_2020&unit=MIO_T&airpol=GHG&src_crf=TOTX4_MEMO&src_crf=TOTXMEMO&src_crf=CRF1D1&src_crf=CRF1A1&src_crf=CRF1A3&src_crf=CRF1A4&src_crf=CRF2F&src_crf=CRF3&src_crf=CRF5&sinceTimePeriod=2005
env_air_gge,MT,CRF1D1,2024,7.33667,Mt CO2e,2026-06-02T23:00:00+0200,https://ec.europa.eu/eurostat/api/dissemination/statistics/1.0/data/env_air_gge?geo=MT&geo=EU27_2020&unit=MIO_T&airpol=GHG&src_crf=TOTX4_MEMO&src_crf=TOTXMEMO&src_crf=CRF1D1&src_crf=CRF1A1&src_crf=CRF1A3&src_crf=CRF1A4&src_crf=CRF2F&src_crf=CRF3&src_crf=CRF5&sinceTimePeriod=2005
env_air_gge,MT,CRF2F,2005,0.03415,Mt CO2e,2026-06-02T23:00:00+0200,https://ec.europa.eu/eurostat/api/dissemination/statistics/1.0/data/env_air_gge?geo=MT&geo=EU27_2020&unit=MIO_T&airpol=GHG&src_crf=TOTX4_MEMO&src_crf=TOTXMEMO&src_crf=CRF1D1&src_crf=CRF1A1&src_crf=CRF1A3&src_crf=CRF1A4&src_crf=CRF2F&src_crf=CRF3&src_crf=CRF5&sinceTimePeriod=2005
env_air_gge,MT,CRF2F,2006,0.06849,Mt CO2e,2026-06-02T23:00:00+0200,https://ec.europa.eu/eurostat/api/dissemination/statistics/1.0/data/env_air_gge?geo=MT&geo=EU27_2020&unit=MIO_T&airpol=GHG&src_crf=TOTX4_MEMO&src_crf=TOTXMEMO&src_crf=CRF1D1&src_crf=CRF1A1&src_crf=CRF1A3&src_crf=CRF1A4&src_crf=CRF2F&src_crf=CRF3&src_crf=CRF5&sinceTimePeriod=2005
env_air_gge,MT,CRF2F,2007,0.08101,Mt CO2e,2026-06-02T23:00:00+0200,https://ec.europa.eu/eurostat/api/dissemination/statistics/1.0/data/env_air_gge?geo=MT&geo=EU27_2020&unit=MIO_T&airpol=GHG&src_crf=TOTX4_MEMO&src_crf=TOTXMEMO&src_crf=CRF1D1&src_crf=CRF1A1&src_crf=CRF1A3&src_crf=CRF1A4&src_crf=CRF2F&src_crf=CRF3&src_crf=CRF5&sinceTimePeriod=2005
env_air_gge,MT,CRF2F,2008,0.09538,Mt CO2e,2026-06-02T23:00:00+0200,https://ec.europa.eu/eurostat/api/dissemination/statistics/1.0/data/env_air_gge?geo=MT&geo=EU27_2020&unit=MIO_T&airpol=GHG&src_crf=TOTX4_MEMO&src_crf=TOTXMEMO&src_crf=CRF1D1&src_crf=CRF1A1&src_crf=CRF1A3&src_crf=CRF1A4&src_crf=CRF2F&src_crf=CRF3&src_crf=CRF5&sinceTimePeriod=2005
env_air_gge,MT,CRF2F,2009,0.11074,Mt CO2e,2026-06-02T23:00:00+0200,https://ec.europa.eu/eurostat/api/dissemination/statistics/1.0/data/env_air_gge?geo=MT&geo=EU27_2020&unit=MIO_T&airpol=GHG&src_crf=TOTX4_MEMO&src_crf=TOTXMEMO&src_crf=CRF1D1&src_crf=CRF1A1&src_crf=CRF1A3&src_crf=CRF1A4&src_crf=CRF2F&src_crf=CRF3&src_crf=CRF5&sinceTimePeriod=2005
env_air_gge,MT,CRF2F,2010,0.12221,Mt CO2e,2026-06-02T23:00:00+0200,https://ec.europa.eu/eurostat/api/dissemination/statistics/1.0/data/env_air_gge?geo=MT&geo=EU27_2020&unit=MIO_T&airpol=GHG&src_crf=TOTX4_MEMO&src_crf=TOTXMEMO&src_crf=CRF1D1&src_crf=CRF1A1&src_crf=CRF1A3&src_crf=CRF1A4&src_crf=CRF2F&src_crf=CRF3&src_crf=CRF5&sinceTimePeriod=2005
env_air_gge,MT,CRF2F,2011,0.14398,Mt CO2e,2026-06-02T23:00:00+0200,https://ec.europa.eu/eurostat/api/dissemination/statistics/1.0/data/env_air_gge?geo=MT&geo=EU27_2020&unit=MIO_T&airpol=GHG&src_crf=TOTX4_MEMO&src_crf=TOTXMEMO&src_crf=CRF1D1&src_crf=CRF1A1&src_crf=CRF1A3&src_crf=CRF1A4&src_crf=CRF2F&src_crf=CRF3&src_crf=CRF5&sinceTimePeriod=2005
env_air_gge,MT,CRF2F,2012,0.17371,Mt CO2e,2026-06-02T23:00:00+0200,https://ec.europa.eu/eurostat/api/dissemination/statistics/1.0/data/env_air_gge?geo=MT&geo=EU27_2020&unit=MIO_T&airpol=GHG&src_crf=TOTX4_MEMO&src_crf=TOTXMEMO&src_crf=CRF1D1&src_crf=CRF1A1&src_crf=CRF1A3&src_crf=CRF1A4&src_crf=CRF2F&src_crf=CRF3&src_crf=CRF5&sinceTimePeriod=2005
env_air_gge,MT,CRF2F,2013,0.18448,Mt CO2e,2026-06-02T23:00:00+0200,https://ec.europa.eu/eurostat/api/dissemination/statistics/1.0/data/env_air_gge?geo=MT&geo=EU27_2020&unit=MIO_T&airpol=GHG&src_crf=TOTX4_MEMO&src_crf=TOTXMEMO&src_crf=CRF1D1&src_crf=CRF1A1&src_crf=CRF1A3&src_crf=CRF1A4&src_crf=CRF2F&src_crf=CRF3&src_crf=CRF5&sinceTimePeriod=2005
env_air_gge,MT,CRF2F,2014,0.19621,Mt CO2e,2026-06-02T23:00:00+0200,https://ec.europa.eu/eurostat/api/dissemination/statistics/1.0/data/env_air_gge?geo=MT&geo=EU27_2020&unit=MIO_T&airpol=GHG&src_crf=TOTX4_MEMO&src_crf=TOTXMEMO&src_crf=CRF1D1&src_crf=CRF1A1&src_crf=CRF1A3&src_crf=CRF1A4&src_crf=CRF2F&src_crf=CRF3&src_crf=CRF5&sinceTimePeriod=2005
env_air_gge,MT,CRF2F,2015,0.20424,Mt CO2e,2026-06-02T23:00:00+0200,https://ec.europa.eu/eurostat/api/dissemination/statistics/1.0/data/env_air_gge?geo=MT&geo=EU27_2020&unit=MIO_T&airpol=GHG&src_crf=TOTX4_MEMO&src_crf=TOTXMEMO&src_crf=CRF1D1&src_crf=CRF1A1&src_crf=CRF1A3&src_crf=CRF1A4&src_crf=CRF2F&src_crf=CRF3&src_crf=CRF5&sinceTimePeriod=2005
env_air_gge,MT,CRF2F,2016,0.21793,Mt CO2e,2026-06-02T23:00:00+0200,https://ec.europa.eu/eurostat/api/dissemination/statistics/1.0/data/env_air_gge?geo=MT&geo=EU27_2020&unit=MIO_T&airpol=GHG&src_crf=TOTX4_MEMO&src_crf=TOTXMEMO&src_crf=CRF1D1&src_crf=CRF1A1&src_crf=CRF1A3&src_crf=CRF1A4&src_crf=CRF2F&src_crf=CRF3&src_crf=CRF5&sinceTimePeriod=2005
env_air_gge,MT,CRF2F,2017,0.2248,Mt CO2e,2026-06-02T23:00:00+0200,https://ec.europa.eu/eurostat/api/dissemination/statistics/1.0/data/env_air_gge?geo=MT&geo=EU27_2020&unit=MIO_T&airpol=GHG&src_crf=TOTX4_MEMO&src_crf=TOTXMEMO&src_crf=CRF1D1&src_crf=CRF1A1&src_crf=CRF1A3&src_crf=CRF1A4&src_crf=CRF2F&src_crf=CRF3&src_crf=CRF5&sinceTimePeriod=2005
env_air_gge,MT,CRF2F,2018,0.21144,Mt CO2e,2026-06-02T23:00:00+0200,https://ec.europa.eu/eurostat/api/dissemination/statistics/1.0/data/env_air_gge?geo=MT&geo=EU27_2020&unit=MIO_T&airpol=GHG&src_crf=TOTX4_MEMO&src_crf=TOTXMEMO&src_crf=CRF1D1&src_crf=CRF1A1&src_crf=CRF1A3&src_crf=CRF1A4&src_crf=CRF2F&src_crf=CRF3&src_crf=CRF5&sinceTimePeriod=2005
env_air_gge,MT,CRF2F,2019,0.20159,Mt CO2e,2026-06-02T23:00:00+0200,https://ec.europa.eu/eurostat/api/dissemination/statistics/1.0/data/env_air_gge?geo=MT&geo=EU27_2020&unit=MIO_T&airpol=GHG&src_crf=TOTX4_MEMO&src_crf=TOTXMEMO&src_crf=CRF1D1&src_crf=CRF1A1&src_crf=CRF1A3&src_crf=CRF1A4&src_crf=CRF2F&src_crf=CRF3&src_crf=CRF5&sinceTimePeriod=2005
env_air_gge,MT,CRF2F,2020,0.21225,Mt CO2e,2026-06-02T23:00:00+0200,https://ec.europa.eu/eurostat/api/dissemination/statistics/1.0/data/env_air_gge?geo=MT&geo=EU27_2020&unit=MIO_T&airpol=GHG&src_crf=TOTX4_MEMO&src_crf=TOTXMEMO&src_crf=CRF1D1&src_crf=CRF1A1&src_crf=CRF1A3&src_crf=CRF1A4&src_crf=CRF2F&src_crf=CRF3&src_crf=CRF5&sinceTimePeriod=2005
env_air_gge,MT,CRF2F,2021,0.22011,Mt CO2e,2026-06-02T23:00:00+0200,https://ec.europa.eu/eurostat/api/dissemination/statistics/1.0/data/env_air_gge?geo=MT&geo=EU27_2020&unit=MIO_T&airpol=GHG&src_crf=TOTX4_MEMO&src_crf=TOTXMEMO&src_crf=CRF1D1&src_crf=CRF1A1&src_crf=CRF1A3&src_crf=CRF1A4&src_crf=CRF2F&src_crf=CRF3&src_crf=CRF5&sinceTimePeriod=2005
env_air_gge,MT,CRF2F,2022,0.21339,Mt CO2e,2026-06-02T23:00:00+0200,https://ec.europa.eu/eurostat/api/dissemination/statistics/1.0/data/env_air_gge?geo=MT&geo=EU27_2020&unit=MIO_T&airpol=GHG&src_crf=TOTX4_MEMO&src_crf=TOTXMEMO&src_crf=CRF1D1&src_crf=CRF1A1&src_crf=CRF1A3&src_crf=CRF1A4&src_crf=CRF2F&src_crf=CRF3&src_crf=CRF5&sinceTimePeriod=2005
env_air_gge,MT,CRF2F,2023,0.20694,Mt CO2e,2026-06-02T23:00:00+0200,https://ec.europa.eu/eurostat/api/dissemination/statistics/1.0/data/env_air_gge?geo=MT&geo=EU27_2020&unit=MIO_T&airpol=GHG&src_crf=TOTX4_MEMO&src_crf=TOTXMEMO&src_crf=CRF1D1&src_crf=CRF1A1&src_crf=CRF1A3&src_crf=CRF1A4&src_crf=CRF2F&src_crf=CRF3&src_crf=CRF5&sinceTimePeriod=2005
env_air_gge,MT,CRF2F,2024,0.20156,Mt CO2e,2026-06-02T23:00:00+0200,https://ec.europa.eu/eurostat/api/dissemination/statistics/1.0/data/env_air_gge?geo=MT&geo=EU27_2020&unit=MIO_T&airpol=GHG&src_crf=TOTX4_MEMO&src_crf=TOTXMEMO&src_crf=CRF1D1&src_crf=CRF1A1&src_crf=CRF1A3&src_crf=CRF1A4&src_crf=CRF2F&src_crf=CRF3&src_crf=CRF5&sinceTimePeriod=2005
env_air_gge,MT,CRF3,2005,0.08906,Mt CO2e,2026-06-02T23:00:00+0200,https://ec.europa.eu/eurostat/api/dissemination/statistics/1.0/data/env_air_gge?geo=MT&geo=EU27_2020&unit=MIO_T&airpol=GHG&src_crf=TOTX4_MEMO&src_crf=TOTXMEMO&src_crf=CRF1D1&src_crf=CRF1A1&src_crf=CRF1A3&src_crf=CRF1A4&src_crf=CRF2F&src_crf=CRF3&src_crf=CRF5&sinceTimePeriod=2005
env_air_gge,MT,CRF3,2006,0.08751,Mt CO2e,2026-06-02T23:00:00+0200,https://ec.europa.eu/eurostat/api/dissemination/statistics/1.0/data/env_air_gge?geo=MT&geo=EU27_2020&unit=MIO_T&airpol=GHG&src_crf=TOTX4_MEMO&src_crf=TOTXMEMO&src_crf=CRF1D1&src_crf=CRF1A1&src_crf=CRF1A3&src_crf=CRF1A4&src_crf=CRF2F&src_crf=CRF3&src_crf=CRF5&sinceTimePeriod=2005
env_air_gge,MT,CRF3,2007,0.08863,Mt CO2e,2026-06-02T23:00:00+0200,https://ec.europa.eu/eurostat/api/dissemination/statistics/1.0/data/env_air_gge?geo=MT&geo=EU27_2020&unit=MIO_T&airpol=GHG&src_crf=TOTX4_MEMO&src_crf=TOTXMEMO&src_crf=CRF1D1&src_crf=CRF1A1&src_crf=CRF1A3&src_crf=CRF1A4&src_crf=CRF2F&src_crf=CRF3&src_crf=CRF5&sinceTimePeriod=2005
env_air_gge,MT,CRF3,2008,0.08487,Mt CO2e,2026-06-02T23:00:00+0200,https://ec.europa.eu/eurostat/api/dissemination/statistics/1.0/data/env_air_gge?geo=MT&geo=EU27_2020&unit=MIO_T&airpol=GHG&src_crf=TOTX4_MEMO&src_crf=TOTXMEMO&src_crf=CRF1D1&src_crf=CRF1A1&src_crf=CRF1A3&src_crf=CRF1A4&src_crf=CRF2F&src_crf=CRF3&src_crf=CRF5&sinceTimePeriod=2005
env_air_gge,MT,CRF3,2009,0.08098,Mt CO2e,2026-06-02T23:00:00+0200,https://ec.europa.eu/eurostat/api/dissemination/statistics/1.0/data/env_air_gge?geo=MT&geo=EU27_2020&unit=MIO_T&airpol=GHG&src_crf=TOTX4_MEMO&src_crf=TOTXMEMO&src_crf=CRF1D1&src_crf=CRF1A1&src_crf=CRF1A3&src_crf=CRF1A4&src_crf=CRF2F&src_crf=CRF3&src_crf=CRF5&sinceTimePeriod=2005
env_air_gge,MT,CRF3,2010,0.07869,Mt CO2e,2026-06-02T23:00:00+0200,https://ec.europa.eu/eurostat/api/dissemination/statistics/1.0/data/env_air_gge?geo=MT&geo=EU27_2020&unit=MIO_T&airpol=GHG&src_crf=TOTX4_MEMO&src_crf=TOTXMEMO&src_crf=CRF1D1&src_crf=CRF1A1&src_crf=CRF1A3&src_crf=CRF1A4&src_crf=CRF2F&src_crf=CRF3&src_crf=CRF5&sinceTimePeriod=2005
env_air_gge,MT,CRF3,2011,0.07525,Mt CO2e,2026-06-02T23:00:00+0200,https://ec.europa.eu/eurostat/api/dissemination/statistics/1.0/data/env_air_gge?geo=MT&geo=EU27_2020&unit=MIO_T&airpol=GHG&src_crf=TOTX4_MEMO&src_crf=TOTXMEMO&src_crf=CRF1D1&src_crf=CRF1A1&src_crf=CRF1A3&src_crf=CRF1A4&src_crf=CRF2F&src_crf=CRF3&src_crf=CRF5&sinceTimePeriod=2005
env_air_gge,MT,CRF3,2012,0.07593,Mt CO2e,2026-06-02T23:00:00+0200,https://ec.europa.eu/eurostat/api/dissemination/statistics/1.0/data/env_air_gge?geo=MT&geo=EU27_2020&unit=MIO_T&airpol=GHG&src_crf=TOTX4_MEMO&src_crf=TOTXMEMO&src_crf=CRF1D1&src_crf=CRF1A1&src_crf=CRF1A3&src_crf=CRF1A4&src_crf=CRF2F&src_crf=CRF3&src_crf=CRF5&sinceTimePeriod=2005
env_air_gge,MT,CRF3,2013,0.07515,Mt CO2e,2026-06-02T23:00:00+0200,https://ec.europa.eu/eurostat/api/dissemination/statistics/1.0/data/env_air_gge?geo=MT&geo=EU27_2020&unit=MIO_T&airpol=GHG&src_crf=TOTX4_MEMO&src_crf=TOTXMEMO&src_crf=CRF1D1&src_crf=CRF1A1&src_crf=CRF1A3&src_crf=CRF1A4&src_crf=CRF2F&src_crf=CRF3&src_crf=CRF5&sinceTimePeriod=2005
env_air_gge,MT,CRF3,2014,0.07418,Mt CO2e,2026-06-02T23:00:00+0200,https://ec.europa.eu/eurostat/api/dissemination/statistics/1.0/data/env_air_gge?geo=MT&geo=EU27_2020&unit=MIO_T&airpol=GHG&src_crf=TOTX4_MEMO&src_crf=TOTXMEMO&src_crf=CRF1D1&src_crf=CRF1A1&src_crf=CRF1A3&src_crf=CRF1A4&src_crf=CRF2F&src_crf=CRF3&src_crf=CRF5&sinceTimePeriod=2005
env_air_gge,MT,CRF3,2015,0.07329,Mt CO2e,2026-06-02T23:00:00+0200,https://ec.europa.eu/eurostat/api/dissemination/statistics/1.0/data/env_air_gge?geo=MT&geo=EU27_2020&unit=MIO_T&airpol=GHG&src_crf=TOTX4_MEMO&src_crf=TOTXMEMO&src_crf=CRF1D1&src_crf=CRF1A1&src_crf=CRF1A3&src_crf=CRF1A4&src_crf=CRF2F&src_crf=CRF3&src_crf=CRF5&sinceTimePeriod=2005
env_air_gge,MT,CRF3,2016,0.07328,Mt CO2e,2026-06-02T23:00:00+0200,https://ec.europa.eu/eurostat/api/dissemination/statistics/1.0/data/env_air_gge?geo=MT&geo=EU27_2020&unit=MIO_T&airpol=GHG&src_crf=TOTX4_MEMO&src_crf=TOTXMEMO&src_crf=CRF1D1&src_crf=CRF1A1&src_crf=CRF1A3&src_crf=CRF1A4&src_crf=CRF2F&src_crf=CRF3&src_crf=CRF5&sinceTimePeriod=2005
env_air_gge,MT,CRF3,2017,0.07154,Mt CO2e,2026-06-02T23:00:00+0200,https://ec.europa.eu/eurostat/api/dissemination/statistics/1.0/data/env_air_gge?geo=MT&geo=EU27_2020&unit=MIO_T&airpol=GHG&src_crf=TOTX4_MEMO&src_crf=TOTXMEMO&src_crf=CRF1D1&src_crf=CRF1A1&src_crf=CRF1A3&src_crf=CRF1A4&src_crf=CRF2F&src_crf=CRF3&src_crf=CRF5&sinceTimePeriod=2005
env_air_gge,MT,CRF3,2018,0.07299,Mt CO2e,2026-06-02T23:00:00+0200,https://ec.europa.eu/eurostat/api/dissemination/statistics/1.0/data/env_air_gge?geo=MT&geo=EU27_2020&unit=MIO_T&airpol=GHG&src_crf=TOTX4_MEMO&src_crf=TOTXMEMO&src_crf=CRF1D1&src_crf=CRF1A1&src_crf=CRF1A3&src_crf=CRF1A4&src_crf=CRF2F&src_crf=CRF3&src_crf=CRF5&sinceTimePeriod=2005
env_air_gge,MT,CRF3,2019,0.07351,Mt CO2e,2026-06-02T23:00:00+0200,https://ec.europa.eu/eurostat/api/dissemination/statistics/1.0/data/env_air_gge?geo=MT&geo=EU27_2020&unit=MIO_T&airpol=GHG&src_crf=TOTX4_MEMO&src_crf=TOTXMEMO&src_crf=CRF1D1&src_crf=CRF1A1&src_crf=CRF1A3&src_crf=CRF1A4&src_crf=CRF2F&src_crf=CRF3&src_crf=CRF5&sinceTimePeriod=2005
env_air_gge,MT,CRF3,2020,0.07435,Mt CO2e,2026-06-02T23:00:00+0200,https://ec.europa.eu/eurostat/api/dissemination/statistics/1.0/data/env_air_gge?geo=MT&geo=EU27_2020&unit=MIO_T&airpol=GHG&src_crf=TOTX4_MEMO&src_crf=TOTXMEMO&src_crf=CRF1D1&src_crf=CRF1A1&src_crf=CRF1A3&src_crf=CRF1A4&src_crf=CRF2F&src_crf=CRF3&src_crf=CRF5&sinceTimePeriod=2005
env_air_gge,MT,CRF3,2021,0.0726,Mt CO2e,2026-06-02T23:00:00+0200,https://ec.europa.eu/eurostat/api/dissemination/statistics/1.0/data/env_air_gge?geo=MT&geo=EU27_2020&unit=MIO_T&airpol=GHG&src_crf=TOTX4_MEMO&src_crf=TOTXMEMO&src_crf=CRF1D1&src_crf=CRF1A1&src_crf=CRF1A3&src_crf=CRF1A4&src_crf=CRF2F&src_crf=CRF3&src_crf=CRF5&sinceTimePeriod=2005
env_air_gge,MT,CRF3,2022,0.07217,Mt CO2e,2026-06-02T23:00:00+0200,https://ec.europa.eu/eurostat/api/dissemination/statistics/1.0/data/env_air_gge?geo=MT&geo=EU27_2020&unit=MIO_T&airpol=GHG&src_crf=TOTX4_MEMO&src_crf=TOTXMEMO&src_crf=CRF1D1&src_crf=CRF1A1&src_crf=CRF1A3&src_crf=CRF1A4&src_crf=CRF2F&src_crf=CRF3&src_crf=CRF5&sinceTimePeriod=2005
env_air_gge,MT,CRF3,2023,0.06911,Mt CO2e,2026-06-02T23:00:00+0200,https://ec.europa.eu/eurostat/api/dissemination/statistics/1.0/data/env_air_gge?geo=MT&geo=EU27_2020&unit=MIO_T&airpol=GHG&src_crf=TOTX4_MEMO&src_crf=TOTXMEMO&src_crf=CRF1D1&src_crf=CRF1A1&src_crf=CRF1A3&src_crf=CRF1A4&src_crf=CRF2F&src_crf=CRF3&src_crf=CRF5&sinceTimePeriod=2005
env_air_gge,MT,CRF3,2024,0.06835,Mt CO2e,2026-06-02T23:00:00+0200,https://ec.europa.eu/eurostat/api/dissemination/statistics/1.0/data/env_air_gge?geo=MT&geo=EU27_2020&unit=MIO_T&airpol=GHG&src_crf=TOTX4_MEMO&src_crf=TOTXMEMO&src_crf=CRF1D1&src_crf=CRF1A1&src_crf=CRF1A3&src_crf=CRF1A4&src_crf=CRF2F&src_crf=CRF3&src_crf=CRF5&sinceTimePeriod=2005
env_air_gge,MT,CRF5,2005,0.19673,Mt CO2e,2026-06-02T23:00:00+0200,https://ec.europa.eu/eurostat/api/dissemination/statistics/1.0/data/env_air_gge?geo=MT&geo=EU27_2020&unit=MIO_T&airpol=GHG&src_crf=TOTX4_MEMO&src_crf=TOTXMEMO&src_crf=CRF1D1&src_crf=CRF1A1&src_crf=CRF1A3&src_crf=CRF1A4&src_crf=CRF2F&src_crf=CRF3&src_crf=CRF5&sinceTimePeriod=2005
env_air_gge,MT,CRF5,2006,0.20504,Mt CO2e,2026-06-02T23:00:00+0200,https://ec.europa.eu/eurostat/api/dissemination/statistics/1.0/data/env_air_gge?geo=MT&geo=EU27_2020&unit=MIO_T&airpol=GHG&src_crf=TOTX4_MEMO&src_crf=TOTXMEMO&src_crf=CRF1D1&src_crf=CRF1A1&src_crf=CRF1A3&src_crf=CRF1A4&src_crf=CRF2F&src_crf=CRF3&src_crf=CRF5&sinceTimePeriod=2005
env_air_gge,MT,CRF5,2007,0.20891,Mt CO2e,2026-06-02T23:00:00+0200,https://ec.europa.eu/eurostat/api/dissemination/statistics/1.0/data/env_air_gge?geo=MT&geo=EU27_2020&unit=MIO_T&airpol=GHG&src_crf=TOTX4_MEMO&src_crf=TOTXMEMO&src_crf=CRF1D1&src_crf=CRF1A1&src_crf=CRF1A3&src_crf=CRF1A4&src_crf=CRF2F&src_crf=CRF3&src_crf=CRF5&sinceTimePeriod=2005
env_air_gge,MT,CRF5,2008,0.11826,Mt CO2e,2026-06-02T23:00:00+0200,https://ec.europa.eu/eurostat/api/dissemination/statistics/1.0/data/env_air_gge?geo=MT&geo=EU27_2020&unit=MIO_T&airpol=GHG&src_crf=TOTX4_MEMO&src_crf=TOTXMEMO&src_crf=CRF1D1&src_crf=CRF1A1&src_crf=CRF1A3&src_crf=CRF1A4&src_crf=CRF2F&src_crf=CRF3&src_crf=CRF5&sinceTimePeriod=2005
env_air_gge,MT,CRF5,2009,0.13546,Mt CO2e,2026-06-02T23:00:00+0200,https://ec.europa.eu/eurostat/api/dissemination/statistics/1.0/data/env_air_gge?geo=MT&geo=EU27_2020&unit=MIO_T&airpol=GHG&src_crf=TOTX4_MEMO&src_crf=TOTXMEMO&src_crf=CRF1D1&src_crf=CRF1A1&src_crf=CRF1A3&src_crf=CRF1A4&src_crf=CRF2F&src_crf=CRF3&src_crf=CRF5&sinceTimePeriod=2005
env_air_gge,MT,CRF5,2010,0.12321,Mt CO2e,2026-06-02T23:00:00+0200,https://ec.europa.eu/eurostat/api/dissemination/statistics/1.0/data/env_air_gge?geo=MT&geo=EU27_2020&unit=MIO_T&airpol=GHG&src_crf=TOTX4_MEMO&src_crf=TOTXMEMO&src_crf=CRF1D1&src_crf=CRF1A1&src_crf=CRF1A3&src_crf=CRF1A4&src_crf=CRF2F&src_crf=CRF3&src_crf=CRF5&sinceTimePeriod=2005
env_air_gge,MT,CRF5,2011,0.11875,Mt CO2e,2026-06-02T23:00:00+0200,https://ec.europa.eu/eurostat/api/dissemination/statistics/1.0/data/env_air_gge?geo=MT&geo=EU27_2020&unit=MIO_T&airpol=GHG&src_crf=TOTX4_MEMO&src_crf=TOTXMEMO&src_crf=CRF1D1&src_crf=CRF1A1&src_crf=CRF1A3&src_crf=CRF1A4&src_crf=CRF2F&src_crf=CRF3&src_crf=CRF5&sinceTimePeriod=2005
env_air_gge,MT,CRF5,2012,0.121,Mt CO2e,2026-06-02T23:00:00+0200,https://ec.europa.eu/eurostat/api/dissemination/statistics/1.0/data/env_air_gge?geo=MT&geo=EU27_2020&unit=MIO_T&airpol=GHG&src_crf=TOTX4_MEMO&src_crf=TOTXMEMO&src_crf=CRF1D1&src_crf=CRF1A1&src_crf=CRF1A3&src_crf=CRF1A4&src_crf=CRF2F&src_crf=CRF3&src_crf=CRF5&sinceTimePeriod=2005
env_air_gge,MT,CRF5,2013,0.12025,Mt CO2e,2026-06-02T23:00:00+0200,https://ec.europa.eu/eurostat/api/dissemination/statistics/1.0/data/env_air_gge?geo=MT&geo=EU27_2020&unit=MIO_T&airpol=GHG&src_crf=TOTX4_MEMO&src_crf=TOTXMEMO&src_crf=CRF1D1&src_crf=CRF1A1&src_crf=CRF1A3&src_crf=CRF1A4&src_crf=CRF2F&src_crf=CRF3&src_crf=CRF5&sinceTimePeriod=2005
env_air_gge,MT,CRF5,2014,0.13542,Mt CO2e,2026-06-02T23:00:00+0200,https://ec.europa.eu/eurostat/api/dissemination/statistics/1.0/data/env_air_gge?geo=MT&geo=EU27_2020&unit=MIO_T&airpol=GHG&src_crf=TOTX4_MEMO&src_crf=TOTXMEMO&src_crf=CRF1D1&src_crf=CRF1A1&src_crf=CRF1A3&src_crf=CRF1A4&src_crf=CRF2F&src_crf=CRF3&src_crf=CRF5&sinceTimePeriod=2005
env_air_gge,MT,CRF5,2015,0.15072,Mt CO2e,2026-06-02T23:00:00+0200,https://ec.europa.eu/eurostat/api/dissemination/statistics/1.0/data/env_air_gge?geo=MT&geo=EU27_2020&unit=MIO_T&airpol=GHG&src_crf=TOTX4_MEMO&src_crf=TOTXMEMO&src_crf=CRF1D1&src_crf=CRF1A1&src_crf=CRF1A3&src_crf=CRF1A4&src_crf=CRF2F&src_crf=CRF3&src_crf=CRF5&sinceTimePeriod=2005
env_air_gge,MT,CRF5,2016,0.16279,Mt CO2e,2026-06-02T23:00:00+0200,https://ec.europa.eu/eurostat/api/dissemination/statistics/1.0/data/env_air_gge?geo=MT&geo=EU27_2020&unit=MIO_T&airpol=GHG&src_crf=TOTX4_MEMO&src_crf=TOTXMEMO&src_crf=CRF1D1&src_crf=CRF1A1&src_crf=CRF1A3&src_crf=CRF1A4&src_crf=CRF2F&src_crf=CRF3&src_crf=CRF5&sinceTimePeriod=2005
env_air_gge,MT,CRF5,2017,0.16082,Mt CO2e,2026-06-02T23:00:00+0200,https://ec.europa.eu/eurostat/api/dissemination/statistics/1.0/data/env_air_gge?geo=MT&geo=EU27_2020&unit=MIO_T&airpol=GHG&src_crf=TOTX4_MEMO&src_crf=TOTXMEMO&src_crf=CRF1D1&src_crf=CRF1A1&src_crf=CRF1A3&src_crf=CRF1A4&src_crf=CRF2F&src_crf=CRF3&src_crf=CRF5&sinceTimePeriod=2005
env_air_gge,MT,CRF5,2018,0.16644,Mt CO2e,2026-06-02T23:00:00+0200,https://ec.europa.eu/eurostat/api/dissemination/statistics/1.0/data/env_air_gge?geo=MT&geo=EU27_2020&unit=MIO_T&airpol=GHG&src_crf=TOTX4_MEMO&src_crf=TOTXMEMO&src_crf=CRF1D1&src_crf=CRF1A1&src_crf=CRF1A3&src_crf=CRF1A4&src_crf=CRF2F&src_crf=CRF3&src_crf=CRF5&sinceTimePeriod=2005
env_air_gge,MT,CRF5,2019,0.18247,Mt CO2e,2026-06-02T23:00:00+0200,https://ec.europa.eu/eurostat/api/dissemination/statistics/1.0/data/env_air_gge?geo=MT&geo=EU27_2020&unit=MIO_T&airpol=GHG&src_crf=TOTX4_MEMO&src_crf=TOTXMEMO&src_crf=CRF1D1&src_crf=CRF1A1&src_crf=CRF1A3&src_crf=CRF1A4&src_crf=CRF2F&src_crf=CRF3&src_crf=CRF5&sinceTimePeriod=2005
env_air_gge,MT,CRF5,2020,0.18202,Mt CO2e,2026-06-02T23:00:00+0200,https://ec.europa.eu/eurostat/api/dissemination/statistics/1.0/data/env_air_gge?geo=MT&geo=EU27_2020&unit=MIO_T&airpol=GHG&src_crf=TOTX4_MEMO&src_crf=TOTXMEMO&src_crf=CRF1D1&src_crf=CRF1A1&src_crf=CRF1A3&src_crf=CRF1A4&src_crf=CRF2F&src_crf=CRF3&src_crf=CRF5&sinceTimePeriod=2005
env_air_gge,MT,CRF5,2021,0.18025,Mt CO2e,2026-06-02T23:00:00+0200,https://ec.europa.eu/eurostat/api/dissemination/statistics/1.0/data/env_air_gge?geo=MT&geo=EU27_2020&unit=MIO_T&airpol=GHG&src_crf=TOTX4_MEMO&src_crf=TOTXMEMO&src_crf=CRF1D1&src_crf=CRF1A1&src_crf=CRF1A3&src_crf=CRF1A4&src_crf=CRF2F&src_crf=CRF3&src_crf=CRF5&sinceTimePeriod=2005
env_air_gge,MT,CRF5,2022,0.18319,Mt CO2e,2026-06-02T23:00:00+0200,https://ec.europa.eu/eurostat/api/dissemination/statistics/1.0/data/env_air_gge?geo=MT&geo=EU27_2020&unit=MIO_T&airpol=GHG&src_crf=TOTX4_MEMO&src_crf=TOTXMEMO&src_crf=CRF1D1&src_crf=CRF1A1&src_crf=CRF1A3&src_crf=CRF1A4&src_crf=CRF2F&src_crf=CRF3&src_crf=CRF5&sinceTimePeriod=2005
env_air_gge,MT,CRF5,2023,0.18085,Mt CO2e,2026-06-02T23:00:00+0200,https://ec.europa.eu/eurostat/api/dissemination/statistics/1.0/data/env_air_gge?geo=MT&geo=EU27_2020&unit=MIO_T&airpol=GHG&src_crf=TOTX4_MEMO&src_crf=TOTXMEMO&src_crf=CRF1D1&src_crf=CRF1A1&src_crf=CRF1A3&src_crf=CRF1A4&src_crf=CRF2F&src_crf=CRF3&src_crf=CRF5&sinceTimePeriod=2005
env_air_gge,MT,CRF5,2024,0.18743,Mt CO2e,2026-06-02T23:00:00+0200,https://ec.europa.eu/eurostat/api/dissemination/statistics/1.0/data/env_air_gge?geo=MT&geo=EU27_2020&unit=MIO_T&airpol=GHG&src_crf=TOTX4_MEMO&src_crf=TOTXMEMO&src_crf=CRF1D1&src_crf=CRF1A1&src_crf=CRF1A3&src_crf=CRF1A4&src_crf=CRF2F&src_crf=CRF3&src_crf=CRF5&sinceTimePeriod=2005
env_air_gge,MT,TOTX4_MEMO,2005,2.98742,Mt CO2e,2026-06-02T23:00:00+0200,https://ec.europa.eu/eurostat/api/dissemination/statistics/1.0/data/env_air_gge?geo=MT&geo=EU27_2020&unit=MIO_T&airpol=GHG&src_crf=TOTX4_MEMO&src_crf=TOTXMEMO&src_crf=CRF1D1&src_crf=CRF1A1&src_crf=CRF1A3&src_crf=CRF1A4&src_crf=CRF2F&src_crf=CRF3&src_crf=CRF5&sinceTimePeriod=2005
env_air_gge,MT,TOTX4_MEMO,2006,3.03351,Mt CO2e,2026-06-02T23:00:00+0200,https://ec.europa.eu/eurostat/api/dissemination/statistics/1.0/data/env_air_gge?geo=MT&geo=EU27_2020&unit=MIO_T&airpol=GHG&src_crf=TOTX4_MEMO&src_crf=TOTXMEMO&src_crf=CRF1D1&src_crf=CRF1A1&src_crf=CRF1A3&src_crf=CRF1A4&src_crf=CRF2F&src_crf=CRF3&src_crf=CRF5&sinceTimePeriod=2005
env_air_gge,MT,TOTX4_MEMO,2007,3.1246,Mt CO2e,2026-06-02T23:00:00+0200,https://ec.europa.eu/eurostat/api/dissemination/statistics/1.0/data/env_air_gge?geo=MT&geo=EU27_2020&unit=MIO_T&airpol=GHG&src_crf=TOTX4_MEMO&src_crf=TOTXMEMO&src_crf=CRF1D1&src_crf=CRF1A1&src_crf=CRF1A3&src_crf=CRF1A4&src_crf=CRF2F&src_crf=CRF3&src_crf=CRF5&sinceTimePeriod=2005
env_air_gge,MT,TOTX4_MEMO,2008,3.03675,Mt CO2e,2026-06-02T23:00:00+0200,https://ec.europa.eu/eurostat/api/dissemination/statistics/1.0/data/env_air_gge?geo=MT&geo=EU27_2020&unit=MIO_T&airpol=GHG&src_crf=TOTX4_MEMO&src_crf=TOTXMEMO&src_crf=CRF1D1&src_crf=CRF1A1&src_crf=CRF1A3&src_crf=CRF1A4&src_crf=CRF2F&src_crf=CRF3&src_crf=CRF5&sinceTimePeriod=2005
env_air_gge,MT,TOTX4_MEMO,2009,2.90324,Mt CO2e,2026-06-02T23:00:00+0200,https://ec.europa.eu/eurostat/api/dissemination/statistics/1.0/data/env_air_gge?geo=MT&geo=EU27_2020&unit=MIO_T&airpol=GHG&src_crf=TOTX4_MEMO&src_crf=TOTXMEMO&src_crf=CRF1D1&src_crf=CRF1A1&src_crf=CRF1A3&src_crf=CRF1A4&src_crf=CRF2F&src_crf=CRF3&src_crf=CRF5&sinceTimePeriod=2005
env_air_gge,MT,TOTX4_MEMO,2010,2.95933,Mt CO2e,2026-06-02T23:00:00+0200,https://ec.europa.eu/eurostat/api/dissemination/statistics/1.0/data/env_air_gge?geo=MT&geo=EU27_2020&unit=MIO_T&airpol=GHG&src_crf=TOTX4_MEMO&src_crf=TOTXMEMO&src_crf=CRF1D1&src_crf=CRF1A1&src_crf=CRF1A3&src_crf=CRF1A4&src_crf=CRF2F&src_crf=CRF3&src_crf=CRF5&sinceTimePeriod=2005
env_air_gge,MT,TOTX4_MEMO,2011,2.96442,Mt CO2e,2026-06-02T23:00:00+0200,https://ec.europa.eu/eurostat/api/dissemination/statistics/1.0/data/env_air_gge?geo=MT&geo=EU27_2020&unit=MIO_T&airpol=GHG&src_crf=TOTX4_MEMO&src_crf=TOTXMEMO&src_crf=CRF1D1&src_crf=CRF1A1&src_crf=CRF1A3&src_crf=CRF1A4&src_crf=CRF2F&src_crf=CRF3&src_crf=CRF5&sinceTimePeriod=2005
env_air_gge,MT,TOTX4_MEMO,2012,3.1349,Mt CO2e,2026-06-02T23:00:00+0200,https://ec.europa.eu/eurostat/api/dissemination/statistics/1.0/data/env_air_gge?geo=MT&geo=EU27_2020&unit=MIO_T&airpol=GHG&src_crf=TOTX4_MEMO&src_crf=TOTXMEMO&src_crf=CRF1D1&src_crf=CRF1A1&src_crf=CRF1A3&src_crf=CRF1A4&src_crf=CRF2F&src_crf=CRF3&src_crf=CRF5&sinceTimePeriod=2005
env_air_gge,MT,TOTX4_MEMO,2013,2.82583,Mt CO2e,2026-06-02T23:00:00+0200,https://ec.europa.eu/eurostat/api/dissemination/statistics/1.0/data/env_air_gge?geo=MT&geo=EU27_2020&unit=MIO_T&airpol=GHG&src_crf=TOTX4_MEMO&src_crf=TOTXMEMO&src_crf=CRF1D1&src_crf=CRF1A1&src_crf=CRF1A3&src_crf=CRF1A4&src_crf=CRF2F&src_crf=CRF3&src_crf=CRF5&sinceTimePeriod=2005
env_air_gge,MT,TOTX4_MEMO,2014,2.83587,Mt CO2e,2026-06-02T23:00:00+0200,https://ec.europa.eu/eurostat/api/dissemination/statistics/1.0/data/env_air_gge?geo=MT&geo=EU27_2020&unit=MIO_T&airpol=GHG&src_crf=TOTX4_MEMO&src_crf=TOTXMEMO&src_crf=CRF1D1&src_crf=CRF1A1&src_crf=CRF1A3&src_crf=CRF1A4&src_crf=CRF2F&src_crf=CRF3&src_crf=CRF5&sinceTimePeriod=2005
env_air_gge,MT,TOTX4_MEMO,2015,2.13558,Mt CO2e,2026-06-02T23:00:00+0200,https://ec.europa.eu/eurostat/api/dissemination/statistics/1.0/data/env_air_gge?geo=MT&geo=EU27_2020&unit=MIO_T&airpol=GHG&src_crf=TOTX4_MEMO&src_crf=TOTXMEMO&src_crf=CRF1D1&src_crf=CRF1A1&src_crf=CRF1A3&src_crf=CRF1A4&src_crf=CRF2F&src_crf=CRF3&src_crf=CRF5&sinceTimePeriod=2005
env_air_gge,MT,TOTX4_MEMO,2016,1.83974,Mt CO2e,2026-06-02T23:00:00+0200,https://ec.europa.eu/eurostat/api/dissemination/statistics/1.0/data/env_air_gge?geo=MT&geo=EU27_2020&unit=MIO_T&airpol=GHG&src_crf=TOTX4_MEMO&src_crf=TOTXMEMO&src_crf=CRF1D1&src_crf=CRF1A1&src_crf=CRF1A3&src_crf=CRF1A4&src_crf=CRF2F&src_crf=CRF3&src_crf=CRF5&sinceTimePeriod=2005
env_air_gge,MT,TOTX4_MEMO,2017,2.00413,Mt CO2e,2026-06-02T23:00:00+0200,https://ec.europa.eu/eurostat/api/dissemination/statistics/1.0/data/env_air_gge?geo=MT&geo=EU27_2020&unit=MIO_T&airpol=GHG&src_crf=TOTX4_MEMO&src_crf=TOTXMEMO&src_crf=CRF1D1&src_crf=CRF1A1&src_crf=CRF1A3&src_crf=CRF1A4&src_crf=CRF2F&src_crf=CRF3&src_crf=CRF5&sinceTimePeriod=2005
env_air_gge,MT,TOTX4_MEMO,2018,2.0084,Mt CO2e,2026-06-02T23:00:00+0200,https://ec.europa.eu/eurostat/api/dissemination/statistics/1.0/data/env_air_gge?geo=MT&geo=EU27_2020&unit=MIO_T&airpol=GHG&src_crf=TOTX4_MEMO&src_crf=TOTXMEMO&src_crf=CRF1D1&src_crf=CRF1A1&src_crf=CRF1A3&src_crf=CRF1A4&src_crf=CRF2F&src_crf=CRF3&src_crf=CRF5&sinceTimePeriod=2005
env_air_gge,MT,TOTX4_MEMO,2019,2.11756,Mt CO2e,2026-06-02T23:00:00+0200,https://ec.europa.eu/eurostat/api/dissemination/statistics/1.0/data/env_air_gge?geo=MT&geo=EU27_2020&unit=MIO_T&airpol=GHG&src_crf=TOTX4_MEMO&src_crf=TOTXMEMO&src_crf=CRF1D1&src_crf=CRF1A1&src_crf=CRF1A3&src_crf=CRF1A4&src_crf=CRF2F&src_crf=CRF3&src_crf=CRF5&sinceTimePeriod=2005
env_air_gge,MT,TOTX4_MEMO,2020,2.08002,Mt CO2e,2026-06-02T23:00:00+0200,https://ec.europa.eu/eurostat/api/dissemination/statistics/1.0/data/env_air_gge?geo=MT&geo=EU27_2020&unit=MIO_T&airpol=GHG&src_crf=TOTX4_MEMO&src_crf=TOTXMEMO&src_crf=CRF1D1&src_crf=CRF1A1&src_crf=CRF1A3&src_crf=CRF1A4&src_crf=CRF2F&src_crf=CRF3&src_crf=CRF5&sinceTimePeriod=2005
env_air_gge,MT,TOTX4_MEMO,2021,2.09458,Mt CO2e,2026-06-02T23:00:00+0200,https://ec.europa.eu/eurostat/api/dissemination/statistics/1.0/data/env_air_gge?geo=MT&geo=EU27_2020&unit=MIO_T&airpol=GHG&src_crf=TOTX4_MEMO&src_crf=TOTXMEMO&src_crf=CRF1D1&src_crf=CRF1A1&src_crf=CRF1A3&src_crf=CRF1A4&src_crf=CRF2F&src_crf=CRF3&src_crf=CRF5&sinceTimePeriod=2005
env_air_gge,MT,TOTX4_MEMO,2022,2.25579,Mt CO2e,2026-06-02T23:00:00+0200,https://ec.europa.eu/eurostat/api/dissemination/statistics/1.0/data/env_air_gge?geo=MT&geo=EU27_2020&unit=MIO_T&airpol=GHG&src_crf=TOTX4_MEMO&src_crf=TOTXMEMO&src_crf=CRF1D1&src_crf=CRF1A1&src_crf=CRF1A3&src_crf=CRF1A4&src_crf=CRF2F&src_crf=CRF3&src_crf=CRF5&sinceTimePeriod=2005
env_air_gge,MT,TOTX4_MEMO,2023,2.20734,Mt CO2e,2026-06-02T23:00:00+0200,https://ec.europa.eu/eurostat/api/dissemination/statistics/1.0/data/env_air_gge?geo=MT&geo=EU27_2020&unit=MIO_T&airpol=GHG&src_crf=TOTX4_MEMO&src_crf=TOTXMEMO&src_crf=CRF1D1&src_crf=CRF1A1&src_crf=CRF1A3&src_crf=CRF1A4&src_crf=CRF2F&src_crf=CRF3&src_crf=CRF5&sinceTimePeriod=2005
env_air_gge,MT,TOTX4_MEMO,2024,2.17021,Mt CO2e,2026-06-02T23:00:00+0200,https://ec.europa.eu/eurostat/api/dissemination/statistics/1.0/data/env_air_gge?geo=MT&geo=EU27_2020&unit=MIO_T&airpol=GHG&src_crf=TOTX4_MEMO&src_crf=TOTXMEMO&src_crf=CRF1D1&src_crf=CRF1A1&src_crf=CRF1A3&src_crf=CRF1A4&src_crf=CRF2F&src_crf=CRF3&src_crf=CRF5&sinceTimePeriod=2005
env_air_gge,MT,TOTXMEMO,2005,2.98617,Mt CO2e,2026-06-02T23:00:00+0200,https://ec.europa.eu/eurostat/api/dissemination/statistics/1.0/data/env_air_gge?geo=MT&geo=EU27_2020&unit=MIO_T&airpol=GHG&src_crf=TOTX4_MEMO&src_crf=TOTXMEMO&src_crf=CRF1D1&src_crf=CRF1A1&src_crf=CRF1A3&src_crf=CRF1A4&src_crf=CRF2F&src_crf=CRF3&src_crf=CRF5&sinceTimePeriod=2005
env_air_gge,MT,TOTXMEMO,2006,3.03254,Mt CO2e,2026-06-02T23:00:00+0200,https://ec.europa.eu/eurostat/api/dissemination/statistics/1.0/data/env_air_gge?geo=MT&geo=EU27_2020&unit=MIO_T&airpol=GHG&src_crf=TOTX4_MEMO&src_crf=TOTXMEMO&src_crf=CRF1D1&src_crf=CRF1A1&src_crf=CRF1A3&src_crf=CRF1A4&src_crf=CRF2F&src_crf=CRF3&src_crf=CRF5&sinceTimePeriod=2005
env_air_gge,MT,TOTXMEMO,2007,3.12539,Mt CO2e,2026-06-02T23:00:00+0200,https://ec.europa.eu/eurostat/api/dissemination/statistics/1.0/data/env_air_gge?geo=MT&geo=EU27_2020&unit=MIO_T&airpol=GHG&src_crf=TOTX4_MEMO&src_crf=TOTXMEMO&src_crf=CRF1D1&src_crf=CRF1A1&src_crf=CRF1A3&src_crf=CRF1A4&src_crf=CRF2F&src_crf=CRF3&src_crf=CRF5&sinceTimePeriod=2005
env_air_gge,MT,TOTXMEMO,2008,3.05256,Mt CO2e,2026-06-02T23:00:00+0200,https://ec.europa.eu/eurostat/api/dissemination/statistics/1.0/data/env_air_gge?geo=MT&geo=EU27_2020&unit=MIO_T&airpol=GHG&src_crf=TOTX4_MEMO&src_crf=TOTXMEMO&src_crf=CRF1D1&src_crf=CRF1A1&src_crf=CRF1A3&src_crf=CRF1A4&src_crf=CRF2F&src_crf=CRF3&src_crf=CRF5&sinceTimePeriod=2005
env_air_gge,MT,TOTXMEMO,2009,2.92076,Mt CO2e,2026-06-02T23:00:00+0200,https://ec.europa.eu/eurostat/api/dissemination/statistics/1.0/data/env_air_gge?geo=MT&geo=EU27_2020&unit=MIO_T&airpol=GHG&src_crf=TOTX4_MEMO&src_crf=TOTXMEMO&src_crf=CRF1D1&src_crf=CRF1A1&src_crf=CRF1A3&src_crf=CRF1A4&src_crf=CRF2F&src_crf=CRF3&src_crf=CRF5&sinceTimePeriod=2005
env_air_gge,MT,TOTXMEMO,2010,2.97844,Mt CO2e,2026-06-02T23:00:00+0200,https://ec.europa.eu/eurostat/api/dissemination/statistics/1.0/data/env_air_gge?geo=MT&geo=EU27_2020&unit=MIO_T&airpol=GHG&src_crf=TOTX4_MEMO&src_crf=TOTXMEMO&src_crf=CRF1D1&src_crf=CRF1A1&src_crf=CRF1A3&src_crf=CRF1A4&src_crf=CRF2F&src_crf=CRF3&src_crf=CRF5&sinceTimePeriod=2005
env_air_gge,MT,TOTXMEMO,2011,2.97043,Mt CO2e,2026-06-02T23:00:00+0200,https://ec.europa.eu/eurostat/api/dissemination/statistics/1.0/data/env_air_gge?geo=MT&geo=EU27_2020&unit=MIO_T&airpol=GHG&src_crf=TOTX4_MEMO&src_crf=TOTXMEMO&src_crf=CRF1D1&src_crf=CRF1A1&src_crf=CRF1A3&src_crf=CRF1A4&src_crf=CRF2F&src_crf=CRF3&src_crf=CRF5&sinceTimePeriod=2005
env_air_gge,MT,TOTXMEMO,2012,3.14113,Mt CO2e,2026-06-02T23:00:00+0200,https://ec.europa.eu/eurostat/api/dissemination/statistics/1.0/data/env_air_gge?geo=MT&geo=EU27_2020&unit=MIO_T&airpol=GHG&src_crf=TOTX4_MEMO&src_crf=TOTXMEMO&src_crf=CRF1D1&src_crf=CRF1A1&src_crf=CRF1A3&src_crf=CRF1A4&src_crf=CRF2F&src_crf=CRF3&src_crf=CRF5&sinceTimePeriod=2005
env_air_gge,MT,TOTXMEMO,2013,2.83216,Mt CO2e,2026-06-02T23:00:00+0200,https://ec.europa.eu/eurostat/api/dissemination/statistics/1.0/data/env_air_gge?geo=MT&geo=EU27_2020&unit=MIO_T&airpol=GHG&src_crf=TOTX4_MEMO&src_crf=TOTXMEMO&src_crf=CRF1D1&src_crf=CRF1A1&src_crf=CRF1A3&src_crf=CRF1A4&src_crf=CRF2F&src_crf=CRF3&src_crf=CRF5&sinceTimePeriod=2005
env_air_gge,MT,TOTXMEMO,2014,2.84295,Mt CO2e,2026-06-02T23:00:00+0200,https://ec.europa.eu/eurostat/api/dissemination/statistics/1.0/data/env_air_gge?geo=MT&geo=EU27_2020&unit=MIO_T&airpol=GHG&src_crf=TOTX4_MEMO&src_crf=TOTXMEMO&src_crf=CRF1D1&src_crf=CRF1A1&src_crf=CRF1A3&src_crf=CRF1A4&src_crf=CRF2F&src_crf=CRF3&src_crf=CRF5&sinceTimePeriod=2005
env_air_gge,MT,TOTXMEMO,2015,2.143,Mt CO2e,2026-06-02T23:00:00+0200,https://ec.europa.eu/eurostat/api/dissemination/statistics/1.0/data/env_air_gge?geo=MT&geo=EU27_2020&unit=MIO_T&airpol=GHG&src_crf=TOTX4_MEMO&src_crf=TOTXMEMO&src_crf=CRF1D1&src_crf=CRF1A1&src_crf=CRF1A3&src_crf=CRF1A4&src_crf=CRF2F&src_crf=CRF3&src_crf=CRF5&sinceTimePeriod=2005
env_air_gge,MT,TOTXMEMO,2016,1.84703,Mt CO2e,2026-06-02T23:00:00+0200,https://ec.europa.eu/eurostat/api/dissemination/statistics/1.0/data/env_air_gge?geo=MT&geo=EU27_2020&unit=MIO_T&airpol=GHG&src_crf=TOTX4_MEMO&src_crf=TOTXMEMO&src_crf=CRF1D1&src_crf=CRF1A1&src_crf=CRF1A3&src_crf=CRF1A4&src_crf=CRF2F&src_crf=CRF3&src_crf=CRF5&sinceTimePeriod=2005
env_air_gge,MT,TOTXMEMO,2017,2.01188,Mt CO2e,2026-06-02T23:00:00+0200,https://ec.europa.eu/eurostat/api/dissemination/statistics/1.0/data/env_air_gge?geo=MT&geo=EU27_2020&unit=MIO_T&airpol=GHG&src_crf=TOTX4_MEMO&src_crf=TOTXMEMO&src_crf=CRF1D1&src_crf=CRF1A1&src_crf=CRF1A3&src_crf=CRF1A4&src_crf=CRF2F&src_crf=CRF3&src_crf=CRF5&sinceTimePeriod=2005
env_air_gge,MT,TOTXMEMO,2018,2.01468,Mt CO2e,2026-06-02T23:00:00+0200,https://ec.europa.eu/eurostat/api/dissemination/statistics/1.0/data/env_air_gge?geo=MT&geo=EU27_2020&unit=MIO_T&airpol=GHG&src_crf=TOTX4_MEMO&src_crf=TOTXMEMO&src_crf=CRF1D1&src_crf=CRF1A1&src_crf=CRF1A3&src_crf=CRF1A4&src_crf=CRF2F&src_crf=CRF3&src_crf=CRF5&sinceTimePeriod=2005
env_air_gge,MT,TOTXMEMO,2019,2.12019,Mt CO2e,2026-06-02T23:00:00+0200,https://ec.europa.eu/eurostat/api/dissemination/statistics/1.0/data/env_air_gge?geo=MT&geo=EU27_2020&unit=MIO_T&airpol=GHG&src_crf=TOTX4_MEMO&src_crf=TOTXMEMO&src_crf=CRF1D1&src_crf=CRF1A1&src_crf=CRF1A3&src_crf=CRF1A4&src_crf=CRF2F&src_crf=CRF3&src_crf=CRF5&sinceTimePeriod=2005
env_air_gge,MT,TOTXMEMO,2020,2.08204,Mt CO2e,2026-06-02T23:00:00+0200,https://ec.europa.eu/eurostat/api/dissemination/statistics/1.0/data/env_air_gge?geo=MT&geo=EU27_2020&unit=MIO_T&airpol=GHG&src_crf=TOTX4_MEMO&src_crf=TOTXMEMO&src_crf=CRF1D1&src_crf=CRF1A1&src_crf=CRF1A3&src_crf=CRF1A4&src_crf=CRF2F&src_crf=CRF3&src_crf=CRF5&sinceTimePeriod=2005
env_air_gge,MT,TOTXMEMO,2021,2.09644,Mt CO2e,2026-06-02T23:00:00+0200,https://ec.europa.eu/eurostat/api/dissemination/statistics/1.0/data/env_air_gge?geo=MT&geo=EU27_2020&unit=MIO_T&airpol=GHG&src_crf=TOTX4_MEMO&src_crf=TOTXMEMO&src_crf=CRF1D1&src_crf=CRF1A1&src_crf=CRF1A3&src_crf=CRF1A4&src_crf=CRF2F&src_crf=CRF3&src_crf=CRF5&sinceTimePeriod=2005
env_air_gge,MT,TOTXMEMO,2022,2.25467,Mt CO2e,2026-06-02T23:00:00+0200,https://ec.europa.eu/eurostat/api/dissemination/statistics/1.0/data/env_air_gge?geo=MT&geo=EU27_2020&unit=MIO_T&airpol=GHG&src_crf=TOTX4_MEMO&src_crf=TOTXMEMO&src_crf=CRF1D1&src_crf=CRF1A1&src_crf=CRF1A3&src_crf=CRF1A4&src_crf=CRF2F&src_crf=CRF3&src_crf=CRF5&sinceTimePeriod=2005
env_air_gge,MT,TOTXMEMO,2023,2.20477,Mt CO2e,2026-06-02T23:00:00+0200,https://ec.europa.eu/eurostat/api/dissemination/statistics/1.0/data/env_air_gge?geo=MT&geo=EU27_2020&unit=MIO_T&airpol=GHG&src_crf=TOTX4_MEMO&src_crf=TOTXMEMO&src_crf=CRF1D1&src_crf=CRF1A1&src_crf=CRF1A3&src_crf=CRF1A4&src_crf=CRF2F&src_crf=CRF3&src_crf=CRF5&sinceTimePeriod=2005
env_air_gge,MT,TOTXMEMO,2024,2.1716,Mt CO2e,2026-06-02T23:00:00+0200,https://ec.europa.eu/eurostat/api/dissemination/statistics/1.0/data/env_air_gge?geo=MT&geo=EU27_2020&unit=MIO_T&airpol=GHG&src_crf=TOTX4_MEMO&src_crf=TOTXMEMO&src_crf=CRF1D1&src_crf=CRF1A1&src_crf=CRF1A3&src_crf=CRF1A4&src_crf=CRF2F&src_crf=CRF3&src_crf=CRF5&sinceTimePeriod=2005
nama_10_pe,EU27_2020,POP_NC,2005,434266.27,thousand persons,2026-10-01T23:00:00+0200,https://ec.europa.eu/eurostat/api/dissemination/statistics/1.0/data/nama_10_pe?geo=MT&geo=EU27_2020&unit=THS_PER&na_item=POP_NC&sinceTimePeriod=2005
nama_10_pe,EU27_2020,POP_NC,2006,435631.55,thousand persons,2026-10-01T23:00:00+0200,https://ec.europa.eu/eurostat/api/dissemination/statistics/1.0/data/nama_10_pe?geo=MT&geo=EU27_2020&unit=THS_PER&na_item=POP_NC&sinceTimePeriod=2005
nama_10_pe,EU27_2020,POP_NC,2007,437144.07,thousand persons,2026-10-01T23:00:00+0200,https://ec.europa.eu/eurostat/api/dissemination/statistics/1.0/data/nama_10_pe?geo=MT&geo=EU27_2020&unit=THS_PER&na_item=POP_NC&sinceTimePeriod=2005
nama_10_pe,EU27_2020,POP_NC,2008,438596.7,thousand persons,2026-10-01T23:00:00+0200,https://ec.europa.eu/eurostat/api/dissemination/statistics/1.0/data/nama_10_pe?geo=MT&geo=EU27_2020&unit=THS_PER&na_item=POP_NC&sinceTimePeriod=2005
nama_10_pe,EU27_2020,POP_NC,2009,439632.75,thousand persons,2026-10-01T23:00:00+0200,https://ec.europa.eu/eurostat/api/dissemination/statistics/1.0/data/nama_10_pe?geo=MT&geo=EU27_2020&unit=THS_PER&na_item=POP_NC&sinceTimePeriod=2005
nama_10_pe,EU27_2020,POP_NC,2010,440222.88,thousand persons,2026-10-01T23:00:00+0200,https://ec.europa.eu/eurostat/api/dissemination/statistics/1.0/data/nama_10_pe?geo=MT&geo=EU27_2020&unit=THS_PER&na_item=POP_NC&sinceTimePeriod=2005
nama_10_pe,EU27_2020,POP_NC,2011,440830.85,thousand persons,2026-10-01T23:00:00+0200,https://ec.europa.eu/eurostat/api/dissemination/statistics/1.0/data/nama_10_pe?geo=MT&geo=EU27_2020&unit=THS_PER&na_item=POP_NC&sinceTimePeriod=2005
nama_10_pe,EU27_2020,POP_NC,2012,441359.3,thousand persons,2026-10-01T23:00:00+0200,https://ec.europa.eu/eurostat/api/dissemination/statistics/1.0/data/nama_10_pe?geo=MT&geo=EU27_2020&unit=THS_PER&na_item=POP_NC&sinceTimePeriod=2005
nama_10_pe,EU27_2020,POP_NC,2013,441628.0,thousand persons,2026-10-01T23:00:00+0200,https://ec.europa.eu/eurostat/api/dissemination/statistics/1.0/data/nama_10_pe?geo=MT&geo=EU27_2020&unit=THS_PER&na_item=POP_NC&sinceTimePeriod=2005
nama_10_pe,EU27_2020,POP_NC,2014,442026.12,thousand persons,2026-10-01T23:00:00+0200,https://ec.europa.eu/eurostat/api/dissemination/statistics/1.0/data/nama_10_pe?geo=MT&geo=EU27_2020&unit=THS_PER&na_item=POP_NC&sinceTimePeriod=2005
nama_10_pe,EU27_2020,POP_NC,2015,442784.95,thousand persons,2026-10-01T23:00:00+0200,https://ec.europa.eu/eurostat/api/dissemination/statistics/1.0/data/nama_10_pe?geo=MT&geo=EU27_2020&unit=THS_PER&na_item=POP_NC&sinceTimePeriod=2005
nama_10_pe,EU27_2020,POP_NC,2016,443580.68,thousand persons,2026-10-01T23:00:00+0200,https://ec.europa.eu/eurostat/api/dissemination/statistics/1.0/data/nama_10_pe?geo=MT&geo=EU27_2020&unit=THS_PER&na_item=POP_NC&sinceTimePeriod=2005
nama_10_pe,EU27_2020,POP_NC,2017,444116.11,thousand persons,2026-10-01T23:00:00+0200,https://ec.europa.eu/eurostat/api/dissemination/statistics/1.0/data/nama_10_pe?geo=MT&geo=EU27_2020&unit=THS_PER&na_item=POP_NC&sinceTimePeriod=2005
nama_10_pe,EU27_2020,POP_NC,2018,444762.63,thousand persons,2026-10-01T23:00:00+0200,https://ec.europa.eu/eurostat/api/dissemination/statistics/1.0/data/nama_10_pe?geo=MT&geo=EU27_2020&unit=THS_PER&na_item=POP_NC&sinceTimePeriod=2005
nama_10_pe,EU27_2020,POP_NC,2019,445558.27,thousand persons,2026-10-01T23:00:00+0200,https://ec.europa.eu/eurostat/api/dissemination/statistics/1.0/data/nama_10_pe?geo=MT&geo=EU27_2020&unit=THS_PER&na_item=POP_NC&sinceTimePeriod=2005
nama_10_pe,EU27_2020,POP_NC,2020,445108.84,thousand persons,2026-10-01T23:00:00+0200,https://ec.europa.eu/eurostat/api/dissemination/statistics/1.0/data/nama_10_pe?geo=MT&geo=EU27_2020&unit=THS_PER&na_item=POP_NC&sinceTimePeriod=2005
nama_10_pe,EU27_2020,POP_NC,2021,444734.68,thousand persons,2026-10-01T23:00:00+0200,https://ec.europa.eu/eurostat/api/dissemination/statistics/1.0/data/nama_10_pe?geo=MT&geo=EU27_2020&unit=THS_PER&na_item=POP_NC&sinceTimePeriod=2005
nama_10_pe,EU27_2020,POP_NC,2022,447540.46,thousand persons,2026-10-01T23:00:00+0200,https://ec.europa.eu/eurostat/api/dissemination/statistics/1.0/data/nama_10_pe?geo=MT&geo=EU27_2020&unit=THS_PER&na_item=POP_NC&sinceTimePeriod=2005
nama_10_pe,EU27_2020,POP_NC,2023,449857.84,thousand persons,2026-10-01T23:00:00+0200,https://ec.europa.eu/eurostat/api/dissemination/statistics/1.0/data/nama_10_pe?geo=MT&geo=EU27_2020&unit=THS_PER&na_item=POP_NC&sinceTimePeriod=2005
nama_10_pe,EU27_2020,POP_NC,2024,451249.4,thousand persons,2026-10-01T23:00:00+0200,https://ec.europa.eu/eurostat/api/dissemination/statistics/1.0/data/nama_10_pe?geo=MT&geo=EU27_2020&unit=THS_PER&na_item=POP_NC&sinceTimePeriod=2005
nama_10_pe,EU27_2020,POP_NC,2025,452199.06,thousand persons,2026-10-01T23:00:00+0200,https://ec.europa.eu/eurostat/api/dissemination/statistics/1.0/data/nama_10_pe?geo=MT&geo=EU27_2020&unit=THS_PER&na_item=POP_NC&sinceTimePeriod=2005
nama_10_pe,MT,POP_NC,2005,403.94,thousand persons,2026-10-01T23:00:00+0200,https://ec.europa.eu/eurostat/api/dissemination/statistics/1.0/data/nama_10_pe?geo=MT&geo=EU27_2020&unit=THS_PER&na_item=POP_NC&sinceTimePeriod=2005
nama_10_pe,MT,POP_NC,2006,405.35,thousand persons,2026-10-01T23:00:00+0200,https://ec.europa.eu/eurostat/api/dissemination/statistics/1.0/data/nama_10_pe?geo=MT&geo=EU27_2020&unit=THS_PER&na_item=POP_NC&sinceTimePeriod=2005
nama_10_pe,MT,POP_NC,2007,406.83,thousand persons,2026-10-01T23:00:00+0200,https://ec.europa.eu/eurostat/api/dissemination/statistics/1.0/data/nama_10_pe?geo=MT&geo=EU27_2020&unit=THS_PER&na_item=POP_NC&sinceTimePeriod=2005
nama_10_pe,MT,POP_NC,2008,409.51,thousand persons,2026-10-01T23:00:00+0200,https://ec.europa.eu/eurostat/api/dissemination/statistics/1.0/data/nama_10_pe?geo=MT&geo=EU27_2020&unit=THS_PER&na_item=POP_NC&sinceTimePeriod=2005
nama_10_pe,MT,POP_NC,2009,412.61,thousand persons,2026-10-01T23:00:00+0200,https://ec.europa.eu/eurostat/api/dissemination/statistics/1.0/data/nama_10_pe?geo=MT&geo=EU27_2020&unit=THS_PER&na_item=POP_NC&sinceTimePeriod=2005
nama_10_pe,MT,POP_NC,2010,414.57,thousand persons,2026-10-01T23:00:00+0200,https://ec.europa.eu/eurostat/api/dissemination/statistics/1.0/data/nama_10_pe?geo=MT&geo=EU27_2020&unit=THS_PER&na_item=POP_NC&sinceTimePeriod=2005
nama_10_pe,MT,POP_NC,2011,416.38,thousand persons,2026-10-01T23:00:00+0200,https://ec.europa.eu/eurostat/api/dissemination/statistics/1.0/data/nama_10_pe?geo=MT&geo=EU27_2020&unit=THS_PER&na_item=POP_NC&sinceTimePeriod=2005
nama_10_pe,MT,POP_NC,2012,419.76,thousand persons,2026-10-01T23:00:00+0200,https://ec.europa.eu/eurostat/api/dissemination/statistics/1.0/data/nama_10_pe?geo=MT&geo=EU27_2020&unit=THS_PER&na_item=POP_NC&sinceTimePeriod=2005
nama_10_pe,MT,POP_NC,2013,425.24,thousand persons,2026-10-01T23:00:00+0200,https://ec.europa.eu/eurostat/api/dissemination/statistics/1.0/data/nama_10_pe?geo=MT&geo=EU27_2020&unit=THS_PER&na_item=POP_NC&sinceTimePeriod=2005
nama_10_pe,MT,POP_NC,2014,433.9,thousand persons,2026-10-01T23:00:00+0200,https://ec.europa.eu/eurostat/api/dissemination/statistics/1.0/data/nama_10_pe?geo=MT&geo=EU27_2020&unit=THS_PER&na_item=POP_NC&sinceTimePeriod=2005
nama_10_pe,MT,POP_NC,2015,444.4,thousand persons,2026-10-01T23:00:00+0200,https://ec.europa.eu/eurostat/api/dissemination/statistics/1.0/data/nama_10_pe?geo=MT&geo=EU27_2020&unit=THS_PER&na_item=POP_NC&sinceTimePeriod=2005
nama_10_pe,MT,POP_NC,2016,454.58,thousand persons,2026-10-01T23:00:00+0200,https://ec.europa.eu/eurostat/api/dissemination/statistics/1.0/data/nama_10_pe?geo=MT&geo=EU27_2020&unit=THS_PER&na_item=POP_NC&sinceTimePeriod=2005
nama_10_pe,MT,POP_NC,2017,467.39,thousand persons,2026-10-01T23:00:00+0200,https://ec.europa.eu/eurostat/api/dissemination/statistics/1.0/data/nama_10_pe?geo=MT&geo=EU27_2020&unit=THS_PER&na_item=POP_NC&sinceTimePeriod=2005
nama_10_pe,MT,POP_NC,2018,484.38,thousand persons,2026-10-01T23:00:00+0200,https://ec.europa.eu/eurostat/api/dissemination/statistics/1.0/data/nama_10_pe?geo=MT&geo=EU27_2020&unit=THS_PER&na_item=POP_NC&sinceTimePeriod=2005
nama_10_pe,MT,POP_NC,2019,504.56,thousand persons,2026-10-01T23:00:00+0200,https://ec.europa.eu/eurostat/api/dissemination/statistics/1.0/data/nama_10_pe?geo=MT&geo=EU27_2020&unit=THS_PER&na_item=POP_NC&sinceTimePeriod=2005
nama_10_pe,MT,POP_NC,2020,515.35,thousand persons,2026-10-01T23:00:00+0200,https://ec.europa.eu/eurostat/api/dissemination/statistics/1.0/data/nama_10_pe?geo=MT&geo=EU27_2020&unit=THS_PER&na_item=POP_NC&sinceTimePeriod=2005
nama_10_pe,MT,POP_NC,2021,518.17,thousand persons,2026-10-01T23:00:00+0200,https://ec.europa.eu/eurostat/api/dissemination/statistics/1.0/data/nama_10_pe?geo=MT&geo=EU27_2020&unit=THS_PER&na_item=POP_NC&sinceTimePeriod=2005
nama_10_pe,MT,POP_NC,2022,532.0,thousand persons,2026-10-01T23:00:00+0200,https://ec.europa.eu/eurostat/api/dissemination/statistics/1.0/data/nama_10_pe?geo=MT&geo=EU27_2020&unit=THS_PER&na_item=POP_NC&sinceTimePeriod=2005
nama_10_pe,MT,POP_NC,2023,553.58,thousand persons,2026-10-01T23:00:00+0200,https://ec.europa.eu/eurostat/api/dissemination/statistics/1.0/data/nama_10_pe?geo=MT&geo=EU27_2020&unit=THS_PER&na_item=POP_NC&sinceTimePeriod=2005
nama_10_pe,MT,POP_NC,2024,569.25,thousand persons,2026-10-01T23:00:00+0200,https://ec.europa.eu/eurostat/api/dissemination/statistics/1.0/data/nama_10_pe?geo=MT&geo=EU27_2020&unit=THS_PER&na_item=POP_NC&sinceTimePeriod=2005
nama_10_pe,MT,POP_NC,2025,581.82,thousand persons,2026-10-01T23:00:00+0200,https://ec.europa.eu/eurostat/api/dissemination/statistics/1.0/data/nama_10_pe?geo=MT&geo=EU27_2020&unit=THS_PER&na_item=POP_NC&sinceTimePeriod=2005
