{"type": "FeatureCollection", "features": [{"type": "Feature", "properties": {"sitecode": "MT0000023", "layer": 0}, "geometry": {"type": "Polygon", "coordinates": [[[14.562997806112465, 35.85968694350026], [14.562469048753064, 35.8625887752973], [14.56199510120244, 35.86285936840237], [14.562010903466613, 35.86219516706507], [14.560916227241155, 35.86199267818409], [14.561358925098022, 35.86063044113205], [14.561255493076187, 35.859511938461154], [14.562797229377514, 35.85917483551471], [14.562997806112465, 35.85968694350026]]]}}, {"type": "Feature", "properties": {"sitecode": "MT0000035", "layer": 0}, "geometry": {"type": "Polygon", "coordinates": [[[14.516649331436252, 35.835348533483455], [14.517168017782991, 35.83563690035286], [14.51709333005365, 35.83615610066971], [14.516609707647381, 35.83609141374085], [14.51522200995944, 35.83689617687596], [14.51405165965446, 35.83706656155815], [14.514868688185125, 35.83545959334837], [14.516649331436252, 35.835348533483455]]]}}, {"type": "Feature", "properties": {"sitecode": "MT0000014", "layer": 0}, "geometry": {"type": "Polygon", "coordinates": [[[14.546028498343107, 35.83969965982465], [14.547377531642944, 35.83896089073416], [14.548699613687596, 35.83888184895515], [14.550947149121116, 35.8371671904788], [14.553864839434697, 35.83703202497881], [14.554864545768314, 35.83789181703917], [14.55430172249672, 35.83941494522836], [14.553953013571432, 35.839434024107206], [14.553490692017174, 35.84146222935196], [14.552868277204592, 35.84132695538434], [14.552481220996443, 35.84188052186836], [14.549651280814766, 35.84149874400629], [14.549664979224538, 35.84123981532622], [14.549017991895653, 35.84136611350855], [14.548764645425972, 35.84094149227298], [14.548400581597498, 35.84094562343861], [14.547825050757899, 35.83974312038532], [14.548224110254896, 35.83955640365667], [14.548103320985144, 35.83931364627409], [14.547649016894848, 35.83943714456926], [14.547483451099772, 35.83916897882442], [14.546028498343107, 35.83969965982465]]]}}, {"type": "Feature", "properties": {"sitecode": "MT0000018", "layer": 0}, "geometry": {"type": "Polygon", "coordinates": [[[14.411556637276131, 35.847075907939065], [14.412273016765736, 35.84843361582281], [14.410800907983802, 35.848918039331295], [14.410985386010534, 35.84956967797633], [14.410026089491685, 35.84958480354679], [14.41072330611964, 35.852161773306285], [14.412035769004275, 35.85349418874788], [14.411172393693127, 35.85383186920397], [14.410312163383784, 35.85353396775857], [14.409991558252159, 35.8539501113398], [14.410713531551059, 35.85450703504186], [14.410800344740121, 35.855141067076865], [14.413890537639364, 35.85637886375488], [14.40628131939768, 35.85729980016518], [14.407004830612344, 35.858312870134306], [14.407487529550494, 35.858491569055424], [14.407254149934634, 35.859588704927035], [14.405115475940505, 35.86179633985951], [14.406386757357533, 35.86295220470408], [14.407053754659364, 35.864055225893146], [14.40689457947921, 35.8647761138528], [14.406289474303833, 35.86474202613837], [14.406689466252084, 35.86548388415699], [14.406357473177586, 35.86887517328689], [14.405984733420114, 35.86974247469885], [14.40350288322452, 35.86898425638572], [14.400395789421488, 35.869498369834126], [14.398947313518025, 35.869380618237166], [14.398964727359795, 35.870388757753034], [14.3960632273826, 35.87041215462727], [14.395326218980781, 35.86936451952884], [14.39518357639514, 35.86725728429909], [14.396281480267401, 35.86473514875237], [14.397632288638205, 35.86319185464963], [14.396362984413118, 35.86285150948995], [14.396445291652709, 35.862499919369036], [14.396072412656354, 35.86208727076006], [14.39433154770433, 35.86105702236874], [14.394517383983809, 35.85933021535095], [14.393114456258507, 35.859324849648104], [14.393183754994464, 35.85860830445219], [14.392504181278635, 35.858334804997725], [14.393391080772139, 35.857203862234584], [14.392756411142456, 35.85703127981919], [14.393135077984144, 35.855349167322586], [14.39351696798112, 35.85501621933596], [14.39471750886615, 35.855218059841086], [14.395046544686737, 35.85440041990692], [14.398195933868278, 35.85396787032517], [14.399953503891355, 35.8538704736254], [14.401718077180343, 35.85425020569445], [14.403884930426623, 35.8542286148171], [14.404809815181927, 35.854622251686024], [14.40547871781047, 35.854467184438334], [14.406698488930797, 35.85368438355511], [14.404668441017453, 35.85175260952551], [14.40343374528698, 35.85143261278022], [14.401238385801774, 35.85011779220725], [14.400853759536473, 35.85031211268497], [14.400076290115955, 35.850057188376304], [14.398578066410368, 35.8508542147585], [14.398168961951892, 35.85034701118735], [14.399117631400944, 35.85019256977984], [14.399939315899735, 35.84943894321005], [14.401551604086833, 35.849655753086466], [14.402290885226343, 35.85014448548895], [14.402432414799346, 35.849184458075094], [14.40312585401154, 35.848515717218234], [14.406188650989604, 35.848845847648136], [14.407657507870244, 35.847942754684446], [14.408354199882096, 35.84670592510282], [14.409448017318129, 35.845784646461844], [14.411271118542839, 35.84571453813778], [14.411556637276131, 35.847075907939065]]]}}, {"type": "Feature", "properties": {"sitecode": "MT0000016", "layer": 0}, "geometry": {"type": "MultiPolygon", "coordinates": [[[[14.408471622266157, 35.7864849611783], [14.408436681394855, 35.78641033052983], [14.408547126564098, 35.7864173648216], [14.408471622266157, 35.7864849611783]]], [[[14.408576130469683, 35.78635729167307], [14.40850445928306, 35.78628942193899], [14.40862570310031, 35.78625495290064], [14.408576130469683, 35.78635729167307]]], [[[14.409639100657152, 35.78644616729948], [14.409592528399566, 35.78638960002465], [14.409671000731214, 35.786389263357954], [14.409639100657152, 35.78644616729948]]], [[[14.408987469936568, 35.7864911027877], [14.409053709909008, 35.786417600925425], [14.409038865248938, 35.786500009140696], [14.408987469936568, 35.7864911027877]]], [[[14.407370773716377, 35.78664360007957], [14.406449777767975, 35.78668989887835], [14.40662088616834, 35.786440776992166], [14.407608197547672, 35.7862000054289], [14.407370773716377, 35.78664360007957]]], [[[14.405741559472698, 35.787055084581674], [14.405730639552118, 35.78698976811581], [14.405777161504032, 35.78699162049742], [14.405741559472698, 35.787055084581674]]], [[[14.408032665892472, 35.787725329288314], [14.407974376908609, 35.78778462606284], [14.407955571576469, 35.78771196850696], [14.408032665892472, 35.787725329288314]]], [[[14.408283268907281, 35.78802727870356], [14.408271870184612, 35.78807553835774], [14.408254124864513, 35.78805688216864], [14.408283268907281, 35.78802727870356]]], [[[14.408638364854228, 35.78826565022777], [14.408652663338628, 35.788318453170305], [14.408588808393285, 35.7883038974235], [14.408638364854228, 35.78826565022777]]], [[[14.408347608044561, 35.78654844242757], [14.408268817709272, 35.78661629299388], [14.408205652670098, 35.78659488848194], [14.408347608044561, 35.78654844242757]]], [[[14.408366537344198, 35.7865551159935], [14.40850313786126, 35.78652937561368], [14.40842335848087, 35.78660749814712], [14.408366537344198, 35.7865551159935]]], [[[14.410053662380994, 35.788329751634215], [14.408163013236805, 35.787891022464976], [14.40809420228604, 35.78701882179121], [14.40839623115592, 35.78700525466614], [14.40853816497082, 35.78650602103774], [14.409648313778717, 35.78658223800687], [14.41094180244789, 35.78613525301687], [14.41214182590333, 35.78726430415635], [14.411809001887217, 35.78784139346669], [14.411609241720859, 35.78768365836297], [14.410053662380994, 35.788329751634215]]], [[[14.410157926242773, 35.78849441317389], [14.410112359199974, 35.78836339270086], [14.410216531433582, 35.78836750911427], [14.410157926242773, 35.78849441317389]]], [[[14.412023432440469, 35.78769208363777], [14.412098460631313, 35.7877258940336], [14.412026652900762, 35.78772563242898], [14.412023432440469, 35.78769208363777]]], [[[14.412489238559703, 35.78748144348418], [14.412515850251683, 35.78741144251495], [14.412557526690955, 35.78745166928754], [14.412489238559703, 35.78748144348418]]], [[[14.41233046672311, 35.78737069323922], [14.412362273372372, 35.787313788502146], [14.412350721037832, 35.787395852567414], [14.41233046672311, 35.78737069323922]]], [[[14.412504303306994, 35.78733142904787], [14.412496666728769, 35.78727802718061], [14.41252197496526, 35.787285903052904], [14.412504303306994, 35.78733142904787]]], [[[14.412245734930586, 35.78704378156428], [14.412185324126012, 35.78699517077396], [14.412207801771052, 35.78696607336725], [14.412245734930586, 35.78704378156428]]], [[[14.412161692145839, 35.786970266367625], [14.412167262598938, 35.78704402932564], [14.412123219997177, 35.787027768892855], [14.412161692145839, 35.786970266367625]]], [[[14.411815009819836, 35.78677827933721], [14.411867410346991, 35.78671273091316], [14.411830689014808, 35.78681738785749], [14.411815009819836, 35.78677827933721]]], [[[14.409936668493346, 35.78628275636662], [14.409873187247161, 35.78632895918502], [14.409868680399391, 35.78630910530462], [14.409936668493346, 35.78628275636662]]], [[[14.411439352334323, 35.78642001661753], [14.411377564412433, 35.78638500911478], [14.411417099268094, 35.7863815061775], [14.411439352334323, 35.78642001661753]]], [[[14.411805696985262, 35.786481753375], [14.41177502670486, 35.78639668970062], [14.41185212102086, 35.78641004705948], [14.411805696985262, 35.786481753375]]]]}}, {"type": "Feature", "properties": {"sitecode": "MT0000101", "layer": 0}, "geometry": {"type": "Polygon", "coordinates": [[[14.333452607711815, 35.89297554556019], [14.328975195028319, 35.89633720015882], [14.3289471711847, 35.8969185408829], [14.329610721650802, 35.89625511555541], [14.32983139729191, 35.896111941214855], [14.33000214906113, 35.89607061827519], [14.328593868275059, 35.898408755404866], [14.329338788139546, 35.89884604339539], [14.329005649713086, 35.89912695342867], [14.330891238647258, 35.900198790901285], [14.330476005881916, 35.9002783245695], [14.330498370339223, 35.90061728791675], [14.331028953973586, 35.900967917176054], [14.33094448808237, 35.90129790187397], [14.331613594628484, 35.90241026774917], [14.330081179246541, 35.904084023311384], [14.32842651393423, 35.90503432669001], [14.32812087473525, 35.90649082071572], [14.329319318952424, 35.90683942375382], [14.334542804038948, 35.90568971608349], [14.340865570115088, 35.90605441317737], [14.3410708414457, 35.90657997801012], [14.340648381733914, 35.907175291410354], [14.340614545790405, 35.90796031997139], [14.340080511727026, 35.908234568518786], [14.338918620857077, 35.90809720389267], [14.338341628458531, 35.908580244040685], [14.339044537710462, 35.90970248854879], [14.338431093474295, 35.90997431039568], [14.338222271103353, 35.91077640189528], [14.338435909342532, 35.91128389820311], [14.33559459379441, 35.91255370406219], [14.335563891174646, 35.91421437267709], [14.334007417112772, 35.913845187860304], [14.333330609309739, 35.91424544090062], [14.333533059930367, 35.91497282729915], [14.332614566688344, 35.91542077158026], [14.332919950765787, 35.915981428982505], [14.33250726382595, 35.91728202422527], [14.332955282404225, 35.91764038947145], [14.332630195577645, 35.91871738297514], [14.333174213517069, 35.91941015991403], [14.33297285614614, 35.91993401882064], [14.333649324386004, 35.92034286612391], [14.333109055116271, 35.920889813458224], [14.33328435954731, 35.92197833022866], [14.334744551278716, 35.92301475090909], [14.335592692959285, 35.92286783199291], [14.335633348912388, 35.92230152442026], [14.336138238933005, 35.922137467188726], [14.336331964217292, 35.92275491882136], [14.3387958481072, 35.92274165134032], [14.339798199081004, 35.92216242592598], [14.340050030092813, 35.921114126717896], [14.341733185474368, 35.920169049952555], [14.343964995000533, 35.92086741432462], [14.344055863184796, 35.92111967301475], [14.343668761162562, 35.92137806352487], [14.344099700072322, 35.92129000757453], [14.343788403283652, 35.92158802306133], [14.34420874836131, 35.92199721391018], [14.343738756092868, 35.92230932578355], [14.343459120426365, 35.923088773682956], [14.343024657425724, 35.92324801825491], [14.342987247085734, 35.923671293504036], [14.343085412285019, 35.9244669587966], [14.34400195258962, 35.92533452354083], [14.343842185419712, 35.925710076541264], [14.342922694149411, 35.92533141591797], [14.343659606431476, 35.92579308935146], [14.343789200089311, 35.926138133846926], [14.343384015878737, 35.92621443128592], [14.343552907236996, 35.9267591710091], [14.342521997921969, 35.927129505255714], [14.34131358959169, 35.92620804661755], [14.340134913700647, 35.92631001211749], [14.340277871594967, 35.92618874857782], [14.340180278622501, 35.926031548196015], [14.339884435551665, 35.92645682643574], [14.339349694514167, 35.92653699421567], [14.339031054896358, 35.92736119650853], [14.339212047459819, 35.928183911378596], [14.340247454639448, 35.92869484285138], [14.340411430416458, 35.92845380754688], [14.340420270737162, 35.92868794992443], [14.341966915433197, 35.928693642626705], [14.342230773090012, 35.928510120785106], [14.341844424754308, 35.92852900654397], [14.34195217677432, 35.928277204298766], [14.343125640640073, 35.92792460182928], [14.344529921228201, 35.92870910661102], [14.344933115670438, 35.929850590384945], [14.343226026474781, 35.93049703384719], [14.34291671945445, 35.93090340724659], [14.342934147669274, 35.93179084250841], [14.344459761007895, 35.93298948577505], [14.343409375319197, 35.93463340203206], [14.34271572949447, 35.934445809874276], [14.341606723343615, 35.9348512225099], [14.340825277081347, 35.93474615713516], [14.340535675505079, 35.93439446216232], [14.340003984247993, 35.934805192736825], [14.339206571329848, 35.93488337510944], [14.33870471671659, 35.93543136744427], [14.33828877787543, 35.937055024004806], [14.335583723281166, 35.93784719655945], [14.33528009810501, 35.938123598365166], [14.335415105010757, 35.93842045506524], [14.334849353231355, 35.93856920774471], [14.334649093601683, 35.93817220237935], [14.333707148042537, 35.938093514133904], [14.332787526516494, 35.938654485738454], [14.331716699663543, 35.938062888763056], [14.330993919677516, 35.93807788179171], [14.330686248489334, 35.93831161309594], [14.331105772506811, 35.93848422640498], [14.330875760674935, 35.938983762664655], [14.330125332341076, 35.93904564980759], [14.329137964367897, 35.93962469408685], [14.328517011114293, 35.94039606553043], [14.329174004777112, 35.9408770312765], [14.329297005699086, 35.94156467577194], [14.328545435606516, 35.942007297694886], [14.32850055307997, 35.942449723681705], [14.32945438065539, 35.94350807238166], [14.330095322322375, 35.94340321269605], [14.3323719793408, 35.944736719319316], [14.316823799164403, 35.94472422569682], [14.316819912154163, 35.90122910805924], [14.33290211202089, 35.877007158164965], [14.414569699926789, 35.82381368542773], [14.418677714585678, 35.828003536528925], [14.416593530600057, 35.828065912494196], [14.416559551824443, 35.82935297812354], [14.41596109597878, 35.830029833020184], [14.415238770540288, 35.83019299373516], [14.415000676565827, 35.83080236809022], [14.415380265079005, 35.83100342902832], [14.415270360695583, 35.831225455890916], [14.414214140449138, 35.83171366022727], [14.414477829222664, 35.83218206138568], [14.415382500985748, 35.83237891948509], [14.415718255306357, 35.83276960525924], [14.415706825142655, 35.833319867507136], [14.415763586092222, 35.83346049417894], [14.415757351784132, 35.83347650914303], [14.414723241771782, 35.83364806642095], [14.414625200539993, 35.833907198308886], [14.415871177313786, 35.83365401138915], [14.41567847790555, 35.833824073851304], [14.414584446670474, 35.83425990567722], [14.412183775430485, 35.834108107180754], [14.410900620082021, 35.834744447069376], [14.408578749058721, 35.83506999501663], [14.40705426220749, 35.835728361525334], [14.402111330865667, 35.836097252200084], [14.399705239191224, 35.83823640502205], [14.398217213160756, 35.83808716953347], [14.396351340450408, 35.838509952683104], [14.395963440724188, 35.83916612998225], [14.395999965325338, 35.839948474853784], [14.395538419017175, 35.84045392365203], [14.396027091751955, 35.84057356498213], [14.396348096633925, 35.84128811037207], [14.396017878630424, 35.84295723011106], [14.39299199971558, 35.84401277864216], [14.390413285979529, 35.84573603667115], [14.386844857870779, 35.846954086111225], [14.384557693258472, 35.84854394232932], [14.383317021036442, 35.849036515246766], [14.380198302135303, 35.848535146330526], [14.378880134050336, 35.850109334235974], [14.37610649308415, 35.852194905322946], [14.373830746059118, 35.8533548178892], [14.371513991839683, 35.85390502471591], [14.370062288289416, 35.85587602977395], [14.368888125534358, 35.85688107568786], [14.362203187481764, 35.86030161854587], [14.361836329892785, 35.861952683554875], [14.35928229287757, 35.86407363781743], [14.359217991469533, 35.86446000186338], [14.35799249358924, 35.86471946624254], [14.35664379536102, 35.86629918869832], [14.352957814612495, 35.867015036125046], [14.351723144933171, 35.868090616147974], [14.353899805985725, 35.869057208645295], [14.354415650062917, 35.87023244889812], [14.35075106628612, 35.870584801812676], [14.349522813272896, 35.87028375672446], [14.349335244143253, 35.87064727241057], [14.34706526520065, 35.87085859530528], [14.344036122706413, 35.872745785049766], [14.343898000443266, 35.87338980962926], [14.341976666645623, 35.873436991033934], [14.341170726020465, 35.87553556517431], [14.340392089688384, 35.87566866696793], [14.339756594506934, 35.87674786067186], [14.336361398415885, 35.87972841317451], [14.336236780526407, 35.880978520978246], [14.337149127495254, 35.885493310417154], [14.334743172364771, 35.89142146318557], [14.333452607711815, 35.89297554556019]]]}}, {"type": "Feature", "properties": {"sitecode": "MT0000102", "layer": 0}, "geometry": {"type": "MultiPolygon", "coordinates": [[[[14.42525309680119, 35.827377661994134], [14.425232184919691, 35.82739117342565], [14.425326870943888, 35.82732555217393], [14.42525309680119, 35.827377661994134]]], [[[14.420138992380277, 35.827766400785315], [14.41829823387032, 35.827786928212554], [14.391313042161359, 35.79901915315861], [14.389159751679257, 35.79607989934826], [14.387713408376273, 35.79286616606257], [14.387024162499795, 35.78948958852483], [14.387115859829043, 35.786067445034305], [14.387985214326738, 35.782718584486965], [14.38960194647955, 35.77955929139763], [14.391909837920384, 35.77669926044678], [14.394828696942126, 35.7742377800725], [14.398257153156571, 35.772260296358276], [14.402076171703737, 35.77083545070283], [14.407545228341197, 35.769877802977796], [14.413135217080514, 35.77004708365885], [14.417199737109975, 35.77090993926829], [14.41976951889715, 35.77182095810128], [14.42439624685226, 35.77438342221214], [14.427278394423318, 35.77687348756971], [14.466160741702804, 35.81829944922474], [14.465186579862621, 35.819710651657964], [14.463497173104995, 35.81979921536386], [14.46279929891023, 35.8202088615541], [14.459584065913306, 35.81985596499135], [14.458596017017124, 35.821107564800265], [14.458772500037858, 35.82165435335759], [14.458475534072916, 35.822019805908845], [14.458466312866511, 35.82159005522308], [14.458154411511662, 35.8214934586029], [14.456896626383463, 35.82205342688216], [14.456530816230062, 35.8214152778672], [14.456840867055456, 35.82108630651948], [14.456547363197597, 35.82019301945833], [14.455419110641797, 35.820446712589685], [14.455595546051816, 35.81939275459565], [14.45468635216958, 35.81942333847173], [14.453684789018299, 35.81886675845025], [14.451566724173412, 35.81948730037793], [14.451584776717349, 35.82000786504784], [14.452100803152549, 35.820670962931274], [14.452073102702418, 35.82090295333875], [14.452385695760064, 35.821296047599155], [14.452384134488076, 35.82147019515667], [14.451162085240208, 35.81959128043144], [14.44978450168402, 35.819571732054825], [14.446827369041245, 35.82073749435872], [14.446497581330787, 35.821195161822224], [14.445853970769058, 35.82117741370898], [14.44609737199024, 35.82175003929261], [14.445397649062613, 35.82220031871274], [14.444598425140853, 35.821915474310444], [14.444924211755037, 35.821628072956344], [14.44466796552363, 35.8214723854376], [14.441112674377568, 35.823368009031405], [14.438481073227466, 35.82362743379032], [14.439394137051934, 35.82283312456498], [14.438471411846583, 35.82310681564864], [14.43863934560074, 35.82245019233329], [14.438199471148817, 35.822433173614236], [14.43751793641076, 35.82366223259181], [14.436747197168362, 35.823327350308055], [14.436637267632088, 35.82375663416975], [14.436142786390674, 35.82352174807033], [14.436007968131152, 35.824449131857804], [14.434805447359217, 35.8247569980379], [14.435242177707632, 35.8251421559354], [14.435754432116953, 35.82508542902452], [14.434203356031603, 35.82586985744382], [14.433912265946942, 35.82569856886484], [14.43238633190979, 35.826101610509596], [14.431542371886877, 35.82562653813846], [14.431362250689265, 35.8257429613773], [14.4316792221356, 35.825971078876705], [14.431024681771818, 35.826021886564035], [14.43079694537256, 35.82635009891024], [14.430449914500183, 35.82592118014165], [14.430106123851072, 35.826252536463734], [14.428948072380653, 35.82596561550244], [14.428416669482736, 35.82628525831712], [14.4283997919352, 35.82698378137916], [14.427913841095723, 35.82731634813662], [14.427744134965495, 35.82706151889614], [14.427132792787102, 35.82714640574209], [14.42663384512212, 35.8265815388411], [14.42546323700064, 35.82678390692795], [14.42513966832689, 35.82737126061491], [14.424761914173486, 35.82743363416378], [14.424323271311852, 35.827217446001534], [14.42472185739668, 35.82703879969734], [14.423524710346749, 35.827059204951134], [14.423432209923627, 35.82678481881628], [14.42378590360044, 35.82674189450308], [14.422668301470658, 35.82656958811995], [14.423066565060294, 35.82724279009057], [14.42241067542694, 35.82750267560478], [14.420138992380277, 35.827766400785315]], [[14.40759277257591, 35.786237610161336], [14.406991571478752, 35.78623717074485], [14.406449777767975, 35.78668989887835], [14.407100617971112, 35.78677640144571], [14.40759277257591, 35.786237610161336]], [[14.410267202703823, 35.788351172438944], [14.411609241720859, 35.78768365836297], [14.411809001887217, 35.78784139346669], [14.412137002848578, 35.78731196673374], [14.410966810647087, 35.78614646361628], [14.409648313778717, 35.78658223800687], [14.40853816497082, 35.78650602103774], [14.40839623115592, 35.78700525466614], [14.40809420228604, 35.78701882179121], [14.408247052428266, 35.787964631541115], [14.410267202703823, 35.788351172438944]], [[14.40850445928306, 35.78628942193899], [14.408610859338571, 35.78633736128454], [14.40862570310031, 35.78625495290064], [14.40850445928306, 35.78628942193899]], [[14.409973148178711, 35.78630988867494], [14.409873187247161, 35.78632895918502], [14.409945614815275, 35.78635626709817], [14.409973148178711, 35.78630988867494]], [[14.408436681394855, 35.78641033052983], [14.408471622266157, 35.7864849611783], [14.408547126564098, 35.7864173648216], [14.408436681394855, 35.78641033052983]], [[14.409640796676404, 35.78636495703763], [14.409560628325504, 35.786446503965955], [14.409660291914713, 35.786430766628634], [14.409640796676404, 35.78636495703763]], [[14.408992293889648, 35.786443351543475], [14.409051641987222, 35.78643805378282], [14.409053709909008, 35.786417600925425], [14.408992293889648, 35.786443351543475]], [[14.408450131869595, 35.78650378461207], [14.40842335848087, 35.78660749814712], [14.408505204884715, 35.786508924237296], [14.408450131869595, 35.78650378461207]], [[14.411379315228942, 35.78643216211872], [14.411417099268094, 35.7863815061775], [14.411377564412433, 35.78638500911478], [14.411379315228942, 35.78643216211872]], [[14.408229511025711, 35.78655218874803], [14.408310512114888, 35.786592249079995], [14.408347608044561, 35.78654844242757], [14.408229511025711, 35.78655218874803]], [[14.41174068860311, 35.78641328765784], [14.411805696985262, 35.786481753375], [14.41185212102086, 35.78641004705948], [14.41174068860311, 35.78641328765784]], [[14.405741559472698, 35.787055084581674], [14.405730639552118, 35.78698976811581], [14.405666823234315, 35.78704371816654], [14.405741559472698, 35.787055084581674]], [[14.411867410346991, 35.78671273091316], [14.411815009819836, 35.78677827933721], [14.411830689014808, 35.78681738785749], [14.411867410346991, 35.78671273091316]], [[14.412185324126012, 35.78699517077396], [14.412245734930586, 35.78704378156428], [14.412207801771052, 35.78696607336725], [14.412185324126012, 35.78699517077396]], [[14.412167262598938, 35.78704402932564], [14.412161692145839, 35.786970266367625], [14.412123219997177, 35.787027768892855], [14.412167262598938, 35.78704402932564]], [[14.412496666728769, 35.78727802718061], [14.412504303306994, 35.78733142904787], [14.41252197496526, 35.787285903052904], [14.412496666728769, 35.78727802718061]], [[14.412362273372372, 35.787313788502146], [14.41233046672311, 35.78737069323922], [14.412350721037832, 35.787395852567414], [14.412362273372372, 35.787313788502146]], [[14.412557526690955, 35.78745166928754], [14.412443494548805, 35.78744840832773], [14.412451380858657, 35.78746791724559], [14.412557526690955, 35.78745166928754]], [[14.407974376908609, 35.78778462606284], [14.408032665892472, 35.787725329288314], [14.407955571576469, 35.78771196850696], [14.407974376908609, 35.78778462606284]], [[14.412073766842466, 35.78764707887293], [14.412098460631313, 35.7877258940336], [14.412105350709549, 35.78765777916617], [14.412073766842466, 35.78764707887293]], [[14.408271870184612, 35.78807553835774], [14.408322805559568, 35.788023686937166], [14.408254124864513, 35.78805688216864], [14.408271870184612, 35.78807553835774]], [[14.408652663338628, 35.788318453170305], [14.408638364854228, 35.78826565022777], [14.408588808393285, 35.7883038974235], [14.408652663338628, 35.788318453170305]], [[14.410112359199974, 35.78836339270086], [14.410157926242773, 35.78849441317389], [14.410216531433582, 35.78836750911427], [14.410112359199974, 35.78836339270086]]]]}}, {"type": "Feature", "properties": {"sitecode": "MT0000024", "layer": 0}, "geometry": {"type": "Polygon", "coordinates": [[[14.335078645512658, 35.98552784345843], [14.334553807502862, 35.98647220913347], [14.333996178290253, 35.986483987447116], [14.333786740573332, 35.98612073425668], [14.333988128486993, 35.985722174651315], [14.33316996179084, 35.985150563448535], [14.332313405591025, 35.9857170130487], [14.330689528238436, 35.9863307383942], [14.330357644758386, 35.986354666496666], [14.33337144762085, 35.98500142019105], [14.33426920145792, 35.983895436145225], [14.333786838489715, 35.98383497978949], [14.333766059558856, 35.9834014735789], [14.332844123074358, 35.982772947348806], [14.332798143704856, 35.98220436201423], [14.33223645590376, 35.981941635128386], [14.330771812121837, 35.98276104563313], [14.330538515150977, 35.982453089843695], [14.329807850651692, 35.98246559639813], [14.328328356819785, 35.98073746255652], [14.328356437257257, 35.98013296431449], [14.326996026794346, 35.97866174680506], [14.32635552260688, 35.978648687893504], [14.326100652594457, 35.97813832948448], [14.325339162406209, 35.978349033112075], [14.325065066650106, 35.978131698212096], [14.32506923842626, 35.97837230428988], [14.324294260034025, 35.978501709563666], [14.322969645638588, 35.97770245699142], [14.322686400541283, 35.97676926742695], [14.321956488830201, 35.976689157147675], [14.321545610199058, 35.97612643753824], [14.321784828864251, 35.97566113756028], [14.321304010100025, 35.97396370609292], [14.32083445980269, 35.97366485066691], [14.32071231856844, 35.97267740214704], [14.319905246066039, 35.97189474569938], [14.318922501721651, 35.97149553408778], [14.320066479286512, 35.97144730608381], [14.319608218117365, 35.97109280386837], [14.319832093557535, 35.97035799398841], [14.320500557808193, 35.970216565610016], [14.321384875543574, 35.96924950438715], [14.321862214234411, 35.96926572382293], [14.322077789241334, 35.9686537226288], [14.323332633285306, 35.96852235055537], [14.32605234928333, 35.96842398966736], [14.329395090049998, 35.96975704122692], [14.334482954681462, 35.96971226265177], [14.335295198784952, 35.97016547960791], [14.335086256938064, 35.9696818043945], [14.336213944453593, 35.96967443665557], [14.336600497605167, 35.969316376367324], [14.336748681897802, 35.968733270336415], [14.336032076032726, 35.96819586135342], [14.336836547014068, 35.96791564814049], [14.336629152066116, 35.967662110864545], [14.337157640829213, 35.967630236976085], [14.336645617286946, 35.96742098792308], [14.336946145071979, 35.96693751619426], [14.336748241723326, 35.96666465199464], [14.338023459557935, 35.96531301661716], [14.338149669262103, 35.96493927171362], [14.337706316533387, 35.964316303867015], [14.337573543737788, 35.96265096026642], [14.33617932517915, 35.962349401560274], [14.33594399082924, 35.96255154504408], [14.33550074949163, 35.9621918673746], [14.335627171198182, 35.96180451521436], [14.33711821197478, 35.96119854718689], [14.337766871068396, 35.9605577195019], [14.339016276711641, 35.960413172415116], [14.338999348858403, 35.9606998137675], [14.339886630135908, 35.96073218998087], [14.341564095588447, 35.960497757160404], [14.34143273674108, 35.960029660906585], [14.339593323907442, 35.959485655101034], [14.33778732211415, 35.9583269611873], [14.338629777458959, 35.957853956230274], [14.338915863927486, 35.95800029676341], [14.33914645517272, 35.95742097630236], [14.3392109182775, 35.95698225898045], [14.33839627746882, 35.9559965084247], [14.33848108022828, 35.95556412476741], [14.339515694195507, 35.954993197577906], [14.33958453119742, 35.95461057235026], [14.340901594354621, 35.95492816338184], [14.3417347745941, 35.95436521522469], [14.34125922894057, 35.95325127048881], [14.340833265799168, 35.95304927190799], [14.340577511844499, 35.951785457576825], [14.339469450721323, 35.95190402831544], [14.338335232453696, 35.95124471684566], [14.337995570461613, 35.95133118104224], [14.337626847071794, 35.95087907841924], [14.337644056097691, 35.95002239313455], [14.338494244140447, 35.949466680741104], [14.336940062579199, 35.94864053597467], [14.336795663787166, 35.94782379150912], [14.33615669122725, 35.94775553849349], [14.336079139668795, 35.947178664963275], [14.3363095961667, 35.94725917243957], [14.33634217716376, 35.94698199098362], [14.335767269754976, 35.94668828995234], [14.335988044210765, 35.946232051085566], [14.336505645392643, 35.94610772584313], [14.336256459021023, 35.9450202503473], [14.335961570859336, 35.944642736015645], [14.335037773065553, 35.94468034855021], [14.33371822606661, 35.94411524447687], [14.333407321841738, 35.94415516342505], [14.333275460836127, 35.944593773803916], [14.331919186216789, 35.94466740619825], [14.330095322322375, 35.94340321269605], [14.32945438065539, 35.94350807238166], [14.32850055307997, 35.942449723681705], [14.328545435606516, 35.942007297694886], [14.329297005699086, 35.94156467577194], [14.329174004777112, 35.9408770312765], [14.32852030164316, 35.94033136333232], [14.330125332341076, 35.93904564980759], [14.330875760674935, 35.938983762664655], [14.331105772506811, 35.93848422640498], [14.330749284171127, 35.93817567315839], [14.331716699663543, 35.938062888763056], [14.332787526516494, 35.938654485738454], [14.333707148042537, 35.938093514133904], [14.334649093601683, 35.93817220237935], [14.334849353231355, 35.93856920774471], [14.335415105010757, 35.93842045506524], [14.33528009810501, 35.938123598365166], [14.335583723281166, 35.93784719655945], [14.33828877787543, 35.937055024004806], [14.33870471671659, 35.93543136744427], [14.339206571329848, 35.93488337510944], [14.340003984247993, 35.934805192736825], [14.340535675505079, 35.93439446216232], [14.340825277081347, 35.93474615713516], [14.341606723343615, 35.9348512225099], [14.34271572949447, 35.934445809874276], [14.343409375319197, 35.93463340203206], [14.344459761007895, 35.93298948577505], [14.342934147669274, 35.93179084250841], [14.34291671945445, 35.93090340724659], [14.343226026474781, 35.93049703384719], [14.344933115670438, 35.929850590384945], [14.344529921228201, 35.92870910661102], [14.343125640640073, 35.92792460182928], [14.34195217677432, 35.928277204298766], [14.341844424754308, 35.92852900654397], [14.342230773090012, 35.928510120785106], [14.341966915433197, 35.928693642626705], [14.340420270737162, 35.92868794992443], [14.340411430416458, 35.92845380754688], [14.340247454639448, 35.92869484285138], [14.339212047459819, 35.928183911378596], [14.339031054896358, 35.92736119650853], [14.339349694514167, 35.92653699421567], [14.339884435551665, 35.92645682643574], [14.340180278622501, 35.926031548196015], [14.340134913700647, 35.92631001211749], [14.34131358959169, 35.92620804661755], [14.342521997921969, 35.927129505255714], [14.343552907236996, 35.9267591710091], [14.343384015878737, 35.92621443128592], [14.343789200089311, 35.926138133846926], [14.343659606431476, 35.92579308935146], [14.342922694149411, 35.92533141591797], [14.343842185419712, 35.925710076541264], [14.34400195258962, 35.92533452354083], [14.343085412285019, 35.9244669587966], [14.342987247085734, 35.923671293504036], [14.343024657425724, 35.92324801825491], [14.343459120426365, 35.923088773682956], [14.343738756092868, 35.92230932578355], [14.34420874836131, 35.92199721391018], [14.343788403283652, 35.92158802306133], [14.344099700072322, 35.92129000757453], [14.343668761162562, 35.92137806352487], [14.344055863184796, 35.92111967301475], [14.343964995000533, 35.92086741432462], [14.341733185474368, 35.920169049952555], [14.340050030092813, 35.921114126717896], [14.339798199081004, 35.92216242592598], [14.3387958481072, 35.92274165134032], [14.336331964217292, 35.92275491882136], [14.336138238933005, 35.922137467188726], [14.335633348912388, 35.92230152442026], [14.335592692959285, 35.92286783199291], [14.334744551278716, 35.92301475090909], [14.33328435954731, 35.92197833022866], [14.333109055116271, 35.920889813458224], [14.333649324386004, 35.92034286612391], [14.33297285614614, 35.91993401882064], [14.333174213517069, 35.91941015991403], [14.332630195577645, 35.91871738297514], [14.332955282404225, 35.91764038947145], [14.33250726382595, 35.91728202422527], [14.332919950765787, 35.915981428982505], [14.332614566688344, 35.91542077158026], [14.333533059930367, 35.91497282729915], [14.333330609309739, 35.91424544090062], [14.334007417112772, 35.913845187860304], [14.335563891174646, 35.91421437267709], [14.33559459379441, 35.91255370406219], [14.338435909342532, 35.91128389820311], [14.338222271103353, 35.91077640189528], [14.338431093474295, 35.90997431039568], [14.339044537710462, 35.90970248854879], [14.338341628458531, 35.908580244040685], [14.338918620857077, 35.90809720389267], [14.340080511727026, 35.908234568518786], [14.340614545790405, 35.90796031997139], [14.341080609726108, 35.906404797881606], [14.340708249057675, 35.90599504832937], [14.334542804038948, 35.90568971608349], [14.329319318952424, 35.90683942375382], [14.32811399992836, 35.906460855419404], [14.32842651393423, 35.90503432669001], [14.330081179246541, 35.904084023311384], [14.331613594628484, 35.90241026774917], [14.33094448808237, 35.90129790187397], [14.331028953973586, 35.900967917176054], [14.330498370339223, 35.90061728791675], [14.330476005881916, 35.9002783245695], [14.330891238647258, 35.900198790901285], [14.329005649713086, 35.89912695342867], [14.329338788139546, 35.89884604339539], [14.328593868275059, 35.898408755404866], [14.33000214906113, 35.89607061827519], [14.3289471711847, 35.8969185408829], [14.329018105752803, 35.896232786584115], [14.333452607711815, 35.89297554556019], [14.334743172364771, 35.89142146318557], [14.337149127495254, 35.885493310417154], [14.336236780526407, 35.880978520978246], [14.336361398415885, 35.87972841317451], [14.339756594506934, 35.87674786067186], [14.340392089688384, 35.87566866696793], [14.341170726020465, 35.87553556517431], [14.341913233908448, 35.87348604024422], [14.343898000443266, 35.87338980962926], [14.344036122706413, 35.872745785049766], [14.34706526520065, 35.87085859530528], [14.349335244143253, 35.87064727241057], [14.349522813272896, 35.87028375672446], [14.35075106628612, 35.870584801812676], [14.354415650062917, 35.87023244889812], [14.35444795258221, 35.86984222064628], [14.353766468149788, 35.86895409053581], [14.351715734730412, 35.86820424428436], [14.352573438078855, 35.8672439070535], [14.35395103780469, 35.86667270689693], [14.355307424713436, 35.86674489472326], [14.35664379536102, 35.86629918869832], [14.35799249358924, 35.86471946624254], [14.359217991469533, 35.86446000186338], [14.35928229287757, 35.86407363781743], [14.361284256760188, 35.86263356286407], [14.362038626901477, 35.86158787432435], [14.362203187481764, 35.86030161854587], [14.368888125534358, 35.85688107568786], [14.370062288289416, 35.85587602977395], [14.371601089794696, 35.85385004395912], [14.373830746059118, 35.8533548178892], [14.37610649308415, 35.852194905322946], [14.378880134050336, 35.850109334235974], [14.380198302135303, 35.848535146330526], [14.383317021036442, 35.849036515246766], [14.384557693258472, 35.84854394232932], [14.386844857870779, 35.846954086111225], [14.390413285979529, 35.84573603667115], [14.39299199971558, 35.84401277864216], [14.396017878630424, 35.84295723011106], [14.396348096633925, 35.84128811037207], [14.396027091751955, 35.84057356498213], [14.395538419017175, 35.84045392365203], [14.395999965325338, 35.839948474853784], [14.395963440724188, 35.83916612998225], [14.396351340450408, 35.838509952683104], [14.398217213160756, 35.83808716953347], [14.399705239191224, 35.83823640502205], [14.402111330865667, 35.836097252200084], [14.40705426220749, 35.835728361525334], [14.408578749058721, 35.83506999501663], [14.410900620082021, 35.834744447069376], [14.412183775430485, 35.834108107180754], [14.414584446670474, 35.83425990567722], [14.415722948105396, 35.8337982395463], [14.415871177313786, 35.83365401138915], [14.414625200539993, 35.833907198308886], [14.414723241771782, 35.83364806642095], [14.415757351784132, 35.83347650914303], [14.415718255306357, 35.83276960525924], [14.415382500985748, 35.83237891948509], [14.414477829222664, 35.83218206138568], [14.414214140449138, 35.83171366022727], [14.415270360695583, 35.831225455890916], [14.415380265079005, 35.83100342902832], [14.415000676565827, 35.83080236809022], [14.415238770540288, 35.83019299373516], [14.41596109597878, 35.830029833020184], [14.416559551824443, 35.82935297812354], [14.416593530600057, 35.828065912494196], [14.418574388565071, 35.82805135310547], [14.41829823387032, 35.827786928212554], [14.419040178514622, 35.827533035669624], [14.420138992380277, 35.827766400785315], [14.42241067542694, 35.82750267560478], [14.423066565060294, 35.82724279009057], [14.422668301470658, 35.82656958811995], [14.42378590360044, 35.82674189450308], [14.423432209923627, 35.82678481881628], [14.423524710346749, 35.827059204951134], [14.42472185739668, 35.82703879969734], [14.424323271311852, 35.827217446001534], [14.424761914173486, 35.82743363416378], [14.42513966832689, 35.82737126061491], [14.42546323700064, 35.82678390692795], [14.42663384512212, 35.8265815388411], [14.427132792787102, 35.82714640574209], [14.427744134965495, 35.82706151889614], [14.427913841095723, 35.82731634813662], [14.4283997919352, 35.82698378137916], [14.428416669482736, 35.82628525831712], [14.428948072380653, 35.82596561550244], [14.430106123851072, 35.826252536463734], [14.430449914500183, 35.82592118014165], [14.43079694537256, 35.82635009891024], [14.431024681771818, 35.826021886564035], [14.4316792221356, 35.825971078876705], [14.431362250689265, 35.8257429613773], [14.431542371886877, 35.82562653813846], [14.43238633190979, 35.826101610509596], [14.433912265946942, 35.82569856886484], [14.434203356031603, 35.82586985744382], [14.435754432116953, 35.82508542902452], [14.435242177707632, 35.8251421559354], [14.434805447359217, 35.8247569980379], [14.436007968131152, 35.824449131857804], [14.436142786390674, 35.82352174807033], [14.436637267632088, 35.82375663416975], [14.436747197168362, 35.823327350308055], [14.43751793641076, 35.82366223259181], [14.438199471148817, 35.822433173614236], [14.43863934560074, 35.82245019233329], [14.438471411846583, 35.82310681564864], [14.439394137051934, 35.82283312456498], [14.438481073227466, 35.82362743379032], [14.441112674377568, 35.823368009031405], [14.44466796552363, 35.8214723854376], [14.444924211755037, 35.821628072956344], [14.444598425140853, 35.821915474310444], [14.445397649062613, 35.82220031871274], [14.44609737199024, 35.82175003929261], [14.445853970769058, 35.82117741370898], [14.446497581330787, 35.821195161822224], [14.446827369041245, 35.82073749435872], [14.44978450168402, 35.819571732054825], [14.451162085240208, 35.81959128043144], [14.451422490671378, 35.820337586750945], [14.452384134488076, 35.82147019515667], [14.451566724173412, 35.81948730037793], [14.453684789018299, 35.81886675845025], [14.45468635216958, 35.81942333847173], [14.455595546051816, 35.81939275459565], [14.455419110641797, 35.820446712589685], [14.456547363197597, 35.82019301945833], [14.456840867055456, 35.82108630651948], [14.456530816230062, 35.8214152778672], [14.456896626383463, 35.82205342688216], [14.458154411511662, 35.8214934586029], [14.458466312866511, 35.82159005522308], [14.458502709906874, 35.82166088995048], [14.458455708254576, 35.82191479035223], [14.458454505410431, 35.821984284553515], [14.458475534072916, 35.822019805908845], [14.458772500037858, 35.82165435335759], [14.458596017017124, 35.821107564800265], [14.459584065913306, 35.81985596499135], [14.46279929891023, 35.8202088615541], [14.463497173104995, 35.81979921536386], [14.465303474935586, 35.81967538494141], [14.465261527205092, 35.81931525941371], [14.465686807626899, 35.81919275395157], [14.466283159618127, 35.81792313036083], [14.466851832718852, 35.817459165687865], [14.467981050963601, 35.81725413690047], [14.468868391529915, 35.81622421445317], [14.471688139426359, 35.814973290146746], [14.473060439990384, 35.815297786458046], [14.474846524337165, 35.8141097691794], [14.477082898203282, 35.813980607733775], [14.478533090787263, 35.81462196198933], [14.479839649943841, 35.81421179453148], [14.480701202573279, 35.81482875970677], [14.482320160751362, 35.81511230011156], [14.482140648611484, 35.81496720901525], [14.48280844002405, 35.81482486320091], [14.483528587047946, 35.81418046416065], [14.485806501707774, 35.813382640250595], [14.489451950470663, 35.81403602697762], [14.489914385212625, 35.813660020814275], [14.491364115164235, 35.81394560581782], [14.494795671464727, 35.81377997061829], [14.496121855216995, 35.81316643494479], [14.49695855325914, 35.813357526303015], [14.49870437691154, 35.81277564538773], [14.500631912677948, 35.811550512676114], [14.502723159218318, 35.81103815581281], [14.508466180457873, 35.80828672318911], [14.509714218865236, 35.80844641424891], [14.510430734000467, 35.80760568621799], [14.51205312553959, 35.80697839633399], [14.514838472452253, 35.80685256067652], [14.516972874957185, 35.80624673983582], [14.522232286366899, 35.807288263769], [14.52637244005171, 35.80669645004915], [14.528499320962808, 35.807224664311505], [14.528799629558916, 35.80703311525103], [14.528744542170742, 35.8065783079579], [14.529737399748619, 35.80678655016838], [14.53045710300482, 35.80626509086983], [14.530630697941882, 35.80658992365032], [14.533526615787915, 35.80785391196648], [14.535390905666738, 35.80747234340196], [14.53712246497073, 35.80853973605166], [14.537274504832574, 35.80895137307035], [14.537887986797985, 35.80883140868728], [14.538406390175403, 35.80911717059996], [14.538308254620492, 35.80934142963014], [14.539132841576, 35.80955426655171], [14.538745429635002, 35.811458223762], [14.53982083340433, 35.810156803591646], [14.540764240522455, 35.810295175083574], [14.543107142903168, 35.811417998944606], [14.542350203580146, 35.81210417324574], [14.542734622334619, 35.812220207640465], [14.542487991670004, 35.812317254816186], [14.542009104283608, 35.8119468367084], [14.542279118993395, 35.81157620561214], [14.541038775554735, 35.810645888596014], [14.540323156938173, 35.81051127529047], [14.539628036079746, 35.81076317958539], [14.53881835486974, 35.811632209321566], [14.538407527442564, 35.811633517679404], [14.538060499265146, 35.810153388393594], [14.53561664151783, 35.80803201207513], [14.534399484494987, 35.808030550669315], [14.534082400759251, 35.80840801283324], [14.533783200684196, 35.80822377291008], [14.533665455804977, 35.8093647068294], [14.532616491251085, 35.80976835009731], [14.530861762599255, 35.80791340426173], [14.530111850796697, 35.807967625685286], [14.530160808081376, 35.80760490160055], [14.52863588914051, 35.80803801942903], [14.526528477416571, 35.807685843186725], [14.522713792342335, 35.81064836328797], [14.521573284969396, 35.80936551182756], [14.52098754747154, 35.80934416006808], [14.521505390300238, 35.80898330652395], [14.520772792626467, 35.80788479023776], [14.51752099640085, 35.80750391173207], [14.518173118499877, 35.80727576083609], [14.51818927020869, 35.807004134460904], [14.517319598605718, 35.807031024379896], [14.517544268156588, 35.807157135137196], [14.517269920872199, 35.8074580126348], [14.515170785326985, 35.8070916086235], [14.51311213415666, 35.80740744294961], [14.512351013175985, 35.808383671722915], [14.51147716081369, 35.80876251055068], [14.511592500902914, 35.80983982698255], [14.512662402491156, 35.812106935641815], [14.512415625401117, 35.8123712255506], [14.511050865295626, 35.81230186134518], [14.51058801283705, 35.81051749299174], [14.510182952593974, 35.810085591436646], [14.509151567171884, 35.809955454540635], [14.50530752605247, 35.810701496661395], [14.503218237839402, 35.81173880909012], [14.501642564084962, 35.81166963956597], [14.500258136264621, 35.81201878441688], [14.4990299551166, 35.81310944888189], [14.496327995218504, 35.81363676235723], [14.494400958017088, 35.81601736719384], [14.493811148456055, 35.815739589120575], [14.492157027522818, 35.815737301069646], [14.490877373807308, 35.81471282382327], [14.488879136136484, 35.81440128440657], [14.4864025240173, 35.815154960457974], [14.484929147712496, 35.8149683708989], [14.483444124749987, 35.815580558860425], [14.480246695463702, 35.81508694705014], [14.479717356894316, 35.81446096046765], [14.478923172521304, 35.81480880659329], [14.47822961562979, 35.81471682814615], [14.47758554063906, 35.81649065266692], [14.476553293732588, 35.81721036900665], [14.477576976999464, 35.818633667276806], [14.47727455197253, 35.8189834582047], [14.47599870801218, 35.819150797238656], [14.475281212814943, 35.82031952086155], [14.475119481927845, 35.81924837205649], [14.474412824006196, 35.818756801498836], [14.470965216608228, 35.81808444901108], [14.470013129967818, 35.81828154385308], [14.469872733170387, 35.819628195579405], [14.469577398546008, 35.819867033163405], [14.468983276173278, 35.81991669241613], [14.468758293110355, 35.81870688584536], [14.46768804836569, 35.81903108281457], [14.466167480864064, 35.820394867728375], [14.466442588123197, 35.82094343411786], [14.464582072965207, 35.82098023282167], [14.464368448200752, 35.82181228833387], [14.46101770524154, 35.82165804120811], [14.460869527237085, 35.822093395745924], [14.46118175647704, 35.82250692768302], [14.461882370533418, 35.82248004810337], [14.46284474378213, 35.82306973823299], [14.46334445771007, 35.824722118868], [14.465206130796448, 35.82668939168683], [14.46577451194472, 35.82809102033225], [14.463874648780635, 35.827275245691254], [14.461708939988025, 35.82834583388543], [14.460860892630583, 35.827919175000865], [14.460580912909359, 35.827215979122116], [14.459966107725524, 35.82675223045607], [14.45863309498049, 35.82695275029964], [14.458055134198037, 35.82582507897464], [14.45592069396383, 35.824702807744956], [14.452914399220539, 35.8260203861583], [14.452863702797476, 35.82671650582505], [14.450297741545187, 35.82771944056107], [14.44928258957858, 35.8270578371234], [14.444873805487806, 35.828172178471085], [14.443073587048326, 35.826113021592704], [14.441319947154646, 35.826616892076], [14.439041020093521, 35.82825939916074], [14.437452906469044, 35.82880283621696], [14.437889533511191, 35.829505464511556], [14.437326034706512, 35.829704656228884], [14.437443338512926, 35.83046889171407], [14.437004689363077, 35.831112346473866], [14.438232462675954, 35.83270008700017], [14.435394873339622, 35.832350831367286], [14.43165543564519, 35.83004981435377], [14.430405092160774, 35.83007301119363], [14.4296518529984, 35.83071999563658], [14.428587288301284, 35.830029408412265], [14.42777657313042, 35.830630766059166], [14.425918928988088, 35.830882058101125], [14.425391827223772, 35.83050995681811], [14.42256533836941, 35.83242761684529], [14.422129830628078, 35.83413065248207], [14.41676521032894, 35.83434469815834], [14.416601247128355, 35.834044270668215], [14.415555093402984, 35.8346495393026], [14.416517594212445, 35.83526952670349], [14.417082417133878, 35.83626202736803], [14.41893305801024, 35.8367166515107], [14.419321267655228, 35.83662946706237], [14.419457902308249, 35.835532557524544], [14.42229444690392, 35.83528868887353], [14.424272152680587, 35.83640485398734], [14.424240781714248, 35.83661464488826], [14.423436248749145, 35.836473771830185], [14.422509100239354, 35.838399352965666], [14.422398892225347, 35.84049066014926], [14.422688583633125, 35.84156492299679], [14.420972464572246, 35.84157784944486], [14.418676323095308, 35.84225977758147], [14.418779104736846, 35.84271459018135], [14.4182150489767, 35.84329580014324], [14.416973191876798, 35.84372760110631], [14.415945213764564, 35.84234740368652], [14.41671539964475, 35.841922879458004], [14.416179641714374, 35.841070960118444], [14.412718060123822, 35.84046050967188], [14.413086507730867, 35.84100189916994], [14.412268208982338, 35.84101592895502], [14.412171249322158, 35.841324280662334], [14.411683323087397, 35.84138382069633], [14.411682099581949, 35.8424768765193], [14.409855812931266, 35.84306105634955], [14.41042739387853, 35.842902147097845], [14.410589247834865, 35.84314145641742], [14.407617853538637, 35.84377118106777], [14.4072358692186, 35.843616687531515], [14.407510726746075, 35.84377398896596], [14.40638783623418, 35.844173905178664], [14.404628812736997, 35.844312314950386], [14.404356102183053, 35.84494303883206], [14.40233444094121, 35.84449815685945], [14.401405758108877, 35.845818260279245], [14.400678641954997, 35.844980913577345], [14.39902278008672, 35.84490035080561], [14.39803090796069, 35.84684100785636], [14.396222863398464, 35.8461969779807], [14.395903545552612, 35.84670260176943], [14.394981994445372, 35.8466336039774], [14.393048211794484, 35.84751544535759], [14.393354068385797, 35.84831267131417], [14.391892011751885, 35.848446713722154], [14.392042800260501, 35.84906512827152], [14.391187379531221, 35.84944462195293], [14.39083756927136, 35.85032524595236], [14.390229058582753, 35.850286283749526], [14.388913854938206, 35.8510793395627], [14.389032506217568, 35.85157563270321], [14.388181165636265, 35.85200091638236], [14.388130294940071, 35.85279814020283], [14.387277747921333, 35.85408994349216], [14.385556255138418, 35.8533913896848], [14.385032513971579, 35.85465916655521], [14.382894670919065, 35.85370460357179], [14.37967777963213, 35.855501959774294], [14.378757922747512, 35.85667950443441], [14.378391129837224, 35.85646171848787], [14.377643007478717, 35.85727921557657], [14.37692418007992, 35.85687210660543], [14.375284140238756, 35.859193208530094], [14.374610055229324, 35.858786409345406], [14.373181755487138, 35.86056701327993], [14.37011514695736, 35.86129175948423], [14.36953790482712, 35.86269232393855], [14.367882201062367, 35.86426371405882], [14.368363389932496, 35.86548919265971], [14.368269950769909, 35.866341348336924], [14.369298462481416, 35.866965482789226], [14.369876488840887, 35.86804318186713], [14.370485495399526, 35.868393418136016], [14.371400438499554, 35.868460767083384], [14.372271966920222, 35.868068881991135], [14.372801947785035, 35.868642965729045], [14.3740011268241, 35.86861902308956], [14.374009477562986, 35.86897404386477], [14.37278605748598, 35.87094896980755], [14.37190992609778, 35.87205935043741], [14.371049072357653, 35.87251636950973], [14.371047839869068, 35.87281094507403], [14.369217999483098, 35.873764240693276], [14.36770417204103, 35.87511948905984], [14.36735399796351, 35.87494159920693], [14.366636790227181, 35.87545387900402], [14.365390029224125, 35.875612348146866], [14.363918701078168, 35.87625511492129], [14.363107044472878, 35.87733322992315], [14.362625795415608, 35.87875085160136], [14.35889484500395, 35.879098594185194], [14.35727321703283, 35.879549377828276], [14.357248757704292, 35.88171750121928], [14.358771195498342, 35.88469254131328], [14.358281079170924, 35.88608431590162], [14.35441743411705, 35.88468157025199], [14.350048477732754, 35.885200207790106], [14.349929267701267, 35.8842040444934], [14.349379567019373, 35.88436224066778], [14.349238638419262, 35.88390031600699], [14.348668677134432, 35.88373253931327], [14.348778622840383, 35.883258272862946], [14.34828178172473, 35.882361829154235], [14.34725909558783, 35.882215296200194], [14.346704752412535, 35.883228982928834], [14.345326944277506, 35.88426152826433], [14.345500152939017, 35.884783487379], [14.345007212308326, 35.88525854746829], [14.345534924028735, 35.88617563373041], [14.346572731506807, 35.886366793771636], [14.345226687800244, 35.88705183586704], [14.345127662913205, 35.887805416301575], [14.346661097882986, 35.88777644754686], [14.346530129802757, 35.88819389964], [14.347363452874376, 35.88834644172786], [14.346420073604026, 35.89075798960824], [14.346765150640648, 35.892270808841545], [14.345690165486236, 35.89266896886571], [14.34512372110574, 35.89360956600296], [14.344843465601706, 35.89517738911824], [14.343206915715433, 35.896201825538256], [14.342975140490653, 35.89683956635234], [14.343790093913023, 35.89747870284332], [14.344161991949083, 35.897221579788834], [14.34474123103417, 35.89751580586882], [14.344590609612176, 35.89880679068798], [14.345495461936608, 35.90017276137919], [14.34621888331976, 35.90061541635695], [14.345743192139134, 35.90135883034914], [14.346241192081512, 35.90159149210951], [14.346146985757668, 35.902402334901645], [14.347358213899636, 35.90258731222521], [14.347957105428224, 35.903599870806225], [14.347527797858993, 35.90409151067762], [14.347350456947163, 35.905279413472314], [14.346759293625007, 35.905616389368554], [14.345902343064767, 35.9070138629426], [14.345931988367445, 35.90778661992907], [14.344995694109741, 35.907851646348625], [14.344751126875328, 35.908353746647045], [14.344221398437137, 35.90826269814428], [14.343609528947646, 35.90955332358885], [14.3481141686691, 35.910620698787326], [14.348921588819513, 35.90929018623417], [14.35079228638127, 35.90942831420983], [14.350910637623295, 35.90902449270897], [14.351934092718075, 35.90913106853757], [14.352857426082862, 35.91004160070293], [14.355418667586665, 35.91136133479261], [14.35498164528576, 35.912206940735324], [14.355265892004596, 35.913239404982875], [14.354572797745456, 35.914150789111105], [14.355578201194595, 35.91428328688845], [14.355500881401458, 35.91455410572696], [14.355887594453183, 35.91476350425827], [14.35736428464308, 35.914514876088965], [14.359352082093674, 35.91626476050075], [14.3596736044052, 35.916933335515836], [14.359957306744997, 35.91688572169131], [14.360507927301756, 35.917819626776335], [14.359461333401905, 35.9185725811093], [14.359853786688282, 35.91907143929867], [14.358455761069477, 35.91931357625712], [14.357441911660027, 35.91991191623221], [14.35726313703703, 35.9202963106616], [14.35923779932153, 35.921210524124255], [14.35723287908333, 35.92178797347533], [14.356915751330137, 35.92280080648018], [14.355764825296559, 35.923580571798645], [14.355174942971964, 35.92360084162827], [14.35521252309357, 35.92502904842695], [14.35477608110436, 35.92443213731839], [14.353702783884358, 35.924124574571756], [14.352556953993382, 35.925001778053556], [14.352888717997486, 35.925857826727345], [14.35325438711534, 35.92599690126344], [14.352904852638288, 35.926177281339825], [14.353213239783756, 35.92718851599329], [14.351921522592326, 35.92881047677582], [14.350605917400845, 35.92949068745619], [14.350150442805695, 35.93036087243611], [14.344627842984071, 35.93064490019978], [14.344124620236636, 35.9315765464944], [14.34494049083891, 35.932181516104535], [14.344839009059573, 35.932704135343656], [14.34517015142952, 35.933052622139165], [14.346414433082385, 35.93334316470701], [14.34621464776318, 35.934115118969174], [14.344307163292253, 35.934344218544844], [14.34341395672716, 35.934931197031126], [14.3418460578915, 35.93505980576618], [14.341821480883645, 35.93559843812561], [14.344769048265258, 35.93578736149631], [14.344787496067916, 35.93627683315297], [14.344632366899821, 35.93730646881284], [14.34375658944788, 35.9371303282844], [14.343665297258822, 35.937944697282035], [14.341564291421182, 35.93825976968033], [14.341374737014752, 35.93944416286315], [14.34176321884926, 35.94027693568185], [14.340012211019344, 35.940688815368304], [14.342041908589751, 35.94666849365953], [14.341931535285747, 35.947586144541276], [14.34277967067807, 35.94880614973867], [14.34502866677227, 35.948628157143844], [14.345529346389124, 35.949458284284624], [14.348099425518672, 35.94980750078307], [14.348644592403351, 35.95042449342663], [14.341148234002373, 35.961375779988145], [14.344538364493552, 35.96297828019716], [14.344098273547663, 35.96362587414719], [14.344498219681832, 35.965379204849135], [14.344254748392045, 35.966588992701645], [14.342845148879135, 35.96845204189768], [14.340481080393712, 35.96776212383076], [14.337942799828586, 35.96767937103514], [14.337377046252525, 35.96965337236339], [14.340052389967056, 35.97038418434723], [14.338580177878853, 35.97317680872484], [14.337945826252774, 35.97335205683529], [14.337468033014405, 35.974043494900165], [14.333100919074722, 35.974005421621136], [14.332994051895255, 35.97978268245748], [14.336665645226201, 35.97976238269445], [14.33655139120017, 35.982769075820414], [14.337196109384617, 35.98367150970048], [14.336602510729728, 35.98386320099946], [14.336619691907847, 35.98506710780694], [14.335078645512658, 35.98552784345843]], [[14.425232184919691, 35.82739117342565], [14.42525309680119, 35.827377661994134], [14.425326870943888, 35.82732555217393], [14.425232184919691, 35.82739117342565]]]}}, {"type": "Feature", "properties": {"sitecode": "MT0000004", "layer": 0}, "geometry": {"type": "Polygon", "coordinates": [[[14.458972190135604, 35.830941185738986], [14.45669096967556, 35.831414689577024], [14.45659304522476, 35.83118186029755], [14.456795248808689, 35.83017939975287], [14.458391654781574, 35.82983811319806], [14.458989319211462, 35.830502359804605], [14.458972190135604, 35.830941185738986]]]}}, {"type": "Feature", "properties": {"sitecode": "MT0000011", "layer": 0}, "geometry": {"type": "Polygon", "coordinates": [[[14.527548378776066, 35.836009335169145], [14.528576037088065, 35.836585145454535], [14.52868203020676, 35.83697236297342], [14.527548378776066, 35.836009335169145]]]}}, {"type": "Feature", "properties": {"sitecode": "MT0000018", "layer": 1}, "geometry": {"type": "Polygon", "coordinates": [[[14.411556637276131, 35.847075907939065], [14.412273016765736, 35.84843361582281], [14.410800907983802, 35.848918039331295], [14.410985386010534, 35.84956967797633], [14.410026089491685, 35.84958480354679], [14.41072330611964, 35.852161773306285], [14.412035769004275, 35.85349418874788], [14.411172393693127, 35.85383186920397], [14.410312163383784, 35.85353396775857], [14.409991558252159, 35.8539501113398], [14.410713531551059, 35.85450703504186], [14.410800344740121, 35.855141067076865], [14.413890537639364, 35.85637886375488], [14.40628131939768, 35.85729980016518], [14.407004830612344, 35.858312870134306], [14.407487529550494, 35.858491569055424], [14.407254149934634, 35.859588704927035], [14.405115475940505, 35.86179633985951], [14.406386757357533, 35.86295220470408], [14.407053754659364, 35.864055225893146], [14.40689457947921, 35.8647761138528], [14.406289474303833, 35.86474202613837], [14.406689466252084, 35.86548388415699], [14.406357473177586, 35.86887517328689], [14.405984733420114, 35.86974247469885], [14.40350288322452, 35.86898425638572], [14.400395789421488, 35.869498369834126], [14.398947313518025, 35.869380618237166], [14.398964727359795, 35.870388757753034], [14.3960632273826, 35.87041215462727], [14.395326218980781, 35.86936451952884], [14.39518357639514, 35.86725728429909], [14.396281480267401, 35.86473514875237], [14.397632288638205, 35.86319185464963], [14.396362984413118, 35.86285150948995], [14.396445291652709, 35.862499919369036], [14.396072412656354, 35.86208727076006], [14.39433154770433, 35.86105702236874], [14.394517383983809, 35.85933021535095], [14.393114456258507, 35.859324849648104], [14.393183754994464, 35.85860830445219], [14.392504181278635, 35.858334804997725], [14.393391080772139, 35.857203862234584], [14.392756411142456, 35.85703127981919], [14.393135077984144, 35.855349167322586], [14.39351696798112, 35.85501621933596], [14.39471750886615, 35.855218059841086], [14.395046544686737, 35.85440041990692], [14.398195933868278, 35.85396787032517], [14.399953503891355, 35.8538704736254], [14.401718077180343, 35.85425020569445], [14.403884930426623, 35.8542286148171], [14.404809815181927, 35.854622251686024], [14.40547871781047, 35.854467184438334], [14.406698488930797, 35.85368438355511], [14.404668441017453, 35.85175260952551], [14.40343374528698, 35.85143261278022], [14.401238385801774, 35.85011779220725], [14.400853759536473, 35.85031211268497], [14.400076290115955, 35.850057188376304], [14.398578066410368, 35.8508542147585], [14.398168961951892, 35.85034701118735], [14.399117631400944, 35.85019256977984], [14.399939315899735, 35.84943894321005], [14.401551604086833, 35.849655753086466], [14.402290885226343, 35.85014448548895], [14.402432414799346, 35.849184458075094], [14.40312585401154, 35.848515717218234], [14.406188650989604, 35.848845847648136], [14.407657507870244, 35.847942754684446], [14.408354199882096, 35.84670592510282], [14.409448017318129, 35.845784646461844], [14.411271118542839, 35.84571453813778], [14.411556637276131, 35.847075907939065]]]}}, {"type": "Feature", "properties": {"sitecode": "MT0000016", "layer": 1}, "geometry": {"type": "MultiPolygon", "coordinates": [[[[14.408471622266157, 35.7864849611783], [14.408436681394855, 35.78641033052983], [14.408547126564098, 35.7864173648216], [14.408471622266157, 35.7864849611783]]], [[[14.408576130469683, 35.78635729167307], [14.40850445928306, 35.78628942193899], [14.40862570310031, 35.78625495290064], [14.408576130469683, 35.78635729167307]]], [[[14.409639100657152, 35.78644616729948], [14.409592528399566, 35.78638960002465], [14.409671000731214, 35.786389263357954], [14.409639100657152, 35.78644616729948]]], [[[14.408987469936568, 35.7864911027877], [14.409053709909008, 35.786417600925425], [14.409038865248938, 35.786500009140696], [14.408987469936568, 35.7864911027877]]], [[[14.407370773716377, 35.78664360007957], [14.406449777767975, 35.78668989887835], [14.40662088616834, 35.786440776992166], [14.407608197547672, 35.7862000054289], [14.407370773716377, 35.78664360007957]]], [[[14.405741559472698, 35.787055084581674], [14.405730639552118, 35.78698976811581], [14.405777161504032, 35.78699162049742], [14.405741559472698, 35.787055084581674]]], [[[14.408032665892472, 35.787725329288314], [14.407974376908609, 35.78778462606284], [14.407955571576469, 35.78771196850696], [14.408032665892472, 35.787725329288314]]], [[[14.408283268907281, 35.78802727870356], [14.408271870184612, 35.78807553835774], [14.408254124864513, 35.78805688216864], [14.408283268907281, 35.78802727870356]]], [[[14.408638364854228, 35.78826565022777], [14.408652663338628, 35.788318453170305], [14.408588808393285, 35.7883038974235], [14.408638364854228, 35.78826565022777]]], [[[14.408347608044561, 35.78654844242757], [14.408268817709272, 35.78661629299388], [14.408205652670098, 35.78659488848194], [14.408347608044561, 35.78654844242757]]], [[[14.408366537344198, 35.7865551159935], [14.40850313786126, 35.78652937561368], [14.40842335848087, 35.78660749814712], [14.408366537344198, 35.7865551159935]]], [[[14.410053662380994, 35.788329751634215], [14.408163013236805, 35.787891022464976], [14.40809420228604, 35.78701882179121], [14.40839623115592, 35.78700525466614], [14.40853816497082, 35.78650602103774], [14.409648313778717, 35.78658223800687], [14.41094180244789, 35.78613525301687], [14.41214182590333, 35.78726430415635], [14.411809001887217, 35.78784139346669], [14.411609241720859, 35.78768365836297], [14.410053662380994, 35.788329751634215]]], [[[14.410157926242773, 35.78849441317389], [14.410112359199974, 35.78836339270086], [14.410216531433582, 35.78836750911427], [14.410157926242773, 35.78849441317389]]], [[[14.412023432440469, 35.78769208363777], [14.412098460631313, 35.7877258940336], [14.412026652900762, 35.78772563242898], [14.412023432440469, 35.78769208363777]]], [[[14.412489238559703, 35.78748144348418], [14.412515850251683, 35.78741144251495], [14.412557526690955, 35.78745166928754], [14.412489238559703, 35.78748144348418]]], [[[14.41233046672311, 35.78737069323922], [14.412362273372372, 35.787313788502146], [14.412350721037832, 35.787395852567414], [14.41233046672311, 35.78737069323922]]], [[[14.412504303306994, 35.78733142904787], [14.412496666728769, 35.78727802718061], [14.41252197496526, 35.787285903052904], [14.412504303306994, 35.78733142904787]]], [[[14.412245734930586, 35.78704378156428], [14.412185324126012, 35.78699517077396], [14.412207801771052, 35.78696607336725], [14.412245734930586, 35.78704378156428]]], [[[14.412161692145839, 35.786970266367625], [14.412167262598938, 35.78704402932564], [14.412123219997177, 35.787027768892855], [14.412161692145839, 35.786970266367625]]], [[[14.411815009819836, 35.78677827933721], [14.411867410346991, 35.78671273091316], [14.411830689014808, 35.78681738785749], [14.411815009819836, 35.78677827933721]]], [[[14.409936668493346, 35.78628275636662], [14.409873187247161, 35.78632895918502], [14.409868680399391, 35.78630910530462], [14.409936668493346, 35.78628275636662]]], [[[14.411439352334323, 35.78642001661753], [14.411377564412433, 35.78638500911478], [14.411417099268094, 35.7863815061775], [14.411439352334323, 35.78642001661753]]], [[[14.411805696985262, 35.786481753375], [14.41177502670486, 35.78639668970062], [14.41185212102086, 35.78641004705948], [14.411805696985262, 35.786481753375]]]]}}, {"type": "Feature", "properties": {"sitecode": "MT0000033", "layer": 1}, "geometry": {"type": "Polygon", "coordinates": [[[14.49870437691154, 35.81277564538773], [14.500631912677948, 35.811550512676114], [14.502723159218318, 35.81103815581281], [14.508466180457873, 35.80828672318911], [14.509714218865236, 35.80844641424891], [14.510430734000467, 35.80760568621799], [14.51205312553959, 35.80697839633399], [14.514838472452253, 35.80685256067652], [14.516972874957185, 35.80624673983582], [14.522232286366899, 35.807288263769], [14.52637244005171, 35.80669645004915], [14.528499320962808, 35.807224664311505], [14.528799629558916, 35.80703311525103], [14.528744542170742, 35.8065783079579], [14.529737399748619, 35.80678655016838], [14.53045710300482, 35.80626509086983], [14.530630697941882, 35.80658992365032], [14.533526615787915, 35.80785391196648], [14.535390905666738, 35.80747234340196], [14.53712246497073, 35.80853973605166], [14.537274504832574, 35.80895137307035], [14.537887986797985, 35.80883140868728], [14.538406390175403, 35.80911717059996], [14.538308254620492, 35.80934142963014], [14.539132841576, 35.80955426655171], [14.538745429635002, 35.811458223762], [14.53982083340433, 35.810156803591646], [14.540764240522455, 35.810295175083574], [14.543113093343608, 35.81149464295046], [14.542350203580146, 35.81210417324574], [14.542734622334619, 35.812220207640465], [14.542487991670004, 35.812317254816186], [14.542009104283608, 35.8119468367084], [14.542279118993395, 35.81157620561214], [14.54040596274272, 35.81050753519902], [14.53964847724403, 35.810748023301656], [14.53881835486974, 35.811632209321566], [14.538407527442564, 35.811633517679404], [14.538053685543696, 35.810147773860116], [14.535629076896317, 35.808028094108714], [14.534394574303654, 35.80802737651909], [14.534057635105205, 35.80839800086605], [14.533783200684196, 35.80822377291008], [14.533665455804977, 35.8093647068294], [14.532616491251085, 35.80976835009731], [14.530861275712397, 35.80788744058873], [14.530111850796697, 35.807967625685286], [14.530160808081376, 35.80760490160055], [14.52863588914051, 35.80803801942903], [14.526528477416571, 35.807685843186725], [14.522713792342335, 35.81064836328797], [14.521573284969396, 35.80936551182756], [14.52098754747154, 35.80934416006808], [14.521505390300238, 35.80898330652395], [14.520772792626467, 35.80788479023776], [14.51752099640085, 35.80750391173207], [14.518173118499877, 35.80727576083609], [14.51818927020869, 35.807004134460904], [14.517319598605718, 35.807031024379896], [14.517544268156588, 35.807157135137196], [14.517269920872199, 35.8074580126348], [14.515170785326985, 35.8070916086235], [14.51336916910892, 35.807313743898], [14.51257723142242, 35.80780740330066], [14.512351013175985, 35.808383671722915], [14.511631936943894, 35.808616296142525], [14.511592500902914, 35.80983982698255], [14.512662402491156, 35.812106935641815], [14.512415625401117, 35.8123712255506], [14.511050865295626, 35.81230186134518], [14.510684726358859, 35.81064201301117], [14.510182952593974, 35.810085591436646], [14.509314267341184, 35.809946473595716], [14.50530752605247, 35.810701496661395], [14.503218237839402, 35.81173880909012], [14.500751708410974, 35.81182035765989], [14.4990299551166, 35.81310944888189], [14.49670419618476, 35.81362815261783], [14.496857773064036, 35.81333051177261], [14.49870437691154, 35.81277564538773]]]}}, {"type": "Feature", "properties": {"sitecode": "MT0000031", "layer": 1}, "geometry": {"type": "Polygon", "coordinates": [[[14.417373187418304, 35.833702153744284], [14.414625200539993, 35.833907198308886], [14.414723241771782, 35.83364806642095], [14.415757351784132, 35.83347650914303], [14.415718255306357, 35.83276960525924], [14.415382500985748, 35.83237891948509], [14.414477829222664, 35.83218206138568], [14.414214140449138, 35.83171366022727], [14.415270360695583, 35.831225455890916], [14.415380265079005, 35.83100342902832], [14.415000676565827, 35.83080236809022], [14.415238770540288, 35.83019299373516], [14.41596109597878, 35.830029833020184], [14.416559551824443, 35.82935297812354], [14.416593530600057, 35.828065912494196], [14.418574388565071, 35.82805135310547], [14.41829823387032, 35.827786928212554], [14.419040178514622, 35.827533035669624], [14.420138992380277, 35.827766400785315], [14.42241067542694, 35.82750267560478], [14.423066565060294, 35.82724279009057], [14.422668301470658, 35.82656958811995], [14.42378590360044, 35.82674189450308], [14.423432209923627, 35.82678481881628], [14.423524710346749, 35.827059204951134], [14.42472185739668, 35.82703879969734], [14.424323271311852, 35.827217446001534], [14.424761914173486, 35.82743363416378], [14.42513966832689, 35.82737126061491], [14.42546323700064, 35.82678390692795], [14.42663384512212, 35.8265815388411], [14.427132792787102, 35.82714640574209], [14.427744134965495, 35.82706151889614], [14.427913841095723, 35.82731634813662], [14.4283997919352, 35.82698378137916], [14.428416669482736, 35.82628525831712], [14.428948072380653, 35.82596561550244], [14.430106123851072, 35.826252536463734], [14.430449914500183, 35.82592118014165], [14.43079694537256, 35.82635009891024], [14.431024681771818, 35.826021886564035], [14.4316792221356, 35.825971078876705], [14.431362250689265, 35.8257429613773], [14.431542371886877, 35.82562653813846], [14.43238633190979, 35.826101610509596], [14.433912265946942, 35.82569856886484], [14.434203356031603, 35.82586985744382], [14.435754432116953, 35.82508542902452], [14.435242177707632, 35.8251421559354], [14.434805447359217, 35.8247569980379], [14.436007968131152, 35.824449131857804], [14.436142786390674, 35.82352174807033], [14.436637267632088, 35.82375663416975], [14.436747197168362, 35.823327350308055], [14.43751793641076, 35.82366223259181], [14.43776759439789, 35.822900164775284], [14.438450825155236, 35.82236187413741], [14.438471411846583, 35.82310681564864], [14.439400970536285, 35.82295187324994], [14.438429901595642, 35.82360871602617], [14.441112674377568, 35.823368009031405], [14.44466796552363, 35.8214723854376], [14.444924211755037, 35.821628072956344], [14.444598425140853, 35.821915474310444], [14.445397649062613, 35.82220031871274], [14.44609737199024, 35.82175003929261], [14.445853970769058, 35.82117741370898], [14.446497581330787, 35.821195161822224], [14.446562423524611, 35.820875094247015], [14.449054193815916, 35.819777427907404], [14.450836153997225, 35.81945349694304], [14.452384134488076, 35.82147019515667], [14.451566724173412, 35.81948730037793], [14.453684789018299, 35.81886675845025], [14.45468635216958, 35.81942333847173], [14.455595546051816, 35.81939275459565], [14.455419110641797, 35.820446712589685], [14.456547363197597, 35.82019301945833], [14.456840867055456, 35.82108630651948], [14.456530816230062, 35.8214152778672], [14.456896626383463, 35.82205342688216], [14.458154411511662, 35.8214934586029], [14.458466312866511, 35.82159005522308], [14.458502709906874, 35.82166088995048], [14.458455708254576, 35.82191479035223], [14.458454505410431, 35.821984284553515], [14.458475534072916, 35.822019805908845], [14.458772500037858, 35.82165435335759], [14.458596017017124, 35.821107564800265], [14.459584065913306, 35.81985596499135], [14.46279929891023, 35.8202088615541], [14.463497173104995, 35.81979921536386], [14.465303474935586, 35.81967538494141], [14.465261527205092, 35.81931525941371], [14.465686807626899, 35.81919275395157], [14.466283159618127, 35.81792313036083], [14.466851832718852, 35.817459165687865], [14.467981050963601, 35.81725413690047], [14.468868391529915, 35.81622421445317], [14.471688139426359, 35.814973290146746], [14.473060439990384, 35.815297786458046], [14.474846524337165, 35.8141097691794], [14.477082898203282, 35.813980607733775], [14.478533090787263, 35.81462196198933], [14.479839649943841, 35.81421179453148], [14.480701202573279, 35.81482875970677], [14.482320160751362, 35.81511230011156], [14.482140648611484, 35.81496720901525], [14.48280844002405, 35.81482486320091], [14.483528587047946, 35.81418046416065], [14.485806501707774, 35.813382640250595], [14.489451950470663, 35.81403602697762], [14.489914385212625, 35.813660020814275], [14.491326887182222, 35.81394373585299], [14.492784612139864, 35.81369163622044], [14.493914765530825, 35.81389579495208], [14.496210787531814, 35.8131469767735], [14.49683950582276, 35.81333461232308], [14.496011815187947, 35.813937524976225], [14.49439210691662, 35.816009973485905], [14.493003983427185, 35.81547053543944], [14.49370078323689, 35.81415391685384], [14.493109253402084, 35.81387515029209], [14.49115381865792, 35.814353131071776], [14.490060598601525, 35.81388822038759], [14.489423395722724, 35.814102019076074], [14.488893134583554, 35.81404442906103], [14.488650711627747, 35.814399302998275], [14.486557396267226, 35.815124584003435], [14.484929147712496, 35.8149683708989], [14.483435570093562, 35.815575744546784], [14.480246695463702, 35.81508694705014], [14.479716799040517, 35.8144265204051], [14.478245328062421, 35.81467627134638], [14.477963423251516, 35.81544966391271], [14.476225035853057, 35.814652839085916], [14.474383552402674, 35.81560922765887], [14.474267199013825, 35.81676880325763], [14.47471276429306, 35.817519886205], [14.472428453628428, 35.817727967149594], [14.471769004869941, 35.81739347212285], [14.471906171325609, 35.81637464272377], [14.471223970037602, 35.81638937689487], [14.47123014595518, 35.81599691175253], [14.470803377923247, 35.81596249639485], [14.470018633047236, 35.816768241632545], [14.469296472000442, 35.81683640001589], [14.467147812333614, 35.81831130139705], [14.465876272201786, 35.81946291968748], [14.465737327081833, 35.81998841510888], [14.463841008669897, 35.82015193226262], [14.463048064870277, 35.8205215829604], [14.463596996594323, 35.82110017083797], [14.461235529629926, 35.8210955884894], [14.460831801588412, 35.821319567491635], [14.460968871924358, 35.82169222465327], [14.460489876740139, 35.82172628498555], [14.46008616217335, 35.82114347259834], [14.45982346783484, 35.82150540426117], [14.459864909813836, 35.8225207902966], [14.457801686218723, 35.822876370023074], [14.457315090388894, 35.82239318889707], [14.456063933929142, 35.82201969883564], [14.452350586005476, 35.82395159755354], [14.45233734753315, 35.823411094683685], [14.450054221746392, 35.82210032708913], [14.448415112559852, 35.82296227597911], [14.44566965443907, 35.8236456285775], [14.443538785008123, 35.82457776277457], [14.439175014597941, 35.82526162151319], [14.43587446680184, 35.826297332900474], [14.433454730616553, 35.82741578984799], [14.432437726323831, 35.82888262655991], [14.43081555038041, 35.82828050257073], [14.429415596078705, 35.8285029623962], [14.427146842438143, 35.828039433924054], [14.426369252643378, 35.82840936471367], [14.425678764396885, 35.82948999498635], [14.420449385463765, 35.82856381794638], [14.418726361053267, 35.8294088243571], [14.419169918597854, 35.83156787554243], [14.418986041544011, 35.83205281937162], [14.417373187418304, 35.833702153744284]], [[14.425232184919691, 35.82739117342565], [14.42525309680119, 35.827377661994134], [14.425326870943888, 35.82732555217393], [14.425232184919691, 35.82739117342565]]]}}, {"type": "Feature", "properties": {"sitecode": "MT0000108", "layer": 1}, "geometry": {"type": "Polygon", "coordinates": [[[14.580152456986193, 35.73987503740436], [14.94015182919337, 35.7398744796107], [14.940152091501421, 35.859874485756585], [14.82015231603708, 35.859874719457906], [14.820152450784343, 35.93987472192846], [14.580152892669119, 35.93987510885526], [14.580152456986193, 35.73987503740436]]]}}, {"type": "Feature", "properties": {"sitecode": "MT0000111", "layer": 1}, "geometry": {"type": "MultiPolygon", "coordinates": [[[[14.42525309680119, 35.827377661994134], [14.425232184919691, 35.82739117342565], [14.425326870943888, 35.82732555217393], [14.42525309680119, 35.827377661994134]]], [[[14.33011988675384, 35.939041047366665], [14.328957030194946, 35.939960463988974], [14.300154871856353, 35.93995915411228], [14.300156062124106, 35.81986832536057], [14.380162953428885, 35.73986110058206], [14.58018058054279, 35.73986085486112], [14.580180699120408, 35.819868085714106], [14.542734622334619, 35.812220207640465], [14.542350203580146, 35.81210417324574], [14.54308864299821, 35.81139701562265], [14.540764240522455, 35.810295175083574], [14.539722475067236, 35.810182659433565], [14.538745429635002, 35.811458223762], [14.539132841576, 35.80955426655171], [14.538308254620492, 35.80934142963014], [14.538406390175403, 35.80911717059996], [14.537887986797985, 35.80883140868728], [14.537274504832574, 35.80895137307035], [14.53712246497073, 35.80853973605166], [14.535390905666738, 35.80747234340196], [14.533526615787915, 35.80785391196648], [14.530630697941882, 35.80658992365032], [14.53045710300482, 35.80626509086983], [14.529737399748619, 35.80678655016838], [14.528744542170742, 35.8065783079579], [14.528799629558916, 35.80703311525103], [14.528499320962808, 35.807224664311505], [14.52637244005171, 35.80669645004915], [14.522232286366899, 35.807288263769], [14.516972874957185, 35.80624673983582], [14.514838472452253, 35.80685256067652], [14.51205312553959, 35.80697839633399], [14.510430734000467, 35.80760568621799], [14.509714218865236, 35.80844641424891], [14.508466180457873, 35.80828672318911], [14.502723159218318, 35.81103815581281], [14.500631912677948, 35.811550512676114], [14.49870437691154, 35.81277564538773], [14.49695855325914, 35.813357526303015], [14.496121855216995, 35.81316643494479], [14.494795671464727, 35.81377997061829], [14.491364115164235, 35.81394560581782], [14.489914385212625, 35.813660020814275], [14.489451950470663, 35.81403602697762], [14.485806501707774, 35.813382640250595], [14.483528587047946, 35.81418046416065], [14.48280844002405, 35.81482486320091], [14.482140648611484, 35.81496720901525], [14.482320160751362, 35.81511230011156], [14.480701202573279, 35.81482875970677], [14.479839649943841, 35.81421179453148], [14.478533090787263, 35.81462196198933], [14.477082898203282, 35.813980607733775], [14.474846524337165, 35.8141097691794], [14.473060439990384, 35.815297786458046], [14.471688139426359, 35.814973290146746], [14.468868391529915, 35.81622421445317], [14.467981050963601, 35.81725413690047], [14.466851832718852, 35.817459165687865], [14.466283159618127, 35.81792313036083], [14.465686807626899, 35.81919275395157], [14.465261527205092, 35.81931525941371], [14.465303474935586, 35.81967538494141], [14.463497173104995, 35.81979921536386], [14.46279929891023, 35.8202088615541], [14.459584065913306, 35.81985596499135], [14.458596017017124, 35.821107564800265], [14.458772500037858, 35.82165435335759], [14.458475534072916, 35.822019805908845], [14.458466312866511, 35.82159005522308], [14.458154411511662, 35.8214934586029], [14.456896626383463, 35.82205342688216], [14.456530816230062, 35.8214152778672], [14.456840867055456, 35.82108630651948], [14.456547363197597, 35.82019301945833], [14.455419110641797, 35.820446712589685], [14.455595546051816, 35.81939275459565], [14.45468635216958, 35.81942333847173], [14.453684789018299, 35.81886675845025], [14.451566724173412, 35.81948730037793], [14.451584776717349, 35.82000786504784], [14.452100803152549, 35.820670962931274], [14.452073102702418, 35.82090295333875], [14.452385695760064, 35.821296047599155], [14.452384134488076, 35.82147019515667], [14.451162085240208, 35.81959128043144], [14.44978450168402, 35.819571732054825], [14.446827369041245, 35.82073749435872], [14.446497581330787, 35.821195161822224], [14.445853970769058, 35.82117741370898], [14.44609737199024, 35.82175003929261], [14.445397649062613, 35.82220031871274], [14.444598425140853, 35.821915474310444], [14.444924211755037, 35.821628072956344], [14.44466796552363, 35.8214723854376], [14.441112674377568, 35.823368009031405], [14.438481073227466, 35.82362743379032], [14.439394137051934, 35.82283312456498], [14.438471411846583, 35.82310681564864], [14.43863934560074, 35.82245019233329], [14.438199471148817, 35.822433173614236], [14.43751793641076, 35.82366223259181], [14.436747197168362, 35.823327350308055], [14.436637267632088, 35.82375663416975], [14.436142786390674, 35.82352174807033], [14.436007968131152, 35.824449131857804], [14.434805447359217, 35.8247569980379], [14.435242177707632, 35.8251421559354], [14.435754432116953, 35.82508542902452], [14.434203356031603, 35.82586985744382], [14.433912265946942, 35.82569856886484], [14.43238633190979, 35.826101610509596], [14.431542371886877, 35.82562653813846], [14.431362250689265, 35.8257429613773], [14.4316792221356, 35.825971078876705], [14.431024681771818, 35.826021886564035], [14.43079694537256, 35.82635009891024], [14.430449914500183, 35.82592118014165], [14.430106123851072, 35.826252536463734], [14.428948072380653, 35.82596561550244], [14.428416669482736, 35.82628525831712], [14.4283997919352, 35.82698378137916], [14.427913841095723, 35.82731634813662], [14.427744134965495, 35.82706151889614], [14.427132792787102, 35.82714640574209], [14.42663384512212, 35.8265815388411], [14.42546323700064, 35.82678390692795], [14.42513966832689, 35.82737126061491], [14.424761914173486, 35.82743363416378], [14.424323271311852, 35.827217446001534], [14.42472185739668, 35.82703879969734], [14.423524710346749, 35.827059204951134], [14.423432209923627, 35.82678481881628], [14.42378590360044, 35.82674189450308], [14.422668301470658, 35.82656958811995], [14.423066565060294, 35.82724279009057], [14.42241067542694, 35.82750267560478], [14.420138992380277, 35.827766400785315], [14.419040178514622, 35.827533035669624], [14.41829823387032, 35.827786928212554], [14.418574388565071, 35.82805135310547], [14.416593530600057, 35.828065912494196], [14.416559551824443, 35.82935297812354], [14.41596109597878, 35.830029833020184], [14.415238770540288, 35.83019299373516], [14.415000676565827, 35.83080236809022], [14.415380265079005, 35.83100342902832], [14.415270360695583, 35.831225455890916], [14.414214140449138, 35.83171366022727], [14.414477829222664, 35.83218206138568], [14.415382500985748, 35.83237891948509], [14.415718255306357, 35.83276960525924], [14.415706825142655, 35.833319867507136], [14.415763586092222, 35.83346049417894], [14.415757351784132, 35.83347650914303], [14.414723241771782, 35.83364806642095], [14.414625200539993, 35.833907198308886], [14.415871177313786, 35.83365401138915], [14.415722948105396, 35.8337982395463], [14.414584446670474, 35.83425990567722], [14.412183775430485, 35.834108107180754], [14.410900620082021, 35.834744447069376], [14.408578749058721, 35.83506999501663], [14.40705426220749, 35.835728361525334], [14.402111330865667, 35.836097252200084], [14.399705239191224, 35.83823640502205], [14.398217213160756, 35.83808716953347], [14.396351340450408, 35.838509952683104], [14.395963440724188, 35.83916612998225], [14.395999965325338, 35.839948474853784], [14.395538419017175, 35.84045392365203], [14.396027091751955, 35.84057356498213], [14.396348096633925, 35.84128811037207], [14.396017878630424, 35.84295723011106], [14.39299199971558, 35.84401277864216], [14.390413285979529, 35.84573603667115], [14.386844857870779, 35.846954086111225], [14.384557693258472, 35.84854394232932], [14.383317021036442, 35.849036515246766], [14.380198302135303, 35.848535146330526], [14.378880134050336, 35.850109334235974], [14.37610649308415, 35.852194905322946], [14.373830746059118, 35.8533548178892], [14.371601089794696, 35.85385004395912], [14.370062288289416, 35.85587602977395], [14.368888125534358, 35.85688107568786], [14.362199625661672, 35.860291934189405], [14.362035600477286, 35.86157803723962], [14.361280520666925, 35.862624087005166], [14.359278378019551, 35.86406429025922], [14.35921434520778, 35.864450329663015], [14.357989199467116, 35.86470927792391], [14.356640103285216, 35.866289502162736], [14.35530297176459, 35.866735513993135], [14.35394691992743, 35.86666350160122], [14.352569746003017, 35.86723457588464], [14.351715734730412, 35.86820424428436], [14.353766468149788, 35.86895409053581], [14.35444795258221, 35.86984222064628], [14.354415650062917, 35.87023244889812], [14.35075106628612, 35.870584801812676], [14.349522813272896, 35.87028375672446], [14.349335244143253, 35.87064727241057], [14.346684854728993, 35.87097839822328], [14.344036122706413, 35.872745785049766], [14.343898000443266, 35.87338980962926], [14.341913233908448, 35.87348604024422], [14.341170726020465, 35.87553556517431], [14.340392089688384, 35.87566866696793], [14.339756594506934, 35.87674786067186], [14.336452157904002, 35.87956918437256], [14.336236780526407, 35.880978520978246], [14.337110853874288, 35.885646068042796], [14.33635424333464, 35.887966263146886], [14.334380164056753, 35.89198057824508], [14.331363234158792, 35.89467372139811], [14.329018105752803, 35.896232786584115], [14.3289471711847, 35.8969185408829], [14.329610721650802, 35.89625511555541], [14.32983139729191, 35.896111941214855], [14.33000214906113, 35.89607061827519], [14.328593868275059, 35.898408755404866], [14.329338788139546, 35.89884604339539], [14.329005649713086, 35.89912695342867], [14.330891238647258, 35.900198790901285], [14.330476005881916, 35.9002783245695], [14.330498370339223, 35.90061728791675], [14.331028953973586, 35.900967917176054], [14.33094448808237, 35.90129790187397], [14.331613594628484, 35.90241026774917], [14.330081179246541, 35.904084023311384], [14.32842651393423, 35.90503432669001], [14.32811399992836, 35.906460855419404], [14.329319318952424, 35.90683942375382], [14.334542804038948, 35.90568971608349], [14.340865570115088, 35.90605441317737], [14.3410708414457, 35.90657997801012], [14.340648381733914, 35.907175291410354], [14.340637008164094, 35.90793185772528], [14.34007568597735, 35.908228284990194], [14.33891360646118, 35.908090274973354], [14.338336562858633, 35.90857326787008], [14.339039620332613, 35.90969633682941], [14.338425579615075, 35.909967367089145], [14.338217560338009, 35.91076944483522], [14.338430574248072, 35.911277525425675], [14.335589367396096, 35.912547626047804], [14.335558301856938, 35.91420781024725], [14.334002235630214, 35.913838775274165], [14.333325186180362, 35.91423879335093], [14.333527192134927, 35.914966872424024], [14.33260907438869, 35.915414858935705], [14.332914123394547, 35.91597493435912], [14.332502036529307, 35.91727610153465], [14.332950097328412, 35.91763413797281], [14.33262507158727, 35.91871122831923], [14.333169136239073, 35.91940424829512], [14.332967119504744, 35.91992833130768], [14.333644196802373, 35.92033730740534], [14.333103146896626, 35.92088438936202], [14.333279110691102, 35.92197246754227], [14.334744551278716, 35.92301475090909], [14.335592692959285, 35.92286783199291], [14.335633348912388, 35.92230152442026], [14.336138238933005, 35.922137467188726], [14.336331964217292, 35.92275491882136], [14.3387958481072, 35.92274165134032], [14.339798199081004, 35.92216242592598], [14.340050030092813, 35.921114126717896], [14.341733185474368, 35.920169049952555], [14.343963042063109, 35.920866374754446], [14.344051115588503, 35.92111436533091], [14.343664071956779, 35.92137241830938], [14.34409886374079, 35.92129020472077], [14.343784090471987, 35.921582399685036], [14.344204108562868, 35.92199144434143], [14.343734074073597, 35.922303493675315], [14.343454044046702, 35.92308354978924], [14.343020001457603, 35.923242632148316], [14.342982039552028, 35.92366567173075], [14.343081033896334, 35.924461682617654], [14.343997112466893, 35.925328781858305], [14.343837052446197, 35.925704818631154], [14.34291803099478, 35.9253257658926], [14.34365623864749, 35.92579067862989], [14.343784062624211, 35.926132823590116], [14.343379028432283, 35.92620885770398], [14.343548022198481, 35.92675391753328], [14.34251870020659, 35.927123837900695], [14.341308871639804, 35.926202835296216], [14.340140785987673, 35.92630478770913], [14.340277871594967, 35.92618874857782], [14.340175736740408, 35.926025871305626], [14.339879769702076, 35.92645190901232], [14.339344707966015, 35.926531902214286], [14.33904865738435, 35.92770301315457], [14.339454319498682, 35.9283652553787], [14.341182933226857, 35.92878029516456], [14.341966915433197, 35.928693642626705], [14.342230773090012, 35.928510120785106], [14.341843343182704, 35.92852456206619], [14.34195217677432, 35.928277204298766], [14.34329424543576, 35.92794030746608], [14.344527333181864, 35.92870690038022], [14.344928174038072, 35.92984516399376], [14.3429300226055, 35.93072626174516], [14.34292902817048, 35.93178531878146], [14.34445612372928, 35.93288743796757], [14.343523099339244, 35.9345675720807], [14.342964256502656, 35.93468953557655], [14.3427110465769, 35.934440616552415], [14.341601937119778, 35.93484660600504], [14.340399837657717, 35.934416580341576], [14.339998778510912, 35.934800661329525], [14.33920166293514, 35.934878670596916], [14.338699671777956, 35.935426712423904], [14.338046590278196, 35.937219858349884], [14.335770436316343, 35.93776088416517], [14.335298373431161, 35.93804890816501], [14.335408392798945, 35.93841596968634], [14.334844326258999, 35.9385650154834], [14.334482262080366, 35.938108932640226], [14.33370320982833, 35.938088924001974], [14.332782135726479, 35.93865002946552], [14.331712039203834, 35.93805793205877], [14.330988005169695, 35.93807291999707], [14.330680944835905, 35.93830694588074], [14.331100957536867, 35.9384799410424], [14.330869926117153, 35.93897897257308], [14.33011988675384, 35.939041047366665]], [[14.407604483013975, 35.786230172144286], [14.40700340768094, 35.78623018453247], [14.406461387594698, 35.7866822306303], [14.407112464953066, 35.78676928338379], [14.407604483013975, 35.786230172144286]], [[14.4102786921563, 35.78834437514518], [14.411620855140837, 35.787676351647974], [14.411820813834883, 35.787834372417606], [14.412148850728865, 35.787304266482565], [14.410978732189234, 35.78613919975435], [14.409660662918913, 35.78657519644255], [14.40854959872774, 35.78649824637955], [14.408408558736555, 35.78699825030355], [14.408105503990623, 35.787011273083344], [14.408258547270657, 35.7879573481704], [14.4102786921563, 35.78834437514518]], [[14.40851652455564, 35.78628217266444], [14.408622567979972, 35.786330203832605], [14.408637600387934, 35.78624724817474], [14.40851652455564, 35.78628217266444]], [[14.40998471039475, 35.78630218686923], [14.409884647953563, 35.786321258838626], [14.40995771691877, 35.78634920365234], [14.40998471039475, 35.78630218686923]], [[14.408448558021215, 35.786403181100376], [14.4084835977072, 35.78647718651808], [14.408558554931137, 35.78641021247791], [14.408448558021215, 35.786403181100376]], [[14.409652693065734, 35.786357262524426], [14.409572606461536, 35.78643926709389], [14.40967264644483, 35.78642326085911], [14.409652693065734, 35.786357262524426]], [[14.4090045855377, 35.78643620576057], [14.409063569817551, 35.78643126652742], [14.409065642230921, 35.78641018187188], [14.4090045855377, 35.78643620576057]], [[14.408461555745085, 35.78649618994625], [14.408435508195081, 35.78660027732142], [14.408516543420248, 35.78650123848259], [14.408461555745085, 35.78649618994625]], [[14.411391817981047, 35.786425197784936], [14.411428787248258, 35.786374173109], [14.4113897994666, 35.78637722788632], [14.411391817981047, 35.786425197784936]], [[14.408241548450519, 35.786545231711976], [14.408322557624535, 35.78658520678789], [14.40835956731592, 35.78654121503808], [14.408241548450519, 35.786545231711976]], [[14.411752860775211, 35.78640623004686], [14.411817878140537, 35.78647425198261], [14.411863844933613, 35.78640325761552], [14.411752860775211, 35.78640623004686]], [[14.405753290571994, 35.7870472698982], [14.405742276328285, 35.78698230757914], [14.405687269788515, 35.787053254791566], [14.405753290571994, 35.7870472698982]], [[14.41187986908167, 35.786705251403944], [14.411826822665802, 35.786771252364524], [14.41184286927172, 35.78681027562894], [14.41187986908167, 35.786705251403944]], [[14.412197898743383, 35.78698825749929], [14.412257863983529, 35.78703624087458], [14.412219838297563, 35.78695825430274], [14.412197898743383, 35.78698825749929]], [[14.41217983452132, 35.787037301876175], [14.412173901148892, 35.7869632583584], [14.412134881027868, 35.78702031273197], [14.41217983452132, 35.787037301876175]], [[14.412508910766107, 35.78727032692615], [14.412516909365394, 35.787324276057724], [14.41253394681308, 35.787278291701526], [14.412508910766107, 35.78727032692615]], [[14.412374869549307, 35.78730627334283], [14.412342876050447, 35.787363272088484], [14.412362858175618, 35.78738834178812], [14.412374869549307, 35.78730627334283]], [[14.412569955781228, 35.78744434579095], [14.412455911062652, 35.787441354452135], [14.41246389349226, 35.78746032558673], [14.412569955781228, 35.78744434579095]], [[14.407986487096945, 35.78777732955898], [14.408044503891253, 35.787718386928944], [14.407967499406796, 35.78770430472975], [14.407986487096945, 35.78777732955898]], [[14.41208588152239, 35.78763932035787], [14.412110851094042, 35.78771832426045], [14.41211783100379, 35.78765029464492], [14.41208588152239, 35.78763932035787]], [[14.40828355007994, 35.78806835628652], [14.40833457977799, 35.78801641013013], [14.40826553077366, 35.78804933647411], [14.40828355007994, 35.78806835628652]], [[14.408664558829594, 35.78831138479799], [14.408650532534748, 35.78825839749003], [14.408600609561153, 35.78829637579952], [14.408664558829594, 35.78831138479799]], [[14.410124657136235, 35.788356420520664], [14.41016968159659, 35.788487450478236], [14.410228749419769, 35.78836035694607], [14.410124657136235, 35.788356420520664]]]]}}, {"type": "Feature", "properties": {"sitecode": "MT0000032", "layer": 1}, "geometry": {"type": "Polygon", "coordinates": [[[14.335079819610728, 35.922980371815484], [14.33328435954731, 35.92197833022866], [14.333109055116271, 35.920889813458224], [14.333649324386004, 35.92034286612391], [14.33297285614614, 35.91993401882064], [14.333174213517069, 35.91941015991403], [14.332630195577645, 35.91871738297514], [14.332955282404225, 35.91764038947145], [14.33250726382595, 35.91728202422527], [14.332919950765787, 35.915981428982505], [14.332614566688344, 35.91542077158026], [14.333533059930367, 35.91497282729915], [14.333330609309739, 35.91424544090062], [14.333719484606343, 35.91387351629355], [14.335563891174646, 35.91421437267709], [14.33559459379441, 35.91255370406219], [14.338435909342532, 35.91128389820311], [14.338222271103353, 35.91077640189528], [14.338431093474295, 35.90997431039568], [14.339044537710462, 35.90970248854879], [14.338341628458531, 35.908580244040685], [14.338918620857077, 35.90809720389267], [14.340080511727026, 35.908234568518786], [14.340614545790405, 35.90796031997139], [14.341080609726108, 35.906404797881606], [14.340708249057675, 35.90599504832937], [14.334542804038948, 35.90568971608349], [14.329319318952424, 35.90683942375382], [14.328180080000651, 35.906578408550395], [14.32842651393423, 35.90503432669001], [14.330081179246541, 35.904084023311384], [14.331613594628484, 35.90241026774917], [14.33094448808237, 35.90129790187397], [14.331028953973586, 35.900967917176054], [14.330498370339223, 35.90061728791675], [14.330476005881916, 35.9002783245695], [14.330891238647258, 35.900198790901285], [14.329005649713086, 35.89912695342867], [14.329338788139546, 35.89884604339539], [14.328593868275059, 35.898408755404866], [14.33000214906113, 35.89607061827519], [14.3289471711847, 35.8969185408829], [14.329018105752803, 35.896232786584115], [14.333452607711815, 35.89297554556019], [14.334743172364771, 35.89142146318557], [14.337149127495254, 35.885493310417154], [14.336236780526407, 35.880978520978246], [14.336361398415885, 35.87972841317451], [14.339756594506934, 35.87674786067186], [14.340392089688384, 35.87566866696793], [14.341170726020465, 35.87553556517431], [14.341913233908448, 35.87348604024422], [14.343898000443266, 35.87338980962926], [14.344036122706413, 35.872745785049766], [14.34706526520065, 35.87085859530528], [14.349335244143253, 35.87064727241057], [14.349522813272896, 35.87028375672446], [14.35075106628612, 35.870584801812676], [14.354415650062917, 35.87023244889812], [14.35444795258221, 35.86984222064628], [14.353766468149788, 35.86895409053581], [14.351715734730412, 35.86820424428436], [14.352573438078855, 35.8672439070535], [14.35395103780469, 35.86667270689693], [14.355307424713436, 35.86674489472326], [14.35664379536102, 35.86629918869832], [14.35799249358924, 35.86471946624254], [14.359217991469533, 35.86446000186338], [14.35928229287757, 35.86407363781743], [14.361284256760188, 35.86263356286407], [14.362038626901477, 35.86158787432435], [14.362203187481764, 35.86030161854587], [14.368888125534358, 35.85688107568786], [14.370062288289416, 35.85587602977395], [14.371601089794696, 35.85385004395912], [14.373830746059118, 35.8533548178892], [14.37610649308415, 35.852194905322946], [14.378880134050336, 35.850109334235974], [14.380198302135303, 35.848535146330526], [14.383317021036442, 35.849036515246766], [14.384557693258472, 35.84854394232932], [14.386844857870779, 35.846954086111225], [14.390413285979529, 35.84573603667115], [14.39299199971558, 35.84401277864216], [14.396017878630424, 35.84295723011106], [14.396348096633925, 35.84128811037207], [14.396027091751955, 35.84057356498213], [14.395538419017175, 35.84045392365203], [14.395999965325338, 35.839948474853784], [14.395963440724188, 35.83916612998225], [14.396351340450408, 35.838509952683104], [14.398217213160756, 35.83808716953347], [14.399705239191224, 35.83823640502205], [14.402111330865667, 35.836097252200084], [14.40705426220749, 35.835728361525334], [14.408578749058721, 35.83506999501663], [14.410900620082021, 35.834744447069376], [14.412183775430485, 35.834108107180754], [14.414584446670474, 35.83425990567722], [14.415870240370946, 35.83363355393814], [14.417373915053686, 35.83370215592917], [14.415715491190221, 35.83459855579886], [14.414053514489803, 35.83510010748793], [14.413371101199381, 35.834787112158786], [14.411767943488845, 35.83511887133584], [14.411552367583592, 35.83568738432882], [14.409072131660551, 35.83593728030152], [14.408534106382366, 35.83640927377893], [14.407738488298156, 35.835898981759314], [14.405792272065442, 35.83666673841301], [14.402305525968837, 35.83659409425568], [14.401446188584877, 35.837727781511816], [14.400571392093232, 35.83830371769035], [14.400426365378795, 35.83853747423648], [14.400868479330713, 35.838697621494475], [14.400804338721125, 35.8391277689143], [14.400288603340083, 35.83929801335277], [14.399686746472778, 35.84042720307738], [14.398223907406225, 35.84009985291432], [14.39802218262435, 35.840307179210456], [14.39799414620434, 35.84070622374906], [14.399114974184332, 35.8420207219301], [14.398860141002856, 35.843565789891585], [14.399697772394584, 35.84448977766067], [14.398122327710537, 35.84445611303559], [14.396821271633415, 35.84510101265618], [14.394825122545607, 35.84548628297649], [14.393184614682188, 35.847158133070664], [14.388686156268193, 35.849461917395885], [14.386914056893724, 35.851662640538], [14.385405324695954, 35.852150124236225], [14.382961521745896, 35.85192385423554], [14.381837709562511, 35.85269300446857], [14.379796766881405, 35.853331654796726], [14.378225344853226, 35.8543641310765], [14.376898902386161, 35.855807677032836], [14.374205453127068, 35.856493149386345], [14.372444222469216, 35.858565245922335], [14.3707194688018, 35.8597317756612], [14.369370143549506, 35.86012658647031], [14.366047795438115, 35.86235111975577], [14.364316914362133, 35.8646058083576], [14.361571413122222, 35.866207177482266], [14.3617144572548, 35.866742433428264], [14.360837224532093, 35.868182863949784], [14.358998273432498, 35.869145236087036], [14.359166599750452, 35.87006710007864], [14.358737834763632, 35.87093754770376], [14.35736734340663, 35.87103813291633], [14.356126506792865, 35.87163107118858], [14.353926552425005, 35.87156237461794], [14.353521988950291, 35.87112108078874], [14.352429228831342, 35.87094715723752], [14.350278852483992, 35.871074374804756], [14.349745823635427, 35.87157849035016], [14.348571650100602, 35.871095148714375], [14.348045584992136, 35.87232021812847], [14.347562457557604, 35.8719051617014], [14.34641486157877, 35.8720907613201], [14.345149165886161, 35.87299527671638], [14.34503375483003, 35.87364327077233], [14.344525364973089, 35.87416678843616], [14.34305387692698, 35.87378895846199], [14.342441939165548, 35.875432815805716], [14.339905454332687, 35.877597267629966], [14.33935570154846, 35.878595081126164], [14.33847024025774, 35.87898289706424], [14.337538648680573, 35.879928474459625], [14.33810311586912, 35.88131672775399], [14.337994426007942, 35.88215848200962], [14.338397551279906, 35.88254915544218], [14.339833990656892, 35.882785316579785], [14.33995187028341, 35.883223007469475], [14.33902525177964, 35.88484158645841], [14.339018022138234, 35.88598634877238], [14.338566949287996, 35.886975143312675], [14.338767985062029, 35.88748820698713], [14.33932573015733, 35.88737354175351], [14.339538026313484, 35.88763163345374], [14.339232902747435, 35.888780978268585], [14.33946341853418, 35.889783080061456], [14.338292830175671, 35.890996531498665], [14.337920173063196, 35.89100177934378], [14.337871521205729, 35.8922030158353], [14.336681083672685, 35.8945836788793], [14.335706774508775, 35.8958161278726], [14.334702133729303, 35.896246977605244], [14.333570821511655, 35.898205407989344], [14.334070011721755, 35.900203710684494], [14.335334777658067, 35.90136840781331], [14.336642277350707, 35.901523301779115], [14.336500694777104, 35.90227138531803], [14.335509699406813, 35.902973754022824], [14.334091727595455, 35.90316377549244], [14.33387320431776, 35.90374420237287], [14.332804573845646, 35.90358736049603], [14.331482040846716, 35.90456478864384], [14.329484624236038, 35.90495120768826], [14.33016560381529, 35.90605112653075], [14.33162967896365, 35.905950024790585], [14.334779402318475, 35.90508559087088], [14.337174439325034, 35.90523405845711], [14.337775856017865, 35.904807007113206], [14.339041348691199, 35.90574584688983], [14.341044993321722, 35.90572927388831], [14.341872085678535, 35.90603508620899], [14.341727971652446, 35.90624389245265], [14.342648402560544, 35.90644753281722], [14.343327800206573, 35.90709878788245], [14.342822393654695, 35.90742182022257], [14.34225002218995, 35.90884528931841], [14.340541433706072, 35.91079647128566], [14.339539750180514, 35.9126771457124], [14.337877945058304, 35.91317507780301], [14.337337835688688, 35.91408999125702], [14.337542296738919, 35.914550065703025], [14.336397113634954, 35.91517992062444], [14.336265728736437, 35.916443166455494], [14.334782216740281, 35.918068177628186], [14.336042117400984, 35.9192373463648], [14.33642531175171, 35.91924487376438], [14.337608957122898, 35.9212330541066], [14.339707712680774, 35.92089492982972], [14.339675924896117, 35.92188179117375], [14.339152900584864, 35.922550571868754], [14.33847181680108, 35.92282072223524], [14.336331964217292, 35.92275491882136], [14.336138238933005, 35.922137467188726], [14.335633348912388, 35.92230152442026], [14.335592692959285, 35.92286783199291], [14.335079819610728, 35.922980371815484]]]}}]}