dataset,geo,year,value,flag,eurostat_updated,query_url,retrieved
demo_pjan,AT,2013,8451860,,2026-09-25T23:00:00+0200,https://ec.europa.eu/eurostat/api/dissemination/statistics/1.0/data/demo_pjan?geo=BE&geo=BG&geo=CZ&geo=DK&geo=DE&geo=EE&geo=IE&geo=EL&geo=ES&geo=FR&geo=HR&geo=IT&geo=CY&geo=LV&geo=LT&geo=LU&geo=HU&geo=MT&geo=NL&geo=AT&geo=PL&geo=PT&geo=RO&geo=SI&geo=SK&geo=FI&geo=SE&geo=EU27_2020&sex=T&age=TOTAL&unit=NR&sinceTimePeriod=2013,2026-10-06
demo_pjan,AT,2014,8507786,,2026-09-25T23:00:00+0200,https://ec.europa.eu/eurostat/api/dissemination/statistics/1.0/data/demo_pjan?geo=BE&geo=BG&geo=CZ&geo=DK&geo=DE&geo=EE&geo=IE&geo=EL&geo=ES&geo=FR&geo=HR&geo=IT&geo=CY&geo=LV&geo=LT&geo=LU&geo=HU&geo=MT&geo=NL&geo=AT&geo=PL&geo=PT&geo=RO&geo=SI&geo=SK&geo=FI&geo=SE&geo=EU27_2020&sex=T&age=TOTAL&unit=NR&sinceTimePeriod=2013,2026-10-06
demo_pjan,AT,2015,8584926,,2026-09-25T23:00:00+0200,https://ec.europa.eu/eurostat/api/dissemination/statistics/1.0/data/demo_pjan?geo=BE&geo=BG&geo=CZ&geo=DK&geo=DE&geo=EE&geo=IE&geo=EL&geo=ES&geo=FR&geo=HR&geo=IT&geo=CY&geo=LV&geo=LT&geo=LU&geo=HU&geo=MT&geo=NL&geo=AT&geo=PL&geo=PT&geo=RO&geo=SI&geo=SK&geo=FI&geo=SE&geo=EU27_2020&sex=T&age=TOTAL&unit=NR&sinceTimePeriod=2013,2026-10-06
demo_pjan,AT,2016,8700471,,2026-09-25T23:00:00+0200,https://ec.europa.eu/eurostat/api/dissemination/statistics/1.0/data/demo_pjan?geo=BE&geo=BG&geo=CZ&geo=DK&geo=DE&geo=EE&geo=IE&geo=EL&geo=ES&geo=FR&geo=HR&geo=IT&geo=CY&geo=LV&geo=LT&geo=LU&geo=HU&geo=MT&geo=NL&geo=AT&geo=PL&geo=PT&geo=RO&geo=SI&geo=SK&geo=FI&geo=SE&geo=EU27_2020&sex=T&age=TOTAL&unit=NR&sinceTimePeriod=2013,2026-10-06
demo_pjan,AT,2017,8772865,,2026-09-25T23:00:00+0200,https://ec.europa.eu/eurostat/api/dissemination/statistics/1.0/data/demo_pjan?geo=BE&geo=BG&geo=CZ&geo=DK&geo=DE&geo=EE&geo=IE&geo=EL&geo=ES&geo=FR&geo=HR&geo=IT&geo=CY&geo=LV&geo=LT&geo=LU&geo=HU&geo=MT&geo=NL&geo=AT&geo=PL&geo=PT&geo=RO&geo=SI&geo=SK&geo=FI&geo=SE&geo=EU27_2020&sex=T&age=TOTAL&unit=NR&sinceTimePeriod=2013,2026-10-06
demo_pjan,AT,2018,8822267,,2026-09-25T23:00:00+0200,https://ec.europa.eu/eurostat/api/dissemination/statistics/1.0/data/demo_pjan?geo=BE&geo=BG&geo=CZ&geo=DK&geo=DE&geo=EE&geo=IE&geo=EL&geo=ES&geo=FR&geo=HR&geo=IT&geo=CY&geo=LV&geo=LT&geo=LU&geo=HU&geo=MT&geo=NL&geo=AT&geo=PL&geo=PT&geo=RO&geo=SI&geo=SK&geo=FI&geo=SE&geo=EU27_2020&sex=T&age=TOTAL&unit=NR&sinceTimePeriod=2013,2026-10-06
demo_pjan,AT,2019,8858775,,2026-09-25T23:00:00+0200,https://ec.europa.eu/eurostat/api/dissemination/statistics/1.0/data/demo_pjan?geo=BE&geo=BG&geo=CZ&geo=DK&geo=DE&geo=EE&geo=IE&geo=EL&geo=ES&geo=FR&geo=HR&geo=IT&geo=CY&geo=LV&geo=LT&geo=LU&geo=HU&geo=MT&geo=NL&geo=AT&geo=PL&geo=PT&geo=RO&geo=SI&geo=SK&geo=FI&geo=SE&geo=EU27_2020&sex=T&age=TOTAL&unit=NR&sinceTimePeriod=2013,2026-10-06
demo_pjan,AT,2020,8901064,,2026-09-25T23:00:00+0200,https://ec.europa.eu/eurostat/api/dissemination/statistics/1.0/data/demo_pjan?geo=BE&geo=BG&geo=CZ&geo=DK&geo=DE&geo=EE&geo=IE&geo=EL&geo=ES&geo=FR&geo=HR&geo=IT&geo=CY&geo=LV&geo=LT&geo=LU&geo=HU&geo=MT&geo=NL&geo=AT&geo=PL&geo=PT&geo=RO&geo=SI&geo=SK&geo=FI&geo=SE&geo=EU27_2020&sex=T&age=TOTAL&unit=NR&sinceTimePeriod=2013,2026-10-06
demo_pjan,AT,2021,8932664,,2026-09-25T23:00:00+0200,https://ec.europa.eu/eurostat/api/dissemination/statistics/1.0/data/demo_pjan?geo=BE&geo=BG&geo=CZ&geo=DK&geo=DE&geo=EE&geo=IE&geo=EL&geo=ES&geo=FR&geo=HR&geo=IT&geo=CY&geo=LV&geo=LT&geo=LU&geo=HU&geo=MT&geo=NL&geo=AT&geo=PL&geo=PT&geo=RO&geo=SI&geo=SK&geo=FI&geo=SE&geo=EU27_2020&sex=T&age=TOTAL&unit=NR&sinceTimePeriod=2013,2026-10-06
demo_pjan,AT,2022,8978929,,2026-09-25T23:00:00+0200,https://ec.europa.eu/eurostat/api/dissemination/statistics/1.0/data/demo_pjan?geo=BE&geo=BG&geo=CZ&geo=DK&geo=DE&geo=EE&geo=IE&geo=EL&geo=ES&geo=FR&geo=HR&geo=IT&geo=CY&geo=LV&geo=LT&geo=LU&geo=HU&geo=MT&geo=NL&geo=AT&geo=PL&geo=PT&geo=RO&geo=SI&geo=SK&geo=FI&geo=SE&geo=EU27_2020&sex=T&age=TOTAL&unit=NR&sinceTimePeriod=2013,2026-10-06
demo_pjan,AT,2023,9104772,,2026-09-25T23:00:00+0200,https://ec.europa.eu/eurostat/api/dissemination/statistics/1.0/data/demo_pjan?geo=BE&geo=BG&geo=CZ&geo=DK&geo=DE&geo=EE&geo=IE&geo=EL&geo=ES&geo=FR&geo=HR&geo=IT&geo=CY&geo=LV&geo=LT&geo=LU&geo=HU&geo=MT&geo=NL&geo=AT&geo=PL&geo=PT&geo=RO&geo=SI&geo=SK&geo=FI&geo=SE&geo=EU27_2020&sex=T&age=TOTAL&unit=NR&sinceTimePeriod=2013,2026-10-06
demo_pjan,AT,2024,9158750,,2026-09-25T23:00:00+0200,https://ec.europa.eu/eurostat/api/dissemination/statistics/1.0/data/demo_pjan?geo=BE&geo=BG&geo=CZ&geo=DK&geo=DE&geo=EE&geo=IE&geo=EL&geo=ES&geo=FR&geo=HR&geo=IT&geo=CY&geo=LV&geo=LT&geo=LU&geo=HU&geo=MT&geo=NL&geo=AT&geo=PL&geo=PT&geo=RO&geo=SI&geo=SK&geo=FI&geo=SE&geo=EU27_2020&sex=T&age=TOTAL&unit=NR&sinceTimePeriod=2013,2026-10-06
demo_pjan,AT,2025,9197213,,2026-09-25T23:00:00+0200,https://ec.europa.eu/eurostat/api/dissemination/statistics/1.0/data/demo_pjan?geo=BE&geo=BG&geo=CZ&geo=DK&geo=DE&geo=EE&geo=IE&geo=EL&geo=ES&geo=FR&geo=HR&geo=IT&geo=CY&geo=LV&geo=LT&geo=LU&geo=HU&geo=MT&geo=NL&geo=AT&geo=PL&geo=PT&geo=RO&geo=SI&geo=SK&geo=FI&geo=SE&geo=EU27_2020&sex=T&age=TOTAL&unit=NR&sinceTimePeriod=2013,2026-10-06
demo_pjan,BE,2013,11137974,,2026-09-25T23:00:00+0200,https://ec.europa.eu/eurostat/api/dissemination/statistics/1.0/data/demo_pjan?geo=BE&geo=BG&geo=CZ&geo=DK&geo=DE&geo=EE&geo=IE&geo=EL&geo=ES&geo=FR&geo=HR&geo=IT&geo=CY&geo=LV&geo=LT&geo=LU&geo=HU&geo=MT&geo=NL&geo=AT&geo=PL&geo=PT&geo=RO&geo=SI&geo=SK&geo=FI&geo=SE&geo=EU27_2020&sex=T&age=TOTAL&unit=NR&sinceTimePeriod=2013,2026-10-06
demo_pjan,BE,2014,11180840,,2026-09-25T23:00:00+0200,https://ec.europa.eu/eurostat/api/dissemination/statistics/1.0/data/demo_pjan?geo=BE&geo=BG&geo=CZ&geo=DK&geo=DE&geo=EE&geo=IE&geo=EL&geo=ES&geo=FR&geo=HR&geo=IT&geo=CY&geo=LV&geo=LT&geo=LU&geo=HU&geo=MT&geo=NL&geo=AT&geo=PL&geo=PT&geo=RO&geo=SI&geo=SK&geo=FI&geo=SE&geo=EU27_2020&sex=T&age=TOTAL&unit=NR&sinceTimePeriod=2013,2026-10-06
demo_pjan,BE,2015,11237274,,2026-09-25T23:00:00+0200,https://ec.europa.eu/eurostat/api/dissemination/statistics/1.0/data/demo_pjan?geo=BE&geo=BG&geo=CZ&geo=DK&geo=DE&geo=EE&geo=IE&geo=EL&geo=ES&geo=FR&geo=HR&geo=IT&geo=CY&geo=LV&geo=LT&geo=LU&geo=HU&geo=MT&geo=NL&geo=AT&geo=PL&geo=PT&geo=RO&geo=SI&geo=SK&geo=FI&geo=SE&geo=EU27_2020&sex=T&age=TOTAL&unit=NR&sinceTimePeriod=2013,2026-10-06
demo_pjan,BE,2016,11311117,,2026-09-25T23:00:00+0200,https://ec.europa.eu/eurostat/api/dissemination/statistics/1.0/data/demo_pjan?geo=BE&geo=BG&geo=CZ&geo=DK&geo=DE&geo=EE&geo=IE&geo=EL&geo=ES&geo=FR&geo=HR&geo=IT&geo=CY&geo=LV&geo=LT&geo=LU&geo=HU&geo=MT&geo=NL&geo=AT&geo=PL&geo=PT&geo=RO&geo=SI&geo=SK&geo=FI&geo=SE&geo=EU27_2020&sex=T&age=TOTAL&unit=NR&sinceTimePeriod=2013,2026-10-06
demo_pjan,BE,2017,11351727,,2026-09-25T23:00:00+0200,https://ec.europa.eu/eurostat/api/dissemination/statistics/1.0/data/demo_pjan?geo=BE&geo=BG&geo=CZ&geo=DK&geo=DE&geo=EE&geo=IE&geo=EL&geo=ES&geo=FR&geo=HR&geo=IT&geo=CY&geo=LV&geo=LT&geo=LU&geo=HU&geo=MT&geo=NL&geo=AT&geo=PL&geo=PT&geo=RO&geo=SI&geo=SK&geo=FI&geo=SE&geo=EU27_2020&sex=T&age=TOTAL&unit=NR&sinceTimePeriod=2013,2026-10-06
demo_pjan,BE,2018,11398589,,2026-09-25T23:00:00+0200,https://ec.europa.eu/eurostat/api/dissemination/statistics/1.0/data/demo_pjan?geo=BE&geo=BG&geo=CZ&geo=DK&geo=DE&geo=EE&geo=IE&geo=EL&geo=ES&geo=FR&geo=HR&geo=IT&geo=CY&geo=LV&geo=LT&geo=LU&geo=HU&geo=MT&geo=NL&geo=AT&geo=PL&geo=PT&geo=RO&geo=SI&geo=SK&geo=FI&geo=SE&geo=EU27_2020&sex=T&age=TOTAL&unit=NR&sinceTimePeriod=2013,2026-10-06
demo_pjan,BE,2019,11455519,,2026-09-25T23:00:00+0200,https://ec.europa.eu/eurostat/api/dissemination/statistics/1.0/data/demo_pjan?geo=BE&geo=BG&geo=CZ&geo=DK&geo=DE&geo=EE&geo=IE&geo=EL&geo=ES&geo=FR&geo=HR&geo=IT&geo=CY&geo=LV&geo=LT&geo=LU&geo=HU&geo=MT&geo=NL&geo=AT&geo=PL&geo=PT&geo=RO&geo=SI&geo=SK&geo=FI&geo=SE&geo=EU27_2020&sex=T&age=TOTAL&unit=NR&sinceTimePeriod=2013,2026-10-06
demo_pjan,BE,2020,11522440,,2026-09-25T23:00:00+0200,https://ec.europa.eu/eurostat/api/dissemination/statistics/1.0/data/demo_pjan?geo=BE&geo=BG&geo=CZ&geo=DK&geo=DE&geo=EE&geo=IE&geo=EL&geo=ES&geo=FR&geo=HR&geo=IT&geo=CY&geo=LV&geo=LT&geo=LU&geo=HU&geo=MT&geo=NL&geo=AT&geo=PL&geo=PT&geo=RO&geo=SI&geo=SK&geo=FI&geo=SE&geo=EU27_2020&sex=T&age=TOTAL&unit=NR&sinceTimePeriod=2013,2026-10-06
demo_pjan,BE,2021,11554767,,2026-09-25T23:00:00+0200,https://ec.europa.eu/eurostat/api/dissemination/statistics/1.0/data/demo_pjan?geo=BE&geo=BG&geo=CZ&geo=DK&geo=DE&geo=EE&geo=IE&geo=EL&geo=ES&geo=FR&geo=HR&geo=IT&geo=CY&geo=LV&geo=LT&geo=LU&geo=HU&geo=MT&geo=NL&geo=AT&geo=PL&geo=PT&geo=RO&geo=SI&geo=SK&geo=FI&geo=SE&geo=EU27_2020&sex=T&age=TOTAL&unit=NR&sinceTimePeriod=2013,2026-10-06
demo_pjan,BE,2022,11617623,,2026-09-25T23:00:00+0200,https://ec.europa.eu/eurostat/api/dissemination/statistics/1.0/data/demo_pjan?geo=BE&geo=BG&geo=CZ&geo=DK&geo=DE&geo=EE&geo=IE&geo=EL&geo=ES&geo=FR&geo=HR&geo=IT&geo=CY&geo=LV&geo=LT&geo=LU&geo=HU&geo=MT&geo=NL&geo=AT&geo=PL&geo=PT&geo=RO&geo=SI&geo=SK&geo=FI&geo=SE&geo=EU27_2020&sex=T&age=TOTAL&unit=NR&sinceTimePeriod=2013,2026-10-06
demo_pjan,BE,2023,11742796,,2026-09-25T23:00:00+0200,https://ec.europa.eu/eurostat/api/dissemination/statistics/1.0/data/demo_pjan?geo=BE&geo=BG&geo=CZ&geo=DK&geo=DE&geo=EE&geo=IE&geo=EL&geo=ES&geo=FR&geo=HR&geo=IT&geo=CY&geo=LV&geo=LT&geo=LU&geo=HU&geo=MT&geo=NL&geo=AT&geo=PL&geo=PT&geo=RO&geo=SI&geo=SK&geo=FI&geo=SE&geo=EU27_2020&sex=T&age=TOTAL&unit=NR&sinceTimePeriod=2013,2026-10-06
demo_pjan,BE,2024,11817096,,2026-09-25T23:00:00+0200,https://ec.europa.eu/eurostat/api/dissemination/statistics/1.0/data/demo_pjan?geo=BE&geo=BG&geo=CZ&geo=DK&geo=DE&geo=EE&geo=IE&geo=EL&geo=ES&geo=FR&geo=HR&geo=IT&geo=CY&geo=LV&geo=LT&geo=LU&geo=HU&geo=MT&geo=NL&geo=AT&geo=PL&geo=PT&geo=RO&geo=SI&geo=SK&geo=FI&geo=SE&geo=EU27_2020&sex=T&age=TOTAL&unit=NR&sinceTimePeriod=2013,2026-10-06
demo_pjan,BE,2025,11883495,,2026-09-25T23:00:00+0200,https://ec.europa.eu/eurostat/api/dissemination/statistics/1.0/data/demo_pjan?geo=BE&geo=BG&geo=CZ&geo=DK&geo=DE&geo=EE&geo=IE&geo=EL&geo=ES&geo=FR&geo=HR&geo=IT&geo=CY&geo=LV&geo=LT&geo=LU&geo=HU&geo=MT&geo=NL&geo=AT&geo=PL&geo=PT&geo=RO&geo=SI&geo=SK&geo=FI&geo=SE&geo=EU27_2020&sex=T&age=TOTAL&unit=NR&sinceTimePeriod=2013,2026-10-06
demo_pjan,BG,2013,7202556,,2026-09-25T23:00:00+0200,https://ec.europa.eu/eurostat/api/dissemination/statistics/1.0/data/demo_pjan?geo=BE&geo=BG&geo=CZ&geo=DK&geo=DE&geo=EE&geo=IE&geo=EL&geo=ES&geo=FR&geo=HR&geo=IT&geo=CY&geo=LV&geo=LT&geo=LU&geo=HU&geo=MT&geo=NL&geo=AT&geo=PL&geo=PT&geo=RO&geo=SI&geo=SK&geo=FI&geo=SE&geo=EU27_2020&sex=T&age=TOTAL&unit=NR&sinceTimePeriod=2013,2026-10-06
demo_pjan,BG,2014,7117453,,2026-09-25T23:00:00+0200,https://ec.europa.eu/eurostat/api/dissemination/statistics/1.0/data/demo_pjan?geo=BE&geo=BG&geo=CZ&geo=DK&geo=DE&geo=EE&geo=IE&geo=EL&geo=ES&geo=FR&geo=HR&geo=IT&geo=CY&geo=LV&geo=LT&geo=LU&geo=HU&geo=MT&geo=NL&geo=AT&geo=PL&geo=PT&geo=RO&geo=SI&geo=SK&geo=FI&geo=SE&geo=EU27_2020&sex=T&age=TOTAL&unit=NR&sinceTimePeriod=2013,2026-10-06
demo_pjan,BG,2015,7029690,,2026-09-25T23:00:00+0200,https://ec.europa.eu/eurostat/api/dissemination/statistics/1.0/data/demo_pjan?geo=BE&geo=BG&geo=CZ&geo=DK&geo=DE&geo=EE&geo=IE&geo=EL&geo=ES&geo=FR&geo=HR&geo=IT&geo=CY&geo=LV&geo=LT&geo=LU&geo=HU&geo=MT&geo=NL&geo=AT&geo=PL&geo=PT&geo=RO&geo=SI&geo=SK&geo=FI&geo=SE&geo=EU27_2020&sex=T&age=TOTAL&unit=NR&sinceTimePeriod=2013,2026-10-06
demo_pjan,BG,2016,6938759,,2026-09-25T23:00:00+0200,https://ec.europa.eu/eurostat/api/dissemination/statistics/1.0/data/demo_pjan?geo=BE&geo=BG&geo=CZ&geo=DK&geo=DE&geo=EE&geo=IE&geo=EL&geo=ES&geo=FR&geo=HR&geo=IT&geo=CY&geo=LV&geo=LT&geo=LU&geo=HU&geo=MT&geo=NL&geo=AT&geo=PL&geo=PT&geo=RO&geo=SI&geo=SK&geo=FI&geo=SE&geo=EU27_2020&sex=T&age=TOTAL&unit=NR&sinceTimePeriod=2013,2026-10-06
demo_pjan,BG,2017,6849518,,2026-09-25T23:00:00+0200,https://ec.europa.eu/eurostat/api/dissemination/statistics/1.0/data/demo_pjan?geo=BE&geo=BG&geo=CZ&geo=DK&geo=DE&geo=EE&geo=IE&geo=EL&geo=ES&geo=FR&geo=HR&geo=IT&geo=CY&geo=LV&geo=LT&geo=LU&geo=HU&geo=MT&geo=NL&geo=AT&geo=PL&geo=PT&geo=RO&geo=SI&geo=SK&geo=FI&geo=SE&geo=EU27_2020&sex=T&age=TOTAL&unit=NR&sinceTimePeriod=2013,2026-10-06
demo_pjan,BG,2018,6757418,,2026-09-25T23:00:00+0200,https://ec.europa.eu/eurostat/api/dissemination/statistics/1.0/data/demo_pjan?geo=BE&geo=BG&geo=CZ&geo=DK&geo=DE&geo=EE&geo=IE&geo=EL&geo=ES&geo=FR&geo=HR&geo=IT&geo=CY&geo=LV&geo=LT&geo=LU&geo=HU&geo=MT&geo=NL&geo=AT&geo=PL&geo=PT&geo=RO&geo=SI&geo=SK&geo=FI&geo=SE&geo=EU27_2020&sex=T&age=TOTAL&unit=NR&sinceTimePeriod=2013,2026-10-06
demo_pjan,BG,2019,6664177,,2026-09-25T23:00:00+0200,https://ec.europa.eu/eurostat/api/dissemination/statistics/1.0/data/demo_pjan?geo=BE&geo=BG&geo=CZ&geo=DK&geo=DE&geo=EE&geo=IE&geo=EL&geo=ES&geo=FR&geo=HR&geo=IT&geo=CY&geo=LV&geo=LT&geo=LU&geo=HU&geo=MT&geo=NL&geo=AT&geo=PL&geo=PT&geo=RO&geo=SI&geo=SK&geo=FI&geo=SE&geo=EU27_2020&sex=T&age=TOTAL&unit=NR&sinceTimePeriod=2013,2026-10-06
demo_pjan,BG,2020,6569275,,2026-09-25T23:00:00+0200,https://ec.europa.eu/eurostat/api/dissemination/statistics/1.0/data/demo_pjan?geo=BE&geo=BG&geo=CZ&geo=DK&geo=DE&geo=EE&geo=IE&geo=EL&geo=ES&geo=FR&geo=HR&geo=IT&geo=CY&geo=LV&geo=LT&geo=LU&geo=HU&geo=MT&geo=NL&geo=AT&geo=PL&geo=PT&geo=RO&geo=SI&geo=SK&geo=FI&geo=SE&geo=EU27_2020&sex=T&age=TOTAL&unit=NR&sinceTimePeriod=2013,2026-10-06
demo_pjan,BG,2021,6532117,,2026-09-25T23:00:00+0200,https://ec.europa.eu/eurostat/api/dissemination/statistics/1.0/data/demo_pjan?geo=BE&geo=BG&geo=CZ&geo=DK&geo=DE&geo=EE&geo=IE&geo=EL&geo=ES&geo=FR&geo=HR&geo=IT&geo=CY&geo=LV&geo=LT&geo=LU&geo=HU&geo=MT&geo=NL&geo=AT&geo=PL&geo=PT&geo=RO&geo=SI&geo=SK&geo=FI&geo=SE&geo=EU27_2020&sex=T&age=TOTAL&unit=NR&sinceTimePeriod=2013,2026-10-06
demo_pjan,BG,2022,6482484,,2026-09-25T23:00:00+0200,https://ec.europa.eu/eurostat/api/dissemination/statistics/1.0/data/demo_pjan?geo=BE&geo=BG&geo=CZ&geo=DK&geo=DE&geo=EE&geo=IE&geo=EL&geo=ES&geo=FR&geo=HR&geo=IT&geo=CY&geo=LV&geo=LT&geo=LU&geo=HU&geo=MT&geo=NL&geo=AT&geo=PL&geo=PT&geo=RO&geo=SI&geo=SK&geo=FI&geo=SE&geo=EU27_2020&sex=T&age=TOTAL&unit=NR&sinceTimePeriod=2013,2026-10-06
demo_pjan,BG,2023,6447710,,2026-09-25T23:00:00+0200,https://ec.europa.eu/eurostat/api/dissemination/statistics/1.0/data/demo_pjan?geo=BE&geo=BG&geo=CZ&geo=DK&geo=DE&geo=EE&geo=IE&geo=EL&geo=ES&geo=FR&geo=HR&geo=IT&geo=CY&geo=LV&geo=LT&geo=LU&geo=HU&geo=MT&geo=NL&geo=AT&geo=PL&geo=PT&geo=RO&geo=SI&geo=SK&geo=FI&geo=SE&geo=EU27_2020&sex=T&age=TOTAL&unit=NR&sinceTimePeriod=2013,2026-10-06
demo_pjan,BG,2024,6445481,,2026-09-25T23:00:00+0200,https://ec.europa.eu/eurostat/api/dissemination/statistics/1.0/data/demo_pjan?geo=BE&geo=BG&geo=CZ&geo=DK&geo=DE&geo=EE&geo=IE&geo=EL&geo=ES&geo=FR&geo=HR&geo=IT&geo=CY&geo=LV&geo=LT&geo=LU&geo=HU&geo=MT&geo=NL&geo=AT&geo=PL&geo=PT&geo=RO&geo=SI&geo=SK&geo=FI&geo=SE&geo=EU27_2020&sex=T&age=TOTAL&unit=NR&sinceTimePeriod=2013,2026-10-06
demo_pjan,BG,2025,6437360,,2026-09-25T23:00:00+0200,https://ec.europa.eu/eurostat/api/dissemination/statistics/1.0/data/demo_pjan?geo=BE&geo=BG&geo=CZ&geo=DK&geo=DE&geo=EE&geo=IE&geo=EL&geo=ES&geo=FR&geo=HR&geo=IT&geo=CY&geo=LV&geo=LT&geo=LU&geo=HU&geo=MT&geo=NL&geo=AT&geo=PL&geo=PT&geo=RO&geo=SI&geo=SK&geo=FI&geo=SE&geo=EU27_2020&sex=T&age=TOTAL&unit=NR&sinceTimePeriod=2013,2026-10-06
demo_pjan,CY,2013,862854,,2026-09-25T23:00:00+0200,https://ec.europa.eu/eurostat/api/dissemination/statistics/1.0/data/demo_pjan?geo=BE&geo=BG&geo=CZ&geo=DK&geo=DE&geo=EE&geo=IE&geo=EL&geo=ES&geo=FR&geo=HR&geo=IT&geo=CY&geo=LV&geo=LT&geo=LU&geo=HU&geo=MT&geo=NL&geo=AT&geo=PL&geo=PT&geo=RO&geo=SI&geo=SK&geo=FI&geo=SE&geo=EU27_2020&sex=T&age=TOTAL&unit=NR&sinceTimePeriod=2013,2026-10-06
demo_pjan,CY,2014,860032,,2026-09-25T23:00:00+0200,https://ec.europa.eu/eurostat/api/dissemination/statistics/1.0/data/demo_pjan?geo=BE&geo=BG&geo=CZ&geo=DK&geo=DE&geo=EE&geo=IE&geo=EL&geo=ES&geo=FR&geo=HR&geo=IT&geo=CY&geo=LV&geo=LT&geo=LU&geo=HU&geo=MT&geo=NL&geo=AT&geo=PL&geo=PT&geo=RO&geo=SI&geo=SK&geo=FI&geo=SE&geo=EU27_2020&sex=T&age=TOTAL&unit=NR&sinceTimePeriod=2013,2026-10-06
demo_pjan,CY,2015,860846,,2026-09-25T23:00:00+0200,https://ec.europa.eu/eurostat/api/dissemination/statistics/1.0/data/demo_pjan?geo=BE&geo=BG&geo=CZ&geo=DK&geo=DE&geo=EE&geo=IE&geo=EL&geo=ES&geo=FR&geo=HR&geo=IT&geo=CY&geo=LV&geo=LT&geo=LU&geo=HU&geo=MT&geo=NL&geo=AT&geo=PL&geo=PT&geo=RO&geo=SI&geo=SK&geo=FI&geo=SE&geo=EU27_2020&sex=T&age=TOTAL&unit=NR&sinceTimePeriod=2013,2026-10-06
demo_pjan,CY,2016,863764,,2026-09-25T23:00:00+0200,https://ec.europa.eu/eurostat/api/dissemination/statistics/1.0/data/demo_pjan?geo=BE&geo=BG&geo=CZ&geo=DK&geo=DE&geo=EE&geo=IE&geo=EL&geo=ES&geo=FR&geo=HR&geo=IT&geo=CY&geo=LV&geo=LT&geo=LU&geo=HU&geo=MT&geo=NL&geo=AT&geo=PL&geo=PT&geo=RO&geo=SI&geo=SK&geo=FI&geo=SE&geo=EU27_2020&sex=T&age=TOTAL&unit=NR&sinceTimePeriod=2013,2026-10-06
demo_pjan,CY,2017,869878,,2026-09-25T23:00:00+0200,https://ec.europa.eu/eurostat/api/dissemination/statistics/1.0/data/demo_pjan?geo=BE&geo=BG&geo=CZ&geo=DK&geo=DE&geo=EE&geo=IE&geo=EL&geo=ES&geo=FR&geo=HR&geo=IT&geo=CY&geo=LV&geo=LT&geo=LU&geo=HU&geo=MT&geo=NL&geo=AT&geo=PL&geo=PT&geo=RO&geo=SI&geo=SK&geo=FI&geo=SE&geo=EU27_2020&sex=T&age=TOTAL&unit=NR&sinceTimePeriod=2013,2026-10-06
demo_pjan,CY,2018,878601,,2026-09-25T23:00:00+0200,https://ec.europa.eu/eurostat/api/dissemination/statistics/1.0/data/demo_pjan?geo=BE&geo=BG&geo=CZ&geo=DK&geo=DE&geo=EE&geo=IE&geo=EL&geo=ES&geo=FR&geo=HR&geo=IT&geo=CY&geo=LV&geo=LT&geo=LU&geo=HU&geo=MT&geo=NL&geo=AT&geo=PL&geo=PT&geo=RO&geo=SI&geo=SK&geo=FI&geo=SE&geo=EU27_2020&sex=T&age=TOTAL&unit=NR&sinceTimePeriod=2013,2026-10-06
demo_pjan,CY,2019,890194,,2026-09-25T23:00:00+0200,https://ec.europa.eu/eurostat/api/dissemination/statistics/1.0/data/demo_pjan?geo=BE&geo=BG&geo=CZ&geo=DK&geo=DE&geo=EE&geo=IE&geo=EL&geo=ES&geo=FR&geo=HR&geo=IT&geo=CY&geo=LV&geo=LT&geo=LU&geo=HU&geo=MT&geo=NL&geo=AT&geo=PL&geo=PT&geo=RO&geo=SI&geo=SK&geo=FI&geo=SE&geo=EU27_2020&sex=T&age=TOTAL&unit=NR&sinceTimePeriod=2013,2026-10-06
demo_pjan,CY,2020,902429,,2026-09-25T23:00:00+0200,https://ec.europa.eu/eurostat/api/dissemination/statistics/1.0/data/demo_pjan?geo=BE&geo=BG&geo=CZ&geo=DK&geo=DE&geo=EE&geo=IE&geo=EL&geo=ES&geo=FR&geo=HR&geo=IT&geo=CY&geo=LV&geo=LT&geo=LU&geo=HU&geo=MT&geo=NL&geo=AT&geo=PL&geo=PT&geo=RO&geo=SI&geo=SK&geo=FI&geo=SE&geo=EU27_2020&sex=T&age=TOTAL&unit=NR&sinceTimePeriod=2013,2026-10-06
demo_pjan,CY,2021,914476,,2026-09-25T23:00:00+0200,https://ec.europa.eu/eurostat/api/dissemination/statistics/1.0/data/demo_pjan?geo=BE&geo=BG&geo=CZ&geo=DK&geo=DE&geo=EE&geo=IE&geo=EL&geo=ES&geo=FR&geo=HR&geo=IT&geo=CY&geo=LV&geo=LT&geo=LU&geo=HU&geo=MT&geo=NL&geo=AT&geo=PL&geo=PT&geo=RO&geo=SI&geo=SK&geo=FI&geo=SE&geo=EU27_2020&sex=T&age=TOTAL&unit=NR&sinceTimePeriod=2013,2026-10-06
demo_pjan,CY,2022,929764,,2026-09-25T23:00:00+0200,https://ec.europa.eu/eurostat/api/dissemination/statistics/1.0/data/demo_pjan?geo=BE&geo=BG&geo=CZ&geo=DK&geo=DE&geo=EE&geo=IE&geo=EL&geo=ES&geo=FR&geo=HR&geo=IT&geo=CY&geo=LV&geo=LT&geo=LU&geo=HU&geo=MT&geo=NL&geo=AT&geo=PL&geo=PT&geo=RO&geo=SI&geo=SK&geo=FI&geo=SE&geo=EU27_2020&sex=T&age=TOTAL&unit=NR&sinceTimePeriod=2013,2026-10-06
demo_pjan,CY,2023,949084,,2026-09-25T23:00:00+0200,https://ec.europa.eu/eurostat/api/dissemination/statistics/1.0/data/demo_pjan?geo=BE&geo=BG&geo=CZ&geo=DK&geo=DE&geo=EE&geo=IE&geo=EL&geo=ES&geo=FR&geo=HR&geo=IT&geo=CY&geo=LV&geo=LT&geo=LU&geo=HU&geo=MT&geo=NL&geo=AT&geo=PL&geo=PT&geo=RO&geo=SI&geo=SK&geo=FI&geo=SE&geo=EU27_2020&sex=T&age=TOTAL&unit=NR&sinceTimePeriod=2013,2026-10-06
demo_pjan,CY,2024,966365,,2026-09-25T23:00:00+0200,https://ec.europa.eu/eurostat/api/dissemination/statistics/1.0/data/demo_pjan?geo=BE&geo=BG&geo=CZ&geo=DK&geo=DE&geo=EE&geo=IE&geo=EL&geo=ES&geo=FR&geo=HR&geo=IT&geo=CY&geo=LV&geo=LT&geo=LU&geo=HU&geo=MT&geo=NL&geo=AT&geo=PL&geo=PT&geo=RO&geo=SI&geo=SK&geo=FI&geo=SE&geo=EU27_2020&sex=T&age=TOTAL&unit=NR&sinceTimePeriod=2013,2026-10-06
demo_pjan,CY,2025,982966,,2026-09-25T23:00:00+0200,https://ec.europa.eu/eurostat/api/dissemination/statistics/1.0/data/demo_pjan?geo=BE&geo=BG&geo=CZ&geo=DK&geo=DE&geo=EE&geo=IE&geo=EL&geo=ES&geo=FR&geo=HR&geo=IT&geo=CY&geo=LV&geo=LT&geo=LU&geo=HU&geo=MT&geo=NL&geo=AT&geo=PL&geo=PT&geo=RO&geo=SI&geo=SK&geo=FI&geo=SE&geo=EU27_2020&sex=T&age=TOTAL&unit=NR&sinceTimePeriod=2013,2026-10-06
demo_pjan,CZ,2013,10516125,,2026-09-25T23:00:00+0200,https://ec.europa.eu/eurostat/api/dissemination/statistics/1.0/data/demo_pjan?geo=BE&geo=BG&geo=CZ&geo=DK&geo=DE&geo=EE&geo=IE&geo=EL&geo=ES&geo=FR&geo=HR&geo=IT&geo=CY&geo=LV&geo=LT&geo=LU&geo=HU&geo=MT&geo=NL&geo=AT&geo=PL&geo=PT&geo=RO&geo=SI&geo=SK&geo=FI&geo=SE&geo=EU27_2020&sex=T&age=TOTAL&unit=NR&sinceTimePeriod=2013,2026-10-06
demo_pjan,CZ,2014,10512419,,2026-09-25T23:00:00+0200,https://ec.europa.eu/eurostat/api/dissemination/statistics/1.0/data/demo_pjan?geo=BE&geo=BG&geo=CZ&geo=DK&geo=DE&geo=EE&geo=IE&geo=EL&geo=ES&geo=FR&geo=HR&geo=IT&geo=CY&geo=LV&geo=LT&geo=LU&geo=HU&geo=MT&geo=NL&geo=AT&geo=PL&geo=PT&geo=RO&geo=SI&geo=SK&geo=FI&geo=SE&geo=EU27_2020&sex=T&age=TOTAL&unit=NR&sinceTimePeriod=2013,2026-10-06
demo_pjan,CZ,2015,10538275,,2026-09-25T23:00:00+0200,https://ec.europa.eu/eurostat/api/dissemination/statistics/1.0/data/demo_pjan?geo=BE&geo=BG&geo=CZ&geo=DK&geo=DE&geo=EE&geo=IE&geo=EL&geo=ES&geo=FR&geo=HR&geo=IT&geo=CY&geo=LV&geo=LT&geo=LU&geo=HU&geo=MT&geo=NL&geo=AT&geo=PL&geo=PT&geo=RO&geo=SI&geo=SK&geo=FI&geo=SE&geo=EU27_2020&sex=T&age=TOTAL&unit=NR&sinceTimePeriod=2013,2026-10-06
demo_pjan,CZ,2016,10553843,,2026-09-25T23:00:00+0200,https://ec.europa.eu/eurostat/api/dissemination/statistics/1.0/data/demo_pjan?geo=BE&geo=BG&geo=CZ&geo=DK&geo=DE&geo=EE&geo=IE&geo=EL&geo=ES&geo=FR&geo=HR&geo=IT&geo=CY&geo=LV&geo=LT&geo=LU&geo=HU&geo=MT&geo=NL&geo=AT&geo=PL&geo=PT&geo=RO&geo=SI&geo=SK&geo=FI&geo=SE&geo=EU27_2020&sex=T&age=TOTAL&unit=NR&sinceTimePeriod=2013,2026-10-06
demo_pjan,CZ,2017,10578820,,2026-09-25T23:00:00+0200,https://ec.europa.eu/eurostat/api/dissemination/statistics/1.0/data/demo_pjan?geo=BE&geo=BG&geo=CZ&geo=DK&geo=DE&geo=EE&geo=IE&geo=EL&geo=ES&geo=FR&geo=HR&geo=IT&geo=CY&geo=LV&geo=LT&geo=LU&geo=HU&geo=MT&geo=NL&geo=AT&geo=PL&geo=PT&geo=RO&geo=SI&geo=SK&geo=FI&geo=SE&geo=EU27_2020&sex=T&age=TOTAL&unit=NR&sinceTimePeriod=2013,2026-10-06
demo_pjan,CZ,2018,10610055,,2026-09-25T23:00:00+0200,https://ec.europa.eu/eurostat/api/dissemination/statistics/1.0/data/demo_pjan?geo=BE&geo=BG&geo=CZ&geo=DK&geo=DE&geo=EE&geo=IE&geo=EL&geo=ES&geo=FR&geo=HR&geo=IT&geo=CY&geo=LV&geo=LT&geo=LU&geo=HU&geo=MT&geo=NL&geo=AT&geo=PL&geo=PT&geo=RO&geo=SI&geo=SK&geo=FI&geo=SE&geo=EU27_2020&sex=T&age=TOTAL&unit=NR&sinceTimePeriod=2013,2026-10-06
demo_pjan,CZ,2019,10649800,,2026-09-25T23:00:00+0200,https://ec.europa.eu/eurostat/api/dissemination/statistics/1.0/data/demo_pjan?geo=BE&geo=BG&geo=CZ&geo=DK&geo=DE&geo=EE&geo=IE&geo=EL&geo=ES&geo=FR&geo=HR&geo=IT&geo=CY&geo=LV&geo=LT&geo=LU&geo=HU&geo=MT&geo=NL&geo=AT&geo=PL&geo=PT&geo=RO&geo=SI&geo=SK&geo=FI&geo=SE&geo=EU27_2020&sex=T&age=TOTAL&unit=NR&sinceTimePeriod=2013,2026-10-06
demo_pjan,CZ,2020,10693939,,2026-09-25T23:00:00+0200,https://ec.europa.eu/eurostat/api/dissemination/statistics/1.0/data/demo_pjan?geo=BE&geo=BG&geo=CZ&geo=DK&geo=DE&geo=EE&geo=IE&geo=EL&geo=ES&geo=FR&geo=HR&geo=IT&geo=CY&geo=LV&geo=LT&geo=LU&geo=HU&geo=MT&geo=NL&geo=AT&geo=PL&geo=PT&geo=RO&geo=SI&geo=SK&geo=FI&geo=SE&geo=EU27_2020&sex=T&age=TOTAL&unit=NR&sinceTimePeriod=2013,2026-10-06
demo_pjan,CZ,2021,10494836,b,2026-09-25T23:00:00+0200,https://ec.europa.eu/eurostat/api/dissemination/statistics/1.0/data/demo_pjan?geo=BE&geo=BG&geo=CZ&geo=DK&geo=DE&geo=EE&geo=IE&geo=EL&geo=ES&geo=FR&geo=HR&geo=IT&geo=CY&geo=LV&geo=LT&geo=LU&geo=HU&geo=MT&geo=NL&geo=AT&geo=PL&geo=PT&geo=RO&geo=SI&geo=SK&geo=FI&geo=SE&geo=EU27_2020&sex=T&age=TOTAL&unit=NR&sinceTimePeriod=2013,2026-10-06
demo_pjan,CZ,2022,10516707,,2026-09-25T23:00:00+0200,https://ec.europa.eu/eurostat/api/dissemination/statistics/1.0/data/demo_pjan?geo=BE&geo=BG&geo=CZ&geo=DK&geo=DE&geo=EE&geo=IE&geo=EL&geo=ES&geo=FR&geo=HR&geo=IT&geo=CY&geo=LV&geo=LT&geo=LU&geo=HU&geo=MT&geo=NL&geo=AT&geo=PL&geo=PT&geo=RO&geo=SI&geo=SK&geo=FI&geo=SE&geo=EU27_2020&sex=T&age=TOTAL&unit=NR&sinceTimePeriod=2013,2026-10-06
demo_pjan,CZ,2023,10827529,,2026-09-25T23:00:00+0200,https://ec.europa.eu/eurostat/api/dissemination/statistics/1.0/data/demo_pjan?geo=BE&geo=BG&geo=CZ&geo=DK&geo=DE&geo=EE&geo=IE&geo=EL&geo=ES&geo=FR&geo=HR&geo=IT&geo=CY&geo=LV&geo=LT&geo=LU&geo=HU&geo=MT&geo=NL&geo=AT&geo=PL&geo=PT&geo=RO&geo=SI&geo=SK&geo=FI&geo=SE&geo=EU27_2020&sex=T&age=TOTAL&unit=NR&sinceTimePeriod=2013,2026-10-06
demo_pjan,CZ,2024,10900555,,2026-09-25T23:00:00+0200,https://ec.europa.eu/eurostat/api/dissemination/statistics/1.0/data/demo_pjan?geo=BE&geo=BG&geo=CZ&geo=DK&geo=DE&geo=EE&geo=IE&geo=EL&geo=ES&geo=FR&geo=HR&geo=IT&geo=CY&geo=LV&geo=LT&geo=LU&geo=HU&geo=MT&geo=NL&geo=AT&geo=PL&geo=PT&geo=RO&geo=SI&geo=SK&geo=FI&geo=SE&geo=EU27_2020&sex=T&age=TOTAL&unit=NR&sinceTimePeriod=2013,2026-10-06
demo_pjan,CZ,2025,10909500,,2026-09-25T23:00:00+0200,https://ec.europa.eu/eurostat/api/dissemination/statistics/1.0/data/demo_pjan?geo=BE&geo=BG&geo=CZ&geo=DK&geo=DE&geo=EE&geo=IE&geo=EL&geo=ES&geo=FR&geo=HR&geo=IT&geo=CY&geo=LV&geo=LT&geo=LU&geo=HU&geo=MT&geo=NL&geo=AT&geo=PL&geo=PT&geo=RO&geo=SI&geo=SK&geo=FI&geo=SE&geo=EU27_2020&sex=T&age=TOTAL&unit=NR&sinceTimePeriod=2013,2026-10-06
demo_pjan,DE,2013,80523746,,2026-09-25T23:00:00+0200,https://ec.europa.eu/eurostat/api/dissemination/statistics/1.0/data/demo_pjan?geo=BE&geo=BG&geo=CZ&geo=DK&geo=DE&geo=EE&geo=IE&geo=EL&geo=ES&geo=FR&geo=HR&geo=IT&geo=CY&geo=LV&geo=LT&geo=LU&geo=HU&geo=MT&geo=NL&geo=AT&geo=PL&geo=PT&geo=RO&geo=SI&geo=SK&geo=FI&geo=SE&geo=EU27_2020&sex=T&age=TOTAL&unit=NR&sinceTimePeriod=2013,2026-10-06
demo_pjan,DE,2014,80767463,,2026-09-25T23:00:00+0200,https://ec.europa.eu/eurostat/api/dissemination/statistics/1.0/data/demo_pjan?geo=BE&geo=BG&geo=CZ&geo=DK&geo=DE&geo=EE&geo=IE&geo=EL&geo=ES&geo=FR&geo=HR&geo=IT&geo=CY&geo=LV&geo=LT&geo=LU&geo=HU&geo=MT&geo=NL&geo=AT&geo=PL&geo=PT&geo=RO&geo=SI&geo=SK&geo=FI&geo=SE&geo=EU27_2020&sex=T&age=TOTAL&unit=NR&sinceTimePeriod=2013,2026-10-06
demo_pjan,DE,2015,81197537,,2026-09-25T23:00:00+0200,https://ec.europa.eu/eurostat/api/dissemination/statistics/1.0/data/demo_pjan?geo=BE&geo=BG&geo=CZ&geo=DK&geo=DE&geo=EE&geo=IE&geo=EL&geo=ES&geo=FR&geo=HR&geo=IT&geo=CY&geo=LV&geo=LT&geo=LU&geo=HU&geo=MT&geo=NL&geo=AT&geo=PL&geo=PT&geo=RO&geo=SI&geo=SK&geo=FI&geo=SE&geo=EU27_2020&sex=T&age=TOTAL&unit=NR&sinceTimePeriod=2013,2026-10-06
demo_pjan,DE,2016,82175684,,2026-09-25T23:00:00+0200,https://ec.europa.eu/eurostat/api/dissemination/statistics/1.0/data/demo_pjan?geo=BE&geo=BG&geo=CZ&geo=DK&geo=DE&geo=EE&geo=IE&geo=EL&geo=ES&geo=FR&geo=HR&geo=IT&geo=CY&geo=LV&geo=LT&geo=LU&geo=HU&geo=MT&geo=NL&geo=AT&geo=PL&geo=PT&geo=RO&geo=SI&geo=SK&geo=FI&geo=SE&geo=EU27_2020&sex=T&age=TOTAL&unit=NR&sinceTimePeriod=2013,2026-10-06
demo_pjan,DE,2017,82521653,,2026-09-25T23:00:00+0200,https://ec.europa.eu/eurostat/api/dissemination/statistics/1.0/data/demo_pjan?geo=BE&geo=BG&geo=CZ&geo=DK&geo=DE&geo=EE&geo=IE&geo=EL&geo=ES&geo=FR&geo=HR&geo=IT&geo=CY&geo=LV&geo=LT&geo=LU&geo=HU&geo=MT&geo=NL&geo=AT&geo=PL&geo=PT&geo=RO&geo=SI&geo=SK&geo=FI&geo=SE&geo=EU27_2020&sex=T&age=TOTAL&unit=NR&sinceTimePeriod=2013,2026-10-06
demo_pjan,DE,2018,82792351,,2026-09-25T23:00:00+0200,https://ec.europa.eu/eurostat/api/dissemination/statistics/1.0/data/demo_pjan?geo=BE&geo=BG&geo=CZ&geo=DK&geo=DE&geo=EE&geo=IE&geo=EL&geo=ES&geo=FR&geo=HR&geo=IT&geo=CY&geo=LV&geo=LT&geo=LU&geo=HU&geo=MT&geo=NL&geo=AT&geo=PL&geo=PT&geo=RO&geo=SI&geo=SK&geo=FI&geo=SE&geo=EU27_2020&sex=T&age=TOTAL&unit=NR&sinceTimePeriod=2013,2026-10-06
demo_pjan,DE,2019,83019213,,2026-09-25T23:00:00+0200,https://ec.europa.eu/eurostat/api/dissemination/statistics/1.0/data/demo_pjan?geo=BE&geo=BG&geo=CZ&geo=DK&geo=DE&geo=EE&geo=IE&geo=EL&geo=ES&geo=FR&geo=HR&geo=IT&geo=CY&geo=LV&geo=LT&geo=LU&geo=HU&geo=MT&geo=NL&geo=AT&geo=PL&geo=PT&geo=RO&geo=SI&geo=SK&geo=FI&geo=SE&geo=EU27_2020&sex=T&age=TOTAL&unit=NR&sinceTimePeriod=2013,2026-10-06
demo_pjan,DE,2020,83166711,,2026-09-25T23:00:00+0200,https://ec.europa.eu/eurostat/api/dissemination/statistics/1.0/data/demo_pjan?geo=BE&geo=BG&geo=CZ&geo=DK&geo=DE&geo=EE&geo=IE&geo=EL&geo=ES&geo=FR&geo=HR&geo=IT&geo=CY&geo=LV&geo=LT&geo=LU&geo=HU&geo=MT&geo=NL&geo=AT&geo=PL&geo=PT&geo=RO&geo=SI&geo=SK&geo=FI&geo=SE&geo=EU27_2020&sex=T&age=TOTAL&unit=NR&sinceTimePeriod=2013,2026-10-06
demo_pjan,DE,2021,83155031,,2026-09-25T23:00:00+0200,https://ec.europa.eu/eurostat/api/dissemination/statistics/1.0/data/demo_pjan?geo=BE&geo=BG&geo=CZ&geo=DK&geo=DE&geo=EE&geo=IE&geo=EL&geo=ES&geo=FR&geo=HR&geo=IT&geo=CY&geo=LV&geo=LT&geo=LU&geo=HU&geo=MT&geo=NL&geo=AT&geo=PL&geo=PT&geo=RO&geo=SI&geo=SK&geo=FI&geo=SE&geo=EU27_2020&sex=T&age=TOTAL&unit=NR&sinceTimePeriod=2013,2026-10-06
demo_pjan,DE,2022,83237124,,2026-09-25T23:00:00+0200,https://ec.europa.eu/eurostat/api/dissemination/statistics/1.0/data/demo_pjan?geo=BE&geo=BG&geo=CZ&geo=DK&geo=DE&geo=EE&geo=IE&geo=EL&geo=ES&geo=FR&geo=HR&geo=IT&geo=CY&geo=LV&geo=LT&geo=LU&geo=HU&geo=MT&geo=NL&geo=AT&geo=PL&geo=PT&geo=RO&geo=SI&geo=SK&geo=FI&geo=SE&geo=EU27_2020&sex=T&age=TOTAL&unit=NR&sinceTimePeriod=2013,2026-10-06
demo_pjan,DE,2023,83118501,b,2026-09-25T23:00:00+0200,https://ec.europa.eu/eurostat/api/dissemination/statistics/1.0/data/demo_pjan?geo=BE&geo=BG&geo=CZ&geo=DK&geo=DE&geo=EE&geo=IE&geo=EL&geo=ES&geo=FR&geo=HR&geo=IT&geo=CY&geo=LV&geo=LT&geo=LU&geo=HU&geo=MT&geo=NL&geo=AT&geo=PL&geo=PT&geo=RO&geo=SI&geo=SK&geo=FI&geo=SE&geo=EU27_2020&sex=T&age=TOTAL&unit=NR&sinceTimePeriod=2013,2026-10-06
demo_pjan,DE,2024,83456045,,2026-09-25T23:00:00+0200,https://ec.europa.eu/eurostat/api/dissemination/statistics/1.0/data/demo_pjan?geo=BE&geo=BG&geo=CZ&geo=DK&geo=DE&geo=EE&geo=IE&geo=EL&geo=ES&geo=FR&geo=HR&geo=IT&geo=CY&geo=LV&geo=LT&geo=LU&geo=HU&geo=MT&geo=NL&geo=AT&geo=PL&geo=PT&geo=RO&geo=SI&geo=SK&geo=FI&geo=SE&geo=EU27_2020&sex=T&age=TOTAL&unit=NR&sinceTimePeriod=2013,2026-10-06
demo_pjan,DE,2025,83577140,,2026-09-25T23:00:00+0200,https://ec.europa.eu/eurostat/api/dissemination/statistics/1.0/data/demo_pjan?geo=BE&geo=BG&geo=CZ&geo=DK&geo=DE&geo=EE&geo=IE&geo=EL&geo=ES&geo=FR&geo=HR&geo=IT&geo=CY&geo=LV&geo=LT&geo=LU&geo=HU&geo=MT&geo=NL&geo=AT&geo=PL&geo=PT&geo=RO&geo=SI&geo=SK&geo=FI&geo=SE&geo=EU27_2020&sex=T&age=TOTAL&unit=NR&sinceTimePeriod=2013,2026-10-06
demo_pjan,DK,2013,5602628,,2026-09-25T23:00:00+0200,https://ec.europa.eu/eurostat/api/dissemination/statistics/1.0/data/demo_pjan?geo=BE&geo=BG&geo=CZ&geo=DK&geo=DE&geo=EE&geo=IE&geo=EL&geo=ES&geo=FR&geo=HR&geo=IT&geo=CY&geo=LV&geo=LT&geo=LU&geo=HU&geo=MT&geo=NL&geo=AT&geo=PL&geo=PT&geo=RO&geo=SI&geo=SK&geo=FI&geo=SE&geo=EU27_2020&sex=T&age=TOTAL&unit=NR&sinceTimePeriod=2013,2026-10-06
demo_pjan,DK,2014,5627235,,2026-09-25T23:00:00+0200,https://ec.europa.eu/eurostat/api/dissemination/statistics/1.0/data/demo_pjan?geo=BE&geo=BG&geo=CZ&geo=DK&geo=DE&geo=EE&geo=IE&geo=EL&geo=ES&geo=FR&geo=HR&geo=IT&geo=CY&geo=LV&geo=LT&geo=LU&geo=HU&geo=MT&geo=NL&geo=AT&geo=PL&geo=PT&geo=RO&geo=SI&geo=SK&geo=FI&geo=SE&geo=EU27_2020&sex=T&age=TOTAL&unit=NR&sinceTimePeriod=2013,2026-10-06
demo_pjan,DK,2015,5659715,,2026-09-25T23:00:00+0200,https://ec.europa.eu/eurostat/api/dissemination/statistics/1.0/data/demo_pjan?geo=BE&geo=BG&geo=CZ&geo=DK&geo=DE&geo=EE&geo=IE&geo=EL&geo=ES&geo=FR&geo=HR&geo=IT&geo=CY&geo=LV&geo=LT&geo=LU&geo=HU&geo=MT&geo=NL&geo=AT&geo=PL&geo=PT&geo=RO&geo=SI&geo=SK&geo=FI&geo=SE&geo=EU27_2020&sex=T&age=TOTAL&unit=NR&sinceTimePeriod=2013,2026-10-06
demo_pjan,DK,2016,5707251,,2026-09-25T23:00:00+0200,https://ec.europa.eu/eurostat/api/dissemination/statistics/1.0/data/demo_pjan?geo=BE&geo=BG&geo=CZ&geo=DK&geo=DE&geo=EE&geo=IE&geo=EL&geo=ES&geo=FR&geo=HR&geo=IT&geo=CY&geo=LV&geo=LT&geo=LU&geo=HU&geo=MT&geo=NL&geo=AT&geo=PL&geo=PT&geo=RO&geo=SI&geo=SK&geo=FI&geo=SE&geo=EU27_2020&sex=T&age=TOTAL&unit=NR&sinceTimePeriod=2013,2026-10-06
demo_pjan,DK,2017,5748769,,2026-09-25T23:00:00+0200,https://ec.europa.eu/eurostat/api/dissemination/statistics/1.0/data/demo_pjan?geo=BE&geo=BG&geo=CZ&geo=DK&geo=DE&geo=EE&geo=IE&geo=EL&geo=ES&geo=FR&geo=HR&geo=IT&geo=CY&geo=LV&geo=LT&geo=LU&geo=HU&geo=MT&geo=NL&geo=AT&geo=PL&geo=PT&geo=RO&geo=SI&geo=SK&geo=FI&geo=SE&geo=EU27_2020&sex=T&age=TOTAL&unit=NR&sinceTimePeriod=2013,2026-10-06
demo_pjan,DK,2018,5781190,,2026-09-25T23:00:00+0200,https://ec.europa.eu/eurostat/api/dissemination/statistics/1.0/data/demo_pjan?geo=BE&geo=BG&geo=CZ&geo=DK&geo=DE&geo=EE&geo=IE&geo=EL&geo=ES&geo=FR&geo=HR&geo=IT&geo=CY&geo=LV&geo=LT&geo=LU&geo=HU&geo=MT&geo=NL&geo=AT&geo=PL&geo=PT&geo=RO&geo=SI&geo=SK&geo=FI&geo=SE&geo=EU27_2020&sex=T&age=TOTAL&unit=NR&sinceTimePeriod=2013,2026-10-06
demo_pjan,DK,2019,5806081,,2026-09-25T23:00:00+0200,https://ec.europa.eu/eurostat/api/dissemination/statistics/1.0/data/demo_pjan?geo=BE&geo=BG&geo=CZ&geo=DK&geo=DE&geo=EE&geo=IE&geo=EL&geo=ES&geo=FR&geo=HR&geo=IT&geo=CY&geo=LV&geo=LT&geo=LU&geo=HU&geo=MT&geo=NL&geo=AT&geo=PL&geo=PT&geo=RO&geo=SI&geo=SK&geo=FI&geo=SE&geo=EU27_2020&sex=T&age=TOTAL&unit=NR&sinceTimePeriod=2013,2026-10-06
demo_pjan,DK,2020,5822763,,2026-09-25T23:00:00+0200,https://ec.europa.eu/eurostat/api/dissemination/statistics/1.0/data/demo_pjan?geo=BE&geo=BG&geo=CZ&geo=DK&geo=DE&geo=EE&geo=IE&geo=EL&geo=ES&geo=FR&geo=HR&geo=IT&geo=CY&geo=LV&geo=LT&geo=LU&geo=HU&geo=MT&geo=NL&geo=AT&geo=PL&geo=PT&geo=RO&geo=SI&geo=SK&geo=FI&geo=SE&geo=EU27_2020&sex=T&age=TOTAL&unit=NR&sinceTimePeriod=2013,2026-10-06
demo_pjan,DK,2021,5840045,,2026-09-25T23:00:00+0200,https://ec.europa.eu/eurostat/api/dissemination/statistics/1.0/data/demo_pjan?geo=BE&geo=BG&geo=CZ&geo=DK&geo=DE&geo=EE&geo=IE&geo=EL&geo=ES&geo=FR&geo=HR&geo=IT&geo=CY&geo=LV&geo=LT&geo=LU&geo=HU&geo=MT&geo=NL&geo=AT&geo=PL&geo=PT&geo=RO&geo=SI&geo=SK&geo=FI&geo=SE&geo=EU27_2020&sex=T&age=TOTAL&unit=NR&sinceTimePeriod=2013,2026-10-06
demo_pjan,DK,2022,5873420,,2026-09-25T23:00:00+0200,https://ec.europa.eu/eurostat/api/dissemination/statistics/1.0/data/demo_pjan?geo=BE&geo=BG&geo=CZ&geo=DK&geo=DE&geo=EE&geo=IE&geo=EL&geo=ES&geo=FR&geo=HR&geo=IT&geo=CY&geo=LV&geo=LT&geo=LU&geo=HU&geo=MT&geo=NL&geo=AT&geo=PL&geo=PT&geo=RO&geo=SI&geo=SK&geo=FI&geo=SE&geo=EU27_2020&sex=T&age=TOTAL&unit=NR&sinceTimePeriod=2013,2026-10-06
demo_pjan,DK,2023,5932654,,2026-09-25T23:00:00+0200,https://ec.europa.eu/eurostat/api/dissemination/statistics/1.0/data/demo_pjan?geo=BE&geo=BG&geo=CZ&geo=DK&geo=DE&geo=EE&geo=IE&geo=EL&geo=ES&geo=FR&geo=HR&geo=IT&geo=CY&geo=LV&geo=LT&geo=LU&geo=HU&geo=MT&geo=NL&geo=AT&geo=PL&geo=PT&geo=RO&geo=SI&geo=SK&geo=FI&geo=SE&geo=EU27_2020&sex=T&age=TOTAL&unit=NR&sinceTimePeriod=2013,2026-10-06
demo_pjan,DK,2024,5961249,,2026-09-25T23:00:00+0200,https://ec.europa.eu/eurostat/api/dissemination/statistics/1.0/data/demo_pjan?geo=BE&geo=BG&geo=CZ&geo=DK&geo=DE&geo=EE&geo=IE&geo=EL&geo=ES&geo=FR&geo=HR&geo=IT&geo=CY&geo=LV&geo=LT&geo=LU&geo=HU&geo=MT&geo=NL&geo=AT&geo=PL&geo=PT&geo=RO&geo=SI&geo=SK&geo=FI&geo=SE&geo=EU27_2020&sex=T&age=TOTAL&unit=NR&sinceTimePeriod=2013,2026-10-06
demo_pjan,DK,2025,5992734,,2026-09-25T23:00:00+0200,https://ec.europa.eu/eurostat/api/dissemination/statistics/1.0/data/demo_pjan?geo=BE&geo=BG&geo=CZ&geo=DK&geo=DE&geo=EE&geo=IE&geo=EL&geo=ES&geo=FR&geo=HR&geo=IT&geo=CY&geo=LV&geo=LT&geo=LU&geo=HU&geo=MT&geo=NL&geo=AT&geo=PL&geo=PT&geo=RO&geo=SI&geo=SK&geo=FI&geo=SE&geo=EU27_2020&sex=T&age=TOTAL&unit=NR&sinceTimePeriod=2013,2026-10-06
demo_pjan,EE,2013,1320169,,2026-09-25T23:00:00+0200,https://ec.europa.eu/eurostat/api/dissemination/statistics/1.0/data/demo_pjan?geo=BE&geo=BG&geo=CZ&geo=DK&geo=DE&geo=EE&geo=IE&geo=EL&geo=ES&geo=FR&geo=HR&geo=IT&geo=CY&geo=LV&geo=LT&geo=LU&geo=HU&geo=MT&geo=NL&geo=AT&geo=PL&geo=PT&geo=RO&geo=SI&geo=SK&geo=FI&geo=SE&geo=EU27_2020&sex=T&age=TOTAL&unit=NR&sinceTimePeriod=2013,2026-10-06
demo_pjan,EE,2014,1315819,,2026-09-25T23:00:00+0200,https://ec.europa.eu/eurostat/api/dissemination/statistics/1.0/data/demo_pjan?geo=BE&geo=BG&geo=CZ&geo=DK&geo=DE&geo=EE&geo=IE&geo=EL&geo=ES&geo=FR&geo=HR&geo=IT&geo=CY&geo=LV&geo=LT&geo=LU&geo=HU&geo=MT&geo=NL&geo=AT&geo=PL&geo=PT&geo=RO&geo=SI&geo=SK&geo=FI&geo=SE&geo=EU27_2020&sex=T&age=TOTAL&unit=NR&sinceTimePeriod=2013,2026-10-06
demo_pjan,EE,2015,1313271,,2026-09-25T23:00:00+0200,https://ec.europa.eu/eurostat/api/dissemination/statistics/1.0/data/demo_pjan?geo=BE&geo=BG&geo=CZ&geo=DK&geo=DE&geo=EE&geo=IE&geo=EL&geo=ES&geo=FR&geo=HR&geo=IT&geo=CY&geo=LV&geo=LT&geo=LU&geo=HU&geo=MT&geo=NL&geo=AT&geo=PL&geo=PT&geo=RO&geo=SI&geo=SK&geo=FI&geo=SE&geo=EU27_2020&sex=T&age=TOTAL&unit=NR&sinceTimePeriod=2013,2026-10-06
demo_pjan,EE,2016,1315944,,2026-09-25T23:00:00+0200,https://ec.europa.eu/eurostat/api/dissemination/statistics/1.0/data/demo_pjan?geo=BE&geo=BG&geo=CZ&geo=DK&geo=DE&geo=EE&geo=IE&geo=EL&geo=ES&geo=FR&geo=HR&geo=IT&geo=CY&geo=LV&geo=LT&geo=LU&geo=HU&geo=MT&geo=NL&geo=AT&geo=PL&geo=PT&geo=RO&geo=SI&geo=SK&geo=FI&geo=SE&geo=EU27_2020&sex=T&age=TOTAL&unit=NR&sinceTimePeriod=2013,2026-10-06
demo_pjan,EE,2017,1315635,,2026-09-25T23:00:00+0200,https://ec.europa.eu/eurostat/api/dissemination/statistics/1.0/data/demo_pjan?geo=BE&geo=BG&geo=CZ&geo=DK&geo=DE&geo=EE&geo=IE&geo=EL&geo=ES&geo=FR&geo=HR&geo=IT&geo=CY&geo=LV&geo=LT&geo=LU&geo=HU&geo=MT&geo=NL&geo=AT&geo=PL&geo=PT&geo=RO&geo=SI&geo=SK&geo=FI&geo=SE&geo=EU27_2020&sex=T&age=TOTAL&unit=NR&sinceTimePeriod=2013,2026-10-06
demo_pjan,EE,2018,1319133,,2026-09-25T23:00:00+0200,https://ec.europa.eu/eurostat/api/dissemination/statistics/1.0/data/demo_pjan?geo=BE&geo=BG&geo=CZ&geo=DK&geo=DE&geo=EE&geo=IE&geo=EL&geo=ES&geo=FR&geo=HR&geo=IT&geo=CY&geo=LV&geo=LT&geo=LU&geo=HU&geo=MT&geo=NL&geo=AT&geo=PL&geo=PT&geo=RO&geo=SI&geo=SK&geo=FI&geo=SE&geo=EU27_2020&sex=T&age=TOTAL&unit=NR&sinceTimePeriod=2013,2026-10-06
demo_pjan,EE,2019,1324820,,2026-09-25T23:00:00+0200,https://ec.europa.eu/eurostat/api/dissemination/statistics/1.0/data/demo_pjan?geo=BE&geo=BG&geo=CZ&geo=DK&geo=DE&geo=EE&geo=IE&geo=EL&geo=ES&geo=FR&geo=HR&geo=IT&geo=CY&geo=LV&geo=LT&geo=LU&geo=HU&geo=MT&geo=NL&geo=AT&geo=PL&geo=PT&geo=RO&geo=SI&geo=SK&geo=FI&geo=SE&geo=EU27_2020&sex=T&age=TOTAL&unit=NR&sinceTimePeriod=2013,2026-10-06
demo_pjan,EE,2020,1328889,,2026-09-25T23:00:00+0200,https://ec.europa.eu/eurostat/api/dissemination/statistics/1.0/data/demo_pjan?geo=BE&geo=BG&geo=CZ&geo=DK&geo=DE&geo=EE&geo=IE&geo=EL&geo=ES&geo=FR&geo=HR&geo=IT&geo=CY&geo=LV&geo=LT&geo=LU&geo=HU&geo=MT&geo=NL&geo=AT&geo=PL&geo=PT&geo=RO&geo=SI&geo=SK&geo=FI&geo=SE&geo=EU27_2020&sex=T&age=TOTAL&unit=NR&sinceTimePeriod=2013,2026-10-06
demo_pjan,EE,2021,1330068,,2026-09-25T23:00:00+0200,https://ec.europa.eu/eurostat/api/dissemination/statistics/1.0/data/demo_pjan?geo=BE&geo=BG&geo=CZ&geo=DK&geo=DE&geo=EE&geo=IE&geo=EL&geo=ES&geo=FR&geo=HR&geo=IT&geo=CY&geo=LV&geo=LT&geo=LU&geo=HU&geo=MT&geo=NL&geo=AT&geo=PL&geo=PT&geo=RO&geo=SI&geo=SK&geo=FI&geo=SE&geo=EU27_2020&sex=T&age=TOTAL&unit=NR&sinceTimePeriod=2013,2026-10-06
demo_pjan,EE,2022,1331796,,2026-09-25T23:00:00+0200,https://ec.europa.eu/eurostat/api/dissemination/statistics/1.0/data/demo_pjan?geo=BE&geo=BG&geo=CZ&geo=DK&geo=DE&geo=EE&geo=IE&geo=EL&geo=ES&geo=FR&geo=HR&geo=IT&geo=CY&geo=LV&geo=LT&geo=LU&geo=HU&geo=MT&geo=NL&geo=AT&geo=PL&geo=PT&geo=RO&geo=SI&geo=SK&geo=FI&geo=SE&geo=EU27_2020&sex=T&age=TOTAL&unit=NR&sinceTimePeriod=2013,2026-10-06
demo_pjan,EE,2023,1365884,,2026-09-25T23:00:00+0200,https://ec.europa.eu/eurostat/api/dissemination/statistics/1.0/data/demo_pjan?geo=BE&geo=BG&geo=CZ&geo=DK&geo=DE&geo=EE&geo=IE&geo=EL&geo=ES&geo=FR&geo=HR&geo=IT&geo=CY&geo=LV&geo=LT&geo=LU&geo=HU&geo=MT&geo=NL&geo=AT&geo=PL&geo=PT&geo=RO&geo=SI&geo=SK&geo=FI&geo=SE&geo=EU27_2020&sex=T&age=TOTAL&unit=NR&sinceTimePeriod=2013,2026-10-06
demo_pjan,EE,2024,1374687,,2026-09-25T23:00:00+0200,https://ec.europa.eu/eurostat/api/dissemination/statistics/1.0/data/demo_pjan?geo=BE&geo=BG&geo=CZ&geo=DK&geo=DE&geo=EE&geo=IE&geo=EL&geo=ES&geo=FR&geo=HR&geo=IT&geo=CY&geo=LV&geo=LT&geo=LU&geo=HU&geo=MT&geo=NL&geo=AT&geo=PL&geo=PT&geo=RO&geo=SI&geo=SK&geo=FI&geo=SE&geo=EU27_2020&sex=T&age=TOTAL&unit=NR&sinceTimePeriod=2013,2026-10-06
demo_pjan,EE,2025,1369995,,2026-09-25T23:00:00+0200,https://ec.europa.eu/eurostat/api/dissemination/statistics/1.0/data/demo_pjan?geo=BE&geo=BG&geo=CZ&geo=DK&geo=DE&geo=EE&geo=IE&geo=EL&geo=ES&geo=FR&geo=HR&geo=IT&geo=CY&geo=LV&geo=LT&geo=LU&geo=HU&geo=MT&geo=NL&geo=AT&geo=PL&geo=PT&geo=RO&geo=SI&geo=SK&geo=FI&geo=SE&geo=EU27_2020&sex=T&age=TOTAL&unit=NR&sinceTimePeriod=2013,2026-10-06
demo_pjan,EL,2013,10980006,,2026-09-25T23:00:00+0200,https://ec.europa.eu/eurostat/api/dissemination/statistics/1.0/data/demo_pjan?geo=BE&geo=BG&geo=CZ&geo=DK&geo=DE&geo=EE&geo=IE&geo=EL&geo=ES&geo=FR&geo=HR&geo=IT&geo=CY&geo=LV&geo=LT&geo=LU&geo=HU&geo=MT&geo=NL&geo=AT&geo=PL&geo=PT&geo=RO&geo=SI&geo=SK&geo=FI&geo=SE&geo=EU27_2020&sex=T&age=TOTAL&unit=NR&sinceTimePeriod=2013,2026-10-06
demo_pjan,EL,2014,10894294,,2026-09-25T23:00:00+0200,https://ec.europa.eu/eurostat/api/dissemination/statistics/1.0/data/demo_pjan?geo=BE&geo=BG&geo=CZ&geo=DK&geo=DE&geo=EE&geo=IE&geo=EL&geo=ES&geo=FR&geo=HR&geo=IT&geo=CY&geo=LV&geo=LT&geo=LU&geo=HU&geo=MT&geo=NL&geo=AT&geo=PL&geo=PT&geo=RO&geo=SI&geo=SK&geo=FI&geo=SE&geo=EU27_2020&sex=T&age=TOTAL&unit=NR&sinceTimePeriod=2013,2026-10-06
demo_pjan,EL,2015,10818041,,2026-09-25T23:00:00+0200,https://ec.europa.eu/eurostat/api/dissemination/statistics/1.0/data/demo_pjan?geo=BE&geo=BG&geo=CZ&geo=DK&geo=DE&geo=EE&geo=IE&geo=EL&geo=ES&geo=FR&geo=HR&geo=IT&geo=CY&geo=LV&geo=LT&geo=LU&geo=HU&geo=MT&geo=NL&geo=AT&geo=PL&geo=PT&geo=RO&geo=SI&geo=SK&geo=FI&geo=SE&geo=EU27_2020&sex=T&age=TOTAL&unit=NR&sinceTimePeriod=2013,2026-10-06
demo_pjan,EL,2016,10735415,,2026-09-25T23:00:00+0200,https://ec.europa.eu/eurostat/api/dissemination/statistics/1.0/data/demo_pjan?geo=BE&geo=BG&geo=CZ&geo=DK&geo=DE&geo=EE&geo=IE&geo=EL&geo=ES&geo=FR&geo=HR&geo=IT&geo=CY&geo=LV&geo=LT&geo=LU&geo=HU&geo=MT&geo=NL&geo=AT&geo=PL&geo=PT&geo=RO&geo=SI&geo=SK&geo=FI&geo=SE&geo=EU27_2020&sex=T&age=TOTAL&unit=NR&sinceTimePeriod=2013,2026-10-06
demo_pjan,EL,2017,10707527,,2026-09-25T23:00:00+0200,https://ec.europa.eu/eurostat/api/dissemination/statistics/1.0/data/demo_pjan?geo=BE&geo=BG&geo=CZ&geo=DK&geo=DE&geo=EE&geo=IE&geo=EL&geo=ES&geo=FR&geo=HR&geo=IT&geo=CY&geo=LV&geo=LT&geo=LU&geo=HU&geo=MT&geo=NL&geo=AT&geo=PL&geo=PT&geo=RO&geo=SI&geo=SK&geo=FI&geo=SE&geo=EU27_2020&sex=T&age=TOTAL&unit=NR&sinceTimePeriod=2013,2026-10-06
demo_pjan,EL,2018,10667336,,2026-09-25T23:00:00+0200,https://ec.europa.eu/eurostat/api/dissemination/statistics/1.0/data/demo_pjan?geo=BE&geo=BG&geo=CZ&geo=DK&geo=DE&geo=EE&geo=IE&geo=EL&geo=ES&geo=FR&geo=HR&geo=IT&geo=CY&geo=LV&geo=LT&geo=LU&geo=HU&geo=MT&geo=NL&geo=AT&geo=PL&geo=PT&geo=RO&geo=SI&geo=SK&geo=FI&geo=SE&geo=EU27_2020&sex=T&age=TOTAL&unit=NR&sinceTimePeriod=2013,2026-10-06
demo_pjan,EL,2019,10635213,,2026-09-25T23:00:00+0200,https://ec.europa.eu/eurostat/api/dissemination/statistics/1.0/data/demo_pjan?geo=BE&geo=BG&geo=CZ&geo=DK&geo=DE&geo=EE&geo=IE&geo=EL&geo=ES&geo=FR&geo=HR&geo=IT&geo=CY&geo=LV&geo=LT&geo=LU&geo=HU&geo=MT&geo=NL&geo=AT&geo=PL&geo=PT&geo=RO&geo=SI&geo=SK&geo=FI&geo=SE&geo=EU27_2020&sex=T&age=TOTAL&unit=NR&sinceTimePeriod=2013,2026-10-06
demo_pjan,EL,2020,10612591,,2026-09-25T23:00:00+0200,https://ec.europa.eu/eurostat/api/dissemination/statistics/1.0/data/demo_pjan?geo=BE&geo=BG&geo=CZ&geo=DK&geo=DE&geo=EE&geo=IE&geo=EL&geo=ES&geo=FR&geo=HR&geo=IT&geo=CY&geo=LV&geo=LT&geo=LU&geo=HU&geo=MT&geo=NL&geo=AT&geo=PL&geo=PT&geo=RO&geo=SI&geo=SK&geo=FI&geo=SE&geo=EU27_2020&sex=T&age=TOTAL&unit=NR&sinceTimePeriod=2013,2026-10-06
demo_pjan,EL,2021,10555344,,2026-09-25T23:00:00+0200,https://ec.europa.eu/eurostat/api/dissemination/statistics/1.0/data/demo_pjan?geo=BE&geo=BG&geo=CZ&geo=DK&geo=DE&geo=EE&geo=IE&geo=EL&geo=ES&geo=FR&geo=HR&geo=IT&geo=CY&geo=LV&geo=LT&geo=LU&geo=HU&geo=MT&geo=NL&geo=AT&geo=PL&geo=PT&geo=RO&geo=SI&geo=SK&geo=FI&geo=SE&geo=EU27_2020&sex=T&age=TOTAL&unit=NR&sinceTimePeriod=2013,2026-10-06
demo_pjan,EL,2022,10461627,,2026-09-25T23:00:00+0200,https://ec.europa.eu/eurostat/api/dissemination/statistics/1.0/data/demo_pjan?geo=BE&geo=BG&geo=CZ&geo=DK&geo=DE&geo=EE&geo=IE&geo=EL&geo=ES&geo=FR&geo=HR&geo=IT&geo=CY&geo=LV&geo=LT&geo=LU&geo=HU&geo=MT&geo=NL&geo=AT&geo=PL&geo=PT&geo=RO&geo=SI&geo=SK&geo=FI&geo=SE&geo=EU27_2020&sex=T&age=TOTAL&unit=NR&sinceTimePeriod=2013,2026-10-06
demo_pjan,EL,2023,10401868,,2026-09-25T23:00:00+0200,https://ec.europa.eu/eurostat/api/dissemination/statistics/1.0/data/demo_pjan?geo=BE&geo=BG&geo=CZ&geo=DK&geo=DE&geo=EE&geo=IE&geo=EL&geo=ES&geo=FR&geo=HR&geo=IT&geo=CY&geo=LV&geo=LT&geo=LU&geo=HU&geo=MT&geo=NL&geo=AT&geo=PL&geo=PT&geo=RO&geo=SI&geo=SK&geo=FI&geo=SE&geo=EU27_2020&sex=T&age=TOTAL&unit=NR&sinceTimePeriod=2013,2026-10-06
demo_pjan,EL,2024,10375764,,2026-09-25T23:00:00+0200,https://ec.europa.eu/eurostat/api/dissemination/statistics/1.0/data/demo_pjan?geo=BE&geo=BG&geo=CZ&geo=DK&geo=DE&geo=EE&geo=IE&geo=EL&geo=ES&geo=FR&geo=HR&geo=IT&geo=CY&geo=LV&geo=LT&geo=LU&geo=HU&geo=MT&geo=NL&geo=AT&geo=PL&geo=PT&geo=RO&geo=SI&geo=SK&geo=FI&geo=SE&geo=EU27_2020&sex=T&age=TOTAL&unit=NR&sinceTimePeriod=2013,2026-10-06
demo_pjan,EL,2025,10372335,,2026-09-25T23:00:00+0200,https://ec.europa.eu/eurostat/api/dissemination/statistics/1.0/data/demo_pjan?geo=BE&geo=BG&geo=CZ&geo=DK&geo=DE&geo=EE&geo=IE&geo=EL&geo=ES&geo=FR&geo=HR&geo=IT&geo=CY&geo=LV&geo=LT&geo=LU&geo=HU&geo=MT&geo=NL&geo=AT&geo=PL&geo=PT&geo=RO&geo=SI&geo=SK&geo=FI&geo=SE&geo=EU27_2020&sex=T&age=TOTAL&unit=NR&sinceTimePeriod=2013,2026-10-06
demo_pjan,ES,2013,46712650,,2026-09-25T23:00:00+0200,https://ec.europa.eu/eurostat/api/dissemination/statistics/1.0/data/demo_pjan?geo=BE&geo=BG&geo=CZ&geo=DK&geo=DE&geo=EE&geo=IE&geo=EL&geo=ES&geo=FR&geo=HR&geo=IT&geo=CY&geo=LV&geo=LT&geo=LU&geo=HU&geo=MT&geo=NL&geo=AT&geo=PL&geo=PT&geo=RO&geo=SI&geo=SK&geo=FI&geo=SE&geo=EU27_2020&sex=T&age=TOTAL&unit=NR&sinceTimePeriod=2013,2026-10-06
demo_pjan,ES,2014,46495744,,2026-09-25T23:00:00+0200,https://ec.europa.eu/eurostat/api/dissemination/statistics/1.0/data/demo_pjan?geo=BE&geo=BG&geo=CZ&geo=DK&geo=DE&geo=EE&geo=IE&geo=EL&geo=ES&geo=FR&geo=HR&geo=IT&geo=CY&geo=LV&geo=LT&geo=LU&geo=HU&geo=MT&geo=NL&geo=AT&geo=PL&geo=PT&geo=RO&geo=SI&geo=SK&geo=FI&geo=SE&geo=EU27_2020&sex=T&age=TOTAL&unit=NR&sinceTimePeriod=2013,2026-10-06
demo_pjan,ES,2015,46425722,,2026-09-25T23:00:00+0200,https://ec.europa.eu/eurostat/api/dissemination/statistics/1.0/data/demo_pjan?geo=BE&geo=BG&geo=CZ&geo=DK&geo=DE&geo=EE&geo=IE&geo=EL&geo=ES&geo=FR&geo=HR&geo=IT&geo=CY&geo=LV&geo=LT&geo=LU&geo=HU&geo=MT&geo=NL&geo=AT&geo=PL&geo=PT&geo=RO&geo=SI&geo=SK&geo=FI&geo=SE&geo=EU27_2020&sex=T&age=TOTAL&unit=NR&sinceTimePeriod=2013,2026-10-06
demo_pjan,ES,2016,46418884,,2026-09-25T23:00:00+0200,https://ec.europa.eu/eurostat/api/dissemination/statistics/1.0/data/demo_pjan?geo=BE&geo=BG&geo=CZ&geo=DK&geo=DE&geo=EE&geo=IE&geo=EL&geo=ES&geo=FR&geo=HR&geo=IT&geo=CY&geo=LV&geo=LT&geo=LU&geo=HU&geo=MT&geo=NL&geo=AT&geo=PL&geo=PT&geo=RO&geo=SI&geo=SK&geo=FI&geo=SE&geo=EU27_2020&sex=T&age=TOTAL&unit=NR&sinceTimePeriod=2013,2026-10-06
demo_pjan,ES,2017,46497393,,2026-09-25T23:00:00+0200,https://ec.europa.eu/eurostat/api/dissemination/statistics/1.0/data/demo_pjan?geo=BE&geo=BG&geo=CZ&geo=DK&geo=DE&geo=EE&geo=IE&geo=EL&geo=ES&geo=FR&geo=HR&geo=IT&geo=CY&geo=LV&geo=LT&geo=LU&geo=HU&geo=MT&geo=NL&geo=AT&geo=PL&geo=PT&geo=RO&geo=SI&geo=SK&geo=FI&geo=SE&geo=EU27_2020&sex=T&age=TOTAL&unit=NR&sinceTimePeriod=2013,2026-10-06
demo_pjan,ES,2018,46645070,,2026-09-25T23:00:00+0200,https://ec.europa.eu/eurostat/api/dissemination/statistics/1.0/data/demo_pjan?geo=BE&geo=BG&geo=CZ&geo=DK&geo=DE&geo=EE&geo=IE&geo=EL&geo=ES&geo=FR&geo=HR&geo=IT&geo=CY&geo=LV&geo=LT&geo=LU&geo=HU&geo=MT&geo=NL&geo=AT&geo=PL&geo=PT&geo=RO&geo=SI&geo=SK&geo=FI&geo=SE&geo=EU27_2020&sex=T&age=TOTAL&unit=NR&sinceTimePeriod=2013,2026-10-06
demo_pjan,ES,2019,46918951,,2026-09-25T23:00:00+0200,https://ec.europa.eu/eurostat/api/dissemination/statistics/1.0/data/demo_pjan?geo=BE&geo=BG&geo=CZ&geo=DK&geo=DE&geo=EE&geo=IE&geo=EL&geo=ES&geo=FR&geo=HR&geo=IT&geo=CY&geo=LV&geo=LT&geo=LU&geo=HU&geo=MT&geo=NL&geo=AT&geo=PL&geo=PT&geo=RO&geo=SI&geo=SK&geo=FI&geo=SE&geo=EU27_2020&sex=T&age=TOTAL&unit=NR&sinceTimePeriod=2013,2026-10-06
demo_pjan,ES,2020,47318050,,2026-09-25T23:00:00+0200,https://ec.europa.eu/eurostat/api/dissemination/statistics/1.0/data/demo_pjan?geo=BE&geo=BG&geo=CZ&geo=DK&geo=DE&geo=EE&geo=IE&geo=EL&geo=ES&geo=FR&geo=HR&geo=IT&geo=CY&geo=LV&geo=LT&geo=LU&geo=HU&geo=MT&geo=NL&geo=AT&geo=PL&geo=PT&geo=RO&geo=SI&geo=SK&geo=FI&geo=SE&geo=EU27_2020&sex=T&age=TOTAL&unit=NR&sinceTimePeriod=2013,2026-10-06
demo_pjan,ES,2021,47400798,,2026-09-25T23:00:00+0200,https://ec.europa.eu/eurostat/api/dissemination/statistics/1.0/data/demo_pjan?geo=BE&geo=BG&geo=CZ&geo=DK&geo=DE&geo=EE&geo=IE&geo=EL&geo=ES&geo=FR&geo=HR&geo=IT&geo=CY&geo=LV&geo=LT&geo=LU&geo=HU&geo=MT&geo=NL&geo=AT&geo=PL&geo=PT&geo=RO&geo=SI&geo=SK&geo=FI&geo=SE&geo=EU27_2020&sex=T&age=TOTAL&unit=NR&sinceTimePeriod=2013,2026-10-06
demo_pjan,ES,2022,47486843,,2026-09-25T23:00:00+0200,https://ec.europa.eu/eurostat/api/dissemination/statistics/1.0/data/demo_pjan?geo=BE&geo=BG&geo=CZ&geo=DK&geo=DE&geo=EE&geo=IE&geo=EL&geo=ES&geo=FR&geo=HR&geo=IT&geo=CY&geo=LV&geo=LT&geo=LU&geo=HU&geo=MT&geo=NL&geo=AT&geo=PL&geo=PT&geo=RO&geo=SI&geo=SK&geo=FI&geo=SE&geo=EU27_2020&sex=T&age=TOTAL&unit=NR&sinceTimePeriod=2013,2026-10-06
demo_pjan,ES,2023,48085361,,2026-09-25T23:00:00+0200,https://ec.europa.eu/eurostat/api/dissemination/statistics/1.0/data/demo_pjan?geo=BE&geo=BG&geo=CZ&geo=DK&geo=DE&geo=EE&geo=IE&geo=EL&geo=ES&geo=FR&geo=HR&geo=IT&geo=CY&geo=LV&geo=LT&geo=LU&geo=HU&geo=MT&geo=NL&geo=AT&geo=PL&geo=PT&geo=RO&geo=SI&geo=SK&geo=FI&geo=SE&geo=EU27_2020&sex=T&age=TOTAL&unit=NR&sinceTimePeriod=2013,2026-10-06
demo_pjan,ES,2024,48619695,,2026-09-25T23:00:00+0200,https://ec.europa.eu/eurostat/api/dissemination/statistics/1.0/data/demo_pjan?geo=BE&geo=BG&geo=CZ&geo=DK&geo=DE&geo=EE&geo=IE&geo=EL&geo=ES&geo=FR&geo=HR&geo=IT&geo=CY&geo=LV&geo=LT&geo=LU&geo=HU&geo=MT&geo=NL&geo=AT&geo=PL&geo=PT&geo=RO&geo=SI&geo=SK&geo=FI&geo=SE&geo=EU27_2020&sex=T&age=TOTAL&unit=NR&sinceTimePeriod=2013,2026-10-06
demo_pjan,ES,2025,49128297,,2026-09-25T23:00:00+0200,https://ec.europa.eu/eurostat/api/dissemination/statistics/1.0/data/demo_pjan?geo=BE&geo=BG&geo=CZ&geo=DK&geo=DE&geo=EE&geo=IE&geo=EL&geo=ES&geo=FR&geo=HR&geo=IT&geo=CY&geo=LV&geo=LT&geo=LU&geo=HU&geo=MT&geo=NL&geo=AT&geo=PL&geo=PT&geo=RO&geo=SI&geo=SK&geo=FI&geo=SE&geo=EU27_2020&sex=T&age=TOTAL&unit=NR&sinceTimePeriod=2013,2026-10-06
demo_pjan,EU27_2020,2013,441739930,b,2026-09-25T23:00:00+0200,https://ec.europa.eu/eurostat/api/dissemination/statistics/1.0/data/demo_pjan?geo=BE&geo=BG&geo=CZ&geo=DK&geo=DE&geo=EE&geo=IE&geo=EL&geo=ES&geo=FR&geo=HR&geo=IT&geo=CY&geo=LV&geo=LT&geo=LU&geo=HU&geo=MT&geo=NL&geo=AT&geo=PL&geo=PT&geo=RO&geo=SI&geo=SK&geo=FI&geo=SE&geo=EU27_2020&sex=T&age=TOTAL&unit=NR&sinceTimePeriod=2013,2026-10-06
demo_pjan,EU27_2020,2014,442268078,be,2026-09-25T23:00:00+0200,https://ec.europa.eu/eurostat/api/dissemination/statistics/1.0/data/demo_pjan?geo=BE&geo=BG&geo=CZ&geo=DK&geo=DE&geo=EE&geo=IE&geo=EL&geo=ES&geo=FR&geo=HR&geo=IT&geo=CY&geo=LV&geo=LT&geo=LU&geo=HU&geo=MT&geo=NL&geo=AT&geo=PL&geo=PT&geo=RO&geo=SI&geo=SK&geo=FI&geo=SE&geo=EU27_2020&sex=T&age=TOTAL&unit=NR&sinceTimePeriod=2013,2026-10-06
demo_pjan,EU27_2020,2015,442924865,be,2026-09-25T23:00:00+0200,https://ec.europa.eu/eurostat/api/dissemination/statistics/1.0/data/demo_pjan?geo=BE&geo=BG&geo=CZ&geo=DK&geo=DE&geo=EE&geo=IE&geo=EL&geo=ES&geo=FR&geo=HR&geo=IT&geo=CY&geo=LV&geo=LT&geo=LU&geo=HU&geo=MT&geo=NL&geo=AT&geo=PL&geo=PT&geo=RO&geo=SI&geo=SK&geo=FI&geo=SE&geo=EU27_2020&sex=T&age=TOTAL&unit=NR&sinceTimePeriod=2013,2026-10-06
demo_pjan,EU27_2020,2016,444003268,e,2026-09-25T23:00:00+0200,https://ec.europa.eu/eurostat/api/dissemination/statistics/1.0/data/demo_pjan?geo=BE&geo=BG&geo=CZ&geo=DK&geo=DE&geo=EE&geo=IE&geo=EL&geo=ES&geo=FR&geo=HR&geo=IT&geo=CY&geo=LV&geo=LT&geo=LU&geo=HU&geo=MT&geo=NL&geo=AT&geo=PL&geo=PT&geo=RO&geo=SI&geo=SK&geo=FI&geo=SE&geo=EU27_2020&sex=T&age=TOTAL&unit=NR&sinceTimePeriod=2013,2026-10-06
demo_pjan,EU27_2020,2017,444670605,be,2026-09-25T23:00:00+0200,https://ec.europa.eu/eurostat/api/dissemination/statistics/1.0/data/demo_pjan?geo=BE&geo=BG&geo=CZ&geo=DK&geo=DE&geo=EE&geo=IE&geo=EL&geo=ES&geo=FR&geo=HR&geo=IT&geo=CY&geo=LV&geo=LT&geo=LU&geo=HU&geo=MT&geo=NL&geo=AT&geo=PL&geo=PT&geo=RO&geo=SI&geo=SK&geo=FI&geo=SE&geo=EU27_2020&sex=T&age=TOTAL&unit=NR&sinceTimePeriod=2013,2026-10-06
demo_pjan,EU27_2020,2018,445301376,e,2026-09-25T23:00:00+0200,https://ec.europa.eu/eurostat/api/dissemination/statistics/1.0/data/demo_pjan?geo=BE&geo=BG&geo=CZ&geo=DK&geo=DE&geo=EE&geo=IE&geo=EL&geo=ES&geo=FR&geo=HR&geo=IT&geo=CY&geo=LV&geo=LT&geo=LU&geo=HU&geo=MT&geo=NL&geo=AT&geo=PL&geo=PT&geo=RO&geo=SI&geo=SK&geo=FI&geo=SE&geo=EU27_2020&sex=T&age=TOTAL&unit=NR&sinceTimePeriod=2013,2026-10-06
demo_pjan,EU27_2020,2019,446149924,,2026-09-25T23:00:00+0200,https://ec.europa.eu/eurostat/api/dissemination/statistics/1.0/data/demo_pjan?geo=BE&geo=BG&geo=CZ&geo=DK&geo=DE&geo=EE&geo=IE&geo=EL&geo=ES&geo=FR&geo=HR&geo=IT&geo=CY&geo=LV&geo=LT&geo=LU&geo=HU&geo=MT&geo=NL&geo=AT&geo=PL&geo=PT&geo=RO&geo=SI&geo=SK&geo=FI&geo=SE&geo=EU27_2020&sex=T&age=TOTAL&unit=NR&sinceTimePeriod=2013,2026-10-06
demo_pjan,EU27_2020,2020,447030024,e,2026-09-25T23:00:00+0200,https://ec.europa.eu/eurostat/api/dissemination/statistics/1.0/data/demo_pjan?geo=BE&geo=BG&geo=CZ&geo=DK&geo=DE&geo=EE&geo=IE&geo=EL&geo=ES&geo=FR&geo=HR&geo=IT&geo=CY&geo=LV&geo=LT&geo=LU&geo=HU&geo=MT&geo=NL&geo=AT&geo=PL&geo=PT&geo=RO&geo=SI&geo=SK&geo=FI&geo=SE&geo=EU27_2020&sex=T&age=TOTAL&unit=NR&sinceTimePeriod=2013,2026-10-06
demo_pjan,EU27_2020,2021,445891011,bep,2026-09-25T23:00:00+0200,https://ec.europa.eu/eurostat/api/dissemination/statistics/1.0/data/demo_pjan?geo=BE&geo=BG&geo=CZ&geo=DK&geo=DE&geo=EE&geo=IE&geo=EL&geo=ES&geo=FR&geo=HR&geo=IT&geo=CY&geo=LV&geo=LT&geo=LU&geo=HU&geo=MT&geo=NL&geo=AT&geo=PL&geo=PT&geo=RO&geo=SI&geo=SK&geo=FI&geo=SE&geo=EU27_2020&sex=T&age=TOTAL&unit=NR&sinceTimePeriod=2013,2026-10-06
demo_pjan,EU27_2020,2022,445972024,ep,2026-09-25T23:00:00+0200,https://ec.europa.eu/eurostat/api/dissemination/statistics/1.0/data/demo_pjan?geo=BE&geo=BG&geo=CZ&geo=DK&geo=DE&geo=EE&geo=IE&geo=EL&geo=ES&geo=FR&geo=HR&geo=IT&geo=CY&geo=LV&geo=LT&geo=LU&geo=HU&geo=MT&geo=NL&geo=AT&geo=PL&geo=PT&geo=RO&geo=SI&geo=SK&geo=FI&geo=SE&geo=EU27_2020&sex=T&age=TOTAL&unit=NR&sinceTimePeriod=2013,2026-10-06
demo_pjan,EU27_2020,2023,447695350,bep,2026-09-25T23:00:00+0200,https://ec.europa.eu/eurostat/api/dissemination/statistics/1.0/data/demo_pjan?geo=BE&geo=BG&geo=CZ&geo=DK&geo=DE&geo=EE&geo=IE&geo=EL&geo=ES&geo=FR&geo=HR&geo=IT&geo=CY&geo=LV&geo=LT&geo=LU&geo=HU&geo=MT&geo=NL&geo=AT&geo=PL&geo=PT&geo=RO&geo=SI&geo=SK&geo=FI&geo=SE&geo=EU27_2020&sex=T&age=TOTAL&unit=NR&sinceTimePeriod=2013,2026-10-06
demo_pjan,EU27_2020,2024,449306184,ep,2026-09-25T23:00:00+0200,https://ec.europa.eu/eurostat/api/dissemination/statistics/1.0/data/demo_pjan?geo=BE&geo=BG&geo=CZ&geo=DK&geo=DE&geo=EE&geo=IE&geo=EL&geo=ES&geo=FR&geo=HR&geo=IT&geo=CY&geo=LV&geo=LT&geo=LU&geo=HU&geo=MT&geo=NL&geo=AT&geo=PL&geo=PT&geo=RO&geo=SI&geo=SK&geo=FI&geo=SE&geo=EU27_2020&sex=T&age=TOTAL&unit=NR&sinceTimePeriod=2013,2026-10-06
demo_pjan,EU27_2020,2025,450646971,ep,2026-09-25T23:00:00+0200,https://ec.europa.eu/eurostat/api/dissemination/statistics/1.0/data/demo_pjan?geo=BE&geo=BG&geo=CZ&geo=DK&geo=DE&geo=EE&geo=IE&geo=EL&geo=ES&geo=FR&geo=HR&geo=IT&geo=CY&geo=LV&geo=LT&geo=LU&geo=HU&geo=MT&geo=NL&geo=AT&geo=PL&geo=PT&geo=RO&geo=SI&geo=SK&geo=FI&geo=SE&geo=EU27_2020&sex=T&age=TOTAL&unit=NR&sinceTimePeriod=2013,2026-10-06
demo_pjan,FI,2013,5426674,,2026-09-25T23:00:00+0200,https://ec.europa.eu/eurostat/api/dissemination/statistics/1.0/data/demo_pjan?geo=BE&geo=BG&geo=CZ&geo=DK&geo=DE&geo=EE&geo=IE&geo=EL&geo=ES&geo=FR&geo=HR&geo=IT&geo=CY&geo=LV&geo=LT&geo=LU&geo=HU&geo=MT&geo=NL&geo=AT&geo=PL&geo=PT&geo=RO&geo=SI&geo=SK&geo=FI&geo=SE&geo=EU27_2020&sex=T&age=TOTAL&unit=NR&sinceTimePeriod=2013,2026-10-06
demo_pjan,FI,2014,5451270,,2026-09-25T23:00:00+0200,https://ec.europa.eu/eurostat/api/dissemination/statistics/1.0/data/demo_pjan?geo=BE&geo=BG&geo=CZ&geo=DK&geo=DE&geo=EE&geo=IE&geo=EL&geo=ES&geo=FR&geo=HR&geo=IT&geo=CY&geo=LV&geo=LT&geo=LU&geo=HU&geo=MT&geo=NL&geo=AT&geo=PL&geo=PT&geo=RO&geo=SI&geo=SK&geo=FI&geo=SE&geo=EU27_2020&sex=T&age=TOTAL&unit=NR&sinceTimePeriod=2013,2026-10-06
demo_pjan,FI,2015,5471753,,2026-09-25T23:00:00+0200,https://ec.europa.eu/eurostat/api/dissemination/statistics/1.0/data/demo_pjan?geo=BE&geo=BG&geo=CZ&geo=DK&geo=DE&geo=EE&geo=IE&geo=EL&geo=ES&geo=FR&geo=HR&geo=IT&geo=CY&geo=LV&geo=LT&geo=LU&geo=HU&geo=MT&geo=NL&geo=AT&geo=PL&geo=PT&geo=RO&geo=SI&geo=SK&geo=FI&geo=SE&geo=EU27_2020&sex=T&age=TOTAL&unit=NR&sinceTimePeriod=2013,2026-10-06
demo_pjan,FI,2016,5487308,,2026-09-25T23:00:00+0200,https://ec.europa.eu/eurostat/api/dissemination/statistics/1.0/data/demo_pjan?geo=BE&geo=BG&geo=CZ&geo=DK&geo=DE&geo=EE&geo=IE&geo=EL&geo=ES&geo=FR&geo=HR&geo=IT&geo=CY&geo=LV&geo=LT&geo=LU&geo=HU&geo=MT&geo=NL&geo=AT&geo=PL&geo=PT&geo=RO&geo=SI&geo=SK&geo=FI&geo=SE&geo=EU27_2020&sex=T&age=TOTAL&unit=NR&sinceTimePeriod=2013,2026-10-06
demo_pjan,FI,2017,5503297,,2026-09-25T23:00:00+0200,https://ec.europa.eu/eurostat/api/dissemination/statistics/1.0/data/demo_pjan?geo=BE&geo=BG&geo=CZ&geo=DK&geo=DE&geo=EE&geo=IE&geo=EL&geo=ES&geo=FR&geo=HR&geo=IT&geo=CY&geo=LV&geo=LT&geo=LU&geo=HU&geo=MT&geo=NL&geo=AT&geo=PL&geo=PT&geo=RO&geo=SI&geo=SK&geo=FI&geo=SE&geo=EU27_2020&sex=T&age=TOTAL&unit=NR&sinceTimePeriod=2013,2026-10-06
demo_pjan,FI,2018,5513130,,2026-09-25T23:00:00+0200,https://ec.europa.eu/eurostat/api/dissemination/statistics/1.0/data/demo_pjan?geo=BE&geo=BG&geo=CZ&geo=DK&geo=DE&geo=EE&geo=IE&geo=EL&geo=ES&geo=FR&geo=HR&geo=IT&geo=CY&geo=LV&geo=LT&geo=LU&geo=HU&geo=MT&geo=NL&geo=AT&geo=PL&geo=PT&geo=RO&geo=SI&geo=SK&geo=FI&geo=SE&geo=EU27_2020&sex=T&age=TOTAL&unit=NR&sinceTimePeriod=2013,2026-10-06
demo_pjan,FI,2019,5517919,,2026-09-25T23:00:00+0200,https://ec.europa.eu/eurostat/api/dissemination/statistics/1.0/data/demo_pjan?geo=BE&geo=BG&geo=CZ&geo=DK&geo=DE&geo=EE&geo=IE&geo=EL&geo=ES&geo=FR&geo=HR&geo=IT&geo=CY&geo=LV&geo=LT&geo=LU&geo=HU&geo=MT&geo=NL&geo=AT&geo=PL&geo=PT&geo=RO&geo=SI&geo=SK&geo=FI&geo=SE&geo=EU27_2020&sex=T&age=TOTAL&unit=NR&sinceTimePeriod=2013,2026-10-06
demo_pjan,FI,2020,5525292,,2026-09-25T23:00:00+0200,https://ec.europa.eu/eurostat/api/dissemination/statistics/1.0/data/demo_pjan?geo=BE&geo=BG&geo=CZ&geo=DK&geo=DE&geo=EE&geo=IE&geo=EL&geo=ES&geo=FR&geo=HR&geo=IT&geo=CY&geo=LV&geo=LT&geo=LU&geo=HU&geo=MT&geo=NL&geo=AT&geo=PL&geo=PT&geo=RO&geo=SI&geo=SK&geo=FI&geo=SE&geo=EU27_2020&sex=T&age=TOTAL&unit=NR&sinceTimePeriod=2013,2026-10-06
demo_pjan,FI,2021,5533793,,2026-09-25T23:00:00+0200,https://ec.europa.eu/eurostat/api/dissemination/statistics/1.0/data/demo_pjan?geo=BE&geo=BG&geo=CZ&geo=DK&geo=DE&geo=EE&geo=IE&geo=EL&geo=ES&geo=FR&geo=HR&geo=IT&geo=CY&geo=LV&geo=LT&geo=LU&geo=HU&geo=MT&geo=NL&geo=AT&geo=PL&geo=PT&geo=RO&geo=SI&geo=SK&geo=FI&geo=SE&geo=EU27_2020&sex=T&age=TOTAL&unit=NR&sinceTimePeriod=2013,2026-10-06
demo_pjan,FI,2022,5548241,,2026-09-25T23:00:00+0200,https://ec.europa.eu/eurostat/api/dissemination/statistics/1.0/data/demo_pjan?geo=BE&geo=BG&geo=CZ&geo=DK&geo=DE&geo=EE&geo=IE&geo=EL&geo=ES&geo=FR&geo=HR&geo=IT&geo=CY&geo=LV&geo=LT&geo=LU&geo=HU&geo=MT&geo=NL&geo=AT&geo=PL&geo=PT&geo=RO&geo=SI&geo=SK&geo=FI&geo=SE&geo=EU27_2020&sex=T&age=TOTAL&unit=NR&sinceTimePeriod=2013,2026-10-06
demo_pjan,FI,2023,5563970,,2026-09-25T23:00:00+0200,https://ec.europa.eu/eurostat/api/dissemination/statistics/1.0/data/demo_pjan?geo=BE&geo=BG&geo=CZ&geo=DK&geo=DE&geo=EE&geo=IE&geo=EL&geo=ES&geo=FR&geo=HR&geo=IT&geo=CY&geo=LV&geo=LT&geo=LU&geo=HU&geo=MT&geo=NL&geo=AT&geo=PL&geo=PT&geo=RO&geo=SI&geo=SK&geo=FI&geo=SE&geo=EU27_2020&sex=T&age=TOTAL&unit=NR&sinceTimePeriod=2013,2026-10-06
demo_pjan,FI,2024,5603851,,2026-09-25T23:00:00+0200,https://ec.europa.eu/eurostat/api/dissemination/statistics/1.0/data/demo_pjan?geo=BE&geo=BG&geo=CZ&geo=DK&geo=DE&geo=EE&geo=IE&geo=EL&geo=ES&geo=FR&geo=HR&geo=IT&geo=CY&geo=LV&geo=LT&geo=LU&geo=HU&geo=MT&geo=NL&geo=AT&geo=PL&geo=PT&geo=RO&geo=SI&geo=SK&geo=FI&geo=SE&geo=EU27_2020&sex=T&age=TOTAL&unit=NR&sinceTimePeriod=2013,2026-10-06
demo_pjan,FI,2025,5635971,,2026-09-25T23:00:00+0200,https://ec.europa.eu/eurostat/api/dissemination/statistics/1.0/data/demo_pjan?geo=BE&geo=BG&geo=CZ&geo=DK&geo=DE&geo=EE&geo=IE&geo=EL&geo=ES&geo=FR&geo=HR&geo=IT&geo=CY&geo=LV&geo=LT&geo=LU&geo=HU&geo=MT&geo=NL&geo=AT&geo=PL&geo=PT&geo=RO&geo=SI&geo=SK&geo=FI&geo=SE&geo=EU27_2020&sex=T&age=TOTAL&unit=NR&sinceTimePeriod=2013,2026-10-06
demo_pjan,FR,2013,65600350,,2026-09-25T23:00:00+0200,https://ec.europa.eu/eurostat/api/dissemination/statistics/1.0/data/demo_pjan?geo=BE&geo=BG&geo=CZ&geo=DK&geo=DE&geo=EE&geo=IE&geo=EL&geo=ES&geo=FR&geo=HR&geo=IT&geo=CY&geo=LV&geo=LT&geo=LU&geo=HU&geo=MT&geo=NL&geo=AT&geo=PL&geo=PT&geo=RO&geo=SI&geo=SK&geo=FI&geo=SE&geo=EU27_2020&sex=T&age=TOTAL&unit=NR&sinceTimePeriod=2013,2026-10-06
demo_pjan,FR,2014,66165980,b,2026-09-25T23:00:00+0200,https://ec.europa.eu/eurostat/api/dissemination/statistics/1.0/data/demo_pjan?geo=BE&geo=BG&geo=CZ&geo=DK&geo=DE&geo=EE&geo=IE&geo=EL&geo=ES&geo=FR&geo=HR&geo=IT&geo=CY&geo=LV&geo=LT&geo=LU&geo=HU&geo=MT&geo=NL&geo=AT&geo=PL&geo=PT&geo=RO&geo=SI&geo=SK&geo=FI&geo=SE&geo=EU27_2020&sex=T&age=TOTAL&unit=NR&sinceTimePeriod=2013,2026-10-06
demo_pjan,FR,2015,66458153,,2026-09-25T23:00:00+0200,https://ec.europa.eu/eurostat/api/dissemination/statistics/1.0/data/demo_pjan?geo=BE&geo=BG&geo=CZ&geo=DK&geo=DE&geo=EE&geo=IE&geo=EL&geo=ES&geo=FR&geo=HR&geo=IT&geo=CY&geo=LV&geo=LT&geo=LU&geo=HU&geo=MT&geo=NL&geo=AT&geo=PL&geo=PT&geo=RO&geo=SI&geo=SK&geo=FI&geo=SE&geo=EU27_2020&sex=T&age=TOTAL&unit=NR&sinceTimePeriod=2013,2026-10-06
demo_pjan,FR,2016,66638391,,2026-09-25T23:00:00+0200,https://ec.europa.eu/eurostat/api/dissemination/statistics/1.0/data/demo_pjan?geo=BE&geo=BG&geo=CZ&geo=DK&geo=DE&geo=EE&geo=IE&geo=EL&geo=ES&geo=FR&geo=HR&geo=IT&geo=CY&geo=LV&geo=LT&geo=LU&geo=HU&geo=MT&geo=NL&geo=AT&geo=PL&geo=PT&geo=RO&geo=SI&geo=SK&geo=FI&geo=SE&geo=EU27_2020&sex=T&age=TOTAL&unit=NR&sinceTimePeriod=2013,2026-10-06
demo_pjan,FR,2017,66809816,,2026-09-25T23:00:00+0200,https://ec.europa.eu/eurostat/api/dissemination/statistics/1.0/data/demo_pjan?geo=BE&geo=BG&geo=CZ&geo=DK&geo=DE&geo=EE&geo=IE&geo=EL&geo=ES&geo=FR&geo=HR&geo=IT&geo=CY&geo=LV&geo=LT&geo=LU&geo=HU&geo=MT&geo=NL&geo=AT&geo=PL&geo=PT&geo=RO&geo=SI&geo=SK&geo=FI&geo=SE&geo=EU27_2020&sex=T&age=TOTAL&unit=NR&sinceTimePeriod=2013,2026-10-06
demo_pjan,FR,2018,67026224,p,2026-09-25T23:00:00+0200,https://ec.europa.eu/eurostat/api/dissemination/statistics/1.0/data/demo_pjan?geo=BE&geo=BG&geo=CZ&geo=DK&geo=DE&geo=EE&geo=IE&geo=EL&geo=ES&geo=FR&geo=HR&geo=IT&geo=CY&geo=LV&geo=LT&geo=LU&geo=HU&geo=MT&geo=NL&geo=AT&geo=PL&geo=PT&geo=RO&geo=SI&geo=SK&geo=FI&geo=SE&geo=EU27_2020&sex=T&age=TOTAL&unit=NR&sinceTimePeriod=2013,2026-10-06
demo_pjan,FR,2019,67290471,,2026-09-25T23:00:00+0200,https://ec.europa.eu/eurostat/api/dissemination/statistics/1.0/data/demo_pjan?geo=BE&geo=BG&geo=CZ&geo=DK&geo=DE&geo=EE&geo=IE&geo=EL&geo=ES&geo=FR&geo=HR&geo=IT&geo=CY&geo=LV&geo=LT&geo=LU&geo=HU&geo=MT&geo=NL&geo=AT&geo=PL&geo=PT&geo=RO&geo=SI&geo=SK&geo=FI&geo=SE&geo=EU27_2020&sex=T&age=TOTAL&unit=NR&sinceTimePeriod=2013,2026-10-06
demo_pjan,FR,2020,67473651,,2026-09-25T23:00:00+0200,https://ec.europa.eu/eurostat/api/dissemination/statistics/1.0/data/demo_pjan?geo=BE&geo=BG&geo=CZ&geo=DK&geo=DE&geo=EE&geo=IE&geo=EL&geo=ES&geo=FR&geo=HR&geo=IT&geo=CY&geo=LV&geo=LT&geo=LU&geo=HU&geo=MT&geo=NL&geo=AT&geo=PL&geo=PT&geo=RO&geo=SI&geo=SK&geo=FI&geo=SE&geo=EU27_2020&sex=T&age=TOTAL&unit=NR&sinceTimePeriod=2013,2026-10-06
demo_pjan,FR,2021,67728568,,2026-09-25T23:00:00+0200,https://ec.europa.eu/eurostat/api/dissemination/statistics/1.0/data/demo_pjan?geo=BE&geo=BG&geo=CZ&geo=DK&geo=DE&geo=EE&geo=IE&geo=EL&geo=ES&geo=FR&geo=HR&geo=IT&geo=CY&geo=LV&geo=LT&geo=LU&geo=HU&geo=MT&geo=NL&geo=AT&geo=PL&geo=PT&geo=RO&geo=SI&geo=SK&geo=FI&geo=SE&geo=EU27_2020&sex=T&age=TOTAL&unit=NR&sinceTimePeriod=2013,2026-10-06
demo_pjan,FR,2022,68091703,,2026-09-25T23:00:00+0200,https://ec.europa.eu/eurostat/api/dissemination/statistics/1.0/data/demo_pjan?geo=BE&geo=BG&geo=CZ&geo=DK&geo=DE&geo=EE&geo=IE&geo=EL&geo=ES&geo=FR&geo=HR&geo=IT&geo=CY&geo=LV&geo=LT&geo=LU&geo=HU&geo=MT&geo=NL&geo=AT&geo=PL&geo=PT&geo=RO&geo=SI&geo=SK&geo=FI&geo=SE&geo=EU27_2020&sex=T&age=TOTAL&unit=NR&sinceTimePeriod=2013,2026-10-06
demo_pjan,FR,2023,68277210,p,2026-09-25T23:00:00+0200,https://ec.europa.eu/eurostat/api/dissemination/statistics/1.0/data/demo_pjan?geo=BE&geo=BG&geo=CZ&geo=DK&geo=DE&geo=EE&geo=IE&geo=EL&geo=ES&geo=FR&geo=HR&geo=IT&geo=CY&geo=LV&geo=LT&geo=LU&geo=HU&geo=MT&geo=NL&geo=AT&geo=PL&geo=PT&geo=RO&geo=SI&geo=SK&geo=FI&geo=SE&geo=EU27_2020&sex=T&age=TOTAL&unit=NR&sinceTimePeriod=2013,2026-10-06
demo_pjan,FR,2024,68669303,p,2026-09-25T23:00:00+0200,https://ec.europa.eu/eurostat/api/dissemination/statistics/1.0/data/demo_pjan?geo=BE&geo=BG&geo=CZ&geo=DK&geo=DE&geo=EE&geo=IE&geo=EL&geo=ES&geo=FR&geo=HR&geo=IT&geo=CY&geo=LV&geo=LT&geo=LU&geo=HU&geo=MT&geo=NL&geo=AT&geo=PL&geo=PT&geo=RO&geo=SI&geo=SK&geo=FI&geo=SE&geo=EU27_2020&sex=T&age=TOTAL&unit=NR&sinceTimePeriod=2013,2026-10-06
demo_pjan,FR,2025,68882600,p,2026-09-25T23:00:00+0200,https://ec.europa.eu/eurostat/api/dissemination/statistics/1.0/data/demo_pjan?geo=BE&geo=BG&geo=CZ&geo=DK&geo=DE&geo=EE&geo=IE&geo=EL&geo=ES&geo=FR&geo=HR&geo=IT&geo=CY&geo=LV&geo=LT&geo=LU&geo=HU&geo=MT&geo=NL&geo=AT&geo=PL&geo=PT&geo=RO&geo=SI&geo=SK&geo=FI&geo=SE&geo=EU27_2020&sex=T&age=TOTAL&unit=NR&sinceTimePeriod=2013,2026-10-06
demo_pjan,HR,2013,4247803,,2026-09-25T23:00:00+0200,https://ec.europa.eu/eurostat/api/dissemination/statistics/1.0/data/demo_pjan?geo=BE&geo=BG&geo=CZ&geo=DK&geo=DE&geo=EE&geo=IE&geo=EL&geo=ES&geo=FR&geo=HR&geo=IT&geo=CY&geo=LV&geo=LT&geo=LU&geo=HU&geo=MT&geo=NL&geo=AT&geo=PL&geo=PT&geo=RO&geo=SI&geo=SK&geo=FI&geo=SE&geo=EU27_2020&sex=T&age=TOTAL&unit=NR&sinceTimePeriod=2013,2026-10-06
demo_pjan,HR,2014,4217632,,2026-09-25T23:00:00+0200,https://ec.europa.eu/eurostat/api/dissemination/statistics/1.0/data/demo_pjan?geo=BE&geo=BG&geo=CZ&geo=DK&geo=DE&geo=EE&geo=IE&geo=EL&geo=ES&geo=FR&geo=HR&geo=IT&geo=CY&geo=LV&geo=LT&geo=LU&geo=HU&geo=MT&geo=NL&geo=AT&geo=PL&geo=PT&geo=RO&geo=SI&geo=SK&geo=FI&geo=SE&geo=EU27_2020&sex=T&age=TOTAL&unit=NR&sinceTimePeriod=2013,2026-10-06
demo_pjan,HR,2015,4180915,,2026-09-25T23:00:00+0200,https://ec.europa.eu/eurostat/api/dissemination/statistics/1.0/data/demo_pjan?geo=BE&geo=BG&geo=CZ&geo=DK&geo=DE&geo=EE&geo=IE&geo=EL&geo=ES&geo=FR&geo=HR&geo=IT&geo=CY&geo=LV&geo=LT&geo=LU&geo=HU&geo=MT&geo=NL&geo=AT&geo=PL&geo=PT&geo=RO&geo=SI&geo=SK&geo=FI&geo=SE&geo=EU27_2020&sex=T&age=TOTAL&unit=NR&sinceTimePeriod=2013,2026-10-06
demo_pjan,HR,2016,4131115,,2026-09-25T23:00:00+0200,https://ec.europa.eu/eurostat/api/dissemination/statistics/1.0/data/demo_pjan?geo=BE&geo=BG&geo=CZ&geo=DK&geo=DE&geo=EE&geo=IE&geo=EL&geo=ES&geo=FR&geo=HR&geo=IT&geo=CY&geo=LV&geo=LT&geo=LU&geo=HU&geo=MT&geo=NL&geo=AT&geo=PL&geo=PT&geo=RO&geo=SI&geo=SK&geo=FI&geo=SE&geo=EU27_2020&sex=T&age=TOTAL&unit=NR&sinceTimePeriod=2013,2026-10-06
demo_pjan,HR,2017,4078769,,2026-09-25T23:00:00+0200,https://ec.europa.eu/eurostat/api/dissemination/statistics/1.0/data/demo_pjan?geo=BE&geo=BG&geo=CZ&geo=DK&geo=DE&geo=EE&geo=IE&geo=EL&geo=ES&geo=FR&geo=HR&geo=IT&geo=CY&geo=LV&geo=LT&geo=LU&geo=HU&geo=MT&geo=NL&geo=AT&geo=PL&geo=PT&geo=RO&geo=SI&geo=SK&geo=FI&geo=SE&geo=EU27_2020&sex=T&age=TOTAL&unit=NR&sinceTimePeriod=2013,2026-10-06
demo_pjan,HR,2018,4014341,,2026-09-25T23:00:00+0200,https://ec.europa.eu/eurostat/api/dissemination/statistics/1.0/data/demo_pjan?geo=BE&geo=BG&geo=CZ&geo=DK&geo=DE&geo=EE&geo=IE&geo=EL&geo=ES&geo=FR&geo=HR&geo=IT&geo=CY&geo=LV&geo=LT&geo=LU&geo=HU&geo=MT&geo=NL&geo=AT&geo=PL&geo=PT&geo=RO&geo=SI&geo=SK&geo=FI&geo=SE&geo=EU27_2020&sex=T&age=TOTAL&unit=NR&sinceTimePeriod=2013,2026-10-06
demo_pjan,HR,2019,3968676,,2026-09-25T23:00:00+0200,https://ec.europa.eu/eurostat/api/dissemination/statistics/1.0/data/demo_pjan?geo=BE&geo=BG&geo=CZ&geo=DK&geo=DE&geo=EE&geo=IE&geo=EL&geo=ES&geo=FR&geo=HR&geo=IT&geo=CY&geo=LV&geo=LT&geo=LU&geo=HU&geo=MT&geo=NL&geo=AT&geo=PL&geo=PT&geo=RO&geo=SI&geo=SK&geo=FI&geo=SE&geo=EU27_2020&sex=T&age=TOTAL&unit=NR&sinceTimePeriod=2013,2026-10-06
demo_pjan,HR,2020,3933511,,2026-09-25T23:00:00+0200,https://ec.europa.eu/eurostat/api/dissemination/statistics/1.0/data/demo_pjan?geo=BE&geo=BG&geo=CZ&geo=DK&geo=DE&geo=EE&geo=IE&geo=EL&geo=ES&geo=FR&geo=HR&geo=IT&geo=CY&geo=LV&geo=LT&geo=LU&geo=HU&geo=MT&geo=NL&geo=AT&geo=PL&geo=PT&geo=RO&geo=SI&geo=SK&geo=FI&geo=SE&geo=EU27_2020&sex=T&age=TOTAL&unit=NR&sinceTimePeriod=2013,2026-10-06
demo_pjan,HR,2021,3893026,,2026-09-25T23:00:00+0200,https://ec.europa.eu/eurostat/api/dissemination/statistics/1.0/data/demo_pjan?geo=BE&geo=BG&geo=CZ&geo=DK&geo=DE&geo=EE&geo=IE&geo=EL&geo=ES&geo=FR&geo=HR&geo=IT&geo=CY&geo=LV&geo=LT&geo=LU&geo=HU&geo=MT&geo=NL&geo=AT&geo=PL&geo=PT&geo=RO&geo=SI&geo=SK&geo=FI&geo=SE&geo=EU27_2020&sex=T&age=TOTAL&unit=NR&sinceTimePeriod=2013,2026-10-06
demo_pjan,HR,2022,3862305,,2026-09-25T23:00:00+0200,https://ec.europa.eu/eurostat/api/dissemination/statistics/1.0/data/demo_pjan?geo=BE&geo=BG&geo=CZ&geo=DK&geo=DE&geo=EE&geo=IE&geo=EL&geo=ES&geo=FR&geo=HR&geo=IT&geo=CY&geo=LV&geo=LT&geo=LU&geo=HU&geo=MT&geo=NL&geo=AT&geo=PL&geo=PT&geo=RO&geo=SI&geo=SK&geo=FI&geo=SE&geo=EU27_2020&sex=T&age=TOTAL&unit=NR&sinceTimePeriod=2013,2026-10-06
demo_pjan,HR,2023,3850894,,2026-09-25T23:00:00+0200,https://ec.europa.eu/eurostat/api/dissemination/statistics/1.0/data/demo_pjan?geo=BE&geo=BG&geo=CZ&geo=DK&geo=DE&geo=EE&geo=IE&geo=EL&geo=ES&geo=FR&geo=HR&geo=IT&geo=CY&geo=LV&geo=LT&geo=LU&geo=HU&geo=MT&geo=NL&geo=AT&geo=PL&geo=PT&geo=RO&geo=SI&geo=SK&geo=FI&geo=SE&geo=EU27_2020&sex=T&age=TOTAL&unit=NR&sinceTimePeriod=2013,2026-10-06
demo_pjan,HR,2024,3861967,,2026-09-25T23:00:00+0200,https://ec.europa.eu/eurostat/api/dissemination/statistics/1.0/data/demo_pjan?geo=BE&geo=BG&geo=CZ&geo=DK&geo=DE&geo=EE&geo=IE&geo=EL&geo=ES&geo=FR&geo=HR&geo=IT&geo=CY&geo=LV&geo=LT&geo=LU&geo=HU&geo=MT&geo=NL&geo=AT&geo=PL&geo=PT&geo=RO&geo=SI&geo=SK&geo=FI&geo=SE&geo=EU27_2020&sex=T&age=TOTAL&unit=NR&sinceTimePeriod=2013,2026-10-06
demo_pjan,HR,2025,3874350,,2026-09-25T23:00:00+0200,https://ec.europa.eu/eurostat/api/dissemination/statistics/1.0/data/demo_pjan?geo=BE&geo=BG&geo=CZ&geo=DK&geo=DE&geo=EE&geo=IE&geo=EL&geo=ES&geo=FR&geo=HR&geo=IT&geo=CY&geo=LV&geo=LT&geo=LU&geo=HU&geo=MT&geo=NL&geo=AT&geo=PL&geo=PT&geo=RO&geo=SI&geo=SK&geo=FI&geo=SE&geo=EU27_2020&sex=T&age=TOTAL&unit=NR&sinceTimePeriod=2013,2026-10-06
demo_pjan,HU,2013,9895250,,2026-09-25T23:00:00+0200,https://ec.europa.eu/eurostat/api/dissemination/statistics/1.0/data/demo_pjan?geo=BE&geo=BG&geo=CZ&geo=DK&geo=DE&geo=EE&geo=IE&geo=EL&geo=ES&geo=FR&geo=HR&geo=IT&geo=CY&geo=LV&geo=LT&geo=LU&geo=HU&geo=MT&geo=NL&geo=AT&geo=PL&geo=PT&geo=RO&geo=SI&geo=SK&geo=FI&geo=SE&geo=EU27_2020&sex=T&age=TOTAL&unit=NR&sinceTimePeriod=2013,2026-10-06
demo_pjan,HU,2014,9850217,,2026-09-25T23:00:00+0200,https://ec.europa.eu/eurostat/api/dissemination/statistics/1.0/data/demo_pjan?geo=BE&geo=BG&geo=CZ&geo=DK&geo=DE&geo=EE&geo=IE&geo=EL&geo=ES&geo=FR&geo=HR&geo=IT&geo=CY&geo=LV&geo=LT&geo=LU&geo=HU&geo=MT&geo=NL&geo=AT&geo=PL&geo=PT&geo=RO&geo=SI&geo=SK&geo=FI&geo=SE&geo=EU27_2020&sex=T&age=TOTAL&unit=NR&sinceTimePeriod=2013,2026-10-06
demo_pjan,HU,2015,9815858,,2026-09-25T23:00:00+0200,https://ec.europa.eu/eurostat/api/dissemination/statistics/1.0/data/demo_pjan?geo=BE&geo=BG&geo=CZ&geo=DK&geo=DE&geo=EE&geo=IE&geo=EL&geo=ES&geo=FR&geo=HR&geo=IT&geo=CY&geo=LV&geo=LT&geo=LU&geo=HU&geo=MT&geo=NL&geo=AT&geo=PL&geo=PT&geo=RO&geo=SI&geo=SK&geo=FI&geo=SE&geo=EU27_2020&sex=T&age=TOTAL&unit=NR&sinceTimePeriod=2013,2026-10-06
demo_pjan,HU,2016,9779652,,2026-09-25T23:00:00+0200,https://ec.europa.eu/eurostat/api/dissemination/statistics/1.0/data/demo_pjan?geo=BE&geo=BG&geo=CZ&geo=DK&geo=DE&geo=EE&geo=IE&geo=EL&geo=ES&geo=FR&geo=HR&geo=IT&geo=CY&geo=LV&geo=LT&geo=LU&geo=HU&geo=MT&geo=NL&geo=AT&geo=PL&geo=PT&geo=RO&geo=SI&geo=SK&geo=FI&geo=SE&geo=EU27_2020&sex=T&age=TOTAL&unit=NR&sinceTimePeriod=2013,2026-10-06
demo_pjan,HU,2017,9739857,,2026-09-25T23:00:00+0200,https://ec.europa.eu/eurostat/api/dissemination/statistics/1.0/data/demo_pjan?geo=BE&geo=BG&geo=CZ&geo=DK&geo=DE&geo=EE&geo=IE&geo=EL&geo=ES&geo=FR&geo=HR&geo=IT&geo=CY&geo=LV&geo=LT&geo=LU&geo=HU&geo=MT&geo=NL&geo=AT&geo=PL&geo=PT&geo=RO&geo=SI&geo=SK&geo=FI&geo=SE&geo=EU27_2020&sex=T&age=TOTAL&unit=NR&sinceTimePeriod=2013,2026-10-06
demo_pjan,HU,2018,9713655,,2026-09-25T23:00:00+0200,https://ec.europa.eu/eurostat/api/dissemination/statistics/1.0/data/demo_pjan?geo=BE&geo=BG&geo=CZ&geo=DK&geo=DE&geo=EE&geo=IE&geo=EL&geo=ES&geo=FR&geo=HR&geo=IT&geo=CY&geo=LV&geo=LT&geo=LU&geo=HU&geo=MT&geo=NL&geo=AT&geo=PL&geo=PT&geo=RO&geo=SI&geo=SK&geo=FI&geo=SE&geo=EU27_2020&sex=T&age=TOTAL&unit=NR&sinceTimePeriod=2013,2026-10-06
demo_pjan,HU,2019,9700272,,2026-09-25T23:00:00+0200,https://ec.europa.eu/eurostat/api/dissemination/statistics/1.0/data/demo_pjan?geo=BE&geo=BG&geo=CZ&geo=DK&geo=DE&geo=EE&geo=IE&geo=EL&geo=ES&geo=FR&geo=HR&geo=IT&geo=CY&geo=LV&geo=LT&geo=LU&geo=HU&geo=MT&geo=NL&geo=AT&geo=PL&geo=PT&geo=RO&geo=SI&geo=SK&geo=FI&geo=SE&geo=EU27_2020&sex=T&age=TOTAL&unit=NR&sinceTimePeriod=2013,2026-10-06
demo_pjan,HU,2020,9689376,,2026-09-25T23:00:00+0200,https://ec.europa.eu/eurostat/api/dissemination/statistics/1.0/data/demo_pjan?geo=BE&geo=BG&geo=CZ&geo=DK&geo=DE&geo=EE&geo=IE&geo=EL&geo=ES&geo=FR&geo=HR&geo=IT&geo=CY&geo=LV&geo=LT&geo=LU&geo=HU&geo=MT&geo=NL&geo=AT&geo=PL&geo=PT&geo=RO&geo=SI&geo=SK&geo=FI&geo=SE&geo=EU27_2020&sex=T&age=TOTAL&unit=NR&sinceTimePeriod=2013,2026-10-06
demo_pjan,HU,2021,9651461,,2026-09-25T23:00:00+0200,https://ec.europa.eu/eurostat/api/dissemination/statistics/1.0/data/demo_pjan?geo=BE&geo=BG&geo=CZ&geo=DK&geo=DE&geo=EE&geo=IE&geo=EL&geo=ES&geo=FR&geo=HR&geo=IT&geo=CY&geo=LV&geo=LT&geo=LU&geo=HU&geo=MT&geo=NL&geo=AT&geo=PL&geo=PT&geo=RO&geo=SI&geo=SK&geo=FI&geo=SE&geo=EU27_2020&sex=T&age=TOTAL&unit=NR&sinceTimePeriod=2013,2026-10-06
demo_pjan,HU,2022,9610403,,2026-09-25T23:00:00+0200,https://ec.europa.eu/eurostat/api/dissemination/statistics/1.0/data/demo_pjan?geo=BE&geo=BG&geo=CZ&geo=DK&geo=DE&geo=EE&geo=IE&geo=EL&geo=ES&geo=FR&geo=HR&geo=IT&geo=CY&geo=LV&geo=LT&geo=LU&geo=HU&geo=MT&geo=NL&geo=AT&geo=PL&geo=PT&geo=RO&geo=SI&geo=SK&geo=FI&geo=SE&geo=EU27_2020&sex=T&age=TOTAL&unit=NR&sinceTimePeriod=2013,2026-10-06
demo_pjan,HU,2023,9599744,,2026-09-25T23:00:00+0200,https://ec.europa.eu/eurostat/api/dissemination/statistics/1.0/data/demo_pjan?geo=BE&geo=BG&geo=CZ&geo=DK&geo=DE&geo=EE&geo=IE&geo=EL&geo=ES&geo=FR&geo=HR&geo=IT&geo=CY&geo=LV&geo=LT&geo=LU&geo=HU&geo=MT&geo=NL&geo=AT&geo=PL&geo=PT&geo=RO&geo=SI&geo=SK&geo=FI&geo=SE&geo=EU27_2020&sex=T&age=TOTAL&unit=NR&sinceTimePeriod=2013,2026-10-06
demo_pjan,HU,2024,9584627,,2026-09-25T23:00:00+0200,https://ec.europa.eu/eurostat/api/dissemination/statistics/1.0/data/demo_pjan?geo=BE&geo=BG&geo=CZ&geo=DK&geo=DE&geo=EE&geo=IE&geo=EL&geo=ES&geo=FR&geo=HR&geo=IT&geo=CY&geo=LV&geo=LT&geo=LU&geo=HU&geo=MT&geo=NL&geo=AT&geo=PL&geo=PT&geo=RO&geo=SI&geo=SK&geo=FI&geo=SE&geo=EU27_2020&sex=T&age=TOTAL&unit=NR&sinceTimePeriod=2013,2026-10-06
demo_pjan,HU,2025,9539502,,2026-09-25T23:00:00+0200,https://ec.europa.eu/eurostat/api/dissemination/statistics/1.0/data/demo_pjan?geo=BE&geo=BG&geo=CZ&geo=DK&geo=DE&geo=EE&geo=IE&geo=EL&geo=ES&geo=FR&geo=HR&geo=IT&geo=CY&geo=LV&geo=LT&geo=LU&geo=HU&geo=MT&geo=NL&geo=AT&geo=PL&geo=PT&geo=RO&geo=SI&geo=SK&geo=FI&geo=SE&geo=EU27_2020&sex=T&age=TOTAL&unit=NR&sinceTimePeriod=2013,2026-10-06
demo_pjan,IE,2013,4609779,,2026-09-25T23:00:00+0200,https://ec.europa.eu/eurostat/api/dissemination/statistics/1.0/data/demo_pjan?geo=BE&geo=BG&geo=CZ&geo=DK&geo=DE&geo=EE&geo=IE&geo=EL&geo=ES&geo=FR&geo=HR&geo=IT&geo=CY&geo=LV&geo=LT&geo=LU&geo=HU&geo=MT&geo=NL&geo=AT&geo=PL&geo=PT&geo=RO&geo=SI&geo=SK&geo=FI&geo=SE&geo=EU27_2020&sex=T&age=TOTAL&unit=NR&sinceTimePeriod=2013,2026-10-06
demo_pjan,IE,2014,4637852,,2026-09-25T23:00:00+0200,https://ec.europa.eu/eurostat/api/dissemination/statistics/1.0/data/demo_pjan?geo=BE&geo=BG&geo=CZ&geo=DK&geo=DE&geo=EE&geo=IE&geo=EL&geo=ES&geo=FR&geo=HR&geo=IT&geo=CY&geo=LV&geo=LT&geo=LU&geo=HU&geo=MT&geo=NL&geo=AT&geo=PL&geo=PT&geo=RO&geo=SI&geo=SK&geo=FI&geo=SE&geo=EU27_2020&sex=T&age=TOTAL&unit=NR&sinceTimePeriod=2013,2026-10-06
demo_pjan,IE,2015,4677627,,2026-09-25T23:00:00+0200,https://ec.europa.eu/eurostat/api/dissemination/statistics/1.0/data/demo_pjan?geo=BE&geo=BG&geo=CZ&geo=DK&geo=DE&geo=EE&geo=IE&geo=EL&geo=ES&geo=FR&geo=HR&geo=IT&geo=CY&geo=LV&geo=LT&geo=LU&geo=HU&geo=MT&geo=NL&geo=AT&geo=PL&geo=PT&geo=RO&geo=SI&geo=SK&geo=FI&geo=SE&geo=EU27_2020&sex=T&age=TOTAL&unit=NR&sinceTimePeriod=2013,2026-10-06
demo_pjan,IE,2016,4726286,,2026-09-25T23:00:00+0200,https://ec.europa.eu/eurostat/api/dissemination/statistics/1.0/data/demo_pjan?geo=BE&geo=BG&geo=CZ&geo=DK&geo=DE&geo=EE&geo=IE&geo=EL&geo=ES&geo=FR&geo=HR&geo=IT&geo=CY&geo=LV&geo=LT&geo=LU&geo=HU&geo=MT&geo=NL&geo=AT&geo=PL&geo=PT&geo=RO&geo=SI&geo=SK&geo=FI&geo=SE&geo=EU27_2020&sex=T&age=TOTAL&unit=NR&sinceTimePeriod=2013,2026-10-06
demo_pjan,IE,2017,4799157,,2026-09-25T23:00:00+0200,https://ec.europa.eu/eurostat/api/dissemination/statistics/1.0/data/demo_pjan?geo=BE&geo=BG&geo=CZ&geo=DK&geo=DE&geo=EE&geo=IE&geo=EL&geo=ES&geo=FR&geo=HR&geo=IT&geo=CY&geo=LV&geo=LT&geo=LU&geo=HU&geo=MT&geo=NL&geo=AT&geo=PL&geo=PT&geo=RO&geo=SI&geo=SK&geo=FI&geo=SE&geo=EU27_2020&sex=T&age=TOTAL&unit=NR&sinceTimePeriod=2013,2026-10-06
demo_pjan,IE,2018,4855733,,2026-09-25T23:00:00+0200,https://ec.europa.eu/eurostat/api/dissemination/statistics/1.0/data/demo_pjan?geo=BE&geo=BG&geo=CZ&geo=DK&geo=DE&geo=EE&geo=IE&geo=EL&geo=ES&geo=FR&geo=HR&geo=IT&geo=CY&geo=LV&geo=LT&geo=LU&geo=HU&geo=MT&geo=NL&geo=AT&geo=PL&geo=PT&geo=RO&geo=SI&geo=SK&geo=FI&geo=SE&geo=EU27_2020&sex=T&age=TOTAL&unit=NR&sinceTimePeriod=2013,2026-10-06
demo_pjan,IE,2019,4940311,,2026-09-25T23:00:00+0200,https://ec.europa.eu/eurostat/api/dissemination/statistics/1.0/data/demo_pjan?geo=BE&geo=BG&geo=CZ&geo=DK&geo=DE&geo=EE&geo=IE&geo=EL&geo=ES&geo=FR&geo=HR&geo=IT&geo=CY&geo=LV&geo=LT&geo=LU&geo=HU&geo=MT&geo=NL&geo=AT&geo=PL&geo=PT&geo=RO&geo=SI&geo=SK&geo=FI&geo=SE&geo=EU27_2020&sex=T&age=TOTAL&unit=NR&sinceTimePeriod=2013,2026-10-06
demo_pjan,IE,2020,5012600,,2026-09-25T23:00:00+0200,https://ec.europa.eu/eurostat/api/dissemination/statistics/1.0/data/demo_pjan?geo=BE&geo=BG&geo=CZ&geo=DK&geo=DE&geo=EE&geo=IE&geo=EL&geo=ES&geo=FR&geo=HR&geo=IT&geo=CY&geo=LV&geo=LT&geo=LU&geo=HU&geo=MT&geo=NL&geo=AT&geo=PL&geo=PT&geo=RO&geo=SI&geo=SK&geo=FI&geo=SE&geo=EU27_2020&sex=T&age=TOTAL&unit=NR&sinceTimePeriod=2013,2026-10-06
demo_pjan,IE,2021,5066893,,2026-09-25T23:00:00+0200,https://ec.europa.eu/eurostat/api/dissemination/statistics/1.0/data/demo_pjan?geo=BE&geo=BG&geo=CZ&geo=DK&geo=DE&geo=EE&geo=IE&geo=EL&geo=ES&geo=FR&geo=HR&geo=IT&geo=CY&geo=LV&geo=LT&geo=LU&geo=HU&geo=MT&geo=NL&geo=AT&geo=PL&geo=PT&geo=RO&geo=SI&geo=SK&geo=FI&geo=SE&geo=EU27_2020&sex=T&age=TOTAL&unit=NR&sinceTimePeriod=2013,2026-10-06
demo_pjan,IE,2022,5154277,,2026-09-25T23:00:00+0200,https://ec.europa.eu/eurostat/api/dissemination/statistics/1.0/data/demo_pjan?geo=BE&geo=BG&geo=CZ&geo=DK&geo=DE&geo=EE&geo=IE&geo=EL&geo=ES&geo=FR&geo=HR&geo=IT&geo=CY&geo=LV&geo=LT&geo=LU&geo=HU&geo=MT&geo=NL&geo=AT&geo=PL&geo=PT&geo=RO&geo=SI&geo=SK&geo=FI&geo=SE&geo=EU27_2020&sex=T&age=TOTAL&unit=NR&sinceTimePeriod=2013,2026-10-06
demo_pjan,IE,2023,5271395,,2026-09-25T23:00:00+0200,https://ec.europa.eu/eurostat/api/dissemination/statistics/1.0/data/demo_pjan?geo=BE&geo=BG&geo=CZ&geo=DK&geo=DE&geo=EE&geo=IE&geo=EL&geo=ES&geo=FR&geo=HR&geo=IT&geo=CY&geo=LV&geo=LT&geo=LU&geo=HU&geo=MT&geo=NL&geo=AT&geo=PL&geo=PT&geo=RO&geo=SI&geo=SK&geo=FI&geo=SE&geo=EU27_2020&sex=T&age=TOTAL&unit=NR&sinceTimePeriod=2013,2026-10-06
demo_pjan,IE,2024,5351681,,2026-09-25T23:00:00+0200,https://ec.europa.eu/eurostat/api/dissemination/statistics/1.0/data/demo_pjan?geo=BE&geo=BG&geo=CZ&geo=DK&geo=DE&geo=EE&geo=IE&geo=EL&geo=ES&geo=FR&geo=HR&geo=IT&geo=CY&geo=LV&geo=LT&geo=LU&geo=HU&geo=MT&geo=NL&geo=AT&geo=PL&geo=PT&geo=RO&geo=SI&geo=SK&geo=FI&geo=SE&geo=EU27_2020&sex=T&age=TOTAL&unit=NR&sinceTimePeriod=2013,2026-10-06
demo_pjan,IE,2025,5440278,,2026-09-25T23:00:00+0200,https://ec.europa.eu/eurostat/api/dissemination/statistics/1.0/data/demo_pjan?geo=BE&geo=BG&geo=CZ&geo=DK&geo=DE&geo=EE&geo=IE&geo=EL&geo=ES&geo=FR&geo=HR&geo=IT&geo=CY&geo=LV&geo=LT&geo=LU&geo=HU&geo=MT&geo=NL&geo=AT&geo=PL&geo=PT&geo=RO&geo=SI&geo=SK&geo=FI&geo=SE&geo=EU27_2020&sex=T&age=TOTAL&unit=NR&sinceTimePeriod=2013,2026-10-06
demo_pjan,IT,2013,60277309,,2026-09-25T23:00:00+0200,https://ec.europa.eu/eurostat/api/dissemination/statistics/1.0/data/demo_pjan?geo=BE&geo=BG&geo=CZ&geo=DK&geo=DE&geo=EE&geo=IE&geo=EL&geo=ES&geo=FR&geo=HR&geo=IT&geo=CY&geo=LV&geo=LT&geo=LU&geo=HU&geo=MT&geo=NL&geo=AT&geo=PL&geo=PT&geo=RO&geo=SI&geo=SK&geo=FI&geo=SE&geo=EU27_2020&sex=T&age=TOTAL&unit=NR&sinceTimePeriod=2013,2026-10-06
demo_pjan,IT,2014,60345917,,2026-09-25T23:00:00+0200,https://ec.europa.eu/eurostat/api/dissemination/statistics/1.0/data/demo_pjan?geo=BE&geo=BG&geo=CZ&geo=DK&geo=DE&geo=EE&geo=IE&geo=EL&geo=ES&geo=FR&geo=HR&geo=IT&geo=CY&geo=LV&geo=LT&geo=LU&geo=HU&geo=MT&geo=NL&geo=AT&geo=PL&geo=PT&geo=RO&geo=SI&geo=SK&geo=FI&geo=SE&geo=EU27_2020&sex=T&age=TOTAL&unit=NR&sinceTimePeriod=2013,2026-10-06
demo_pjan,IT,2015,60295497,,2026-09-25T23:00:00+0200,https://ec.europa.eu/eurostat/api/dissemination/statistics/1.0/data/demo_pjan?geo=BE&geo=BG&geo=CZ&geo=DK&geo=DE&geo=EE&geo=IE&geo=EL&geo=ES&geo=FR&geo=HR&geo=IT&geo=CY&geo=LV&geo=LT&geo=LU&geo=HU&geo=MT&geo=NL&geo=AT&geo=PL&geo=PT&geo=RO&geo=SI&geo=SK&geo=FI&geo=SE&geo=EU27_2020&sex=T&age=TOTAL&unit=NR&sinceTimePeriod=2013,2026-10-06
demo_pjan,IT,2016,60163712,,2026-09-25T23:00:00+0200,https://ec.europa.eu/eurostat/api/dissemination/statistics/1.0/data/demo_pjan?geo=BE&geo=BG&geo=CZ&geo=DK&geo=DE&geo=EE&geo=IE&geo=EL&geo=ES&geo=FR&geo=HR&geo=IT&geo=CY&geo=LV&geo=LT&geo=LU&geo=HU&geo=MT&geo=NL&geo=AT&geo=PL&geo=PT&geo=RO&geo=SI&geo=SK&geo=FI&geo=SE&geo=EU27_2020&sex=T&age=TOTAL&unit=NR&sinceTimePeriod=2013,2026-10-06
demo_pjan,IT,2017,60066734,,2026-09-25T23:00:00+0200,https://ec.europa.eu/eurostat/api/dissemination/statistics/1.0/data/demo_pjan?geo=BE&geo=BG&geo=CZ&geo=DK&geo=DE&geo=EE&geo=IE&geo=EL&geo=ES&geo=FR&geo=HR&geo=IT&geo=CY&geo=LV&geo=LT&geo=LU&geo=HU&geo=MT&geo=NL&geo=AT&geo=PL&geo=PT&geo=RO&geo=SI&geo=SK&geo=FI&geo=SE&geo=EU27_2020&sex=T&age=TOTAL&unit=NR&sinceTimePeriod=2013,2026-10-06
demo_pjan,IT,2018,59937769,,2026-09-25T23:00:00+0200,https://ec.europa.eu/eurostat/api/dissemination/statistics/1.0/data/demo_pjan?geo=BE&geo=BG&geo=CZ&geo=DK&geo=DE&geo=EE&geo=IE&geo=EL&geo=ES&geo=FR&geo=HR&geo=IT&geo=CY&geo=LV&geo=LT&geo=LU&geo=HU&geo=MT&geo=NL&geo=AT&geo=PL&geo=PT&geo=RO&geo=SI&geo=SK&geo=FI&geo=SE&geo=EU27_2020&sex=T&age=TOTAL&unit=NR&sinceTimePeriod=2013,2026-10-06
demo_pjan,IT,2019,59816673,b,2026-09-25T23:00:00+0200,https://ec.europa.eu/eurostat/api/dissemination/statistics/1.0/data/demo_pjan?geo=BE&geo=BG&geo=CZ&geo=DK&geo=DE&geo=EE&geo=IE&geo=EL&geo=ES&geo=FR&geo=HR&geo=IT&geo=CY&geo=LV&geo=LT&geo=LU&geo=HU&geo=MT&geo=NL&geo=AT&geo=PL&geo=PT&geo=RO&geo=SI&geo=SK&geo=FI&geo=SE&geo=EU27_2020&sex=T&age=TOTAL&unit=NR&sinceTimePeriod=2013,2026-10-06
demo_pjan,IT,2020,59641488,,2026-09-25T23:00:00+0200,https://ec.europa.eu/eurostat/api/dissemination/statistics/1.0/data/demo_pjan?geo=BE&geo=BG&geo=CZ&geo=DK&geo=DE&geo=EE&geo=IE&geo=EL&geo=ES&geo=FR&geo=HR&geo=IT&geo=CY&geo=LV&geo=LT&geo=LU&geo=HU&geo=MT&geo=NL&geo=AT&geo=PL&geo=PT&geo=RO&geo=SI&geo=SK&geo=FI&geo=SE&geo=EU27_2020&sex=T&age=TOTAL&unit=NR&sinceTimePeriod=2013,2026-10-06
demo_pjan,IT,2021,59236213,,2026-09-25T23:00:00+0200,https://ec.europa.eu/eurostat/api/dissemination/statistics/1.0/data/demo_pjan?geo=BE&geo=BG&geo=CZ&geo=DK&geo=DE&geo=EE&geo=IE&geo=EL&geo=ES&geo=FR&geo=HR&geo=IT&geo=CY&geo=LV&geo=LT&geo=LU&geo=HU&geo=MT&geo=NL&geo=AT&geo=PL&geo=PT&geo=RO&geo=SI&geo=SK&geo=FI&geo=SE&geo=EU27_2020&sex=T&age=TOTAL&unit=NR&sinceTimePeriod=2013,2026-10-06
demo_pjan,IT,2022,59030133,,2026-09-25T23:00:00+0200,https://ec.europa.eu/eurostat/api/dissemination/statistics/1.0/data/demo_pjan?geo=BE&geo=BG&geo=CZ&geo=DK&geo=DE&geo=EE&geo=IE&geo=EL&geo=ES&geo=FR&geo=HR&geo=IT&geo=CY&geo=LV&geo=LT&geo=LU&geo=HU&geo=MT&geo=NL&geo=AT&geo=PL&geo=PT&geo=RO&geo=SI&geo=SK&geo=FI&geo=SE&geo=EU27_2020&sex=T&age=TOTAL&unit=NR&sinceTimePeriod=2013,2026-10-06
demo_pjan,IT,2023,58997201,,2026-09-25T23:00:00+0200,https://ec.europa.eu/eurostat/api/dissemination/statistics/1.0/data/demo_pjan?geo=BE&geo=BG&geo=CZ&geo=DK&geo=DE&geo=EE&geo=IE&geo=EL&geo=ES&geo=FR&geo=HR&geo=IT&geo=CY&geo=LV&geo=LT&geo=LU&geo=HU&geo=MT&geo=NL&geo=AT&geo=PL&geo=PT&geo=RO&geo=SI&geo=SK&geo=FI&geo=SE&geo=EU27_2020&sex=T&age=TOTAL&unit=NR&sinceTimePeriod=2013,2026-10-06
demo_pjan,IT,2024,58971230,,2026-09-25T23:00:00+0200,https://ec.europa.eu/eurostat/api/dissemination/statistics/1.0/data/demo_pjan?geo=BE&geo=BG&geo=CZ&geo=DK&geo=DE&geo=EE&geo=IE&geo=EL&geo=ES&geo=FR&geo=HR&geo=IT&geo=CY&geo=LV&geo=LT&geo=LU&geo=HU&geo=MT&geo=NL&geo=AT&geo=PL&geo=PT&geo=RO&geo=SI&geo=SK&geo=FI&geo=SE&geo=EU27_2020&sex=T&age=TOTAL&unit=NR&sinceTimePeriod=2013,2026-10-06
demo_pjan,IT,2025,58943464,,2026-09-25T23:00:00+0200,https://ec.europa.eu/eurostat/api/dissemination/statistics/1.0/data/demo_pjan?geo=BE&geo=BG&geo=CZ&geo=DK&geo=DE&geo=EE&geo=IE&geo=EL&geo=ES&geo=FR&geo=HR&geo=IT&geo=CY&geo=LV&geo=LT&geo=LU&geo=HU&geo=MT&geo=NL&geo=AT&geo=PL&geo=PT&geo=RO&geo=SI&geo=SK&geo=FI&geo=SE&geo=EU27_2020&sex=T&age=TOTAL&unit=NR&sinceTimePeriod=2013,2026-10-06
demo_pjan,LT,2013,2974637,,2026-09-25T23:00:00+0200,https://ec.europa.eu/eurostat/api/dissemination/statistics/1.0/data/demo_pjan?geo=BE&geo=BG&geo=CZ&geo=DK&geo=DE&geo=EE&geo=IE&geo=EL&geo=ES&geo=FR&geo=HR&geo=IT&geo=CY&geo=LV&geo=LT&geo=LU&geo=HU&geo=MT&geo=NL&geo=AT&geo=PL&geo=PT&geo=RO&geo=SI&geo=SK&geo=FI&geo=SE&geo=EU27_2020&sex=T&age=TOTAL&unit=NR&sinceTimePeriod=2013,2026-10-06
demo_pjan,LT,2014,2947862,,2026-09-25T23:00:00+0200,https://ec.europa.eu/eurostat/api/dissemination/statistics/1.0/data/demo_pjan?geo=BE&geo=BG&geo=CZ&geo=DK&geo=DE&geo=EE&geo=IE&geo=EL&geo=ES&geo=FR&geo=HR&geo=IT&geo=CY&geo=LV&geo=LT&geo=LU&geo=HU&geo=MT&geo=NL&geo=AT&geo=PL&geo=PT&geo=RO&geo=SI&geo=SK&geo=FI&geo=SE&geo=EU27_2020&sex=T&age=TOTAL&unit=NR&sinceTimePeriod=2013,2026-10-06
demo_pjan,LT,2015,2926644,,2026-09-25T23:00:00+0200,https://ec.europa.eu/eurostat/api/dissemination/statistics/1.0/data/demo_pjan?geo=BE&geo=BG&geo=CZ&geo=DK&geo=DE&geo=EE&geo=IE&geo=EL&geo=ES&geo=FR&geo=HR&geo=IT&geo=CY&geo=LV&geo=LT&geo=LU&geo=HU&geo=MT&geo=NL&geo=AT&geo=PL&geo=PT&geo=RO&geo=SI&geo=SK&geo=FI&geo=SE&geo=EU27_2020&sex=T&age=TOTAL&unit=NR&sinceTimePeriod=2013,2026-10-06
demo_pjan,LT,2016,2895573,,2026-09-25T23:00:00+0200,https://ec.europa.eu/eurostat/api/dissemination/statistics/1.0/data/demo_pjan?geo=BE&geo=BG&geo=CZ&geo=DK&geo=DE&geo=EE&geo=IE&geo=EL&geo=ES&geo=FR&geo=HR&geo=IT&geo=CY&geo=LV&geo=LT&geo=LU&geo=HU&geo=MT&geo=NL&geo=AT&geo=PL&geo=PT&geo=RO&geo=SI&geo=SK&geo=FI&geo=SE&geo=EU27_2020&sex=T&age=TOTAL&unit=NR&sinceTimePeriod=2013,2026-10-06
demo_pjan,LT,2017,2859077,,2026-09-25T23:00:00+0200,https://ec.europa.eu/eurostat/api/dissemination/statistics/1.0/data/demo_pjan?geo=BE&geo=BG&geo=CZ&geo=DK&geo=DE&geo=EE&geo=IE&geo=EL&geo=ES&geo=FR&geo=HR&geo=IT&geo=CY&geo=LV&geo=LT&geo=LU&geo=HU&geo=MT&geo=NL&geo=AT&geo=PL&geo=PT&geo=RO&geo=SI&geo=SK&geo=FI&geo=SE&geo=EU27_2020&sex=T&age=TOTAL&unit=NR&sinceTimePeriod=2013,2026-10-06
demo_pjan,LT,2018,2826200,,2026-09-25T23:00:00+0200,https://ec.europa.eu/eurostat/api/dissemination/statistics/1.0/data/demo_pjan?geo=BE&geo=BG&geo=CZ&geo=DK&geo=DE&geo=EE&geo=IE&geo=EL&geo=ES&geo=FR&geo=HR&geo=IT&geo=CY&geo=LV&geo=LT&geo=LU&geo=HU&geo=MT&geo=NL&geo=AT&geo=PL&geo=PT&geo=RO&geo=SI&geo=SK&geo=FI&geo=SE&geo=EU27_2020&sex=T&age=TOTAL&unit=NR&sinceTimePeriod=2013,2026-10-06
demo_pjan,LT,2019,2812200,,2026-09-25T23:00:00+0200,https://ec.europa.eu/eurostat/api/dissemination/statistics/1.0/data/demo_pjan?geo=BE&geo=BG&geo=CZ&geo=DK&geo=DE&geo=EE&geo=IE&geo=EL&geo=ES&geo=FR&geo=HR&geo=IT&geo=CY&geo=LV&geo=LT&geo=LU&geo=HU&geo=MT&geo=NL&geo=AT&geo=PL&geo=PT&geo=RO&geo=SI&geo=SK&geo=FI&geo=SE&geo=EU27_2020&sex=T&age=TOTAL&unit=NR&sinceTimePeriod=2013,2026-10-06
demo_pjan,LT,2020,2809977,,2026-09-25T23:00:00+0200,https://ec.europa.eu/eurostat/api/dissemination/statistics/1.0/data/demo_pjan?geo=BE&geo=BG&geo=CZ&geo=DK&geo=DE&geo=EE&geo=IE&geo=EL&geo=ES&geo=FR&geo=HR&geo=IT&geo=CY&geo=LV&geo=LT&geo=LU&geo=HU&geo=MT&geo=NL&geo=AT&geo=PL&geo=PT&geo=RO&geo=SI&geo=SK&geo=FI&geo=SE&geo=EU27_2020&sex=T&age=TOTAL&unit=NR&sinceTimePeriod=2013,2026-10-06
demo_pjan,LT,2021,2810761,,2026-09-25T23:00:00+0200,https://ec.europa.eu/eurostat/api/dissemination/statistics/1.0/data/demo_pjan?geo=BE&geo=BG&geo=CZ&geo=DK&geo=DE&geo=EE&geo=IE&geo=EL&geo=ES&geo=FR&geo=HR&geo=IT&geo=CY&geo=LV&geo=LT&geo=LU&geo=HU&geo=MT&geo=NL&geo=AT&geo=PL&geo=PT&geo=RO&geo=SI&geo=SK&geo=FI&geo=SE&geo=EU27_2020&sex=T&age=TOTAL&unit=NR&sinceTimePeriod=2013,2026-10-06
demo_pjan,LT,2022,2805998,,2026-09-25T23:00:00+0200,https://ec.europa.eu/eurostat/api/dissemination/statistics/1.0/data/demo_pjan?geo=BE&geo=BG&geo=CZ&geo=DK&geo=DE&geo=EE&geo=IE&geo=EL&geo=ES&geo=FR&geo=HR&geo=IT&geo=CY&geo=LV&geo=LT&geo=LU&geo=HU&geo=MT&geo=NL&geo=AT&geo=PL&geo=PT&geo=RO&geo=SI&geo=SK&geo=FI&geo=SE&geo=EU27_2020&sex=T&age=TOTAL&unit=NR&sinceTimePeriod=2013,2026-10-06
demo_pjan,LT,2023,2857279,,2026-09-25T23:00:00+0200,https://ec.europa.eu/eurostat/api/dissemination/statistics/1.0/data/demo_pjan?geo=BE&geo=BG&geo=CZ&geo=DK&geo=DE&geo=EE&geo=IE&geo=EL&geo=ES&geo=FR&geo=HR&geo=IT&geo=CY&geo=LV&geo=LT&geo=LU&geo=HU&geo=MT&geo=NL&geo=AT&geo=PL&geo=PT&geo=RO&geo=SI&geo=SK&geo=FI&geo=SE&geo=EU27_2020&sex=T&age=TOTAL&unit=NR&sinceTimePeriod=2013,2026-10-06
demo_pjan,LT,2024,2885891,,2026-09-25T23:00:00+0200,https://ec.europa.eu/eurostat/api/dissemination/statistics/1.0/data/demo_pjan?geo=BE&geo=BG&geo=CZ&geo=DK&geo=DE&geo=EE&geo=IE&geo=EL&geo=ES&geo=FR&geo=HR&geo=IT&geo=CY&geo=LV&geo=LT&geo=LU&geo=HU&geo=MT&geo=NL&geo=AT&geo=PL&geo=PT&geo=RO&geo=SI&geo=SK&geo=FI&geo=SE&geo=EU27_2020&sex=T&age=TOTAL&unit=NR&sinceTimePeriod=2013,2026-10-06
demo_pjan,LT,2025,2890664,,2026-09-25T23:00:00+0200,https://ec.europa.eu/eurostat/api/dissemination/statistics/1.0/data/demo_pjan?geo=BE&geo=BG&geo=CZ&geo=DK&geo=DE&geo=EE&geo=IE&geo=EL&geo=ES&geo=FR&geo=HR&geo=IT&geo=CY&geo=LV&geo=LT&geo=LU&geo=HU&geo=MT&geo=NL&geo=AT&geo=PL&geo=PT&geo=RO&geo=SI&geo=SK&geo=FI&geo=SE&geo=EU27_2020&sex=T&age=TOTAL&unit=NR&sinceTimePeriod=2013,2026-10-06
demo_pjan,LU,2013,537039,,2026-09-25T23:00:00+0200,https://ec.europa.eu/eurostat/api/dissemination/statistics/1.0/data/demo_pjan?geo=BE&geo=BG&geo=CZ&geo=DK&geo=DE&geo=EE&geo=IE&geo=EL&geo=ES&geo=FR&geo=HR&geo=IT&geo=CY&geo=LV&geo=LT&geo=LU&geo=HU&geo=MT&geo=NL&geo=AT&geo=PL&geo=PT&geo=RO&geo=SI&geo=SK&geo=FI&geo=SE&geo=EU27_2020&sex=T&age=TOTAL&unit=NR&sinceTimePeriod=2013,2026-10-06
demo_pjan,LU,2014,549680,,2026-09-25T23:00:00+0200,https://ec.europa.eu/eurostat/api/dissemination/statistics/1.0/data/demo_pjan?geo=BE&geo=BG&geo=CZ&geo=DK&geo=DE&geo=EE&geo=IE&geo=EL&geo=ES&geo=FR&geo=HR&geo=IT&geo=CY&geo=LV&geo=LT&geo=LU&geo=HU&geo=MT&geo=NL&geo=AT&geo=PL&geo=PT&geo=RO&geo=SI&geo=SK&geo=FI&geo=SE&geo=EU27_2020&sex=T&age=TOTAL&unit=NR&sinceTimePeriod=2013,2026-10-06
demo_pjan,LU,2015,562958,,2026-09-25T23:00:00+0200,https://ec.europa.eu/eurostat/api/dissemination/statistics/1.0/data/demo_pjan?geo=BE&geo=BG&geo=CZ&geo=DK&geo=DE&geo=EE&geo=IE&geo=EL&geo=ES&geo=FR&geo=HR&geo=IT&geo=CY&geo=LV&geo=LT&geo=LU&geo=HU&geo=MT&geo=NL&geo=AT&geo=PL&geo=PT&geo=RO&geo=SI&geo=SK&geo=FI&geo=SE&geo=EU27_2020&sex=T&age=TOTAL&unit=NR&sinceTimePeriod=2013,2026-10-06
demo_pjan,LU,2016,576249,,2026-09-25T23:00:00+0200,https://ec.europa.eu/eurostat/api/dissemination/statistics/1.0/data/demo_pjan?geo=BE&geo=BG&geo=CZ&geo=DK&geo=DE&geo=EE&geo=IE&geo=EL&geo=ES&geo=FR&geo=HR&geo=IT&geo=CY&geo=LV&geo=LT&geo=LU&geo=HU&geo=MT&geo=NL&geo=AT&geo=PL&geo=PT&geo=RO&geo=SI&geo=SK&geo=FI&geo=SE&geo=EU27_2020&sex=T&age=TOTAL&unit=NR&sinceTimePeriod=2013,2026-10-06
demo_pjan,LU,2017,590667,b,2026-09-25T23:00:00+0200,https://ec.europa.eu/eurostat/api/dissemination/statistics/1.0/data/demo_pjan?geo=BE&geo=BG&geo=CZ&geo=DK&geo=DE&geo=EE&geo=IE&geo=EL&geo=ES&geo=FR&geo=HR&geo=IT&geo=CY&geo=LV&geo=LT&geo=LU&geo=HU&geo=MT&geo=NL&geo=AT&geo=PL&geo=PT&geo=RO&geo=SI&geo=SK&geo=FI&geo=SE&geo=EU27_2020&sex=T&age=TOTAL&unit=NR&sinceTimePeriod=2013,2026-10-06
demo_pjan,LU,2018,602005,,2026-09-25T23:00:00+0200,https://ec.europa.eu/eurostat/api/dissemination/statistics/1.0/data/demo_pjan?geo=BE&geo=BG&geo=CZ&geo=DK&geo=DE&geo=EE&geo=IE&geo=EL&geo=ES&geo=FR&geo=HR&geo=IT&geo=CY&geo=LV&geo=LT&geo=LU&geo=HU&geo=MT&geo=NL&geo=AT&geo=PL&geo=PT&geo=RO&geo=SI&geo=SK&geo=FI&geo=SE&geo=EU27_2020&sex=T&age=TOTAL&unit=NR&sinceTimePeriod=2013,2026-10-06
demo_pjan,LU,2019,613894,,2026-09-25T23:00:00+0200,https://ec.europa.eu/eurostat/api/dissemination/statistics/1.0/data/demo_pjan?geo=BE&geo=BG&geo=CZ&geo=DK&geo=DE&geo=EE&geo=IE&geo=EL&geo=ES&geo=FR&geo=HR&geo=IT&geo=CY&geo=LV&geo=LT&geo=LU&geo=HU&geo=MT&geo=NL&geo=AT&geo=PL&geo=PT&geo=RO&geo=SI&geo=SK&geo=FI&geo=SE&geo=EU27_2020&sex=T&age=TOTAL&unit=NR&sinceTimePeriod=2013,2026-10-06
demo_pjan,LU,2020,626108,,2026-09-25T23:00:00+0200,https://ec.europa.eu/eurostat/api/dissemination/statistics/1.0/data/demo_pjan?geo=BE&geo=BG&geo=CZ&geo=DK&geo=DE&geo=EE&geo=IE&geo=EL&geo=ES&geo=FR&geo=HR&geo=IT&geo=CY&geo=LV&geo=LT&geo=LU&geo=HU&geo=MT&geo=NL&geo=AT&geo=PL&geo=PT&geo=RO&geo=SI&geo=SK&geo=FI&geo=SE&geo=EU27_2020&sex=T&age=TOTAL&unit=NR&sinceTimePeriod=2013,2026-10-06
demo_pjan,LU,2021,634730,,2026-09-25T23:00:00+0200,https://ec.europa.eu/eurostat/api/dissemination/statistics/1.0/data/demo_pjan?geo=BE&geo=BG&geo=CZ&geo=DK&geo=DE&geo=EE&geo=IE&geo=EL&geo=ES&geo=FR&geo=HR&geo=IT&geo=CY&geo=LV&geo=LT&geo=LU&geo=HU&geo=MT&geo=NL&geo=AT&geo=PL&geo=PT&geo=RO&geo=SI&geo=SK&geo=FI&geo=SE&geo=EU27_2020&sex=T&age=TOTAL&unit=NR&sinceTimePeriod=2013,2026-10-06
demo_pjan,LU,2022,645397,,2026-09-25T23:00:00+0200,https://ec.europa.eu/eurostat/api/dissemination/statistics/1.0/data/demo_pjan?geo=BE&geo=BG&geo=CZ&geo=DK&geo=DE&geo=EE&geo=IE&geo=EL&geo=ES&geo=FR&geo=HR&geo=IT&geo=CY&geo=LV&geo=LT&geo=LU&geo=HU&geo=MT&geo=NL&geo=AT&geo=PL&geo=PT&geo=RO&geo=SI&geo=SK&geo=FI&geo=SE&geo=EU27_2020&sex=T&age=TOTAL&unit=NR&sinceTimePeriod=2013,2026-10-06
demo_pjan,LU,2023,660809,,2026-09-25T23:00:00+0200,https://ec.europa.eu/eurostat/api/dissemination/statistics/1.0/data/demo_pjan?geo=BE&geo=BG&geo=CZ&geo=DK&geo=DE&geo=EE&geo=IE&geo=EL&geo=ES&geo=FR&geo=HR&geo=IT&geo=CY&geo=LV&geo=LT&geo=LU&geo=HU&geo=MT&geo=NL&geo=AT&geo=PL&geo=PT&geo=RO&geo=SI&geo=SK&geo=FI&geo=SE&geo=EU27_2020&sex=T&age=TOTAL&unit=NR&sinceTimePeriod=2013,2026-10-06
demo_pjan,LU,2024,672050,,2026-09-25T23:00:00+0200,https://ec.europa.eu/eurostat/api/dissemination/statistics/1.0/data/demo_pjan?geo=BE&geo=BG&geo=CZ&geo=DK&geo=DE&geo=EE&geo=IE&geo=EL&geo=ES&geo=FR&geo=HR&geo=IT&geo=CY&geo=LV&geo=LT&geo=LU&geo=HU&geo=MT&geo=NL&geo=AT&geo=PL&geo=PT&geo=RO&geo=SI&geo=SK&geo=FI&geo=SE&geo=EU27_2020&sex=T&age=TOTAL&unit=NR&sinceTimePeriod=2013,2026-10-06
demo_pjan,LU,2025,681973,,2026-09-25T23:00:00+0200,https://ec.europa.eu/eurostat/api/dissemination/statistics/1.0/data/demo_pjan?geo=BE&geo=BG&geo=CZ&geo=DK&geo=DE&geo=EE&geo=IE&geo=EL&geo=ES&geo=FR&geo=HR&geo=IT&geo=CY&geo=LV&geo=LT&geo=LU&geo=HU&geo=MT&geo=NL&geo=AT&geo=PL&geo=PT&geo=RO&geo=SI&geo=SK&geo=FI&geo=SE&geo=EU27_2020&sex=T&age=TOTAL&unit=NR&sinceTimePeriod=2013,2026-10-06
demo_pjan,LV,2013,2023825,,2026-09-25T23:00:00+0200,https://ec.europa.eu/eurostat/api/dissemination/statistics/1.0/data/demo_pjan?geo=BE&geo=BG&geo=CZ&geo=DK&geo=DE&geo=EE&geo=IE&geo=EL&geo=ES&geo=FR&geo=HR&geo=IT&geo=CY&geo=LV&geo=LT&geo=LU&geo=HU&geo=MT&geo=NL&geo=AT&geo=PL&geo=PT&geo=RO&geo=SI&geo=SK&geo=FI&geo=SE&geo=EU27_2020&sex=T&age=TOTAL&unit=NR&sinceTimePeriod=2013,2026-10-06
demo_pjan,LV,2014,2001468,,2026-09-25T23:00:00+0200,https://ec.europa.eu/eurostat/api/dissemination/statistics/1.0/data/demo_pjan?geo=BE&geo=BG&geo=CZ&geo=DK&geo=DE&geo=EE&geo=IE&geo=EL&geo=ES&geo=FR&geo=HR&geo=IT&geo=CY&geo=LV&geo=LT&geo=LU&geo=HU&geo=MT&geo=NL&geo=AT&geo=PL&geo=PT&geo=RO&geo=SI&geo=SK&geo=FI&geo=SE&geo=EU27_2020&sex=T&age=TOTAL&unit=NR&sinceTimePeriod=2013,2026-10-06
demo_pjan,LV,2015,1986096,,2026-09-25T23:00:00+0200,https://ec.europa.eu/eurostat/api/dissemination/statistics/1.0/data/demo_pjan?geo=BE&geo=BG&geo=CZ&geo=DK&geo=DE&geo=EE&geo=IE&geo=EL&geo=ES&geo=FR&geo=HR&geo=IT&geo=CY&geo=LV&geo=LT&geo=LU&geo=HU&geo=MT&geo=NL&geo=AT&geo=PL&geo=PT&geo=RO&geo=SI&geo=SK&geo=FI&geo=SE&geo=EU27_2020&sex=T&age=TOTAL&unit=NR&sinceTimePeriod=2013,2026-10-06
demo_pjan,LV,2016,1968957,,2026-09-25T23:00:00+0200,https://ec.europa.eu/eurostat/api/dissemination/statistics/1.0/data/demo_pjan?geo=BE&geo=BG&geo=CZ&geo=DK&geo=DE&geo=EE&geo=IE&geo=EL&geo=ES&geo=FR&geo=HR&geo=IT&geo=CY&geo=LV&geo=LT&geo=LU&geo=HU&geo=MT&geo=NL&geo=AT&geo=PL&geo=PT&geo=RO&geo=SI&geo=SK&geo=FI&geo=SE&geo=EU27_2020&sex=T&age=TOTAL&unit=NR&sinceTimePeriod=2013,2026-10-06
demo_pjan,LV,2017,1950116,,2026-09-25T23:00:00+0200,https://ec.europa.eu/eurostat/api/dissemination/statistics/1.0/data/demo_pjan?geo=BE&geo=BG&geo=CZ&geo=DK&geo=DE&geo=EE&geo=IE&geo=EL&geo=ES&geo=FR&geo=HR&geo=IT&geo=CY&geo=LV&geo=LT&geo=LU&geo=HU&geo=MT&geo=NL&geo=AT&geo=PL&geo=PT&geo=RO&geo=SI&geo=SK&geo=FI&geo=SE&geo=EU27_2020&sex=T&age=TOTAL&unit=NR&sinceTimePeriod=2013,2026-10-06
demo_pjan,LV,2018,1934379,,2026-09-25T23:00:00+0200,https://ec.europa.eu/eurostat/api/dissemination/statistics/1.0/data/demo_pjan?geo=BE&geo=BG&geo=CZ&geo=DK&geo=DE&geo=EE&geo=IE&geo=EL&geo=ES&geo=FR&geo=HR&geo=IT&geo=CY&geo=LV&geo=LT&geo=LU&geo=HU&geo=MT&geo=NL&geo=AT&geo=PL&geo=PT&geo=RO&geo=SI&geo=SK&geo=FI&geo=SE&geo=EU27_2020&sex=T&age=TOTAL&unit=NR&sinceTimePeriod=2013,2026-10-06
demo_pjan,LV,2019,1919968,,2026-09-25T23:00:00+0200,https://ec.europa.eu/eurostat/api/dissemination/statistics/1.0/data/demo_pjan?geo=BE&geo=BG&geo=CZ&geo=DK&geo=DE&geo=EE&geo=IE&geo=EL&geo=ES&geo=FR&geo=HR&geo=IT&geo=CY&geo=LV&geo=LT&geo=LU&geo=HU&geo=MT&geo=NL&geo=AT&geo=PL&geo=PT&geo=RO&geo=SI&geo=SK&geo=FI&geo=SE&geo=EU27_2020&sex=T&age=TOTAL&unit=NR&sinceTimePeriod=2013,2026-10-06
demo_pjan,LV,2020,1907675,,2026-09-25T23:00:00+0200,https://ec.europa.eu/eurostat/api/dissemination/statistics/1.0/data/demo_pjan?geo=BE&geo=BG&geo=CZ&geo=DK&geo=DE&geo=EE&geo=IE&geo=EL&geo=ES&geo=FR&geo=HR&geo=IT&geo=CY&geo=LV&geo=LT&geo=LU&geo=HU&geo=MT&geo=NL&geo=AT&geo=PL&geo=PT&geo=RO&geo=SI&geo=SK&geo=FI&geo=SE&geo=EU27_2020&sex=T&age=TOTAL&unit=NR&sinceTimePeriod=2013,2026-10-06
demo_pjan,LV,2021,1893223,,2026-09-25T23:00:00+0200,https://ec.europa.eu/eurostat/api/dissemination/statistics/1.0/data/demo_pjan?geo=BE&geo=BG&geo=CZ&geo=DK&geo=DE&geo=EE&geo=IE&geo=EL&geo=ES&geo=FR&geo=HR&geo=IT&geo=CY&geo=LV&geo=LT&geo=LU&geo=HU&geo=MT&geo=NL&geo=AT&geo=PL&geo=PT&geo=RO&geo=SI&geo=SK&geo=FI&geo=SE&geo=EU27_2020&sex=T&age=TOTAL&unit=NR&sinceTimePeriod=2013,2026-10-06
demo_pjan,LV,2022,1875757,,2026-09-25T23:00:00+0200,https://ec.europa.eu/eurostat/api/dissemination/statistics/1.0/data/demo_pjan?geo=BE&geo=BG&geo=CZ&geo=DK&geo=DE&geo=EE&geo=IE&geo=EL&geo=ES&geo=FR&geo=HR&geo=IT&geo=CY&geo=LV&geo=LT&geo=LU&geo=HU&geo=MT&geo=NL&geo=AT&geo=PL&geo=PT&geo=RO&geo=SI&geo=SK&geo=FI&geo=SE&geo=EU27_2020&sex=T&age=TOTAL&unit=NR&sinceTimePeriod=2013,2026-10-06
demo_pjan,LV,2023,1895239,,2026-09-25T23:00:00+0200,https://ec.europa.eu/eurostat/api/dissemination/statistics/1.0/data/demo_pjan?geo=BE&geo=BG&geo=CZ&geo=DK&geo=DE&geo=EE&geo=IE&geo=EL&geo=ES&geo=FR&geo=HR&geo=IT&geo=CY&geo=LV&geo=LT&geo=LU&geo=HU&geo=MT&geo=NL&geo=AT&geo=PL&geo=PT&geo=RO&geo=SI&geo=SK&geo=FI&geo=SE&geo=EU27_2020&sex=T&age=TOTAL&unit=NR&sinceTimePeriod=2013,2026-10-06
demo_pjan,LV,2024,1878575,,2026-09-25T23:00:00+0200,https://ec.europa.eu/eurostat/api/dissemination/statistics/1.0/data/demo_pjan?geo=BE&geo=BG&geo=CZ&geo=DK&geo=DE&geo=EE&geo=IE&geo=EL&geo=ES&geo=FR&geo=HR&geo=IT&geo=CY&geo=LV&geo=LT&geo=LU&geo=HU&geo=MT&geo=NL&geo=AT&geo=PL&geo=PT&geo=RO&geo=SI&geo=SK&geo=FI&geo=SE&geo=EU27_2020&sex=T&age=TOTAL&unit=NR&sinceTimePeriod=2013,2026-10-06
demo_pjan,LV,2025,1860565,,2026-09-25T23:00:00+0200,https://ec.europa.eu/eurostat/api/dissemination/statistics/1.0/data/demo_pjan?geo=BE&geo=BG&geo=CZ&geo=DK&geo=DE&geo=EE&geo=IE&geo=EL&geo=ES&geo=FR&geo=HR&geo=IT&geo=CY&geo=LV&geo=LT&geo=LU&geo=HU&geo=MT&geo=NL&geo=AT&geo=PL&geo=PT&geo=RO&geo=SI&geo=SK&geo=FI&geo=SE&geo=EU27_2020&sex=T&age=TOTAL&unit=NR&sinceTimePeriod=2013,2026-10-06
demo_pjan,MT,2013,421464,,2026-09-25T23:00:00+0200,https://ec.europa.eu/eurostat/api/dissemination/statistics/1.0/data/demo_pjan?geo=BE&geo=BG&geo=CZ&geo=DK&geo=DE&geo=EE&geo=IE&geo=EL&geo=ES&geo=FR&geo=HR&geo=IT&geo=CY&geo=LV&geo=LT&geo=LU&geo=HU&geo=MT&geo=NL&geo=AT&geo=PL&geo=PT&geo=RO&geo=SI&geo=SK&geo=FI&geo=SE&geo=EU27_2020&sex=T&age=TOTAL&unit=NR&sinceTimePeriod=2013,2026-10-06
demo_pjan,MT,2014,428156,,2026-09-25T23:00:00+0200,https://ec.europa.eu/eurostat/api/dissemination/statistics/1.0/data/demo_pjan?geo=BE&geo=BG&geo=CZ&geo=DK&geo=DE&geo=EE&geo=IE&geo=EL&geo=ES&geo=FR&geo=HR&geo=IT&geo=CY&geo=LV&geo=LT&geo=LU&geo=HU&geo=MT&geo=NL&geo=AT&geo=PL&geo=PT&geo=RO&geo=SI&geo=SK&geo=FI&geo=SE&geo=EU27_2020&sex=T&age=TOTAL&unit=NR&sinceTimePeriod=2013,2026-10-06
demo_pjan,MT,2015,438805,,2026-09-25T23:00:00+0200,https://ec.europa.eu/eurostat/api/dissemination/statistics/1.0/data/demo_pjan?geo=BE&geo=BG&geo=CZ&geo=DK&geo=DE&geo=EE&geo=IE&geo=EL&geo=ES&geo=FR&geo=HR&geo=IT&geo=CY&geo=LV&geo=LT&geo=LU&geo=HU&geo=MT&geo=NL&geo=AT&geo=PL&geo=PT&geo=RO&geo=SI&geo=SK&geo=FI&geo=SE&geo=EU27_2020&sex=T&age=TOTAL&unit=NR&sinceTimePeriod=2013,2026-10-06
demo_pjan,MT,2016,449635,,2026-09-25T23:00:00+0200,https://ec.europa.eu/eurostat/api/dissemination/statistics/1.0/data/demo_pjan?geo=BE&geo=BG&geo=CZ&geo=DK&geo=DE&geo=EE&geo=IE&geo=EL&geo=ES&geo=FR&geo=HR&geo=IT&geo=CY&geo=LV&geo=LT&geo=LU&geo=HU&geo=MT&geo=NL&geo=AT&geo=PL&geo=PT&geo=RO&geo=SI&geo=SK&geo=FI&geo=SE&geo=EU27_2020&sex=T&age=TOTAL&unit=NR&sinceTimePeriod=2013,2026-10-06
demo_pjan,MT,2017,459375,,2026-09-25T23:00:00+0200,https://ec.europa.eu/eurostat/api/dissemination/statistics/1.0/data/demo_pjan?geo=BE&geo=BG&geo=CZ&geo=DK&geo=DE&geo=EE&geo=IE&geo=EL&geo=ES&geo=FR&geo=HR&geo=IT&geo=CY&geo=LV&geo=LT&geo=LU&geo=HU&geo=MT&geo=NL&geo=AT&geo=PL&geo=PT&geo=RO&geo=SI&geo=SK&geo=FI&geo=SE&geo=EU27_2020&sex=T&age=TOTAL&unit=NR&sinceTimePeriod=2013,2026-10-06
demo_pjan,MT,2018,474837,,2026-09-25T23:00:00+0200,https://ec.europa.eu/eurostat/api/dissemination/statistics/1.0/data/demo_pjan?geo=BE&geo=BG&geo=CZ&geo=DK&geo=DE&geo=EE&geo=IE&geo=EL&geo=ES&geo=FR&geo=HR&geo=IT&geo=CY&geo=LV&geo=LT&geo=LU&geo=HU&geo=MT&geo=NL&geo=AT&geo=PL&geo=PT&geo=RO&geo=SI&geo=SK&geo=FI&geo=SE&geo=EU27_2020&sex=T&age=TOTAL&unit=NR&sinceTimePeriod=2013,2026-10-06
demo_pjan,MT,2019,492968,,2026-09-25T23:00:00+0200,https://ec.europa.eu/eurostat/api/dissemination/statistics/1.0/data/demo_pjan?geo=BE&geo=BG&geo=CZ&geo=DK&geo=DE&geo=EE&geo=IE&geo=EL&geo=ES&geo=FR&geo=HR&geo=IT&geo=CY&geo=LV&geo=LT&geo=LU&geo=HU&geo=MT&geo=NL&geo=AT&geo=PL&geo=PT&geo=RO&geo=SI&geo=SK&geo=FI&geo=SE&geo=EU27_2020&sex=T&age=TOTAL&unit=NR&sinceTimePeriod=2013,2026-10-06
demo_pjan,MT,2020,514855,,2026-09-25T23:00:00+0200,https://ec.europa.eu/eurostat/api/dissemination/statistics/1.0/data/demo_pjan?geo=BE&geo=BG&geo=CZ&geo=DK&geo=DE&geo=EE&geo=IE&geo=EL&geo=ES&geo=FR&geo=HR&geo=IT&geo=CY&geo=LV&geo=LT&geo=LU&geo=HU&geo=MT&geo=NL&geo=AT&geo=PL&geo=PT&geo=RO&geo=SI&geo=SK&geo=FI&geo=SE&geo=EU27_2020&sex=T&age=TOTAL&unit=NR&sinceTimePeriod=2013,2026-10-06
demo_pjan,MT,2021,516125,,2026-09-25T23:00:00+0200,https://ec.europa.eu/eurostat/api/dissemination/statistics/1.0/data/demo_pjan?geo=BE&geo=BG&geo=CZ&geo=DK&geo=DE&geo=EE&geo=IE&geo=EL&geo=ES&geo=FR&geo=HR&geo=IT&geo=CY&geo=LV&geo=LT&geo=LU&geo=HU&geo=MT&geo=NL&geo=AT&geo=PL&geo=PT&geo=RO&geo=SI&geo=SK&geo=FI&geo=SE&geo=EU27_2020&sex=T&age=TOTAL&unit=NR&sinceTimePeriod=2013,2026-10-06
demo_pjan,MT,2022,520174,,2026-09-25T23:00:00+0200,https://ec.europa.eu/eurostat/api/dissemination/statistics/1.0/data/demo_pjan?geo=BE&geo=BG&geo=CZ&geo=DK&geo=DE&geo=EE&geo=IE&geo=EL&geo=ES&geo=FR&geo=HR&geo=IT&geo=CY&geo=LV&geo=LT&geo=LU&geo=HU&geo=MT&geo=NL&geo=AT&geo=PL&geo=PT&geo=RO&geo=SI&geo=SK&geo=FI&geo=SE&geo=EU27_2020&sex=T&age=TOTAL&unit=NR&sinceTimePeriod=2013,2026-10-06
demo_pjan,MT,2023,542051,,2026-09-25T23:00:00+0200,https://ec.europa.eu/eurostat/api/dissemination/statistics/1.0/data/demo_pjan?geo=BE&geo=BG&geo=CZ&geo=DK&geo=DE&geo=EE&geo=IE&geo=EL&geo=ES&geo=FR&geo=HR&geo=IT&geo=CY&geo=LV&geo=LT&geo=LU&geo=HU&geo=MT&geo=NL&geo=AT&geo=PL&geo=PT&geo=RO&geo=SI&geo=SK&geo=FI&geo=SE&geo=EU27_2020&sex=T&age=TOTAL&unit=NR&sinceTimePeriod=2013,2026-10-06
demo_pjan,MT,2024,563443,,2026-09-25T23:00:00+0200,https://ec.europa.eu/eurostat/api/dissemination/statistics/1.0/data/demo_pjan?geo=BE&geo=BG&geo=CZ&geo=DK&geo=DE&geo=EE&geo=IE&geo=EL&geo=ES&geo=FR&geo=HR&geo=IT&geo=CY&geo=LV&geo=LT&geo=LU&geo=HU&geo=MT&geo=NL&geo=AT&geo=PL&geo=PT&geo=RO&geo=SI&geo=SK&geo=FI&geo=SE&geo=EU27_2020&sex=T&age=TOTAL&unit=NR&sinceTimePeriod=2013,2026-10-06
demo_pjan,MT,2025,574250,,2026-09-25T23:00:00+0200,https://ec.europa.eu/eurostat/api/dissemination/statistics/1.0/data/demo_pjan?geo=BE&geo=BG&geo=CZ&geo=DK&geo=DE&geo=EE&geo=IE&geo=EL&geo=ES&geo=FR&geo=HR&geo=IT&geo=CY&geo=LV&geo=LT&geo=LU&geo=HU&geo=MT&geo=NL&geo=AT&geo=PL&geo=PT&geo=RO&geo=SI&geo=SK&geo=FI&geo=SE&geo=EU27_2020&sex=T&age=TOTAL&unit=NR&sinceTimePeriod=2013,2026-10-06
demo_pjan,NL,2013,16779575,,2026-09-25T23:00:00+0200,https://ec.europa.eu/eurostat/api/dissemination/statistics/1.0/data/demo_pjan?geo=BE&geo=BG&geo=CZ&geo=DK&geo=DE&geo=EE&geo=IE&geo=EL&geo=ES&geo=FR&geo=HR&geo=IT&geo=CY&geo=LV&geo=LT&geo=LU&geo=HU&geo=MT&geo=NL&geo=AT&geo=PL&geo=PT&geo=RO&geo=SI&geo=SK&geo=FI&geo=SE&geo=EU27_2020&sex=T&age=TOTAL&unit=NR&sinceTimePeriod=2013,2026-10-06
demo_pjan,NL,2014,16829289,,2026-09-25T23:00:00+0200,https://ec.europa.eu/eurostat/api/dissemination/statistics/1.0/data/demo_pjan?geo=BE&geo=BG&geo=CZ&geo=DK&geo=DE&geo=EE&geo=IE&geo=EL&geo=ES&geo=FR&geo=HR&geo=IT&geo=CY&geo=LV&geo=LT&geo=LU&geo=HU&geo=MT&geo=NL&geo=AT&geo=PL&geo=PT&geo=RO&geo=SI&geo=SK&geo=FI&geo=SE&geo=EU27_2020&sex=T&age=TOTAL&unit=NR&sinceTimePeriod=2013,2026-10-06
demo_pjan,NL,2015,16900726,,2026-09-25T23:00:00+0200,https://ec.europa.eu/eurostat/api/dissemination/statistics/1.0/data/demo_pjan?geo=BE&geo=BG&geo=CZ&geo=DK&geo=DE&geo=EE&geo=IE&geo=EL&geo=ES&geo=FR&geo=HR&geo=IT&geo=CY&geo=LV&geo=LT&geo=LU&geo=HU&geo=MT&geo=NL&geo=AT&geo=PL&geo=PT&geo=RO&geo=SI&geo=SK&geo=FI&geo=SE&geo=EU27_2020&sex=T&age=TOTAL&unit=NR&sinceTimePeriod=2013,2026-10-06
demo_pjan,NL,2016,16979120,,2026-09-25T23:00:00+0200,https://ec.europa.eu/eurostat/api/dissemination/statistics/1.0/data/demo_pjan?geo=BE&geo=BG&geo=CZ&geo=DK&geo=DE&geo=EE&geo=IE&geo=EL&geo=ES&geo=FR&geo=HR&geo=IT&geo=CY&geo=LV&geo=LT&geo=LU&geo=HU&geo=MT&geo=NL&geo=AT&geo=PL&geo=PT&geo=RO&geo=SI&geo=SK&geo=FI&geo=SE&geo=EU27_2020&sex=T&age=TOTAL&unit=NR&sinceTimePeriod=2013,2026-10-06
demo_pjan,NL,2017,17081507,,2026-09-25T23:00:00+0200,https://ec.europa.eu/eurostat/api/dissemination/statistics/1.0/data/demo_pjan?geo=BE&geo=BG&geo=CZ&geo=DK&geo=DE&geo=EE&geo=IE&geo=EL&geo=ES&geo=FR&geo=HR&geo=IT&geo=CY&geo=LV&geo=LT&geo=LU&geo=HU&geo=MT&geo=NL&geo=AT&geo=PL&geo=PT&geo=RO&geo=SI&geo=SK&geo=FI&geo=SE&geo=EU27_2020&sex=T&age=TOTAL&unit=NR&sinceTimePeriod=2013,2026-10-06
demo_pjan,NL,2018,17181084,,2026-09-25T23:00:00+0200,https://ec.europa.eu/eurostat/api/dissemination/statistics/1.0/data/demo_pjan?geo=BE&geo=BG&geo=CZ&geo=DK&geo=DE&geo=EE&geo=IE&geo=EL&geo=ES&geo=FR&geo=HR&geo=IT&geo=CY&geo=LV&geo=LT&geo=LU&geo=HU&geo=MT&geo=NL&geo=AT&geo=PL&geo=PT&geo=RO&geo=SI&geo=SK&geo=FI&geo=SE&geo=EU27_2020&sex=T&age=TOTAL&unit=NR&sinceTimePeriod=2013,2026-10-06
demo_pjan,NL,2019,17282163,,2026-09-25T23:00:00+0200,https://ec.europa.eu/eurostat/api/dissemination/statistics/1.0/data/demo_pjan?geo=BE&geo=BG&geo=CZ&geo=DK&geo=DE&geo=EE&geo=IE&geo=EL&geo=ES&geo=FR&geo=HR&geo=IT&geo=CY&geo=LV&geo=LT&geo=LU&geo=HU&geo=MT&geo=NL&geo=AT&geo=PL&geo=PT&geo=RO&geo=SI&geo=SK&geo=FI&geo=SE&geo=EU27_2020&sex=T&age=TOTAL&unit=NR&sinceTimePeriod=2013,2026-10-06
demo_pjan,NL,2020,17407585,,2026-09-25T23:00:00+0200,https://ec.europa.eu/eurostat/api/dissemination/statistics/1.0/data/demo_pjan?geo=BE&geo=BG&geo=CZ&geo=DK&geo=DE&geo=EE&geo=IE&geo=EL&geo=ES&geo=FR&geo=HR&geo=IT&geo=CY&geo=LV&geo=LT&geo=LU&geo=HU&geo=MT&geo=NL&geo=AT&geo=PL&geo=PT&geo=RO&geo=SI&geo=SK&geo=FI&geo=SE&geo=EU27_2020&sex=T&age=TOTAL&unit=NR&sinceTimePeriod=2013,2026-10-06
demo_pjan,NL,2021,17475415,,2026-09-25T23:00:00+0200,https://ec.europa.eu/eurostat/api/dissemination/statistics/1.0/data/demo_pjan?geo=BE&geo=BG&geo=CZ&geo=DK&geo=DE&geo=EE&geo=IE&geo=EL&geo=ES&geo=FR&geo=HR&geo=IT&geo=CY&geo=LV&geo=LT&geo=LU&geo=HU&geo=MT&geo=NL&geo=AT&geo=PL&geo=PT&geo=RO&geo=SI&geo=SK&geo=FI&geo=SE&geo=EU27_2020&sex=T&age=TOTAL&unit=NR&sinceTimePeriod=2013,2026-10-06
demo_pjan,NL,2022,17590672,,2026-09-25T23:00:00+0200,https://ec.europa.eu/eurostat/api/dissemination/statistics/1.0/data/demo_pjan?geo=BE&geo=BG&geo=CZ&geo=DK&geo=DE&geo=EE&geo=IE&geo=EL&geo=ES&geo=FR&geo=HR&geo=IT&geo=CY&geo=LV&geo=LT&geo=LU&geo=HU&geo=MT&geo=NL&geo=AT&geo=PL&geo=PT&geo=RO&geo=SI&geo=SK&geo=FI&geo=SE&geo=EU27_2020&sex=T&age=TOTAL&unit=NR&sinceTimePeriod=2013,2026-10-06
demo_pjan,NL,2023,17811291,,2026-09-25T23:00:00+0200,https://ec.europa.eu/eurostat/api/dissemination/statistics/1.0/data/demo_pjan?geo=BE&geo=BG&geo=CZ&geo=DK&geo=DE&geo=EE&geo=IE&geo=EL&geo=ES&geo=FR&geo=HR&geo=IT&geo=CY&geo=LV&geo=LT&geo=LU&geo=HU&geo=MT&geo=NL&geo=AT&geo=PL&geo=PT&geo=RO&geo=SI&geo=SK&geo=FI&geo=SE&geo=EU27_2020&sex=T&age=TOTAL&unit=NR&sinceTimePeriod=2013,2026-10-06
demo_pjan,NL,2024,17942942,,2026-09-25T23:00:00+0200,https://ec.europa.eu/eurostat/api/dissemination/statistics/1.0/data/demo_pjan?geo=BE&geo=BG&geo=CZ&geo=DK&geo=DE&geo=EE&geo=IE&geo=EL&geo=ES&geo=FR&geo=HR&geo=IT&geo=CY&geo=LV&geo=LT&geo=LU&geo=HU&geo=MT&geo=NL&geo=AT&geo=PL&geo=PT&geo=RO&geo=SI&geo=SK&geo=FI&geo=SE&geo=EU27_2020&sex=T&age=TOTAL&unit=NR&sinceTimePeriod=2013,2026-10-06
demo_pjan,NL,2025,18044027,,2026-09-25T23:00:00+0200,https://ec.europa.eu/eurostat/api/dissemination/statistics/1.0/data/demo_pjan?geo=BE&geo=BG&geo=CZ&geo=DK&geo=DE&geo=EE&geo=IE&geo=EL&geo=ES&geo=FR&geo=HR&geo=IT&geo=CY&geo=LV&geo=LT&geo=LU&geo=HU&geo=MT&geo=NL&geo=AT&geo=PL&geo=PT&geo=RO&geo=SI&geo=SK&geo=FI&geo=SE&geo=EU27_2020&sex=T&age=TOTAL&unit=NR&sinceTimePeriod=2013,2026-10-06
demo_pjan,PL,2013,38062535,,2026-09-25T23:00:00+0200,https://ec.europa.eu/eurostat/api/dissemination/statistics/1.0/data/demo_pjan?geo=BE&geo=BG&geo=CZ&geo=DK&geo=DE&geo=EE&geo=IE&geo=EL&geo=ES&geo=FR&geo=HR&geo=IT&geo=CY&geo=LV&geo=LT&geo=LU&geo=HU&geo=MT&geo=NL&geo=AT&geo=PL&geo=PT&geo=RO&geo=SI&geo=SK&geo=FI&geo=SE&geo=EU27_2020&sex=T&age=TOTAL&unit=NR&sinceTimePeriod=2013,2026-10-06
demo_pjan,PL,2014,38017856,,2026-09-25T23:00:00+0200,https://ec.europa.eu/eurostat/api/dissemination/statistics/1.0/data/demo_pjan?geo=BE&geo=BG&geo=CZ&geo=DK&geo=DE&geo=EE&geo=IE&geo=EL&geo=ES&geo=FR&geo=HR&geo=IT&geo=CY&geo=LV&geo=LT&geo=LU&geo=HU&geo=MT&geo=NL&geo=AT&geo=PL&geo=PT&geo=RO&geo=SI&geo=SK&geo=FI&geo=SE&geo=EU27_2020&sex=T&age=TOTAL&unit=NR&sinceTimePeriod=2013,2026-10-06
demo_pjan,PL,2015,38005614,,2026-09-25T23:00:00+0200,https://ec.europa.eu/eurostat/api/dissemination/statistics/1.0/data/demo_pjan?geo=BE&geo=BG&geo=CZ&geo=DK&geo=DE&geo=EE&geo=IE&geo=EL&geo=ES&geo=FR&geo=HR&geo=IT&geo=CY&geo=LV&geo=LT&geo=LU&geo=HU&geo=MT&geo=NL&geo=AT&geo=PL&geo=PT&geo=RO&geo=SI&geo=SK&geo=FI&geo=SE&geo=EU27_2020&sex=T&age=TOTAL&unit=NR&sinceTimePeriod=2013,2026-10-06
demo_pjan,PL,2016,37967209,,2026-09-25T23:00:00+0200,https://ec.europa.eu/eurostat/api/dissemination/statistics/1.0/data/demo_pjan?geo=BE&geo=BG&geo=CZ&geo=DK&geo=DE&geo=EE&geo=IE&geo=EL&geo=ES&geo=FR&geo=HR&geo=IT&geo=CY&geo=LV&geo=LT&geo=LU&geo=HU&geo=MT&geo=NL&geo=AT&geo=PL&geo=PT&geo=RO&geo=SI&geo=SK&geo=FI&geo=SE&geo=EU27_2020&sex=T&age=TOTAL&unit=NR&sinceTimePeriod=2013,2026-10-06
demo_pjan,PL,2017,37972964,,2026-09-25T23:00:00+0200,https://ec.europa.eu/eurostat/api/dissemination/statistics/1.0/data/demo_pjan?geo=BE&geo=BG&geo=CZ&geo=DK&geo=DE&geo=EE&geo=IE&geo=EL&geo=ES&geo=FR&geo=HR&geo=IT&geo=CY&geo=LV&geo=LT&geo=LU&geo=HU&geo=MT&geo=NL&geo=AT&geo=PL&geo=PT&geo=RO&geo=SI&geo=SK&geo=FI&geo=SE&geo=EU27_2020&sex=T&age=TOTAL&unit=NR&sinceTimePeriod=2013,2026-10-06
demo_pjan,PL,2018,37976687,,2026-09-25T23:00:00+0200,https://ec.europa.eu/eurostat/api/dissemination/statistics/1.0/data/demo_pjan?geo=BE&geo=BG&geo=CZ&geo=DK&geo=DE&geo=EE&geo=IE&geo=EL&geo=ES&geo=FR&geo=HR&geo=IT&geo=CY&geo=LV&geo=LT&geo=LU&geo=HU&geo=MT&geo=NL&geo=AT&geo=PL&geo=PT&geo=RO&geo=SI&geo=SK&geo=FI&geo=SE&geo=EU27_2020&sex=T&age=TOTAL&unit=NR&sinceTimePeriod=2013,2026-10-06
demo_pjan,PL,2019,37972812,,2026-09-25T23:00:00+0200,https://ec.europa.eu/eurostat/api/dissemination/statistics/1.0/data/demo_pjan?geo=BE&geo=BG&geo=CZ&geo=DK&geo=DE&geo=EE&geo=IE&geo=EL&geo=ES&geo=FR&geo=HR&geo=IT&geo=CY&geo=LV&geo=LT&geo=LU&geo=HU&geo=MT&geo=NL&geo=AT&geo=PL&geo=PT&geo=RO&geo=SI&geo=SK&geo=FI&geo=SE&geo=EU27_2020&sex=T&age=TOTAL&unit=NR&sinceTimePeriod=2013,2026-10-06
demo_pjan,PL,2020,37958138,,2026-09-25T23:00:00+0200,https://ec.europa.eu/eurostat/api/dissemination/statistics/1.0/data/demo_pjan?geo=BE&geo=BG&geo=CZ&geo=DK&geo=DE&geo=EE&geo=IE&geo=EL&geo=ES&geo=FR&geo=HR&geo=IT&geo=CY&geo=LV&geo=LT&geo=LU&geo=HU&geo=MT&geo=NL&geo=AT&geo=PL&geo=PT&geo=RO&geo=SI&geo=SK&geo=FI&geo=SE&geo=EU27_2020&sex=T&age=TOTAL&unit=NR&sinceTimePeriod=2013,2026-10-06
demo_pjan,PL,2021,37073357,bep,2026-09-25T23:00:00+0200,https://ec.europa.eu/eurostat/api/dissemination/statistics/1.0/data/demo_pjan?geo=BE&geo=BG&geo=CZ&geo=DK&geo=DE&geo=EE&geo=IE&geo=EL&geo=ES&geo=FR&geo=HR&geo=IT&geo=CY&geo=LV&geo=LT&geo=LU&geo=HU&geo=MT&geo=NL&geo=AT&geo=PL&geo=PT&geo=RO&geo=SI&geo=SK&geo=FI&geo=SE&geo=EU27_2020&sex=T&age=TOTAL&unit=NR&sinceTimePeriod=2013,2026-10-06
demo_pjan,PL,2022,36889761,ep,2026-09-25T23:00:00+0200,https://ec.europa.eu/eurostat/api/dissemination/statistics/1.0/data/demo_pjan?geo=BE&geo=BG&geo=CZ&geo=DK&geo=DE&geo=EE&geo=IE&geo=EL&geo=ES&geo=FR&geo=HR&geo=IT&geo=CY&geo=LV&geo=LT&geo=LU&geo=HU&geo=MT&geo=NL&geo=AT&geo=PL&geo=PT&geo=RO&geo=SI&geo=SK&geo=FI&geo=SE&geo=EU27_2020&sex=T&age=TOTAL&unit=NR&sinceTimePeriod=2013,2026-10-06
demo_pjan,PL,2023,36753736,ep,2026-09-25T23:00:00+0200,https://ec.europa.eu/eurostat/api/dissemination/statistics/1.0/data/demo_pjan?geo=BE&geo=BG&geo=CZ&geo=DK&geo=DE&geo=EE&geo=IE&geo=EL&geo=ES&geo=FR&geo=HR&geo=IT&geo=CY&geo=LV&geo=LT&geo=LU&geo=HU&geo=MT&geo=NL&geo=AT&geo=PL&geo=PT&geo=RO&geo=SI&geo=SK&geo=FI&geo=SE&geo=EU27_2020&sex=T&age=TOTAL&unit=NR&sinceTimePeriod=2013,2026-10-06
demo_pjan,PL,2024,36620970,,2026-09-25T23:00:00+0200,https://ec.europa.eu/eurostat/api/dissemination/statistics/1.0/data/demo_pjan?geo=BE&geo=BG&geo=CZ&geo=DK&geo=DE&geo=EE&geo=IE&geo=EL&geo=ES&geo=FR&geo=HR&geo=IT&geo=CY&geo=LV&geo=LT&geo=LU&geo=HU&geo=MT&geo=NL&geo=AT&geo=PL&geo=PT&geo=RO&geo=SI&geo=SK&geo=FI&geo=SE&geo=EU27_2020&sex=T&age=TOTAL&unit=NR&sinceTimePeriod=2013,2026-10-06
demo_pjan,PL,2025,36497495,,2026-09-25T23:00:00+0200,https://ec.europa.eu/eurostat/api/dissemination/statistics/1.0/data/demo_pjan?geo=BE&geo=BG&geo=CZ&geo=DK&geo=DE&geo=EE&geo=IE&geo=EL&geo=ES&geo=FR&geo=HR&geo=IT&geo=CY&geo=LV&geo=LT&geo=LU&geo=HU&geo=MT&geo=NL&geo=AT&geo=PL&geo=PT&geo=RO&geo=SI&geo=SK&geo=FI&geo=SE&geo=EU27_2020&sex=T&age=TOTAL&unit=NR&sinceTimePeriod=2013,2026-10-06
demo_pjan,PT,2013,10503889,,2026-09-25T23:00:00+0200,https://ec.europa.eu/eurostat/api/dissemination/statistics/1.0/data/demo_pjan?geo=BE&geo=BG&geo=CZ&geo=DK&geo=DE&geo=EE&geo=IE&geo=EL&geo=ES&geo=FR&geo=HR&geo=IT&geo=CY&geo=LV&geo=LT&geo=LU&geo=HU&geo=MT&geo=NL&geo=AT&geo=PL&geo=PT&geo=RO&geo=SI&geo=SK&geo=FI&geo=SE&geo=EU27_2020&sex=T&age=TOTAL&unit=NR&sinceTimePeriod=2013,2026-10-06
demo_pjan,PT,2014,10444092,,2026-09-25T23:00:00+0200,https://ec.europa.eu/eurostat/api/dissemination/statistics/1.0/data/demo_pjan?geo=BE&geo=BG&geo=CZ&geo=DK&geo=DE&geo=EE&geo=IE&geo=EL&geo=ES&geo=FR&geo=HR&geo=IT&geo=CY&geo=LV&geo=LT&geo=LU&geo=HU&geo=MT&geo=NL&geo=AT&geo=PL&geo=PT&geo=RO&geo=SI&geo=SK&geo=FI&geo=SE&geo=EU27_2020&sex=T&age=TOTAL&unit=NR&sinceTimePeriod=2013,2026-10-06
demo_pjan,PT,2015,10395121,,2026-09-25T23:00:00+0200,https://ec.europa.eu/eurostat/api/dissemination/statistics/1.0/data/demo_pjan?geo=BE&geo=BG&geo=CZ&geo=DK&geo=DE&geo=EE&geo=IE&geo=EL&geo=ES&geo=FR&geo=HR&geo=IT&geo=CY&geo=LV&geo=LT&geo=LU&geo=HU&geo=MT&geo=NL&geo=AT&geo=PL&geo=PT&geo=RO&geo=SI&geo=SK&geo=FI&geo=SE&geo=EU27_2020&sex=T&age=TOTAL&unit=NR&sinceTimePeriod=2013,2026-10-06
demo_pjan,PT,2016,10368554,,2026-09-25T23:00:00+0200,https://ec.europa.eu/eurostat/api/dissemination/statistics/1.0/data/demo_pjan?geo=BE&geo=BG&geo=CZ&geo=DK&geo=DE&geo=EE&geo=IE&geo=EL&geo=ES&geo=FR&geo=HR&geo=IT&geo=CY&geo=LV&geo=LT&geo=LU&geo=HU&geo=MT&geo=NL&geo=AT&geo=PL&geo=PT&geo=RO&geo=SI&geo=SK&geo=FI&geo=SE&geo=EU27_2020&sex=T&age=TOTAL&unit=NR&sinceTimePeriod=2013,2026-10-06
demo_pjan,PT,2017,10344478,,2026-09-25T23:00:00+0200,https://ec.europa.eu/eurostat/api/dissemination/statistics/1.0/data/demo_pjan?geo=BE&geo=BG&geo=CZ&geo=DK&geo=DE&geo=EE&geo=IE&geo=EL&geo=ES&geo=FR&geo=HR&geo=IT&geo=CY&geo=LV&geo=LT&geo=LU&geo=HU&geo=MT&geo=NL&geo=AT&geo=PL&geo=PT&geo=RO&geo=SI&geo=SK&geo=FI&geo=SE&geo=EU27_2020&sex=T&age=TOTAL&unit=NR&sinceTimePeriod=2013,2026-10-06
demo_pjan,PT,2018,10335770,,2026-09-25T23:00:00+0200,https://ec.europa.eu/eurostat/api/dissemination/statistics/1.0/data/demo_pjan?geo=BE&geo=BG&geo=CZ&geo=DK&geo=DE&geo=EE&geo=IE&geo=EL&geo=ES&geo=FR&geo=HR&geo=IT&geo=CY&geo=LV&geo=LT&geo=LU&geo=HU&geo=MT&geo=NL&geo=AT&geo=PL&geo=PT&geo=RO&geo=SI&geo=SK&geo=FI&geo=SE&geo=EU27_2020&sex=T&age=TOTAL&unit=NR&sinceTimePeriod=2013,2026-10-06
demo_pjan,PT,2019,10333496,,2026-09-25T23:00:00+0200,https://ec.europa.eu/eurostat/api/dissemination/statistics/1.0/data/demo_pjan?geo=BE&geo=BG&geo=CZ&geo=DK&geo=DE&geo=EE&geo=IE&geo=EL&geo=ES&geo=FR&geo=HR&geo=IT&geo=CY&geo=LV&geo=LT&geo=LU&geo=HU&geo=MT&geo=NL&geo=AT&geo=PL&geo=PT&geo=RO&geo=SI&geo=SK&geo=FI&geo=SE&geo=EU27_2020&sex=T&age=TOTAL&unit=NR&sinceTimePeriod=2013,2026-10-06
demo_pjan,PT,2020,10375395,,2026-09-25T23:00:00+0200,https://ec.europa.eu/eurostat/api/dissemination/statistics/1.0/data/demo_pjan?geo=BE&geo=BG&geo=CZ&geo=DK&geo=DE&geo=EE&geo=IE&geo=EL&geo=ES&geo=FR&geo=HR&geo=IT&geo=CY&geo=LV&geo=LT&geo=LU&geo=HU&geo=MT&geo=NL&geo=AT&geo=PL&geo=PT&geo=RO&geo=SI&geo=SK&geo=FI&geo=SE&geo=EU27_2020&sex=T&age=TOTAL&unit=NR&sinceTimePeriod=2013,2026-10-06
demo_pjan,PT,2021,10394297,,2026-09-25T23:00:00+0200,https://ec.europa.eu/eurostat/api/dissemination/statistics/1.0/data/demo_pjan?geo=BE&geo=BG&geo=CZ&geo=DK&geo=DE&geo=EE&geo=IE&geo=EL&geo=ES&geo=FR&geo=HR&geo=IT&geo=CY&geo=LV&geo=LT&geo=LU&geo=HU&geo=MT&geo=NL&geo=AT&geo=PL&geo=PT&geo=RO&geo=SI&geo=SK&geo=FI&geo=SE&geo=EU27_2020&sex=T&age=TOTAL&unit=NR&sinceTimePeriod=2013,2026-10-06
demo_pjan,PT,2022,10421117,,2026-09-25T23:00:00+0200,https://ec.europa.eu/eurostat/api/dissemination/statistics/1.0/data/demo_pjan?geo=BE&geo=BG&geo=CZ&geo=DK&geo=DE&geo=EE&geo=IE&geo=EL&geo=ES&geo=FR&geo=HR&geo=IT&geo=CY&geo=LV&geo=LT&geo=LU&geo=HU&geo=MT&geo=NL&geo=AT&geo=PL&geo=PT&geo=RO&geo=SI&geo=SK&geo=FI&geo=SE&geo=EU27_2020&sex=T&age=TOTAL&unit=NR&sinceTimePeriod=2013,2026-10-06
demo_pjan,PT,2023,10516621,,2026-09-25T23:00:00+0200,https://ec.europa.eu/eurostat/api/dissemination/statistics/1.0/data/demo_pjan?geo=BE&geo=BG&geo=CZ&geo=DK&geo=DE&geo=EE&geo=IE&geo=EL&geo=ES&geo=FR&geo=HR&geo=IT&geo=CY&geo=LV&geo=LT&geo=LU&geo=HU&geo=MT&geo=NL&geo=AT&geo=PL&geo=PT&geo=RO&geo=SI&geo=SK&geo=FI&geo=SE&geo=EU27_2020&sex=T&age=TOTAL&unit=NR&sinceTimePeriod=2013,2026-10-06
demo_pjan,PT,2024,10639726,,2026-09-25T23:00:00+0200,https://ec.europa.eu/eurostat/api/dissemination/statistics/1.0/data/demo_pjan?geo=BE&geo=BG&geo=CZ&geo=DK&geo=DE&geo=EE&geo=IE&geo=EL&geo=ES&geo=FR&geo=HR&geo=IT&geo=CY&geo=LV&geo=LT&geo=LU&geo=HU&geo=MT&geo=NL&geo=AT&geo=PL&geo=PT&geo=RO&geo=SI&geo=SK&geo=FI&geo=SE&geo=EU27_2020&sex=T&age=TOTAL&unit=NR&sinceTimePeriod=2013,2026-10-06
demo_pjan,PT,2025,10749635,,2026-09-25T23:00:00+0200,https://ec.europa.eu/eurostat/api/dissemination/statistics/1.0/data/demo_pjan?geo=BE&geo=BG&geo=CZ&geo=DK&geo=DE&geo=EE&geo=IE&geo=EL&geo=ES&geo=FR&geo=HR&geo=IT&geo=CY&geo=LV&geo=LT&geo=LU&geo=HU&geo=MT&geo=NL&geo=AT&geo=PL&geo=PT&geo=RO&geo=SI&geo=SK&geo=FI&geo=SE&geo=EU27_2020&sex=T&age=TOTAL&unit=NR&sinceTimePeriod=2013,2026-10-06
demo_pjan,RO,2013,20020074,,2026-09-25T23:00:00+0200,https://ec.europa.eu/eurostat/api/dissemination/statistics/1.0/data/demo_pjan?geo=BE&geo=BG&geo=CZ&geo=DK&geo=DE&geo=EE&geo=IE&geo=EL&geo=ES&geo=FR&geo=HR&geo=IT&geo=CY&geo=LV&geo=LT&geo=LU&geo=HU&geo=MT&geo=NL&geo=AT&geo=PL&geo=PT&geo=RO&geo=SI&geo=SK&geo=FI&geo=SE&geo=EU27_2020&sex=T&age=TOTAL&unit=NR&sinceTimePeriod=2013,2026-10-06
demo_pjan,RO,2014,19947311,,2026-09-25T23:00:00+0200,https://ec.europa.eu/eurostat/api/dissemination/statistics/1.0/data/demo_pjan?geo=BE&geo=BG&geo=CZ&geo=DK&geo=DE&geo=EE&geo=IE&geo=EL&geo=ES&geo=FR&geo=HR&geo=IT&geo=CY&geo=LV&geo=LT&geo=LU&geo=HU&geo=MT&geo=NL&geo=AT&geo=PL&geo=PT&geo=RO&geo=SI&geo=SK&geo=FI&geo=SE&geo=EU27_2020&sex=T&age=TOTAL&unit=NR&sinceTimePeriod=2013,2026-10-06
demo_pjan,RO,2015,19870647,,2026-09-25T23:00:00+0200,https://ec.europa.eu/eurostat/api/dissemination/statistics/1.0/data/demo_pjan?geo=BE&geo=BG&geo=CZ&geo=DK&geo=DE&geo=EE&geo=IE&geo=EL&geo=ES&geo=FR&geo=HR&geo=IT&geo=CY&geo=LV&geo=LT&geo=LU&geo=HU&geo=MT&geo=NL&geo=AT&geo=PL&geo=PT&geo=RO&geo=SI&geo=SK&geo=FI&geo=SE&geo=EU27_2020&sex=T&age=TOTAL&unit=NR&sinceTimePeriod=2013,2026-10-06
demo_pjan,RO,2016,19760585,,2026-09-25T23:00:00+0200,https://ec.europa.eu/eurostat/api/dissemination/statistics/1.0/data/demo_pjan?geo=BE&geo=BG&geo=CZ&geo=DK&geo=DE&geo=EE&geo=IE&geo=EL&geo=ES&geo=FR&geo=HR&geo=IT&geo=CY&geo=LV&geo=LT&geo=LU&geo=HU&geo=MT&geo=NL&geo=AT&geo=PL&geo=PT&geo=RO&geo=SI&geo=SK&geo=FI&geo=SE&geo=EU27_2020&sex=T&age=TOTAL&unit=NR&sinceTimePeriod=2013,2026-10-06
demo_pjan,RO,2017,19643949,,2026-09-25T23:00:00+0200,https://ec.europa.eu/eurostat/api/dissemination/statistics/1.0/data/demo_pjan?geo=BE&geo=BG&geo=CZ&geo=DK&geo=DE&geo=EE&geo=IE&geo=EL&geo=ES&geo=FR&geo=HR&geo=IT&geo=CY&geo=LV&geo=LT&geo=LU&geo=HU&geo=MT&geo=NL&geo=AT&geo=PL&geo=PT&geo=RO&geo=SI&geo=SK&geo=FI&geo=SE&geo=EU27_2020&sex=T&age=TOTAL&unit=NR&sinceTimePeriod=2013,2026-10-06
demo_pjan,RO,2018,19533481,,2026-09-25T23:00:00+0200,https://ec.europa.eu/eurostat/api/dissemination/statistics/1.0/data/demo_pjan?geo=BE&geo=BG&geo=CZ&geo=DK&geo=DE&geo=EE&geo=IE&geo=EL&geo=ES&geo=FR&geo=HR&geo=IT&geo=CY&geo=LV&geo=LT&geo=LU&geo=HU&geo=MT&geo=NL&geo=AT&geo=PL&geo=PT&geo=RO&geo=SI&geo=SK&geo=FI&geo=SE&geo=EU27_2020&sex=T&age=TOTAL&unit=NR&sinceTimePeriod=2013,2026-10-06
demo_pjan,RO,2019,19414458,,2026-09-25T23:00:00+0200,https://ec.europa.eu/eurostat/api/dissemination/statistics/1.0/data/demo_pjan?geo=BE&geo=BG&geo=CZ&geo=DK&geo=DE&geo=EE&geo=IE&geo=EL&geo=ES&geo=FR&geo=HR&geo=IT&geo=CY&geo=LV&geo=LT&geo=LU&geo=HU&geo=MT&geo=NL&geo=AT&geo=PL&geo=PT&geo=RO&geo=SI&geo=SK&geo=FI&geo=SE&geo=EU27_2020&sex=T&age=TOTAL&unit=NR&sinceTimePeriod=2013,2026-10-06
demo_pjan,RO,2020,19328838,e,2026-09-25T23:00:00+0200,https://ec.europa.eu/eurostat/api/dissemination/statistics/1.0/data/demo_pjan?geo=BE&geo=BG&geo=CZ&geo=DK&geo=DE&geo=EE&geo=IE&geo=EL&geo=ES&geo=FR&geo=HR&geo=IT&geo=CY&geo=LV&geo=LT&geo=LU&geo=HU&geo=MT&geo=NL&geo=AT&geo=PL&geo=PT&geo=RO&geo=SI&geo=SK&geo=FI&geo=SE&geo=EU27_2020&sex=T&age=TOTAL&unit=NR&sinceTimePeriod=2013,2026-10-06
demo_pjan,RO,2021,19201662,,2026-09-25T23:00:00+0200,https://ec.europa.eu/eurostat/api/dissemination/statistics/1.0/data/demo_pjan?geo=BE&geo=BG&geo=CZ&geo=DK&geo=DE&geo=EE&geo=IE&geo=EL&geo=ES&geo=FR&geo=HR&geo=IT&geo=CY&geo=LV&geo=LT&geo=LU&geo=HU&geo=MT&geo=NL&geo=AT&geo=PL&geo=PT&geo=RO&geo=SI&geo=SK&geo=FI&geo=SE&geo=EU27_2020&sex=T&age=TOTAL&unit=NR&sinceTimePeriod=2013,2026-10-06
demo_pjan,RO,2022,19043098,e,2026-09-25T23:00:00+0200,https://ec.europa.eu/eurostat/api/dissemination/statistics/1.0/data/demo_pjan?geo=BE&geo=BG&geo=CZ&geo=DK&geo=DE&geo=EE&geo=IE&geo=EL&geo=ES&geo=FR&geo=HR&geo=IT&geo=CY&geo=LV&geo=LT&geo=LU&geo=HU&geo=MT&geo=NL&geo=AT&geo=PL&geo=PT&geo=RO&geo=SI&geo=SK&geo=FI&geo=SE&geo=EU27_2020&sex=T&age=TOTAL&unit=NR&sinceTimePeriod=2013,2026-10-06
demo_pjan,RO,2023,19055228,e,2026-09-25T23:00:00+0200,https://ec.europa.eu/eurostat/api/dissemination/statistics/1.0/data/demo_pjan?geo=BE&geo=BG&geo=CZ&geo=DK&geo=DE&geo=EE&geo=IE&geo=EL&geo=ES&geo=FR&geo=HR&geo=IT&geo=CY&geo=LV&geo=LT&geo=LU&geo=HU&geo=MT&geo=NL&geo=AT&geo=PL&geo=PT&geo=RO&geo=SI&geo=SK&geo=FI&geo=SE&geo=EU27_2020&sex=T&age=TOTAL&unit=NR&sinceTimePeriod=2013,2026-10-06
demo_pjan,RO,2024,19067576,e,2026-09-25T23:00:00+0200,https://ec.europa.eu/eurostat/api/dissemination/statistics/1.0/data/demo_pjan?geo=BE&geo=BG&geo=CZ&geo=DK&geo=DE&geo=EE&geo=IE&geo=EL&geo=ES&geo=FR&geo=HR&geo=IT&geo=CY&geo=LV&geo=LT&geo=LU&geo=HU&geo=MT&geo=NL&geo=AT&geo=PL&geo=PT&geo=RO&geo=SI&geo=SK&geo=FI&geo=SE&geo=EU27_2020&sex=T&age=TOTAL&unit=NR&sinceTimePeriod=2013,2026-10-06
demo_pjan,RO,2025,19043151,e,2026-09-25T23:00:00+0200,https://ec.europa.eu/eurostat/api/dissemination/statistics/1.0/data/demo_pjan?geo=BE&geo=BG&geo=CZ&geo=DK&geo=DE&geo=EE&geo=IE&geo=EL&geo=ES&geo=FR&geo=HR&geo=IT&geo=CY&geo=LV&geo=LT&geo=LU&geo=HU&geo=MT&geo=NL&geo=AT&geo=PL&geo=PT&geo=RO&geo=SI&geo=SK&geo=FI&geo=SE&geo=EU27_2020&sex=T&age=TOTAL&unit=NR&sinceTimePeriod=2013,2026-10-06
demo_pjan,SE,2013,9555893,,2026-09-25T23:00:00+0200,https://ec.europa.eu/eurostat/api/dissemination/statistics/1.0/data/demo_pjan?geo=BE&geo=BG&geo=CZ&geo=DK&geo=DE&geo=EE&geo=IE&geo=EL&geo=ES&geo=FR&geo=HR&geo=IT&geo=CY&geo=LV&geo=LT&geo=LU&geo=HU&geo=MT&geo=NL&geo=AT&geo=PL&geo=PT&geo=RO&geo=SI&geo=SK&geo=FI&geo=SE&geo=EU27_2020&sex=T&age=TOTAL&unit=NR&sinceTimePeriod=2013,2026-10-06
demo_pjan,SE,2014,9644864,,2026-09-25T23:00:00+0200,https://ec.europa.eu/eurostat/api/dissemination/statistics/1.0/data/demo_pjan?geo=BE&geo=BG&geo=CZ&geo=DK&geo=DE&geo=EE&geo=IE&geo=EL&geo=ES&geo=FR&geo=HR&geo=IT&geo=CY&geo=LV&geo=LT&geo=LU&geo=HU&geo=MT&geo=NL&geo=AT&geo=PL&geo=PT&geo=RO&geo=SI&geo=SK&geo=FI&geo=SE&geo=EU27_2020&sex=T&age=TOTAL&unit=NR&sinceTimePeriod=2013,2026-10-06
demo_pjan,SE,2015,9747355,,2026-09-25T23:00:00+0200,https://ec.europa.eu/eurostat/api/dissemination/statistics/1.0/data/demo_pjan?geo=BE&geo=BG&geo=CZ&geo=DK&geo=DE&geo=EE&geo=IE&geo=EL&geo=ES&geo=FR&geo=HR&geo=IT&geo=CY&geo=LV&geo=LT&geo=LU&geo=HU&geo=MT&geo=NL&geo=AT&geo=PL&geo=PT&geo=RO&geo=SI&geo=SK&geo=FI&geo=SE&geo=EU27_2020&sex=T&age=TOTAL&unit=NR&sinceTimePeriod=2013,2026-10-06
demo_pjan,SE,2016,9851017,,2026-09-25T23:00:00+0200,https://ec.europa.eu/eurostat/api/dissemination/statistics/1.0/data/demo_pjan?geo=BE&geo=BG&geo=CZ&geo=DK&geo=DE&geo=EE&geo=IE&geo=EL&geo=ES&geo=FR&geo=HR&geo=IT&geo=CY&geo=LV&geo=LT&geo=LU&geo=HU&geo=MT&geo=NL&geo=AT&geo=PL&geo=PT&geo=RO&geo=SI&geo=SK&geo=FI&geo=SE&geo=EU27_2020&sex=T&age=TOTAL&unit=NR&sinceTimePeriod=2013,2026-10-06
demo_pjan,SE,2017,9995153,,2026-09-25T23:00:00+0200,https://ec.europa.eu/eurostat/api/dissemination/statistics/1.0/data/demo_pjan?geo=BE&geo=BG&geo=CZ&geo=DK&geo=DE&geo=EE&geo=IE&geo=EL&geo=ES&geo=FR&geo=HR&geo=IT&geo=CY&geo=LV&geo=LT&geo=LU&geo=HU&geo=MT&geo=NL&geo=AT&geo=PL&geo=PT&geo=RO&geo=SI&geo=SK&geo=FI&geo=SE&geo=EU27_2020&sex=T&age=TOTAL&unit=NR&sinceTimePeriod=2013,2026-10-06
demo_pjan,SE,2018,10120242,,2026-09-25T23:00:00+0200,https://ec.europa.eu/eurostat/api/dissemination/statistics/1.0/data/demo_pjan?geo=BE&geo=BG&geo=CZ&geo=DK&geo=DE&geo=EE&geo=IE&geo=EL&geo=ES&geo=FR&geo=HR&geo=IT&geo=CY&geo=LV&geo=LT&geo=LU&geo=HU&geo=MT&geo=NL&geo=AT&geo=PL&geo=PT&geo=RO&geo=SI&geo=SK&geo=FI&geo=SE&geo=EU27_2020&sex=T&age=TOTAL&unit=NR&sinceTimePeriod=2013,2026-10-06
demo_pjan,SE,2019,10230185,,2026-09-25T23:00:00+0200,https://ec.europa.eu/eurostat/api/dissemination/statistics/1.0/data/demo_pjan?geo=BE&geo=BG&geo=CZ&geo=DK&geo=DE&geo=EE&geo=IE&geo=EL&geo=ES&geo=FR&geo=HR&geo=IT&geo=CY&geo=LV&geo=LT&geo=LU&geo=HU&geo=MT&geo=NL&geo=AT&geo=PL&geo=PT&geo=RO&geo=SI&geo=SK&geo=FI&geo=SE&geo=EU27_2020&sex=T&age=TOTAL&unit=NR&sinceTimePeriod=2013,2026-10-06
demo_pjan,SE,2020,10327589,,2026-09-25T23:00:00+0200,https://ec.europa.eu/eurostat/api/dissemination/statistics/1.0/data/demo_pjan?geo=BE&geo=BG&geo=CZ&geo=DK&geo=DE&geo=EE&geo=IE&geo=EL&geo=ES&geo=FR&geo=HR&geo=IT&geo=CY&geo=LV&geo=LT&geo=LU&geo=HU&geo=MT&geo=NL&geo=AT&geo=PL&geo=PT&geo=RO&geo=SI&geo=SK&geo=FI&geo=SE&geo=EU27_2020&sex=T&age=TOTAL&unit=NR&sinceTimePeriod=2013,2026-10-06
demo_pjan,SE,2021,10379295,,2026-09-25T23:00:00+0200,https://ec.europa.eu/eurostat/api/dissemination/statistics/1.0/data/demo_pjan?geo=BE&geo=BG&geo=CZ&geo=DK&geo=DE&geo=EE&geo=IE&geo=EL&geo=ES&geo=FR&geo=HR&geo=IT&geo=CY&geo=LV&geo=LT&geo=LU&geo=HU&geo=MT&geo=NL&geo=AT&geo=PL&geo=PT&geo=RO&geo=SI&geo=SK&geo=FI&geo=SE&geo=EU27_2020&sex=T&age=TOTAL&unit=NR&sinceTimePeriod=2013,2026-10-06
demo_pjan,SE,2022,10452326,,2026-09-25T23:00:00+0200,https://ec.europa.eu/eurostat/api/dissemination/statistics/1.0/data/demo_pjan?geo=BE&geo=BG&geo=CZ&geo=DK&geo=DE&geo=EE&geo=IE&geo=EL&geo=ES&geo=FR&geo=HR&geo=IT&geo=CY&geo=LV&geo=LT&geo=LU&geo=HU&geo=MT&geo=NL&geo=AT&geo=PL&geo=PT&geo=RO&geo=SI&geo=SK&geo=FI&geo=SE&geo=EU27_2020&sex=T&age=TOTAL&unit=NR&sinceTimePeriod=2013,2026-10-06
demo_pjan,SE,2023,10521556,,2026-09-25T23:00:00+0200,https://ec.europa.eu/eurostat/api/dissemination/statistics/1.0/data/demo_pjan?geo=BE&geo=BG&geo=CZ&geo=DK&geo=DE&geo=EE&geo=IE&geo=EL&geo=ES&geo=FR&geo=HR&geo=IT&geo=CY&geo=LV&geo=LT&geo=LU&geo=HU&geo=MT&geo=NL&geo=AT&geo=PL&geo=PT&geo=RO&geo=SI&geo=SK&geo=FI&geo=SE&geo=EU27_2020&sex=T&age=TOTAL&unit=NR&sinceTimePeriod=2013,2026-10-06
demo_pjan,SE,2024,10551707,,2026-09-25T23:00:00+0200,https://ec.europa.eu/eurostat/api/dissemination/statistics/1.0/data/demo_pjan?geo=BE&geo=BG&geo=CZ&geo=DK&geo=DE&geo=EE&geo=IE&geo=EL&geo=ES&geo=FR&geo=HR&geo=IT&geo=CY&geo=LV&geo=LT&geo=LU&geo=HU&geo=MT&geo=NL&geo=AT&geo=PL&geo=PT&geo=RO&geo=SI&geo=SK&geo=FI&geo=SE&geo=EU27_2020&sex=T&age=TOTAL&unit=NR&sinceTimePeriod=2013,2026-10-06
demo_pjan,SE,2025,10587710,,2026-09-25T23:00:00+0200,https://ec.europa.eu/eurostat/api/dissemination/statistics/1.0/data/demo_pjan?geo=BE&geo=BG&geo=CZ&geo=DK&geo=DE&geo=EE&geo=IE&geo=EL&geo=ES&geo=FR&geo=HR&geo=IT&geo=CY&geo=LV&geo=LT&geo=LU&geo=HU&geo=MT&geo=NL&geo=AT&geo=PL&geo=PT&geo=RO&geo=SI&geo=SK&geo=FI&geo=SE&geo=EU27_2020&sex=T&age=TOTAL&unit=NR&sinceTimePeriod=2013,2026-10-06
demo_pjan,SI,2013,2058821,,2026-09-25T23:00:00+0200,https://ec.europa.eu/eurostat/api/dissemination/statistics/1.0/data/demo_pjan?geo=BE&geo=BG&geo=CZ&geo=DK&geo=DE&geo=EE&geo=IE&geo=EL&geo=ES&geo=FR&geo=HR&geo=IT&geo=CY&geo=LV&geo=LT&geo=LU&geo=HU&geo=MT&geo=NL&geo=AT&geo=PL&geo=PT&geo=RO&geo=SI&geo=SK&geo=FI&geo=SE&geo=EU27_2020&sex=T&age=TOTAL&unit=NR&sinceTimePeriod=2013,2026-10-06
demo_pjan,SI,2014,2061085,,2026-09-25T23:00:00+0200,https://ec.europa.eu/eurostat/api/dissemination/statistics/1.0/data/demo_pjan?geo=BE&geo=BG&geo=CZ&geo=DK&geo=DE&geo=EE&geo=IE&geo=EL&geo=ES&geo=FR&geo=HR&geo=IT&geo=CY&geo=LV&geo=LT&geo=LU&geo=HU&geo=MT&geo=NL&geo=AT&geo=PL&geo=PT&geo=RO&geo=SI&geo=SK&geo=FI&geo=SE&geo=EU27_2020&sex=T&age=TOTAL&unit=NR&sinceTimePeriod=2013,2026-10-06
demo_pjan,SI,2015,2062874,,2026-09-25T23:00:00+0200,https://ec.europa.eu/eurostat/api/dissemination/statistics/1.0/data/demo_pjan?geo=BE&geo=BG&geo=CZ&geo=DK&geo=DE&geo=EE&geo=IE&geo=EL&geo=ES&geo=FR&geo=HR&geo=IT&geo=CY&geo=LV&geo=LT&geo=LU&geo=HU&geo=MT&geo=NL&geo=AT&geo=PL&geo=PT&geo=RO&geo=SI&geo=SK&geo=FI&geo=SE&geo=EU27_2020&sex=T&age=TOTAL&unit=NR&sinceTimePeriod=2013,2026-10-06
demo_pjan,SI,2016,2064188,,2026-09-25T23:00:00+0200,https://ec.europa.eu/eurostat/api/dissemination/statistics/1.0/data/demo_pjan?geo=BE&geo=BG&geo=CZ&geo=DK&geo=DE&geo=EE&geo=IE&geo=EL&geo=ES&geo=FR&geo=HR&geo=IT&geo=CY&geo=LV&geo=LT&geo=LU&geo=HU&geo=MT&geo=NL&geo=AT&geo=PL&geo=PT&geo=RO&geo=SI&geo=SK&geo=FI&geo=SE&geo=EU27_2020&sex=T&age=TOTAL&unit=NR&sinceTimePeriod=2013,2026-10-06
demo_pjan,SI,2017,2065895,,2026-09-25T23:00:00+0200,https://ec.europa.eu/eurostat/api/dissemination/statistics/1.0/data/demo_pjan?geo=BE&geo=BG&geo=CZ&geo=DK&geo=DE&geo=EE&geo=IE&geo=EL&geo=ES&geo=FR&geo=HR&geo=IT&geo=CY&geo=LV&geo=LT&geo=LU&geo=HU&geo=MT&geo=NL&geo=AT&geo=PL&geo=PT&geo=RO&geo=SI&geo=SK&geo=FI&geo=SE&geo=EU27_2020&sex=T&age=TOTAL&unit=NR&sinceTimePeriod=2013,2026-10-06
demo_pjan,SI,2018,2066880,,2026-09-25T23:00:00+0200,https://ec.europa.eu/eurostat/api/dissemination/statistics/1.0/data/demo_pjan?geo=BE&geo=BG&geo=CZ&geo=DK&geo=DE&geo=EE&geo=IE&geo=EL&geo=ES&geo=FR&geo=HR&geo=IT&geo=CY&geo=LV&geo=LT&geo=LU&geo=HU&geo=MT&geo=NL&geo=AT&geo=PL&geo=PT&geo=RO&geo=SI&geo=SK&geo=FI&geo=SE&geo=EU27_2020&sex=T&age=TOTAL&unit=NR&sinceTimePeriod=2013,2026-10-06
demo_pjan,SI,2019,2080908,,2026-09-25T23:00:00+0200,https://ec.europa.eu/eurostat/api/dissemination/statistics/1.0/data/demo_pjan?geo=BE&geo=BG&geo=CZ&geo=DK&geo=DE&geo=EE&geo=IE&geo=EL&geo=ES&geo=FR&geo=HR&geo=IT&geo=CY&geo=LV&geo=LT&geo=LU&geo=HU&geo=MT&geo=NL&geo=AT&geo=PL&geo=PT&geo=RO&geo=SI&geo=SK&geo=FI&geo=SE&geo=EU27_2020&sex=T&age=TOTAL&unit=NR&sinceTimePeriod=2013,2026-10-06
demo_pjan,SI,2020,2095861,,2026-09-25T23:00:00+0200,https://ec.europa.eu/eurostat/api/dissemination/statistics/1.0/data/demo_pjan?geo=BE&geo=BG&geo=CZ&geo=DK&geo=DE&geo=EE&geo=IE&geo=EL&geo=ES&geo=FR&geo=HR&geo=IT&geo=CY&geo=LV&geo=LT&geo=LU&geo=HU&geo=MT&geo=NL&geo=AT&geo=PL&geo=PT&geo=RO&geo=SI&geo=SK&geo=FI&geo=SE&geo=EU27_2020&sex=T&age=TOTAL&unit=NR&sinceTimePeriod=2013,2026-10-06
demo_pjan,SI,2021,2108977,,2026-09-25T23:00:00+0200,https://ec.europa.eu/eurostat/api/dissemination/statistics/1.0/data/demo_pjan?geo=BE&geo=BG&geo=CZ&geo=DK&geo=DE&geo=EE&geo=IE&geo=EL&geo=ES&geo=FR&geo=HR&geo=IT&geo=CY&geo=LV&geo=LT&geo=LU&geo=HU&geo=MT&geo=NL&geo=AT&geo=PL&geo=PT&geo=RO&geo=SI&geo=SK&geo=FI&geo=SE&geo=EU27_2020&sex=T&age=TOTAL&unit=NR&sinceTimePeriod=2013,2026-10-06
demo_pjan,SI,2022,2107180,,2026-09-25T23:00:00+0200,https://ec.europa.eu/eurostat/api/dissemination/statistics/1.0/data/demo_pjan?geo=BE&geo=BG&geo=CZ&geo=DK&geo=DE&geo=EE&geo=IE&geo=EL&geo=ES&geo=FR&geo=HR&geo=IT&geo=CY&geo=LV&geo=LT&geo=LU&geo=HU&geo=MT&geo=NL&geo=AT&geo=PL&geo=PT&geo=RO&geo=SI&geo=SK&geo=FI&geo=SE&geo=EU27_2020&sex=T&age=TOTAL&unit=NR&sinceTimePeriod=2013,2026-10-06
demo_pjan,SI,2023,2116972,,2026-09-25T23:00:00+0200,https://ec.europa.eu/eurostat/api/dissemination/statistics/1.0/data/demo_pjan?geo=BE&geo=BG&geo=CZ&geo=DK&geo=DE&geo=EE&geo=IE&geo=EL&geo=ES&geo=FR&geo=HR&geo=IT&geo=CY&geo=LV&geo=LT&geo=LU&geo=HU&geo=MT&geo=NL&geo=AT&geo=PL&geo=PT&geo=RO&geo=SI&geo=SK&geo=FI&geo=SE&geo=EU27_2020&sex=T&age=TOTAL&unit=NR&sinceTimePeriod=2013,2026-10-06
demo_pjan,SI,2024,2123949,,2026-09-25T23:00:00+0200,https://ec.europa.eu/eurostat/api/dissemination/statistics/1.0/data/demo_pjan?geo=BE&geo=BG&geo=CZ&geo=DK&geo=DE&geo=EE&geo=IE&geo=EL&geo=ES&geo=FR&geo=HR&geo=IT&geo=CY&geo=LV&geo=LT&geo=LU&geo=HU&geo=MT&geo=NL&geo=AT&geo=PL&geo=PT&geo=RO&geo=SI&geo=SK&geo=FI&geo=SE&geo=EU27_2020&sex=T&age=TOTAL&unit=NR&sinceTimePeriod=2013,2026-10-06
demo_pjan,SI,2025,2130850,,2026-09-25T23:00:00+0200,https://ec.europa.eu/eurostat/api/dissemination/statistics/1.0/data/demo_pjan?geo=BE&geo=BG&geo=CZ&geo=DK&geo=DE&geo=EE&geo=IE&geo=EL&geo=ES&geo=FR&geo=HR&geo=IT&geo=CY&geo=LV&geo=LT&geo=LU&geo=HU&geo=MT&geo=NL&geo=AT&geo=PL&geo=PT&geo=RO&geo=SI&geo=SK&geo=FI&geo=SE&geo=EU27_2020&sex=T&age=TOTAL&unit=NR&sinceTimePeriod=2013,2026-10-06
demo_pjan,SK,2013,5410836,,2026-09-25T23:00:00+0200,https://ec.europa.eu/eurostat/api/dissemination/statistics/1.0/data/demo_pjan?geo=BE&geo=BG&geo=CZ&geo=DK&geo=DE&geo=EE&geo=IE&geo=EL&geo=ES&geo=FR&geo=HR&geo=IT&geo=CY&geo=LV&geo=LT&geo=LU&geo=HU&geo=MT&geo=NL&geo=AT&geo=PL&geo=PT&geo=RO&geo=SI&geo=SK&geo=FI&geo=SE&geo=EU27_2020&sex=T&age=TOTAL&unit=NR&sinceTimePeriod=2013,2026-10-06
demo_pjan,SK,2014,5415949,,2026-09-25T23:00:00+0200,https://ec.europa.eu/eurostat/api/dissemination/statistics/1.0/data/demo_pjan?geo=BE&geo=BG&geo=CZ&geo=DK&geo=DE&geo=EE&geo=IE&geo=EL&geo=ES&geo=FR&geo=HR&geo=IT&geo=CY&geo=LV&geo=LT&geo=LU&geo=HU&geo=MT&geo=NL&geo=AT&geo=PL&geo=PT&geo=RO&geo=SI&geo=SK&geo=FI&geo=SE&geo=EU27_2020&sex=T&age=TOTAL&unit=NR&sinceTimePeriod=2013,2026-10-06
demo_pjan,SK,2015,5421349,,2026-09-25T23:00:00+0200,https://ec.europa.eu/eurostat/api/dissemination/statistics/1.0/data/demo_pjan?geo=BE&geo=BG&geo=CZ&geo=DK&geo=DE&geo=EE&geo=IE&geo=EL&geo=ES&geo=FR&geo=HR&geo=IT&geo=CY&geo=LV&geo=LT&geo=LU&geo=HU&geo=MT&geo=NL&geo=AT&geo=PL&geo=PT&geo=RO&geo=SI&geo=SK&geo=FI&geo=SE&geo=EU27_2020&sex=T&age=TOTAL&unit=NR&sinceTimePeriod=2013,2026-10-06
demo_pjan,SK,2016,5426252,,2026-09-25T23:00:00+0200,https://ec.europa.eu/eurostat/api/dissemination/statistics/1.0/data/demo_pjan?geo=BE&geo=BG&geo=CZ&geo=DK&geo=DE&geo=EE&geo=IE&geo=EL&geo=ES&geo=FR&geo=HR&geo=IT&geo=CY&geo=LV&geo=LT&geo=LU&geo=HU&geo=MT&geo=NL&geo=AT&geo=PL&geo=PT&geo=RO&geo=SI&geo=SK&geo=FI&geo=SE&geo=EU27_2020&sex=T&age=TOTAL&unit=NR&sinceTimePeriod=2013,2026-10-06
demo_pjan,SK,2017,5435343,,2026-09-25T23:00:00+0200,https://ec.europa.eu/eurostat/api/dissemination/statistics/1.0/data/demo_pjan?geo=BE&geo=BG&geo=CZ&geo=DK&geo=DE&geo=EE&geo=IE&geo=EL&geo=ES&geo=FR&geo=HR&geo=IT&geo=CY&geo=LV&geo=LT&geo=LU&geo=HU&geo=MT&geo=NL&geo=AT&geo=PL&geo=PT&geo=RO&geo=SI&geo=SK&geo=FI&geo=SE&geo=EU27_2020&sex=T&age=TOTAL&unit=NR&sinceTimePeriod=2013,2026-10-06
demo_pjan,SK,2018,5443120,,2026-09-25T23:00:00+0200,https://ec.europa.eu/eurostat/api/dissemination/statistics/1.0/data/demo_pjan?geo=BE&geo=BG&geo=CZ&geo=DK&geo=DE&geo=EE&geo=IE&geo=EL&geo=ES&geo=FR&geo=HR&geo=IT&geo=CY&geo=LV&geo=LT&geo=LU&geo=HU&geo=MT&geo=NL&geo=AT&geo=PL&geo=PT&geo=RO&geo=SI&geo=SK&geo=FI&geo=SE&geo=EU27_2020&sex=T&age=TOTAL&unit=NR&sinceTimePeriod=2013,2026-10-06
demo_pjan,SK,2019,5450421,,2026-09-25T23:00:00+0200,https://ec.europa.eu/eurostat/api/dissemination/statistics/1.0/data/demo_pjan?geo=BE&geo=BG&geo=CZ&geo=DK&geo=DE&geo=EE&geo=IE&geo=EL&geo=ES&geo=FR&geo=HR&geo=IT&geo=CY&geo=LV&geo=LT&geo=LU&geo=HU&geo=MT&geo=NL&geo=AT&geo=PL&geo=PT&geo=RO&geo=SI&geo=SK&geo=FI&geo=SE&geo=EU27_2020&sex=T&age=TOTAL&unit=NR&sinceTimePeriod=2013,2026-10-06
demo_pjan,SK,2020,5457873,,2026-09-25T23:00:00+0200,https://ec.europa.eu/eurostat/api/dissemination/statistics/1.0/data/demo_pjan?geo=BE&geo=BG&geo=CZ&geo=DK&geo=DE&geo=EE&geo=IE&geo=EL&geo=ES&geo=FR&geo=HR&geo=IT&geo=CY&geo=LV&geo=LT&geo=LU&geo=HU&geo=MT&geo=NL&geo=AT&geo=PL&geo=PT&geo=RO&geo=SI&geo=SK&geo=FI&geo=SE&geo=EU27_2020&sex=T&age=TOTAL&unit=NR&sinceTimePeriod=2013,2026-10-06
demo_pjan,SK,2021,5459781,,2026-09-25T23:00:00+0200,https://ec.europa.eu/eurostat/api/dissemination/statistics/1.0/data/demo_pjan?geo=BE&geo=BG&geo=CZ&geo=DK&geo=DE&geo=EE&geo=IE&geo=EL&geo=ES&geo=FR&geo=HR&geo=IT&geo=CY&geo=LV&geo=LT&geo=LU&geo=HU&geo=MT&geo=NL&geo=AT&geo=PL&geo=PT&geo=RO&geo=SI&geo=SK&geo=FI&geo=SE&geo=EU27_2020&sex=T&age=TOTAL&unit=NR&sinceTimePeriod=2013,2026-10-06
demo_pjan,SK,2022,5434712,,2026-09-25T23:00:00+0200,https://ec.europa.eu/eurostat/api/dissemination/statistics/1.0/data/demo_pjan?geo=BE&geo=BG&geo=CZ&geo=DK&geo=DE&geo=EE&geo=IE&geo=EL&geo=ES&geo=FR&geo=HR&geo=IT&geo=CY&geo=LV&geo=LT&geo=LU&geo=HU&geo=MT&geo=NL&geo=AT&geo=PL&geo=PT&geo=RO&geo=SI&geo=SK&geo=FI&geo=SE&geo=EU27_2020&sex=T&age=TOTAL&unit=NR&sinceTimePeriod=2013,2026-10-06
demo_pjan,SK,2023,5428792,,2026-09-25T23:00:00+0200,https://ec.europa.eu/eurostat/api/dissemination/statistics/1.0/data/demo_pjan?geo=BE&geo=BG&geo=CZ&geo=DK&geo=DE&geo=EE&geo=IE&geo=EL&geo=ES&geo=FR&geo=HR&geo=IT&geo=CY&geo=LV&geo=LT&geo=LU&geo=HU&geo=MT&geo=NL&geo=AT&geo=PL&geo=PT&geo=RO&geo=SI&geo=SK&geo=FI&geo=SE&geo=EU27_2020&sex=T&age=TOTAL&unit=NR&sinceTimePeriod=2013,2026-10-06
demo_pjan,SK,2024,5424687,,2026-09-25T23:00:00+0200,https://ec.europa.eu/eurostat/api/dissemination/statistics/1.0/data/demo_pjan?geo=BE&geo=BG&geo=CZ&geo=DK&geo=DE&geo=EE&geo=IE&geo=EL&geo=ES&geo=FR&geo=HR&geo=IT&geo=CY&geo=LV&geo=LT&geo=LU&geo=HU&geo=MT&geo=NL&geo=AT&geo=PL&geo=PT&geo=RO&geo=SI&geo=SK&geo=FI&geo=SE&geo=EU27_2020&sex=T&age=TOTAL&unit=NR&sinceTimePeriod=2013,2026-10-06
demo_pjan,SK,2025,5419451,,2026-09-25T23:00:00+0200,https://ec.europa.eu/eurostat/api/dissemination/statistics/1.0/data/demo_pjan?geo=BE&geo=BG&geo=CZ&geo=DK&geo=DE&geo=EE&geo=IE&geo=EL&geo=ES&geo=FR&geo=HR&geo=IT&geo=CY&geo=LV&geo=LT&geo=LU&geo=HU&geo=MT&geo=NL&geo=AT&geo=PL&geo=PT&geo=RO&geo=SI&geo=SK&geo=FI&geo=SE&geo=EU27_2020&sex=T&age=TOTAL&unit=NR&sinceTimePeriod=2013,2026-10-06
env_ac_ainah_r2:TOTAL,AT,2013,58990.47411,,2026-08-07T23:00:00+0200,https://ec.europa.eu/eurostat/api/dissemination/statistics/1.0/data/env_ac_ainah_r2?geo=BE&geo=BG&geo=CZ&geo=DK&geo=DE&geo=EE&geo=IE&geo=EL&geo=ES&geo=FR&geo=HR&geo=IT&geo=CY&geo=LV&geo=LT&geo=LU&geo=HU&geo=MT&geo=NL&geo=AT&geo=PL&geo=PT&geo=RO&geo=SI&geo=SK&geo=FI&geo=SE&geo=EU27_2020&airpol=GHG&unit=THS_T&nace_r2=TOTAL&nace_r2=TOTAL_HH&sinceTimePeriod=2013,2026-10-06
env_ac_ainah_r2:TOTAL,AT,2014,56553.88454,,2026-08-07T23:00:00+0200,https://ec.europa.eu/eurostat/api/dissemination/statistics/1.0/data/env_ac_ainah_r2?geo=BE&geo=BG&geo=CZ&geo=DK&geo=DE&geo=EE&geo=IE&geo=EL&geo=ES&geo=FR&geo=HR&geo=IT&geo=CY&geo=LV&geo=LT&geo=LU&geo=HU&geo=MT&geo=NL&geo=AT&geo=PL&geo=PT&geo=RO&geo=SI&geo=SK&geo=FI&geo=SE&geo=EU27_2020&airpol=GHG&unit=THS_T&nace_r2=TOTAL&nace_r2=TOTAL_HH&sinceTimePeriod=2013,2026-10-06
env_ac_ainah_r2:TOTAL,AT,2015,57542.91421,,2026-08-07T23:00:00+0200,https://ec.europa.eu/eurostat/api/dissemination/statistics/1.0/data/env_ac_ainah_r2?geo=BE&geo=BG&geo=CZ&geo=DK&geo=DE&geo=EE&geo=IE&geo=EL&geo=ES&geo=FR&geo=HR&geo=IT&geo=CY&geo=LV&geo=LT&geo=LU&geo=HU&geo=MT&geo=NL&geo=AT&geo=PL&geo=PT&geo=RO&geo=SI&geo=SK&geo=FI&geo=SE&geo=EU27_2020&airpol=GHG&unit=THS_T&nace_r2=TOTAL&nace_r2=TOTAL_HH&sinceTimePeriod=2013,2026-10-06
env_ac_ainah_r2:TOTAL,AT,2016,56875.89212,,2026-08-07T23:00:00+0200,https://ec.europa.eu/eurostat/api/dissemination/statistics/1.0/data/env_ac_ainah_r2?geo=BE&geo=BG&geo=CZ&geo=DK&geo=DE&geo=EE&geo=IE&geo=EL&geo=ES&geo=FR&geo=HR&geo=IT&geo=CY&geo=LV&geo=LT&geo=LU&geo=HU&geo=MT&geo=NL&geo=AT&geo=PL&geo=PT&geo=RO&geo=SI&geo=SK&geo=FI&geo=SE&geo=EU27_2020&airpol=GHG&unit=THS_T&nace_r2=TOTAL&nace_r2=TOTAL_HH&sinceTimePeriod=2013,2026-10-06
env_ac_ainah_r2:TOTAL,AT,2017,59757.27978,,2026-08-07T23:00:00+0200,https://ec.europa.eu/eurostat/api/dissemination/statistics/1.0/data/env_ac_ainah_r2?geo=BE&geo=BG&geo=CZ&geo=DK&geo=DE&geo=EE&geo=IE&geo=EL&geo=ES&geo=FR&geo=HR&geo=IT&geo=CY&geo=LV&geo=LT&geo=LU&geo=HU&geo=MT&geo=NL&geo=AT&geo=PL&geo=PT&geo=RO&geo=SI&geo=SK&geo=FI&geo=SE&geo=EU27_2020&airpol=GHG&unit=THS_T&nace_r2=TOTAL&nace_r2=TOTAL_HH&sinceTimePeriod=2013,2026-10-06
env_ac_ainah_r2:TOTAL,AT,2018,57206.85693,,2026-08-07T23:00:00+0200,https://ec.europa.eu/eurostat/api/dissemination/statistics/1.0/data/env_ac_ainah_r2?geo=BE&geo=BG&geo=CZ&geo=DK&geo=DE&geo=EE&geo=IE&geo=EL&geo=ES&geo=FR&geo=HR&geo=IT&geo=CY&geo=LV&geo=LT&geo=LU&geo=HU&geo=MT&geo=NL&geo=AT&geo=PL&geo=PT&geo=RO&geo=SI&geo=SK&geo=FI&geo=SE&geo=EU27_2020&airpol=GHG&unit=THS_T&nace_r2=TOTAL&nace_r2=TOTAL_HH&sinceTimePeriod=2013,2026-10-06
env_ac_ainah_r2:TOTAL,AT,2019,60414.93088,,2026-08-07T23:00:00+0200,https://ec.europa.eu/eurostat/api/dissemination/statistics/1.0/data/env_ac_ainah_r2?geo=BE&geo=BG&geo=CZ&geo=DK&geo=DE&geo=EE&geo=IE&geo=EL&geo=ES&geo=FR&geo=HR&geo=IT&geo=CY&geo=LV&geo=LT&geo=LU&geo=HU&geo=MT&geo=NL&geo=AT&geo=PL&geo=PT&geo=RO&geo=SI&geo=SK&geo=FI&geo=SE&geo=EU27_2020&airpol=GHG&unit=THS_T&nace_r2=TOTAL&nace_r2=TOTAL_HH&sinceTimePeriod=2013,2026-10-06
env_ac_ainah_r2:TOTAL,AT,2020,54355.27752,,2026-08-07T23:00:00+0200,https://ec.europa.eu/eurostat/api/dissemination/statistics/1.0/data/env_ac_ainah_r2?geo=BE&geo=BG&geo=CZ&geo=DK&geo=DE&geo=EE&geo=IE&geo=EL&geo=ES&geo=FR&geo=HR&geo=IT&geo=CY&geo=LV&geo=LT&geo=LU&geo=HU&geo=MT&geo=NL&geo=AT&geo=PL&geo=PT&geo=RO&geo=SI&geo=SK&geo=FI&geo=SE&geo=EU27_2020&airpol=GHG&unit=THS_T&nace_r2=TOTAL&nace_r2=TOTAL_HH&sinceTimePeriod=2013,2026-10-06
env_ac_ainah_r2:TOTAL,AT,2021,56661.05573,,2026-08-07T23:00:00+0200,https://ec.europa.eu/eurostat/api/dissemination/statistics/1.0/data/env_ac_ainah_r2?geo=BE&geo=BG&geo=CZ&geo=DK&geo=DE&geo=EE&geo=IE&geo=EL&geo=ES&geo=FR&geo=HR&geo=IT&geo=CY&geo=LV&geo=LT&geo=LU&geo=HU&geo=MT&geo=NL&geo=AT&geo=PL&geo=PT&geo=RO&geo=SI&geo=SK&geo=FI&geo=SE&geo=EU27_2020&airpol=GHG&unit=THS_T&nace_r2=TOTAL&nace_r2=TOTAL_HH&sinceTimePeriod=2013,2026-10-06
env_ac_ainah_r2:TOTAL,AT,2022,57470.29325,,2026-08-07T23:00:00+0200,https://ec.europa.eu/eurostat/api/dissemination/statistics/1.0/data/env_ac_ainah_r2?geo=BE&geo=BG&geo=CZ&geo=DK&geo=DE&geo=EE&geo=IE&geo=EL&geo=ES&geo=FR&geo=HR&geo=IT&geo=CY&geo=LV&geo=LT&geo=LU&geo=HU&geo=MT&geo=NL&geo=AT&geo=PL&geo=PT&geo=RO&geo=SI&geo=SK&geo=FI&geo=SE&geo=EU27_2020&airpol=GHG&unit=THS_T&nace_r2=TOTAL&nace_r2=TOTAL_HH&sinceTimePeriod=2013,2026-10-06
env_ac_ainah_r2:TOTAL,AT,2023,54285.66668,,2026-08-07T23:00:00+0200,https://ec.europa.eu/eurostat/api/dissemination/statistics/1.0/data/env_ac_ainah_r2?geo=BE&geo=BG&geo=CZ&geo=DK&geo=DE&geo=EE&geo=IE&geo=EL&geo=ES&geo=FR&geo=HR&geo=IT&geo=CY&geo=LV&geo=LT&geo=LU&geo=HU&geo=MT&geo=NL&geo=AT&geo=PL&geo=PT&geo=RO&geo=SI&geo=SK&geo=FI&geo=SE&geo=EU27_2020&airpol=GHG&unit=THS_T&nace_r2=TOTAL&nace_r2=TOTAL_HH&sinceTimePeriod=2013,2026-10-06
env_ac_ainah_r2:TOTAL,AT,2024,54089.40246,i,2026-08-07T23:00:00+0200,https://ec.europa.eu/eurostat/api/dissemination/statistics/1.0/data/env_ac_ainah_r2?geo=BE&geo=BG&geo=CZ&geo=DK&geo=DE&geo=EE&geo=IE&geo=EL&geo=ES&geo=FR&geo=HR&geo=IT&geo=CY&geo=LV&geo=LT&geo=LU&geo=HU&geo=MT&geo=NL&geo=AT&geo=PL&geo=PT&geo=RO&geo=SI&geo=SK&geo=FI&geo=SE&geo=EU27_2020&airpol=GHG&unit=THS_T&nace_r2=TOTAL&nace_r2=TOTAL_HH&sinceTimePeriod=2013,2026-10-06
env_ac_ainah_r2:TOTAL,BE,2013,93131.3467,,2026-08-07T23:00:00+0200,https://ec.europa.eu/eurostat/api/dissemination/statistics/1.0/data/env_ac_ainah_r2?geo=BE&geo=BG&geo=CZ&geo=DK&geo=DE&geo=EE&geo=IE&geo=EL&geo=ES&geo=FR&geo=HR&geo=IT&geo=CY&geo=LV&geo=LT&geo=LU&geo=HU&geo=MT&geo=NL&geo=AT&geo=PL&geo=PT&geo=RO&geo=SI&geo=SK&geo=FI&geo=SE&geo=EU27_2020&airpol=GHG&unit=THS_T&nace_r2=TOTAL&nace_r2=TOTAL_HH&sinceTimePeriod=2013,2026-10-06
env_ac_ainah_r2:TOTAL,BE,2014,91085.38772,,2026-08-07T23:00:00+0200,https://ec.europa.eu/eurostat/api/dissemination/statistics/1.0/data/env_ac_ainah_r2?geo=BE&geo=BG&geo=CZ&geo=DK&geo=DE&geo=EE&geo=IE&geo=EL&geo=ES&geo=FR&geo=HR&geo=IT&geo=CY&geo=LV&geo=LT&geo=LU&geo=HU&geo=MT&geo=NL&geo=AT&geo=PL&geo=PT&geo=RO&geo=SI&geo=SK&geo=FI&geo=SE&geo=EU27_2020&airpol=GHG&unit=THS_T&nace_r2=TOTAL&nace_r2=TOTAL_HH&sinceTimePeriod=2013,2026-10-06
env_ac_ainah_r2:TOTAL,BE,2015,93971.31421,,2026-08-07T23:00:00+0200,https://ec.europa.eu/eurostat/api/dissemination/statistics/1.0/data/env_ac_ainah_r2?geo=BE&geo=BG&geo=CZ&geo=DK&geo=DE&geo=EE&geo=IE&geo=EL&geo=ES&geo=FR&geo=HR&geo=IT&geo=CY&geo=LV&geo=LT&geo=LU&geo=HU&geo=MT&geo=NL&geo=AT&geo=PL&geo=PT&geo=RO&geo=SI&geo=SK&geo=FI&geo=SE&geo=EU27_2020&airpol=GHG&unit=THS_T&nace_r2=TOTAL&nace_r2=TOTAL_HH&sinceTimePeriod=2013,2026-10-06
env_ac_ainah_r2:TOTAL,BE,2016,93752.17739,,2026-08-07T23:00:00+0200,https://ec.europa.eu/eurostat/api/dissemination/statistics/1.0/data/env_ac_ainah_r2?geo=BE&geo=BG&geo=CZ&geo=DK&geo=DE&geo=EE&geo=IE&geo=EL&geo=ES&geo=FR&geo=HR&geo=IT&geo=CY&geo=LV&geo=LT&geo=LU&geo=HU&geo=MT&geo=NL&geo=AT&geo=PL&geo=PT&geo=RO&geo=SI&geo=SK&geo=FI&geo=SE&geo=EU27_2020&airpol=GHG&unit=THS_T&nace_r2=TOTAL&nace_r2=TOTAL_HH&sinceTimePeriod=2013,2026-10-06
env_ac_ainah_r2:TOTAL,BE,2017,93568.08509,,2026-08-07T23:00:00+0200,https://ec.europa.eu/eurostat/api/dissemination/statistics/1.0/data/env_ac_ainah_r2?geo=BE&geo=BG&geo=CZ&geo=DK&geo=DE&geo=EE&geo=IE&geo=EL&geo=ES&geo=FR&geo=HR&geo=IT&geo=CY&geo=LV&geo=LT&geo=LU&geo=HU&geo=MT&geo=NL&geo=AT&geo=PL&geo=PT&geo=RO&geo=SI&geo=SK&geo=FI&geo=SE&geo=EU27_2020&airpol=GHG&unit=THS_T&nace_r2=TOTAL&nace_r2=TOTAL_HH&sinceTimePeriod=2013,2026-10-06
env_ac_ainah_r2:TOTAL,BE,2018,94545.37368,,2026-08-07T23:00:00+0200,https://ec.europa.eu/eurostat/api/dissemination/statistics/1.0/data/env_ac_ainah_r2?geo=BE&geo=BG&geo=CZ&geo=DK&geo=DE&geo=EE&geo=IE&geo=EL&geo=ES&geo=FR&geo=HR&geo=IT&geo=CY&geo=LV&geo=LT&geo=LU&geo=HU&geo=MT&geo=NL&geo=AT&geo=PL&geo=PT&geo=RO&geo=SI&geo=SK&geo=FI&geo=SE&geo=EU27_2020&airpol=GHG&unit=THS_T&nace_r2=TOTAL&nace_r2=TOTAL_HH&sinceTimePeriod=2013,2026-10-06
env_ac_ainah_r2:TOTAL,BE,2019,94477.69236,,2026-08-07T23:00:00+0200,https://ec.europa.eu/eurostat/api/dissemination/statistics/1.0/data/env_ac_ainah_r2?geo=BE&geo=BG&geo=CZ&geo=DK&geo=DE&geo=EE&geo=IE&geo=EL&geo=ES&geo=FR&geo=HR&geo=IT&geo=CY&geo=LV&geo=LT&geo=LU&geo=HU&geo=MT&geo=NL&geo=AT&geo=PL&geo=PT&geo=RO&geo=SI&geo=SK&geo=FI&geo=SE&geo=EU27_2020&airpol=GHG&unit=THS_T&nace_r2=TOTAL&nace_r2=TOTAL_HH&sinceTimePeriod=2013,2026-10-06
env_ac_ainah_r2:TOTAL,BE,2020,86173.77439,,2026-08-07T23:00:00+0200,https://ec.europa.eu/eurostat/api/dissemination/statistics/1.0/data/env_ac_ainah_r2?geo=BE&geo=BG&geo=CZ&geo=DK&geo=DE&geo=EE&geo=IE&geo=EL&geo=ES&geo=FR&geo=HR&geo=IT&geo=CY&geo=LV&geo=LT&geo=LU&geo=HU&geo=MT&geo=NL&geo=AT&geo=PL&geo=PT&geo=RO&geo=SI&geo=SK&geo=FI&geo=SE&geo=EU27_2020&airpol=GHG&unit=THS_T&nace_r2=TOTAL&nace_r2=TOTAL_HH&sinceTimePeriod=2013,2026-10-06
env_ac_ainah_r2:TOTAL,BE,2021,87431.26996,,2026-08-07T23:00:00+0200,https://ec.europa.eu/eurostat/api/dissemination/statistics/1.0/data/env_ac_ainah_r2?geo=BE&geo=BG&geo=CZ&geo=DK&geo=DE&geo=EE&geo=IE&geo=EL&geo=ES&geo=FR&geo=HR&geo=IT&geo=CY&geo=LV&geo=LT&geo=LU&geo=HU&geo=MT&geo=NL&geo=AT&geo=PL&geo=PT&geo=RO&geo=SI&geo=SK&geo=FI&geo=SE&geo=EU27_2020&airpol=GHG&unit=THS_T&nace_r2=TOTAL&nace_r2=TOTAL_HH&sinceTimePeriod=2013,2026-10-06
env_ac_ainah_r2:TOTAL,BE,2022,84425.13592,,2026-08-07T23:00:00+0200,https://ec.europa.eu/eurostat/api/dissemination/statistics/1.0/data/env_ac_ainah_r2?geo=BE&geo=BG&geo=CZ&geo=DK&geo=DE&geo=EE&geo=IE&geo=EL&geo=ES&geo=FR&geo=HR&geo=IT&geo=CY&geo=LV&geo=LT&geo=LU&geo=HU&geo=MT&geo=NL&geo=AT&geo=PL&geo=PT&geo=RO&geo=SI&geo=SK&geo=FI&geo=SE&geo=EU27_2020&airpol=GHG&unit=THS_T&nace_r2=TOTAL&nace_r2=TOTAL_HH&sinceTimePeriod=2013,2026-10-06
env_ac_ainah_r2:TOTAL,BE,2023,79838.98101,,2026-08-07T23:00:00+0200,https://ec.europa.eu/eurostat/api/dissemination/statistics/1.0/data/env_ac_ainah_r2?geo=BE&geo=BG&geo=CZ&geo=DK&geo=DE&geo=EE&geo=IE&geo=EL&geo=ES&geo=FR&geo=HR&geo=IT&geo=CY&geo=LV&geo=LT&geo=LU&geo=HU&geo=MT&geo=NL&geo=AT&geo=PL&geo=PT&geo=RO&geo=SI&geo=SK&geo=FI&geo=SE&geo=EU27_2020&airpol=GHG&unit=THS_T&nace_r2=TOTAL&nace_r2=TOTAL_HH&sinceTimePeriod=2013,2026-10-06
env_ac_ainah_r2:TOTAL,BE,2024,81032.81545,i,2026-08-07T23:00:00+0200,https://ec.europa.eu/eurostat/api/dissemination/statistics/1.0/data/env_ac_ainah_r2?geo=BE&geo=BG&geo=CZ&geo=DK&geo=DE&geo=EE&geo=IE&geo=EL&geo=ES&geo=FR&geo=HR&geo=IT&geo=CY&geo=LV&geo=LT&geo=LU&geo=HU&geo=MT&geo=NL&geo=AT&geo=PL&geo=PT&geo=RO&geo=SI&geo=SK&geo=FI&geo=SE&geo=EU27_2020&airpol=GHG&unit=THS_T&nace_r2=TOTAL&nace_r2=TOTAL_HH&sinceTimePeriod=2013,2026-10-06
env_ac_ainah_r2:TOTAL,BG,2013,51666.9421,,2026-08-07T23:00:00+0200,https://ec.europa.eu/eurostat/api/dissemination/statistics/1.0/data/env_ac_ainah_r2?geo=BE&geo=BG&geo=CZ&geo=DK&geo=DE&geo=EE&geo=IE&geo=EL&geo=ES&geo=FR&geo=HR&geo=IT&geo=CY&geo=LV&geo=LT&geo=LU&geo=HU&geo=MT&geo=NL&geo=AT&geo=PL&geo=PT&geo=RO&geo=SI&geo=SK&geo=FI&geo=SE&geo=EU27_2020&airpol=GHG&unit=THS_T&nace_r2=TOTAL&nace_r2=TOTAL_HH&sinceTimePeriod=2013,2026-10-06
env_ac_ainah_r2:TOTAL,BG,2014,55204.12837,,2026-08-07T23:00:00+0200,https://ec.europa.eu/eurostat/api/dissemination/statistics/1.0/data/env_ac_ainah_r2?geo=BE&geo=BG&geo=CZ&geo=DK&geo=DE&geo=EE&geo=IE&geo=EL&geo=ES&geo=FR&geo=HR&geo=IT&geo=CY&geo=LV&geo=LT&geo=LU&geo=HU&geo=MT&geo=NL&geo=AT&geo=PL&geo=PT&geo=RO&geo=SI&geo=SK&geo=FI&geo=SE&geo=EU27_2020&airpol=GHG&unit=THS_T&nace_r2=TOTAL&nace_r2=TOTAL_HH&sinceTimePeriod=2013,2026-10-06
env_ac_ainah_r2:TOTAL,BG,2015,58260.6157,,2026-08-07T23:00:00+0200,https://ec.europa.eu/eurostat/api/dissemination/statistics/1.0/data/env_ac_ainah_r2?geo=BE&geo=BG&geo=CZ&geo=DK&geo=DE&geo=EE&geo=IE&geo=EL&geo=ES&geo=FR&geo=HR&geo=IT&geo=CY&geo=LV&geo=LT&geo=LU&geo=HU&geo=MT&geo=NL&geo=AT&geo=PL&geo=PT&geo=RO&geo=SI&geo=SK&geo=FI&geo=SE&geo=EU27_2020&airpol=GHG&unit=THS_T&nace_r2=TOTAL&nace_r2=TOTAL_HH&sinceTimePeriod=2013,2026-10-06
env_ac_ainah_r2:TOTAL,BG,2016,55845.22898,,2026-08-07T23:00:00+0200,https://ec.europa.eu/eurostat/api/dissemination/statistics/1.0/data/env_ac_ainah_r2?geo=BE&geo=BG&geo=CZ&geo=DK&geo=DE&geo=EE&geo=IE&geo=EL&geo=ES&geo=FR&geo=HR&geo=IT&geo=CY&geo=LV&geo=LT&geo=LU&geo=HU&geo=MT&geo=NL&geo=AT&geo=PL&geo=PT&geo=RO&geo=SI&geo=SK&geo=FI&geo=SE&geo=EU27_2020&airpol=GHG&unit=THS_T&nace_r2=TOTAL&nace_r2=TOTAL_HH&sinceTimePeriod=2013,2026-10-06
env_ac_ainah_r2:TOTAL,BG,2017,57779.57338,,2026-08-07T23:00:00+0200,https://ec.europa.eu/eurostat/api/dissemination/statistics/1.0/data/env_ac_ainah_r2?geo=BE&geo=BG&geo=CZ&geo=DK&geo=DE&geo=EE&geo=IE&geo=EL&geo=ES&geo=FR&geo=HR&geo=IT&geo=CY&geo=LV&geo=LT&geo=LU&geo=HU&geo=MT&geo=NL&geo=AT&geo=PL&geo=PT&geo=RO&geo=SI&geo=SK&geo=FI&geo=SE&geo=EU27_2020&airpol=GHG&unit=THS_T&nace_r2=TOTAL&nace_r2=TOTAL_HH&sinceTimePeriod=2013,2026-10-06
env_ac_ainah_r2:TOTAL,BG,2018,53318.9194,,2026-08-07T23:00:00+0200,https://ec.europa.eu/eurostat/api/dissemination/statistics/1.0/data/env_ac_ainah_r2?geo=BE&geo=BG&geo=CZ&geo=DK&geo=DE&geo=EE&geo=IE&geo=EL&geo=ES&geo=FR&geo=HR&geo=IT&geo=CY&geo=LV&geo=LT&geo=LU&geo=HU&geo=MT&geo=NL&geo=AT&geo=PL&geo=PT&geo=RO&geo=SI&geo=SK&geo=FI&geo=SE&geo=EU27_2020&airpol=GHG&unit=THS_T&nace_r2=TOTAL&nace_r2=TOTAL_HH&sinceTimePeriod=2013,2026-10-06
env_ac_ainah_r2:TOTAL,BG,2019,51995.71275,,2026-08-07T23:00:00+0200,https://ec.europa.eu/eurostat/api/dissemination/statistics/1.0/data/env_ac_ainah_r2?geo=BE&geo=BG&geo=CZ&geo=DK&geo=DE&geo=EE&geo=IE&geo=EL&geo=ES&geo=FR&geo=HR&geo=IT&geo=CY&geo=LV&geo=LT&geo=LU&geo=HU&geo=MT&geo=NL&geo=AT&geo=PL&geo=PT&geo=RO&geo=SI&geo=SK&geo=FI&geo=SE&geo=EU27_2020&airpol=GHG&unit=THS_T&nace_r2=TOTAL&nace_r2=TOTAL_HH&sinceTimePeriod=2013,2026-10-06
env_ac_ainah_r2:TOTAL,BG,2020,45673.75936,,2026-08-07T23:00:00+0200,https://ec.europa.eu/eurostat/api/dissemination/statistics/1.0/data/env_ac_ainah_r2?geo=BE&geo=BG&geo=CZ&geo=DK&geo=DE&geo=EE&geo=IE&geo=EL&geo=ES&geo=FR&geo=HR&geo=IT&geo=CY&geo=LV&geo=LT&geo=LU&geo=HU&geo=MT&geo=NL&geo=AT&geo=PL&geo=PT&geo=RO&geo=SI&geo=SK&geo=FI&geo=SE&geo=EU27_2020&airpol=GHG&unit=THS_T&nace_r2=TOTAL&nace_r2=TOTAL_HH&sinceTimePeriod=2013,2026-10-06
env_ac_ainah_r2:TOTAL,BG,2021,51853.62555,,2026-08-07T23:00:00+0200,https://ec.europa.eu/eurostat/api/dissemination/statistics/1.0/data/env_ac_ainah_r2?geo=BE&geo=BG&geo=CZ&geo=DK&geo=DE&geo=EE&geo=IE&geo=EL&geo=ES&geo=FR&geo=HR&geo=IT&geo=CY&geo=LV&geo=LT&geo=LU&geo=HU&geo=MT&geo=NL&geo=AT&geo=PL&geo=PT&geo=RO&geo=SI&geo=SK&geo=FI&geo=SE&geo=EU27_2020&airpol=GHG&unit=THS_T&nace_r2=TOTAL&nace_r2=TOTAL_HH&sinceTimePeriod=2013,2026-10-06
env_ac_ainah_r2:TOTAL,BG,2022,54320.04032,,2026-08-07T23:00:00+0200,https://ec.europa.eu/eurostat/api/dissemination/statistics/1.0/data/env_ac_ainah_r2?geo=BE&geo=BG&geo=CZ&geo=DK&geo=DE&geo=EE&geo=IE&geo=EL&geo=ES&geo=FR&geo=HR&geo=IT&geo=CY&geo=LV&geo=LT&geo=LU&geo=HU&geo=MT&geo=NL&geo=AT&geo=PL&geo=PT&geo=RO&geo=SI&geo=SK&geo=FI&geo=SE&geo=EU27_2020&airpol=GHG&unit=THS_T&nace_r2=TOTAL&nace_r2=TOTAL_HH&sinceTimePeriod=2013,2026-10-06
env_ac_ainah_r2:TOTAL,BG,2023,41026.46458,,2026-08-07T23:00:00+0200,https://ec.europa.eu/eurostat/api/dissemination/statistics/1.0/data/env_ac_ainah_r2?geo=BE&geo=BG&geo=CZ&geo=DK&geo=DE&geo=EE&geo=IE&geo=EL&geo=ES&geo=FR&geo=HR&geo=IT&geo=CY&geo=LV&geo=LT&geo=LU&geo=HU&geo=MT&geo=NL&geo=AT&geo=PL&geo=PT&geo=RO&geo=SI&geo=SK&geo=FI&geo=SE&geo=EU27_2020&airpol=GHG&unit=THS_T&nace_r2=TOTAL&nace_r2=TOTAL_HH&sinceTimePeriod=2013,2026-10-06
env_ac_ainah_r2:TOTAL,BG,2024,40056.40597,i,2026-08-07T23:00:00+0200,https://ec.europa.eu/eurostat/api/dissemination/statistics/1.0/data/env_ac_ainah_r2?geo=BE&geo=BG&geo=CZ&geo=DK&geo=DE&geo=EE&geo=IE&geo=EL&geo=ES&geo=FR&geo=HR&geo=IT&geo=CY&geo=LV&geo=LT&geo=LU&geo=HU&geo=MT&geo=NL&geo=AT&geo=PL&geo=PT&geo=RO&geo=SI&geo=SK&geo=FI&geo=SE&geo=EU27_2020&airpol=GHG&unit=THS_T&nace_r2=TOTAL&nace_r2=TOTAL_HH&sinceTimePeriod=2013,2026-10-06
env_ac_ainah_r2:TOTAL,CY,2013,6313.20785,,2026-08-07T23:00:00+0200,https://ec.europa.eu/eurostat/api/dissemination/statistics/1.0/data/env_ac_ainah_r2?geo=BE&geo=BG&geo=CZ&geo=DK&geo=DE&geo=EE&geo=IE&geo=EL&geo=ES&geo=FR&geo=HR&geo=IT&geo=CY&geo=LV&geo=LT&geo=LU&geo=HU&geo=MT&geo=NL&geo=AT&geo=PL&geo=PT&geo=RO&geo=SI&geo=SK&geo=FI&geo=SE&geo=EU27_2020&airpol=GHG&unit=THS_T&nace_r2=TOTAL&nace_r2=TOTAL_HH&sinceTimePeriod=2013,2026-10-06
env_ac_ainah_r2:TOTAL,CY,2014,6641.73219,,2026-08-07T23:00:00+0200,https://ec.europa.eu/eurostat/api/dissemination/statistics/1.0/data/env_ac_ainah_r2?geo=BE&geo=BG&geo=CZ&geo=DK&geo=DE&geo=EE&geo=IE&geo=EL&geo=ES&geo=FR&geo=HR&geo=IT&geo=CY&geo=LV&geo=LT&geo=LU&geo=HU&geo=MT&geo=NL&geo=AT&geo=PL&geo=PT&geo=RO&geo=SI&geo=SK&geo=FI&geo=SE&geo=EU27_2020&airpol=GHG&unit=THS_T&nace_r2=TOTAL&nace_r2=TOTAL_HH&sinceTimePeriod=2013,2026-10-06
env_ac_ainah_r2:TOTAL,CY,2015,6468.28042,,2026-08-07T23:00:00+0200,https://ec.europa.eu/eurostat/api/dissemination/statistics/1.0/data/env_ac_ainah_r2?geo=BE&geo=BG&geo=CZ&geo=DK&geo=DE&geo=EE&geo=IE&geo=EL&geo=ES&geo=FR&geo=HR&geo=IT&geo=CY&geo=LV&geo=LT&geo=LU&geo=HU&geo=MT&geo=NL&geo=AT&geo=PL&geo=PT&geo=RO&geo=SI&geo=SK&geo=FI&geo=SE&geo=EU27_2020&airpol=GHG&unit=THS_T&nace_r2=TOTAL&nace_r2=TOTAL_HH&sinceTimePeriod=2013,2026-10-06
env_ac_ainah_r2:TOTAL,CY,2016,6857.20105,,2026-08-07T23:00:00+0200,https://ec.europa.eu/eurostat/api/dissemination/statistics/1.0/data/env_ac_ainah_r2?geo=BE&geo=BG&geo=CZ&geo=DK&geo=DE&geo=EE&geo=IE&geo=EL&geo=ES&geo=FR&geo=HR&geo=IT&geo=CY&geo=LV&geo=LT&geo=LU&geo=HU&geo=MT&geo=NL&geo=AT&geo=PL&geo=PT&geo=RO&geo=SI&geo=SK&geo=FI&geo=SE&geo=EU27_2020&airpol=GHG&unit=THS_T&nace_r2=TOTAL&nace_r2=TOTAL_HH&sinceTimePeriod=2013,2026-10-06
env_ac_ainah_r2:TOTAL,CY,2017,7125.08161,,2026-08-07T23:00:00+0200,https://ec.europa.eu/eurostat/api/dissemination/statistics/1.0/data/env_ac_ainah_r2?geo=BE&geo=BG&geo=CZ&geo=DK&geo=DE&geo=EE&geo=IE&geo=EL&geo=ES&geo=FR&geo=HR&geo=IT&geo=CY&geo=LV&geo=LT&geo=LU&geo=HU&geo=MT&geo=NL&geo=AT&geo=PL&geo=PT&geo=RO&geo=SI&geo=SK&geo=FI&geo=SE&geo=EU27_2020&airpol=GHG&unit=THS_T&nace_r2=TOTAL&nace_r2=TOTAL_HH&sinceTimePeriod=2013,2026-10-06
env_ac_ainah_r2:TOTAL,CY,2018,7194.24318,,2026-08-07T23:00:00+0200,https://ec.europa.eu/eurostat/api/dissemination/statistics/1.0/data/env_ac_ainah_r2?geo=BE&geo=BG&geo=CZ&geo=DK&geo=DE&geo=EE&geo=IE&geo=EL&geo=ES&geo=FR&geo=HR&geo=IT&geo=CY&geo=LV&geo=LT&geo=LU&geo=HU&geo=MT&geo=NL&geo=AT&geo=PL&geo=PT&geo=RO&geo=SI&geo=SK&geo=FI&geo=SE&geo=EU27_2020&airpol=GHG&unit=THS_T&nace_r2=TOTAL&nace_r2=TOTAL_HH&sinceTimePeriod=2013,2026-10-06
env_ac_ainah_r2:TOTAL,CY,2019,7015.64797,,2026-08-07T23:00:00+0200,https://ec.europa.eu/eurostat/api/dissemination/statistics/1.0/data/env_ac_ainah_r2?geo=BE&geo=BG&geo=CZ&geo=DK&geo=DE&geo=EE&geo=IE&geo=EL&geo=ES&geo=FR&geo=HR&geo=IT&geo=CY&geo=LV&geo=LT&geo=LU&geo=HU&geo=MT&geo=NL&geo=AT&geo=PL&geo=PT&geo=RO&geo=SI&geo=SK&geo=FI&geo=SE&geo=EU27_2020&airpol=GHG&unit=THS_T&nace_r2=TOTAL&nace_r2=TOTAL_HH&sinceTimePeriod=2013,2026-10-06
env_ac_ainah_r2:TOTAL,CY,2020,6915.38945,,2026-08-07T23:00:00+0200,https://ec.europa.eu/eurostat/api/dissemination/statistics/1.0/data/env_ac_ainah_r2?geo=BE&geo=BG&geo=CZ&geo=DK&geo=DE&geo=EE&geo=IE&geo=EL&geo=ES&geo=FR&geo=HR&geo=IT&geo=CY&geo=LV&geo=LT&geo=LU&geo=HU&geo=MT&geo=NL&geo=AT&geo=PL&geo=PT&geo=RO&geo=SI&geo=SK&geo=FI&geo=SE&geo=EU27_2020&airpol=GHG&unit=THS_T&nace_r2=TOTAL&nace_r2=TOTAL_HH&sinceTimePeriod=2013,2026-10-06
env_ac_ainah_r2:TOTAL,CY,2021,6864.69796,,2026-08-07T23:00:00+0200,https://ec.europa.eu/eurostat/api/dissemination/statistics/1.0/data/env_ac_ainah_r2?geo=BE&geo=BG&geo=CZ&geo=DK&geo=DE&geo=EE&geo=IE&geo=EL&geo=ES&geo=FR&geo=HR&geo=IT&geo=CY&geo=LV&geo=LT&geo=LU&geo=HU&geo=MT&geo=NL&geo=AT&geo=PL&geo=PT&geo=RO&geo=SI&geo=SK&geo=FI&geo=SE&geo=EU27_2020&airpol=GHG&unit=THS_T&nace_r2=TOTAL&nace_r2=TOTAL_HH&sinceTimePeriod=2013,2026-10-06
env_ac_ainah_r2:TOTAL,CY,2022,6997.48169,,2026-08-07T23:00:00+0200,https://ec.europa.eu/eurostat/api/dissemination/statistics/1.0/data/env_ac_ainah_r2?geo=BE&geo=BG&geo=CZ&geo=DK&geo=DE&geo=EE&geo=IE&geo=EL&geo=ES&geo=FR&geo=HR&geo=IT&geo=CY&geo=LV&geo=LT&geo=LU&geo=HU&geo=MT&geo=NL&geo=AT&geo=PL&geo=PT&geo=RO&geo=SI&geo=SK&geo=FI&geo=SE&geo=EU27_2020&airpol=GHG&unit=THS_T&nace_r2=TOTAL&nace_r2=TOTAL_HH&sinceTimePeriod=2013,2026-10-06
env_ac_ainah_r2:TOTAL,CY,2023,7168.21215,,2026-08-07T23:00:00+0200,https://ec.europa.eu/eurostat/api/dissemination/statistics/1.0/data/env_ac_ainah_r2?geo=BE&geo=BG&geo=CZ&geo=DK&geo=DE&geo=EE&geo=IE&geo=EL&geo=ES&geo=FR&geo=HR&geo=IT&geo=CY&geo=LV&geo=LT&geo=LU&geo=HU&geo=MT&geo=NL&geo=AT&geo=PL&geo=PT&geo=RO&geo=SI&geo=SK&geo=FI&geo=SE&geo=EU27_2020&airpol=GHG&unit=THS_T&nace_r2=TOTAL&nace_r2=TOTAL_HH&sinceTimePeriod=2013,2026-10-06
env_ac_ainah_r2:TOTAL,CY,2024,7287.08434,i,2026-08-07T23:00:00+0200,https://ec.europa.eu/eurostat/api/dissemination/statistics/1.0/data/env_ac_ainah_r2?geo=BE&geo=BG&geo=CZ&geo=DK&geo=DE&geo=EE&geo=IE&geo=EL&geo=ES&geo=FR&geo=HR&geo=IT&geo=CY&geo=LV&geo=LT&geo=LU&geo=HU&geo=MT&geo=NL&geo=AT&geo=PL&geo=PT&geo=RO&geo=SI&geo=SK&geo=FI&geo=SE&geo=EU27_2020&airpol=GHG&unit=THS_T&nace_r2=TOTAL&nace_r2=TOTAL_HH&sinceTimePeriod=2013,2026-10-06
env_ac_ainah_r2:TOTAL,CZ,2013,104498.46157,,2026-08-07T23:00:00+0200,https://ec.europa.eu/eurostat/api/dissemination/statistics/1.0/data/env_ac_ainah_r2?geo=BE&geo=BG&geo=CZ&geo=DK&geo=DE&geo=EE&geo=IE&geo=EL&geo=ES&geo=FR&geo=HR&geo=IT&geo=CY&geo=LV&geo=LT&geo=LU&geo=HU&geo=MT&geo=NL&geo=AT&geo=PL&geo=PT&geo=RO&geo=SI&geo=SK&geo=FI&geo=SE&geo=EU27_2020&airpol=GHG&unit=THS_T&nace_r2=TOTAL&nace_r2=TOTAL_HH&sinceTimePeriod=2013,2026-10-06
env_ac_ainah_r2:TOTAL,CZ,2014,103538.46562,,2026-08-07T23:00:00+0200,https://ec.europa.eu/eurostat/api/dissemination/statistics/1.0/data/env_ac_ainah_r2?geo=BE&geo=BG&geo=CZ&geo=DK&geo=DE&geo=EE&geo=IE&geo=EL&geo=ES&geo=FR&geo=HR&geo=IT&geo=CY&geo=LV&geo=LT&geo=LU&geo=HU&geo=MT&geo=NL&geo=AT&geo=PL&geo=PT&geo=RO&geo=SI&geo=SK&geo=FI&geo=SE&geo=EU27_2020&airpol=GHG&unit=THS_T&nace_r2=TOTAL&nace_r2=TOTAL_HH&sinceTimePeriod=2013,2026-10-06
env_ac_ainah_r2:TOTAL,CZ,2015,101998.4534,,2026-08-07T23:00:00+0200,https://ec.europa.eu/eurostat/api/dissemination/statistics/1.0/data/env_ac_ainah_r2?geo=BE&geo=BG&geo=CZ&geo=DK&geo=DE&geo=EE&geo=IE&geo=EL&geo=ES&geo=FR&geo=HR&geo=IT&geo=CY&geo=LV&geo=LT&geo=LU&geo=HU&geo=MT&geo=NL&geo=AT&geo=PL&geo=PT&geo=RO&geo=SI&geo=SK&geo=FI&geo=SE&geo=EU27_2020&airpol=GHG&unit=THS_T&nace_r2=TOTAL&nace_r2=TOTAL_HH&sinceTimePeriod=2013,2026-10-06
env_ac_ainah_r2:TOTAL,CZ,2016,104467.62657,,2026-08-07T23:00:00+0200,https://ec.europa.eu/eurostat/api/dissemination/statistics/1.0/data/env_ac_ainah_r2?geo=BE&geo=BG&geo=CZ&geo=DK&geo=DE&geo=EE&geo=IE&geo=EL&geo=ES&geo=FR&geo=HR&geo=IT&geo=CY&geo=LV&geo=LT&geo=LU&geo=HU&geo=MT&geo=NL&geo=AT&geo=PL&geo=PT&geo=RO&geo=SI&geo=SK&geo=FI&geo=SE&geo=EU27_2020&airpol=GHG&unit=THS_T&nace_r2=TOTAL&nace_r2=TOTAL_HH&sinceTimePeriod=2013,2026-10-06
env_ac_ainah_r2:TOTAL,CZ,2017,102674.70363,,2026-08-07T23:00:00+0200,https://ec.europa.eu/eurostat/api/dissemination/statistics/1.0/data/env_ac_ainah_r2?geo=BE&geo=BG&geo=CZ&geo=DK&geo=DE&geo=EE&geo=IE&geo=EL&geo=ES&geo=FR&geo=HR&geo=IT&geo=CY&geo=LV&geo=LT&geo=LU&geo=HU&geo=MT&geo=NL&geo=AT&geo=PL&geo=PT&geo=RO&geo=SI&geo=SK&geo=FI&geo=SE&geo=EU27_2020&airpol=GHG&unit=THS_T&nace_r2=TOTAL&nace_r2=TOTAL_HH&sinceTimePeriod=2013,2026-10-06
env_ac_ainah_r2:TOTAL,CZ,2018,103008.6906,,2026-08-07T23:00:00+0200,https://ec.europa.eu/eurostat/api/dissemination/statistics/1.0/data/env_ac_ainah_r2?geo=BE&geo=BG&geo=CZ&geo=DK&geo=DE&geo=EE&geo=IE&geo=EL&geo=ES&geo=FR&geo=HR&geo=IT&geo=CY&geo=LV&geo=LT&geo=LU&geo=HU&geo=MT&geo=NL&geo=AT&geo=PL&geo=PT&geo=RO&geo=SI&geo=SK&geo=FI&geo=SE&geo=EU27_2020&airpol=GHG&unit=THS_T&nace_r2=TOTAL&nace_r2=TOTAL_HH&sinceTimePeriod=2013,2026-10-06
env_ac_ainah_r2:TOTAL,CZ,2019,97952.45174,,2026-08-07T23:00:00+0200,https://ec.europa.eu/eurostat/api/dissemination/statistics/1.0/data/env_ac_ainah_r2?geo=BE&geo=BG&geo=CZ&geo=DK&geo=DE&geo=EE&geo=IE&geo=EL&geo=ES&geo=FR&geo=HR&geo=IT&geo=CY&geo=LV&geo=LT&geo=LU&geo=HU&geo=MT&geo=NL&geo=AT&geo=PL&geo=PT&geo=RO&geo=SI&geo=SK&geo=FI&geo=SE&geo=EU27_2020&airpol=GHG&unit=THS_T&nace_r2=TOTAL&nace_r2=TOTAL_HH&sinceTimePeriod=2013,2026-10-06
env_ac_ainah_r2:TOTAL,CZ,2020,88494.1762,,2026-08-07T23:00:00+0200,https://ec.europa.eu/eurostat/api/dissemination/statistics/1.0/data/env_ac_ainah_r2?geo=BE&geo=BG&geo=CZ&geo=DK&geo=DE&geo=EE&geo=IE&geo=EL&geo=ES&geo=FR&geo=HR&geo=IT&geo=CY&geo=LV&geo=LT&geo=LU&geo=HU&geo=MT&geo=NL&geo=AT&geo=PL&geo=PT&geo=RO&geo=SI&geo=SK&geo=FI&geo=SE&geo=EU27_2020&airpol=GHG&unit=THS_T&nace_r2=TOTAL&nace_r2=TOTAL_HH&sinceTimePeriod=2013,2026-10-06
env_ac_ainah_r2:TOTAL,CZ,2021,93852.27654,,2026-08-07T23:00:00+0200,https://ec.europa.eu/eurostat/api/dissemination/statistics/1.0/data/env_ac_ainah_r2?geo=BE&geo=BG&geo=CZ&geo=DK&geo=DE&geo=EE&geo=IE&geo=EL&geo=ES&geo=FR&geo=HR&geo=IT&geo=CY&geo=LV&geo=LT&geo=LU&geo=HU&geo=MT&geo=NL&geo=AT&geo=PL&geo=PT&geo=RO&geo=SI&geo=SK&geo=FI&geo=SE&geo=EU27_2020&airpol=GHG&unit=THS_T&nace_r2=TOTAL&nace_r2=TOTAL_HH&sinceTimePeriod=2013,2026-10-06
env_ac_ainah_r2:TOTAL,CZ,2022,93560.73867,,2026-08-07T23:00:00+0200,https://ec.europa.eu/eurostat/api/dissemination/statistics/1.0/data/env_ac_ainah_r2?geo=BE&geo=BG&geo=CZ&geo=DK&geo=DE&geo=EE&geo=IE&geo=EL&geo=ES&geo=FR&geo=HR&geo=IT&geo=CY&geo=LV&geo=LT&geo=LU&geo=HU&geo=MT&geo=NL&geo=AT&geo=PL&geo=PT&geo=RO&geo=SI&geo=SK&geo=FI&geo=SE&geo=EU27_2020&airpol=GHG&unit=THS_T&nace_r2=TOTAL&nace_r2=TOTAL_HH&sinceTimePeriod=2013,2026-10-06
env_ac_ainah_r2:TOTAL,CZ,2023,82800.06065,,2026-08-07T23:00:00+0200,https://ec.europa.eu/eurostat/api/dissemination/statistics/1.0/data/env_ac_ainah_r2?geo=BE&geo=BG&geo=CZ&geo=DK&geo=DE&geo=EE&geo=IE&geo=EL&geo=ES&geo=FR&geo=HR&geo=IT&geo=CY&geo=LV&geo=LT&geo=LU&geo=HU&geo=MT&geo=NL&geo=AT&geo=PL&geo=PT&geo=RO&geo=SI&geo=SK&geo=FI&geo=SE&geo=EU27_2020&airpol=GHG&unit=THS_T&nace_r2=TOTAL&nace_r2=TOTAL_HH&sinceTimePeriod=2013,2026-10-06
env_ac_ainah_r2:TOTAL,CZ,2024,78695.32103,i,2026-08-07T23:00:00+0200,https://ec.europa.eu/eurostat/api/dissemination/statistics/1.0/data/env_ac_ainah_r2?geo=BE&geo=BG&geo=CZ&geo=DK&geo=DE&geo=EE&geo=IE&geo=EL&geo=ES&geo=FR&geo=HR&geo=IT&geo=CY&geo=LV&geo=LT&geo=LU&geo=HU&geo=MT&geo=NL&geo=AT&geo=PL&geo=PT&geo=RO&geo=SI&geo=SK&geo=FI&geo=SE&geo=EU27_2020&airpol=GHG&unit=THS_T&nace_r2=TOTAL&nace_r2=TOTAL_HH&sinceTimePeriod=2013,2026-10-06
env_ac_ainah_r2:TOTAL,DE,2013,791222.53232,,2026-08-07T23:00:00+0200,https://ec.europa.eu/eurostat/api/dissemination/statistics/1.0/data/env_ac_ainah_r2?geo=BE&geo=BG&geo=CZ&geo=DK&geo=DE&geo=EE&geo=IE&geo=EL&geo=ES&geo=FR&geo=HR&geo=IT&geo=CY&geo=LV&geo=LT&geo=LU&geo=HU&geo=MT&geo=NL&geo=AT&geo=PL&geo=PT&geo=RO&geo=SI&geo=SK&geo=FI&geo=SE&geo=EU27_2020&airpol=GHG&unit=THS_T&nace_r2=TOTAL&nace_r2=TOTAL_HH&sinceTimePeriod=2013,2026-10-06
env_ac_ainah_r2:TOTAL,DE,2014,768330.33882,,2026-08-07T23:00:00+0200,https://ec.europa.eu/eurostat/api/dissemination/statistics/1.0/data/env_ac_ainah_r2?geo=BE&geo=BG&geo=CZ&geo=DK&geo=DE&geo=EE&geo=IE&geo=EL&geo=ES&geo=FR&geo=HR&geo=IT&geo=CY&geo=LV&geo=LT&geo=LU&geo=HU&geo=MT&geo=NL&geo=AT&geo=PL&geo=PT&geo=RO&geo=SI&geo=SK&geo=FI&geo=SE&geo=EU27_2020&airpol=GHG&unit=THS_T&nace_r2=TOTAL&nace_r2=TOTAL_HH&sinceTimePeriod=2013,2026-10-06
env_ac_ainah_r2:TOTAL,DE,2015,772394.79354,,2026-08-07T23:00:00+0200,https://ec.europa.eu/eurostat/api/dissemination/statistics/1.0/data/env_ac_ainah_r2?geo=BE&geo=BG&geo=CZ&geo=DK&geo=DE&geo=EE&geo=IE&geo=EL&geo=ES&geo=FR&geo=HR&geo=IT&geo=CY&geo=LV&geo=LT&geo=LU&geo=HU&geo=MT&geo=NL&geo=AT&geo=PL&geo=PT&geo=RO&geo=SI&geo=SK&geo=FI&geo=SE&geo=EU27_2020&airpol=GHG&unit=THS_T&nace_r2=TOTAL&nace_r2=TOTAL_HH&sinceTimePeriod=2013,2026-10-06
env_ac_ainah_r2:TOTAL,DE,2016,763021.03567,,2026-08-07T23:00:00+0200,https://ec.europa.eu/eurostat/api/dissemination/statistics/1.0/data/env_ac_ainah_r2?geo=BE&geo=BG&geo=CZ&geo=DK&geo=DE&geo=EE&geo=IE&geo=EL&geo=ES&geo=FR&geo=HR&geo=IT&geo=CY&geo=LV&geo=LT&geo=LU&geo=HU&geo=MT&geo=NL&geo=AT&geo=PL&geo=PT&geo=RO&geo=SI&geo=SK&geo=FI&geo=SE&geo=EU27_2020&airpol=GHG&unit=THS_T&nace_r2=TOTAL&nace_r2=TOTAL_HH&sinceTimePeriod=2013,2026-10-06
env_ac_ainah_r2:TOTAL,DE,2017,754210.25128,,2026-08-07T23:00:00+0200,https://ec.europa.eu/eurostat/api/dissemination/statistics/1.0/data/env_ac_ainah_r2?geo=BE&geo=BG&geo=CZ&geo=DK&geo=DE&geo=EE&geo=IE&geo=EL&geo=ES&geo=FR&geo=HR&geo=IT&geo=CY&geo=LV&geo=LT&geo=LU&geo=HU&geo=MT&geo=NL&geo=AT&geo=PL&geo=PT&geo=RO&geo=SI&geo=SK&geo=FI&geo=SE&geo=EU27_2020&airpol=GHG&unit=THS_T&nace_r2=TOTAL&nace_r2=TOTAL_HH&sinceTimePeriod=2013,2026-10-06
env_ac_ainah_r2:TOTAL,DE,2018,706885.7093,,2026-08-07T23:00:00+0200,https://ec.europa.eu/eurostat/api/dissemination/statistics/1.0/data/env_ac_ainah_r2?geo=BE&geo=BG&geo=CZ&geo=DK&geo=DE&geo=EE&geo=IE&geo=EL&geo=ES&geo=FR&geo=HR&geo=IT&geo=CY&geo=LV&geo=LT&geo=LU&geo=HU&geo=MT&geo=NL&geo=AT&geo=PL&geo=PT&geo=RO&geo=SI&geo=SK&geo=FI&geo=SE&geo=EU27_2020&airpol=GHG&unit=THS_T&nace_r2=TOTAL&nace_r2=TOTAL_HH&sinceTimePeriod=2013,2026-10-06
env_ac_ainah_r2:TOTAL,DE,2019,647245.87763,,2026-08-07T23:00:00+0200,https://ec.europa.eu/eurostat/api/dissemination/statistics/1.0/data/env_ac_ainah_r2?geo=BE&geo=BG&geo=CZ&geo=DK&geo=DE&geo=EE&geo=IE&geo=EL&geo=ES&geo=FR&geo=HR&geo=IT&geo=CY&geo=LV&geo=LT&geo=LU&geo=HU&geo=MT&geo=NL&geo=AT&geo=PL&geo=PT&geo=RO&geo=SI&geo=SK&geo=FI&geo=SE&geo=EU27_2020&airpol=GHG&unit=THS_T&nace_r2=TOTAL&nace_r2=TOTAL_HH&sinceTimePeriod=2013,2026-10-06
env_ac_ainah_r2:TOTAL,DE,2020,573924.23342,,2026-08-07T23:00:00+0200,https://ec.europa.eu/eurostat/api/dissemination/statistics/1.0/data/env_ac_ainah_r2?geo=BE&geo=BG&geo=CZ&geo=DK&geo=DE&geo=EE&geo=IE&geo=EL&geo=ES&geo=FR&geo=HR&geo=IT&geo=CY&geo=LV&geo=LT&geo=LU&geo=HU&geo=MT&geo=NL&geo=AT&geo=PL&geo=PT&geo=RO&geo=SI&geo=SK&geo=FI&geo=SE&geo=EU27_2020&airpol=GHG&unit=THS_T&nace_r2=TOTAL&nace_r2=TOTAL_HH&sinceTimePeriod=2013,2026-10-06
env_ac_ainah_r2:TOTAL,DE,2021,614397.64024,,2026-08-07T23:00:00+0200,https://ec.europa.eu/eurostat/api/dissemination/statistics/1.0/data/env_ac_ainah_r2?geo=BE&geo=BG&geo=CZ&geo=DK&geo=DE&geo=EE&geo=IE&geo=EL&geo=ES&geo=FR&geo=HR&geo=IT&geo=CY&geo=LV&geo=LT&geo=LU&geo=HU&geo=MT&geo=NL&geo=AT&geo=PL&geo=PT&geo=RO&geo=SI&geo=SK&geo=FI&geo=SE&geo=EU27_2020&airpol=GHG&unit=THS_T&nace_r2=TOTAL&nace_r2=TOTAL_HH&sinceTimePeriod=2013,2026-10-06
env_ac_ainah_r2:TOTAL,DE,2022,614452.34185,,2026-08-07T23:00:00+0200,https://ec.europa.eu/eurostat/api/dissemination/statistics/1.0/data/env_ac_ainah_r2?geo=BE&geo=BG&geo=CZ&geo=DK&geo=DE&geo=EE&geo=IE&geo=EL&geo=ES&geo=FR&geo=HR&geo=IT&geo=CY&geo=LV&geo=LT&geo=LU&geo=HU&geo=MT&geo=NL&geo=AT&geo=PL&geo=PT&geo=RO&geo=SI&geo=SK&geo=FI&geo=SE&geo=EU27_2020&airpol=GHG&unit=THS_T&nace_r2=TOTAL&nace_r2=TOTAL_HH&sinceTimePeriod=2013,2026-10-06
env_ac_ainah_r2:TOTAL,DE,2023,544981.89504,,2026-08-07T23:00:00+0200,https://ec.europa.eu/eurostat/api/dissemination/statistics/1.0/data/env_ac_ainah_r2?geo=BE&geo=BG&geo=CZ&geo=DK&geo=DE&geo=EE&geo=IE&geo=EL&geo=ES&geo=FR&geo=HR&geo=IT&geo=CY&geo=LV&geo=LT&geo=LU&geo=HU&geo=MT&geo=NL&geo=AT&geo=PL&geo=PT&geo=RO&geo=SI&geo=SK&geo=FI&geo=SE&geo=EU27_2020&airpol=GHG&unit=THS_T&nace_r2=TOTAL&nace_r2=TOTAL_HH&sinceTimePeriod=2013,2026-10-06
env_ac_ainah_r2:TOTAL,DE,2024,530134.37161,i,2026-08-07T23:00:00+0200,https://ec.europa.eu/eurostat/api/dissemination/statistics/1.0/data/env_ac_ainah_r2?geo=BE&geo=BG&geo=CZ&geo=DK&geo=DE&geo=EE&geo=IE&geo=EL&geo=ES&geo=FR&geo=HR&geo=IT&geo=CY&geo=LV&geo=LT&geo=LU&geo=HU&geo=MT&geo=NL&geo=AT&geo=PL&geo=PT&geo=RO&geo=SI&geo=SK&geo=FI&geo=SE&geo=EU27_2020&airpol=GHG&unit=THS_T&nace_r2=TOTAL&nace_r2=TOTAL_HH&sinceTimePeriod=2013,2026-10-06
env_ac_ainah_r2:TOTAL,DK,2013,85235.12275,,2026-08-07T23:00:00+0200,https://ec.europa.eu/eurostat/api/dissemination/statistics/1.0/data/env_ac_ainah_r2?geo=BE&geo=BG&geo=CZ&geo=DK&geo=DE&geo=EE&geo=IE&geo=EL&geo=ES&geo=FR&geo=HR&geo=IT&geo=CY&geo=LV&geo=LT&geo=LU&geo=HU&geo=MT&geo=NL&geo=AT&geo=PL&geo=PT&geo=RO&geo=SI&geo=SK&geo=FI&geo=SE&geo=EU27_2020&airpol=GHG&unit=THS_T&nace_r2=TOTAL&nace_r2=TOTAL_HH&sinceTimePeriod=2013,2026-10-06
env_ac_ainah_r2:TOTAL,DK,2014,80027.2593,,2026-08-07T23:00:00+0200,https://ec.europa.eu/eurostat/api/dissemination/statistics/1.0/data/env_ac_ainah_r2?geo=BE&geo=BG&geo=CZ&geo=DK&geo=DE&geo=EE&geo=IE&geo=EL&geo=ES&geo=FR&geo=HR&geo=IT&geo=CY&geo=LV&geo=LT&geo=LU&geo=HU&geo=MT&geo=NL&geo=AT&geo=PL&geo=PT&geo=RO&geo=SI&geo=SK&geo=FI&geo=SE&geo=EU27_2020&airpol=GHG&unit=THS_T&nace_r2=TOTAL&nace_r2=TOTAL_HH&sinceTimePeriod=2013,2026-10-06
env_ac_ainah_r2:TOTAL,DK,2015,83407.57793,,2026-08-07T23:00:00+0200,https://ec.europa.eu/eurostat/api/dissemination/statistics/1.0/data/env_ac_ainah_r2?geo=BE&geo=BG&geo=CZ&geo=DK&geo=DE&geo=EE&geo=IE&geo=EL&geo=ES&geo=FR&geo=HR&geo=IT&geo=CY&geo=LV&geo=LT&geo=LU&geo=HU&geo=MT&geo=NL&geo=AT&geo=PL&geo=PT&geo=RO&geo=SI&geo=SK&geo=FI&geo=SE&geo=EU27_2020&airpol=GHG&unit=THS_T&nace_r2=TOTAL&nace_r2=TOTAL_HH&sinceTimePeriod=2013,2026-10-06
env_ac_ainah_r2:TOTAL,DK,2016,88820.66113,,2026-08-07T23:00:00+0200,https://ec.europa.eu/eurostat/api/dissemination/statistics/1.0/data/env_ac_ainah_r2?geo=BE&geo=BG&geo=CZ&geo=DK&geo=DE&geo=EE&geo=IE&geo=EL&geo=ES&geo=FR&geo=HR&geo=IT&geo=CY&geo=LV&geo=LT&geo=LU&geo=HU&geo=MT&geo=NL&geo=AT&geo=PL&geo=PT&geo=RO&geo=SI&geo=SK&geo=FI&geo=SE&geo=EU27_2020&airpol=GHG&unit=THS_T&nace_r2=TOTAL&nace_r2=TOTAL_HH&sinceTimePeriod=2013,2026-10-06
env_ac_ainah_r2:TOTAL,DK,2017,87948.50441,,2026-08-07T23:00:00+0200,https://ec.europa.eu/eurostat/api/dissemination/statistics/1.0/data/env_ac_ainah_r2?geo=BE&geo=BG&geo=CZ&geo=DK&geo=DE&geo=EE&geo=IE&geo=EL&geo=ES&geo=FR&geo=HR&geo=IT&geo=CY&geo=LV&geo=LT&geo=LU&geo=HU&geo=MT&geo=NL&geo=AT&geo=PL&geo=PT&geo=RO&geo=SI&geo=SK&geo=FI&geo=SE&geo=EU27_2020&airpol=GHG&unit=THS_T&nace_r2=TOTAL&nace_r2=TOTAL_HH&sinceTimePeriod=2013,2026-10-06
env_ac_ainah_r2:TOTAL,DK,2018,88639.06634,,2026-08-07T23:00:00+0200,https://ec.europa.eu/eurostat/api/dissemination/statistics/1.0/data/env_ac_ainah_r2?geo=BE&geo=BG&geo=CZ&geo=DK&geo=DE&geo=EE&geo=IE&geo=EL&geo=ES&geo=FR&geo=HR&geo=IT&geo=CY&geo=LV&geo=LT&geo=LU&geo=HU&geo=MT&geo=NL&geo=AT&geo=PL&geo=PT&geo=RO&geo=SI&geo=SK&geo=FI&geo=SE&geo=EU27_2020&airpol=GHG&unit=THS_T&nace_r2=TOTAL&nace_r2=TOTAL_HH&sinceTimePeriod=2013,2026-10-06
env_ac_ainah_r2:TOTAL,DK,2019,85261.6691,,2026-08-07T23:00:00+0200,https://ec.europa.eu/eurostat/api/dissemination/statistics/1.0/data/env_ac_ainah_r2?geo=BE&geo=BG&geo=CZ&geo=DK&geo=DE&geo=EE&geo=IE&geo=EL&geo=ES&geo=FR&geo=HR&geo=IT&geo=CY&geo=LV&geo=LT&geo=LU&geo=HU&geo=MT&geo=NL&geo=AT&geo=PL&geo=PT&geo=RO&geo=SI&geo=SK&geo=FI&geo=SE&geo=EU27_2020&airpol=GHG&unit=THS_T&nace_r2=TOTAL&nace_r2=TOTAL_HH&sinceTimePeriod=2013,2026-10-06
env_ac_ainah_r2:TOTAL,DK,2020,75261.26699,,2026-08-07T23:00:00+0200,https://ec.europa.eu/eurostat/api/dissemination/statistics/1.0/data/env_ac_ainah_r2?geo=BE&geo=BG&geo=CZ&geo=DK&geo=DE&geo=EE&geo=IE&geo=EL&geo=ES&geo=FR&geo=HR&geo=IT&geo=CY&geo=LV&geo=LT&geo=LU&geo=HU&geo=MT&geo=NL&geo=AT&geo=PL&geo=PT&geo=RO&geo=SI&geo=SK&geo=FI&geo=SE&geo=EU27_2020&airpol=GHG&unit=THS_T&nace_r2=TOTAL&nace_r2=TOTAL_HH&sinceTimePeriod=2013,2026-10-06
env_ac_ainah_r2:TOTAL,DK,2021,83374.1682,,2026-08-07T23:00:00+0200,https://ec.europa.eu/eurostat/api/dissemination/statistics/1.0/data/env_ac_ainah_r2?geo=BE&geo=BG&geo=CZ&geo=DK&geo=DE&geo=EE&geo=IE&geo=EL&geo=ES&geo=FR&geo=HR&geo=IT&geo=CY&geo=LV&geo=LT&geo=LU&geo=HU&geo=MT&geo=NL&geo=AT&geo=PL&geo=PT&geo=RO&geo=SI&geo=SK&geo=FI&geo=SE&geo=EU27_2020&airpol=GHG&unit=THS_T&nace_r2=TOTAL&nace_r2=TOTAL_HH&sinceTimePeriod=2013,2026-10-06
env_ac_ainah_r2:TOTAL,DK,2022,79112.3253,,2026-08-07T23:00:00+0200,https://ec.europa.eu/eurostat/api/dissemination/statistics/1.0/data/env_ac_ainah_r2?geo=BE&geo=BG&geo=CZ&geo=DK&geo=DE&geo=EE&geo=IE&geo=EL&geo=ES&geo=FR&geo=HR&geo=IT&geo=CY&geo=LV&geo=LT&geo=LU&geo=HU&geo=MT&geo=NL&geo=AT&geo=PL&geo=PT&geo=RO&geo=SI&geo=SK&geo=FI&geo=SE&geo=EU27_2020&airpol=GHG&unit=THS_T&nace_r2=TOTAL&nace_r2=TOTAL_HH&sinceTimePeriod=2013,2026-10-06
env_ac_ainah_r2:TOTAL,DK,2023,74989.75671,,2026-08-07T23:00:00+0200,https://ec.europa.eu/eurostat/api/dissemination/statistics/1.0/data/env_ac_ainah_r2?geo=BE&geo=BG&geo=CZ&geo=DK&geo=DE&geo=EE&geo=IE&geo=EL&geo=ES&geo=FR&geo=HR&geo=IT&geo=CY&geo=LV&geo=LT&geo=LU&geo=HU&geo=MT&geo=NL&geo=AT&geo=PL&geo=PT&geo=RO&geo=SI&geo=SK&geo=FI&geo=SE&geo=EU27_2020&airpol=GHG&unit=THS_T&nace_r2=TOTAL&nace_r2=TOTAL_HH&sinceTimePeriod=2013,2026-10-06
env_ac_ainah_r2:TOTAL,DK,2024,80406.75206,i,2026-08-07T23:00:00+0200,https://ec.europa.eu/eurostat/api/dissemination/statistics/1.0/data/env_ac_ainah_r2?geo=BE&geo=BG&geo=CZ&geo=DK&geo=DE&geo=EE&geo=IE&geo=EL&geo=ES&geo=FR&geo=HR&geo=IT&geo=CY&geo=LV&geo=LT&geo=LU&geo=HU&geo=MT&geo=NL&geo=AT&geo=PL&geo=PT&geo=RO&geo=SI&geo=SK&geo=FI&geo=SE&geo=EU27_2020&airpol=GHG&unit=THS_T&nace_r2=TOTAL&nace_r2=TOTAL_HH&sinceTimePeriod=2013,2026-10-06
env_ac_ainah_r2:TOTAL,EE,2013,21537.12368,,2026-08-07T23:00:00+0200,https://ec.europa.eu/eurostat/api/dissemination/statistics/1.0/data/env_ac_ainah_r2?geo=BE&geo=BG&geo=CZ&geo=DK&geo=DE&geo=EE&geo=IE&geo=EL&geo=ES&geo=FR&geo=HR&geo=IT&geo=CY&geo=LV&geo=LT&geo=LU&geo=HU&geo=MT&geo=NL&geo=AT&geo=PL&geo=PT&geo=RO&geo=SI&geo=SK&geo=FI&geo=SE&geo=EU27_2020&airpol=GHG&unit=THS_T&nace_r2=TOTAL&nace_r2=TOTAL_HH&sinceTimePeriod=2013,2026-10-06
env_ac_ainah_r2:TOTAL,EE,2014,20637.17666,,2026-08-07T23:00:00+0200,https://ec.europa.eu/eurostat/api/dissemination/statistics/1.0/data/env_ac_ainah_r2?geo=BE&geo=BG&geo=CZ&geo=DK&geo=DE&geo=EE&geo=IE&geo=EL&geo=ES&geo=FR&geo=HR&geo=IT&geo=CY&geo=LV&geo=LT&geo=LU&geo=HU&geo=MT&geo=NL&geo=AT&geo=PL&geo=PT&geo=RO&geo=SI&geo=SK&geo=FI&geo=SE&geo=EU27_2020&airpol=GHG&unit=THS_T&nace_r2=TOTAL&nace_r2=TOTAL_HH&sinceTimePeriod=2013,2026-10-06
env_ac_ainah_r2:TOTAL,EE,2015,17364.27735,,2026-08-07T23:00:00+0200,https://ec.europa.eu/eurostat/api/dissemination/statistics/1.0/data/env_ac_ainah_r2?geo=BE&geo=BG&geo=CZ&geo=DK&geo=DE&geo=EE&geo=IE&geo=EL&geo=ES&geo=FR&geo=HR&geo=IT&geo=CY&geo=LV&geo=LT&geo=LU&geo=HU&geo=MT&geo=NL&geo=AT&geo=PL&geo=PT&geo=RO&geo=SI&geo=SK&geo=FI&geo=SE&geo=EU27_2020&airpol=GHG&unit=THS_T&nace_r2=TOTAL&nace_r2=TOTAL_HH&sinceTimePeriod=2013,2026-10-06
env_ac_ainah_r2:TOTAL,EE,2016,19001.20174,,2026-08-07T23:00:00+0200,https://ec.europa.eu/eurostat/api/dissemination/statistics/1.0/data/env_ac_ainah_r2?geo=BE&geo=BG&geo=CZ&geo=DK&geo=DE&geo=EE&geo=IE&geo=EL&geo=ES&geo=FR&geo=HR&geo=IT&geo=CY&geo=LV&geo=LT&geo=LU&geo=HU&geo=MT&geo=NL&geo=AT&geo=PL&geo=PT&geo=RO&geo=SI&geo=SK&geo=FI&geo=SE&geo=EU27_2020&airpol=GHG&unit=THS_T&nace_r2=TOTAL&nace_r2=TOTAL_HH&sinceTimePeriod=2013,2026-10-06
env_ac_ainah_r2:TOTAL,EE,2017,20135.56311,,2026-08-07T23:00:00+0200,https://ec.europa.eu/eurostat/api/dissemination/statistics/1.0/data/env_ac_ainah_r2?geo=BE&geo=BG&geo=CZ&geo=DK&geo=DE&geo=EE&geo=IE&geo=EL&geo=ES&geo=FR&geo=HR&geo=IT&geo=CY&geo=LV&geo=LT&geo=LU&geo=HU&geo=MT&geo=NL&geo=AT&geo=PL&geo=PT&geo=RO&geo=SI&geo=SK&geo=FI&geo=SE&geo=EU27_2020&airpol=GHG&unit=THS_T&nace_r2=TOTAL&nace_r2=TOTAL_HH&sinceTimePeriod=2013,2026-10-06
env_ac_ainah_r2:TOTAL,EE,2018,19212.9771,,2026-08-07T23:00:00+0200,https://ec.europa.eu/eurostat/api/dissemination/statistics/1.0/data/env_ac_ainah_r2?geo=BE&geo=BG&geo=CZ&geo=DK&geo=DE&geo=EE&geo=IE&geo=EL&geo=ES&geo=FR&geo=HR&geo=IT&geo=CY&geo=LV&geo=LT&geo=LU&geo=HU&geo=MT&geo=NL&geo=AT&geo=PL&geo=PT&geo=RO&geo=SI&geo=SK&geo=FI&geo=SE&geo=EU27_2020&airpol=GHG&unit=THS_T&nace_r2=TOTAL&nace_r2=TOTAL_HH&sinceTimePeriod=2013,2026-10-06
env_ac_ainah_r2:TOTAL,EE,2019,14085.50302,,2026-08-07T23:00:00+0200,https://ec.europa.eu/eurostat/api/dissemination/statistics/1.0/data/env_ac_ainah_r2?geo=BE&geo=BG&geo=CZ&geo=DK&geo=DE&geo=EE&geo=IE&geo=EL&geo=ES&geo=FR&geo=HR&geo=IT&geo=CY&geo=LV&geo=LT&geo=LU&geo=HU&geo=MT&geo=NL&geo=AT&geo=PL&geo=PT&geo=RO&geo=SI&geo=SK&geo=FI&geo=SE&geo=EU27_2020&airpol=GHG&unit=THS_T&nace_r2=TOTAL&nace_r2=TOTAL_HH&sinceTimePeriod=2013,2026-10-06
env_ac_ainah_r2:TOTAL,EE,2020,10552.52852,,2026-08-07T23:00:00+0200,https://ec.europa.eu/eurostat/api/dissemination/statistics/1.0/data/env_ac_ainah_r2?geo=BE&geo=BG&geo=CZ&geo=DK&geo=DE&geo=EE&geo=IE&geo=EL&geo=ES&geo=FR&geo=HR&geo=IT&geo=CY&geo=LV&geo=LT&geo=LU&geo=HU&geo=MT&geo=NL&geo=AT&geo=PL&geo=PT&geo=RO&geo=SI&geo=SK&geo=FI&geo=SE&geo=EU27_2020&airpol=GHG&unit=THS_T&nace_r2=TOTAL&nace_r2=TOTAL_HH&sinceTimePeriod=2013,2026-10-06
env_ac_ainah_r2:TOTAL,EE,2021,11737.73868,,2026-08-07T23:00:00+0200,https://ec.europa.eu/eurostat/api/dissemination/statistics/1.0/data/env_ac_ainah_r2?geo=BE&geo=BG&geo=CZ&geo=DK&geo=DE&geo=EE&geo=IE&geo=EL&geo=ES&geo=FR&geo=HR&geo=IT&geo=CY&geo=LV&geo=LT&geo=LU&geo=HU&geo=MT&geo=NL&geo=AT&geo=PL&geo=PT&geo=RO&geo=SI&geo=SK&geo=FI&geo=SE&geo=EU27_2020&airpol=GHG&unit=THS_T&nace_r2=TOTAL&nace_r2=TOTAL_HH&sinceTimePeriod=2013,2026-10-06
env_ac_ainah_r2:TOTAL,EE,2022,13358.66202,,2026-08-07T23:00:00+0200,https://ec.europa.eu/eurostat/api/dissemination/statistics/1.0/data/env_ac_ainah_r2?geo=BE&geo=BG&geo=CZ&geo=DK&geo=DE&geo=EE&geo=IE&geo=EL&geo=ES&geo=FR&geo=HR&geo=IT&geo=CY&geo=LV&geo=LT&geo=LU&geo=HU&geo=MT&geo=NL&geo=AT&geo=PL&geo=PT&geo=RO&geo=SI&geo=SK&geo=FI&geo=SE&geo=EU27_2020&airpol=GHG&unit=THS_T&nace_r2=TOTAL&nace_r2=TOTAL_HH&sinceTimePeriod=2013,2026-10-06
env_ac_ainah_r2:TOTAL,EE,2023,9946.27211,,2026-08-07T23:00:00+0200,https://ec.europa.eu/eurostat/api/dissemination/statistics/1.0/data/env_ac_ainah_r2?geo=BE&geo=BG&geo=CZ&geo=DK&geo=DE&geo=EE&geo=IE&geo=EL&geo=ES&geo=FR&geo=HR&geo=IT&geo=CY&geo=LV&geo=LT&geo=LU&geo=HU&geo=MT&geo=NL&geo=AT&geo=PL&geo=PT&geo=RO&geo=SI&geo=SK&geo=FI&geo=SE&geo=EU27_2020&airpol=GHG&unit=THS_T&nace_r2=TOTAL&nace_r2=TOTAL_HH&sinceTimePeriod=2013,2026-10-06
env_ac_ainah_r2:TOTAL,EE,2024,9596.50198,i,2026-08-07T23:00:00+0200,https://ec.europa.eu/eurostat/api/dissemination/statistics/1.0/data/env_ac_ainah_r2?geo=BE&geo=BG&geo=CZ&geo=DK&geo=DE&geo=EE&geo=IE&geo=EL&geo=ES&geo=FR&geo=HR&geo=IT&geo=CY&geo=LV&geo=LT&geo=LU&geo=HU&geo=MT&geo=NL&geo=AT&geo=PL&geo=PT&geo=RO&geo=SI&geo=SK&geo=FI&geo=SE&geo=EU27_2020&airpol=GHG&unit=THS_T&nace_r2=TOTAL&nace_r2=TOTAL_HH&sinceTimePeriod=2013,2026-10-06
env_ac_ainah_r2:TOTAL,EL,2013,97601.11088,,2026-08-07T23:00:00+0200,https://ec.europa.eu/eurostat/api/dissemination/statistics/1.0/data/env_ac_ainah_r2?geo=BE&geo=BG&geo=CZ&geo=DK&geo=DE&geo=EE&geo=IE&geo=EL&geo=ES&geo=FR&geo=HR&geo=IT&geo=CY&geo=LV&geo=LT&geo=LU&geo=HU&geo=MT&geo=NL&geo=AT&geo=PL&geo=PT&geo=RO&geo=SI&geo=SK&geo=FI&geo=SE&geo=EU27_2020&airpol=GHG&unit=THS_T&nace_r2=TOTAL&nace_r2=TOTAL_HH&sinceTimePeriod=2013,2026-10-06
env_ac_ainah_r2:TOTAL,EL,2014,94883.41743,,2026-08-07T23:00:00+0200,https://ec.europa.eu/eurostat/api/dissemination/statistics/1.0/data/env_ac_ainah_r2?geo=BE&geo=BG&geo=CZ&geo=DK&geo=DE&geo=EE&geo=IE&geo=EL&geo=ES&geo=FR&geo=HR&geo=IT&geo=CY&geo=LV&geo=LT&geo=LU&geo=HU&geo=MT&geo=NL&geo=AT&geo=PL&geo=PT&geo=RO&geo=SI&geo=SK&geo=FI&geo=SE&geo=EU27_2020&airpol=GHG&unit=THS_T&nace_r2=TOTAL&nace_r2=TOTAL_HH&sinceTimePeriod=2013,2026-10-06
env_ac_ainah_r2:TOTAL,EL,2015,91236.52804,,2026-08-07T23:00:00+0200,https://ec.europa.eu/eurostat/api/dissemination/statistics/1.0/data/env_ac_ainah_r2?geo=BE&geo=BG&geo=CZ&geo=DK&geo=DE&geo=EE&geo=IE&geo=EL&geo=ES&geo=FR&geo=HR&geo=IT&geo=CY&geo=LV&geo=LT&geo=LU&geo=HU&geo=MT&geo=NL&geo=AT&geo=PL&geo=PT&geo=RO&geo=SI&geo=SK&geo=FI&geo=SE&geo=EU27_2020&airpol=GHG&unit=THS_T&nace_r2=TOTAL&nace_r2=TOTAL_HH&sinceTimePeriod=2013,2026-10-06
env_ac_ainah_r2:TOTAL,EL,2016,89203.69337,,2026-08-07T23:00:00+0200,https://ec.europa.eu/eurostat/api/dissemination/statistics/1.0/data/env_ac_ainah_r2?geo=BE&geo=BG&geo=CZ&geo=DK&geo=DE&geo=EE&geo=IE&geo=EL&geo=ES&geo=FR&geo=HR&geo=IT&geo=CY&geo=LV&geo=LT&geo=LU&geo=HU&geo=MT&geo=NL&geo=AT&geo=PL&geo=PT&geo=RO&geo=SI&geo=SK&geo=FI&geo=SE&geo=EU27_2020&airpol=GHG&unit=THS_T&nace_r2=TOTAL&nace_r2=TOTAL_HH&sinceTimePeriod=2013,2026-10-06
env_ac_ainah_r2:TOTAL,EL,2017,94558.95684,,2026-08-07T23:00:00+0200,https://ec.europa.eu/eurostat/api/dissemination/statistics/1.0/data/env_ac_ainah_r2?geo=BE&geo=BG&geo=CZ&geo=DK&geo=DE&geo=EE&geo=IE&geo=EL&geo=ES&geo=FR&geo=HR&geo=IT&geo=CY&geo=LV&geo=LT&geo=LU&geo=HU&geo=MT&geo=NL&geo=AT&geo=PL&geo=PT&geo=RO&geo=SI&geo=SK&geo=FI&geo=SE&geo=EU27_2020&airpol=GHG&unit=THS_T&nace_r2=TOTAL&nace_r2=TOTAL_HH&sinceTimePeriod=2013,2026-10-06
env_ac_ainah_r2:TOTAL,EL,2018,94430.90229,,2026-08-07T23:00:00+0200,https://ec.europa.eu/eurostat/api/dissemination/statistics/1.0/data/env_ac_ainah_r2?geo=BE&geo=BG&geo=CZ&geo=DK&geo=DE&geo=EE&geo=IE&geo=EL&geo=ES&geo=FR&geo=HR&geo=IT&geo=CY&geo=LV&geo=LT&geo=LU&geo=HU&geo=MT&geo=NL&geo=AT&geo=PL&geo=PT&geo=RO&geo=SI&geo=SK&geo=FI&geo=SE&geo=EU27_2020&airpol=GHG&unit=THS_T&nace_r2=TOTAL&nace_r2=TOTAL_HH&sinceTimePeriod=2013,2026-10-06
env_ac_ainah_r2:TOTAL,EL,2019,87994.03571,,2026-08-07T23:00:00+0200,https://ec.europa.eu/eurostat/api/dissemination/statistics/1.0/data/env_ac_ainah_r2?geo=BE&geo=BG&geo=CZ&geo=DK&geo=DE&geo=EE&geo=IE&geo=EL&geo=ES&geo=FR&geo=HR&geo=IT&geo=CY&geo=LV&geo=LT&geo=LU&geo=HU&geo=MT&geo=NL&geo=AT&geo=PL&geo=PT&geo=RO&geo=SI&geo=SK&geo=FI&geo=SE&geo=EU27_2020&airpol=GHG&unit=THS_T&nace_r2=TOTAL&nace_r2=TOTAL_HH&sinceTimePeriod=2013,2026-10-06
env_ac_ainah_r2:TOTAL,EL,2020,77389.95233,,2026-08-07T23:00:00+0200,https://ec.europa.eu/eurostat/api/dissemination/statistics/1.0/data/env_ac_ainah_r2?geo=BE&geo=BG&geo=CZ&geo=DK&geo=DE&geo=EE&geo=IE&geo=EL&geo=ES&geo=FR&geo=HR&geo=IT&geo=CY&geo=LV&geo=LT&geo=LU&geo=HU&geo=MT&geo=NL&geo=AT&geo=PL&geo=PT&geo=RO&geo=SI&geo=SK&geo=FI&geo=SE&geo=EU27_2020&airpol=GHG&unit=THS_T&nace_r2=TOTAL&nace_r2=TOTAL_HH&sinceTimePeriod=2013,2026-10-06
env_ac_ainah_r2:TOTAL,EL,2021,78284.46652,,2026-08-07T23:00:00+0200,https://ec.europa.eu/eurostat/api/dissemination/statistics/1.0/data/env_ac_ainah_r2?geo=BE&geo=BG&geo=CZ&geo=DK&geo=DE&geo=EE&geo=IE&geo=EL&geo=ES&geo=FR&geo=HR&geo=IT&geo=CY&geo=LV&geo=LT&geo=LU&geo=HU&geo=MT&geo=NL&geo=AT&geo=PL&geo=PT&geo=RO&geo=SI&geo=SK&geo=FI&geo=SE&geo=EU27_2020&airpol=GHG&unit=THS_T&nace_r2=TOTAL&nace_r2=TOTAL_HH&sinceTimePeriod=2013,2026-10-06
env_ac_ainah_r2:TOTAL,EL,2022,73572.99841,,2026-08-07T23:00:00+0200,https://ec.europa.eu/eurostat/api/dissemination/statistics/1.0/data/env_ac_ainah_r2?geo=BE&geo=BG&geo=CZ&geo=DK&geo=DE&geo=EE&geo=IE&geo=EL&geo=ES&geo=FR&geo=HR&geo=IT&geo=CY&geo=LV&geo=LT&geo=LU&geo=HU&geo=MT&geo=NL&geo=AT&geo=PL&geo=PT&geo=RO&geo=SI&geo=SK&geo=FI&geo=SE&geo=EU27_2020&airpol=GHG&unit=THS_T&nace_r2=TOTAL&nace_r2=TOTAL_HH&sinceTimePeriod=2013,2026-10-06
env_ac_ainah_r2:TOTAL,EL,2023,69905.11518,,2026-08-07T23:00:00+0200,https://ec.europa.eu/eurostat/api/dissemination/statistics/1.0/data/env_ac_ainah_r2?geo=BE&geo=BG&geo=CZ&geo=DK&geo=DE&geo=EE&geo=IE&geo=EL&geo=ES&geo=FR&geo=HR&geo=IT&geo=CY&geo=LV&geo=LT&geo=LU&geo=HU&geo=MT&geo=NL&geo=AT&geo=PL&geo=PT&geo=RO&geo=SI&geo=SK&geo=FI&geo=SE&geo=EU27_2020&airpol=GHG&unit=THS_T&nace_r2=TOTAL&nace_r2=TOTAL_HH&sinceTimePeriod=2013,2026-10-06
env_ac_ainah_r2:TOTAL,EL,2024,67876.10727,i,2026-08-07T23:00:00+0200,https://ec.europa.eu/eurostat/api/dissemination/statistics/1.0/data/env_ac_ainah_r2?geo=BE&geo=BG&geo=CZ&geo=DK&geo=DE&geo=EE&geo=IE&geo=EL&geo=ES&geo=FR&geo=HR&geo=IT&geo=CY&geo=LV&geo=LT&geo=LU&geo=HU&geo=MT&geo=NL&geo=AT&geo=PL&geo=PT&geo=RO&geo=SI&geo=SK&geo=FI&geo=SE&geo=EU27_2020&airpol=GHG&unit=THS_T&nace_r2=TOTAL&nace_r2=TOTAL_HH&sinceTimePeriod=2013,2026-10-06
env_ac_ainah_r2:TOTAL,ES,2013,262290.28351,,2026-08-07T23:00:00+0200,https://ec.europa.eu/eurostat/api/dissemination/statistics/1.0/data/env_ac_ainah_r2?geo=BE&geo=BG&geo=CZ&geo=DK&geo=DE&geo=EE&geo=IE&geo=EL&geo=ES&geo=FR&geo=HR&geo=IT&geo=CY&geo=LV&geo=LT&geo=LU&geo=HU&geo=MT&geo=NL&geo=AT&geo=PL&geo=PT&geo=RO&geo=SI&geo=SK&geo=FI&geo=SE&geo=EU27_2020&airpol=GHG&unit=THS_T&nace_r2=TOTAL&nace_r2=TOTAL_HH&sinceTimePeriod=2013,2026-10-06
env_ac_ainah_r2:TOTAL,ES,2014,264540.67112,,2026-08-07T23:00:00+0200,https://ec.europa.eu/eurostat/api/dissemination/statistics/1.0/data/env_ac_ainah_r2?geo=BE&geo=BG&geo=CZ&geo=DK&geo=DE&geo=EE&geo=IE&geo=EL&geo=ES&geo=FR&geo=HR&geo=IT&geo=CY&geo=LV&geo=LT&geo=LU&geo=HU&geo=MT&geo=NL&geo=AT&geo=PL&geo=PT&geo=RO&geo=SI&geo=SK&geo=FI&geo=SE&geo=EU27_2020&airpol=GHG&unit=THS_T&nace_r2=TOTAL&nace_r2=TOTAL_HH&sinceTimePeriod=2013,2026-10-06
env_ac_ainah_r2:TOTAL,ES,2015,274120.33388,,2026-08-07T23:00:00+0200,https://ec.europa.eu/eurostat/api/dissemination/statistics/1.0/data/env_ac_ainah_r2?geo=BE&geo=BG&geo=CZ&geo=DK&geo=DE&geo=EE&geo=IE&geo=EL&geo=ES&geo=FR&geo=HR&geo=IT&geo=CY&geo=LV&geo=LT&geo=LU&geo=HU&geo=MT&geo=NL&geo=AT&geo=PL&geo=PT&geo=RO&geo=SI&geo=SK&geo=FI&geo=SE&geo=EU27_2020&airpol=GHG&unit=THS_T&nace_r2=TOTAL&nace_r2=TOTAL_HH&sinceTimePeriod=2013,2026-10-06
env_ac_ainah_r2:TOTAL,ES,2016,262039.00924,,2026-08-07T23:00:00+0200,https://ec.europa.eu/eurostat/api/dissemination/statistics/1.0/data/env_ac_ainah_r2?geo=BE&geo=BG&geo=CZ&geo=DK&geo=DE&geo=EE&geo=IE&geo=EL&geo=ES&geo=FR&geo=HR&geo=IT&geo=CY&geo=LV&geo=LT&geo=LU&geo=HU&geo=MT&geo=NL&geo=AT&geo=PL&geo=PT&geo=RO&geo=SI&geo=SK&geo=FI&geo=SE&geo=EU27_2020&airpol=GHG&unit=THS_T&nace_r2=TOTAL&nace_r2=TOTAL_HH&sinceTimePeriod=2013,2026-10-06
env_ac_ainah_r2:TOTAL,ES,2017,274428.46815,,2026-08-07T23:00:00+0200,https://ec.europa.eu/eurostat/api/dissemination/statistics/1.0/data/env_ac_ainah_r2?geo=BE&geo=BG&geo=CZ&geo=DK&geo=DE&geo=EE&geo=IE&geo=EL&geo=ES&geo=FR&geo=HR&geo=IT&geo=CY&geo=LV&geo=LT&geo=LU&geo=HU&geo=MT&geo=NL&geo=AT&geo=PL&geo=PT&geo=RO&geo=SI&geo=SK&geo=FI&geo=SE&geo=EU27_2020&airpol=GHG&unit=THS_T&nace_r2=TOTAL&nace_r2=TOTAL_HH&sinceTimePeriod=2013,2026-10-06
env_ac_ainah_r2:TOTAL,ES,2018,267461.53685,,2026-08-07T23:00:00+0200,https://ec.europa.eu/eurostat/api/dissemination/statistics/1.0/data/env_ac_ainah_r2?geo=BE&geo=BG&geo=CZ&geo=DK&geo=DE&geo=EE&geo=IE&geo=EL&geo=ES&geo=FR&geo=HR&geo=IT&geo=CY&geo=LV&geo=LT&geo=LU&geo=HU&geo=MT&geo=NL&geo=AT&geo=PL&geo=PT&geo=RO&geo=SI&geo=SK&geo=FI&geo=SE&geo=EU27_2020&airpol=GHG&unit=THS_T&nace_r2=TOTAL&nace_r2=TOTAL_HH&sinceTimePeriod=2013,2026-10-06
env_ac_ainah_r2:TOTAL,ES,2019,250965.38132,,2026-08-07T23:00:00+0200,https://ec.europa.eu/eurostat/api/dissemination/statistics/1.0/data/env_ac_ainah_r2?geo=BE&geo=BG&geo=CZ&geo=DK&geo=DE&geo=EE&geo=IE&geo=EL&geo=ES&geo=FR&geo=HR&geo=IT&geo=CY&geo=LV&geo=LT&geo=LU&geo=HU&geo=MT&geo=NL&geo=AT&geo=PL&geo=PT&geo=RO&geo=SI&geo=SK&geo=FI&geo=SE&geo=EU27_2020&airpol=GHG&unit=THS_T&nace_r2=TOTAL&nace_r2=TOTAL_HH&sinceTimePeriod=2013,2026-10-06
env_ac_ainah_r2:TOTAL,ES,2020,214960.66653,,2026-08-07T23:00:00+0200,https://ec.europa.eu/eurostat/api/dissemination/statistics/1.0/data/env_ac_ainah_r2?geo=BE&geo=BG&geo=CZ&geo=DK&geo=DE&geo=EE&geo=IE&geo=EL&geo=ES&geo=FR&geo=HR&geo=IT&geo=CY&geo=LV&geo=LT&geo=LU&geo=HU&geo=MT&geo=NL&geo=AT&geo=PL&geo=PT&geo=RO&geo=SI&geo=SK&geo=FI&geo=SE&geo=EU27_2020&airpol=GHG&unit=THS_T&nace_r2=TOTAL&nace_r2=TOTAL_HH&sinceTimePeriod=2013,2026-10-06
env_ac_ainah_r2:TOTAL,ES,2021,228806.44517,,2026-08-07T23:00:00+0200,https://ec.europa.eu/eurostat/api/dissemination/statistics/1.0/data/env_ac_ainah_r2?geo=BE&geo=BG&geo=CZ&geo=DK&geo=DE&geo=EE&geo=IE&geo=EL&geo=ES&geo=FR&geo=HR&geo=IT&geo=CY&geo=LV&geo=LT&geo=LU&geo=HU&geo=MT&geo=NL&geo=AT&geo=PL&geo=PT&geo=RO&geo=SI&geo=SK&geo=FI&geo=SE&geo=EU27_2020&airpol=GHG&unit=THS_T&nace_r2=TOTAL&nace_r2=TOTAL_HH&sinceTimePeriod=2013,2026-10-06
env_ac_ainah_r2:TOTAL,ES,2022,236508.60677,,2026-08-07T23:00:00+0200,https://ec.europa.eu/eurostat/api/dissemination/statistics/1.0/data/env_ac_ainah_r2?geo=BE&geo=BG&geo=CZ&geo=DK&geo=DE&geo=EE&geo=IE&geo=EL&geo=ES&geo=FR&geo=HR&geo=IT&geo=CY&geo=LV&geo=LT&geo=LU&geo=HU&geo=MT&geo=NL&geo=AT&geo=PL&geo=PT&geo=RO&geo=SI&geo=SK&geo=FI&geo=SE&geo=EU27_2020&airpol=GHG&unit=THS_T&nace_r2=TOTAL&nace_r2=TOTAL_HH&sinceTimePeriod=2013,2026-10-06
env_ac_ainah_r2:TOTAL,ES,2023,216647.57847,,2026-08-07T23:00:00+0200,https://ec.europa.eu/eurostat/api/dissemination/statistics/1.0/data/env_ac_ainah_r2?geo=BE&geo=BG&geo=CZ&geo=DK&geo=DE&geo=EE&geo=IE&geo=EL&geo=ES&geo=FR&geo=HR&geo=IT&geo=CY&geo=LV&geo=LT&geo=LU&geo=HU&geo=MT&geo=NL&geo=AT&geo=PL&geo=PT&geo=RO&geo=SI&geo=SK&geo=FI&geo=SE&geo=EU27_2020&airpol=GHG&unit=THS_T&nace_r2=TOTAL&nace_r2=TOTAL_HH&sinceTimePeriod=2013,2026-10-06
env_ac_ainah_r2:TOTAL,ES,2024,215732.40987,e,2026-08-07T23:00:00+0200,https://ec.europa.eu/eurostat/api/dissemination/statistics/1.0/data/env_ac_ainah_r2?geo=BE&geo=BG&geo=CZ&geo=DK&geo=DE&geo=EE&geo=IE&geo=EL&geo=ES&geo=FR&geo=HR&geo=IT&geo=CY&geo=LV&geo=LT&geo=LU&geo=HU&geo=MT&geo=NL&geo=AT&geo=PL&geo=PT&geo=RO&geo=SI&geo=SK&geo=FI&geo=SE&geo=EU27_2020&airpol=GHG&unit=THS_T&nace_r2=TOTAL&nace_r2=TOTAL_HH&sinceTimePeriod=2013,2026-10-06
env_ac_ainah_r2:TOTAL,EU27_2020,2013,3310042.20916,i,2026-08-07T23:00:00+0200,https://ec.europa.eu/eurostat/api/dissemination/statistics/1.0/data/env_ac_ainah_r2?geo=BE&geo=BG&geo=CZ&geo=DK&geo=DE&geo=EE&geo=IE&geo=EL&geo=ES&geo=FR&geo=HR&geo=IT&geo=CY&geo=LV&geo=LT&geo=LU&geo=HU&geo=MT&geo=NL&geo=AT&geo=PL&geo=PT&geo=RO&geo=SI&geo=SK&geo=FI&geo=SE&geo=EU27_2020&airpol=GHG&unit=THS_T&nace_r2=TOTAL&nace_r2=TOTAL_HH&sinceTimePeriod=2013,2026-10-06
env_ac_ainah_r2:TOTAL,EU27_2020,2014,3228052.84978,i,2026-08-07T23:00:00+0200,https://ec.europa.eu/eurostat/api/dissemination/statistics/1.0/data/env_ac_ainah_r2?geo=BE&geo=BG&geo=CZ&geo=DK&geo=DE&geo=EE&geo=IE&geo=EL&geo=ES&geo=FR&geo=HR&geo=IT&geo=CY&geo=LV&geo=LT&geo=LU&geo=HU&geo=MT&geo=NL&geo=AT&geo=PL&geo=PT&geo=RO&geo=SI&geo=SK&geo=FI&geo=SE&geo=EU27_2020&airpol=GHG&unit=THS_T&nace_r2=TOTAL&nace_r2=TOTAL_HH&sinceTimePeriod=2013,2026-10-06
env_ac_ainah_r2:TOTAL,EU27_2020,2015,3261892.98226,i,2026-08-07T23:00:00+0200,https://ec.europa.eu/eurostat/api/dissemination/statistics/1.0/data/env_ac_ainah_r2?geo=BE&geo=BG&geo=CZ&geo=DK&geo=DE&geo=EE&geo=IE&geo=EL&geo=ES&geo=FR&geo=HR&geo=IT&geo=CY&geo=LV&geo=LT&geo=LU&geo=HU&geo=MT&geo=NL&geo=AT&geo=PL&geo=PT&geo=RO&geo=SI&geo=SK&geo=FI&geo=SE&geo=EU27_2020&airpol=GHG&unit=THS_T&nace_r2=TOTAL&nace_r2=TOTAL_HH&sinceTimePeriod=2013,2026-10-06
env_ac_ainah_r2:TOTAL,EU27_2020,2016,3254121.50577,i,2026-08-07T23:00:00+0200,https://ec.europa.eu/eurostat/api/dissemination/statistics/1.0/data/env_ac_ainah_r2?geo=BE&geo=BG&geo=CZ&geo=DK&geo=DE&geo=EE&geo=IE&geo=EL&geo=ES&geo=FR&geo=HR&geo=IT&geo=CY&geo=LV&geo=LT&geo=LU&geo=HU&geo=MT&geo=NL&geo=AT&geo=PL&geo=PT&geo=RO&geo=SI&geo=SK&geo=FI&geo=SE&geo=EU27_2020&airpol=GHG&unit=THS_T&nace_r2=TOTAL&nace_r2=TOTAL_HH&sinceTimePeriod=2013,2026-10-06
env_ac_ainah_r2:TOTAL,EU27_2020,2017,3302178.61914,i,2026-08-07T23:00:00+0200,https://ec.europa.eu/eurostat/api/dissemination/statistics/1.0/data/env_ac_ainah_r2?geo=BE&geo=BG&geo=CZ&geo=DK&geo=DE&geo=EE&geo=IE&geo=EL&geo=ES&geo=FR&geo=HR&geo=IT&geo=CY&geo=LV&geo=LT&geo=LU&geo=HU&geo=MT&geo=NL&geo=AT&geo=PL&geo=PT&geo=RO&geo=SI&geo=SK&geo=FI&geo=SE&geo=EU27_2020&airpol=GHG&unit=THS_T&nace_r2=TOTAL&nace_r2=TOTAL_HH&sinceTimePeriod=2013,2026-10-06
env_ac_ainah_r2:TOTAL,EU27_2020,2018,3218928.64735,i,2026-08-07T23:00:00+0200,https://ec.europa.eu/eurostat/api/dissemination/statistics/1.0/data/env_ac_ainah_r2?geo=BE&geo=BG&geo=CZ&geo=DK&geo=DE&geo=EE&geo=IE&geo=EL&geo=ES&geo=FR&geo=HR&geo=IT&geo=CY&geo=LV&geo=LT&geo=LU&geo=HU&geo=MT&geo=NL&geo=AT&geo=PL&geo=PT&geo=RO&geo=SI&geo=SK&geo=FI&geo=SE&geo=EU27_2020&airpol=GHG&unit=THS_T&nace_r2=TOTAL&nace_r2=TOTAL_HH&sinceTimePeriod=2013,2026-10-06
env_ac_ainah_r2:TOTAL,EU27_2020,2019,3072615.98139,i,2026-08-07T23:00:00+0200,https://ec.europa.eu/eurostat/api/dissemination/statistics/1.0/data/env_ac_ainah_r2?geo=BE&geo=BG&geo=CZ&geo=DK&geo=DE&geo=EE&geo=IE&geo=EL&geo=ES&geo=FR&geo=HR&geo=IT&geo=CY&geo=LV&geo=LT&geo=LU&geo=HU&geo=MT&geo=NL&geo=AT&geo=PL&geo=PT&geo=RO&geo=SI&geo=SK&geo=FI&geo=SE&geo=EU27_2020&airpol=GHG&unit=THS_T&nace_r2=TOTAL&nace_r2=TOTAL_HH&sinceTimePeriod=2013,2026-10-06
env_ac_ainah_r2:TOTAL,EU27_2020,2020,2766805.03651,i,2026-08-07T23:00:00+0200,https://ec.europa.eu/eurostat/api/dissemination/statistics/1.0/data/env_ac_ainah_r2?geo=BE&geo=BG&geo=CZ&geo=DK&geo=DE&geo=EE&geo=IE&geo=EL&geo=ES&geo=FR&geo=HR&geo=IT&geo=CY&geo=LV&geo=LT&geo=LU&geo=HU&geo=MT&geo=NL&geo=AT&geo=PL&geo=PT&geo=RO&geo=SI&geo=SK&geo=FI&geo=SE&geo=EU27_2020&airpol=GHG&unit=THS_T&nace_r2=TOTAL&nace_r2=TOTAL_HH&sinceTimePeriod=2013,2026-10-06
env_ac_ainah_r2:TOTAL,EU27_2020,2021,2925261.18204,i,2026-08-07T23:00:00+0200,https://ec.europa.eu/eurostat/api/dissemination/statistics/1.0/data/env_ac_ainah_r2?geo=BE&geo=BG&geo=CZ&geo=DK&geo=DE&geo=EE&geo=IE&geo=EL&geo=ES&geo=FR&geo=HR&geo=IT&geo=CY&geo=LV&geo=LT&geo=LU&geo=HU&geo=MT&geo=NL&geo=AT&geo=PL&geo=PT&geo=RO&geo=SI&geo=SK&geo=FI&geo=SE&geo=EU27_2020&airpol=GHG&unit=THS_T&nace_r2=TOTAL&nace_r2=TOTAL_HH&sinceTimePeriod=2013,2026-10-06
env_ac_ainah_r2:TOTAL,EU27_2020,2022,2895512.14546,i,2026-08-07T23:00:00+0200,https://ec.europa.eu/eurostat/api/dissemination/statistics/1.0/data/env_ac_ainah_r2?geo=BE&geo=BG&geo=CZ&geo=DK&geo=DE&geo=EE&geo=IE&geo=EL&geo=ES&geo=FR&geo=HR&geo=IT&geo=CY&geo=LV&geo=LT&geo=LU&geo=HU&geo=MT&geo=NL&geo=AT&geo=PL&geo=PT&geo=RO&geo=SI&geo=SK&geo=FI&geo=SE&geo=EU27_2020&airpol=GHG&unit=THS_T&nace_r2=TOTAL&nace_r2=TOTAL_HH&sinceTimePeriod=2013,2026-10-06
env_ac_ainah_r2:TOTAL,EU27_2020,2023,2664596.80908,i,2026-08-07T23:00:00+0200,https://ec.europa.eu/eurostat/api/dissemination/statistics/1.0/data/env_ac_ainah_r2?geo=BE&geo=BG&geo=CZ&geo=DK&geo=DE&geo=EE&geo=IE&geo=EL&geo=ES&geo=FR&geo=HR&geo=IT&geo=CY&geo=LV&geo=LT&geo=LU&geo=HU&geo=MT&geo=NL&geo=AT&geo=PL&geo=PT&geo=RO&geo=SI&geo=SK&geo=FI&geo=SE&geo=EU27_2020&airpol=GHG&unit=THS_T&nace_r2=TOTAL&nace_r2=TOTAL_HH&sinceTimePeriod=2013,2026-10-06
env_ac_ainah_r2:TOTAL,EU27_2020,2024,2625704.37328,i,2026-08-07T23:00:00+0200,https://ec.europa.eu/eurostat/api/dissemination/statistics/1.0/data/env_ac_ainah_r2?geo=BE&geo=BG&geo=CZ&geo=DK&geo=DE&geo=EE&geo=IE&geo=EL&geo=ES&geo=FR&geo=HR&geo=IT&geo=CY&geo=LV&geo=LT&geo=LU&geo=HU&geo=MT&geo=NL&geo=AT&geo=PL&geo=PT&geo=RO&geo=SI&geo=SK&geo=FI&geo=SE&geo=EU27_2020&airpol=GHG&unit=THS_T&nace_r2=TOTAL&nace_r2=TOTAL_HH&sinceTimePeriod=2013,2026-10-06
env_ac_ainah_r2:TOTAL,FI,2013,59712.12636,,2026-08-07T23:00:00+0200,https://ec.europa.eu/eurostat/api/dissemination/statistics/1.0/data/env_ac_ainah_r2?geo=BE&geo=BG&geo=CZ&geo=DK&geo=DE&geo=EE&geo=IE&geo=EL&geo=ES&geo=FR&geo=HR&geo=IT&geo=CY&geo=LV&geo=LT&geo=LU&geo=HU&geo=MT&geo=NL&geo=AT&geo=PL&geo=PT&geo=RO&geo=SI&geo=SK&geo=FI&geo=SE&geo=EU27_2020&airpol=GHG&unit=THS_T&nace_r2=TOTAL&nace_r2=TOTAL_HH&sinceTimePeriod=2013,2026-10-06
env_ac_ainah_r2:TOTAL,FI,2014,55392.50008,,2026-08-07T23:00:00+0200,https://ec.europa.eu/eurostat/api/dissemination/statistics/1.0/data/env_ac_ainah_r2?geo=BE&geo=BG&geo=CZ&geo=DK&geo=DE&geo=EE&geo=IE&geo=EL&geo=ES&geo=FR&geo=HR&geo=IT&geo=CY&geo=LV&geo=LT&geo=LU&geo=HU&geo=MT&geo=NL&geo=AT&geo=PL&geo=PT&geo=RO&geo=SI&geo=SK&geo=FI&geo=SE&geo=EU27_2020&airpol=GHG&unit=THS_T&nace_r2=TOTAL&nace_r2=TOTAL_HH&sinceTimePeriod=2013,2026-10-06
env_ac_ainah_r2:TOTAL,FI,2015,52128.50959,,2026-08-07T23:00:00+0200,https://ec.europa.eu/eurostat/api/dissemination/statistics/1.0/data/env_ac_ainah_r2?geo=BE&geo=BG&geo=CZ&geo=DK&geo=DE&geo=EE&geo=IE&geo=EL&geo=ES&geo=FR&geo=HR&geo=IT&geo=CY&geo=LV&geo=LT&geo=LU&geo=HU&geo=MT&geo=NL&geo=AT&geo=PL&geo=PT&geo=RO&geo=SI&geo=SK&geo=FI&geo=SE&geo=EU27_2020&airpol=GHG&unit=THS_T&nace_r2=TOTAL&nace_r2=TOTAL_HH&sinceTimePeriod=2013,2026-10-06
env_ac_ainah_r2:TOTAL,FI,2016,55227.20325,,2026-08-07T23:00:00+0200,https://ec.europa.eu/eurostat/api/dissemination/statistics/1.0/data/env_ac_ainah_r2?geo=BE&geo=BG&geo=CZ&geo=DK&geo=DE&geo=EE&geo=IE&geo=EL&geo=ES&geo=FR&geo=HR&geo=IT&geo=CY&geo=LV&geo=LT&geo=LU&geo=HU&geo=MT&geo=NL&geo=AT&geo=PL&geo=PT&geo=RO&geo=SI&geo=SK&geo=FI&geo=SE&geo=EU27_2020&airpol=GHG&unit=THS_T&nace_r2=TOTAL&nace_r2=TOTAL_HH&sinceTimePeriod=2013,2026-10-06
env_ac_ainah_r2:TOTAL,FI,2017,52236.73561,,2026-08-07T23:00:00+0200,https://ec.europa.eu/eurostat/api/dissemination/statistics/1.0/data/env_ac_ainah_r2?geo=BE&geo=BG&geo=CZ&geo=DK&geo=DE&geo=EE&geo=IE&geo=EL&geo=ES&geo=FR&geo=HR&geo=IT&geo=CY&geo=LV&geo=LT&geo=LU&geo=HU&geo=MT&geo=NL&geo=AT&geo=PL&geo=PT&geo=RO&geo=SI&geo=SK&geo=FI&geo=SE&geo=EU27_2020&airpol=GHG&unit=THS_T&nace_r2=TOTAL&nace_r2=TOTAL_HH&sinceTimePeriod=2013,2026-10-06
env_ac_ainah_r2:TOTAL,FI,2018,53584.53246,,2026-08-07T23:00:00+0200,https://ec.europa.eu/eurostat/api/dissemination/statistics/1.0/data/env_ac_ainah_r2?geo=BE&geo=BG&geo=CZ&geo=DK&geo=DE&geo=EE&geo=IE&geo=EL&geo=ES&geo=FR&geo=HR&geo=IT&geo=CY&geo=LV&geo=LT&geo=LU&geo=HU&geo=MT&geo=NL&geo=AT&geo=PL&geo=PT&geo=RO&geo=SI&geo=SK&geo=FI&geo=SE&geo=EU27_2020&airpol=GHG&unit=THS_T&nace_r2=TOTAL&nace_r2=TOTAL_HH&sinceTimePeriod=2013,2026-10-06
env_ac_ainah_r2:TOTAL,FI,2019,50756.42999,,2026-08-07T23:00:00+0200,https://ec.europa.eu/eurostat/api/dissemination/statistics/1.0/data/env_ac_ainah_r2?geo=BE&geo=BG&geo=CZ&geo=DK&geo=DE&geo=EE&geo=IE&geo=EL&geo=ES&geo=FR&geo=HR&geo=IT&geo=CY&geo=LV&geo=LT&geo=LU&geo=HU&geo=MT&geo=NL&geo=AT&geo=PL&geo=PT&geo=RO&geo=SI&geo=SK&geo=FI&geo=SE&geo=EU27_2020&airpol=GHG&unit=THS_T&nace_r2=TOTAL&nace_r2=TOTAL_HH&sinceTimePeriod=2013,2026-10-06
env_ac_ainah_r2:TOTAL,FI,2020,43658.39844,,2026-08-07T23:00:00+0200,https://ec.europa.eu/eurostat/api/dissemination/statistics/1.0/data/env_ac_ainah_r2?geo=BE&geo=BG&geo=CZ&geo=DK&geo=DE&geo=EE&geo=IE&geo=EL&geo=ES&geo=FR&geo=HR&geo=IT&geo=CY&geo=LV&geo=LT&geo=LU&geo=HU&geo=MT&geo=NL&geo=AT&geo=PL&geo=PT&geo=RO&geo=SI&geo=SK&geo=FI&geo=SE&geo=EU27_2020&airpol=GHG&unit=THS_T&nace_r2=TOTAL&nace_r2=TOTAL_HH&sinceTimePeriod=2013,2026-10-06
env_ac_ainah_r2:TOTAL,FI,2021,43676.12663,,2026-08-07T23:00:00+0200,https://ec.europa.eu/eurostat/api/dissemination/statistics/1.0/data/env_ac_ainah_r2?geo=BE&geo=BG&geo=CZ&geo=DK&geo=DE&geo=EE&geo=IE&geo=EL&geo=ES&geo=FR&geo=HR&geo=IT&geo=CY&geo=LV&geo=LT&geo=LU&geo=HU&geo=MT&geo=NL&geo=AT&geo=PL&geo=PT&geo=RO&geo=SI&geo=SK&geo=FI&geo=SE&geo=EU27_2020&airpol=GHG&unit=THS_T&nace_r2=TOTAL&nace_r2=TOTAL_HH&sinceTimePeriod=2013,2026-10-06
env_ac_ainah_r2:TOTAL,FI,2022,42953.76374,,2026-08-07T23:00:00+0200,https://ec.europa.eu/eurostat/api/dissemination/statistics/1.0/data/env_ac_ainah_r2?geo=BE&geo=BG&geo=CZ&geo=DK&geo=DE&geo=EE&geo=IE&geo=EL&geo=ES&geo=FR&geo=HR&geo=IT&geo=CY&geo=LV&geo=LT&geo=LU&geo=HU&geo=MT&geo=NL&geo=AT&geo=PL&geo=PT&geo=RO&geo=SI&geo=SK&geo=FI&geo=SE&geo=EU27_2020&airpol=GHG&unit=THS_T&nace_r2=TOTAL&nace_r2=TOTAL_HH&sinceTimePeriod=2013,2026-10-06
env_ac_ainah_r2:TOTAL,FI,2023,39411.84649,,2026-08-07T23:00:00+0200,https://ec.europa.eu/eurostat/api/dissemination/statistics/1.0/data/env_ac_ainah_r2?geo=BE&geo=BG&geo=CZ&geo=DK&geo=DE&geo=EE&geo=IE&geo=EL&geo=ES&geo=FR&geo=HR&geo=IT&geo=CY&geo=LV&geo=LT&geo=LU&geo=HU&geo=MT&geo=NL&geo=AT&geo=PL&geo=PT&geo=RO&geo=SI&geo=SK&geo=FI&geo=SE&geo=EU27_2020&airpol=GHG&unit=THS_T&nace_r2=TOTAL&nace_r2=TOTAL_HH&sinceTimePeriod=2013,2026-10-06
env_ac_ainah_r2:TOTAL,FI,2024,37076.23342,i,2026-08-07T23:00:00+0200,https://ec.europa.eu/eurostat/api/dissemination/statistics/1.0/data/env_ac_ainah_r2?geo=BE&geo=BG&geo=CZ&geo=DK&geo=DE&geo=EE&geo=IE&geo=EL&geo=ES&geo=FR&geo=HR&geo=IT&geo=CY&geo=LV&geo=LT&geo=LU&geo=HU&geo=MT&geo=NL&geo=AT&geo=PL&geo=PT&geo=RO&geo=SI&geo=SK&geo=FI&geo=SE&geo=EU27_2020&airpol=GHG&unit=THS_T&nace_r2=TOTAL&nace_r2=TOTAL_HH&sinceTimePeriod=2013,2026-10-06
env_ac_ainah_r2:TOTAL,FR,2013,385391.04017,,2026-08-07T23:00:00+0200,https://ec.europa.eu/eurostat/api/dissemination/statistics/1.0/data/env_ac_ainah_r2?geo=BE&geo=BG&geo=CZ&geo=DK&geo=DE&geo=EE&geo=IE&geo=EL&geo=ES&geo=FR&geo=HR&geo=IT&geo=CY&geo=LV&geo=LT&geo=LU&geo=HU&geo=MT&geo=NL&geo=AT&geo=PL&geo=PT&geo=RO&geo=SI&geo=SK&geo=FI&geo=SE&geo=EU27_2020&airpol=GHG&unit=THS_T&nace_r2=TOTAL&nace_r2=TOTAL_HH&sinceTimePeriod=2013,2026-10-06
env_ac_ainah_r2:TOTAL,FR,2014,364411.97721,,2026-08-07T23:00:00+0200,https://ec.europa.eu/eurostat/api/dissemination/statistics/1.0/data/env_ac_ainah_r2?geo=BE&geo=BG&geo=CZ&geo=DK&geo=DE&geo=EE&geo=IE&geo=EL&geo=ES&geo=FR&geo=HR&geo=IT&geo=CY&geo=LV&geo=LT&geo=LU&geo=HU&geo=MT&geo=NL&geo=AT&geo=PL&geo=PT&geo=RO&geo=SI&geo=SK&geo=FI&geo=SE&geo=EU27_2020&airpol=GHG&unit=THS_T&nace_r2=TOTAL&nace_r2=TOTAL_HH&sinceTimePeriod=2013,2026-10-06
env_ac_ainah_r2:TOTAL,FR,2015,363382.41502,,2026-08-07T23:00:00+0200,https://ec.europa.eu/eurostat/api/dissemination/statistics/1.0/data/env_ac_ainah_r2?geo=BE&geo=BG&geo=CZ&geo=DK&geo=DE&geo=EE&geo=IE&geo=EL&geo=ES&geo=FR&geo=HR&geo=IT&geo=CY&geo=LV&geo=LT&geo=LU&geo=HU&geo=MT&geo=NL&geo=AT&geo=PL&geo=PT&geo=RO&geo=SI&geo=SK&geo=FI&geo=SE&geo=EU27_2020&airpol=GHG&unit=THS_T&nace_r2=TOTAL&nace_r2=TOTAL_HH&sinceTimePeriod=2013,2026-10-06
env_ac_ainah_r2:TOTAL,FR,2016,360901.66697,,2026-08-07T23:00:00+0200,https://ec.europa.eu/eurostat/api/dissemination/statistics/1.0/data/env_ac_ainah_r2?geo=BE&geo=BG&geo=CZ&geo=DK&geo=DE&geo=EE&geo=IE&geo=EL&geo=ES&geo=FR&geo=HR&geo=IT&geo=CY&geo=LV&geo=LT&geo=LU&geo=HU&geo=MT&geo=NL&geo=AT&geo=PL&geo=PT&geo=RO&geo=SI&geo=SK&geo=FI&geo=SE&geo=EU27_2020&airpol=GHG&unit=THS_T&nace_r2=TOTAL&nace_r2=TOTAL_HH&sinceTimePeriod=2013,2026-10-06
env_ac_ainah_r2:TOTAL,FR,2017,371780.98849,,2026-08-07T23:00:00+0200,https://ec.europa.eu/eurostat/api/dissemination/statistics/1.0/data/env_ac_ainah_r2?geo=BE&geo=BG&geo=CZ&geo=DK&geo=DE&geo=EE&geo=IE&geo=EL&geo=ES&geo=FR&geo=HR&geo=IT&geo=CY&geo=LV&geo=LT&geo=LU&geo=HU&geo=MT&geo=NL&geo=AT&geo=PL&geo=PT&geo=RO&geo=SI&geo=SK&geo=FI&geo=SE&geo=EU27_2020&airpol=GHG&unit=THS_T&nace_r2=TOTAL&nace_r2=TOTAL_HH&sinceTimePeriod=2013,2026-10-06
env_ac_ainah_r2:TOTAL,FR,2018,360399.10964,,2026-08-07T23:00:00+0200,https://ec.europa.eu/eurostat/api/dissemination/statistics/1.0/data/env_ac_ainah_r2?geo=BE&geo=BG&geo=CZ&geo=DK&geo=DE&geo=EE&geo=IE&geo=EL&geo=ES&geo=FR&geo=HR&geo=IT&geo=CY&geo=LV&geo=LT&geo=LU&geo=HU&geo=MT&geo=NL&geo=AT&geo=PL&geo=PT&geo=RO&geo=SI&geo=SK&geo=FI&geo=SE&geo=EU27_2020&airpol=GHG&unit=THS_T&nace_r2=TOTAL&nace_r2=TOTAL_HH&sinceTimePeriod=2013,2026-10-06
env_ac_ainah_r2:TOTAL,FR,2019,352091.2393,,2026-08-07T23:00:00+0200,https://ec.europa.eu/eurostat/api/dissemination/statistics/1.0/data/env_ac_ainah_r2?geo=BE&geo=BG&geo=CZ&geo=DK&geo=DE&geo=EE&geo=IE&geo=EL&geo=ES&geo=FR&geo=HR&geo=IT&geo=CY&geo=LV&geo=LT&geo=LU&geo=HU&geo=MT&geo=NL&geo=AT&geo=PL&geo=PT&geo=RO&geo=SI&geo=SK&geo=FI&geo=SE&geo=EU27_2020&airpol=GHG&unit=THS_T&nace_r2=TOTAL&nace_r2=TOTAL_HH&sinceTimePeriod=2013,2026-10-06
env_ac_ainah_r2:TOTAL,FR,2020,318501.23263,,2026-08-07T23:00:00+0200,https://ec.europa.eu/eurostat/api/dissemination/statistics/1.0/data/env_ac_ainah_r2?geo=BE&geo=BG&geo=CZ&geo=DK&geo=DE&geo=EE&geo=IE&geo=EL&geo=ES&geo=FR&geo=HR&geo=IT&geo=CY&geo=LV&geo=LT&geo=LU&geo=HU&geo=MT&geo=NL&geo=AT&geo=PL&geo=PT&geo=RO&geo=SI&geo=SK&geo=FI&geo=SE&geo=EU27_2020&airpol=GHG&unit=THS_T&nace_r2=TOTAL&nace_r2=TOTAL_HH&sinceTimePeriod=2013,2026-10-06
env_ac_ainah_r2:TOTAL,FR,2021,334083.31776,,2026-08-07T23:00:00+0200,https://ec.europa.eu/eurostat/api/dissemination/statistics/1.0/data/env_ac_ainah_r2?geo=BE&geo=BG&geo=CZ&geo=DK&geo=DE&geo=EE&geo=IE&geo=EL&geo=ES&geo=FR&geo=HR&geo=IT&geo=CY&geo=LV&geo=LT&geo=LU&geo=HU&geo=MT&geo=NL&geo=AT&geo=PL&geo=PT&geo=RO&geo=SI&geo=SK&geo=FI&geo=SE&geo=EU27_2020&airpol=GHG&unit=THS_T&nace_r2=TOTAL&nace_r2=TOTAL_HH&sinceTimePeriod=2013,2026-10-06
env_ac_ainah_r2:TOTAL,FR,2022,327995.26339,,2026-08-07T23:00:00+0200,https://ec.europa.eu/eurostat/api/dissemination/statistics/1.0/data/env_ac_ainah_r2?geo=BE&geo=BG&geo=CZ&geo=DK&geo=DE&geo=EE&geo=IE&geo=EL&geo=ES&geo=FR&geo=HR&geo=IT&geo=CY&geo=LV&geo=LT&geo=LU&geo=HU&geo=MT&geo=NL&geo=AT&geo=PL&geo=PT&geo=RO&geo=SI&geo=SK&geo=FI&geo=SE&geo=EU27_2020&airpol=GHG&unit=THS_T&nace_r2=TOTAL&nace_r2=TOTAL_HH&sinceTimePeriod=2013,2026-10-06
env_ac_ainah_r2:TOTAL,FR,2023,308243.91928,,2026-08-07T23:00:00+0200,https://ec.europa.eu/eurostat/api/dissemination/statistics/1.0/data/env_ac_ainah_r2?geo=BE&geo=BG&geo=CZ&geo=DK&geo=DE&geo=EE&geo=IE&geo=EL&geo=ES&geo=FR&geo=HR&geo=IT&geo=CY&geo=LV&geo=LT&geo=LU&geo=HU&geo=MT&geo=NL&geo=AT&geo=PL&geo=PT&geo=RO&geo=SI&geo=SK&geo=FI&geo=SE&geo=EU27_2020&airpol=GHG&unit=THS_T&nace_r2=TOTAL&nace_r2=TOTAL_HH&sinceTimePeriod=2013,2026-10-06
env_ac_ainah_r2:TOTAL,FR,2024,304994.90689,,2026-08-07T23:00:00+0200,https://ec.europa.eu/eurostat/api/dissemination/statistics/1.0/data/env_ac_ainah_r2?geo=BE&geo=BG&geo=CZ&geo=DK&geo=DE&geo=EE&geo=IE&geo=EL&geo=ES&geo=FR&geo=HR&geo=IT&geo=CY&geo=LV&geo=LT&geo=LU&geo=HU&geo=MT&geo=NL&geo=AT&geo=PL&geo=PT&geo=RO&geo=SI&geo=SK&geo=FI&geo=SE&geo=EU27_2020&airpol=GHG&unit=THS_T&nace_r2=TOTAL&nace_r2=TOTAL_HH&sinceTimePeriod=2013,2026-10-06
env_ac_ainah_r2:TOTAL,HR,2013,19727.68868,,2026-08-07T23:00:00+0200,https://ec.europa.eu/eurostat/api/dissemination/statistics/1.0/data/env_ac_ainah_r2?geo=BE&geo=BG&geo=CZ&geo=DK&geo=DE&geo=EE&geo=IE&geo=EL&geo=ES&geo=FR&geo=HR&geo=IT&geo=CY&geo=LV&geo=LT&geo=LU&geo=HU&geo=MT&geo=NL&geo=AT&geo=PL&geo=PT&geo=RO&geo=SI&geo=SK&geo=FI&geo=SE&geo=EU27_2020&airpol=GHG&unit=THS_T&nace_r2=TOTAL&nace_r2=TOTAL_HH&sinceTimePeriod=2013,2026-10-06
env_ac_ainah_r2:TOTAL,HR,2014,19116.31036,,2026-08-07T23:00:00+0200,https://ec.europa.eu/eurostat/api/dissemination/statistics/1.0/data/env_ac_ainah_r2?geo=BE&geo=BG&geo=CZ&geo=DK&geo=DE&geo=EE&geo=IE&geo=EL&geo=ES&geo=FR&geo=HR&geo=IT&geo=CY&geo=LV&geo=LT&geo=LU&geo=HU&geo=MT&geo=NL&geo=AT&geo=PL&geo=PT&geo=RO&geo=SI&geo=SK&geo=FI&geo=SE&geo=EU27_2020&airpol=GHG&unit=THS_T&nace_r2=TOTAL&nace_r2=TOTAL_HH&sinceTimePeriod=2013,2026-10-06
env_ac_ainah_r2:TOTAL,HR,2015,19198.35506,,2026-08-07T23:00:00+0200,https://ec.europa.eu/eurostat/api/dissemination/statistics/1.0/data/env_ac_ainah_r2?geo=BE&geo=BG&geo=CZ&geo=DK&geo=DE&geo=EE&geo=IE&geo=EL&geo=ES&geo=FR&geo=HR&geo=IT&geo=CY&geo=LV&geo=LT&geo=LU&geo=HU&geo=MT&geo=NL&geo=AT&geo=PL&geo=PT&geo=RO&geo=SI&geo=SK&geo=FI&geo=SE&geo=EU27_2020&airpol=GHG&unit=THS_T&nace_r2=TOTAL&nace_r2=TOTAL_HH&sinceTimePeriod=2013,2026-10-06
env_ac_ainah_r2:TOTAL,HR,2016,19108.03399,,2026-08-07T23:00:00+0200,https://ec.europa.eu/eurostat/api/dissemination/statistics/1.0/data/env_ac_ainah_r2?geo=BE&geo=BG&geo=CZ&geo=DK&geo=DE&geo=EE&geo=IE&geo=EL&geo=ES&geo=FR&geo=HR&geo=IT&geo=CY&geo=LV&geo=LT&geo=LU&geo=HU&geo=MT&geo=NL&geo=AT&geo=PL&geo=PT&geo=RO&geo=SI&geo=SK&geo=FI&geo=SE&geo=EU27_2020&airpol=GHG&unit=THS_T&nace_r2=TOTAL&nace_r2=TOTAL_HH&sinceTimePeriod=2013,2026-10-06
env_ac_ainah_r2:TOTAL,HR,2017,19910.47313,,2026-08-07T23:00:00+0200,https://ec.europa.eu/eurostat/api/dissemination/statistics/1.0/data/env_ac_ainah_r2?geo=BE&geo=BG&geo=CZ&geo=DK&geo=DE&geo=EE&geo=IE&geo=EL&geo=ES&geo=FR&geo=HR&geo=IT&geo=CY&geo=LV&geo=LT&geo=LU&geo=HU&geo=MT&geo=NL&geo=AT&geo=PL&geo=PT&geo=RO&geo=SI&geo=SK&geo=FI&geo=SE&geo=EU27_2020&airpol=GHG&unit=THS_T&nace_r2=TOTAL&nace_r2=TOTAL_HH&sinceTimePeriod=2013,2026-10-06
env_ac_ainah_r2:TOTAL,HR,2018,18786.377,,2026-08-07T23:00:00+0200,https://ec.europa.eu/eurostat/api/dissemination/statistics/1.0/data/env_ac_ainah_r2?geo=BE&geo=BG&geo=CZ&geo=DK&geo=DE&geo=EE&geo=IE&geo=EL&geo=ES&geo=FR&geo=HR&geo=IT&geo=CY&geo=LV&geo=LT&geo=LU&geo=HU&geo=MT&geo=NL&geo=AT&geo=PL&geo=PT&geo=RO&geo=SI&geo=SK&geo=FI&geo=SE&geo=EU27_2020&airpol=GHG&unit=THS_T&nace_r2=TOTAL&nace_r2=TOTAL_HH&sinceTimePeriod=2013,2026-10-06
env_ac_ainah_r2:TOTAL,HR,2019,18969.01295,,2026-08-07T23:00:00+0200,https://ec.europa.eu/eurostat/api/dissemination/statistics/1.0/data/env_ac_ainah_r2?geo=BE&geo=BG&geo=CZ&geo=DK&geo=DE&geo=EE&geo=IE&geo=EL&geo=ES&geo=FR&geo=HR&geo=IT&geo=CY&geo=LV&geo=LT&geo=LU&geo=HU&geo=MT&geo=NL&geo=AT&geo=PL&geo=PT&geo=RO&geo=SI&geo=SK&geo=FI&geo=SE&geo=EU27_2020&airpol=GHG&unit=THS_T&nace_r2=TOTAL&nace_r2=TOTAL_HH&sinceTimePeriod=2013,2026-10-06
env_ac_ainah_r2:TOTAL,HR,2020,18214.61999,,2026-08-07T23:00:00+0200,https://ec.europa.eu/eurostat/api/dissemination/statistics/1.0/data/env_ac_ainah_r2?geo=BE&geo=BG&geo=CZ&geo=DK&geo=DE&geo=EE&geo=IE&geo=EL&geo=ES&geo=FR&geo=HR&geo=IT&geo=CY&geo=LV&geo=LT&geo=LU&geo=HU&geo=MT&geo=NL&geo=AT&geo=PL&geo=PT&geo=RO&geo=SI&geo=SK&geo=FI&geo=SE&geo=EU27_2020&airpol=GHG&unit=THS_T&nace_r2=TOTAL&nace_r2=TOTAL_HH&sinceTimePeriod=2013,2026-10-06
env_ac_ainah_r2:TOTAL,HR,2021,18361.71821,,2026-08-07T23:00:00+0200,https://ec.europa.eu/eurostat/api/dissemination/statistics/1.0/data/env_ac_ainah_r2?geo=BE&geo=BG&geo=CZ&geo=DK&geo=DE&geo=EE&geo=IE&geo=EL&geo=ES&geo=FR&geo=HR&geo=IT&geo=CY&geo=LV&geo=LT&geo=LU&geo=HU&geo=MT&geo=NL&geo=AT&geo=PL&geo=PT&geo=RO&geo=SI&geo=SK&geo=FI&geo=SE&geo=EU27_2020&airpol=GHG&unit=THS_T&nace_r2=TOTAL&nace_r2=TOTAL_HH&sinceTimePeriod=2013,2026-10-06
env_ac_ainah_r2:TOTAL,HR,2022,18358.68988,,2026-08-07T23:00:00+0200,https://ec.europa.eu/eurostat/api/dissemination/statistics/1.0/data/env_ac_ainah_r2?geo=BE&geo=BG&geo=CZ&geo=DK&geo=DE&geo=EE&geo=IE&geo=EL&geo=ES&geo=FR&geo=HR&geo=IT&geo=CY&geo=LV&geo=LT&geo=LU&geo=HU&geo=MT&geo=NL&geo=AT&geo=PL&geo=PT&geo=RO&geo=SI&geo=SK&geo=FI&geo=SE&geo=EU27_2020&airpol=GHG&unit=THS_T&nace_r2=TOTAL&nace_r2=TOTAL_HH&sinceTimePeriod=2013,2026-10-06
env_ac_ainah_r2:TOTAL,HR,2023,18854.43167,,2026-08-07T23:00:00+0200,https://ec.europa.eu/eurostat/api/dissemination/statistics/1.0/data/env_ac_ainah_r2?geo=BE&geo=BG&geo=CZ&geo=DK&geo=DE&geo=EE&geo=IE&geo=EL&geo=ES&geo=FR&geo=HR&geo=IT&geo=CY&geo=LV&geo=LT&geo=LU&geo=HU&geo=MT&geo=NL&geo=AT&geo=PL&geo=PT&geo=RO&geo=SI&geo=SK&geo=FI&geo=SE&geo=EU27_2020&airpol=GHG&unit=THS_T&nace_r2=TOTAL&nace_r2=TOTAL_HH&sinceTimePeriod=2013,2026-10-06
env_ac_ainah_r2:TOTAL,HR,2024,17749.16966,i,2026-08-07T23:00:00+0200,https://ec.europa.eu/eurostat/api/dissemination/statistics/1.0/data/env_ac_ainah_r2?geo=BE&geo=BG&geo=CZ&geo=DK&geo=DE&geo=EE&geo=IE&geo=EL&geo=ES&geo=FR&geo=HR&geo=IT&geo=CY&geo=LV&geo=LT&geo=LU&geo=HU&geo=MT&geo=NL&geo=AT&geo=PL&geo=PT&geo=RO&geo=SI&geo=SK&geo=FI&geo=SE&geo=EU27_2020&airpol=GHG&unit=THS_T&nace_r2=TOTAL&nace_r2=TOTAL_HH&sinceTimePeriod=2013,2026-10-06
env_ac_ainah_r2:TOTAL,HU,2013,50083.93909,,2026-08-07T23:00:00+0200,https://ec.europa.eu/eurostat/api/dissemination/statistics/1.0/data/env_ac_ainah_r2?geo=BE&geo=BG&geo=CZ&geo=DK&geo=DE&geo=EE&geo=IE&geo=EL&geo=ES&geo=FR&geo=HR&geo=IT&geo=CY&geo=LV&geo=LT&geo=LU&geo=HU&geo=MT&geo=NL&geo=AT&geo=PL&geo=PT&geo=RO&geo=SI&geo=SK&geo=FI&geo=SE&geo=EU27_2020&airpol=GHG&unit=THS_T&nace_r2=TOTAL&nace_r2=TOTAL_HH&sinceTimePeriod=2013,2026-10-06
env_ac_ainah_r2:TOTAL,HU,2014,51077.332,,2026-08-07T23:00:00+0200,https://ec.europa.eu/eurostat/api/dissemination/statistics/1.0/data/env_ac_ainah_r2?geo=BE&geo=BG&geo=CZ&geo=DK&geo=DE&geo=EE&geo=IE&geo=EL&geo=ES&geo=FR&geo=HR&geo=IT&geo=CY&geo=LV&geo=LT&geo=LU&geo=HU&geo=MT&geo=NL&geo=AT&geo=PL&geo=PT&geo=RO&geo=SI&geo=SK&geo=FI&geo=SE&geo=EU27_2020&airpol=GHG&unit=THS_T&nace_r2=TOTAL&nace_r2=TOTAL_HH&sinceTimePeriod=2013,2026-10-06
env_ac_ainah_r2:TOTAL,HU,2015,53205.96625,,2026-08-07T23:00:00+0200,https://ec.europa.eu/eurostat/api/dissemination/statistics/1.0/data/env_ac_ainah_r2?geo=BE&geo=BG&geo=CZ&geo=DK&geo=DE&geo=EE&geo=IE&geo=EL&geo=ES&geo=FR&geo=HR&geo=IT&geo=CY&geo=LV&geo=LT&geo=LU&geo=HU&geo=MT&geo=NL&geo=AT&geo=PL&geo=PT&geo=RO&geo=SI&geo=SK&geo=FI&geo=SE&geo=EU27_2020&airpol=GHG&unit=THS_T&nace_r2=TOTAL&nace_r2=TOTAL_HH&sinceTimePeriod=2013,2026-10-06
env_ac_ainah_r2:TOTAL,HU,2016,53021.95739,,2026-08-07T23:00:00+0200,https://ec.europa.eu/eurostat/api/dissemination/statistics/1.0/data/env_ac_ainah_r2?geo=BE&geo=BG&geo=CZ&geo=DK&geo=DE&geo=EE&geo=IE&geo=EL&geo=ES&geo=FR&geo=HR&geo=IT&geo=CY&geo=LV&geo=LT&geo=LU&geo=HU&geo=MT&geo=NL&geo=AT&geo=PL&geo=PT&geo=RO&geo=SI&geo=SK&geo=FI&geo=SE&geo=EU27_2020&airpol=GHG&unit=THS_T&nace_r2=TOTAL&nace_r2=TOTAL_HH&sinceTimePeriod=2013,2026-10-06
env_ac_ainah_r2:TOTAL,HU,2017,54886.10258,,2026-08-07T23:00:00+0200,https://ec.europa.eu/eurostat/api/dissemination/statistics/1.0/data/env_ac_ainah_r2?geo=BE&geo=BG&geo=CZ&geo=DK&geo=DE&geo=EE&geo=IE&geo=EL&geo=ES&geo=FR&geo=HR&geo=IT&geo=CY&geo=LV&geo=LT&geo=LU&geo=HU&geo=MT&geo=NL&geo=AT&geo=PL&geo=PT&geo=RO&geo=SI&geo=SK&geo=FI&geo=SE&geo=EU27_2020&airpol=GHG&unit=THS_T&nace_r2=TOTAL&nace_r2=TOTAL_HH&sinceTimePeriod=2013,2026-10-06
env_ac_ainah_r2:TOTAL,HU,2018,55369.12002,,2026-08-07T23:00:00+0200,https://ec.europa.eu/eurostat/api/dissemination/statistics/1.0/data/env_ac_ainah_r2?geo=BE&geo=BG&geo=CZ&geo=DK&geo=DE&geo=EE&geo=IE&geo=EL&geo=ES&geo=FR&geo=HR&geo=IT&geo=CY&geo=LV&geo=LT&geo=LU&geo=HU&geo=MT&geo=NL&geo=AT&geo=PL&geo=PT&geo=RO&geo=SI&geo=SK&geo=FI&geo=SE&geo=EU27_2020&airpol=GHG&unit=THS_T&nace_r2=TOTAL&nace_r2=TOTAL_HH&sinceTimePeriod=2013,2026-10-06
env_ac_ainah_r2:TOTAL,HU,2019,53967.86153,,2026-08-07T23:00:00+0200,https://ec.europa.eu/eurostat/api/dissemination/statistics/1.0/data/env_ac_ainah_r2?geo=BE&geo=BG&geo=CZ&geo=DK&geo=DE&geo=EE&geo=IE&geo=EL&geo=ES&geo=FR&geo=HR&geo=IT&geo=CY&geo=LV&geo=LT&geo=LU&geo=HU&geo=MT&geo=NL&geo=AT&geo=PL&geo=PT&geo=RO&geo=SI&geo=SK&geo=FI&geo=SE&geo=EU27_2020&airpol=GHG&unit=THS_T&nace_r2=TOTAL&nace_r2=TOTAL_HH&sinceTimePeriod=2013,2026-10-06
env_ac_ainah_r2:TOTAL,HU,2020,50845.03345,,2026-08-07T23:00:00+0200,https://ec.europa.eu/eurostat/api/dissemination/statistics/1.0/data/env_ac_ainah_r2?geo=BE&geo=BG&geo=CZ&geo=DK&geo=DE&geo=EE&geo=IE&geo=EL&geo=ES&geo=FR&geo=HR&geo=IT&geo=CY&geo=LV&geo=LT&geo=LU&geo=HU&geo=MT&geo=NL&geo=AT&geo=PL&geo=PT&geo=RO&geo=SI&geo=SK&geo=FI&geo=SE&geo=EU27_2020&airpol=GHG&unit=THS_T&nace_r2=TOTAL&nace_r2=TOTAL_HH&sinceTimePeriod=2013,2026-10-06
env_ac_ainah_r2:TOTAL,HU,2021,51301.95859,,2026-08-07T23:00:00+0200,https://ec.europa.eu/eurostat/api/dissemination/statistics/1.0/data/env_ac_ainah_r2?geo=BE&geo=BG&geo=CZ&geo=DK&geo=DE&geo=EE&geo=IE&geo=EL&geo=ES&geo=FR&geo=HR&geo=IT&geo=CY&geo=LV&geo=LT&geo=LU&geo=HU&geo=MT&geo=NL&geo=AT&geo=PL&geo=PT&geo=RO&geo=SI&geo=SK&geo=FI&geo=SE&geo=EU27_2020&airpol=GHG&unit=THS_T&nace_r2=TOTAL&nace_r2=TOTAL_HH&sinceTimePeriod=2013,2026-10-06
env_ac_ainah_r2:TOTAL,HU,2022,49706.93322,,2026-08-07T23:00:00+0200,https://ec.europa.eu/eurostat/api/dissemination/statistics/1.0/data/env_ac_ainah_r2?geo=BE&geo=BG&geo=CZ&geo=DK&geo=DE&geo=EE&geo=IE&geo=EL&geo=ES&geo=FR&geo=HR&geo=IT&geo=CY&geo=LV&geo=LT&geo=LU&geo=HU&geo=MT&geo=NL&geo=AT&geo=PL&geo=PT&geo=RO&geo=SI&geo=SK&geo=FI&geo=SE&geo=EU27_2020&airpol=GHG&unit=THS_T&nace_r2=TOTAL&nace_r2=TOTAL_HH&sinceTimePeriod=2013,2026-10-06
env_ac_ainah_r2:TOTAL,HU,2023,44809.42421,,2026-08-07T23:00:00+0200,https://ec.europa.eu/eurostat/api/dissemination/statistics/1.0/data/env_ac_ainah_r2?geo=BE&geo=BG&geo=CZ&geo=DK&geo=DE&geo=EE&geo=IE&geo=EL&geo=ES&geo=FR&geo=HR&geo=IT&geo=CY&geo=LV&geo=LT&geo=LU&geo=HU&geo=MT&geo=NL&geo=AT&geo=PL&geo=PT&geo=RO&geo=SI&geo=SK&geo=FI&geo=SE&geo=EU27_2020&airpol=GHG&unit=THS_T&nace_r2=TOTAL&nace_r2=TOTAL_HH&sinceTimePeriod=2013,2026-10-06
env_ac_ainah_r2:TOTAL,HU,2024,46074.39273,i,2026-08-07T23:00:00+0200,https://ec.europa.eu/eurostat/api/dissemination/statistics/1.0/data/env_ac_ainah_r2?geo=BE&geo=BG&geo=CZ&geo=DK&geo=DE&geo=EE&geo=IE&geo=EL&geo=ES&geo=FR&geo=HR&geo=IT&geo=CY&geo=LV&geo=LT&geo=LU&geo=HU&geo=MT&geo=NL&geo=AT&geo=PL&geo=PT&geo=RO&geo=SI&geo=SK&geo=FI&geo=SE&geo=EU27_2020&airpol=GHG&unit=THS_T&nace_r2=TOTAL&nace_r2=TOTAL_HH&sinceTimePeriod=2013,2026-10-06
env_ac_ainah_r2:TOTAL,IE,2013,53490.46093,,2026-08-07T23:00:00+0200,https://ec.europa.eu/eurostat/api/dissemination/statistics/1.0/data/env_ac_ainah_r2?geo=BE&geo=BG&geo=CZ&geo=DK&geo=DE&geo=EE&geo=IE&geo=EL&geo=ES&geo=FR&geo=HR&geo=IT&geo=CY&geo=LV&geo=LT&geo=LU&geo=HU&geo=MT&geo=NL&geo=AT&geo=PL&geo=PT&geo=RO&geo=SI&geo=SK&geo=FI&geo=SE&geo=EU27_2020&airpol=GHG&unit=THS_T&nace_r2=TOTAL&nace_r2=TOTAL_HH&sinceTimePeriod=2013,2026-10-06
env_ac_ainah_r2:TOTAL,IE,2014,57357.85627,,2026-08-07T23:00:00+0200,https://ec.europa.eu/eurostat/api/dissemination/statistics/1.0/data/env_ac_ainah_r2?geo=BE&geo=BG&geo=CZ&geo=DK&geo=DE&geo=EE&geo=IE&geo=EL&geo=ES&geo=FR&geo=HR&geo=IT&geo=CY&geo=LV&geo=LT&geo=LU&geo=HU&geo=MT&geo=NL&geo=AT&geo=PL&geo=PT&geo=RO&geo=SI&geo=SK&geo=FI&geo=SE&geo=EU27_2020&airpol=GHG&unit=THS_T&nace_r2=TOTAL&nace_r2=TOTAL_HH&sinceTimePeriod=2013,2026-10-06
env_ac_ainah_r2:TOTAL,IE,2015,59631.71467,,2026-08-07T23:00:00+0200,https://ec.europa.eu/eurostat/api/dissemination/statistics/1.0/data/env_ac_ainah_r2?geo=BE&geo=BG&geo=CZ&geo=DK&geo=DE&geo=EE&geo=IE&geo=EL&geo=ES&geo=FR&geo=HR&geo=IT&geo=CY&geo=LV&geo=LT&geo=LU&geo=HU&geo=MT&geo=NL&geo=AT&geo=PL&geo=PT&geo=RO&geo=SI&geo=SK&geo=FI&geo=SE&geo=EU27_2020&airpol=GHG&unit=THS_T&nace_r2=TOTAL&nace_r2=TOTAL_HH&sinceTimePeriod=2013,2026-10-06
env_ac_ainah_r2:TOTAL,IE,2016,64093.26908,,2026-08-07T23:00:00+0200,https://ec.europa.eu/eurostat/api/dissemination/statistics/1.0/data/env_ac_ainah_r2?geo=BE&geo=BG&geo=CZ&geo=DK&geo=DE&geo=EE&geo=IE&geo=EL&geo=ES&geo=FR&geo=HR&geo=IT&geo=CY&geo=LV&geo=LT&geo=LU&geo=HU&geo=MT&geo=NL&geo=AT&geo=PL&geo=PT&geo=RO&geo=SI&geo=SK&geo=FI&geo=SE&geo=EU27_2020&airpol=GHG&unit=THS_T&nace_r2=TOTAL&nace_r2=TOTAL_HH&sinceTimePeriod=2013,2026-10-06
env_ac_ainah_r2:TOTAL,IE,2017,66479.92181,,2026-08-07T23:00:00+0200,https://ec.europa.eu/eurostat/api/dissemination/statistics/1.0/data/env_ac_ainah_r2?geo=BE&geo=BG&geo=CZ&geo=DK&geo=DE&geo=EE&geo=IE&geo=EL&geo=ES&geo=FR&geo=HR&geo=IT&geo=CY&geo=LV&geo=LT&geo=LU&geo=HU&geo=MT&geo=NL&geo=AT&geo=PL&geo=PT&geo=RO&geo=SI&geo=SK&geo=FI&geo=SE&geo=EU27_2020&airpol=GHG&unit=THS_T&nace_r2=TOTAL&nace_r2=TOTAL_HH&sinceTimePeriod=2013,2026-10-06
env_ac_ainah_r2:TOTAL,IE,2018,67004.69297,,2026-08-07T23:00:00+0200,https://ec.europa.eu/eurostat/api/dissemination/statistics/1.0/data/env_ac_ainah_r2?geo=BE&geo=BG&geo=CZ&geo=DK&geo=DE&geo=EE&geo=IE&geo=EL&geo=ES&geo=FR&geo=HR&geo=IT&geo=CY&geo=LV&geo=LT&geo=LU&geo=HU&geo=MT&geo=NL&geo=AT&geo=PL&geo=PT&geo=RO&geo=SI&geo=SK&geo=FI&geo=SE&geo=EU27_2020&airpol=GHG&unit=THS_T&nace_r2=TOTAL&nace_r2=TOTAL_HH&sinceTimePeriod=2013,2026-10-06
env_ac_ainah_r2:TOTAL,IE,2019,65782.72902,,2026-08-07T23:00:00+0200,https://ec.europa.eu/eurostat/api/dissemination/statistics/1.0/data/env_ac_ainah_r2?geo=BE&geo=BG&geo=CZ&geo=DK&geo=DE&geo=EE&geo=IE&geo=EL&geo=ES&geo=FR&geo=HR&geo=IT&geo=CY&geo=LV&geo=LT&geo=LU&geo=HU&geo=MT&geo=NL&geo=AT&geo=PL&geo=PT&geo=RO&geo=SI&geo=SK&geo=FI&geo=SE&geo=EU27_2020&airpol=GHG&unit=THS_T&nace_r2=TOTAL&nace_r2=TOTAL_HH&sinceTimePeriod=2013,2026-10-06
env_ac_ainah_r2:TOTAL,IE,2020,53002.39855,,2026-08-07T23:00:00+0200,https://ec.europa.eu/eurostat/api/dissemination/statistics/1.0/data/env_ac_ainah_r2?geo=BE&geo=BG&geo=CZ&geo=DK&geo=DE&geo=EE&geo=IE&geo=EL&geo=ES&geo=FR&geo=HR&geo=IT&geo=CY&geo=LV&geo=LT&geo=LU&geo=HU&geo=MT&geo=NL&geo=AT&geo=PL&geo=PT&geo=RO&geo=SI&geo=SK&geo=FI&geo=SE&geo=EU27_2020&airpol=GHG&unit=THS_T&nace_r2=TOTAL&nace_r2=TOTAL_HH&sinceTimePeriod=2013,2026-10-06
env_ac_ainah_r2:TOTAL,IE,2021,55789.57254,,2026-08-07T23:00:00+0200,https://ec.europa.eu/eurostat/api/dissemination/statistics/1.0/data/env_ac_ainah_r2?geo=BE&geo=BG&geo=CZ&geo=DK&geo=DE&geo=EE&geo=IE&geo=EL&geo=ES&geo=FR&geo=HR&geo=IT&geo=CY&geo=LV&geo=LT&geo=LU&geo=HU&geo=MT&geo=NL&geo=AT&geo=PL&geo=PT&geo=RO&geo=SI&geo=SK&geo=FI&geo=SE&geo=EU27_2020&airpol=GHG&unit=THS_T&nace_r2=TOTAL&nace_r2=TOTAL_HH&sinceTimePeriod=2013,2026-10-06
env_ac_ainah_r2:TOTAL,IE,2022,63407.93421,,2026-08-07T23:00:00+0200,https://ec.europa.eu/eurostat/api/dissemination/statistics/1.0/data/env_ac_ainah_r2?geo=BE&geo=BG&geo=CZ&geo=DK&geo=DE&geo=EE&geo=IE&geo=EL&geo=ES&geo=FR&geo=HR&geo=IT&geo=CY&geo=LV&geo=LT&geo=LU&geo=HU&geo=MT&geo=NL&geo=AT&geo=PL&geo=PT&geo=RO&geo=SI&geo=SK&geo=FI&geo=SE&geo=EU27_2020&airpol=GHG&unit=THS_T&nace_r2=TOTAL&nace_r2=TOTAL_HH&sinceTimePeriod=2013,2026-10-06
env_ac_ainah_r2:TOTAL,IE,2023,61925.76252,,2026-08-07T23:00:00+0200,https://ec.europa.eu/eurostat/api/dissemination/statistics/1.0/data/env_ac_ainah_r2?geo=BE&geo=BG&geo=CZ&geo=DK&geo=DE&geo=EE&geo=IE&geo=EL&geo=ES&geo=FR&geo=HR&geo=IT&geo=CY&geo=LV&geo=LT&geo=LU&geo=HU&geo=MT&geo=NL&geo=AT&geo=PL&geo=PT&geo=RO&geo=SI&geo=SK&geo=FI&geo=SE&geo=EU27_2020&airpol=GHG&unit=THS_T&nace_r2=TOTAL&nace_r2=TOTAL_HH&sinceTimePeriod=2013,2026-10-06
env_ac_ainah_r2:TOTAL,IE,2024,60844.49572,e,2026-08-07T23:00:00+0200,https://ec.europa.eu/eurostat/api/dissemination/statistics/1.0/data/env_ac_ainah_r2?geo=BE&geo=BG&geo=CZ&geo=DK&geo=DE&geo=EE&geo=IE&geo=EL&geo=ES&geo=FR&geo=HR&geo=IT&geo=CY&geo=LV&geo=LT&geo=LU&geo=HU&geo=MT&geo=NL&geo=AT&geo=PL&geo=PT&geo=RO&geo=SI&geo=SK&geo=FI&geo=SE&geo=EU27_2020&airpol=GHG&unit=THS_T&nace_r2=TOTAL&nace_r2=TOTAL_HH&sinceTimePeriod=2013,2026-10-06
env_ac_ainah_r2:TOTAL,IT,2013,353831.85138,,2026-08-07T23:00:00+0200,https://ec.europa.eu/eurostat/api/dissemination/statistics/1.0/data/env_ac_ainah_r2?geo=BE&geo=BG&geo=CZ&geo=DK&geo=DE&geo=EE&geo=IE&geo=EL&geo=ES&geo=FR&geo=HR&geo=IT&geo=CY&geo=LV&geo=LT&geo=LU&geo=HU&geo=MT&geo=NL&geo=AT&geo=PL&geo=PT&geo=RO&geo=SI&geo=SK&geo=FI&geo=SE&geo=EU27_2020&airpol=GHG&unit=THS_T&nace_r2=TOTAL&nace_r2=TOTAL_HH&sinceTimePeriod=2013,2026-10-06
env_ac_ainah_r2:TOTAL,IT,2014,335321.93686,,2026-08-07T23:00:00+0200,https://ec.europa.eu/eurostat/api/dissemination/statistics/1.0/data/env_ac_ainah_r2?geo=BE&geo=BG&geo=CZ&geo=DK&geo=DE&geo=EE&geo=IE&geo=EL&geo=ES&geo=FR&geo=HR&geo=IT&geo=CY&geo=LV&geo=LT&geo=LU&geo=HU&geo=MT&geo=NL&geo=AT&geo=PL&geo=PT&geo=RO&geo=SI&geo=SK&geo=FI&geo=SE&geo=EU27_2020&airpol=GHG&unit=THS_T&nace_r2=TOTAL&nace_r2=TOTAL_HH&sinceTimePeriod=2013,2026-10-06
env_ac_ainah_r2:TOTAL,IT,2015,338744.69075,,2026-08-07T23:00:00+0200,https://ec.europa.eu/eurostat/api/dissemination/statistics/1.0/data/env_ac_ainah_r2?geo=BE&geo=BG&geo=CZ&geo=DK&geo=DE&geo=EE&geo=IE&geo=EL&geo=ES&geo=FR&geo=HR&geo=IT&geo=CY&geo=LV&geo=LT&geo=LU&geo=HU&geo=MT&geo=NL&geo=AT&geo=PL&geo=PT&geo=RO&geo=SI&geo=SK&geo=FI&geo=SE&geo=EU27_2020&airpol=GHG&unit=THS_T&nace_r2=TOTAL&nace_r2=TOTAL_HH&sinceTimePeriod=2013,2026-10-06
env_ac_ainah_r2:TOTAL,IT,2016,336323.61493,,2026-08-07T23:00:00+0200,https://ec.europa.eu/eurostat/api/dissemination/statistics/1.0/data/env_ac_ainah_r2?geo=BE&geo=BG&geo=CZ&geo=DK&geo=DE&geo=EE&geo=IE&geo=EL&geo=ES&geo=FR&geo=HR&geo=IT&geo=CY&geo=LV&geo=LT&geo=LU&geo=HU&geo=MT&geo=NL&geo=AT&geo=PL&geo=PT&geo=RO&geo=SI&geo=SK&geo=FI&geo=SE&geo=EU27_2020&airpol=GHG&unit=THS_T&nace_r2=TOTAL&nace_r2=TOTAL_HH&sinceTimePeriod=2013,2026-10-06
env_ac_ainah_r2:TOTAL,IT,2017,335672.01743,,2026-08-07T23:00:00+0200,https://ec.europa.eu/eurostat/api/dissemination/statistics/1.0/data/env_ac_ainah_r2?geo=BE&geo=BG&geo=CZ&geo=DK&geo=DE&geo=EE&geo=IE&geo=EL&geo=ES&geo=FR&geo=HR&geo=IT&geo=CY&geo=LV&geo=LT&geo=LU&geo=HU&geo=MT&geo=NL&geo=AT&geo=PL&geo=PT&geo=RO&geo=SI&geo=SK&geo=FI&geo=SE&geo=EU27_2020&airpol=GHG&unit=THS_T&nace_r2=TOTAL&nace_r2=TOTAL_HH&sinceTimePeriod=2013,2026-10-06
env_ac_ainah_r2:TOTAL,IT,2018,330243.25043,,2026-08-07T23:00:00+0200,https://ec.europa.eu/eurostat/api/dissemination/statistics/1.0/data/env_ac_ainah_r2?geo=BE&geo=BG&geo=CZ&geo=DK&geo=DE&geo=EE&geo=IE&geo=EL&geo=ES&geo=FR&geo=HR&geo=IT&geo=CY&geo=LV&geo=LT&geo=LU&geo=HU&geo=MT&geo=NL&geo=AT&geo=PL&geo=PT&geo=RO&geo=SI&geo=SK&geo=FI&geo=SE&geo=EU27_2020&airpol=GHG&unit=THS_T&nace_r2=TOTAL&nace_r2=TOTAL_HH&sinceTimePeriod=2013,2026-10-06
env_ac_ainah_r2:TOTAL,IT,2019,321598.34344,,2026-08-07T23:00:00+0200,https://ec.europa.eu/eurostat/api/dissemination/statistics/1.0/data/env_ac_ainah_r2?geo=BE&geo=BG&geo=CZ&geo=DK&geo=DE&geo=EE&geo=IE&geo=EL&geo=ES&geo=FR&geo=HR&geo=IT&geo=CY&geo=LV&geo=LT&geo=LU&geo=HU&geo=MT&geo=NL&geo=AT&geo=PL&geo=PT&geo=RO&geo=SI&geo=SK&geo=FI&geo=SE&geo=EU27_2020&airpol=GHG&unit=THS_T&nace_r2=TOTAL&nace_r2=TOTAL_HH&sinceTimePeriod=2013,2026-10-06
env_ac_ainah_r2:TOTAL,IT,2020,293062.67711,,2026-08-07T23:00:00+0200,https://ec.europa.eu/eurostat/api/dissemination/statistics/1.0/data/env_ac_ainah_r2?geo=BE&geo=BG&geo=CZ&geo=DK&geo=DE&geo=EE&geo=IE&geo=EL&geo=ES&geo=FR&geo=HR&geo=IT&geo=CY&geo=LV&geo=LT&geo=LU&geo=HU&geo=MT&geo=NL&geo=AT&geo=PL&geo=PT&geo=RO&geo=SI&geo=SK&geo=FI&geo=SE&geo=EU27_2020&airpol=GHG&unit=THS_T&nace_r2=TOTAL&nace_r2=TOTAL_HH&sinceTimePeriod=2013,2026-10-06
env_ac_ainah_r2:TOTAL,IT,2021,312434.63788,,2026-08-07T23:00:00+0200,https://ec.europa.eu/eurostat/api/dissemination/statistics/1.0/data/env_ac_ainah_r2?geo=BE&geo=BG&geo=CZ&geo=DK&geo=DE&geo=EE&geo=IE&geo=EL&geo=ES&geo=FR&geo=HR&geo=IT&geo=CY&geo=LV&geo=LT&geo=LU&geo=HU&geo=MT&geo=NL&geo=AT&geo=PL&geo=PT&geo=RO&geo=SI&geo=SK&geo=FI&geo=SE&geo=EU27_2020&airpol=GHG&unit=THS_T&nace_r2=TOTAL&nace_r2=TOTAL_HH&sinceTimePeriod=2013,2026-10-06
env_ac_ainah_r2:TOTAL,IT,2022,314569.76529,,2026-08-07T23:00:00+0200,https://ec.europa.eu/eurostat/api/dissemination/statistics/1.0/data/env_ac_ainah_r2?geo=BE&geo=BG&geo=CZ&geo=DK&geo=DE&geo=EE&geo=IE&geo=EL&geo=ES&geo=FR&geo=HR&geo=IT&geo=CY&geo=LV&geo=LT&geo=LU&geo=HU&geo=MT&geo=NL&geo=AT&geo=PL&geo=PT&geo=RO&geo=SI&geo=SK&geo=FI&geo=SE&geo=EU27_2020&airpol=GHG&unit=THS_T&nace_r2=TOTAL&nace_r2=TOTAL_HH&sinceTimePeriod=2013,2026-10-06
env_ac_ainah_r2:TOTAL,IT,2023,295943.45423,,2026-08-07T23:00:00+0200,https://ec.europa.eu/eurostat/api/dissemination/statistics/1.0/data/env_ac_ainah_r2?geo=BE&geo=BG&geo=CZ&geo=DK&geo=DE&geo=EE&geo=IE&geo=EL&geo=ES&geo=FR&geo=HR&geo=IT&geo=CY&geo=LV&geo=LT&geo=LU&geo=HU&geo=MT&geo=NL&geo=AT&geo=PL&geo=PT&geo=RO&geo=SI&geo=SK&geo=FI&geo=SE&geo=EU27_2020&airpol=GHG&unit=THS_T&nace_r2=TOTAL&nace_r2=TOTAL_HH&sinceTimePeriod=2013,2026-10-06
env_ac_ainah_r2:TOTAL,IT,2024,282688.39917,e,2026-08-07T23:00:00+0200,https://ec.europa.eu/eurostat/api/dissemination/statistics/1.0/data/env_ac_ainah_r2?geo=BE&geo=BG&geo=CZ&geo=DK&geo=DE&geo=EE&geo=IE&geo=EL&geo=ES&geo=FR&geo=HR&geo=IT&geo=CY&geo=LV&geo=LT&geo=LU&geo=HU&geo=MT&geo=NL&geo=AT&geo=PL&geo=PT&geo=RO&geo=SI&geo=SK&geo=FI&geo=SE&geo=EU27_2020&airpol=GHG&unit=THS_T&nace_r2=TOTAL&nace_r2=TOTAL_HH&sinceTimePeriod=2013,2026-10-06
env_ac_ainah_r2:TOTAL,LT,2013,17925.41314,,2026-08-07T23:00:00+0200,https://ec.europa.eu/eurostat/api/dissemination/statistics/1.0/data/env_ac_ainah_r2?geo=BE&geo=BG&geo=CZ&geo=DK&geo=DE&geo=EE&geo=IE&geo=EL&geo=ES&geo=FR&geo=HR&geo=IT&geo=CY&geo=LV&geo=LT&geo=LU&geo=HU&geo=MT&geo=NL&geo=AT&geo=PL&geo=PT&geo=RO&geo=SI&geo=SK&geo=FI&geo=SE&geo=EU27_2020&airpol=GHG&unit=THS_T&nace_r2=TOTAL&nace_r2=TOTAL_HH&sinceTimePeriod=2013,2026-10-06
env_ac_ainah_r2:TOTAL,LT,2014,18680.08611,,2026-08-07T23:00:00+0200,https://ec.europa.eu/eurostat/api/dissemination/statistics/1.0/data/env_ac_ainah_r2?geo=BE&geo=BG&geo=CZ&geo=DK&geo=DE&geo=EE&geo=IE&geo=EL&geo=ES&geo=FR&geo=HR&geo=IT&geo=CY&geo=LV&geo=LT&geo=LU&geo=HU&geo=MT&geo=NL&geo=AT&geo=PL&geo=PT&geo=RO&geo=SI&geo=SK&geo=FI&geo=SE&geo=EU27_2020&airpol=GHG&unit=THS_T&nace_r2=TOTAL&nace_r2=TOTAL_HH&sinceTimePeriod=2013,2026-10-06
env_ac_ainah_r2:TOTAL,LT,2015,19346.00732,,2026-08-07T23:00:00+0200,https://ec.europa.eu/eurostat/api/dissemination/statistics/1.0/data/env_ac_ainah_r2?geo=BE&geo=BG&geo=CZ&geo=DK&geo=DE&geo=EE&geo=IE&geo=EL&geo=ES&geo=FR&geo=HR&geo=IT&geo=CY&geo=LV&geo=LT&geo=LU&geo=HU&geo=MT&geo=NL&geo=AT&geo=PL&geo=PT&geo=RO&geo=SI&geo=SK&geo=FI&geo=SE&geo=EU27_2020&airpol=GHG&unit=THS_T&nace_r2=TOTAL&nace_r2=TOTAL_HH&sinceTimePeriod=2013,2026-10-06
env_ac_ainah_r2:TOTAL,LT,2016,19005.86773,,2026-08-07T23:00:00+0200,https://ec.europa.eu/eurostat/api/dissemination/statistics/1.0/data/env_ac_ainah_r2?geo=BE&geo=BG&geo=CZ&geo=DK&geo=DE&geo=EE&geo=IE&geo=EL&geo=ES&geo=FR&geo=HR&geo=IT&geo=CY&geo=LV&geo=LT&geo=LU&geo=HU&geo=MT&geo=NL&geo=AT&geo=PL&geo=PT&geo=RO&geo=SI&geo=SK&geo=FI&geo=SE&geo=EU27_2020&airpol=GHG&unit=THS_T&nace_r2=TOTAL&nace_r2=TOTAL_HH&sinceTimePeriod=2013,2026-10-06
env_ac_ainah_r2:TOTAL,LT,2017,19714.91734,,2026-08-07T23:00:00+0200,https://ec.europa.eu/eurostat/api/dissemination/statistics/1.0/data/env_ac_ainah_r2?geo=BE&geo=BG&geo=CZ&geo=DK&geo=DE&geo=EE&geo=IE&geo=EL&geo=ES&geo=FR&geo=HR&geo=IT&geo=CY&geo=LV&geo=LT&geo=LU&geo=HU&geo=MT&geo=NL&geo=AT&geo=PL&geo=PT&geo=RO&geo=SI&geo=SK&geo=FI&geo=SE&geo=EU27_2020&airpol=GHG&unit=THS_T&nace_r2=TOTAL&nace_r2=TOTAL_HH&sinceTimePeriod=2013,2026-10-06
env_ac_ainah_r2:TOTAL,LT,2018,20390.14565,,2026-08-07T23:00:00+0200,https://ec.europa.eu/eurostat/api/dissemination/statistics/1.0/data/env_ac_ainah_r2?geo=BE&geo=BG&geo=CZ&geo=DK&geo=DE&geo=EE&geo=IE&geo=EL&geo=ES&geo=FR&geo=HR&geo=IT&geo=CY&geo=LV&geo=LT&geo=LU&geo=HU&geo=MT&geo=NL&geo=AT&geo=PL&geo=PT&geo=RO&geo=SI&geo=SK&geo=FI&geo=SE&geo=EU27_2020&airpol=GHG&unit=THS_T&nace_r2=TOTAL&nace_r2=TOTAL_HH&sinceTimePeriod=2013,2026-10-06
env_ac_ainah_r2:TOTAL,LT,2019,20264.095,,2026-08-07T23:00:00+0200,https://ec.europa.eu/eurostat/api/dissemination/statistics/1.0/data/env_ac_ainah_r2?geo=BE&geo=BG&geo=CZ&geo=DK&geo=DE&geo=EE&geo=IE&geo=EL&geo=ES&geo=FR&geo=HR&geo=IT&geo=CY&geo=LV&geo=LT&geo=LU&geo=HU&geo=MT&geo=NL&geo=AT&geo=PL&geo=PT&geo=RO&geo=SI&geo=SK&geo=FI&geo=SE&geo=EU27_2020&airpol=GHG&unit=THS_T&nace_r2=TOTAL&nace_r2=TOTAL_HH&sinceTimePeriod=2013,2026-10-06
env_ac_ainah_r2:TOTAL,LT,2020,22016.71656,,2026-08-07T23:00:00+0200,https://ec.europa.eu/eurostat/api/dissemination/statistics/1.0/data/env_ac_ainah_r2?geo=BE&geo=BG&geo=CZ&geo=DK&geo=DE&geo=EE&geo=IE&geo=EL&geo=ES&geo=FR&geo=HR&geo=IT&geo=CY&geo=LV&geo=LT&geo=LU&geo=HU&geo=MT&geo=NL&geo=AT&geo=PL&geo=PT&geo=RO&geo=SI&geo=SK&geo=FI&geo=SE&geo=EU27_2020&airpol=GHG&unit=THS_T&nace_r2=TOTAL&nace_r2=TOTAL_HH&sinceTimePeriod=2013,2026-10-06
env_ac_ainah_r2:TOTAL,LT,2021,22195.39912,,2026-08-07T23:00:00+0200,https://ec.europa.eu/eurostat/api/dissemination/statistics/1.0/data/env_ac_ainah_r2?geo=BE&geo=BG&geo=CZ&geo=DK&geo=DE&geo=EE&geo=IE&geo=EL&geo=ES&geo=FR&geo=HR&geo=IT&geo=CY&geo=LV&geo=LT&geo=LU&geo=HU&geo=MT&geo=NL&geo=AT&geo=PL&geo=PT&geo=RO&geo=SI&geo=SK&geo=FI&geo=SE&geo=EU27_2020&airpol=GHG&unit=THS_T&nace_r2=TOTAL&nace_r2=TOTAL_HH&sinceTimePeriod=2013,2026-10-06
env_ac_ainah_r2:TOTAL,LT,2022,20847.69367,,2026-08-07T23:00:00+0200,https://ec.europa.eu/eurostat/api/dissemination/statistics/1.0/data/env_ac_ainah_r2?geo=BE&geo=BG&geo=CZ&geo=DK&geo=DE&geo=EE&geo=IE&geo=EL&geo=ES&geo=FR&geo=HR&geo=IT&geo=CY&geo=LV&geo=LT&geo=LU&geo=HU&geo=MT&geo=NL&geo=AT&geo=PL&geo=PT&geo=RO&geo=SI&geo=SK&geo=FI&geo=SE&geo=EU27_2020&airpol=GHG&unit=THS_T&nace_r2=TOTAL&nace_r2=TOTAL_HH&sinceTimePeriod=2013,2026-10-06
env_ac_ainah_r2:TOTAL,LT,2023,20674.21414,,2026-08-07T23:00:00+0200,https://ec.europa.eu/eurostat/api/dissemination/statistics/1.0/data/env_ac_ainah_r2?geo=BE&geo=BG&geo=CZ&geo=DK&geo=DE&geo=EE&geo=IE&geo=EL&geo=ES&geo=FR&geo=HR&geo=IT&geo=CY&geo=LV&geo=LT&geo=LU&geo=HU&geo=MT&geo=NL&geo=AT&geo=PL&geo=PT&geo=RO&geo=SI&geo=SK&geo=FI&geo=SE&geo=EU27_2020&airpol=GHG&unit=THS_T&nace_r2=TOTAL&nace_r2=TOTAL_HH&sinceTimePeriod=2013,2026-10-06
env_ac_ainah_r2:TOTAL,LT,2024,20957.86009,i,2026-08-07T23:00:00+0200,https://ec.europa.eu/eurostat/api/dissemination/statistics/1.0/data/env_ac_ainah_r2?geo=BE&geo=BG&geo=CZ&geo=DK&geo=DE&geo=EE&geo=IE&geo=EL&geo=ES&geo=FR&geo=HR&geo=IT&geo=CY&geo=LV&geo=LT&geo=LU&geo=HU&geo=MT&geo=NL&geo=AT&geo=PL&geo=PT&geo=RO&geo=SI&geo=SK&geo=FI&geo=SE&geo=EU27_2020&airpol=GHG&unit=THS_T&nace_r2=TOTAL&nace_r2=TOTAL_HH&sinceTimePeriod=2013,2026-10-06
env_ac_ainah_r2:TOTAL,LU,2013,7469.38618,,2026-08-07T23:00:00+0200,https://ec.europa.eu/eurostat/api/dissemination/statistics/1.0/data/env_ac_ainah_r2?geo=BE&geo=BG&geo=CZ&geo=DK&geo=DE&geo=EE&geo=IE&geo=EL&geo=ES&geo=FR&geo=HR&geo=IT&geo=CY&geo=LV&geo=LT&geo=LU&geo=HU&geo=MT&geo=NL&geo=AT&geo=PL&geo=PT&geo=RO&geo=SI&geo=SK&geo=FI&geo=SE&geo=EU27_2020&airpol=GHG&unit=THS_T&nace_r2=TOTAL&nace_r2=TOTAL_HH&sinceTimePeriod=2013,2026-10-06
env_ac_ainah_r2:TOTAL,LU,2014,7706.68466,,2026-08-07T23:00:00+0200,https://ec.europa.eu/eurostat/api/dissemination/statistics/1.0/data/env_ac_ainah_r2?geo=BE&geo=BG&geo=CZ&geo=DK&geo=DE&geo=EE&geo=IE&geo=EL&geo=ES&geo=FR&geo=HR&geo=IT&geo=CY&geo=LV&geo=LT&geo=LU&geo=HU&geo=MT&geo=NL&geo=AT&geo=PL&geo=PT&geo=RO&geo=SI&geo=SK&geo=FI&geo=SE&geo=EU27_2020&airpol=GHG&unit=THS_T&nace_r2=TOTAL&nace_r2=TOTAL_HH&sinceTimePeriod=2013,2026-10-06
env_ac_ainah_r2:TOTAL,LU,2015,8562.87153,,2026-08-07T23:00:00+0200,https://ec.europa.eu/eurostat/api/dissemination/statistics/1.0/data/env_ac_ainah_r2?geo=BE&geo=BG&geo=CZ&geo=DK&geo=DE&geo=EE&geo=IE&geo=EL&geo=ES&geo=FR&geo=HR&geo=IT&geo=CY&geo=LV&geo=LT&geo=LU&geo=HU&geo=MT&geo=NL&geo=AT&geo=PL&geo=PT&geo=RO&geo=SI&geo=SK&geo=FI&geo=SE&geo=EU27_2020&airpol=GHG&unit=THS_T&nace_r2=TOTAL&nace_r2=TOTAL_HH&sinceTimePeriod=2013,2026-10-06
env_ac_ainah_r2:TOTAL,LU,2016,8424.96785,,2026-08-07T23:00:00+0200,https://ec.europa.eu/eurostat/api/dissemination/statistics/1.0/data/env_ac_ainah_r2?geo=BE&geo=BG&geo=CZ&geo=DK&geo=DE&geo=EE&geo=IE&geo=EL&geo=ES&geo=FR&geo=HR&geo=IT&geo=CY&geo=LV&geo=LT&geo=LU&geo=HU&geo=MT&geo=NL&geo=AT&geo=PL&geo=PT&geo=RO&geo=SI&geo=SK&geo=FI&geo=SE&geo=EU27_2020&airpol=GHG&unit=THS_T&nace_r2=TOTAL&nace_r2=TOTAL_HH&sinceTimePeriod=2013,2026-10-06
env_ac_ainah_r2:TOTAL,LU,2017,8410.00971,,2026-08-07T23:00:00+0200,https://ec.europa.eu/eurostat/api/dissemination/statistics/1.0/data/env_ac_ainah_r2?geo=BE&geo=BG&geo=CZ&geo=DK&geo=DE&geo=EE&geo=IE&geo=EL&geo=ES&geo=FR&geo=HR&geo=IT&geo=CY&geo=LV&geo=LT&geo=LU&geo=HU&geo=MT&geo=NL&geo=AT&geo=PL&geo=PT&geo=RO&geo=SI&geo=SK&geo=FI&geo=SE&geo=EU27_2020&airpol=GHG&unit=THS_T&nace_r2=TOTAL&nace_r2=TOTAL_HH&sinceTimePeriod=2013,2026-10-06
env_ac_ainah_r2:TOTAL,LU,2018,8545.0309,,2026-08-07T23:00:00+0200,https://ec.europa.eu/eurostat/api/dissemination/statistics/1.0/data/env_ac_ainah_r2?geo=BE&geo=BG&geo=CZ&geo=DK&geo=DE&geo=EE&geo=IE&geo=EL&geo=ES&geo=FR&geo=HR&geo=IT&geo=CY&geo=LV&geo=LT&geo=LU&geo=HU&geo=MT&geo=NL&geo=AT&geo=PL&geo=PT&geo=RO&geo=SI&geo=SK&geo=FI&geo=SE&geo=EU27_2020&airpol=GHG&unit=THS_T&nace_r2=TOTAL&nace_r2=TOTAL_HH&sinceTimePeriod=2013,2026-10-06
env_ac_ainah_r2:TOTAL,LU,2019,9155.04008,,2026-08-07T23:00:00+0200,https://ec.europa.eu/eurostat/api/dissemination/statistics/1.0/data/env_ac_ainah_r2?geo=BE&geo=BG&geo=CZ&geo=DK&geo=DE&geo=EE&geo=IE&geo=EL&geo=ES&geo=FR&geo=HR&geo=IT&geo=CY&geo=LV&geo=LT&geo=LU&geo=HU&geo=MT&geo=NL&geo=AT&geo=PL&geo=PT&geo=RO&geo=SI&geo=SK&geo=FI&geo=SE&geo=EU27_2020&airpol=GHG&unit=THS_T&nace_r2=TOTAL&nace_r2=TOTAL_HH&sinceTimePeriod=2013,2026-10-06
env_ac_ainah_r2:TOTAL,LU,2020,8274.031,,2026-08-07T23:00:00+0200,https://ec.europa.eu/eurostat/api/dissemination/statistics/1.0/data/env_ac_ainah_r2?geo=BE&geo=BG&geo=CZ&geo=DK&geo=DE&geo=EE&geo=IE&geo=EL&geo=ES&geo=FR&geo=HR&geo=IT&geo=CY&geo=LV&geo=LT&geo=LU&geo=HU&geo=MT&geo=NL&geo=AT&geo=PL&geo=PT&geo=RO&geo=SI&geo=SK&geo=FI&geo=SE&geo=EU27_2020&airpol=GHG&unit=THS_T&nace_r2=TOTAL&nace_r2=TOTAL_HH&sinceTimePeriod=2013,2026-10-06
env_ac_ainah_r2:TOTAL,LU,2021,8306.7385,,2026-08-07T23:00:00+0200,https://ec.europa.eu/eurostat/api/dissemination/statistics/1.0/data/env_ac_ainah_r2?geo=BE&geo=BG&geo=CZ&geo=DK&geo=DE&geo=EE&geo=IE&geo=EL&geo=ES&geo=FR&geo=HR&geo=IT&geo=CY&geo=LV&geo=LT&geo=LU&geo=HU&geo=MT&geo=NL&geo=AT&geo=PL&geo=PT&geo=RO&geo=SI&geo=SK&geo=FI&geo=SE&geo=EU27_2020&airpol=GHG&unit=THS_T&nace_r2=TOTAL&nace_r2=TOTAL_HH&sinceTimePeriod=2013,2026-10-06
env_ac_ainah_r2:TOTAL,LU,2022,8348.56552,,2026-08-07T23:00:00+0200,https://ec.europa.eu/eurostat/api/dissemination/statistics/1.0/data/env_ac_ainah_r2?geo=BE&geo=BG&geo=CZ&geo=DK&geo=DE&geo=EE&geo=IE&geo=EL&geo=ES&geo=FR&geo=HR&geo=IT&geo=CY&geo=LV&geo=LT&geo=LU&geo=HU&geo=MT&geo=NL&geo=AT&geo=PL&geo=PT&geo=RO&geo=SI&geo=SK&geo=FI&geo=SE&geo=EU27_2020&airpol=GHG&unit=THS_T&nace_r2=TOTAL&nace_r2=TOTAL_HH&sinceTimePeriod=2013,2026-10-06
env_ac_ainah_r2:TOTAL,LU,2023,7786.63039,,2026-08-07T23:00:00+0200,https://ec.europa.eu/eurostat/api/dissemination/statistics/1.0/data/env_ac_ainah_r2?geo=BE&geo=BG&geo=CZ&geo=DK&geo=DE&geo=EE&geo=IE&geo=EL&geo=ES&geo=FR&geo=HR&geo=IT&geo=CY&geo=LV&geo=LT&geo=LU&geo=HU&geo=MT&geo=NL&geo=AT&geo=PL&geo=PT&geo=RO&geo=SI&geo=SK&geo=FI&geo=SE&geo=EU27_2020&airpol=GHG&unit=THS_T&nace_r2=TOTAL&nace_r2=TOTAL_HH&sinceTimePeriod=2013,2026-10-06
env_ac_ainah_r2:TOTAL,LU,2024,7957.53809,i,2026-08-07T23:00:00+0200,https://ec.europa.eu/eurostat/api/dissemination/statistics/1.0/data/env_ac_ainah_r2?geo=BE&geo=BG&geo=CZ&geo=DK&geo=DE&geo=EE&geo=IE&geo=EL&geo=ES&geo=FR&geo=HR&geo=IT&geo=CY&geo=LV&geo=LT&geo=LU&geo=HU&geo=MT&geo=NL&geo=AT&geo=PL&geo=PT&geo=RO&geo=SI&geo=SK&geo=FI&geo=SE&geo=EU27_2020&airpol=GHG&unit=THS_T&nace_r2=TOTAL&nace_r2=TOTAL_HH&sinceTimePeriod=2013,2026-10-06
env_ac_ainah_r2:TOTAL,LV,2013,10228.96965,,2026-08-07T23:00:00+0200,https://ec.europa.eu/eurostat/api/dissemination/statistics/1.0/data/env_ac_ainah_r2?geo=BE&geo=BG&geo=CZ&geo=DK&geo=DE&geo=EE&geo=IE&geo=EL&geo=ES&geo=FR&geo=HR&geo=IT&geo=CY&geo=LV&geo=LT&geo=LU&geo=HU&geo=MT&geo=NL&geo=AT&geo=PL&geo=PT&geo=RO&geo=SI&geo=SK&geo=FI&geo=SE&geo=EU27_2020&airpol=GHG&unit=THS_T&nace_r2=TOTAL&nace_r2=TOTAL_HH&sinceTimePeriod=2013,2026-10-06
env_ac_ainah_r2:TOTAL,LV,2014,10137.4584,,2026-08-07T23:00:00+0200,https://ec.europa.eu/eurostat/api/dissemination/statistics/1.0/data/env_ac_ainah_r2?geo=BE&geo=BG&geo=CZ&geo=DK&geo=DE&geo=EE&geo=IE&geo=EL&geo=ES&geo=FR&geo=HR&geo=IT&geo=CY&geo=LV&geo=LT&geo=LU&geo=HU&geo=MT&geo=NL&geo=AT&geo=PL&geo=PT&geo=RO&geo=SI&geo=SK&geo=FI&geo=SE&geo=EU27_2020&airpol=GHG&unit=THS_T&nace_r2=TOTAL&nace_r2=TOTAL_HH&sinceTimePeriod=2013,2026-10-06
env_ac_ainah_r2:TOTAL,LV,2015,10530.35643,,2026-08-07T23:00:00+0200,https://ec.europa.eu/eurostat/api/dissemination/statistics/1.0/data/env_ac_ainah_r2?geo=BE&geo=BG&geo=CZ&geo=DK&geo=DE&geo=EE&geo=IE&geo=EL&geo=ES&geo=FR&geo=HR&geo=IT&geo=CY&geo=LV&geo=LT&geo=LU&geo=HU&geo=MT&geo=NL&geo=AT&geo=PL&geo=PT&geo=RO&geo=SI&geo=SK&geo=FI&geo=SE&geo=EU27_2020&airpol=GHG&unit=THS_T&nace_r2=TOTAL&nace_r2=TOTAL_HH&sinceTimePeriod=2013,2026-10-06
env_ac_ainah_r2:TOTAL,LV,2016,10380.18765,,2026-08-07T23:00:00+0200,https://ec.europa.eu/eurostat/api/dissemination/statistics/1.0/data/env_ac_ainah_r2?geo=BE&geo=BG&geo=CZ&geo=DK&geo=DE&geo=EE&geo=IE&geo=EL&geo=ES&geo=FR&geo=HR&geo=IT&geo=CY&geo=LV&geo=LT&geo=LU&geo=HU&geo=MT&geo=NL&geo=AT&geo=PL&geo=PT&geo=RO&geo=SI&geo=SK&geo=FI&geo=SE&geo=EU27_2020&airpol=GHG&unit=THS_T&nace_r2=TOTAL&nace_r2=TOTAL_HH&sinceTimePeriod=2013,2026-10-06
env_ac_ainah_r2:TOTAL,LV,2017,10589.76568,,2026-08-07T23:00:00+0200,https://ec.europa.eu/eurostat/api/dissemination/statistics/1.0/data/env_ac_ainah_r2?geo=BE&geo=BG&geo=CZ&geo=DK&geo=DE&geo=EE&geo=IE&geo=EL&geo=ES&geo=FR&geo=HR&geo=IT&geo=CY&geo=LV&geo=LT&geo=LU&geo=HU&geo=MT&geo=NL&geo=AT&geo=PL&geo=PT&geo=RO&geo=SI&geo=SK&geo=FI&geo=SE&geo=EU27_2020&airpol=GHG&unit=THS_T&nace_r2=TOTAL&nace_r2=TOTAL_HH&sinceTimePeriod=2013,2026-10-06
env_ac_ainah_r2:TOTAL,LV,2018,10884.79579,,2026-08-07T23:00:00+0200,https://ec.europa.eu/eurostat/api/dissemination/statistics/1.0/data/env_ac_ainah_r2?geo=BE&geo=BG&geo=CZ&geo=DK&geo=DE&geo=EE&geo=IE&geo=EL&geo=ES&geo=FR&geo=HR&geo=IT&geo=CY&geo=LV&geo=LT&geo=LU&geo=HU&geo=MT&geo=NL&geo=AT&geo=PL&geo=PT&geo=RO&geo=SI&geo=SK&geo=FI&geo=SE&geo=EU27_2020&airpol=GHG&unit=THS_T&nace_r2=TOTAL&nace_r2=TOTAL_HH&sinceTimePeriod=2013,2026-10-06
env_ac_ainah_r2:TOTAL,LV,2019,11041.77491,,2026-08-07T23:00:00+0200,https://ec.europa.eu/eurostat/api/dissemination/statistics/1.0/data/env_ac_ainah_r2?geo=BE&geo=BG&geo=CZ&geo=DK&geo=DE&geo=EE&geo=IE&geo=EL&geo=ES&geo=FR&geo=HR&geo=IT&geo=CY&geo=LV&geo=LT&geo=LU&geo=HU&geo=MT&geo=NL&geo=AT&geo=PL&geo=PT&geo=RO&geo=SI&geo=SK&geo=FI&geo=SE&geo=EU27_2020&airpol=GHG&unit=THS_T&nace_r2=TOTAL&nace_r2=TOTAL_HH&sinceTimePeriod=2013,2026-10-06
env_ac_ainah_r2:TOTAL,LV,2020,9427.83134,,2026-08-07T23:00:00+0200,https://ec.europa.eu/eurostat/api/dissemination/statistics/1.0/data/env_ac_ainah_r2?geo=BE&geo=BG&geo=CZ&geo=DK&geo=DE&geo=EE&geo=IE&geo=EL&geo=ES&geo=FR&geo=HR&geo=IT&geo=CY&geo=LV&geo=LT&geo=LU&geo=HU&geo=MT&geo=NL&geo=AT&geo=PL&geo=PT&geo=RO&geo=SI&geo=SK&geo=FI&geo=SE&geo=EU27_2020&airpol=GHG&unit=THS_T&nace_r2=TOTAL&nace_r2=TOTAL_HH&sinceTimePeriod=2013,2026-10-06
env_ac_ainah_r2:TOTAL,LV,2021,9805.77464,,2026-08-07T23:00:00+0200,https://ec.europa.eu/eurostat/api/dissemination/statistics/1.0/data/env_ac_ainah_r2?geo=BE&geo=BG&geo=CZ&geo=DK&geo=DE&geo=EE&geo=IE&geo=EL&geo=ES&geo=FR&geo=HR&geo=IT&geo=CY&geo=LV&geo=LT&geo=LU&geo=HU&geo=MT&geo=NL&geo=AT&geo=PL&geo=PT&geo=RO&geo=SI&geo=SK&geo=FI&geo=SE&geo=EU27_2020&airpol=GHG&unit=THS_T&nace_r2=TOTAL&nace_r2=TOTAL_HH&sinceTimePeriod=2013,2026-10-06
env_ac_ainah_r2:TOTAL,LV,2022,9721.97976,,2026-08-07T23:00:00+0200,https://ec.europa.eu/eurostat/api/dissemination/statistics/1.0/data/env_ac_ainah_r2?geo=BE&geo=BG&geo=CZ&geo=DK&geo=DE&geo=EE&geo=IE&geo=EL&geo=ES&geo=FR&geo=HR&geo=IT&geo=CY&geo=LV&geo=LT&geo=LU&geo=HU&geo=MT&geo=NL&geo=AT&geo=PL&geo=PT&geo=RO&geo=SI&geo=SK&geo=FI&geo=SE&geo=EU27_2020&airpol=GHG&unit=THS_T&nace_r2=TOTAL&nace_r2=TOTAL_HH&sinceTimePeriod=2013,2026-10-06
env_ac_ainah_r2:TOTAL,LV,2023,9715.67329,,2026-08-07T23:00:00+0200,https://ec.europa.eu/eurostat/api/dissemination/statistics/1.0/data/env_ac_ainah_r2?geo=BE&geo=BG&geo=CZ&geo=DK&geo=DE&geo=EE&geo=IE&geo=EL&geo=ES&geo=FR&geo=HR&geo=IT&geo=CY&geo=LV&geo=LT&geo=LU&geo=HU&geo=MT&geo=NL&geo=AT&geo=PL&geo=PT&geo=RO&geo=SI&geo=SK&geo=FI&geo=SE&geo=EU27_2020&airpol=GHG&unit=THS_T&nace_r2=TOTAL&nace_r2=TOTAL_HH&sinceTimePeriod=2013,2026-10-06
env_ac_ainah_r2:TOTAL,LV,2024,9576.62349,i,2026-08-07T23:00:00+0200,https://ec.europa.eu/eurostat/api/dissemination/statistics/1.0/data/env_ac_ainah_r2?geo=BE&geo=BG&geo=CZ&geo=DK&geo=DE&geo=EE&geo=IE&geo=EL&geo=ES&geo=FR&geo=HR&geo=IT&geo=CY&geo=LV&geo=LT&geo=LU&geo=HU&geo=MT&geo=NL&geo=AT&geo=PL&geo=PT&geo=RO&geo=SI&geo=SK&geo=FI&geo=SE&geo=EU27_2020&airpol=GHG&unit=THS_T&nace_r2=TOTAL&nace_r2=TOTAL_HH&sinceTimePeriod=2013,2026-10-06
env_ac_ainah_r2:TOTAL,MT,2013,2779.62183,,2026-08-07T23:00:00+0200,https://ec.europa.eu/eurostat/api/dissemination/statistics/1.0/data/env_ac_ainah_r2?geo=BE&geo=BG&geo=CZ&geo=DK&geo=DE&geo=EE&geo=IE&geo=EL&geo=ES&geo=FR&geo=HR&geo=IT&geo=CY&geo=LV&geo=LT&geo=LU&geo=HU&geo=MT&geo=NL&geo=AT&geo=PL&geo=PT&geo=RO&geo=SI&geo=SK&geo=FI&geo=SE&geo=EU27_2020&airpol=GHG&unit=THS_T&nace_r2=TOTAL&nace_r2=TOTAL_HH&sinceTimePeriod=2013,2026-10-06
env_ac_ainah_r2:TOTAL,MT,2014,2900.32888,,2026-08-07T23:00:00+0200,https://ec.europa.eu/eurostat/api/dissemination/statistics/1.0/data/env_ac_ainah_r2?geo=BE&geo=BG&geo=CZ&geo=DK&geo=DE&geo=EE&geo=IE&geo=EL&geo=ES&geo=FR&geo=HR&geo=IT&geo=CY&geo=LV&geo=LT&geo=LU&geo=HU&geo=MT&geo=NL&geo=AT&geo=PL&geo=PT&geo=RO&geo=SI&geo=SK&geo=FI&geo=SE&geo=EU27_2020&airpol=GHG&unit=THS_T&nace_r2=TOTAL&nace_r2=TOTAL_HH&sinceTimePeriod=2013,2026-10-06
env_ac_ainah_r2:TOTAL,MT,2015,2293.81198,,2026-08-07T23:00:00+0200,https://ec.europa.eu/eurostat/api/dissemination/statistics/1.0/data/env_ac_ainah_r2?geo=BE&geo=BG&geo=CZ&geo=DK&geo=DE&geo=EE&geo=IE&geo=EL&geo=ES&geo=FR&geo=HR&geo=IT&geo=CY&geo=LV&geo=LT&geo=LU&geo=HU&geo=MT&geo=NL&geo=AT&geo=PL&geo=PT&geo=RO&geo=SI&geo=SK&geo=FI&geo=SE&geo=EU27_2020&airpol=GHG&unit=THS_T&nace_r2=TOTAL&nace_r2=TOTAL_HH&sinceTimePeriod=2013,2026-10-06
env_ac_ainah_r2:TOTAL,MT,2016,2080.94582,,2026-08-07T23:00:00+0200,https://ec.europa.eu/eurostat/api/dissemination/statistics/1.0/data/env_ac_ainah_r2?geo=BE&geo=BG&geo=CZ&geo=DK&geo=DE&geo=EE&geo=IE&geo=EL&geo=ES&geo=FR&geo=HR&geo=IT&geo=CY&geo=LV&geo=LT&geo=LU&geo=HU&geo=MT&geo=NL&geo=AT&geo=PL&geo=PT&geo=RO&geo=SI&geo=SK&geo=FI&geo=SE&geo=EU27_2020&airpol=GHG&unit=THS_T&nace_r2=TOTAL&nace_r2=TOTAL_HH&sinceTimePeriod=2013,2026-10-06
env_ac_ainah_r2:TOTAL,MT,2017,2263.7796,,2026-08-07T23:00:00+0200,https://ec.europa.eu/eurostat/api/dissemination/statistics/1.0/data/env_ac_ainah_r2?geo=BE&geo=BG&geo=CZ&geo=DK&geo=DE&geo=EE&geo=IE&geo=EL&geo=ES&geo=FR&geo=HR&geo=IT&geo=CY&geo=LV&geo=LT&geo=LU&geo=HU&geo=MT&geo=NL&geo=AT&geo=PL&geo=PT&geo=RO&geo=SI&geo=SK&geo=FI&geo=SE&geo=EU27_2020&airpol=GHG&unit=THS_T&nace_r2=TOTAL&nace_r2=TOTAL_HH&sinceTimePeriod=2013,2026-10-06
env_ac_ainah_r2:TOTAL,MT,2018,2511.06739,,2026-08-07T23:00:00+0200,https://ec.europa.eu/eurostat/api/dissemination/statistics/1.0/data/env_ac_ainah_r2?geo=BE&geo=BG&geo=CZ&geo=DK&geo=DE&geo=EE&geo=IE&geo=EL&geo=ES&geo=FR&geo=HR&geo=IT&geo=CY&geo=LV&geo=LT&geo=LU&geo=HU&geo=MT&geo=NL&geo=AT&geo=PL&geo=PT&geo=RO&geo=SI&geo=SK&geo=FI&geo=SE&geo=EU27_2020&airpol=GHG&unit=THS_T&nace_r2=TOTAL&nace_r2=TOTAL_HH&sinceTimePeriod=2013,2026-10-06
env_ac_ainah_r2:TOTAL,MT,2019,2704.09853,,2026-08-07T23:00:00+0200,https://ec.europa.eu/eurostat/api/dissemination/statistics/1.0/data/env_ac_ainah_r2?geo=BE&geo=BG&geo=CZ&geo=DK&geo=DE&geo=EE&geo=IE&geo=EL&geo=ES&geo=FR&geo=HR&geo=IT&geo=CY&geo=LV&geo=LT&geo=LU&geo=HU&geo=MT&geo=NL&geo=AT&geo=PL&geo=PT&geo=RO&geo=SI&geo=SK&geo=FI&geo=SE&geo=EU27_2020&airpol=GHG&unit=THS_T&nace_r2=TOTAL&nace_r2=TOTAL_HH&sinceTimePeriod=2013,2026-10-06
env_ac_ainah_r2:TOTAL,MT,2020,2448.98575,,2026-08-07T23:00:00+0200,https://ec.europa.eu/eurostat/api/dissemination/statistics/1.0/data/env_ac_ainah_r2?geo=BE&geo=BG&geo=CZ&geo=DK&geo=DE&geo=EE&geo=IE&geo=EL&geo=ES&geo=FR&geo=HR&geo=IT&geo=CY&geo=LV&geo=LT&geo=LU&geo=HU&geo=MT&geo=NL&geo=AT&geo=PL&geo=PT&geo=RO&geo=SI&geo=SK&geo=FI&geo=SE&geo=EU27_2020&airpol=GHG&unit=THS_T&nace_r2=TOTAL&nace_r2=TOTAL_HH&sinceTimePeriod=2013,2026-10-06
env_ac_ainah_r2:TOTAL,MT,2021,2947.11131,,2026-08-07T23:00:00+0200,https://ec.europa.eu/eurostat/api/dissemination/statistics/1.0/data/env_ac_ainah_r2?geo=BE&geo=BG&geo=CZ&geo=DK&geo=DE&geo=EE&geo=IE&geo=EL&geo=ES&geo=FR&geo=HR&geo=IT&geo=CY&geo=LV&geo=LT&geo=LU&geo=HU&geo=MT&geo=NL&geo=AT&geo=PL&geo=PT&geo=RO&geo=SI&geo=SK&geo=FI&geo=SE&geo=EU27_2020&airpol=GHG&unit=THS_T&nace_r2=TOTAL&nace_r2=TOTAL_HH&sinceTimePeriod=2013,2026-10-06
env_ac_ainah_r2:TOTAL,MT,2022,3520.52601,,2026-08-07T23:00:00+0200,https://ec.europa.eu/eurostat/api/dissemination/statistics/1.0/data/env_ac_ainah_r2?geo=BE&geo=BG&geo=CZ&geo=DK&geo=DE&geo=EE&geo=IE&geo=EL&geo=ES&geo=FR&geo=HR&geo=IT&geo=CY&geo=LV&geo=LT&geo=LU&geo=HU&geo=MT&geo=NL&geo=AT&geo=PL&geo=PT&geo=RO&geo=SI&geo=SK&geo=FI&geo=SE&geo=EU27_2020&airpol=GHG&unit=THS_T&nace_r2=TOTAL&nace_r2=TOTAL_HH&sinceTimePeriod=2013,2026-10-06
env_ac_ainah_r2:TOTAL,MT,2023,5021.98186,,2026-08-07T23:00:00+0200,https://ec.europa.eu/eurostat/api/dissemination/statistics/1.0/data/env_ac_ainah_r2?geo=BE&geo=BG&geo=CZ&geo=DK&geo=DE&geo=EE&geo=IE&geo=EL&geo=ES&geo=FR&geo=HR&geo=IT&geo=CY&geo=LV&geo=LT&geo=LU&geo=HU&geo=MT&geo=NL&geo=AT&geo=PL&geo=PT&geo=RO&geo=SI&geo=SK&geo=FI&geo=SE&geo=EU27_2020&airpol=GHG&unit=THS_T&nace_r2=TOTAL&nace_r2=TOTAL_HH&sinceTimePeriod=2013,2026-10-06
env_ac_ainah_r2:TOTAL,MT,2024,6589.38002,i,2026-08-07T23:00:00+0200,https://ec.europa.eu/eurostat/api/dissemination/statistics/1.0/data/env_ac_ainah_r2?geo=BE&geo=BG&geo=CZ&geo=DK&geo=DE&geo=EE&geo=IE&geo=EL&geo=ES&geo=FR&geo=HR&geo=IT&geo=CY&geo=LV&geo=LT&geo=LU&geo=HU&geo=MT&geo=NL&geo=AT&geo=PL&geo=PT&geo=RO&geo=SI&geo=SK&geo=FI&geo=SE&geo=EU27_2020&airpol=GHG&unit=THS_T&nace_r2=TOTAL&nace_r2=TOTAL_HH&sinceTimePeriod=2013,2026-10-06
env_ac_ainah_r2:TOTAL,NL,2013,177835.74116,i,2026-08-07T23:00:00+0200,https://ec.europa.eu/eurostat/api/dissemination/statistics/1.0/data/env_ac_ainah_r2?geo=BE&geo=BG&geo=CZ&geo=DK&geo=DE&geo=EE&geo=IE&geo=EL&geo=ES&geo=FR&geo=HR&geo=IT&geo=CY&geo=LV&geo=LT&geo=LU&geo=HU&geo=MT&geo=NL&geo=AT&geo=PL&geo=PT&geo=RO&geo=SI&geo=SK&geo=FI&geo=SE&geo=EU27_2020&airpol=GHG&unit=THS_T&nace_r2=TOTAL&nace_r2=TOTAL_HH&sinceTimePeriod=2013,2026-10-06
env_ac_ainah_r2:TOTAL,NL,2014,177307.19894,i,2026-08-07T23:00:00+0200,https://ec.europa.eu/eurostat/api/dissemination/statistics/1.0/data/env_ac_ainah_r2?geo=BE&geo=BG&geo=CZ&geo=DK&geo=DE&geo=EE&geo=IE&geo=EL&geo=ES&geo=FR&geo=HR&geo=IT&geo=CY&geo=LV&geo=LT&geo=LU&geo=HU&geo=MT&geo=NL&geo=AT&geo=PL&geo=PT&geo=RO&geo=SI&geo=SK&geo=FI&geo=SE&geo=EU27_2020&airpol=GHG&unit=THS_T&nace_r2=TOTAL&nace_r2=TOTAL_HH&sinceTimePeriod=2013,2026-10-06
env_ac_ainah_r2:TOTAL,NL,2015,183396.01223,i,2026-08-07T23:00:00+0200,https://ec.europa.eu/eurostat/api/dissemination/statistics/1.0/data/env_ac_ainah_r2?geo=BE&geo=BG&geo=CZ&geo=DK&geo=DE&geo=EE&geo=IE&geo=EL&geo=ES&geo=FR&geo=HR&geo=IT&geo=CY&geo=LV&geo=LT&geo=LU&geo=HU&geo=MT&geo=NL&geo=AT&geo=PL&geo=PT&geo=RO&geo=SI&geo=SK&geo=FI&geo=SE&geo=EU27_2020&airpol=GHG&unit=THS_T&nace_r2=TOTAL&nace_r2=TOTAL_HH&sinceTimePeriod=2013,2026-10-06
env_ac_ainah_r2:TOTAL,NL,2016,182498.96957,i,2026-08-07T23:00:00+0200,https://ec.europa.eu/eurostat/api/dissemination/statistics/1.0/data/env_ac_ainah_r2?geo=BE&geo=BG&geo=CZ&geo=DK&geo=DE&geo=EE&geo=IE&geo=EL&geo=ES&geo=FR&geo=HR&geo=IT&geo=CY&geo=LV&geo=LT&geo=LU&geo=HU&geo=MT&geo=NL&geo=AT&geo=PL&geo=PT&geo=RO&geo=SI&geo=SK&geo=FI&geo=SE&geo=EU27_2020&airpol=GHG&unit=THS_T&nace_r2=TOTAL&nace_r2=TOTAL_HH&sinceTimePeriod=2013,2026-10-06
env_ac_ainah_r2:TOTAL,NL,2017,179768.34079,i,2026-08-07T23:00:00+0200,https://ec.europa.eu/eurostat/api/dissemination/statistics/1.0/data/env_ac_ainah_r2?geo=BE&geo=BG&geo=CZ&geo=DK&geo=DE&geo=EE&geo=IE&geo=EL&geo=ES&geo=FR&geo=HR&geo=IT&geo=CY&geo=LV&geo=LT&geo=LU&geo=HU&geo=MT&geo=NL&geo=AT&geo=PL&geo=PT&geo=RO&geo=SI&geo=SK&geo=FI&geo=SE&geo=EU27_2020&airpol=GHG&unit=THS_T&nace_r2=TOTAL&nace_r2=TOTAL_HH&sinceTimePeriod=2013,2026-10-06
env_ac_ainah_r2:TOTAL,NL,2018,174645.421,i,2026-08-07T23:00:00+0200,https://ec.europa.eu/eurostat/api/dissemination/statistics/1.0/data/env_ac_ainah_r2?geo=BE&geo=BG&geo=CZ&geo=DK&geo=DE&geo=EE&geo=IE&geo=EL&geo=ES&geo=FR&geo=HR&geo=IT&geo=CY&geo=LV&geo=LT&geo=LU&geo=HU&geo=MT&geo=NL&geo=AT&geo=PL&geo=PT&geo=RO&geo=SI&geo=SK&geo=FI&geo=SE&geo=EU27_2020&airpol=GHG&unit=THS_T&nace_r2=TOTAL&nace_r2=TOTAL_HH&sinceTimePeriod=2013,2026-10-06
env_ac_ainah_r2:TOTAL,NL,2019,171653.01164,i,2026-08-07T23:00:00+0200,https://ec.europa.eu/eurostat/api/dissemination/statistics/1.0/data/env_ac_ainah_r2?geo=BE&geo=BG&geo=CZ&geo=DK&geo=DE&geo=EE&geo=IE&geo=EL&geo=ES&geo=FR&geo=HR&geo=IT&geo=CY&geo=LV&geo=LT&geo=LU&geo=HU&geo=MT&geo=NL&geo=AT&geo=PL&geo=PT&geo=RO&geo=SI&geo=SK&geo=FI&geo=SE&geo=EU27_2020&airpol=GHG&unit=THS_T&nace_r2=TOTAL&nace_r2=TOTAL_HH&sinceTimePeriod=2013,2026-10-06
env_ac_ainah_r2:TOTAL,NL,2020,152960.06218,i,2026-08-07T23:00:00+0200,https://ec.europa.eu/eurostat/api/dissemination/statistics/1.0/data/env_ac_ainah_r2?geo=BE&geo=BG&geo=CZ&geo=DK&geo=DE&geo=EE&geo=IE&geo=EL&geo=ES&geo=FR&geo=HR&geo=IT&geo=CY&geo=LV&geo=LT&geo=LU&geo=HU&geo=MT&geo=NL&geo=AT&geo=PL&geo=PT&geo=RO&geo=SI&geo=SK&geo=FI&geo=SE&geo=EU27_2020&airpol=GHG&unit=THS_T&nace_r2=TOTAL&nace_r2=TOTAL_HH&sinceTimePeriod=2013,2026-10-06
env_ac_ainah_r2:TOTAL,NL,2021,154241.73236,i,2026-08-07T23:00:00+0200,https://ec.europa.eu/eurostat/api/dissemination/statistics/1.0/data/env_ac_ainah_r2?geo=BE&geo=BG&geo=CZ&geo=DK&geo=DE&geo=EE&geo=IE&geo=EL&geo=ES&geo=FR&geo=HR&geo=IT&geo=CY&geo=LV&geo=LT&geo=LU&geo=HU&geo=MT&geo=NL&geo=AT&geo=PL&geo=PT&geo=RO&geo=SI&geo=SK&geo=FI&geo=SE&geo=EU27_2020&airpol=GHG&unit=THS_T&nace_r2=TOTAL&nace_r2=TOTAL_HH&sinceTimePeriod=2013,2026-10-06
env_ac_ainah_r2:TOTAL,NL,2022,147296.78376,i,2026-08-07T23:00:00+0200,https://ec.europa.eu/eurostat/api/dissemination/statistics/1.0/data/env_ac_ainah_r2?geo=BE&geo=BG&geo=CZ&geo=DK&geo=DE&geo=EE&geo=IE&geo=EL&geo=ES&geo=FR&geo=HR&geo=IT&geo=CY&geo=LV&geo=LT&geo=LU&geo=HU&geo=MT&geo=NL&geo=AT&geo=PL&geo=PT&geo=RO&geo=SI&geo=SK&geo=FI&geo=SE&geo=EU27_2020&airpol=GHG&unit=THS_T&nace_r2=TOTAL&nace_r2=TOTAL_HH&sinceTimePeriod=2013,2026-10-06
env_ac_ainah_r2:TOTAL,NL,2023,139355.70508,i,2026-08-07T23:00:00+0200,https://ec.europa.eu/eurostat/api/dissemination/statistics/1.0/data/env_ac_ainah_r2?geo=BE&geo=BG&geo=CZ&geo=DK&geo=DE&geo=EE&geo=IE&geo=EL&geo=ES&geo=FR&geo=HR&geo=IT&geo=CY&geo=LV&geo=LT&geo=LU&geo=HU&geo=MT&geo=NL&geo=AT&geo=PL&geo=PT&geo=RO&geo=SI&geo=SK&geo=FI&geo=SE&geo=EU27_2020&airpol=GHG&unit=THS_T&nace_r2=TOTAL&nace_r2=TOTAL_HH&sinceTimePeriod=2013,2026-10-06
env_ac_ainah_r2:TOTAL,NL,2024,139408.44551,i,2026-08-07T23:00:00+0200,https://ec.europa.eu/eurostat/api/dissemination/statistics/1.0/data/env_ac_ainah_r2?geo=BE&geo=BG&geo=CZ&geo=DK&geo=DE&geo=EE&geo=IE&geo=EL&geo=ES&geo=FR&geo=HR&geo=IT&geo=CY&geo=LV&geo=LT&geo=LU&geo=HU&geo=MT&geo=NL&geo=AT&geo=PL&geo=PT&geo=RO&geo=SI&geo=SK&geo=FI&geo=SE&geo=EU27_2020&airpol=GHG&unit=THS_T&nace_r2=TOTAL&nace_r2=TOTAL_HH&sinceTimePeriod=2013,2026-10-06
env_ac_ainah_r2:TOTAL,PL,2013,343936.14455,,2026-08-07T23:00:00+0200,https://ec.europa.eu/eurostat/api/dissemination/statistics/1.0/data/env_ac_ainah_r2?geo=BE&geo=BG&geo=CZ&geo=DK&geo=DE&geo=EE&geo=IE&geo=EL&geo=ES&geo=FR&geo=HR&geo=IT&geo=CY&geo=LV&geo=LT&geo=LU&geo=HU&geo=MT&geo=NL&geo=AT&geo=PL&geo=PT&geo=RO&geo=SI&geo=SK&geo=FI&geo=SE&geo=EU27_2020&airpol=GHG&unit=THS_T&nace_r2=TOTAL&nace_r2=TOTAL_HH&sinceTimePeriod=2013,2026-10-06
env_ac_ainah_r2:TOTAL,PL,2014,335839.27886,,2026-08-07T23:00:00+0200,https://ec.europa.eu/eurostat/api/dissemination/statistics/1.0/data/env_ac_ainah_r2?geo=BE&geo=BG&geo=CZ&geo=DK&geo=DE&geo=EE&geo=IE&geo=EL&geo=ES&geo=FR&geo=HR&geo=IT&geo=CY&geo=LV&geo=LT&geo=LU&geo=HU&geo=MT&geo=NL&geo=AT&geo=PL&geo=PT&geo=RO&geo=SI&geo=SK&geo=FI&geo=SE&geo=EU27_2020&airpol=GHG&unit=THS_T&nace_r2=TOTAL&nace_r2=TOTAL_HH&sinceTimePeriod=2013,2026-10-06
env_ac_ainah_r2:TOTAL,PL,2015,338756.57961,,2026-08-07T23:00:00+0200,https://ec.europa.eu/eurostat/api/dissemination/statistics/1.0/data/env_ac_ainah_r2?geo=BE&geo=BG&geo=CZ&geo=DK&geo=DE&geo=EE&geo=IE&geo=EL&geo=ES&geo=FR&geo=HR&geo=IT&geo=CY&geo=LV&geo=LT&geo=LU&geo=HU&geo=MT&geo=NL&geo=AT&geo=PL&geo=PT&geo=RO&geo=SI&geo=SK&geo=FI&geo=SE&geo=EU27_2020&airpol=GHG&unit=THS_T&nace_r2=TOTAL&nace_r2=TOTAL_HH&sinceTimePeriod=2013,2026-10-06
env_ac_ainah_r2:TOTAL,PL,2016,349282.74105,,2026-08-07T23:00:00+0200,https://ec.europa.eu/eurostat/api/dissemination/statistics/1.0/data/env_ac_ainah_r2?geo=BE&geo=BG&geo=CZ&geo=DK&geo=DE&geo=EE&geo=IE&geo=EL&geo=ES&geo=FR&geo=HR&geo=IT&geo=CY&geo=LV&geo=LT&geo=LU&geo=HU&geo=MT&geo=NL&geo=AT&geo=PL&geo=PT&geo=RO&geo=SI&geo=SK&geo=FI&geo=SE&geo=EU27_2020&airpol=GHG&unit=THS_T&nace_r2=TOTAL&nace_r2=TOTAL_HH&sinceTimePeriod=2013,2026-10-06
env_ac_ainah_r2:TOTAL,PL,2017,367311.49354,,2026-08-07T23:00:00+0200,https://ec.europa.eu/eurostat/api/dissemination/statistics/1.0/data/env_ac_ainah_r2?geo=BE&geo=BG&geo=CZ&geo=DK&geo=DE&geo=EE&geo=IE&geo=EL&geo=ES&geo=FR&geo=HR&geo=IT&geo=CY&geo=LV&geo=LT&geo=LU&geo=HU&geo=MT&geo=NL&geo=AT&geo=PL&geo=PT&geo=RO&geo=SI&geo=SK&geo=FI&geo=SE&geo=EU27_2020&airpol=GHG&unit=THS_T&nace_r2=TOTAL&nace_r2=TOTAL_HH&sinceTimePeriod=2013,2026-10-06
env_ac_ainah_r2:TOTAL,PL,2018,367216.88739,,2026-08-07T23:00:00+0200,https://ec.europa.eu/eurostat/api/dissemination/statistics/1.0/data/env_ac_ainah_r2?geo=BE&geo=BG&geo=CZ&geo=DK&geo=DE&geo=EE&geo=IE&geo=EL&geo=ES&geo=FR&geo=HR&geo=IT&geo=CY&geo=LV&geo=LT&geo=LU&geo=HU&geo=MT&geo=NL&geo=AT&geo=PL&geo=PT&geo=RO&geo=SI&geo=SK&geo=FI&geo=SE&geo=EU27_2020&airpol=GHG&unit=THS_T&nace_r2=TOTAL&nace_r2=TOTAL_HH&sinceTimePeriod=2013,2026-10-06
env_ac_ainah_r2:TOTAL,PL,2019,350242.51422,,2026-08-07T23:00:00+0200,https://ec.europa.eu/eurostat/api/dissemination/statistics/1.0/data/env_ac_ainah_r2?geo=BE&geo=BG&geo=CZ&geo=DK&geo=DE&geo=EE&geo=IE&geo=EL&geo=ES&geo=FR&geo=HR&geo=IT&geo=CY&geo=LV&geo=LT&geo=LU&geo=HU&geo=MT&geo=NL&geo=AT&geo=PL&geo=PT&geo=RO&geo=SI&geo=SK&geo=FI&geo=SE&geo=EU27_2020&airpol=GHG&unit=THS_T&nace_r2=TOTAL&nace_r2=TOTAL_HH&sinceTimePeriod=2013,2026-10-06
env_ac_ainah_r2:TOTAL,PL,2020,334097.94687,,2026-08-07T23:00:00+0200,https://ec.europa.eu/eurostat/api/dissemination/statistics/1.0/data/env_ac_ainah_r2?geo=BE&geo=BG&geo=CZ&geo=DK&geo=DE&geo=EE&geo=IE&geo=EL&geo=ES&geo=FR&geo=HR&geo=IT&geo=CY&geo=LV&geo=LT&geo=LU&geo=HU&geo=MT&geo=NL&geo=AT&geo=PL&geo=PT&geo=RO&geo=SI&geo=SK&geo=FI&geo=SE&geo=EU27_2020&airpol=GHG&unit=THS_T&nace_r2=TOTAL&nace_r2=TOTAL_HH&sinceTimePeriod=2013,2026-10-06
env_ac_ainah_r2:TOTAL,PL,2021,364929.43213,,2026-08-07T23:00:00+0200,https://ec.europa.eu/eurostat/api/dissemination/statistics/1.0/data/env_ac_ainah_r2?geo=BE&geo=BG&geo=CZ&geo=DK&geo=DE&geo=EE&geo=IE&geo=EL&geo=ES&geo=FR&geo=HR&geo=IT&geo=CY&geo=LV&geo=LT&geo=LU&geo=HU&geo=MT&geo=NL&geo=AT&geo=PL&geo=PT&geo=RO&geo=SI&geo=SK&geo=FI&geo=SE&geo=EU27_2020&airpol=GHG&unit=THS_T&nace_r2=TOTAL&nace_r2=TOTAL_HH&sinceTimePeriod=2013,2026-10-06
env_ac_ainah_r2:TOTAL,PL,2022,350928.24966,,2026-08-07T23:00:00+0200,https://ec.europa.eu/eurostat/api/dissemination/statistics/1.0/data/env_ac_ainah_r2?geo=BE&geo=BG&geo=CZ&geo=DK&geo=DE&geo=EE&geo=IE&geo=EL&geo=ES&geo=FR&geo=HR&geo=IT&geo=CY&geo=LV&geo=LT&geo=LU&geo=HU&geo=MT&geo=NL&geo=AT&geo=PL&geo=PT&geo=RO&geo=SI&geo=SK&geo=FI&geo=SE&geo=EU27_2020&airpol=GHG&unit=THS_T&nace_r2=TOTAL&nace_r2=TOTAL_HH&sinceTimePeriod=2013,2026-10-06
env_ac_ainah_r2:TOTAL,PL,2023,318972.74937,,2026-08-07T23:00:00+0200,https://ec.europa.eu/eurostat/api/dissemination/statistics/1.0/data/env_ac_ainah_r2?geo=BE&geo=BG&geo=CZ&geo=DK&geo=DE&geo=EE&geo=IE&geo=EL&geo=ES&geo=FR&geo=HR&geo=IT&geo=CY&geo=LV&geo=LT&geo=LU&geo=HU&geo=MT&geo=NL&geo=AT&geo=PL&geo=PT&geo=RO&geo=SI&geo=SK&geo=FI&geo=SE&geo=EU27_2020&airpol=GHG&unit=THS_T&nace_r2=TOTAL&nace_r2=TOTAL_HH&sinceTimePeriod=2013,2026-10-06
env_ac_ainah_r2:TOTAL,PL,2024,306209.62458,i,2026-08-07T23:00:00+0200,https://ec.europa.eu/eurostat/api/dissemination/statistics/1.0/data/env_ac_ainah_r2?geo=BE&geo=BG&geo=CZ&geo=DK&geo=DE&geo=EE&geo=IE&geo=EL&geo=ES&geo=FR&geo=HR&geo=IT&geo=CY&geo=LV&geo=LT&geo=LU&geo=HU&geo=MT&geo=NL&geo=AT&geo=PL&geo=PT&geo=RO&geo=SI&geo=SK&geo=FI&geo=SE&geo=EU27_2020&airpol=GHG&unit=THS_T&nace_r2=TOTAL&nace_r2=TOTAL_HH&sinceTimePeriod=2013,2026-10-06
env_ac_ainah_r2:TOTAL,PT,2013,56998.70901,,2026-08-07T23:00:00+0200,https://ec.europa.eu/eurostat/api/dissemination/statistics/1.0/data/env_ac_ainah_r2?geo=BE&geo=BG&geo=CZ&geo=DK&geo=DE&geo=EE&geo=IE&geo=EL&geo=ES&geo=FR&geo=HR&geo=IT&geo=CY&geo=LV&geo=LT&geo=LU&geo=HU&geo=MT&geo=NL&geo=AT&geo=PL&geo=PT&geo=RO&geo=SI&geo=SK&geo=FI&geo=SE&geo=EU27_2020&airpol=GHG&unit=THS_T&nace_r2=TOTAL&nace_r2=TOTAL_HH&sinceTimePeriod=2013,2026-10-06
env_ac_ainah_r2:TOTAL,PT,2014,56993.5856,,2026-08-07T23:00:00+0200,https://ec.europa.eu/eurostat/api/dissemination/statistics/1.0/data/env_ac_ainah_r2?geo=BE&geo=BG&geo=CZ&geo=DK&geo=DE&geo=EE&geo=IE&geo=EL&geo=ES&geo=FR&geo=HR&geo=IT&geo=CY&geo=LV&geo=LT&geo=LU&geo=HU&geo=MT&geo=NL&geo=AT&geo=PL&geo=PT&geo=RO&geo=SI&geo=SK&geo=FI&geo=SE&geo=EU27_2020&airpol=GHG&unit=THS_T&nace_r2=TOTAL&nace_r2=TOTAL_HH&sinceTimePeriod=2013,2026-10-06
env_ac_ainah_r2:TOTAL,PT,2015,61078.012,,2026-08-07T23:00:00+0200,https://ec.europa.eu/eurostat/api/dissemination/statistics/1.0/data/env_ac_ainah_r2?geo=BE&geo=BG&geo=CZ&geo=DK&geo=DE&geo=EE&geo=IE&geo=EL&geo=ES&geo=FR&geo=HR&geo=IT&geo=CY&geo=LV&geo=LT&geo=LU&geo=HU&geo=MT&geo=NL&geo=AT&geo=PL&geo=PT&geo=RO&geo=SI&geo=SK&geo=FI&geo=SE&geo=EU27_2020&airpol=GHG&unit=THS_T&nace_r2=TOTAL&nace_r2=TOTAL_HH&sinceTimePeriod=2013,2026-10-06
env_ac_ainah_r2:TOTAL,PT,2016,58920.15019,,2026-08-07T23:00:00+0200,https://ec.europa.eu/eurostat/api/dissemination/statistics/1.0/data/env_ac_ainah_r2?geo=BE&geo=BG&geo=CZ&geo=DK&geo=DE&geo=EE&geo=IE&geo=EL&geo=ES&geo=FR&geo=HR&geo=IT&geo=CY&geo=LV&geo=LT&geo=LU&geo=HU&geo=MT&geo=NL&geo=AT&geo=PL&geo=PT&geo=RO&geo=SI&geo=SK&geo=FI&geo=SE&geo=EU27_2020&airpol=GHG&unit=THS_T&nace_r2=TOTAL&nace_r2=TOTAL_HH&sinceTimePeriod=2013,2026-10-06
env_ac_ainah_r2:TOTAL,PT,2017,64199.26562,,2026-08-07T23:00:00+0200,https://ec.europa.eu/eurostat/api/dissemination/statistics/1.0/data/env_ac_ainah_r2?geo=BE&geo=BG&geo=CZ&geo=DK&geo=DE&geo=EE&geo=IE&geo=EL&geo=ES&geo=FR&geo=HR&geo=IT&geo=CY&geo=LV&geo=LT&geo=LU&geo=HU&geo=MT&geo=NL&geo=AT&geo=PL&geo=PT&geo=RO&geo=SI&geo=SK&geo=FI&geo=SE&geo=EU27_2020&airpol=GHG&unit=THS_T&nace_r2=TOTAL&nace_r2=TOTAL_HH&sinceTimePeriod=2013,2026-10-06
env_ac_ainah_r2:TOTAL,PT,2018,60799.50631,,2026-08-07T23:00:00+0200,https://ec.europa.eu/eurostat/api/dissemination/statistics/1.0/data/env_ac_ainah_r2?geo=BE&geo=BG&geo=CZ&geo=DK&geo=DE&geo=EE&geo=IE&geo=EL&geo=ES&geo=FR&geo=HR&geo=IT&geo=CY&geo=LV&geo=LT&geo=LU&geo=HU&geo=MT&geo=NL&geo=AT&geo=PL&geo=PT&geo=RO&geo=SI&geo=SK&geo=FI&geo=SE&geo=EU27_2020&airpol=GHG&unit=THS_T&nace_r2=TOTAL&nace_r2=TOTAL_HH&sinceTimePeriod=2013,2026-10-06
env_ac_ainah_r2:TOTAL,PT,2019,57208.24528,,2026-08-07T23:00:00+0200,https://ec.europa.eu/eurostat/api/dissemination/statistics/1.0/data/env_ac_ainah_r2?geo=BE&geo=BG&geo=CZ&geo=DK&geo=DE&geo=EE&geo=IE&geo=EL&geo=ES&geo=FR&geo=HR&geo=IT&geo=CY&geo=LV&geo=LT&geo=LU&geo=HU&geo=MT&geo=NL&geo=AT&geo=PL&geo=PT&geo=RO&geo=SI&geo=SK&geo=FI&geo=SE&geo=EU27_2020&airpol=GHG&unit=THS_T&nace_r2=TOTAL&nace_r2=TOTAL_HH&sinceTimePeriod=2013,2026-10-06
env_ac_ainah_r2:TOTAL,PT,2020,49777.99666,,2026-08-07T23:00:00+0200,https://ec.europa.eu/eurostat/api/dissemination/statistics/1.0/data/env_ac_ainah_r2?geo=BE&geo=BG&geo=CZ&geo=DK&geo=DE&geo=EE&geo=IE&geo=EL&geo=ES&geo=FR&geo=HR&geo=IT&geo=CY&geo=LV&geo=LT&geo=LU&geo=HU&geo=MT&geo=NL&geo=AT&geo=PL&geo=PT&geo=RO&geo=SI&geo=SK&geo=FI&geo=SE&geo=EU27_2020&airpol=GHG&unit=THS_T&nace_r2=TOTAL&nace_r2=TOTAL_HH&sinceTimePeriod=2013,2026-10-06
env_ac_ainah_r2:TOTAL,PT,2021,49490.4094,,2026-08-07T23:00:00+0200,https://ec.europa.eu/eurostat/api/dissemination/statistics/1.0/data/env_ac_ainah_r2?geo=BE&geo=BG&geo=CZ&geo=DK&geo=DE&geo=EE&geo=IE&geo=EL&geo=ES&geo=FR&geo=HR&geo=IT&geo=CY&geo=LV&geo=LT&geo=LU&geo=HU&geo=MT&geo=NL&geo=AT&geo=PL&geo=PT&geo=RO&geo=SI&geo=SK&geo=FI&geo=SE&geo=EU27_2020&airpol=GHG&unit=THS_T&nace_r2=TOTAL&nace_r2=TOTAL_HH&sinceTimePeriod=2013,2026-10-06
env_ac_ainah_r2:TOTAL,PT,2022,50241.18011,,2026-08-07T23:00:00+0200,https://ec.europa.eu/eurostat/api/dissemination/statistics/1.0/data/env_ac_ainah_r2?geo=BE&geo=BG&geo=CZ&geo=DK&geo=DE&geo=EE&geo=IE&geo=EL&geo=ES&geo=FR&geo=HR&geo=IT&geo=CY&geo=LV&geo=LT&geo=LU&geo=HU&geo=MT&geo=NL&geo=AT&geo=PL&geo=PT&geo=RO&geo=SI&geo=SK&geo=FI&geo=SE&geo=EU27_2020&airpol=GHG&unit=THS_T&nace_r2=TOTAL&nace_r2=TOTAL_HH&sinceTimePeriod=2013,2026-10-06
env_ac_ainah_r2:TOTAL,PT,2023,46263.78223,,2026-08-07T23:00:00+0200,https://ec.europa.eu/eurostat/api/dissemination/statistics/1.0/data/env_ac_ainah_r2?geo=BE&geo=BG&geo=CZ&geo=DK&geo=DE&geo=EE&geo=IE&geo=EL&geo=ES&geo=FR&geo=HR&geo=IT&geo=CY&geo=LV&geo=LT&geo=LU&geo=HU&geo=MT&geo=NL&geo=AT&geo=PL&geo=PT&geo=RO&geo=SI&geo=SK&geo=FI&geo=SE&geo=EU27_2020&airpol=GHG&unit=THS_T&nace_r2=TOTAL&nace_r2=TOTAL_HH&sinceTimePeriod=2013,2026-10-06
env_ac_ainah_r2:TOTAL,PT,2024,44815.63889,i,2026-08-07T23:00:00+0200,https://ec.europa.eu/eurostat/api/dissemination/statistics/1.0/data/env_ac_ainah_r2?geo=BE&geo=BG&geo=CZ&geo=DK&geo=DE&geo=EE&geo=IE&geo=EL&geo=ES&geo=FR&geo=HR&geo=IT&geo=CY&geo=LV&geo=LT&geo=LU&geo=HU&geo=MT&geo=NL&geo=AT&geo=PL&geo=PT&geo=RO&geo=SI&geo=SK&geo=FI&geo=SE&geo=EU27_2020&airpol=GHG&unit=THS_T&nace_r2=TOTAL&nace_r2=TOTAL_HH&sinceTimePeriod=2013,2026-10-06
env_ac_ainah_r2:TOTAL,RO,2013,103136.21081,,2026-08-07T23:00:00+0200,https://ec.europa.eu/eurostat/api/dissemination/statistics/1.0/data/env_ac_ainah_r2?geo=BE&geo=BG&geo=CZ&geo=DK&geo=DE&geo=EE&geo=IE&geo=EL&geo=ES&geo=FR&geo=HR&geo=IT&geo=CY&geo=LV&geo=LT&geo=LU&geo=HU&geo=MT&geo=NL&geo=AT&geo=PL&geo=PT&geo=RO&geo=SI&geo=SK&geo=FI&geo=SE&geo=EU27_2020&airpol=GHG&unit=THS_T&nace_r2=TOTAL&nace_r2=TOTAL_HH&sinceTimePeriod=2013,2026-10-06
env_ac_ainah_r2:TOTAL,RO,2014,103279.05034,,2026-08-07T23:00:00+0200,https://ec.europa.eu/eurostat/api/dissemination/statistics/1.0/data/env_ac_ainah_r2?geo=BE&geo=BG&geo=CZ&geo=DK&geo=DE&geo=EE&geo=IE&geo=EL&geo=ES&geo=FR&geo=HR&geo=IT&geo=CY&geo=LV&geo=LT&geo=LU&geo=HU&geo=MT&geo=NL&geo=AT&geo=PL&geo=PT&geo=RO&geo=SI&geo=SK&geo=FI&geo=SE&geo=EU27_2020&airpol=GHG&unit=THS_T&nace_r2=TOTAL&nace_r2=TOTAL_HH&sinceTimePeriod=2013,2026-10-06
env_ac_ainah_r2:TOTAL,RO,2015,101931.58404,,2026-08-07T23:00:00+0200,https://ec.europa.eu/eurostat/api/dissemination/statistics/1.0/data/env_ac_ainah_r2?geo=BE&geo=BG&geo=CZ&geo=DK&geo=DE&geo=EE&geo=IE&geo=EL&geo=ES&geo=FR&geo=HR&geo=IT&geo=CY&geo=LV&geo=LT&geo=LU&geo=HU&geo=MT&geo=NL&geo=AT&geo=PL&geo=PT&geo=RO&geo=SI&geo=SK&geo=FI&geo=SE&geo=EU27_2020&airpol=GHG&unit=THS_T&nace_r2=TOTAL&nace_r2=TOTAL_HH&sinceTimePeriod=2013,2026-10-06
env_ac_ainah_r2:TOTAL,RO,2016,99632.71812,,2026-08-07T23:00:00+0200,https://ec.europa.eu/eurostat/api/dissemination/statistics/1.0/data/env_ac_ainah_r2?geo=BE&geo=BG&geo=CZ&geo=DK&geo=DE&geo=EE&geo=IE&geo=EL&geo=ES&geo=FR&geo=HR&geo=IT&geo=CY&geo=LV&geo=LT&geo=LU&geo=HU&geo=MT&geo=NL&geo=AT&geo=PL&geo=PT&geo=RO&geo=SI&geo=SK&geo=FI&geo=SE&geo=EU27_2020&airpol=GHG&unit=THS_T&nace_r2=TOTAL&nace_r2=TOTAL_HH&sinceTimePeriod=2013,2026-10-06
env_ac_ainah_r2:TOTAL,RO,2017,101677.13113,,2026-08-07T23:00:00+0200,https://ec.europa.eu/eurostat/api/dissemination/statistics/1.0/data/env_ac_ainah_r2?geo=BE&geo=BG&geo=CZ&geo=DK&geo=DE&geo=EE&geo=IE&geo=EL&geo=ES&geo=FR&geo=HR&geo=IT&geo=CY&geo=LV&geo=LT&geo=LU&geo=HU&geo=MT&geo=NL&geo=AT&geo=PL&geo=PT&geo=RO&geo=SI&geo=SK&geo=FI&geo=SE&geo=EU27_2020&airpol=GHG&unit=THS_T&nace_r2=TOTAL&nace_r2=TOTAL_HH&sinceTimePeriod=2013,2026-10-06
env_ac_ainah_r2:TOTAL,RO,2018,101681.77156,,2026-08-07T23:00:00+0200,https://ec.europa.eu/eurostat/api/dissemination/statistics/1.0/data/env_ac_ainah_r2?geo=BE&geo=BG&geo=CZ&geo=DK&geo=DE&geo=EE&geo=IE&geo=EL&geo=ES&geo=FR&geo=HR&geo=IT&geo=CY&geo=LV&geo=LT&geo=LU&geo=HU&geo=MT&geo=NL&geo=AT&geo=PL&geo=PT&geo=RO&geo=SI&geo=SK&geo=FI&geo=SE&geo=EU27_2020&airpol=GHG&unit=THS_T&nace_r2=TOTAL&nace_r2=TOTAL_HH&sinceTimePeriod=2013,2026-10-06
env_ac_ainah_r2:TOTAL,RO,2019,98292.51653,,2026-08-07T23:00:00+0200,https://ec.europa.eu/eurostat/api/dissemination/statistics/1.0/data/env_ac_ainah_r2?geo=BE&geo=BG&geo=CZ&geo=DK&geo=DE&geo=EE&geo=IE&geo=EL&geo=ES&geo=FR&geo=HR&geo=IT&geo=CY&geo=LV&geo=LT&geo=LU&geo=HU&geo=MT&geo=NL&geo=AT&geo=PL&geo=PT&geo=RO&geo=SI&geo=SK&geo=FI&geo=SE&geo=EU27_2020&airpol=GHG&unit=THS_T&nace_r2=TOTAL&nace_r2=TOTAL_HH&sinceTimePeriod=2013,2026-10-06
env_ac_ainah_r2:TOTAL,RO,2020,93614.75641,,2026-08-07T23:00:00+0200,https://ec.europa.eu/eurostat/api/dissemination/statistics/1.0/data/env_ac_ainah_r2?geo=BE&geo=BG&geo=CZ&geo=DK&geo=DE&geo=EE&geo=IE&geo=EL&geo=ES&geo=FR&geo=HR&geo=IT&geo=CY&geo=LV&geo=LT&geo=LU&geo=HU&geo=MT&geo=NL&geo=AT&geo=PL&geo=PT&geo=RO&geo=SI&geo=SK&geo=FI&geo=SE&geo=EU27_2020&airpol=GHG&unit=THS_T&nace_r2=TOTAL&nace_r2=TOTAL_HH&sinceTimePeriod=2013,2026-10-06
env_ac_ainah_r2:TOTAL,RO,2021,95730.55427,,2026-08-07T23:00:00+0200,https://ec.europa.eu/eurostat/api/dissemination/statistics/1.0/data/env_ac_ainah_r2?geo=BE&geo=BG&geo=CZ&geo=DK&geo=DE&geo=EE&geo=IE&geo=EL&geo=ES&geo=FR&geo=HR&geo=IT&geo=CY&geo=LV&geo=LT&geo=LU&geo=HU&geo=MT&geo=NL&geo=AT&geo=PL&geo=PT&geo=RO&geo=SI&geo=SK&geo=FI&geo=SE&geo=EU27_2020&airpol=GHG&unit=THS_T&nace_r2=TOTAL&nace_r2=TOTAL_HH&sinceTimePeriod=2013,2026-10-06
env_ac_ainah_r2:TOTAL,RO,2022,90399.7102,,2026-08-07T23:00:00+0200,https://ec.europa.eu/eurostat/api/dissemination/statistics/1.0/data/env_ac_ainah_r2?geo=BE&geo=BG&geo=CZ&geo=DK&geo=DE&geo=EE&geo=IE&geo=EL&geo=ES&geo=FR&geo=HR&geo=IT&geo=CY&geo=LV&geo=LT&geo=LU&geo=HU&geo=MT&geo=NL&geo=AT&geo=PL&geo=PT&geo=RO&geo=SI&geo=SK&geo=FI&geo=SE&geo=EU27_2020&airpol=GHG&unit=THS_T&nace_r2=TOTAL&nace_r2=TOTAL_HH&sinceTimePeriod=2013,2026-10-06
env_ac_ainah_r2:TOTAL,RO,2023,84163.16181,,2026-08-07T23:00:00+0200,https://ec.europa.eu/eurostat/api/dissemination/statistics/1.0/data/env_ac_ainah_r2?geo=BE&geo=BG&geo=CZ&geo=DK&geo=DE&geo=EE&geo=IE&geo=EL&geo=ES&geo=FR&geo=HR&geo=IT&geo=CY&geo=LV&geo=LT&geo=LU&geo=HU&geo=MT&geo=NL&geo=AT&geo=PL&geo=PT&geo=RO&geo=SI&geo=SK&geo=FI&geo=SE&geo=EU27_2020&airpol=GHG&unit=THS_T&nace_r2=TOTAL&nace_r2=TOTAL_HH&sinceTimePeriod=2013,2026-10-06
env_ac_ainah_r2:TOTAL,RO,2024,93872.22325,i,2026-08-07T23:00:00+0200,https://ec.europa.eu/eurostat/api/dissemination/statistics/1.0/data/env_ac_ainah_r2?geo=BE&geo=BG&geo=CZ&geo=DK&geo=DE&geo=EE&geo=IE&geo=EL&geo=ES&geo=FR&geo=HR&geo=IT&geo=CY&geo=LV&geo=LT&geo=LU&geo=HU&geo=MT&geo=NL&geo=AT&geo=PL&geo=PT&geo=RO&geo=SI&geo=SK&geo=FI&geo=SE&geo=EU27_2020&airpol=GHG&unit=THS_T&nace_r2=TOTAL&nace_r2=TOTAL_HH&sinceTimePeriod=2013,2026-10-06
env_ac_ainah_r2:TOTAL,SE,2013,47860.318,,2026-08-07T23:00:00+0200,https://ec.europa.eu/eurostat/api/dissemination/statistics/1.0/data/env_ac_ainah_r2?geo=BE&geo=BG&geo=CZ&geo=DK&geo=DE&geo=EE&geo=IE&geo=EL&geo=ES&geo=FR&geo=HR&geo=IT&geo=CY&geo=LV&geo=LT&geo=LU&geo=HU&geo=MT&geo=NL&geo=AT&geo=PL&geo=PT&geo=RO&geo=SI&geo=SK&geo=FI&geo=SE&geo=EU27_2020&airpol=GHG&unit=THS_T&nace_r2=TOTAL&nace_r2=TOTAL_HH&sinceTimePeriod=2013,2026-10-06
env_ac_ainah_r2:TOTAL,SE,2014,46358.3964,,2026-08-07T23:00:00+0200,https://ec.europa.eu/eurostat/api/dissemination/statistics/1.0/data/env_ac_ainah_r2?geo=BE&geo=BG&geo=CZ&geo=DK&geo=DE&geo=EE&geo=IE&geo=EL&geo=ES&geo=FR&geo=HR&geo=IT&geo=CY&geo=LV&geo=LT&geo=LU&geo=HU&geo=MT&geo=NL&geo=AT&geo=PL&geo=PT&geo=RO&geo=SI&geo=SK&geo=FI&geo=SE&geo=EU27_2020&airpol=GHG&unit=THS_T&nace_r2=TOTAL&nace_r2=TOTAL_HH&sinceTimePeriod=2013,2026-10-06
env_ac_ainah_r2:TOTAL,SE,2015,46864.42612,,2026-08-07T23:00:00+0200,https://ec.europa.eu/eurostat/api/dissemination/statistics/1.0/data/env_ac_ainah_r2?geo=BE&geo=BG&geo=CZ&geo=DK&geo=DE&geo=EE&geo=IE&geo=EL&geo=ES&geo=FR&geo=HR&geo=IT&geo=CY&geo=LV&geo=LT&geo=LU&geo=HU&geo=MT&geo=NL&geo=AT&geo=PL&geo=PT&geo=RO&geo=SI&geo=SK&geo=FI&geo=SE&geo=EU27_2020&airpol=GHG&unit=THS_T&nace_r2=TOTAL&nace_r2=TOTAL_HH&sinceTimePeriod=2013,2026-10-06
env_ac_ainah_r2:TOTAL,SE,2016,48037.6584,,2026-08-07T23:00:00+0200,https://ec.europa.eu/eurostat/api/dissemination/statistics/1.0/data/env_ac_ainah_r2?geo=BE&geo=BG&geo=CZ&geo=DK&geo=DE&geo=EE&geo=IE&geo=EL&geo=ES&geo=FR&geo=HR&geo=IT&geo=CY&geo=LV&geo=LT&geo=LU&geo=HU&geo=MT&geo=NL&geo=AT&geo=PL&geo=PT&geo=RO&geo=SI&geo=SK&geo=FI&geo=SE&geo=EU27_2020&airpol=GHG&unit=THS_T&nace_r2=TOTAL&nace_r2=TOTAL_HH&sinceTimePeriod=2013,2026-10-06
env_ac_ainah_r2:TOTAL,SE,2017,46792.58553,,2026-08-07T23:00:00+0200,https://ec.europa.eu/eurostat/api/dissemination/statistics/1.0/data/env_ac_ainah_r2?geo=BE&geo=BG&geo=CZ&geo=DK&geo=DE&geo=EE&geo=IE&geo=EL&geo=ES&geo=FR&geo=HR&geo=IT&geo=CY&geo=LV&geo=LT&geo=LU&geo=HU&geo=MT&geo=NL&geo=AT&geo=PL&geo=PT&geo=RO&geo=SI&geo=SK&geo=FI&geo=SE&geo=EU27_2020&airpol=GHG&unit=THS_T&nace_r2=TOTAL&nace_r2=TOTAL_HH&sinceTimePeriod=2013,2026-10-06
env_ac_ainah_r2:TOTAL,SE,2018,46280.81446,,2026-08-07T23:00:00+0200,https://ec.europa.eu/eurostat/api/dissemination/statistics/1.0/data/env_ac_ainah_r2?geo=BE&geo=BG&geo=CZ&geo=DK&geo=DE&geo=EE&geo=IE&geo=EL&geo=ES&geo=FR&geo=HR&geo=IT&geo=CY&geo=LV&geo=LT&geo=LU&geo=HU&geo=MT&geo=NL&geo=AT&geo=PL&geo=PT&geo=RO&geo=SI&geo=SK&geo=FI&geo=SE&geo=EU27_2020&airpol=GHG&unit=THS_T&nace_r2=TOTAL&nace_r2=TOTAL_HH&sinceTimePeriod=2013,2026-10-06
env_ac_ainah_r2:TOTAL,SE,2019,45159.44444,,2026-08-07T23:00:00+0200,https://ec.europa.eu/eurostat/api/dissemination/statistics/1.0/data/env_ac_ainah_r2?geo=BE&geo=BG&geo=CZ&geo=DK&geo=DE&geo=EE&geo=IE&geo=EL&geo=ES&geo=FR&geo=HR&geo=IT&geo=CY&geo=LV&geo=LT&geo=LU&geo=HU&geo=MT&geo=NL&geo=AT&geo=PL&geo=PT&geo=RO&geo=SI&geo=SK&geo=FI&geo=SE&geo=EU27_2020&airpol=GHG&unit=THS_T&nace_r2=TOTAL&nace_r2=TOTAL_HH&sinceTimePeriod=2013,2026-10-06
env_ac_ainah_r2:TOTAL,SE,2020,40258.93697,,2026-08-07T23:00:00+0200,https://ec.europa.eu/eurostat/api/dissemination/statistics/1.0/data/env_ac_ainah_r2?geo=BE&geo=BG&geo=CZ&geo=DK&geo=DE&geo=EE&geo=IE&geo=EL&geo=ES&geo=FR&geo=HR&geo=IT&geo=CY&geo=LV&geo=LT&geo=LU&geo=HU&geo=MT&geo=NL&geo=AT&geo=PL&geo=PT&geo=RO&geo=SI&geo=SK&geo=FI&geo=SE&geo=EU27_2020&airpol=GHG&unit=THS_T&nace_r2=TOTAL&nace_r2=TOTAL_HH&sinceTimePeriod=2013,2026-10-06
env_ac_ainah_r2:TOTAL,SE,2021,42267.02709,,2026-08-07T23:00:00+0200,https://ec.europa.eu/eurostat/api/dissemination/statistics/1.0/data/env_ac_ainah_r2?geo=BE&geo=BG&geo=CZ&geo=DK&geo=DE&geo=EE&geo=IE&geo=EL&geo=ES&geo=FR&geo=HR&geo=IT&geo=CY&geo=LV&geo=LT&geo=LU&geo=HU&geo=MT&geo=NL&geo=AT&geo=PL&geo=PT&geo=RO&geo=SI&geo=SK&geo=FI&geo=SE&geo=EU27_2020&airpol=GHG&unit=THS_T&nace_r2=TOTAL&nace_r2=TOTAL_HH&sinceTimePeriod=2013,2026-10-06
env_ac_ainah_r2:TOTAL,SE,2022,42051.30285,,2026-08-07T23:00:00+0200,https://ec.europa.eu/eurostat/api/dissemination/statistics/1.0/data/env_ac_ainah_r2?geo=BE&geo=BG&geo=CZ&geo=DK&geo=DE&geo=EE&geo=IE&geo=EL&geo=ES&geo=FR&geo=HR&geo=IT&geo=CY&geo=LV&geo=LT&geo=LU&geo=HU&geo=MT&geo=NL&geo=AT&geo=PL&geo=PT&geo=RO&geo=SI&geo=SK&geo=FI&geo=SE&geo=EU27_2020&airpol=GHG&unit=THS_T&nace_r2=TOTAL&nace_r2=TOTAL_HH&sinceTimePeriod=2013,2026-10-06
env_ac_ainah_r2:TOTAL,SE,2023,41463.98299,,2026-08-07T23:00:00+0200,https://ec.europa.eu/eurostat/api/dissemination/statistics/1.0/data/env_ac_ainah_r2?geo=BE&geo=BG&geo=CZ&geo=DK&geo=DE&geo=EE&geo=IE&geo=EL&geo=ES&geo=FR&geo=HR&geo=IT&geo=CY&geo=LV&geo=LT&geo=LU&geo=HU&geo=MT&geo=NL&geo=AT&geo=PL&geo=PT&geo=RO&geo=SI&geo=SK&geo=FI&geo=SE&geo=EU27_2020&airpol=GHG&unit=THS_T&nace_r2=TOTAL&nace_r2=TOTAL_HH&sinceTimePeriod=2013,2026-10-06
env_ac_ainah_r2:TOTAL,SE,2024,43568.40211,,2026-08-07T23:00:00+0200,https://ec.europa.eu/eurostat/api/dissemination/statistics/1.0/data/env_ac_ainah_r2?geo=BE&geo=BG&geo=CZ&geo=DK&geo=DE&geo=EE&geo=IE&geo=EL&geo=ES&geo=FR&geo=HR&geo=IT&geo=CY&geo=LV&geo=LT&geo=LU&geo=HU&geo=MT&geo=NL&geo=AT&geo=PL&geo=PT&geo=RO&geo=SI&geo=SK&geo=FI&geo=SE&geo=EU27_2020&airpol=GHG&unit=THS_T&nace_r2=TOTAL&nace_r2=TOTAL_HH&sinceTimePeriod=2013,2026-10-06
env_ac_ainah_r2:TOTAL,SI,2013,13804.86642,,2026-08-07T23:00:00+0200,https://ec.europa.eu/eurostat/api/dissemination/statistics/1.0/data/env_ac_ainah_r2?geo=BE&geo=BG&geo=CZ&geo=DK&geo=DE&geo=EE&geo=IE&geo=EL&geo=ES&geo=FR&geo=HR&geo=IT&geo=CY&geo=LV&geo=LT&geo=LU&geo=HU&geo=MT&geo=NL&geo=AT&geo=PL&geo=PT&geo=RO&geo=SI&geo=SK&geo=FI&geo=SE&geo=EU27_2020&airpol=GHG&unit=THS_T&nace_r2=TOTAL&nace_r2=TOTAL_HH&sinceTimePeriod=2013,2026-10-06
env_ac_ainah_r2:TOTAL,SI,2014,12439.60956,,2026-08-07T23:00:00+0200,https://ec.europa.eu/eurostat/api/dissemination/statistics/1.0/data/env_ac_ainah_r2?geo=BE&geo=BG&geo=CZ&geo=DK&geo=DE&geo=EE&geo=IE&geo=EL&geo=ES&geo=FR&geo=HR&geo=IT&geo=CY&geo=LV&geo=LT&geo=LU&geo=HU&geo=MT&geo=NL&geo=AT&geo=PL&geo=PT&geo=RO&geo=SI&geo=SK&geo=FI&geo=SE&geo=EU27_2020&airpol=GHG&unit=THS_T&nace_r2=TOTAL&nace_r2=TOTAL_HH&sinceTimePeriod=2013,2026-10-06
env_ac_ainah_r2:TOTAL,SI,2015,12730.45705,,2026-08-07T23:00:00+0200,https://ec.europa.eu/eurostat/api/dissemination/statistics/1.0/data/env_ac_ainah_r2?geo=BE&geo=BG&geo=CZ&geo=DK&geo=DE&geo=EE&geo=IE&geo=EL&geo=ES&geo=FR&geo=HR&geo=IT&geo=CY&geo=LV&geo=LT&geo=LU&geo=HU&geo=MT&geo=NL&geo=AT&geo=PL&geo=PT&geo=RO&geo=SI&geo=SK&geo=FI&geo=SE&geo=EU27_2020&airpol=GHG&unit=THS_T&nace_r2=TOTAL&nace_r2=TOTAL_HH&sinceTimePeriod=2013,2026-10-06
env_ac_ainah_r2:TOTAL,SI,2016,13299.858,,2026-08-07T23:00:00+0200,https://ec.europa.eu/eurostat/api/dissemination/statistics/1.0/data/env_ac_ainah_r2?geo=BE&geo=BG&geo=CZ&geo=DK&geo=DE&geo=EE&geo=IE&geo=EL&geo=ES&geo=FR&geo=HR&geo=IT&geo=CY&geo=LV&geo=LT&geo=LU&geo=HU&geo=MT&geo=NL&geo=AT&geo=PL&geo=PT&geo=RO&geo=SI&geo=SK&geo=FI&geo=SE&geo=EU27_2020&airpol=GHG&unit=THS_T&nace_r2=TOTAL&nace_r2=TOTAL_HH&sinceTimePeriod=2013,2026-10-06
env_ac_ainah_r2:TOTAL,SI,2017,13385.30915,,2026-08-07T23:00:00+0200,https://ec.europa.eu/eurostat/api/dissemination/statistics/1.0/data/env_ac_ainah_r2?geo=BE&geo=BG&geo=CZ&geo=DK&geo=DE&geo=EE&geo=IE&geo=EL&geo=ES&geo=FR&geo=HR&geo=IT&geo=CY&geo=LV&geo=LT&geo=LU&geo=HU&geo=MT&geo=NL&geo=AT&geo=PL&geo=PT&geo=RO&geo=SI&geo=SK&geo=FI&geo=SE&geo=EU27_2020&airpol=GHG&unit=THS_T&nace_r2=TOTAL&nace_r2=TOTAL_HH&sinceTimePeriod=2013,2026-10-06
env_ac_ainah_r2:TOTAL,SI,2018,13494.51517,,2026-08-07T23:00:00+0200,https://ec.europa.eu/eurostat/api/dissemination/statistics/1.0/data/env_ac_ainah_r2?geo=BE&geo=BG&geo=CZ&geo=DK&geo=DE&geo=EE&geo=IE&geo=EL&geo=ES&geo=FR&geo=HR&geo=IT&geo=CY&geo=LV&geo=LT&geo=LU&geo=HU&geo=MT&geo=NL&geo=AT&geo=PL&geo=PT&geo=RO&geo=SI&geo=SK&geo=FI&geo=SE&geo=EU27_2020&airpol=GHG&unit=THS_T&nace_r2=TOTAL&nace_r2=TOTAL_HH&sinceTimePeriod=2013,2026-10-06
env_ac_ainah_r2:TOTAL,SI,2019,13260.90416,,2026-08-07T23:00:00+0200,https://ec.europa.eu/eurostat/api/dissemination/statistics/1.0/data/env_ac_ainah_r2?geo=BE&geo=BG&geo=CZ&geo=DK&geo=DE&geo=EE&geo=IE&geo=EL&geo=ES&geo=FR&geo=HR&geo=IT&geo=CY&geo=LV&geo=LT&geo=LU&geo=HU&geo=MT&geo=NL&geo=AT&geo=PL&geo=PT&geo=RO&geo=SI&geo=SK&geo=FI&geo=SE&geo=EU27_2020&airpol=GHG&unit=THS_T&nace_r2=TOTAL&nace_r2=TOTAL_HH&sinceTimePeriod=2013,2026-10-06
env_ac_ainah_r2:TOTAL,SI,2020,12694.09182,,2026-08-07T23:00:00+0200,https://ec.europa.eu/eurostat/api/dissemination/statistics/1.0/data/env_ac_ainah_r2?geo=BE&geo=BG&geo=CZ&geo=DK&geo=DE&geo=EE&geo=IE&geo=EL&geo=ES&geo=FR&geo=HR&geo=IT&geo=CY&geo=LV&geo=LT&geo=LU&geo=HU&geo=MT&geo=NL&geo=AT&geo=PL&geo=PT&geo=RO&geo=SI&geo=SK&geo=FI&geo=SE&geo=EU27_2020&airpol=GHG&unit=THS_T&nace_r2=TOTAL&nace_r2=TOTAL_HH&sinceTimePeriod=2013,2026-10-06
env_ac_ainah_r2:TOTAL,SI,2021,12408.4675,,2026-08-07T23:00:00+0200,https://ec.europa.eu/eurostat/api/dissemination/statistics/1.0/data/env_ac_ainah_r2?geo=BE&geo=BG&geo=CZ&geo=DK&geo=DE&geo=EE&geo=IE&geo=EL&geo=ES&geo=FR&geo=HR&geo=IT&geo=CY&geo=LV&geo=LT&geo=LU&geo=HU&geo=MT&geo=NL&geo=AT&geo=PL&geo=PT&geo=RO&geo=SI&geo=SK&geo=FI&geo=SE&geo=EU27_2020&airpol=GHG&unit=THS_T&nace_r2=TOTAL&nace_r2=TOTAL_HH&sinceTimePeriod=2013,2026-10-06
env_ac_ainah_r2:TOTAL,SI,2022,11378.68233,,2026-08-07T23:00:00+0200,https://ec.europa.eu/eurostat/api/dissemination/statistics/1.0/data/env_ac_ainah_r2?geo=BE&geo=BG&geo=CZ&geo=DK&geo=DE&geo=EE&geo=IE&geo=EL&geo=ES&geo=FR&geo=HR&geo=IT&geo=CY&geo=LV&geo=LT&geo=LU&geo=HU&geo=MT&geo=NL&geo=AT&geo=PL&geo=PT&geo=RO&geo=SI&geo=SK&geo=FI&geo=SE&geo=EU27_2020&airpol=GHG&unit=THS_T&nace_r2=TOTAL&nace_r2=TOTAL_HH&sinceTimePeriod=2013,2026-10-06
env_ac_ainah_r2:TOTAL,SI,2023,11032.27378,,2026-08-07T23:00:00+0200,https://ec.europa.eu/eurostat/api/dissemination/statistics/1.0/data/env_ac_ainah_r2?geo=BE&geo=BG&geo=CZ&geo=DK&geo=DE&geo=EE&geo=IE&geo=EL&geo=ES&geo=FR&geo=HR&geo=IT&geo=CY&geo=LV&geo=LT&geo=LU&geo=HU&geo=MT&geo=NL&geo=AT&geo=PL&geo=PT&geo=RO&geo=SI&geo=SK&geo=FI&geo=SE&geo=EU27_2020&airpol=GHG&unit=THS_T&nace_r2=TOTAL&nace_r2=TOTAL_HH&sinceTimePeriod=2013,2026-10-06
env_ac_ainah_r2:TOTAL,SI,2024,11562.1326,i,2026-08-07T23:00:00+0200,https://ec.europa.eu/eurostat/api/dissemination/statistics/1.0/data/env_ac_ainah_r2?geo=BE&geo=BG&geo=CZ&geo=DK&geo=DE&geo=EE&geo=IE&geo=EL&geo=ES&geo=FR&geo=HR&geo=IT&geo=CY&geo=LV&geo=LT&geo=LU&geo=HU&geo=MT&geo=NL&geo=AT&geo=PL&geo=PT&geo=RO&geo=SI&geo=SK&geo=FI&geo=SE&geo=EU27_2020&airpol=GHG&unit=THS_T&nace_r2=TOTAL&nace_r2=TOTAL_HH&sinceTimePeriod=2013,2026-10-06
env_ac_ainah_r2:TOTAL,SK,2013,33343.11636,,2026-08-07T23:00:00+0200,https://ec.europa.eu/eurostat/api/dissemination/statistics/1.0/data/env_ac_ainah_r2?geo=BE&geo=BG&geo=CZ&geo=DK&geo=DE&geo=EE&geo=IE&geo=EL&geo=ES&geo=FR&geo=HR&geo=IT&geo=CY&geo=LV&geo=LT&geo=LU&geo=HU&geo=MT&geo=NL&geo=AT&geo=PL&geo=PT&geo=RO&geo=SI&geo=SK&geo=FI&geo=SE&geo=EU27_2020&airpol=GHG&unit=THS_T&nace_r2=TOTAL&nace_r2=TOTAL_HH&sinceTimePeriod=2013,2026-10-06
env_ac_ainah_r2:TOTAL,SK,2014,32290.79748,,2026-08-07T23:00:00+0200,https://ec.europa.eu/eurostat/api/dissemination/statistics/1.0/data/env_ac_ainah_r2?geo=BE&geo=BG&geo=CZ&geo=DK&geo=DE&geo=EE&geo=IE&geo=EL&geo=ES&geo=FR&geo=HR&geo=IT&geo=CY&geo=LV&geo=LT&geo=LU&geo=HU&geo=MT&geo=NL&geo=AT&geo=PL&geo=PT&geo=RO&geo=SI&geo=SK&geo=FI&geo=SE&geo=EU27_2020&airpol=GHG&unit=THS_T&nace_r2=TOTAL&nace_r2=TOTAL_HH&sinceTimePeriod=2013,2026-10-06
env_ac_ainah_r2:TOTAL,SK,2015,33346.12392,,2026-08-07T23:00:00+0200,https://ec.europa.eu/eurostat/api/dissemination/statistics/1.0/data/env_ac_ainah_r2?geo=BE&geo=BG&geo=CZ&geo=DK&geo=DE&geo=EE&geo=IE&geo=EL&geo=ES&geo=FR&geo=HR&geo=IT&geo=CY&geo=LV&geo=LT&geo=LU&geo=HU&geo=MT&geo=NL&geo=AT&geo=PL&geo=PT&geo=RO&geo=SI&geo=SK&geo=FI&geo=SE&geo=EU27_2020&airpol=GHG&unit=THS_T&nace_r2=TOTAL&nace_r2=TOTAL_HH&sinceTimePeriod=2013,2026-10-06
env_ac_ainah_r2:TOTAL,SK,2016,33997.96852,,2026-08-07T23:00:00+0200,https://ec.europa.eu/eurostat/api/dissemination/statistics/1.0/data/env_ac_ainah_r2?geo=BE&geo=BG&geo=CZ&geo=DK&geo=DE&geo=EE&geo=IE&geo=EL&geo=ES&geo=FR&geo=HR&geo=IT&geo=CY&geo=LV&geo=LT&geo=LU&geo=HU&geo=MT&geo=NL&geo=AT&geo=PL&geo=PT&geo=RO&geo=SI&geo=SK&geo=FI&geo=SE&geo=EU27_2020&airpol=GHG&unit=THS_T&nace_r2=TOTAL&nace_r2=TOTAL_HH&sinceTimePeriod=2013,2026-10-06
env_ac_ainah_r2:TOTAL,SK,2017,34913.3147,,2026-08-07T23:00:00+0200,https://ec.europa.eu/eurostat/api/dissemination/statistics/1.0/data/env_ac_ainah_r2?geo=BE&geo=BG&geo=CZ&geo=DK&geo=DE&geo=EE&geo=IE&geo=EL&geo=ES&geo=FR&geo=HR&geo=IT&geo=CY&geo=LV&geo=LT&geo=LU&geo=HU&geo=MT&geo=NL&geo=AT&geo=PL&geo=PT&geo=RO&geo=SI&geo=SK&geo=FI&geo=SE&geo=EU27_2020&airpol=GHG&unit=THS_T&nace_r2=TOTAL&nace_r2=TOTAL_HH&sinceTimePeriod=2013,2026-10-06
env_ac_ainah_r2:TOTAL,SK,2018,35187.33356,,2026-08-07T23:00:00+0200,https://ec.europa.eu/eurostat/api/dissemination/statistics/1.0/data/env_ac_ainah_r2?geo=BE&geo=BG&geo=CZ&geo=DK&geo=DE&geo=EE&geo=IE&geo=EL&geo=ES&geo=FR&geo=HR&geo=IT&geo=CY&geo=LV&geo=LT&geo=LU&geo=HU&geo=MT&geo=NL&geo=AT&geo=PL&geo=PT&geo=RO&geo=SI&geo=SK&geo=FI&geo=SE&geo=EU27_2020&airpol=GHG&unit=THS_T&nace_r2=TOTAL&nace_r2=TOTAL_HH&sinceTimePeriod=2013,2026-10-06
env_ac_ainah_r2:TOTAL,SK,2019,33059.81789,,2026-08-07T23:00:00+0200,https://ec.europa.eu/eurostat/api/dissemination/statistics/1.0/data/env_ac_ainah_r2?geo=BE&geo=BG&geo=CZ&geo=DK&geo=DE&geo=EE&geo=IE&geo=EL&geo=ES&geo=FR&geo=HR&geo=IT&geo=CY&geo=LV&geo=LT&geo=LU&geo=HU&geo=MT&geo=NL&geo=AT&geo=PL&geo=PT&geo=RO&geo=SI&geo=SK&geo=FI&geo=SE&geo=EU27_2020&airpol=GHG&unit=THS_T&nace_r2=TOTAL&nace_r2=TOTAL_HH&sinceTimePeriod=2013,2026-10-06
env_ac_ainah_r2:TOTAL,SK,2020,30248.29604,,2026-08-07T23:00:00+0200,https://ec.europa.eu/eurostat/api/dissemination/statistics/1.0/data/env_ac_ainah_r2?geo=BE&geo=BG&geo=CZ&geo=DK&geo=DE&geo=EE&geo=IE&geo=EL&geo=ES&geo=FR&geo=HR&geo=IT&geo=CY&geo=LV&geo=LT&geo=LU&geo=HU&geo=MT&geo=NL&geo=AT&geo=PL&geo=PT&geo=RO&geo=SI&geo=SK&geo=FI&geo=SE&geo=EU27_2020&airpol=GHG&unit=THS_T&nace_r2=TOTAL&nace_r2=TOTAL_HH&sinceTimePeriod=2013,2026-10-06
env_ac_ainah_r2:TOTAL,SK,2021,34027.81956,,2026-08-07T23:00:00+0200,https://ec.europa.eu/eurostat/api/dissemination/statistics/1.0/data/env_ac_ainah_r2?geo=BE&geo=BG&geo=CZ&geo=DK&geo=DE&geo=EE&geo=IE&geo=EL&geo=ES&geo=FR&geo=HR&geo=IT&geo=CY&geo=LV&geo=LT&geo=LU&geo=HU&geo=MT&geo=NL&geo=AT&geo=PL&geo=PT&geo=RO&geo=SI&geo=SK&geo=FI&geo=SE&geo=EU27_2020&airpol=GHG&unit=THS_T&nace_r2=TOTAL&nace_r2=TOTAL_HH&sinceTimePeriod=2013,2026-10-06
env_ac_ainah_r2:TOTAL,SK,2022,30006.49768,,2026-08-07T23:00:00+0200,https://ec.europa.eu/eurostat/api/dissemination/statistics/1.0/data/env_ac_ainah_r2?geo=BE&geo=BG&geo=CZ&geo=DK&geo=DE&geo=EE&geo=IE&geo=EL&geo=ES&geo=FR&geo=HR&geo=IT&geo=CY&geo=LV&geo=LT&geo=LU&geo=HU&geo=MT&geo=NL&geo=AT&geo=PL&geo=PT&geo=RO&geo=SI&geo=SK&geo=FI&geo=SE&geo=EU27_2020&airpol=GHG&unit=THS_T&nace_r2=TOTAL&nace_r2=TOTAL_HH&sinceTimePeriod=2013,2026-10-06
env_ac_ainah_r2:TOTAL,SK,2023,29367.81316,,2026-08-07T23:00:00+0200,https://ec.europa.eu/eurostat/api/dissemination/statistics/1.0/data/env_ac_ainah_r2?geo=BE&geo=BG&geo=CZ&geo=DK&geo=DE&geo=EE&geo=IE&geo=EL&geo=ES&geo=FR&geo=HR&geo=IT&geo=CY&geo=LV&geo=LT&geo=LU&geo=HU&geo=MT&geo=NL&geo=AT&geo=PL&geo=PT&geo=RO&geo=SI&geo=SK&geo=FI&geo=SE&geo=EU27_2020&airpol=GHG&unit=THS_T&nace_r2=TOTAL&nace_r2=TOTAL_HH&sinceTimePeriod=2013,2026-10-06
env_ac_ainah_r2:TOTAL,SK,2024,26851.73502,i,2026-08-07T23:00:00+0200,https://ec.europa.eu/eurostat/api/dissemination/statistics/1.0/data/env_ac_ainah_r2?geo=BE&geo=BG&geo=CZ&geo=DK&geo=DE&geo=EE&geo=IE&geo=EL&geo=ES&geo=FR&geo=HR&geo=IT&geo=CY&geo=LV&geo=LT&geo=LU&geo=HU&geo=MT&geo=NL&geo=AT&geo=PL&geo=PT&geo=RO&geo=SI&geo=SK&geo=FI&geo=SE&geo=EU27_2020&airpol=GHG&unit=THS_T&nace_r2=TOTAL&nace_r2=TOTAL_HH&sinceTimePeriod=2013,2026-10-06
env_ac_ainah_r2:TOTAL_HH,AT,2013,74999.02029,,2026-08-07T23:00:00+0200,https://ec.europa.eu/eurostat/api/dissemination/statistics/1.0/data/env_ac_ainah_r2?geo=BE&geo=BG&geo=CZ&geo=DK&geo=DE&geo=EE&geo=IE&geo=EL&geo=ES&geo=FR&geo=HR&geo=IT&geo=CY&geo=LV&geo=LT&geo=LU&geo=HU&geo=MT&geo=NL&geo=AT&geo=PL&geo=PT&geo=RO&geo=SI&geo=SK&geo=FI&geo=SE&geo=EU27_2020&airpol=GHG&unit=THS_T&nace_r2=TOTAL&nace_r2=TOTAL_HH&sinceTimePeriod=2013,2026-10-06
env_ac_ainah_r2:TOTAL_HH,AT,2014,71522.11846,,2026-08-07T23:00:00+0200,https://ec.europa.eu/eurostat/api/dissemination/statistics/1.0/data/env_ac_ainah_r2?geo=BE&geo=BG&geo=CZ&geo=DK&geo=DE&geo=EE&geo=IE&geo=EL&geo=ES&geo=FR&geo=HR&geo=IT&geo=CY&geo=LV&geo=LT&geo=LU&geo=HU&geo=MT&geo=NL&geo=AT&geo=PL&geo=PT&geo=RO&geo=SI&geo=SK&geo=FI&geo=SE&geo=EU27_2020&airpol=GHG&unit=THS_T&nace_r2=TOTAL&nace_r2=TOTAL_HH&sinceTimePeriod=2013,2026-10-06
env_ac_ainah_r2:TOTAL_HH,AT,2015,72723.83734,,2026-08-07T23:00:00+0200,https://ec.europa.eu/eurostat/api/dissemination/statistics/1.0/data/env_ac_ainah_r2?geo=BE&geo=BG&geo=CZ&geo=DK&geo=DE&geo=EE&geo=IE&geo=EL&geo=ES&geo=FR&geo=HR&geo=IT&geo=CY&geo=LV&geo=LT&geo=LU&geo=HU&geo=MT&geo=NL&geo=AT&geo=PL&geo=PT&geo=RO&geo=SI&geo=SK&geo=FI&geo=SE&geo=EU27_2020&airpol=GHG&unit=THS_T&nace_r2=TOTAL&nace_r2=TOTAL_HH&sinceTimePeriod=2013,2026-10-06
env_ac_ainah_r2:TOTAL_HH,AT,2016,72594.35045,,2026-08-07T23:00:00+0200,https://ec.europa.eu/eurostat/api/dissemination/statistics/1.0/data/env_ac_ainah_r2?geo=BE&geo=BG&geo=CZ&geo=DK&geo=DE&geo=EE&geo=IE&geo=EL&geo=ES&geo=FR&geo=HR&geo=IT&geo=CY&geo=LV&geo=LT&geo=LU&geo=HU&geo=MT&geo=NL&geo=AT&geo=PL&geo=PT&geo=RO&geo=SI&geo=SK&geo=FI&geo=SE&geo=EU27_2020&airpol=GHG&unit=THS_T&nace_r2=TOTAL&nace_r2=TOTAL_HH&sinceTimePeriod=2013,2026-10-06
env_ac_ainah_r2:TOTAL_HH,AT,2017,75651.97777,,2026-08-07T23:00:00+0200,https://ec.europa.eu/eurostat/api/dissemination/statistics/1.0/data/env_ac_ainah_r2?geo=BE&geo=BG&geo=CZ&geo=DK&geo=DE&geo=EE&geo=IE&geo=EL&geo=ES&geo=FR&geo=HR&geo=IT&geo=CY&geo=LV&geo=LT&geo=LU&geo=HU&geo=MT&geo=NL&geo=AT&geo=PL&geo=PT&geo=RO&geo=SI&geo=SK&geo=FI&geo=SE&geo=EU27_2020&airpol=GHG&unit=THS_T&nace_r2=TOTAL&nace_r2=TOTAL_HH&sinceTimePeriod=2013,2026-10-06
env_ac_ainah_r2:TOTAL_HH,AT,2018,72453.77615,,2026-08-07T23:00:00+0200,https://ec.europa.eu/eurostat/api/dissemination/statistics/1.0/data/env_ac_ainah_r2?geo=BE&geo=BG&geo=CZ&geo=DK&geo=DE&geo=EE&geo=IE&geo=EL&geo=ES&geo=FR&geo=HR&geo=IT&geo=CY&geo=LV&geo=LT&geo=LU&geo=HU&geo=MT&geo=NL&geo=AT&geo=PL&geo=PT&geo=RO&geo=SI&geo=SK&geo=FI&geo=SE&geo=EU27_2020&airpol=GHG&unit=THS_T&nace_r2=TOTAL&nace_r2=TOTAL_HH&sinceTimePeriod=2013,2026-10-06
env_ac_ainah_r2:TOTAL_HH,AT,2019,75855.86863,,2026-08-07T23:00:00+0200,https://ec.europa.eu/eurostat/api/dissemination/statistics/1.0/data/env_ac_ainah_r2?geo=BE&geo=BG&geo=CZ&geo=DK&geo=DE&geo=EE&geo=IE&geo=EL&geo=ES&geo=FR&geo=HR&geo=IT&geo=CY&geo=LV&geo=LT&geo=LU&geo=HU&geo=MT&geo=NL&geo=AT&geo=PL&geo=PT&geo=RO&geo=SI&geo=SK&geo=FI&geo=SE&geo=EU27_2020&airpol=GHG&unit=THS_T&nace_r2=TOTAL&nace_r2=TOTAL_HH&sinceTimePeriod=2013,2026-10-06
env_ac_ainah_r2:TOTAL_HH,AT,2020,69285.76064,,2026-08-07T23:00:00+0200,https://ec.europa.eu/eurostat/api/dissemination/statistics/1.0/data/env_ac_ainah_r2?geo=BE&geo=BG&geo=CZ&geo=DK&geo=DE&geo=EE&geo=IE&geo=EL&geo=ES&geo=FR&geo=HR&geo=IT&geo=CY&geo=LV&geo=LT&geo=LU&geo=HU&geo=MT&geo=NL&geo=AT&geo=PL&geo=PT&geo=RO&geo=SI&geo=SK&geo=FI&geo=SE&geo=EU27_2020&airpol=GHG&unit=THS_T&nace_r2=TOTAL&nace_r2=TOTAL_HH&sinceTimePeriod=2013,2026-10-06
env_ac_ainah_r2:TOTAL_HH,AT,2021,72863.97967,,2026-08-07T23:00:00+0200,https://ec.europa.eu/eurostat/api/dissemination/statistics/1.0/data/env_ac_ainah_r2?geo=BE&geo=BG&geo=CZ&geo=DK&geo=DE&geo=EE&geo=IE&geo=EL&geo=ES&geo=FR&geo=HR&geo=IT&geo=CY&geo=LV&geo=LT&geo=LU&geo=HU&geo=MT&geo=NL&geo=AT&geo=PL&geo=PT&geo=RO&geo=SI&geo=SK&geo=FI&geo=SE&geo=EU27_2020&airpol=GHG&unit=THS_T&nace_r2=TOTAL&nace_r2=TOTAL_HH&sinceTimePeriod=2013,2026-10-06
env_ac_ainah_r2:TOTAL_HH,AT,2022,72670.55343,,2026-08-07T23:00:00+0200,https://ec.europa.eu/eurostat/api/dissemination/statistics/1.0/data/env_ac_ainah_r2?geo=BE&geo=BG&geo=CZ&geo=DK&geo=DE&geo=EE&geo=IE&geo=EL&geo=ES&geo=FR&geo=HR&geo=IT&geo=CY&geo=LV&geo=LT&geo=LU&geo=HU&geo=MT&geo=NL&geo=AT&geo=PL&geo=PT&geo=RO&geo=SI&geo=SK&geo=FI&geo=SE&geo=EU27_2020&airpol=GHG&unit=THS_T&nace_r2=TOTAL&nace_r2=TOTAL_HH&sinceTimePeriod=2013,2026-10-06
env_ac_ainah_r2:TOTAL_HH,AT,2023,68812.94365,,2026-08-07T23:00:00+0200,https://ec.europa.eu/eurostat/api/dissemination/statistics/1.0/data/env_ac_ainah_r2?geo=BE&geo=BG&geo=CZ&geo=DK&geo=DE&geo=EE&geo=IE&geo=EL&geo=ES&geo=FR&geo=HR&geo=IT&geo=CY&geo=LV&geo=LT&geo=LU&geo=HU&geo=MT&geo=NL&geo=AT&geo=PL&geo=PT&geo=RO&geo=SI&geo=SK&geo=FI&geo=SE&geo=EU27_2020&airpol=GHG&unit=THS_T&nace_r2=TOTAL&nace_r2=TOTAL_HH&sinceTimePeriod=2013,2026-10-06
env_ac_ainah_r2:TOTAL_HH,AT,2024,67999.19506,i,2026-08-07T23:00:00+0200,https://ec.europa.eu/eurostat/api/dissemination/statistics/1.0/data/env_ac_ainah_r2?geo=BE&geo=BG&geo=CZ&geo=DK&geo=DE&geo=EE&geo=IE&geo=EL&geo=ES&geo=FR&geo=HR&geo=IT&geo=CY&geo=LV&geo=LT&geo=LU&geo=HU&geo=MT&geo=NL&geo=AT&geo=PL&geo=PT&geo=RO&geo=SI&geo=SK&geo=FI&geo=SE&geo=EU27_2020&airpol=GHG&unit=THS_T&nace_r2=TOTAL&nace_r2=TOTAL_HH&sinceTimePeriod=2013,2026-10-06
env_ac_ainah_r2:TOTAL_HH,AT,2025,68368.814,i,2026-08-07T23:00:00+0200,https://ec.europa.eu/eurostat/api/dissemination/statistics/1.0/data/env_ac_ainah_r2?geo=BE&geo=BG&geo=CZ&geo=DK&geo=DE&geo=EE&geo=IE&geo=EL&geo=ES&geo=FR&geo=HR&geo=IT&geo=CY&geo=LV&geo=LT&geo=LU&geo=HU&geo=MT&geo=NL&geo=AT&geo=PL&geo=PT&geo=RO&geo=SI&geo=SK&geo=FI&geo=SE&geo=EU27_2020&airpol=GHG&unit=THS_T&nace_r2=TOTAL&nace_r2=TOTAL_HH&sinceTimePeriod=2013,2026-10-06
env_ac_ainah_r2:TOTAL_HH,BE,2013,122062.87792,,2026-08-07T23:00:00+0200,https://ec.europa.eu/eurostat/api/dissemination/statistics/1.0/data/env_ac_ainah_r2?geo=BE&geo=BG&geo=CZ&geo=DK&geo=DE&geo=EE&geo=IE&geo=EL&geo=ES&geo=FR&geo=HR&geo=IT&geo=CY&geo=LV&geo=LT&geo=LU&geo=HU&geo=MT&geo=NL&geo=AT&geo=PL&geo=PT&geo=RO&geo=SI&geo=SK&geo=FI&geo=SE&geo=EU27_2020&airpol=GHG&unit=THS_T&nace_r2=TOTAL&nace_r2=TOTAL_HH&sinceTimePeriod=2013,2026-10-06
env_ac_ainah_r2:TOTAL_HH,BE,2014,116179.25901,,2026-08-07T23:00:00+0200,https://ec.europa.eu/eurostat/api/dissemination/statistics/1.0/data/env_ac_ainah_r2?geo=BE&geo=BG&geo=CZ&geo=DK&geo=DE&geo=EE&geo=IE&geo=EL&geo=ES&geo=FR&geo=HR&geo=IT&geo=CY&geo=LV&geo=LT&geo=LU&geo=HU&geo=MT&geo=NL&geo=AT&geo=PL&geo=PT&geo=RO&geo=SI&geo=SK&geo=FI&geo=SE&geo=EU27_2020&airpol=GHG&unit=THS_T&nace_r2=TOTAL&nace_r2=TOTAL_HH&sinceTimePeriod=2013,2026-10-06
env_ac_ainah_r2:TOTAL_HH,BE,2015,119693.77914,,2026-08-07T23:00:00+0200,https://ec.europa.eu/eurostat/api/dissemination/statistics/1.0/data/env_ac_ainah_r2?geo=BE&geo=BG&geo=CZ&geo=DK&geo=DE&geo=EE&geo=IE&geo=EL&geo=ES&geo=FR&geo=HR&geo=IT&geo=CY&geo=LV&geo=LT&geo=LU&geo=HU&geo=MT&geo=NL&geo=AT&geo=PL&geo=PT&geo=RO&geo=SI&geo=SK&geo=FI&geo=SE&geo=EU27_2020&airpol=GHG&unit=THS_T&nace_r2=TOTAL&nace_r2=TOTAL_HH&sinceTimePeriod=2013,2026-10-06
env_ac_ainah_r2:TOTAL_HH,BE,2016,119220.75889,,2026-08-07T23:00:00+0200,https://ec.europa.eu/eurostat/api/dissemination/statistics/1.0/data/env_ac_ainah_r2?geo=BE&geo=BG&geo=CZ&geo=DK&geo=DE&geo=EE&geo=IE&geo=EL&geo=ES&geo=FR&geo=HR&geo=IT&geo=CY&geo=LV&geo=LT&geo=LU&geo=HU&geo=MT&geo=NL&geo=AT&geo=PL&geo=PT&geo=RO&geo=SI&geo=SK&geo=FI&geo=SE&geo=EU27_2020&airpol=GHG&unit=THS_T&nace_r2=TOTAL&nace_r2=TOTAL_HH&sinceTimePeriod=2013,2026-10-06
env_ac_ainah_r2:TOTAL_HH,BE,2017,118781.97823,,2026-08-07T23:00:00+0200,https://ec.europa.eu/eurostat/api/dissemination/statistics/1.0/data/env_ac_ainah_r2?geo=BE&geo=BG&geo=CZ&geo=DK&geo=DE&geo=EE&geo=IE&geo=EL&geo=ES&geo=FR&geo=HR&geo=IT&geo=CY&geo=LV&geo=LT&geo=LU&geo=HU&geo=MT&geo=NL&geo=AT&geo=PL&geo=PT&geo=RO&geo=SI&geo=SK&geo=FI&geo=SE&geo=EU27_2020&airpol=GHG&unit=THS_T&nace_r2=TOTAL&nace_r2=TOTAL_HH&sinceTimePeriod=2013,2026-10-06
env_ac_ainah_r2:TOTAL_HH,BE,2018,119843.86099,,2026-08-07T23:00:00+0200,https://ec.europa.eu/eurostat/api/dissemination/statistics/1.0/data/env_ac_ainah_r2?geo=BE&geo=BG&geo=CZ&geo=DK&geo=DE&geo=EE&geo=IE&geo=EL&geo=ES&geo=FR&geo=HR&geo=IT&geo=CY&geo=LV&geo=LT&geo=LU&geo=HU&geo=MT&geo=NL&geo=AT&geo=PL&geo=PT&geo=RO&geo=SI&geo=SK&geo=FI&geo=SE&geo=EU27_2020&airpol=GHG&unit=THS_T&nace_r2=TOTAL&nace_r2=TOTAL_HH&sinceTimePeriod=2013,2026-10-06
env_ac_ainah_r2:TOTAL_HH,BE,2019,119364.87411,,2026-08-07T23:00:00+0200,https://ec.europa.eu/eurostat/api/dissemination/statistics/1.0/data/env_ac_ainah_r2?geo=BE&geo=BG&geo=CZ&geo=DK&geo=DE&geo=EE&geo=IE&geo=EL&geo=ES&geo=FR&geo=HR&geo=IT&geo=CY&geo=LV&geo=LT&geo=LU&geo=HU&geo=MT&geo=NL&geo=AT&geo=PL&geo=PT&geo=RO&geo=SI&geo=SK&geo=FI&geo=SE&geo=EU27_2020&airpol=GHG&unit=THS_T&nace_r2=TOTAL&nace_r2=TOTAL_HH&sinceTimePeriod=2013,2026-10-06
env_ac_ainah_r2:TOTAL_HH,BE,2020,108514.32213,,2026-08-07T23:00:00+0200,https://ec.europa.eu/eurostat/api/dissemination/statistics/1.0/data/env_ac_ainah_r2?geo=BE&geo=BG&geo=CZ&geo=DK&geo=DE&geo=EE&geo=IE&geo=EL&geo=ES&geo=FR&geo=HR&geo=IT&geo=CY&geo=LV&geo=LT&geo=LU&geo=HU&geo=MT&geo=NL&geo=AT&geo=PL&geo=PT&geo=RO&geo=SI&geo=SK&geo=FI&geo=SE&geo=EU27_2020&airpol=GHG&unit=THS_T&nace_r2=TOTAL&nace_r2=TOTAL_HH&sinceTimePeriod=2013,2026-10-06
env_ac_ainah_r2:TOTAL_HH,BE,2021,110425.69227,,2026-08-07T23:00:00+0200,https://ec.europa.eu/eurostat/api/dissemination/statistics/1.0/data/env_ac_ainah_r2?geo=BE&geo=BG&geo=CZ&geo=DK&geo=DE&geo=EE&geo=IE&geo=EL&geo=ES&geo=FR&geo=HR&geo=IT&geo=CY&geo=LV&geo=LT&geo=LU&geo=HU&geo=MT&geo=NL&geo=AT&geo=PL&geo=PT&geo=RO&geo=SI&geo=SK&geo=FI&geo=SE&geo=EU27_2020&airpol=GHG&unit=THS_T&nace_r2=TOTAL&nace_r2=TOTAL_HH&sinceTimePeriod=2013,2026-10-06
env_ac_ainah_r2:TOTAL_HH,BE,2022,105462.01623,,2026-08-07T23:00:00+0200,https://ec.europa.eu/eurostat/api/dissemination/statistics/1.0/data/env_ac_ainah_r2?geo=BE&geo=BG&geo=CZ&geo=DK&geo=DE&geo=EE&geo=IE&geo=EL&geo=ES&geo=FR&geo=HR&geo=IT&geo=CY&geo=LV&geo=LT&geo=LU&geo=HU&geo=MT&geo=NL&geo=AT&geo=PL&geo=PT&geo=RO&geo=SI&geo=SK&geo=FI&geo=SE&geo=EU27_2020&airpol=GHG&unit=THS_T&nace_r2=TOTAL&nace_r2=TOTAL_HH&sinceTimePeriod=2013,2026-10-06
env_ac_ainah_r2:TOTAL_HH,BE,2023,101324.72867,,2026-08-07T23:00:00+0200,https://ec.europa.eu/eurostat/api/dissemination/statistics/1.0/data/env_ac_ainah_r2?geo=BE&geo=BG&geo=CZ&geo=DK&geo=DE&geo=EE&geo=IE&geo=EL&geo=ES&geo=FR&geo=HR&geo=IT&geo=CY&geo=LV&geo=LT&geo=LU&geo=HU&geo=MT&geo=NL&geo=AT&geo=PL&geo=PT&geo=RO&geo=SI&geo=SK&geo=FI&geo=SE&geo=EU27_2020&airpol=GHG&unit=THS_T&nace_r2=TOTAL&nace_r2=TOTAL_HH&sinceTimePeriod=2013,2026-10-06
env_ac_ainah_r2:TOTAL_HH,BE,2024,102804.11685,i,2026-08-07T23:00:00+0200,https://ec.europa.eu/eurostat/api/dissemination/statistics/1.0/data/env_ac_ainah_r2?geo=BE&geo=BG&geo=CZ&geo=DK&geo=DE&geo=EE&geo=IE&geo=EL&geo=ES&geo=FR&geo=HR&geo=IT&geo=CY&geo=LV&geo=LT&geo=LU&geo=HU&geo=MT&geo=NL&geo=AT&geo=PL&geo=PT&geo=RO&geo=SI&geo=SK&geo=FI&geo=SE&geo=EU27_2020&airpol=GHG&unit=THS_T&nace_r2=TOTAL&nace_r2=TOTAL_HH&sinceTimePeriod=2013,2026-10-06
env_ac_ainah_r2:TOTAL_HH,BE,2025,105433.127,i,2026-08-07T23:00:00+0200,https://ec.europa.eu/eurostat/api/dissemination/statistics/1.0/data/env_ac_ainah_r2?geo=BE&geo=BG&geo=CZ&geo=DK&geo=DE&geo=EE&geo=IE&geo=EL&geo=ES&geo=FR&geo=HR&geo=IT&geo=CY&geo=LV&geo=LT&geo=LU&geo=HU&geo=MT&geo=NL&geo=AT&geo=PL&geo=PT&geo=RO&geo=SI&geo=SK&geo=FI&geo=SE&geo=EU27_2020&airpol=GHG&unit=THS_T&nace_r2=TOTAL&nace_r2=TOTAL_HH&sinceTimePeriod=2013,2026-10-06
env_ac_ainah_r2:TOTAL_HH,BG,2013,55311.5226,,2026-08-07T23:00:00+0200,https://ec.europa.eu/eurostat/api/dissemination/statistics/1.0/data/env_ac_ainah_r2?geo=BE&geo=BG&geo=CZ&geo=DK&geo=DE&geo=EE&geo=IE&geo=EL&geo=ES&geo=FR&geo=HR&geo=IT&geo=CY&geo=LV&geo=LT&geo=LU&geo=HU&geo=MT&geo=NL&geo=AT&geo=PL&geo=PT&geo=RO&geo=SI&geo=SK&geo=FI&geo=SE&geo=EU27_2020&airpol=GHG&unit=THS_T&nace_r2=TOTAL&nace_r2=TOTAL_HH&sinceTimePeriod=2013,2026-10-06
env_ac_ainah_r2:TOTAL_HH,BG,2014,58557.73792,,2026-08-07T23:00:00+0200,https://ec.europa.eu/eurostat/api/dissemination/statistics/1.0/data/env_ac_ainah_r2?geo=BE&geo=BG&geo=CZ&geo=DK&geo=DE&geo=EE&geo=IE&geo=EL&geo=ES&geo=FR&geo=HR&geo=IT&geo=CY&geo=LV&geo=LT&geo=LU&geo=HU&geo=MT&geo=NL&geo=AT&geo=PL&geo=PT&geo=RO&geo=SI&geo=SK&geo=FI&geo=SE&geo=EU27_2020&airpol=GHG&unit=THS_T&nace_r2=TOTAL&nace_r2=TOTAL_HH&sinceTimePeriod=2013,2026-10-06
env_ac_ainah_r2:TOTAL_HH,BG,2015,61901.09742,,2026-08-07T23:00:00+0200,https://ec.europa.eu/eurostat/api/dissemination/statistics/1.0/data/env_ac_ainah_r2?geo=BE&geo=BG&geo=CZ&geo=DK&geo=DE&geo=EE&geo=IE&geo=EL&geo=ES&geo=FR&geo=HR&geo=IT&geo=CY&geo=LV&geo=LT&geo=LU&geo=HU&geo=MT&geo=NL&geo=AT&geo=PL&geo=PT&geo=RO&geo=SI&geo=SK&geo=FI&geo=SE&geo=EU27_2020&airpol=GHG&unit=THS_T&nace_r2=TOTAL&nace_r2=TOTAL_HH&sinceTimePeriod=2013,2026-10-06
env_ac_ainah_r2:TOTAL_HH,BG,2016,59544.36887,,2026-08-07T23:00:00+0200,https://ec.europa.eu/eurostat/api/dissemination/statistics/1.0/data/env_ac_ainah_r2?geo=BE&geo=BG&geo=CZ&geo=DK&geo=DE&geo=EE&geo=IE&geo=EL&geo=ES&geo=FR&geo=HR&geo=IT&geo=CY&geo=LV&geo=LT&geo=LU&geo=HU&geo=MT&geo=NL&geo=AT&geo=PL&geo=PT&geo=RO&geo=SI&geo=SK&geo=FI&geo=SE&geo=EU27_2020&airpol=GHG&unit=THS_T&nace_r2=TOTAL&nace_r2=TOTAL_HH&sinceTimePeriod=2013,2026-10-06
env_ac_ainah_r2:TOTAL_HH,BG,2017,61395.63975,,2026-08-07T23:00:00+0200,https://ec.europa.eu/eurostat/api/dissemination/statistics/1.0/data/env_ac_ainah_r2?geo=BE&geo=BG&geo=CZ&geo=DK&geo=DE&geo=EE&geo=IE&geo=EL&geo=ES&geo=FR&geo=HR&geo=IT&geo=CY&geo=LV&geo=LT&geo=LU&geo=HU&geo=MT&geo=NL&geo=AT&geo=PL&geo=PT&geo=RO&geo=SI&geo=SK&geo=FI&geo=SE&geo=EU27_2020&airpol=GHG&unit=THS_T&nace_r2=TOTAL&nace_r2=TOTAL_HH&sinceTimePeriod=2013,2026-10-06
env_ac_ainah_r2:TOTAL_HH,BG,2018,56979.66903,,2026-08-07T23:00:00+0200,https://ec.europa.eu/eurostat/api/dissemination/statistics/1.0/data/env_ac_ainah_r2?geo=BE&geo=BG&geo=CZ&geo=DK&geo=DE&geo=EE&geo=IE&geo=EL&geo=ES&geo=FR&geo=HR&geo=IT&geo=CY&geo=LV&geo=LT&geo=LU&geo=HU&geo=MT&geo=NL&geo=AT&geo=PL&geo=PT&geo=RO&geo=SI&geo=SK&geo=FI&geo=SE&geo=EU27_2020&airpol=GHG&unit=THS_T&nace_r2=TOTAL&nace_r2=TOTAL_HH&sinceTimePeriod=2013,2026-10-06
env_ac_ainah_r2:TOTAL_HH,BG,2019,55645.03507,,2026-08-07T23:00:00+0200,https://ec.europa.eu/eurostat/api/dissemination/statistics/1.0/data/env_ac_ainah_r2?geo=BE&geo=BG&geo=CZ&geo=DK&geo=DE&geo=EE&geo=IE&geo=EL&geo=ES&geo=FR&geo=HR&geo=IT&geo=CY&geo=LV&geo=LT&geo=LU&geo=HU&geo=MT&geo=NL&geo=AT&geo=PL&geo=PT&geo=RO&geo=SI&geo=SK&geo=FI&geo=SE&geo=EU27_2020&airpol=GHG&unit=THS_T&nace_r2=TOTAL&nace_r2=TOTAL_HH&sinceTimePeriod=2013,2026-10-06
env_ac_ainah_r2:TOTAL_HH,BG,2020,49467.5739,,2026-08-07T23:00:00+0200,https://ec.europa.eu/eurostat/api/dissemination/statistics/1.0/data/env_ac_ainah_r2?geo=BE&geo=BG&geo=CZ&geo=DK&geo=DE&geo=EE&geo=IE&geo=EL&geo=ES&geo=FR&geo=HR&geo=IT&geo=CY&geo=LV&geo=LT&geo=LU&geo=HU&geo=MT&geo=NL&geo=AT&geo=PL&geo=PT&geo=RO&geo=SI&geo=SK&geo=FI&geo=SE&geo=EU27_2020&airpol=GHG&unit=THS_T&nace_r2=TOTAL&nace_r2=TOTAL_HH&sinceTimePeriod=2013,2026-10-06
env_ac_ainah_r2:TOTAL_HH,BG,2021,55903.37067,,2026-08-07T23:00:00+0200,https://ec.europa.eu/eurostat/api/dissemination/statistics/1.0/data/env_ac_ainah_r2?geo=BE&geo=BG&geo=CZ&geo=DK&geo=DE&geo=EE&geo=IE&geo=EL&geo=ES&geo=FR&geo=HR&geo=IT&geo=CY&geo=LV&geo=LT&geo=LU&geo=HU&geo=MT&geo=NL&geo=AT&geo=PL&geo=PT&geo=RO&geo=SI&geo=SK&geo=FI&geo=SE&geo=EU27_2020&airpol=GHG&unit=THS_T&nace_r2=TOTAL&nace_r2=TOTAL_HH&sinceTimePeriod=2013,2026-10-06
env_ac_ainah_r2:TOTAL_HH,BG,2022,60266.23428,,2026-08-07T23:00:00+0200,https://ec.europa.eu/eurostat/api/dissemination/statistics/1.0/data/env_ac_ainah_r2?geo=BE&geo=BG&geo=CZ&geo=DK&geo=DE&geo=EE&geo=IE&geo=EL&geo=ES&geo=FR&geo=HR&geo=IT&geo=CY&geo=LV&geo=LT&geo=LU&geo=HU&geo=MT&geo=NL&geo=AT&geo=PL&geo=PT&geo=RO&geo=SI&geo=SK&geo=FI&geo=SE&geo=EU27_2020&airpol=GHG&unit=THS_T&nace_r2=TOTAL&nace_r2=TOTAL_HH&sinceTimePeriod=2013,2026-10-06
env_ac_ainah_r2:TOTAL_HH,BG,2023,46932.36528,,2026-08-07T23:00:00+0200,https://ec.europa.eu/eurostat/api/dissemination/statistics/1.0/data/env_ac_ainah_r2?geo=BE&geo=BG&geo=CZ&geo=DK&geo=DE&geo=EE&geo=IE&geo=EL&geo=ES&geo=FR&geo=HR&geo=IT&geo=CY&geo=LV&geo=LT&geo=LU&geo=HU&geo=MT&geo=NL&geo=AT&geo=PL&geo=PT&geo=RO&geo=SI&geo=SK&geo=FI&geo=SE&geo=EU27_2020&airpol=GHG&unit=THS_T&nace_r2=TOTAL&nace_r2=TOTAL_HH&sinceTimePeriod=2013,2026-10-06
env_ac_ainah_r2:TOTAL_HH,BG,2024,46186.14908,i,2026-08-07T23:00:00+0200,https://ec.europa.eu/eurostat/api/dissemination/statistics/1.0/data/env_ac_ainah_r2?geo=BE&geo=BG&geo=CZ&geo=DK&geo=DE&geo=EE&geo=IE&geo=EL&geo=ES&geo=FR&geo=HR&geo=IT&geo=CY&geo=LV&geo=LT&geo=LU&geo=HU&geo=MT&geo=NL&geo=AT&geo=PL&geo=PT&geo=RO&geo=SI&geo=SK&geo=FI&geo=SE&geo=EU27_2020&airpol=GHG&unit=THS_T&nace_r2=TOTAL&nace_r2=TOTAL_HH&sinceTimePeriod=2013,2026-10-06
env_ac_ainah_r2:TOTAL_HH,BG,2025,48591.642,i,2026-08-07T23:00:00+0200,https://ec.europa.eu/eurostat/api/dissemination/statistics/1.0/data/env_ac_ainah_r2?geo=BE&geo=BG&geo=CZ&geo=DK&geo=DE&geo=EE&geo=IE&geo=EL&geo=ES&geo=FR&geo=HR&geo=IT&geo=CY&geo=LV&geo=LT&geo=LU&geo=HU&geo=MT&geo=NL&geo=AT&geo=PL&geo=PT&geo=RO&geo=SI&geo=SK&geo=FI&geo=SE&geo=EU27_2020&airpol=GHG&unit=THS_T&nace_r2=TOTAL&nace_r2=TOTAL_HH&sinceTimePeriod=2013,2026-10-06
env_ac_ainah_r2:TOTAL_HH,CY,2013,8104.29359,,2026-08-07T23:00:00+0200,https://ec.europa.eu/eurostat/api/dissemination/statistics/1.0/data/env_ac_ainah_r2?geo=BE&geo=BG&geo=CZ&geo=DK&geo=DE&geo=EE&geo=IE&geo=EL&geo=ES&geo=FR&geo=HR&geo=IT&geo=CY&geo=LV&geo=LT&geo=LU&geo=HU&geo=MT&geo=NL&geo=AT&geo=PL&geo=PT&geo=RO&geo=SI&geo=SK&geo=FI&geo=SE&geo=EU27_2020&airpol=GHG&unit=THS_T&nace_r2=TOTAL&nace_r2=TOTAL_HH&sinceTimePeriod=2013,2026-10-06
env_ac_ainah_r2:TOTAL_HH,CY,2014,8371.405,,2026-08-07T23:00:00+0200,https://ec.europa.eu/eurostat/api/dissemination/statistics/1.0/data/env_ac_ainah_r2?geo=BE&geo=BG&geo=CZ&geo=DK&geo=DE&geo=EE&geo=IE&geo=EL&geo=ES&geo=FR&geo=HR&geo=IT&geo=CY&geo=LV&geo=LT&geo=LU&geo=HU&geo=MT&geo=NL&geo=AT&geo=PL&geo=PT&geo=RO&geo=SI&geo=SK&geo=FI&geo=SE&geo=EU27_2020&airpol=GHG&unit=THS_T&nace_r2=TOTAL&nace_r2=TOTAL_HH&sinceTimePeriod=2013,2026-10-06
env_ac_ainah_r2:TOTAL_HH,CY,2015,8259.5636,,2026-08-07T23:00:00+0200,https://ec.europa.eu/eurostat/api/dissemination/statistics/1.0/data/env_ac_ainah_r2?geo=BE&geo=BG&geo=CZ&geo=DK&geo=DE&geo=EE&geo=IE&geo=EL&geo=ES&geo=FR&geo=HR&geo=IT&geo=CY&geo=LV&geo=LT&geo=LU&geo=HU&geo=MT&geo=NL&geo=AT&geo=PL&geo=PT&geo=RO&geo=SI&geo=SK&geo=FI&geo=SE&geo=EU27_2020&airpol=GHG&unit=THS_T&nace_r2=TOTAL&nace_r2=TOTAL_HH&sinceTimePeriod=2013,2026-10-06
env_ac_ainah_r2:TOTAL_HH,CY,2016,8739.6666,,2026-08-07T23:00:00+0200,https://ec.europa.eu/eurostat/api/dissemination/statistics/1.0/data/env_ac_ainah_r2?geo=BE&geo=BG&geo=CZ&geo=DK&geo=DE&geo=EE&geo=IE&geo=EL&geo=ES&geo=FR&geo=HR&geo=IT&geo=CY&geo=LV&geo=LT&geo=LU&geo=HU&geo=MT&geo=NL&geo=AT&geo=PL&geo=PT&geo=RO&geo=SI&geo=SK&geo=FI&geo=SE&geo=EU27_2020&airpol=GHG&unit=THS_T&nace_r2=TOTAL&nace_r2=TOTAL_HH&sinceTimePeriod=2013,2026-10-06
env_ac_ainah_r2:TOTAL_HH,CY,2017,9010.2965,,2026-08-07T23:00:00+0200,https://ec.europa.eu/eurostat/api/dissemination/statistics/1.0/data/env_ac_ainah_r2?geo=BE&geo=BG&geo=CZ&geo=DK&geo=DE&geo=EE&geo=IE&geo=EL&geo=ES&geo=FR&geo=HR&geo=IT&geo=CY&geo=LV&geo=LT&geo=LU&geo=HU&geo=MT&geo=NL&geo=AT&geo=PL&geo=PT&geo=RO&geo=SI&geo=SK&geo=FI&geo=SE&geo=EU27_2020&airpol=GHG&unit=THS_T&nace_r2=TOTAL&nace_r2=TOTAL_HH&sinceTimePeriod=2013,2026-10-06
env_ac_ainah_r2:TOTAL_HH,CY,2018,9017.6165,,2026-08-07T23:00:00+0200,https://ec.europa.eu/eurostat/api/dissemination/statistics/1.0/data/env_ac_ainah_r2?geo=BE&geo=BG&geo=CZ&geo=DK&geo=DE&geo=EE&geo=IE&geo=EL&geo=ES&geo=FR&geo=HR&geo=IT&geo=CY&geo=LV&geo=LT&geo=LU&geo=HU&geo=MT&geo=NL&geo=AT&geo=PL&geo=PT&geo=RO&geo=SI&geo=SK&geo=FI&geo=SE&geo=EU27_2020&airpol=GHG&unit=THS_T&nace_r2=TOTAL&nace_r2=TOTAL_HH&sinceTimePeriod=2013,2026-10-06
env_ac_ainah_r2:TOTAL_HH,CY,2019,8862.49872,,2026-08-07T23:00:00+0200,https://ec.europa.eu/eurostat/api/dissemination/statistics/1.0/data/env_ac_ainah_r2?geo=BE&geo=BG&geo=CZ&geo=DK&geo=DE&geo=EE&geo=IE&geo=EL&geo=ES&geo=FR&geo=HR&geo=IT&geo=CY&geo=LV&geo=LT&geo=LU&geo=HU&geo=MT&geo=NL&geo=AT&geo=PL&geo=PT&geo=RO&geo=SI&geo=SK&geo=FI&geo=SE&geo=EU27_2020&airpol=GHG&unit=THS_T&nace_r2=TOTAL&nace_r2=TOTAL_HH&sinceTimePeriod=2013,2026-10-06
env_ac_ainah_r2:TOTAL_HH,CY,2020,8545.99459,,2026-08-07T23:00:00+0200,https://ec.europa.eu/eurostat/api/dissemination/statistics/1.0/data/env_ac_ainah_r2?geo=BE&geo=BG&geo=CZ&geo=DK&geo=DE&geo=EE&geo=IE&geo=EL&geo=ES&geo=FR&geo=HR&geo=IT&geo=CY&geo=LV&geo=LT&geo=LU&geo=HU&geo=MT&geo=NL&geo=AT&geo=PL&geo=PT&geo=RO&geo=SI&geo=SK&geo=FI&geo=SE&geo=EU27_2020&airpol=GHG&unit=THS_T&nace_r2=TOTAL&nace_r2=TOTAL_HH&sinceTimePeriod=2013,2026-10-06
env_ac_ainah_r2:TOTAL_HH,CY,2021,8601.03559,,2026-08-07T23:00:00+0200,https://ec.europa.eu/eurostat/api/dissemination/statistics/1.0/data/env_ac_ainah_r2?geo=BE&geo=BG&geo=CZ&geo=DK&geo=DE&geo=EE&geo=IE&geo=EL&geo=ES&geo=FR&geo=HR&geo=IT&geo=CY&geo=LV&geo=LT&geo=LU&geo=HU&geo=MT&geo=NL&geo=AT&geo=PL&geo=PT&geo=RO&geo=SI&geo=SK&geo=FI&geo=SE&geo=EU27_2020&airpol=GHG&unit=THS_T&nace_r2=TOTAL&nace_r2=TOTAL_HH&sinceTimePeriod=2013,2026-10-06
env_ac_ainah_r2:TOTAL_HH,CY,2022,8773.07567,,2026-08-07T23:00:00+0200,https://ec.europa.eu/eurostat/api/dissemination/statistics/1.0/data/env_ac_ainah_r2?geo=BE&geo=BG&geo=CZ&geo=DK&geo=DE&geo=EE&geo=IE&geo=EL&geo=ES&geo=FR&geo=HR&geo=IT&geo=CY&geo=LV&geo=LT&geo=LU&geo=HU&geo=MT&geo=NL&geo=AT&geo=PL&geo=PT&geo=RO&geo=SI&geo=SK&geo=FI&geo=SE&geo=EU27_2020&airpol=GHG&unit=THS_T&nace_r2=TOTAL&nace_r2=TOTAL_HH&sinceTimePeriod=2013,2026-10-06
env_ac_ainah_r2:TOTAL_HH,CY,2023,8943.34775,,2026-08-07T23:00:00+0200,https://ec.europa.eu/eurostat/api/dissemination/statistics/1.0/data/env_ac_ainah_r2?geo=BE&geo=BG&geo=CZ&geo=DK&geo=DE&geo=EE&geo=IE&geo=EL&geo=ES&geo=FR&geo=HR&geo=IT&geo=CY&geo=LV&geo=LT&geo=LU&geo=HU&geo=MT&geo=NL&geo=AT&geo=PL&geo=PT&geo=RO&geo=SI&geo=SK&geo=FI&geo=SE&geo=EU27_2020&airpol=GHG&unit=THS_T&nace_r2=TOTAL&nace_r2=TOTAL_HH&sinceTimePeriod=2013,2026-10-06
env_ac_ainah_r2:TOTAL_HH,CY,2024,9065.14862,i,2026-08-07T23:00:00+0200,https://ec.europa.eu/eurostat/api/dissemination/statistics/1.0/data/env_ac_ainah_r2?geo=BE&geo=BG&geo=CZ&geo=DK&geo=DE&geo=EE&geo=IE&geo=EL&geo=ES&geo=FR&geo=HR&geo=IT&geo=CY&geo=LV&geo=LT&geo=LU&geo=HU&geo=MT&geo=NL&geo=AT&geo=PL&geo=PT&geo=RO&geo=SI&geo=SK&geo=FI&geo=SE&geo=EU27_2020&airpol=GHG&unit=THS_T&nace_r2=TOTAL&nace_r2=TOTAL_HH&sinceTimePeriod=2013,2026-10-06
env_ac_ainah_r2:TOTAL_HH,CY,2025,9142.082,i,2026-08-07T23:00:00+0200,https://ec.europa.eu/eurostat/api/dissemination/statistics/1.0/data/env_ac_ainah_r2?geo=BE&geo=BG&geo=CZ&geo=DK&geo=DE&geo=EE&geo=IE&geo=EL&geo=ES&geo=FR&geo=HR&geo=IT&geo=CY&geo=LV&geo=LT&geo=LU&geo=HU&geo=MT&geo=NL&geo=AT&geo=PL&geo=PT&geo=RO&geo=SI&geo=SK&geo=FI&geo=SE&geo=EU27_2020&airpol=GHG&unit=THS_T&nace_r2=TOTAL&nace_r2=TOTAL_HH&sinceTimePeriod=2013,2026-10-06
env_ac_ainah_r2:TOTAL_HH,CZ,2013,118908.89123,,2026-08-07T23:00:00+0200,https://ec.europa.eu/eurostat/api/dissemination/statistics/1.0/data/env_ac_ainah_r2?geo=BE&geo=BG&geo=CZ&geo=DK&geo=DE&geo=EE&geo=IE&geo=EL&geo=ES&geo=FR&geo=HR&geo=IT&geo=CY&geo=LV&geo=LT&geo=LU&geo=HU&geo=MT&geo=NL&geo=AT&geo=PL&geo=PT&geo=RO&geo=SI&geo=SK&geo=FI&geo=SE&geo=EU27_2020&airpol=GHG&unit=THS_T&nace_r2=TOTAL&nace_r2=TOTAL_HH&sinceTimePeriod=2013,2026-10-06
env_ac_ainah_r2:TOTAL_HH,CZ,2014,116768.81182,,2026-08-07T23:00:00+0200,https://ec.europa.eu/eurostat/api/dissemination/statistics/1.0/data/env_ac_ainah_r2?geo=BE&geo=BG&geo=CZ&geo=DK&geo=DE&geo=EE&geo=IE&geo=EL&geo=ES&geo=FR&geo=HR&geo=IT&geo=CY&geo=LV&geo=LT&geo=LU&geo=HU&geo=MT&geo=NL&geo=AT&geo=PL&geo=PT&geo=RO&geo=SI&geo=SK&geo=FI&geo=SE&geo=EU27_2020&airpol=GHG&unit=THS_T&nace_r2=TOTAL&nace_r2=TOTAL_HH&sinceTimePeriod=2013,2026-10-06
env_ac_ainah_r2:TOTAL_HH,CZ,2015,115959.71858,,2026-08-07T23:00:00+0200,https://ec.europa.eu/eurostat/api/dissemination/statistics/1.0/data/env_ac_ainah_r2?geo=BE&geo=BG&geo=CZ&geo=DK&geo=DE&geo=EE&geo=IE&geo=EL&geo=ES&geo=FR&geo=HR&geo=IT&geo=CY&geo=LV&geo=LT&geo=LU&geo=HU&geo=MT&geo=NL&geo=AT&geo=PL&geo=PT&geo=RO&geo=SI&geo=SK&geo=FI&geo=SE&geo=EU27_2020&airpol=GHG&unit=THS_T&nace_r2=TOTAL&nace_r2=TOTAL_HH&sinceTimePeriod=2013,2026-10-06
env_ac_ainah_r2:TOTAL_HH,CZ,2016,118852.26617,,2026-08-07T23:00:00+0200,https://ec.europa.eu/eurostat/api/dissemination/statistics/1.0/data/env_ac_ainah_r2?geo=BE&geo=BG&geo=CZ&geo=DK&geo=DE&geo=EE&geo=IE&geo=EL&geo=ES&geo=FR&geo=HR&geo=IT&geo=CY&geo=LV&geo=LT&geo=LU&geo=HU&geo=MT&geo=NL&geo=AT&geo=PL&geo=PT&geo=RO&geo=SI&geo=SK&geo=FI&geo=SE&geo=EU27_2020&airpol=GHG&unit=THS_T&nace_r2=TOTAL&nace_r2=TOTAL_HH&sinceTimePeriod=2013,2026-10-06
env_ac_ainah_r2:TOTAL_HH,CZ,2017,117554.00288,,2026-08-07T23:00:00+0200,https://ec.europa.eu/eurostat/api/dissemination/statistics/1.0/data/env_ac_ainah_r2?geo=BE&geo=BG&geo=CZ&geo=DK&geo=DE&geo=EE&geo=IE&geo=EL&geo=ES&geo=FR&geo=HR&geo=IT&geo=CY&geo=LV&geo=LT&geo=LU&geo=HU&geo=MT&geo=NL&geo=AT&geo=PL&geo=PT&geo=RO&geo=SI&geo=SK&geo=FI&geo=SE&geo=EU27_2020&airpol=GHG&unit=THS_T&nace_r2=TOTAL&nace_r2=TOTAL_HH&sinceTimePeriod=2013,2026-10-06
env_ac_ainah_r2:TOTAL_HH,CZ,2018,117316.90896,,2026-08-07T23:00:00+0200,https://ec.europa.eu/eurostat/api/dissemination/statistics/1.0/data/env_ac_ainah_r2?geo=BE&geo=BG&geo=CZ&geo=DK&geo=DE&geo=EE&geo=IE&geo=EL&geo=ES&geo=FR&geo=HR&geo=IT&geo=CY&geo=LV&geo=LT&geo=LU&geo=HU&geo=MT&geo=NL&geo=AT&geo=PL&geo=PT&geo=RO&geo=SI&geo=SK&geo=FI&geo=SE&geo=EU27_2020&airpol=GHG&unit=THS_T&nace_r2=TOTAL&nace_r2=TOTAL_HH&sinceTimePeriod=2013,2026-10-06
env_ac_ainah_r2:TOTAL_HH,CZ,2019,111623.8933,,2026-08-07T23:00:00+0200,https://ec.europa.eu/eurostat/api/dissemination/statistics/1.0/data/env_ac_ainah_r2?geo=BE&geo=BG&geo=CZ&geo=DK&geo=DE&geo=EE&geo=IE&geo=EL&geo=ES&geo=FR&geo=HR&geo=IT&geo=CY&geo=LV&geo=LT&geo=LU&geo=HU&geo=MT&geo=NL&geo=AT&geo=PL&geo=PT&geo=RO&geo=SI&geo=SK&geo=FI&geo=SE&geo=EU27_2020&airpol=GHG&unit=THS_T&nace_r2=TOTAL&nace_r2=TOTAL_HH&sinceTimePeriod=2013,2026-10-06
env_ac_ainah_r2:TOTAL_HH,CZ,2020,101982.64822,,2026-08-07T23:00:00+0200,https://ec.europa.eu/eurostat/api/dissemination/statistics/1.0/data/env_ac_ainah_r2?geo=BE&geo=BG&geo=CZ&geo=DK&geo=DE&geo=EE&geo=IE&geo=EL&geo=ES&geo=FR&geo=HR&geo=IT&geo=CY&geo=LV&geo=LT&geo=LU&geo=HU&geo=MT&geo=NL&geo=AT&geo=PL&geo=PT&geo=RO&geo=SI&geo=SK&geo=FI&geo=SE&geo=EU27_2020&airpol=GHG&unit=THS_T&nace_r2=TOTAL&nace_r2=TOTAL_HH&sinceTimePeriod=2013,2026-10-06
env_ac_ainah_r2:TOTAL_HH,CZ,2021,108111.60923,,2026-08-07T23:00:00+0200,https://ec.europa.eu/eurostat/api/dissemination/statistics/1.0/data/env_ac_ainah_r2?geo=BE&geo=BG&geo=CZ&geo=DK&geo=DE&geo=EE&geo=IE&geo=EL&geo=ES&geo=FR&geo=HR&geo=IT&geo=CY&geo=LV&geo=LT&geo=LU&geo=HU&geo=MT&geo=NL&geo=AT&geo=PL&geo=PT&geo=RO&geo=SI&geo=SK&geo=FI&geo=SE&geo=EU27_2020&airpol=GHG&unit=THS_T&nace_r2=TOTAL&nace_r2=TOTAL_HH&sinceTimePeriod=2013,2026-10-06
env_ac_ainah_r2:TOTAL_HH,CZ,2022,107070.65506,,2026-08-07T23:00:00+0200,https://ec.europa.eu/eurostat/api/dissemination/statistics/1.0/data/env_ac_ainah_r2?geo=BE&geo=BG&geo=CZ&geo=DK&geo=DE&geo=EE&geo=IE&geo=EL&geo=ES&geo=FR&geo=HR&geo=IT&geo=CY&geo=LV&geo=LT&geo=LU&geo=HU&geo=MT&geo=NL&geo=AT&geo=PL&geo=PT&geo=RO&geo=SI&geo=SK&geo=FI&geo=SE&geo=EU27_2020&airpol=GHG&unit=THS_T&nace_r2=TOTAL&nace_r2=TOTAL_HH&sinceTimePeriod=2013,2026-10-06
env_ac_ainah_r2:TOTAL_HH,CZ,2023,94837.62222,,2026-08-07T23:00:00+0200,https://ec.europa.eu/eurostat/api/dissemination/statistics/1.0/data/env_ac_ainah_r2?geo=BE&geo=BG&geo=CZ&geo=DK&geo=DE&geo=EE&geo=IE&geo=EL&geo=ES&geo=FR&geo=HR&geo=IT&geo=CY&geo=LV&geo=LT&geo=LU&geo=HU&geo=MT&geo=NL&geo=AT&geo=PL&geo=PT&geo=RO&geo=SI&geo=SK&geo=FI&geo=SE&geo=EU27_2020&airpol=GHG&unit=THS_T&nace_r2=TOTAL&nace_r2=TOTAL_HH&sinceTimePeriod=2013,2026-10-06
env_ac_ainah_r2:TOTAL_HH,CZ,2024,90851.00335,i,2026-08-07T23:00:00+0200,https://ec.europa.eu/eurostat/api/dissemination/statistics/1.0/data/env_ac_ainah_r2?geo=BE&geo=BG&geo=CZ&geo=DK&geo=DE&geo=EE&geo=IE&geo=EL&geo=ES&geo=FR&geo=HR&geo=IT&geo=CY&geo=LV&geo=LT&geo=LU&geo=HU&geo=MT&geo=NL&geo=AT&geo=PL&geo=PT&geo=RO&geo=SI&geo=SK&geo=FI&geo=SE&geo=EU27_2020&airpol=GHG&unit=THS_T&nace_r2=TOTAL&nace_r2=TOTAL_HH&sinceTimePeriod=2013,2026-10-06
env_ac_ainah_r2:TOTAL_HH,CZ,2025,93166.421,i,2026-08-07T23:00:00+0200,https://ec.europa.eu/eurostat/api/dissemination/statistics/1.0/data/env_ac_ainah_r2?geo=BE&geo=BG&geo=CZ&geo=DK&geo=DE&geo=EE&geo=IE&geo=EL&geo=ES&geo=FR&geo=HR&geo=IT&geo=CY&geo=LV&geo=LT&geo=LU&geo=HU&geo=MT&geo=NL&geo=AT&geo=PL&geo=PT&geo=RO&geo=SI&geo=SK&geo=FI&geo=SE&geo=EU27_2020&airpol=GHG&unit=THS_T&nace_r2=TOTAL&nace_r2=TOTAL_HH&sinceTimePeriod=2013,2026-10-06
env_ac_ainah_r2:TOTAL_HH,DE,2013,991848.35092,,2026-08-07T23:00:00+0200,https://ec.europa.eu/eurostat/api/dissemination/statistics/1.0/data/env_ac_ainah_r2?geo=BE&geo=BG&geo=CZ&geo=DK&geo=DE&geo=EE&geo=IE&geo=EL&geo=ES&geo=FR&geo=HR&geo=IT&geo=CY&geo=LV&geo=LT&geo=LU&geo=HU&geo=MT&geo=NL&geo=AT&geo=PL&geo=PT&geo=RO&geo=SI&geo=SK&geo=FI&geo=SE&geo=EU27_2020&airpol=GHG&unit=THS_T&nace_r2=TOTAL&nace_r2=TOTAL_HH&sinceTimePeriod=2013,2026-10-06
env_ac_ainah_r2:TOTAL_HH,DE,2014,952792.87965,,2026-08-07T23:00:00+0200,https://ec.europa.eu/eurostat/api/dissemination/statistics/1.0/data/env_ac_ainah_r2?geo=BE&geo=BG&geo=CZ&geo=DK&geo=DE&geo=EE&geo=IE&geo=EL&geo=ES&geo=FR&geo=HR&geo=IT&geo=CY&geo=LV&geo=LT&geo=LU&geo=HU&geo=MT&geo=NL&geo=AT&geo=PL&geo=PT&geo=RO&geo=SI&geo=SK&geo=FI&geo=SE&geo=EU27_2020&airpol=GHG&unit=THS_T&nace_r2=TOTAL&nace_r2=TOTAL_HH&sinceTimePeriod=2013,2026-10-06
env_ac_ainah_r2:TOTAL_HH,DE,2015,962432.48268,,2026-08-07T23:00:00+0200,https://ec.europa.eu/eurostat/api/dissemination/statistics/1.0/data/env_ac_ainah_r2?geo=BE&geo=BG&geo=CZ&geo=DK&geo=DE&geo=EE&geo=IE&geo=EL&geo=ES&geo=FR&geo=HR&geo=IT&geo=CY&geo=LV&geo=LT&geo=LU&geo=HU&geo=MT&geo=NL&geo=AT&geo=PL&geo=PT&geo=RO&geo=SI&geo=SK&geo=FI&geo=SE&geo=EU27_2020&airpol=GHG&unit=THS_T&nace_r2=TOTAL&nace_r2=TOTAL_HH&sinceTimePeriod=2013,2026-10-06
env_ac_ainah_r2:TOTAL_HH,DE,2016,956700.47032,,2026-08-07T23:00:00+0200,https://ec.europa.eu/eurostat/api/dissemination/statistics/1.0/data/env_ac_ainah_r2?geo=BE&geo=BG&geo=CZ&geo=DK&geo=DE&geo=EE&geo=IE&geo=EL&geo=ES&geo=FR&geo=HR&geo=IT&geo=CY&geo=LV&geo=LT&geo=LU&geo=HU&geo=MT&geo=NL&geo=AT&geo=PL&geo=PT&geo=RO&geo=SI&geo=SK&geo=FI&geo=SE&geo=EU27_2020&airpol=GHG&unit=THS_T&nace_r2=TOTAL&nace_r2=TOTAL_HH&sinceTimePeriod=2013,2026-10-06
env_ac_ainah_r2:TOTAL_HH,DE,2017,946702.47304,,2026-08-07T23:00:00+0200,https://ec.europa.eu/eurostat/api/dissemination/statistics/1.0/data/env_ac_ainah_r2?geo=BE&geo=BG&geo=CZ&geo=DK&geo=DE&geo=EE&geo=IE&geo=EL&geo=ES&geo=FR&geo=HR&geo=IT&geo=CY&geo=LV&geo=LT&geo=LU&geo=HU&geo=MT&geo=NL&geo=AT&geo=PL&geo=PT&geo=RO&geo=SI&geo=SK&geo=FI&geo=SE&geo=EU27_2020&airpol=GHG&unit=THS_T&nace_r2=TOTAL&nace_r2=TOTAL_HH&sinceTimePeriod=2013,2026-10-06
env_ac_ainah_r2:TOTAL_HH,DE,2018,897786.76684,,2026-08-07T23:00:00+0200,https://ec.europa.eu/eurostat/api/dissemination/statistics/1.0/data/env_ac_ainah_r2?geo=BE&geo=BG&geo=CZ&geo=DK&geo=DE&geo=EE&geo=IE&geo=EL&geo=ES&geo=FR&geo=HR&geo=IT&geo=CY&geo=LV&geo=LT&geo=LU&geo=HU&geo=MT&geo=NL&geo=AT&geo=PL&geo=PT&geo=RO&geo=SI&geo=SK&geo=FI&geo=SE&geo=EU27_2020&airpol=GHG&unit=THS_T&nace_r2=TOTAL&nace_r2=TOTAL_HH&sinceTimePeriod=2013,2026-10-06
env_ac_ainah_r2:TOTAL_HH,DE,2019,843864.21632,,2026-08-07T23:00:00+0200,https://ec.europa.eu/eurostat/api/dissemination/statistics/1.0/data/env_ac_ainah_r2?geo=BE&geo=BG&geo=CZ&geo=DK&geo=DE&geo=EE&geo=IE&geo=EL&geo=ES&geo=FR&geo=HR&geo=IT&geo=CY&geo=LV&geo=LT&geo=LU&geo=HU&geo=MT&geo=NL&geo=AT&geo=PL&geo=PT&geo=RO&geo=SI&geo=SK&geo=FI&geo=SE&geo=EU27_2020&airpol=GHG&unit=THS_T&nace_r2=TOTAL&nace_r2=TOTAL_HH&sinceTimePeriod=2013,2026-10-06
env_ac_ainah_r2:TOTAL_HH,DE,2020,756236.62103,,2026-08-07T23:00:00+0200,https://ec.europa.eu/eurostat/api/dissemination/statistics/1.0/data/env_ac_ainah_r2?geo=BE&geo=BG&geo=CZ&geo=DK&geo=DE&geo=EE&geo=IE&geo=EL&geo=ES&geo=FR&geo=HR&geo=IT&geo=CY&geo=LV&geo=LT&geo=LU&geo=HU&geo=MT&geo=NL&geo=AT&geo=PL&geo=PT&geo=RO&geo=SI&geo=SK&geo=FI&geo=SE&geo=EU27_2020&airpol=GHG&unit=THS_T&nace_r2=TOTAL&nace_r2=TOTAL_HH&sinceTimePeriod=2013,2026-10-06
env_ac_ainah_r2:TOTAL_HH,DE,2021,793490.69425,,2026-08-07T23:00:00+0200,https://ec.europa.eu/eurostat/api/dissemination/statistics/1.0/data/env_ac_ainah_r2?geo=BE&geo=BG&geo=CZ&geo=DK&geo=DE&geo=EE&geo=IE&geo=EL&geo=ES&geo=FR&geo=HR&geo=IT&geo=CY&geo=LV&geo=LT&geo=LU&geo=HU&geo=MT&geo=NL&geo=AT&geo=PL&geo=PT&geo=RO&geo=SI&geo=SK&geo=FI&geo=SE&geo=EU27_2020&airpol=GHG&unit=THS_T&nace_r2=TOTAL&nace_r2=TOTAL_HH&sinceTimePeriod=2013,2026-10-06
env_ac_ainah_r2:TOTAL_HH,DE,2022,786316.61091,,2026-08-07T23:00:00+0200,https://ec.europa.eu/eurostat/api/dissemination/statistics/1.0/data/env_ac_ainah_r2?geo=BE&geo=BG&geo=CZ&geo=DK&geo=DE&geo=EE&geo=IE&geo=EL&geo=ES&geo=FR&geo=HR&geo=IT&geo=CY&geo=LV&geo=LT&geo=LU&geo=HU&geo=MT&geo=NL&geo=AT&geo=PL&geo=PT&geo=RO&geo=SI&geo=SK&geo=FI&geo=SE&geo=EU27_2020&airpol=GHG&unit=THS_T&nace_r2=TOTAL&nace_r2=TOTAL_HH&sinceTimePeriod=2013,2026-10-06
env_ac_ainah_r2:TOTAL_HH,DE,2023,710349.21068,,2026-08-07T23:00:00+0200,https://ec.europa.eu/eurostat/api/dissemination/statistics/1.0/data/env_ac_ainah_r2?geo=BE&geo=BG&geo=CZ&geo=DK&geo=DE&geo=EE&geo=IE&geo=EL&geo=ES&geo=FR&geo=HR&geo=IT&geo=CY&geo=LV&geo=LT&geo=LU&geo=HU&geo=MT&geo=NL&geo=AT&geo=PL&geo=PT&geo=RO&geo=SI&geo=SK&geo=FI&geo=SE&geo=EU27_2020&airpol=GHG&unit=THS_T&nace_r2=TOTAL&nace_r2=TOTAL_HH&sinceTimePeriod=2013,2026-10-06
env_ac_ainah_r2:TOTAL_HH,DE,2024,692801.3717,i,2026-08-07T23:00:00+0200,https://ec.europa.eu/eurostat/api/dissemination/statistics/1.0/data/env_ac_ainah_r2?geo=BE&geo=BG&geo=CZ&geo=DK&geo=DE&geo=EE&geo=IE&geo=EL&geo=ES&geo=FR&geo=HR&geo=IT&geo=CY&geo=LV&geo=LT&geo=LU&geo=HU&geo=MT&geo=NL&geo=AT&geo=PL&geo=PT&geo=RO&geo=SI&geo=SK&geo=FI&geo=SE&geo=EU27_2020&airpol=GHG&unit=THS_T&nace_r2=TOTAL&nace_r2=TOTAL_HH&sinceTimePeriod=2013,2026-10-06
env_ac_ainah_r2:TOTAL_HH,DE,2025,696866.635,i,2026-08-07T23:00:00+0200,https://ec.europa.eu/eurostat/api/dissemination/statistics/1.0/data/env_ac_ainah_r2?geo=BE&geo=BG&geo=CZ&geo=DK&geo=DE&geo=EE&geo=IE&geo=EL&geo=ES&geo=FR&geo=HR&geo=IT&geo=CY&geo=LV&geo=LT&geo=LU&geo=HU&geo=MT&geo=NL&geo=AT&geo=PL&geo=PT&geo=RO&geo=SI&geo=SK&geo=FI&geo=SE&geo=EU27_2020&airpol=GHG&unit=THS_T&nace_r2=TOTAL&nace_r2=TOTAL_HH&sinceTimePeriod=2013,2026-10-06
env_ac_ainah_r2:TOTAL_HH,DK,2013,94071.49626,,2026-08-07T23:00:00+0200,https://ec.europa.eu/eurostat/api/dissemination/statistics/1.0/data/env_ac_ainah_r2?geo=BE&geo=BG&geo=CZ&geo=DK&geo=DE&geo=EE&geo=IE&geo=EL&geo=ES&geo=FR&geo=HR&geo=IT&geo=CY&geo=LV&geo=LT&geo=LU&geo=HU&geo=MT&geo=NL&geo=AT&geo=PL&geo=PT&geo=RO&geo=SI&geo=SK&geo=FI&geo=SE&geo=EU27_2020&airpol=GHG&unit=THS_T&nace_r2=TOTAL&nace_r2=TOTAL_HH&sinceTimePeriod=2013,2026-10-06
env_ac_ainah_r2:TOTAL_HH,DK,2014,88462.19719,,2026-08-07T23:00:00+0200,https://ec.europa.eu/eurostat/api/dissemination/statistics/1.0/data/env_ac_ainah_r2?geo=BE&geo=BG&geo=CZ&geo=DK&geo=DE&geo=EE&geo=IE&geo=EL&geo=ES&geo=FR&geo=HR&geo=IT&geo=CY&geo=LV&geo=LT&geo=LU&geo=HU&geo=MT&geo=NL&geo=AT&geo=PL&geo=PT&geo=RO&geo=SI&geo=SK&geo=FI&geo=SE&geo=EU27_2020&airpol=GHG&unit=THS_T&nace_r2=TOTAL&nace_r2=TOTAL_HH&sinceTimePeriod=2013,2026-10-06
env_ac_ainah_r2:TOTAL_HH,DK,2015,91981.19136,,2026-08-07T23:00:00+0200,https://ec.europa.eu/eurostat/api/dissemination/statistics/1.0/data/env_ac_ainah_r2?geo=BE&geo=BG&geo=CZ&geo=DK&geo=DE&geo=EE&geo=IE&geo=EL&geo=ES&geo=FR&geo=HR&geo=IT&geo=CY&geo=LV&geo=LT&geo=LU&geo=HU&geo=MT&geo=NL&geo=AT&geo=PL&geo=PT&geo=RO&geo=SI&geo=SK&geo=FI&geo=SE&geo=EU27_2020&airpol=GHG&unit=THS_T&nace_r2=TOTAL&nace_r2=TOTAL_HH&sinceTimePeriod=2013,2026-10-06
env_ac_ainah_r2:TOTAL_HH,DK,2016,97429.10759,,2026-08-07T23:00:00+0200,https://ec.europa.eu/eurostat/api/dissemination/statistics/1.0/data/env_ac_ainah_r2?geo=BE&geo=BG&geo=CZ&geo=DK&geo=DE&geo=EE&geo=IE&geo=EL&geo=ES&geo=FR&geo=HR&geo=IT&geo=CY&geo=LV&geo=LT&geo=LU&geo=HU&geo=MT&geo=NL&geo=AT&geo=PL&geo=PT&geo=RO&geo=SI&geo=SK&geo=FI&geo=SE&geo=EU27_2020&airpol=GHG&unit=THS_T&nace_r2=TOTAL&nace_r2=TOTAL_HH&sinceTimePeriod=2013,2026-10-06
env_ac_ainah_r2:TOTAL_HH,DK,2017,96488.61112,,2026-08-07T23:00:00+0200,https://ec.europa.eu/eurostat/api/dissemination/statistics/1.0/data/env_ac_ainah_r2?geo=BE&geo=BG&geo=CZ&geo=DK&geo=DE&geo=EE&geo=IE&geo=EL&geo=ES&geo=FR&geo=HR&geo=IT&geo=CY&geo=LV&geo=LT&geo=LU&geo=HU&geo=MT&geo=NL&geo=AT&geo=PL&geo=PT&geo=RO&geo=SI&geo=SK&geo=FI&geo=SE&geo=EU27_2020&airpol=GHG&unit=THS_T&nace_r2=TOTAL&nace_r2=TOTAL_HH&sinceTimePeriod=2013,2026-10-06
env_ac_ainah_r2:TOTAL_HH,DK,2018,97198.60189,,2026-08-07T23:00:00+0200,https://ec.europa.eu/eurostat/api/dissemination/statistics/1.0/data/env_ac_ainah_r2?geo=BE&geo=BG&geo=CZ&geo=DK&geo=DE&geo=EE&geo=IE&geo=EL&geo=ES&geo=FR&geo=HR&geo=IT&geo=CY&geo=LV&geo=LT&geo=LU&geo=HU&geo=MT&geo=NL&geo=AT&geo=PL&geo=PT&geo=RO&geo=SI&geo=SK&geo=FI&geo=SE&geo=EU27_2020&airpol=GHG&unit=THS_T&nace_r2=TOTAL&nace_r2=TOTAL_HH&sinceTimePeriod=2013,2026-10-06
env_ac_ainah_r2:TOTAL_HH,DK,2019,93634.85121,,2026-08-07T23:00:00+0200,https://ec.europa.eu/eurostat/api/dissemination/statistics/1.0/data/env_ac_ainah_r2?geo=BE&geo=BG&geo=CZ&geo=DK&geo=DE&geo=EE&geo=IE&geo=EL&geo=ES&geo=FR&geo=HR&geo=IT&geo=CY&geo=LV&geo=LT&geo=LU&geo=HU&geo=MT&geo=NL&geo=AT&geo=PL&geo=PT&geo=RO&geo=SI&geo=SK&geo=FI&geo=SE&geo=EU27_2020&airpol=GHG&unit=THS_T&nace_r2=TOTAL&nace_r2=TOTAL_HH&sinceTimePeriod=2013,2026-10-06
env_ac_ainah_r2:TOTAL_HH,DK,2020,82241.33479,,2026-08-07T23:00:00+0200,https://ec.europa.eu/eurostat/api/dissemination/statistics/1.0/data/env_ac_ainah_r2?geo=BE&geo=BG&geo=CZ&geo=DK&geo=DE&geo=EE&geo=IE&geo=EL&geo=ES&geo=FR&geo=HR&geo=IT&geo=CY&geo=LV&geo=LT&geo=LU&geo=HU&geo=MT&geo=NL&geo=AT&geo=PL&geo=PT&geo=RO&geo=SI&geo=SK&geo=FI&geo=SE&geo=EU27_2020&airpol=GHG&unit=THS_T&nace_r2=TOTAL&nace_r2=TOTAL_HH&sinceTimePeriod=2013,2026-10-06
env_ac_ainah_r2:TOTAL_HH,DK,2021,90207.94041,,2026-08-07T23:00:00+0200,https://ec.europa.eu/eurostat/api/dissemination/statistics/1.0/data/env_ac_ainah_r2?geo=BE&geo=BG&geo=CZ&geo=DK&geo=DE&geo=EE&geo=IE&geo=EL&geo=ES&geo=FR&geo=HR&geo=IT&geo=CY&geo=LV&geo=LT&geo=LU&geo=HU&geo=MT&geo=NL&geo=AT&geo=PL&geo=PT&geo=RO&geo=SI&geo=SK&geo=FI&geo=SE&geo=EU27_2020&airpol=GHG&unit=THS_T&nace_r2=TOTAL&nace_r2=TOTAL_HH&sinceTimePeriod=2013,2026-10-06
env_ac_ainah_r2:TOTAL_HH,DK,2022,85471.07466,,2026-08-07T23:00:00+0200,https://ec.europa.eu/eurostat/api/dissemination/statistics/1.0/data/env_ac_ainah_r2?geo=BE&geo=BG&geo=CZ&geo=DK&geo=DE&geo=EE&geo=IE&geo=EL&geo=ES&geo=FR&geo=HR&geo=IT&geo=CY&geo=LV&geo=LT&geo=LU&geo=HU&geo=MT&geo=NL&geo=AT&geo=PL&geo=PT&geo=RO&geo=SI&geo=SK&geo=FI&geo=SE&geo=EU27_2020&airpol=GHG&unit=THS_T&nace_r2=TOTAL&nace_r2=TOTAL_HH&sinceTimePeriod=2013,2026-10-06
env_ac_ainah_r2:TOTAL_HH,DK,2023,81204.5678,,2026-08-07T23:00:00+0200,https://ec.europa.eu/eurostat/api/dissemination/statistics/1.0/data/env_ac_ainah_r2?geo=BE&geo=BG&geo=CZ&geo=DK&geo=DE&geo=EE&geo=IE&geo=EL&geo=ES&geo=FR&geo=HR&geo=IT&geo=CY&geo=LV&geo=LT&geo=LU&geo=HU&geo=MT&geo=NL&geo=AT&geo=PL&geo=PT&geo=RO&geo=SI&geo=SK&geo=FI&geo=SE&geo=EU27_2020&airpol=GHG&unit=THS_T&nace_r2=TOTAL&nace_r2=TOTAL_HH&sinceTimePeriod=2013,2026-10-06
env_ac_ainah_r2:TOTAL_HH,DK,2024,86138.03622,i,2026-08-07T23:00:00+0200,https://ec.europa.eu/eurostat/api/dissemination/statistics/1.0/data/env_ac_ainah_r2?geo=BE&geo=BG&geo=CZ&geo=DK&geo=DE&geo=EE&geo=IE&geo=EL&geo=ES&geo=FR&geo=HR&geo=IT&geo=CY&geo=LV&geo=LT&geo=LU&geo=HU&geo=MT&geo=NL&geo=AT&geo=PL&geo=PT&geo=RO&geo=SI&geo=SK&geo=FI&geo=SE&geo=EU27_2020&airpol=GHG&unit=THS_T&nace_r2=TOTAL&nace_r2=TOTAL_HH&sinceTimePeriod=2013,2026-10-06
env_ac_ainah_r2:TOTAL_HH,DK,2025,85885.293,i,2026-08-07T23:00:00+0200,https://ec.europa.eu/eurostat/api/dissemination/statistics/1.0/data/env_ac_ainah_r2?geo=BE&geo=BG&geo=CZ&geo=DK&geo=DE&geo=EE&geo=IE&geo=EL&geo=ES&geo=FR&geo=HR&geo=IT&geo=CY&geo=LV&geo=LT&geo=LU&geo=HU&geo=MT&geo=NL&geo=AT&geo=PL&geo=PT&geo=RO&geo=SI&geo=SK&geo=FI&geo=SE&geo=EU27_2020&airpol=GHG&unit=THS_T&nace_r2=TOTAL&nace_r2=TOTAL_HH&sinceTimePeriod=2013,2026-10-06
env_ac_ainah_r2:TOTAL_HH,EE,2013,22963.07903,,2026-08-07T23:00:00+0200,https://ec.europa.eu/eurostat/api/dissemination/statistics/1.0/data/env_ac_ainah_r2?geo=BE&geo=BG&geo=CZ&geo=DK&geo=DE&geo=EE&geo=IE&geo=EL&geo=ES&geo=FR&geo=HR&geo=IT&geo=CY&geo=LV&geo=LT&geo=LU&geo=HU&geo=MT&geo=NL&geo=AT&geo=PL&geo=PT&geo=RO&geo=SI&geo=SK&geo=FI&geo=SE&geo=EU27_2020&airpol=GHG&unit=THS_T&nace_r2=TOTAL&nace_r2=TOTAL_HH&sinceTimePeriod=2013,2026-10-06
env_ac_ainah_r2:TOTAL_HH,EE,2014,22091.83336,,2026-08-07T23:00:00+0200,https://ec.europa.eu/eurostat/api/dissemination/statistics/1.0/data/env_ac_ainah_r2?geo=BE&geo=BG&geo=CZ&geo=DK&geo=DE&geo=EE&geo=IE&geo=EL&geo=ES&geo=FR&geo=HR&geo=IT&geo=CY&geo=LV&geo=LT&geo=LU&geo=HU&geo=MT&geo=NL&geo=AT&geo=PL&geo=PT&geo=RO&geo=SI&geo=SK&geo=FI&geo=SE&geo=EU27_2020&airpol=GHG&unit=THS_T&nace_r2=TOTAL&nace_r2=TOTAL_HH&sinceTimePeriod=2013,2026-10-06
env_ac_ainah_r2:TOTAL_HH,EE,2015,19140.87645,,2026-08-07T23:00:00+0200,https://ec.europa.eu/eurostat/api/dissemination/statistics/1.0/data/env_ac_ainah_r2?geo=BE&geo=BG&geo=CZ&geo=DK&geo=DE&geo=EE&geo=IE&geo=EL&geo=ES&geo=FR&geo=HR&geo=IT&geo=CY&geo=LV&geo=LT&geo=LU&geo=HU&geo=MT&geo=NL&geo=AT&geo=PL&geo=PT&geo=RO&geo=SI&geo=SK&geo=FI&geo=SE&geo=EU27_2020&airpol=GHG&unit=THS_T&nace_r2=TOTAL&nace_r2=TOTAL_HH&sinceTimePeriod=2013,2026-10-06
env_ac_ainah_r2:TOTAL_HH,EE,2016,20814.49051,,2026-08-07T23:00:00+0200,https://ec.europa.eu/eurostat/api/dissemination/statistics/1.0/data/env_ac_ainah_r2?geo=BE&geo=BG&geo=CZ&geo=DK&geo=DE&geo=EE&geo=IE&geo=EL&geo=ES&geo=FR&geo=HR&geo=IT&geo=CY&geo=LV&geo=LT&geo=LU&geo=HU&geo=MT&geo=NL&geo=AT&geo=PL&geo=PT&geo=RO&geo=SI&geo=SK&geo=FI&geo=SE&geo=EU27_2020&airpol=GHG&unit=THS_T&nace_r2=TOTAL&nace_r2=TOTAL_HH&sinceTimePeriod=2013,2026-10-06
env_ac_ainah_r2:TOTAL_HH,EE,2017,22070.45739,,2026-08-07T23:00:00+0200,https://ec.europa.eu/eurostat/api/dissemination/statistics/1.0/data/env_ac_ainah_r2?geo=BE&geo=BG&geo=CZ&geo=DK&geo=DE&geo=EE&geo=IE&geo=EL&geo=ES&geo=FR&geo=HR&geo=IT&geo=CY&geo=LV&geo=LT&geo=LU&geo=HU&geo=MT&geo=NL&geo=AT&geo=PL&geo=PT&geo=RO&geo=SI&geo=SK&geo=FI&geo=SE&geo=EU27_2020&airpol=GHG&unit=THS_T&nace_r2=TOTAL&nace_r2=TOTAL_HH&sinceTimePeriod=2013,2026-10-06
env_ac_ainah_r2:TOTAL_HH,EE,2018,21204.84927,,2026-08-07T23:00:00+0200,https://ec.europa.eu/eurostat/api/dissemination/statistics/1.0/data/env_ac_ainah_r2?geo=BE&geo=BG&geo=CZ&geo=DK&geo=DE&geo=EE&geo=IE&geo=EL&geo=ES&geo=FR&geo=HR&geo=IT&geo=CY&geo=LV&geo=LT&geo=LU&geo=HU&geo=MT&geo=NL&geo=AT&geo=PL&geo=PT&geo=RO&geo=SI&geo=SK&geo=FI&geo=SE&geo=EU27_2020&airpol=GHG&unit=THS_T&nace_r2=TOTAL&nace_r2=TOTAL_HH&sinceTimePeriod=2013,2026-10-06
env_ac_ainah_r2:TOTAL_HH,EE,2019,16051.51824,,2026-08-07T23:00:00+0200,https://ec.europa.eu/eurostat/api/dissemination/statistics/1.0/data/env_ac_ainah_r2?geo=BE&geo=BG&geo=CZ&geo=DK&geo=DE&geo=EE&geo=IE&geo=EL&geo=ES&geo=FR&geo=HR&geo=IT&geo=CY&geo=LV&geo=LT&geo=LU&geo=HU&geo=MT&geo=NL&geo=AT&geo=PL&geo=PT&geo=RO&geo=SI&geo=SK&geo=FI&geo=SE&geo=EU27_2020&airpol=GHG&unit=THS_T&nace_r2=TOTAL&nace_r2=TOTAL_HH&sinceTimePeriod=2013,2026-10-06
env_ac_ainah_r2:TOTAL_HH,EE,2020,12349.75456,,2026-08-07T23:00:00+0200,https://ec.europa.eu/eurostat/api/dissemination/statistics/1.0/data/env_ac_ainah_r2?geo=BE&geo=BG&geo=CZ&geo=DK&geo=DE&geo=EE&geo=IE&geo=EL&geo=ES&geo=FR&geo=HR&geo=IT&geo=CY&geo=LV&geo=LT&geo=LU&geo=HU&geo=MT&geo=NL&geo=AT&geo=PL&geo=PT&geo=RO&geo=SI&geo=SK&geo=FI&geo=SE&geo=EU27_2020&airpol=GHG&unit=THS_T&nace_r2=TOTAL&nace_r2=TOTAL_HH&sinceTimePeriod=2013,2026-10-06
env_ac_ainah_r2:TOTAL_HH,EE,2021,13531.66053,,2026-08-07T23:00:00+0200,https://ec.europa.eu/eurostat/api/dissemination/statistics/1.0/data/env_ac_ainah_r2?geo=BE&geo=BG&geo=CZ&geo=DK&geo=DE&geo=EE&geo=IE&geo=EL&geo=ES&geo=FR&geo=HR&geo=IT&geo=CY&geo=LV&geo=LT&geo=LU&geo=HU&geo=MT&geo=NL&geo=AT&geo=PL&geo=PT&geo=RO&geo=SI&geo=SK&geo=FI&geo=SE&geo=EU27_2020&airpol=GHG&unit=THS_T&nace_r2=TOTAL&nace_r2=TOTAL_HH&sinceTimePeriod=2013,2026-10-06
env_ac_ainah_r2:TOTAL_HH,EE,2022,15123.95581,,2026-08-07T23:00:00+0200,https://ec.europa.eu/eurostat/api/dissemination/statistics/1.0/data/env_ac_ainah_r2?geo=BE&geo=BG&geo=CZ&geo=DK&geo=DE&geo=EE&geo=IE&geo=EL&geo=ES&geo=FR&geo=HR&geo=IT&geo=CY&geo=LV&geo=LT&geo=LU&geo=HU&geo=MT&geo=NL&geo=AT&geo=PL&geo=PT&geo=RO&geo=SI&geo=SK&geo=FI&geo=SE&geo=EU27_2020&airpol=GHG&unit=THS_T&nace_r2=TOTAL&nace_r2=TOTAL_HH&sinceTimePeriod=2013,2026-10-06
env_ac_ainah_r2:TOTAL_HH,EE,2023,11802.67075,,2026-08-07T23:00:00+0200,https://ec.europa.eu/eurostat/api/dissemination/statistics/1.0/data/env_ac_ainah_r2?geo=BE&geo=BG&geo=CZ&geo=DK&geo=DE&geo=EE&geo=IE&geo=EL&geo=ES&geo=FR&geo=HR&geo=IT&geo=CY&geo=LV&geo=LT&geo=LU&geo=HU&geo=MT&geo=NL&geo=AT&geo=PL&geo=PT&geo=RO&geo=SI&geo=SK&geo=FI&geo=SE&geo=EU27_2020&airpol=GHG&unit=THS_T&nace_r2=TOTAL&nace_r2=TOTAL_HH&sinceTimePeriod=2013,2026-10-06
env_ac_ainah_r2:TOTAL_HH,EE,2024,11643.01565,i,2026-08-07T23:00:00+0200,https://ec.europa.eu/eurostat/api/dissemination/statistics/1.0/data/env_ac_ainah_r2?geo=BE&geo=BG&geo=CZ&geo=DK&geo=DE&geo=EE&geo=IE&geo=EL&geo=ES&geo=FR&geo=HR&geo=IT&geo=CY&geo=LV&geo=LT&geo=LU&geo=HU&geo=MT&geo=NL&geo=AT&geo=PL&geo=PT&geo=RO&geo=SI&geo=SK&geo=FI&geo=SE&geo=EU27_2020&airpol=GHG&unit=THS_T&nace_r2=TOTAL&nace_r2=TOTAL_HH&sinceTimePeriod=2013,2026-10-06
env_ac_ainah_r2:TOTAL_HH,EE,2025,11153.097,i,2026-08-07T23:00:00+0200,https://ec.europa.eu/eurostat/api/dissemination/statistics/1.0/data/env_ac_ainah_r2?geo=BE&geo=BG&geo=CZ&geo=DK&geo=DE&geo=EE&geo=IE&geo=EL&geo=ES&geo=FR&geo=HR&geo=IT&geo=CY&geo=LV&geo=LT&geo=LU&geo=HU&geo=MT&geo=NL&geo=AT&geo=PL&geo=PT&geo=RO&geo=SI&geo=SK&geo=FI&geo=SE&geo=EU27_2020&airpol=GHG&unit=THS_T&nace_r2=TOTAL&nace_r2=TOTAL_HH&sinceTimePeriod=2013,2026-10-06
env_ac_ainah_r2:TOTAL_HH,EL,2013,110244.71512,,2026-08-07T23:00:00+0200,https://ec.europa.eu/eurostat/api/dissemination/statistics/1.0/data/env_ac_ainah_r2?geo=BE&geo=BG&geo=CZ&geo=DK&geo=DE&geo=EE&geo=IE&geo=EL&geo=ES&geo=FR&geo=HR&geo=IT&geo=CY&geo=LV&geo=LT&geo=LU&geo=HU&geo=MT&geo=NL&geo=AT&geo=PL&geo=PT&geo=RO&geo=SI&geo=SK&geo=FI&geo=SE&geo=EU27_2020&airpol=GHG&unit=THS_T&nace_r2=TOTAL&nace_r2=TOTAL_HH&sinceTimePeriod=2013,2026-10-06
env_ac_ainah_r2:TOTAL_HH,EL,2014,107178.22705,,2026-08-07T23:00:00+0200,https://ec.europa.eu/eurostat/api/dissemination/statistics/1.0/data/env_ac_ainah_r2?geo=BE&geo=BG&geo=CZ&geo=DK&geo=DE&geo=EE&geo=IE&geo=EL&geo=ES&geo=FR&geo=HR&geo=IT&geo=CY&geo=LV&geo=LT&geo=LU&geo=HU&geo=MT&geo=NL&geo=AT&geo=PL&geo=PT&geo=RO&geo=SI&geo=SK&geo=FI&geo=SE&geo=EU27_2020&airpol=GHG&unit=THS_T&nace_r2=TOTAL&nace_r2=TOTAL_HH&sinceTimePeriod=2013,2026-10-06
env_ac_ainah_r2:TOTAL_HH,EL,2015,105027.39358,,2026-08-07T23:00:00+0200,https://ec.europa.eu/eurostat/api/dissemination/statistics/1.0/data/env_ac_ainah_r2?geo=BE&geo=BG&geo=CZ&geo=DK&geo=DE&geo=EE&geo=IE&geo=EL&geo=ES&geo=FR&geo=HR&geo=IT&geo=CY&geo=LV&geo=LT&geo=LU&geo=HU&geo=MT&geo=NL&geo=AT&geo=PL&geo=PT&geo=RO&geo=SI&geo=SK&geo=FI&geo=SE&geo=EU27_2020&airpol=GHG&unit=THS_T&nace_r2=TOTAL&nace_r2=TOTAL_HH&sinceTimePeriod=2013,2026-10-06
env_ac_ainah_r2:TOTAL_HH,EL,2016,102714.22579,,2026-08-07T23:00:00+0200,https://ec.europa.eu/eurostat/api/dissemination/statistics/1.0/data/env_ac_ainah_r2?geo=BE&geo=BG&geo=CZ&geo=DK&geo=DE&geo=EE&geo=IE&geo=EL&geo=ES&geo=FR&geo=HR&geo=IT&geo=CY&geo=LV&geo=LT&geo=LU&geo=HU&geo=MT&geo=NL&geo=AT&geo=PL&geo=PT&geo=RO&geo=SI&geo=SK&geo=FI&geo=SE&geo=EU27_2020&airpol=GHG&unit=THS_T&nace_r2=TOTAL&nace_r2=TOTAL_HH&sinceTimePeriod=2013,2026-10-06
env_ac_ainah_r2:TOTAL_HH,EL,2017,107875.3804,,2026-08-07T23:00:00+0200,https://ec.europa.eu/eurostat/api/dissemination/statistics/1.0/data/env_ac_ainah_r2?geo=BE&geo=BG&geo=CZ&geo=DK&geo=DE&geo=EE&geo=IE&geo=EL&geo=ES&geo=FR&geo=HR&geo=IT&geo=CY&geo=LV&geo=LT&geo=LU&geo=HU&geo=MT&geo=NL&geo=AT&geo=PL&geo=PT&geo=RO&geo=SI&geo=SK&geo=FI&geo=SE&geo=EU27_2020&airpol=GHG&unit=THS_T&nace_r2=TOTAL&nace_r2=TOTAL_HH&sinceTimePeriod=2013,2026-10-06
env_ac_ainah_r2:TOTAL_HH,EL,2018,106966.01506,,2026-08-07T23:00:00+0200,https://ec.europa.eu/eurostat/api/dissemination/statistics/1.0/data/env_ac_ainah_r2?geo=BE&geo=BG&geo=CZ&geo=DK&geo=DE&geo=EE&geo=IE&geo=EL&geo=ES&geo=FR&geo=HR&geo=IT&geo=CY&geo=LV&geo=LT&geo=LU&geo=HU&geo=MT&geo=NL&geo=AT&geo=PL&geo=PT&geo=RO&geo=SI&geo=SK&geo=FI&geo=SE&geo=EU27_2020&airpol=GHG&unit=THS_T&nace_r2=TOTAL&nace_r2=TOTAL_HH&sinceTimePeriod=2013,2026-10-06
env_ac_ainah_r2:TOTAL_HH,EL,2019,101086.18251,,2026-08-07T23:00:00+0200,https://ec.europa.eu/eurostat/api/dissemination/statistics/1.0/data/env_ac_ainah_r2?geo=BE&geo=BG&geo=CZ&geo=DK&geo=DE&geo=EE&geo=IE&geo=EL&geo=ES&geo=FR&geo=HR&geo=IT&geo=CY&geo=LV&geo=LT&geo=LU&geo=HU&geo=MT&geo=NL&geo=AT&geo=PL&geo=PT&geo=RO&geo=SI&geo=SK&geo=FI&geo=SE&geo=EU27_2020&airpol=GHG&unit=THS_T&nace_r2=TOTAL&nace_r2=TOTAL_HH&sinceTimePeriod=2013,2026-10-06
env_ac_ainah_r2:TOTAL_HH,EL,2020,89840.84129,,2026-08-07T23:00:00+0200,https://ec.europa.eu/eurostat/api/dissemination/statistics/1.0/data/env_ac_ainah_r2?geo=BE&geo=BG&geo=CZ&geo=DK&geo=DE&geo=EE&geo=IE&geo=EL&geo=ES&geo=FR&geo=HR&geo=IT&geo=CY&geo=LV&geo=LT&geo=LU&geo=HU&geo=MT&geo=NL&geo=AT&geo=PL&geo=PT&geo=RO&geo=SI&geo=SK&geo=FI&geo=SE&geo=EU27_2020&airpol=GHG&unit=THS_T&nace_r2=TOTAL&nace_r2=TOTAL_HH&sinceTimePeriod=2013,2026-10-06
env_ac_ainah_r2:TOTAL_HH,EL,2021,91001.14789,,2026-08-07T23:00:00+0200,https://ec.europa.eu/eurostat/api/dissemination/statistics/1.0/data/env_ac_ainah_r2?geo=BE&geo=BG&geo=CZ&geo=DK&geo=DE&geo=EE&geo=IE&geo=EL&geo=ES&geo=FR&geo=HR&geo=IT&geo=CY&geo=LV&geo=LT&geo=LU&geo=HU&geo=MT&geo=NL&geo=AT&geo=PL&geo=PT&geo=RO&geo=SI&geo=SK&geo=FI&geo=SE&geo=EU27_2020&airpol=GHG&unit=THS_T&nace_r2=TOTAL&nace_r2=TOTAL_HH&sinceTimePeriod=2013,2026-10-06
env_ac_ainah_r2:TOTAL_HH,EL,2022,87091.3476,,2026-08-07T23:00:00+0200,https://ec.europa.eu/eurostat/api/dissemination/statistics/1.0/data/env_ac_ainah_r2?geo=BE&geo=BG&geo=CZ&geo=DK&geo=DE&geo=EE&geo=IE&geo=EL&geo=ES&geo=FR&geo=HR&geo=IT&geo=CY&geo=LV&geo=LT&geo=LU&geo=HU&geo=MT&geo=NL&geo=AT&geo=PL&geo=PT&geo=RO&geo=SI&geo=SK&geo=FI&geo=SE&geo=EU27_2020&airpol=GHG&unit=THS_T&nace_r2=TOTAL&nace_r2=TOTAL_HH&sinceTimePeriod=2013,2026-10-06
env_ac_ainah_r2:TOTAL_HH,EL,2023,82000.65611,,2026-08-07T23:00:00+0200,https://ec.europa.eu/eurostat/api/dissemination/statistics/1.0/data/env_ac_ainah_r2?geo=BE&geo=BG&geo=CZ&geo=DK&geo=DE&geo=EE&geo=IE&geo=EL&geo=ES&geo=FR&geo=HR&geo=IT&geo=CY&geo=LV&geo=LT&geo=LU&geo=HU&geo=MT&geo=NL&geo=AT&geo=PL&geo=PT&geo=RO&geo=SI&geo=SK&geo=FI&geo=SE&geo=EU27_2020&airpol=GHG&unit=THS_T&nace_r2=TOTAL&nace_r2=TOTAL_HH&sinceTimePeriod=2013,2026-10-06
env_ac_ainah_r2:TOTAL_HH,EL,2024,79894.66332,i,2026-08-07T23:00:00+0200,https://ec.europa.eu/eurostat/api/dissemination/statistics/1.0/data/env_ac_ainah_r2?geo=BE&geo=BG&geo=CZ&geo=DK&geo=DE&geo=EE&geo=IE&geo=EL&geo=ES&geo=FR&geo=HR&geo=IT&geo=CY&geo=LV&geo=LT&geo=LU&geo=HU&geo=MT&geo=NL&geo=AT&geo=PL&geo=PT&geo=RO&geo=SI&geo=SK&geo=FI&geo=SE&geo=EU27_2020&airpol=GHG&unit=THS_T&nace_r2=TOTAL&nace_r2=TOTAL_HH&sinceTimePeriod=2013,2026-10-06
env_ac_ainah_r2:TOTAL_HH,EL,2025,80188.512,i,2026-08-07T23:00:00+0200,https://ec.europa.eu/eurostat/api/dissemination/statistics/1.0/data/env_ac_ainah_r2?geo=BE&geo=BG&geo=CZ&geo=DK&geo=DE&geo=EE&geo=IE&geo=EL&geo=ES&geo=FR&geo=HR&geo=IT&geo=CY&geo=LV&geo=LT&geo=LU&geo=HU&geo=MT&geo=NL&geo=AT&geo=PL&geo=PT&geo=RO&geo=SI&geo=SK&geo=FI&geo=SE&geo=EU27_2020&airpol=GHG&unit=THS_T&nace_r2=TOTAL&nace_r2=TOTAL_HH&sinceTimePeriod=2013,2026-10-06
env_ac_ainah_r2:TOTAL_HH,ES,2013,328273.46405,,2026-08-07T23:00:00+0200,https://ec.europa.eu/eurostat/api/dissemination/statistics/1.0/data/env_ac_ainah_r2?geo=BE&geo=BG&geo=CZ&geo=DK&geo=DE&geo=EE&geo=IE&geo=EL&geo=ES&geo=FR&geo=HR&geo=IT&geo=CY&geo=LV&geo=LT&geo=LU&geo=HU&geo=MT&geo=NL&geo=AT&geo=PL&geo=PT&geo=RO&geo=SI&geo=SK&geo=FI&geo=SE&geo=EU27_2020&airpol=GHG&unit=THS_T&nace_r2=TOTAL&nace_r2=TOTAL_HH&sinceTimePeriod=2013,2026-10-06
env_ac_ainah_r2:TOTAL_HH,ES,2014,330834.95735,,2026-08-07T23:00:00+0200,https://ec.europa.eu/eurostat/api/dissemination/statistics/1.0/data/env_ac_ainah_r2?geo=BE&geo=BG&geo=CZ&geo=DK&geo=DE&geo=EE&geo=IE&geo=EL&geo=ES&geo=FR&geo=HR&geo=IT&geo=CY&geo=LV&geo=LT&geo=LU&geo=HU&geo=MT&geo=NL&geo=AT&geo=PL&geo=PT&geo=RO&geo=SI&geo=SK&geo=FI&geo=SE&geo=EU27_2020&airpol=GHG&unit=THS_T&nace_r2=TOTAL&nace_r2=TOTAL_HH&sinceTimePeriod=2013,2026-10-06
env_ac_ainah_r2:TOTAL_HH,ES,2015,342745.04741,,2026-08-07T23:00:00+0200,https://ec.europa.eu/eurostat/api/dissemination/statistics/1.0/data/env_ac_ainah_r2?geo=BE&geo=BG&geo=CZ&geo=DK&geo=DE&geo=EE&geo=IE&geo=EL&geo=ES&geo=FR&geo=HR&geo=IT&geo=CY&geo=LV&geo=LT&geo=LU&geo=HU&geo=MT&geo=NL&geo=AT&geo=PL&geo=PT&geo=RO&geo=SI&geo=SK&geo=FI&geo=SE&geo=EU27_2020&airpol=GHG&unit=THS_T&nace_r2=TOTAL&nace_r2=TOTAL_HH&sinceTimePeriod=2013,2026-10-06
env_ac_ainah_r2:TOTAL_HH,ES,2016,331226.46349,,2026-08-07T23:00:00+0200,https://ec.europa.eu/eurostat/api/dissemination/statistics/1.0/data/env_ac_ainah_r2?geo=BE&geo=BG&geo=CZ&geo=DK&geo=DE&geo=EE&geo=IE&geo=EL&geo=ES&geo=FR&geo=HR&geo=IT&geo=CY&geo=LV&geo=LT&geo=LU&geo=HU&geo=MT&geo=NL&geo=AT&geo=PL&geo=PT&geo=RO&geo=SI&geo=SK&geo=FI&geo=SE&geo=EU27_2020&airpol=GHG&unit=THS_T&nace_r2=TOTAL&nace_r2=TOTAL_HH&sinceTimePeriod=2013,2026-10-06
env_ac_ainah_r2:TOTAL_HH,ES,2017,343351.18091,,2026-08-07T23:00:00+0200,https://ec.europa.eu/eurostat/api/dissemination/statistics/1.0/data/env_ac_ainah_r2?geo=BE&geo=BG&geo=CZ&geo=DK&geo=DE&geo=EE&geo=IE&geo=EL&geo=ES&geo=FR&geo=HR&geo=IT&geo=CY&geo=LV&geo=LT&geo=LU&geo=HU&geo=MT&geo=NL&geo=AT&geo=PL&geo=PT&geo=RO&geo=SI&geo=SK&geo=FI&geo=SE&geo=EU27_2020&airpol=GHG&unit=THS_T&nace_r2=TOTAL&nace_r2=TOTAL_HH&sinceTimePeriod=2013,2026-10-06
env_ac_ainah_r2:TOTAL_HH,ES,2018,337656.51726,,2026-08-07T23:00:00+0200,https://ec.europa.eu/eurostat/api/dissemination/statistics/1.0/data/env_ac_ainah_r2?geo=BE&geo=BG&geo=CZ&geo=DK&geo=DE&geo=EE&geo=IE&geo=EL&geo=ES&geo=FR&geo=HR&geo=IT&geo=CY&geo=LV&geo=LT&geo=LU&geo=HU&geo=MT&geo=NL&geo=AT&geo=PL&geo=PT&geo=RO&geo=SI&geo=SK&geo=FI&geo=SE&geo=EU27_2020&airpol=GHG&unit=THS_T&nace_r2=TOTAL&nace_r2=TOTAL_HH&sinceTimePeriod=2013,2026-10-06
env_ac_ainah_r2:TOTAL_HH,ES,2019,319675.29537,,2026-08-07T23:00:00+0200,https://ec.europa.eu/eurostat/api/dissemination/statistics/1.0/data/env_ac_ainah_r2?geo=BE&geo=BG&geo=CZ&geo=DK&geo=DE&geo=EE&geo=IE&geo=EL&geo=ES&geo=FR&geo=HR&geo=IT&geo=CY&geo=LV&geo=LT&geo=LU&geo=HU&geo=MT&geo=NL&geo=AT&geo=PL&geo=PT&geo=RO&geo=SI&geo=SK&geo=FI&geo=SE&geo=EU27_2020&airpol=GHG&unit=THS_T&nace_r2=TOTAL&nace_r2=TOTAL_HH&sinceTimePeriod=2013,2026-10-06
env_ac_ainah_r2:TOTAL_HH,ES,2020,273911.25715,,2026-08-07T23:00:00+0200,https://ec.europa.eu/eurostat/api/dissemination/statistics/1.0/data/env_ac_ainah_r2?geo=BE&geo=BG&geo=CZ&geo=DK&geo=DE&geo=EE&geo=IE&geo=EL&geo=ES&geo=FR&geo=HR&geo=IT&geo=CY&geo=LV&geo=LT&geo=LU&geo=HU&geo=MT&geo=NL&geo=AT&geo=PL&geo=PT&geo=RO&geo=SI&geo=SK&geo=FI&geo=SE&geo=EU27_2020&airpol=GHG&unit=THS_T&nace_r2=TOTAL&nace_r2=TOTAL_HH&sinceTimePeriod=2013,2026-10-06
env_ac_ainah_r2:TOTAL_HH,ES,2021,293311.59518,,2026-08-07T23:00:00+0200,https://ec.europa.eu/eurostat/api/dissemination/statistics/1.0/data/env_ac_ainah_r2?geo=BE&geo=BG&geo=CZ&geo=DK&geo=DE&geo=EE&geo=IE&geo=EL&geo=ES&geo=FR&geo=HR&geo=IT&geo=CY&geo=LV&geo=LT&geo=LU&geo=HU&geo=MT&geo=NL&geo=AT&geo=PL&geo=PT&geo=RO&geo=SI&geo=SK&geo=FI&geo=SE&geo=EU27_2020&airpol=GHG&unit=THS_T&nace_r2=TOTAL&nace_r2=TOTAL_HH&sinceTimePeriod=2013,2026-10-06
env_ac_ainah_r2:TOTAL_HH,ES,2022,302397.6466,,2026-08-07T23:00:00+0200,https://ec.europa.eu/eurostat/api/dissemination/statistics/1.0/data/env_ac_ainah_r2?geo=BE&geo=BG&geo=CZ&geo=DK&geo=DE&geo=EE&geo=IE&geo=EL&geo=ES&geo=FR&geo=HR&geo=IT&geo=CY&geo=LV&geo=LT&geo=LU&geo=HU&geo=MT&geo=NL&geo=AT&geo=PL&geo=PT&geo=RO&geo=SI&geo=SK&geo=FI&geo=SE&geo=EU27_2020&airpol=GHG&unit=THS_T&nace_r2=TOTAL&nace_r2=TOTAL_HH&sinceTimePeriod=2013,2026-10-06
env_ac_ainah_r2:TOTAL_HH,ES,2023,280455.73304,,2026-08-07T23:00:00+0200,https://ec.europa.eu/eurostat/api/dissemination/statistics/1.0/data/env_ac_ainah_r2?geo=BE&geo=BG&geo=CZ&geo=DK&geo=DE&geo=EE&geo=IE&geo=EL&geo=ES&geo=FR&geo=HR&geo=IT&geo=CY&geo=LV&geo=LT&geo=LU&geo=HU&geo=MT&geo=NL&geo=AT&geo=PL&geo=PT&geo=RO&geo=SI&geo=SK&geo=FI&geo=SE&geo=EU27_2020&airpol=GHG&unit=THS_T&nace_r2=TOTAL&nace_r2=TOTAL_HH&sinceTimePeriod=2013,2026-10-06
env_ac_ainah_r2:TOTAL_HH,ES,2024,279908.95373,e,2026-08-07T23:00:00+0200,https://ec.europa.eu/eurostat/api/dissemination/statistics/1.0/data/env_ac_ainah_r2?geo=BE&geo=BG&geo=CZ&geo=DK&geo=DE&geo=EE&geo=IE&geo=EL&geo=ES&geo=FR&geo=HR&geo=IT&geo=CY&geo=LV&geo=LT&geo=LU&geo=HU&geo=MT&geo=NL&geo=AT&geo=PL&geo=PT&geo=RO&geo=SI&geo=SK&geo=FI&geo=SE&geo=EU27_2020&airpol=GHG&unit=THS_T&nace_r2=TOTAL&nace_r2=TOTAL_HH&sinceTimePeriod=2013,2026-10-06
env_ac_ainah_r2:TOTAL_HH,ES,2025,285361.744,,2026-08-07T23:00:00+0200,https://ec.europa.eu/eurostat/api/dissemination/statistics/1.0/data/env_ac_ainah_r2?geo=BE&geo=BG&geo=CZ&geo=DK&geo=DE&geo=EE&geo=IE&geo=EL&geo=ES&geo=FR&geo=HR&geo=IT&geo=CY&geo=LV&geo=LT&geo=LU&geo=HU&geo=MT&geo=NL&geo=AT&geo=PL&geo=PT&geo=RO&geo=SI&geo=SK&geo=FI&geo=SE&geo=EU27_2020&airpol=GHG&unit=THS_T&nace_r2=TOTAL&nace_r2=TOTAL_HH&sinceTimePeriod=2013,2026-10-06
env_ac_ainah_r2:TOTAL_HH,EU27_2020,2013,4106663.74575,,2026-08-07T23:00:00+0200,https://ec.europa.eu/eurostat/api/dissemination/statistics/1.0/data/env_ac_ainah_r2?geo=BE&geo=BG&geo=CZ&geo=DK&geo=DE&geo=EE&geo=IE&geo=EL&geo=ES&geo=FR&geo=HR&geo=IT&geo=CY&geo=LV&geo=LT&geo=LU&geo=HU&geo=MT&geo=NL&geo=AT&geo=PL&geo=PT&geo=RO&geo=SI&geo=SK&geo=FI&geo=SE&geo=EU27_2020&airpol=GHG&unit=THS_T&nace_r2=TOTAL&nace_r2=TOTAL_HH&sinceTimePeriod=2013,2026-10-06
env_ac_ainah_r2:TOTAL_HH,EU27_2020,2014,3972215.75981,,2026-08-07T23:00:00+0200,https://ec.europa.eu/eurostat/api/dissemination/statistics/1.0/data/env_ac_ainah_r2?geo=BE&geo=BG&geo=CZ&geo=DK&geo=DE&geo=EE&geo=IE&geo=EL&geo=ES&geo=FR&geo=HR&geo=IT&geo=CY&geo=LV&geo=LT&geo=LU&geo=HU&geo=MT&geo=NL&geo=AT&geo=PL&geo=PT&geo=RO&geo=SI&geo=SK&geo=FI&geo=SE&geo=EU27_2020&airpol=GHG&unit=THS_T&nace_r2=TOTAL&nace_r2=TOTAL_HH&sinceTimePeriod=2013,2026-10-06
env_ac_ainah_r2:TOTAL_HH,EU27_2020,2015,4031414.23427,,2026-08-07T23:00:00+0200,https://ec.europa.eu/eurostat/api/dissemination/statistics/1.0/data/env_ac_ainah_r2?geo=BE&geo=BG&geo=CZ&geo=DK&geo=DE&geo=EE&geo=IE&geo=EL&geo=ES&geo=FR&geo=HR&geo=IT&geo=CY&geo=LV&geo=LT&geo=LU&geo=HU&geo=MT&geo=NL&geo=AT&geo=PL&geo=PT&geo=RO&geo=SI&geo=SK&geo=FI&geo=SE&geo=EU27_2020&airpol=GHG&unit=THS_T&nace_r2=TOTAL&nace_r2=TOTAL_HH&sinceTimePeriod=2013,2026-10-06
env_ac_ainah_r2:TOTAL_HH,EU27_2020,2016,4037682.43371,,2026-08-07T23:00:00+0200,https://ec.europa.eu/eurostat/api/dissemination/statistics/1.0/data/env_ac_ainah_r2?geo=BE&geo=BG&geo=CZ&geo=DK&geo=DE&geo=EE&geo=IE&geo=EL&geo=ES&geo=FR&geo=HR&geo=IT&geo=CY&geo=LV&geo=LT&geo=LU&geo=HU&geo=MT&geo=NL&geo=AT&geo=PL&geo=PT&geo=RO&geo=SI&geo=SK&geo=FI&geo=SE&geo=EU27_2020&airpol=GHG&unit=THS_T&nace_r2=TOTAL&nace_r2=TOTAL_HH&sinceTimePeriod=2013,2026-10-06
env_ac_ainah_r2:TOTAL_HH,EU27_2020,2017,4079825.28827,,2026-08-07T23:00:00+0200,https://ec.europa.eu/eurostat/api/dissemination/statistics/1.0/data/env_ac_ainah_r2?geo=BE&geo=BG&geo=CZ&geo=DK&geo=DE&geo=EE&geo=IE&geo=EL&geo=ES&geo=FR&geo=HR&geo=IT&geo=CY&geo=LV&geo=LT&geo=LU&geo=HU&geo=MT&geo=NL&geo=AT&geo=PL&geo=PT&geo=RO&geo=SI&geo=SK&geo=FI&geo=SE&geo=EU27_2020&airpol=GHG&unit=THS_T&nace_r2=TOTAL&nace_r2=TOTAL_HH&sinceTimePeriod=2013,2026-10-06
env_ac_ainah_r2:TOTAL_HH,EU27_2020,2018,3988305.59706,,2026-08-07T23:00:00+0200,https://ec.europa.eu/eurostat/api/dissemination/statistics/1.0/data/env_ac_ainah_r2?geo=BE&geo=BG&geo=CZ&geo=DK&geo=DE&geo=EE&geo=IE&geo=EL&geo=ES&geo=FR&geo=HR&geo=IT&geo=CY&geo=LV&geo=LT&geo=LU&geo=HU&geo=MT&geo=NL&geo=AT&geo=PL&geo=PT&geo=RO&geo=SI&geo=SK&geo=FI&geo=SE&geo=EU27_2020&airpol=GHG&unit=THS_T&nace_r2=TOTAL&nace_r2=TOTAL_HH&sinceTimePeriod=2013,2026-10-06
env_ac_ainah_r2:TOTAL_HH,EU27_2020,2019,3837939.67661,,2026-08-07T23:00:00+0200,https://ec.europa.eu/eurostat/api/dissemination/statistics/1.0/data/env_ac_ainah_r2?geo=BE&geo=BG&geo=CZ&geo=DK&geo=DE&geo=EE&geo=IE&geo=EL&geo=ES&geo=FR&geo=HR&geo=IT&geo=CY&geo=LV&geo=LT&geo=LU&geo=HU&geo=MT&geo=NL&geo=AT&geo=PL&geo=PT&geo=RO&geo=SI&geo=SK&geo=FI&geo=SE&geo=EU27_2020&airpol=GHG&unit=THS_T&nace_r2=TOTAL&nace_r2=TOTAL_HH&sinceTimePeriod=2013,2026-10-06
env_ac_ainah_r2:TOTAL_HH,EU27_2020,2020,3463646.22301,,2026-08-07T23:00:00+0200,https://ec.europa.eu/eurostat/api/dissemination/statistics/1.0/data/env_ac_ainah_r2?geo=BE&geo=BG&geo=CZ&geo=DK&geo=DE&geo=EE&geo=IE&geo=EL&geo=ES&geo=FR&geo=HR&geo=IT&geo=CY&geo=LV&geo=LT&geo=LU&geo=HU&geo=MT&geo=NL&geo=AT&geo=PL&geo=PT&geo=RO&geo=SI&geo=SK&geo=FI&geo=SE&geo=EU27_2020&airpol=GHG&unit=THS_T&nace_r2=TOTAL&nace_r2=TOTAL_HH&sinceTimePeriod=2013,2026-10-06
env_ac_ainah_r2:TOTAL_HH,EU27_2020,2021,3658438.37822,,2026-08-07T23:00:00+0200,https://ec.europa.eu/eurostat/api/dissemination/statistics/1.0/data/env_ac_ainah_r2?geo=BE&geo=BG&geo=CZ&geo=DK&geo=DE&geo=EE&geo=IE&geo=EL&geo=ES&geo=FR&geo=HR&geo=IT&geo=CY&geo=LV&geo=LT&geo=LU&geo=HU&geo=MT&geo=NL&geo=AT&geo=PL&geo=PT&geo=RO&geo=SI&geo=SK&geo=FI&geo=SE&geo=EU27_2020&airpol=GHG&unit=THS_T&nace_r2=TOTAL&nace_r2=TOTAL_HH&sinceTimePeriod=2013,2026-10-06
env_ac_ainah_r2:TOTAL_HH,EU27_2020,2022,3601287.49785,,2026-08-07T23:00:00+0200,https://ec.europa.eu/eurostat/api/dissemination/statistics/1.0/data/env_ac_ainah_r2?geo=BE&geo=BG&geo=CZ&geo=DK&geo=DE&geo=EE&geo=IE&geo=EL&geo=ES&geo=FR&geo=HR&geo=IT&geo=CY&geo=LV&geo=LT&geo=LU&geo=HU&geo=MT&geo=NL&geo=AT&geo=PL&geo=PT&geo=RO&geo=SI&geo=SK&geo=FI&geo=SE&geo=EU27_2020&airpol=GHG&unit=THS_T&nace_r2=TOTAL&nace_r2=TOTAL_HH&sinceTimePeriod=2013,2026-10-06
env_ac_ainah_r2:TOTAL_HH,EU27_2020,2023,3341204.64951,,2026-08-07T23:00:00+0200,https://ec.europa.eu/eurostat/api/dissemination/statistics/1.0/data/env_ac_ainah_r2?geo=BE&geo=BG&geo=CZ&geo=DK&geo=DE&geo=EE&geo=IE&geo=EL&geo=ES&geo=FR&geo=HR&geo=IT&geo=CY&geo=LV&geo=LT&geo=LU&geo=HU&geo=MT&geo=NL&geo=AT&geo=PL&geo=PT&geo=RO&geo=SI&geo=SK&geo=FI&geo=SE&geo=EU27_2020&airpol=GHG&unit=THS_T&nace_r2=TOTAL&nace_r2=TOTAL_HH&sinceTimePeriod=2013,2026-10-06
env_ac_ainah_r2:TOTAL_HH,EU27_2020,2024,3305379.99503,i,2026-08-07T23:00:00+0200,https://ec.europa.eu/eurostat/api/dissemination/statistics/1.0/data/env_ac_ainah_r2?geo=BE&geo=BG&geo=CZ&geo=DK&geo=DE&geo=EE&geo=IE&geo=EL&geo=ES&geo=FR&geo=HR&geo=IT&geo=CY&geo=LV&geo=LT&geo=LU&geo=HU&geo=MT&geo=NL&geo=AT&geo=PL&geo=PT&geo=RO&geo=SI&geo=SK&geo=FI&geo=SE&geo=EU27_2020&airpol=GHG&unit=THS_T&nace_r2=TOTAL&nace_r2=TOTAL_HH&sinceTimePeriod=2013,2026-10-06
env_ac_ainah_r2:TOTAL_HH,EU27_2020,2025,3337014.778,i,2026-08-07T23:00:00+0200,https://ec.europa.eu/eurostat/api/dissemination/statistics/1.0/data/env_ac_ainah_r2?geo=BE&geo=BG&geo=CZ&geo=DK&geo=DE&geo=EE&geo=IE&geo=EL&geo=ES&geo=FR&geo=HR&geo=IT&geo=CY&geo=LV&geo=LT&geo=LU&geo=HU&geo=MT&geo=NL&geo=AT&geo=PL&geo=PT&geo=RO&geo=SI&geo=SK&geo=FI&geo=SE&geo=EU27_2020&airpol=GHG&unit=THS_T&nace_r2=TOTAL&nace_r2=TOTAL_HH&sinceTimePeriod=2013,2026-10-06
env_ac_ainah_r2:TOTAL_HH,FI,2013,66505.59797,,2026-08-07T23:00:00+0200,https://ec.europa.eu/eurostat/api/dissemination/statistics/1.0/data/env_ac_ainah_r2?geo=BE&geo=BG&geo=CZ&geo=DK&geo=DE&geo=EE&geo=IE&geo=EL&geo=ES&geo=FR&geo=HR&geo=IT&geo=CY&geo=LV&geo=LT&geo=LU&geo=HU&geo=MT&geo=NL&geo=AT&geo=PL&geo=PT&geo=RO&geo=SI&geo=SK&geo=FI&geo=SE&geo=EU27_2020&airpol=GHG&unit=THS_T&nace_r2=TOTAL&nace_r2=TOTAL_HH&sinceTimePeriod=2013,2026-10-06
env_ac_ainah_r2:TOTAL_HH,FI,2014,62132.18208,,2026-08-07T23:00:00+0200,https://ec.europa.eu/eurostat/api/dissemination/statistics/1.0/data/env_ac_ainah_r2?geo=BE&geo=BG&geo=CZ&geo=DK&geo=DE&geo=EE&geo=IE&geo=EL&geo=ES&geo=FR&geo=HR&geo=IT&geo=CY&geo=LV&geo=LT&geo=LU&geo=HU&geo=MT&geo=NL&geo=AT&geo=PL&geo=PT&geo=RO&geo=SI&geo=SK&geo=FI&geo=SE&geo=EU27_2020&airpol=GHG&unit=THS_T&nace_r2=TOTAL&nace_r2=TOTAL_HH&sinceTimePeriod=2013,2026-10-06
env_ac_ainah_r2:TOTAL_HH,FI,2015,58745.883,,2026-08-07T23:00:00+0200,https://ec.europa.eu/eurostat/api/dissemination/statistics/1.0/data/env_ac_ainah_r2?geo=BE&geo=BG&geo=CZ&geo=DK&geo=DE&geo=EE&geo=IE&geo=EL&geo=ES&geo=FR&geo=HR&geo=IT&geo=CY&geo=LV&geo=LT&geo=LU&geo=HU&geo=MT&geo=NL&geo=AT&geo=PL&geo=PT&geo=RO&geo=SI&geo=SK&geo=FI&geo=SE&geo=EU27_2020&airpol=GHG&unit=THS_T&nace_r2=TOTAL&nace_r2=TOTAL_HH&sinceTimePeriod=2013,2026-10-06
env_ac_ainah_r2:TOTAL_HH,FI,2016,62010.36773,,2026-08-07T23:00:00+0200,https://ec.europa.eu/eurostat/api/dissemination/statistics/1.0/data/env_ac_ainah_r2?geo=BE&geo=BG&geo=CZ&geo=DK&geo=DE&geo=EE&geo=IE&geo=EL&geo=ES&geo=FR&geo=HR&geo=IT&geo=CY&geo=LV&geo=LT&geo=LU&geo=HU&geo=MT&geo=NL&geo=AT&geo=PL&geo=PT&geo=RO&geo=SI&geo=SK&geo=FI&geo=SE&geo=EU27_2020&airpol=GHG&unit=THS_T&nace_r2=TOTAL&nace_r2=TOTAL_HH&sinceTimePeriod=2013,2026-10-06
env_ac_ainah_r2:TOTAL_HH,FI,2017,58903.09461,,2026-08-07T23:00:00+0200,https://ec.europa.eu/eurostat/api/dissemination/statistics/1.0/data/env_ac_ainah_r2?geo=BE&geo=BG&geo=CZ&geo=DK&geo=DE&geo=EE&geo=IE&geo=EL&geo=ES&geo=FR&geo=HR&geo=IT&geo=CY&geo=LV&geo=LT&geo=LU&geo=HU&geo=MT&geo=NL&geo=AT&geo=PL&geo=PT&geo=RO&geo=SI&geo=SK&geo=FI&geo=SE&geo=EU27_2020&airpol=GHG&unit=THS_T&nace_r2=TOTAL&nace_r2=TOTAL_HH&sinceTimePeriod=2013,2026-10-06
env_ac_ainah_r2:TOTAL_HH,FI,2018,60177.5326,,2026-08-07T23:00:00+0200,https://ec.europa.eu/eurostat/api/dissemination/statistics/1.0/data/env_ac_ainah_r2?geo=BE&geo=BG&geo=CZ&geo=DK&geo=DE&geo=EE&geo=IE&geo=EL&geo=ES&geo=FR&geo=HR&geo=IT&geo=CY&geo=LV&geo=LT&geo=LU&geo=HU&geo=MT&geo=NL&geo=AT&geo=PL&geo=PT&geo=RO&geo=SI&geo=SK&geo=FI&geo=SE&geo=EU27_2020&airpol=GHG&unit=THS_T&nace_r2=TOTAL&nace_r2=TOTAL_HH&sinceTimePeriod=2013,2026-10-06
env_ac_ainah_r2:TOTAL_HH,FI,2019,57042.84727,,2026-08-07T23:00:00+0200,https://ec.europa.eu/eurostat/api/dissemination/statistics/1.0/data/env_ac_ainah_r2?geo=BE&geo=BG&geo=CZ&geo=DK&geo=DE&geo=EE&geo=IE&geo=EL&geo=ES&geo=FR&geo=HR&geo=IT&geo=CY&geo=LV&geo=LT&geo=LU&geo=HU&geo=MT&geo=NL&geo=AT&geo=PL&geo=PT&geo=RO&geo=SI&geo=SK&geo=FI&geo=SE&geo=EU27_2020&airpol=GHG&unit=THS_T&nace_r2=TOTAL&nace_r2=TOTAL_HH&sinceTimePeriod=2013,2026-10-06
env_ac_ainah_r2:TOTAL_HH,FI,2020,49303.81417,,2026-08-07T23:00:00+0200,https://ec.europa.eu/eurostat/api/dissemination/statistics/1.0/data/env_ac_ainah_r2?geo=BE&geo=BG&geo=CZ&geo=DK&geo=DE&geo=EE&geo=IE&geo=EL&geo=ES&geo=FR&geo=HR&geo=IT&geo=CY&geo=LV&geo=LT&geo=LU&geo=HU&geo=MT&geo=NL&geo=AT&geo=PL&geo=PT&geo=RO&geo=SI&geo=SK&geo=FI&geo=SE&geo=EU27_2020&airpol=GHG&unit=THS_T&nace_r2=TOTAL&nace_r2=TOTAL_HH&sinceTimePeriod=2013,2026-10-06
env_ac_ainah_r2:TOTAL_HH,FI,2021,49326.63004,,2026-08-07T23:00:00+0200,https://ec.europa.eu/eurostat/api/dissemination/statistics/1.0/data/env_ac_ainah_r2?geo=BE&geo=BG&geo=CZ&geo=DK&geo=DE&geo=EE&geo=IE&geo=EL&geo=ES&geo=FR&geo=HR&geo=IT&geo=CY&geo=LV&geo=LT&geo=LU&geo=HU&geo=MT&geo=NL&geo=AT&geo=PL&geo=PT&geo=RO&geo=SI&geo=SK&geo=FI&geo=SE&geo=EU27_2020&airpol=GHG&unit=THS_T&nace_r2=TOTAL&nace_r2=TOTAL_HH&sinceTimePeriod=2013,2026-10-06
env_ac_ainah_r2:TOTAL_HH,FI,2022,48432.67815,,2026-08-07T23:00:00+0200,https://ec.europa.eu/eurostat/api/dissemination/statistics/1.0/data/env_ac_ainah_r2?geo=BE&geo=BG&geo=CZ&geo=DK&geo=DE&geo=EE&geo=IE&geo=EL&geo=ES&geo=FR&geo=HR&geo=IT&geo=CY&geo=LV&geo=LT&geo=LU&geo=HU&geo=MT&geo=NL&geo=AT&geo=PL&geo=PT&geo=RO&geo=SI&geo=SK&geo=FI&geo=SE&geo=EU27_2020&airpol=GHG&unit=THS_T&nace_r2=TOTAL&nace_r2=TOTAL_HH&sinceTimePeriod=2013,2026-10-06
env_ac_ainah_r2:TOTAL_HH,FI,2023,44531.56991,,2026-08-07T23:00:00+0200,https://ec.europa.eu/eurostat/api/dissemination/statistics/1.0/data/env_ac_ainah_r2?geo=BE&geo=BG&geo=CZ&geo=DK&geo=DE&geo=EE&geo=IE&geo=EL&geo=ES&geo=FR&geo=HR&geo=IT&geo=CY&geo=LV&geo=LT&geo=LU&geo=HU&geo=MT&geo=NL&geo=AT&geo=PL&geo=PT&geo=RO&geo=SI&geo=SK&geo=FI&geo=SE&geo=EU27_2020&airpol=GHG&unit=THS_T&nace_r2=TOTAL&nace_r2=TOTAL_HH&sinceTimePeriod=2013,2026-10-06
env_ac_ainah_r2:TOTAL_HH,FI,2024,42294.89873,i,2026-08-07T23:00:00+0200,https://ec.europa.eu/eurostat/api/dissemination/statistics/1.0/data/env_ac_ainah_r2?geo=BE&geo=BG&geo=CZ&geo=DK&geo=DE&geo=EE&geo=IE&geo=EL&geo=ES&geo=FR&geo=HR&geo=IT&geo=CY&geo=LV&geo=LT&geo=LU&geo=HU&geo=MT&geo=NL&geo=AT&geo=PL&geo=PT&geo=RO&geo=SI&geo=SK&geo=FI&geo=SE&geo=EU27_2020&airpol=GHG&unit=THS_T&nace_r2=TOTAL&nace_r2=TOTAL_HH&sinceTimePeriod=2013,2026-10-06
env_ac_ainah_r2:TOTAL_HH,FI,2025,40354.73,i,2026-08-07T23:00:00+0200,https://ec.europa.eu/eurostat/api/dissemination/statistics/1.0/data/env_ac_ainah_r2?geo=BE&geo=BG&geo=CZ&geo=DK&geo=DE&geo=EE&geo=IE&geo=EL&geo=ES&geo=FR&geo=HR&geo=IT&geo=CY&geo=LV&geo=LT&geo=LU&geo=HU&geo=MT&geo=NL&geo=AT&geo=PL&geo=PT&geo=RO&geo=SI&geo=SK&geo=FI&geo=SE&geo=EU27_2020&airpol=GHG&unit=THS_T&nace_r2=TOTAL&nace_r2=TOTAL_HH&sinceTimePeriod=2013,2026-10-06
env_ac_ainah_r2:TOTAL_HH,FR,2013,522305.72157,,2026-08-07T23:00:00+0200,https://ec.europa.eu/eurostat/api/dissemination/statistics/1.0/data/env_ac_ainah_r2?geo=BE&geo=BG&geo=CZ&geo=DK&geo=DE&geo=EE&geo=IE&geo=EL&geo=ES&geo=FR&geo=HR&geo=IT&geo=CY&geo=LV&geo=LT&geo=LU&geo=HU&geo=MT&geo=NL&geo=AT&geo=PL&geo=PT&geo=RO&geo=SI&geo=SK&geo=FI&geo=SE&geo=EU27_2020&airpol=GHG&unit=THS_T&nace_r2=TOTAL&nace_r2=TOTAL_HH&sinceTimePeriod=2013,2026-10-06
env_ac_ainah_r2:TOTAL_HH,FR,2014,487664.31021,,2026-08-07T23:00:00+0200,https://ec.europa.eu/eurostat/api/dissemination/statistics/1.0/data/env_ac_ainah_r2?geo=BE&geo=BG&geo=CZ&geo=DK&geo=DE&geo=EE&geo=IE&geo=EL&geo=ES&geo=FR&geo=HR&geo=IT&geo=CY&geo=LV&geo=LT&geo=LU&geo=HU&geo=MT&geo=NL&geo=AT&geo=PL&geo=PT&geo=RO&geo=SI&geo=SK&geo=FI&geo=SE&geo=EU27_2020&airpol=GHG&unit=THS_T&nace_r2=TOTAL&nace_r2=TOTAL_HH&sinceTimePeriod=2013,2026-10-06
env_ac_ainah_r2:TOTAL_HH,FR,2015,489847.93236,,2026-08-07T23:00:00+0200,https://ec.europa.eu/eurostat/api/dissemination/statistics/1.0/data/env_ac_ainah_r2?geo=BE&geo=BG&geo=CZ&geo=DK&geo=DE&geo=EE&geo=IE&geo=EL&geo=ES&geo=FR&geo=HR&geo=IT&geo=CY&geo=LV&geo=LT&geo=LU&geo=HU&geo=MT&geo=NL&geo=AT&geo=PL&geo=PT&geo=RO&geo=SI&geo=SK&geo=FI&geo=SE&geo=EU27_2020&airpol=GHG&unit=THS_T&nace_r2=TOTAL&nace_r2=TOTAL_HH&sinceTimePeriod=2013,2026-10-06
env_ac_ainah_r2:TOTAL_HH,FR,2016,490622.10408,,2026-08-07T23:00:00+0200,https://ec.europa.eu/eurostat/api/dissemination/statistics/1.0/data/env_ac_ainah_r2?geo=BE&geo=BG&geo=CZ&geo=DK&geo=DE&geo=EE&geo=IE&geo=EL&geo=ES&geo=FR&geo=HR&geo=IT&geo=CY&geo=LV&geo=LT&geo=LU&geo=HU&geo=MT&geo=NL&geo=AT&geo=PL&geo=PT&geo=RO&geo=SI&geo=SK&geo=FI&geo=SE&geo=EU27_2020&airpol=GHG&unit=THS_T&nace_r2=TOTAL&nace_r2=TOTAL_HH&sinceTimePeriod=2013,2026-10-06
env_ac_ainah_r2:TOTAL_HH,FR,2017,498233.09558,,2026-08-07T23:00:00+0200,https://ec.europa.eu/eurostat/api/dissemination/statistics/1.0/data/env_ac_ainah_r2?geo=BE&geo=BG&geo=CZ&geo=DK&geo=DE&geo=EE&geo=IE&geo=EL&geo=ES&geo=FR&geo=HR&geo=IT&geo=CY&geo=LV&geo=LT&geo=LU&geo=HU&geo=MT&geo=NL&geo=AT&geo=PL&geo=PT&geo=RO&geo=SI&geo=SK&geo=FI&geo=SE&geo=EU27_2020&airpol=GHG&unit=THS_T&nace_r2=TOTAL&nace_r2=TOTAL_HH&sinceTimePeriod=2013,2026-10-06
env_ac_ainah_r2:TOTAL_HH,FR,2018,480974.50963,,2026-08-07T23:00:00+0200,https://ec.europa.eu/eurostat/api/dissemination/statistics/1.0/data/env_ac_ainah_r2?geo=BE&geo=BG&geo=CZ&geo=DK&geo=DE&geo=EE&geo=IE&geo=EL&geo=ES&geo=FR&geo=HR&geo=IT&geo=CY&geo=LV&geo=LT&geo=LU&geo=HU&geo=MT&geo=NL&geo=AT&geo=PL&geo=PT&geo=RO&geo=SI&geo=SK&geo=FI&geo=SE&geo=EU27_2020&airpol=GHG&unit=THS_T&nace_r2=TOTAL&nace_r2=TOTAL_HH&sinceTimePeriod=2013,2026-10-06
env_ac_ainah_r2:TOTAL_HH,FR,2019,470663.64539,,2026-08-07T23:00:00+0200,https://ec.europa.eu/eurostat/api/dissemination/statistics/1.0/data/env_ac_ainah_r2?geo=BE&geo=BG&geo=CZ&geo=DK&geo=DE&geo=EE&geo=IE&geo=EL&geo=ES&geo=FR&geo=HR&geo=IT&geo=CY&geo=LV&geo=LT&geo=LU&geo=HU&geo=MT&geo=NL&geo=AT&geo=PL&geo=PT&geo=RO&geo=SI&geo=SK&geo=FI&geo=SE&geo=EU27_2020&airpol=GHG&unit=THS_T&nace_r2=TOTAL&nace_r2=TOTAL_HH&sinceTimePeriod=2013,2026-10-06
env_ac_ainah_r2:TOTAL_HH,FR,2020,421970.49189,,2026-08-07T23:00:00+0200,https://ec.europa.eu/eurostat/api/dissemination/statistics/1.0/data/env_ac_ainah_r2?geo=BE&geo=BG&geo=CZ&geo=DK&geo=DE&geo=EE&geo=IE&geo=EL&geo=ES&geo=FR&geo=HR&geo=IT&geo=CY&geo=LV&geo=LT&geo=LU&geo=HU&geo=MT&geo=NL&geo=AT&geo=PL&geo=PT&geo=RO&geo=SI&geo=SK&geo=FI&geo=SE&geo=EU27_2020&airpol=GHG&unit=THS_T&nace_r2=TOTAL&nace_r2=TOTAL_HH&sinceTimePeriod=2013,2026-10-06
env_ac_ainah_r2:TOTAL_HH,FR,2021,447215.20793,,2026-08-07T23:00:00+0200,https://ec.europa.eu/eurostat/api/dissemination/statistics/1.0/data/env_ac_ainah_r2?geo=BE&geo=BG&geo=CZ&geo=DK&geo=DE&geo=EE&geo=IE&geo=EL&geo=ES&geo=FR&geo=HR&geo=IT&geo=CY&geo=LV&geo=LT&geo=LU&geo=HU&geo=MT&geo=NL&geo=AT&geo=PL&geo=PT&geo=RO&geo=SI&geo=SK&geo=FI&geo=SE&geo=EU27_2020&airpol=GHG&unit=THS_T&nace_r2=TOTAL&nace_r2=TOTAL_HH&sinceTimePeriod=2013,2026-10-06
env_ac_ainah_r2:TOTAL_HH,FR,2022,434121.0488,,2026-08-07T23:00:00+0200,https://ec.europa.eu/eurostat/api/dissemination/statistics/1.0/data/env_ac_ainah_r2?geo=BE&geo=BG&geo=CZ&geo=DK&geo=DE&geo=EE&geo=IE&geo=EL&geo=ES&geo=FR&geo=HR&geo=IT&geo=CY&geo=LV&geo=LT&geo=LU&geo=HU&geo=MT&geo=NL&geo=AT&geo=PL&geo=PT&geo=RO&geo=SI&geo=SK&geo=FI&geo=SE&geo=EU27_2020&airpol=GHG&unit=THS_T&nace_r2=TOTAL&nace_r2=TOTAL_HH&sinceTimePeriod=2013,2026-10-06
env_ac_ainah_r2:TOTAL_HH,FR,2023,408224.01888,,2026-08-07T23:00:00+0200,https://ec.europa.eu/eurostat/api/dissemination/statistics/1.0/data/env_ac_ainah_r2?geo=BE&geo=BG&geo=CZ&geo=DK&geo=DE&geo=EE&geo=IE&geo=EL&geo=ES&geo=FR&geo=HR&geo=IT&geo=CY&geo=LV&geo=LT&geo=LU&geo=HU&geo=MT&geo=NL&geo=AT&geo=PL&geo=PT&geo=RO&geo=SI&geo=SK&geo=FI&geo=SE&geo=EU27_2020&airpol=GHG&unit=THS_T&nace_r2=TOTAL&nace_r2=TOTAL_HH&sinceTimePeriod=2013,2026-10-06
env_ac_ainah_r2:TOTAL_HH,FR,2024,404416.63621,,2026-08-07T23:00:00+0200,https://ec.europa.eu/eurostat/api/dissemination/statistics/1.0/data/env_ac_ainah_r2?geo=BE&geo=BG&geo=CZ&geo=DK&geo=DE&geo=EE&geo=IE&geo=EL&geo=ES&geo=FR&geo=HR&geo=IT&geo=CY&geo=LV&geo=LT&geo=LU&geo=HU&geo=MT&geo=NL&geo=AT&geo=PL&geo=PT&geo=RO&geo=SI&geo=SK&geo=FI&geo=SE&geo=EU27_2020&airpol=GHG&unit=THS_T&nace_r2=TOTAL&nace_r2=TOTAL_HH&sinceTimePeriod=2013,2026-10-06
env_ac_ainah_r2:TOTAL_HH,FR,2025,405089.004,i,2026-08-07T23:00:00+0200,https://ec.europa.eu/eurostat/api/dissemination/statistics/1.0/data/env_ac_ainah_r2?geo=BE&geo=BG&geo=CZ&geo=DK&geo=DE&geo=EE&geo=IE&geo=EL&geo=ES&geo=FR&geo=HR&geo=IT&geo=CY&geo=LV&geo=LT&geo=LU&geo=HU&geo=MT&geo=NL&geo=AT&geo=PL&geo=PT&geo=RO&geo=SI&geo=SK&geo=FI&geo=SE&geo=EU27_2020&airpol=GHG&unit=THS_T&nace_r2=TOTAL&nace_r2=TOTAL_HH&sinceTimePeriod=2013,2026-10-06
env_ac_ainah_r2:TOTAL_HH,HR,2013,25508.60886,,2026-08-07T23:00:00+0200,https://ec.europa.eu/eurostat/api/dissemination/statistics/1.0/data/env_ac_ainah_r2?geo=BE&geo=BG&geo=CZ&geo=DK&geo=DE&geo=EE&geo=IE&geo=EL&geo=ES&geo=FR&geo=HR&geo=IT&geo=CY&geo=LV&geo=LT&geo=LU&geo=HU&geo=MT&geo=NL&geo=AT&geo=PL&geo=PT&geo=RO&geo=SI&geo=SK&geo=FI&geo=SE&geo=EU27_2020&airpol=GHG&unit=THS_T&nace_r2=TOTAL&nace_r2=TOTAL_HH&sinceTimePeriod=2013,2026-10-06
env_ac_ainah_r2:TOTAL_HH,HR,2014,24770.80939,,2026-08-07T23:00:00+0200,https://ec.europa.eu/eurostat/api/dissemination/statistics/1.0/data/env_ac_ainah_r2?geo=BE&geo=BG&geo=CZ&geo=DK&geo=DE&geo=EE&geo=IE&geo=EL&geo=ES&geo=FR&geo=HR&geo=IT&geo=CY&geo=LV&geo=LT&geo=LU&geo=HU&geo=MT&geo=NL&geo=AT&geo=PL&geo=PT&geo=RO&geo=SI&geo=SK&geo=FI&geo=SE&geo=EU27_2020&airpol=GHG&unit=THS_T&nace_r2=TOTAL&nace_r2=TOTAL_HH&sinceTimePeriod=2013,2026-10-06
env_ac_ainah_r2:TOTAL_HH,HR,2015,25281.44128,,2026-08-07T23:00:00+0200,https://ec.europa.eu/eurostat/api/dissemination/statistics/1.0/data/env_ac_ainah_r2?geo=BE&geo=BG&geo=CZ&geo=DK&geo=DE&geo=EE&geo=IE&geo=EL&geo=ES&geo=FR&geo=HR&geo=IT&geo=CY&geo=LV&geo=LT&geo=LU&geo=HU&geo=MT&geo=NL&geo=AT&geo=PL&geo=PT&geo=RO&geo=SI&geo=SK&geo=FI&geo=SE&geo=EU27_2020&airpol=GHG&unit=THS_T&nace_r2=TOTAL&nace_r2=TOTAL_HH&sinceTimePeriod=2013,2026-10-06
env_ac_ainah_r2:TOTAL_HH,HR,2016,25464.39269,,2026-08-07T23:00:00+0200,https://ec.europa.eu/eurostat/api/dissemination/statistics/1.0/data/env_ac_ainah_r2?geo=BE&geo=BG&geo=CZ&geo=DK&geo=DE&geo=EE&geo=IE&geo=EL&geo=ES&geo=FR&geo=HR&geo=IT&geo=CY&geo=LV&geo=LT&geo=LU&geo=HU&geo=MT&geo=NL&geo=AT&geo=PL&geo=PT&geo=RO&geo=SI&geo=SK&geo=FI&geo=SE&geo=EU27_2020&airpol=GHG&unit=THS_T&nace_r2=TOTAL&nace_r2=TOTAL_HH&sinceTimePeriod=2013,2026-10-06
env_ac_ainah_r2:TOTAL_HH,HR,2017,26342.73367,,2026-08-07T23:00:00+0200,https://ec.europa.eu/eurostat/api/dissemination/statistics/1.0/data/env_ac_ainah_r2?geo=BE&geo=BG&geo=CZ&geo=DK&geo=DE&geo=EE&geo=IE&geo=EL&geo=ES&geo=FR&geo=HR&geo=IT&geo=CY&geo=LV&geo=LT&geo=LU&geo=HU&geo=MT&geo=NL&geo=AT&geo=PL&geo=PT&geo=RO&geo=SI&geo=SK&geo=FI&geo=SE&geo=EU27_2020&airpol=GHG&unit=THS_T&nace_r2=TOTAL&nace_r2=TOTAL_HH&sinceTimePeriod=2013,2026-10-06
env_ac_ainah_r2:TOTAL_HH,HR,2018,25050.68355,,2026-08-07T23:00:00+0200,https://ec.europa.eu/eurostat/api/dissemination/statistics/1.0/data/env_ac_ainah_r2?geo=BE&geo=BG&geo=CZ&geo=DK&geo=DE&geo=EE&geo=IE&geo=EL&geo=ES&geo=FR&geo=HR&geo=IT&geo=CY&geo=LV&geo=LT&geo=LU&geo=HU&geo=MT&geo=NL&geo=AT&geo=PL&geo=PT&geo=RO&geo=SI&geo=SK&geo=FI&geo=SE&geo=EU27_2020&airpol=GHG&unit=THS_T&nace_r2=TOTAL&nace_r2=TOTAL_HH&sinceTimePeriod=2013,2026-10-06
env_ac_ainah_r2:TOTAL_HH,HR,2019,25194.47162,,2026-08-07T23:00:00+0200,https://ec.europa.eu/eurostat/api/dissemination/statistics/1.0/data/env_ac_ainah_r2?geo=BE&geo=BG&geo=CZ&geo=DK&geo=DE&geo=EE&geo=IE&geo=EL&geo=ES&geo=FR&geo=HR&geo=IT&geo=CY&geo=LV&geo=LT&geo=LU&geo=HU&geo=MT&geo=NL&geo=AT&geo=PL&geo=PT&geo=RO&geo=SI&geo=SK&geo=FI&geo=SE&geo=EU27_2020&airpol=GHG&unit=THS_T&nace_r2=TOTAL&nace_r2=TOTAL_HH&sinceTimePeriod=2013,2026-10-06
env_ac_ainah_r2:TOTAL_HH,HR,2020,24151.30327,,2026-08-07T23:00:00+0200,https://ec.europa.eu/eurostat/api/dissemination/statistics/1.0/data/env_ac_ainah_r2?geo=BE&geo=BG&geo=CZ&geo=DK&geo=DE&geo=EE&geo=IE&geo=EL&geo=ES&geo=FR&geo=HR&geo=IT&geo=CY&geo=LV&geo=LT&geo=LU&geo=HU&geo=MT&geo=NL&geo=AT&geo=PL&geo=PT&geo=RO&geo=SI&geo=SK&geo=FI&geo=SE&geo=EU27_2020&airpol=GHG&unit=THS_T&nace_r2=TOTAL&nace_r2=TOTAL_HH&sinceTimePeriod=2013,2026-10-06
env_ac_ainah_r2:TOTAL_HH,HR,2021,24750.29301,,2026-08-07T23:00:00+0200,https://ec.europa.eu/eurostat/api/dissemination/statistics/1.0/data/env_ac_ainah_r2?geo=BE&geo=BG&geo=CZ&geo=DK&geo=DE&geo=EE&geo=IE&geo=EL&geo=ES&geo=FR&geo=HR&geo=IT&geo=CY&geo=LV&geo=LT&geo=LU&geo=HU&geo=MT&geo=NL&geo=AT&geo=PL&geo=PT&geo=RO&geo=SI&geo=SK&geo=FI&geo=SE&geo=EU27_2020&airpol=GHG&unit=THS_T&nace_r2=TOTAL&nace_r2=TOTAL_HH&sinceTimePeriod=2013,2026-10-06
env_ac_ainah_r2:TOTAL_HH,HR,2022,24940.84068,,2026-08-07T23:00:00+0200,https://ec.europa.eu/eurostat/api/dissemination/statistics/1.0/data/env_ac_ainah_r2?geo=BE&geo=BG&geo=CZ&geo=DK&geo=DE&geo=EE&geo=IE&geo=EL&geo=ES&geo=FR&geo=HR&geo=IT&geo=CY&geo=LV&geo=LT&geo=LU&geo=HU&geo=MT&geo=NL&geo=AT&geo=PL&geo=PT&geo=RO&geo=SI&geo=SK&geo=FI&geo=SE&geo=EU27_2020&airpol=GHG&unit=THS_T&nace_r2=TOTAL&nace_r2=TOTAL_HH&sinceTimePeriod=2013,2026-10-06
env_ac_ainah_r2:TOTAL_HH,HR,2023,25926.44175,,2026-08-07T23:00:00+0200,https://ec.europa.eu/eurostat/api/dissemination/statistics/1.0/data/env_ac_ainah_r2?geo=BE&geo=BG&geo=CZ&geo=DK&geo=DE&geo=EE&geo=IE&geo=EL&geo=ES&geo=FR&geo=HR&geo=IT&geo=CY&geo=LV&geo=LT&geo=LU&geo=HU&geo=MT&geo=NL&geo=AT&geo=PL&geo=PT&geo=RO&geo=SI&geo=SK&geo=FI&geo=SE&geo=EU27_2020&airpol=GHG&unit=THS_T&nace_r2=TOTAL&nace_r2=TOTAL_HH&sinceTimePeriod=2013,2026-10-06
env_ac_ainah_r2:TOTAL_HH,HR,2024,25124.87329,i,2026-08-07T23:00:00+0200,https://ec.europa.eu/eurostat/api/dissemination/statistics/1.0/data/env_ac_ainah_r2?geo=BE&geo=BG&geo=CZ&geo=DK&geo=DE&geo=EE&geo=IE&geo=EL&geo=ES&geo=FR&geo=HR&geo=IT&geo=CY&geo=LV&geo=LT&geo=LU&geo=HU&geo=MT&geo=NL&geo=AT&geo=PL&geo=PT&geo=RO&geo=SI&geo=SK&geo=FI&geo=SE&geo=EU27_2020&airpol=GHG&unit=THS_T&nace_r2=TOTAL&nace_r2=TOTAL_HH&sinceTimePeriod=2013,2026-10-06
env_ac_ainah_r2:TOTAL_HH,HR,2025,24714.281,i,2026-08-07T23:00:00+0200,https://ec.europa.eu/eurostat/api/dissemination/statistics/1.0/data/env_ac_ainah_r2?geo=BE&geo=BG&geo=CZ&geo=DK&geo=DE&geo=EE&geo=IE&geo=EL&geo=ES&geo=FR&geo=HR&geo=IT&geo=CY&geo=LV&geo=LT&geo=LU&geo=HU&geo=MT&geo=NL&geo=AT&geo=PL&geo=PT&geo=RO&geo=SI&geo=SK&geo=FI&geo=SE&geo=EU27_2020&airpol=GHG&unit=THS_T&nace_r2=TOTAL&nace_r2=TOTAL_HH&sinceTimePeriod=2013,2026-10-06
env_ac_ainah_r2:TOTAL_HH,HU,2013,64099.53932,,2026-08-07T23:00:00+0200,https://ec.europa.eu/eurostat/api/dissemination/statistics/1.0/data/env_ac_ainah_r2?geo=BE&geo=BG&geo=CZ&geo=DK&geo=DE&geo=EE&geo=IE&geo=EL&geo=ES&geo=FR&geo=HR&geo=IT&geo=CY&geo=LV&geo=LT&geo=LU&geo=HU&geo=MT&geo=NL&geo=AT&geo=PL&geo=PT&geo=RO&geo=SI&geo=SK&geo=FI&geo=SE&geo=EU27_2020&airpol=GHG&unit=THS_T&nace_r2=TOTAL&nace_r2=TOTAL_HH&sinceTimePeriod=2013,2026-10-06
env_ac_ainah_r2:TOTAL_HH,HU,2014,65163.11308,,2026-08-07T23:00:00+0200,https://ec.europa.eu/eurostat/api/dissemination/statistics/1.0/data/env_ac_ainah_r2?geo=BE&geo=BG&geo=CZ&geo=DK&geo=DE&geo=EE&geo=IE&geo=EL&geo=ES&geo=FR&geo=HR&geo=IT&geo=CY&geo=LV&geo=LT&geo=LU&geo=HU&geo=MT&geo=NL&geo=AT&geo=PL&geo=PT&geo=RO&geo=SI&geo=SK&geo=FI&geo=SE&geo=EU27_2020&airpol=GHG&unit=THS_T&nace_r2=TOTAL&nace_r2=TOTAL_HH&sinceTimePeriod=2013,2026-10-06
env_ac_ainah_r2:TOTAL_HH,HU,2015,68682.31271,,2026-08-07T23:00:00+0200,https://ec.europa.eu/eurostat/api/dissemination/statistics/1.0/data/env_ac_ainah_r2?geo=BE&geo=BG&geo=CZ&geo=DK&geo=DE&geo=EE&geo=IE&geo=EL&geo=ES&geo=FR&geo=HR&geo=IT&geo=CY&geo=LV&geo=LT&geo=LU&geo=HU&geo=MT&geo=NL&geo=AT&geo=PL&geo=PT&geo=RO&geo=SI&geo=SK&geo=FI&geo=SE&geo=EU27_2020&airpol=GHG&unit=THS_T&nace_r2=TOTAL&nace_r2=TOTAL_HH&sinceTimePeriod=2013,2026-10-06
env_ac_ainah_r2:TOTAL_HH,HU,2016,68965.07424,,2026-08-07T23:00:00+0200,https://ec.europa.eu/eurostat/api/dissemination/statistics/1.0/data/env_ac_ainah_r2?geo=BE&geo=BG&geo=CZ&geo=DK&geo=DE&geo=EE&geo=IE&geo=EL&geo=ES&geo=FR&geo=HR&geo=IT&geo=CY&geo=LV&geo=LT&geo=LU&geo=HU&geo=MT&geo=NL&geo=AT&geo=PL&geo=PT&geo=RO&geo=SI&geo=SK&geo=FI&geo=SE&geo=EU27_2020&airpol=GHG&unit=THS_T&nace_r2=TOTAL&nace_r2=TOTAL_HH&sinceTimePeriod=2013,2026-10-06
env_ac_ainah_r2:TOTAL_HH,HU,2017,71347.5327,,2026-08-07T23:00:00+0200,https://ec.europa.eu/eurostat/api/dissemination/statistics/1.0/data/env_ac_ainah_r2?geo=BE&geo=BG&geo=CZ&geo=DK&geo=DE&geo=EE&geo=IE&geo=EL&geo=ES&geo=FR&geo=HR&geo=IT&geo=CY&geo=LV&geo=LT&geo=LU&geo=HU&geo=MT&geo=NL&geo=AT&geo=PL&geo=PT&geo=RO&geo=SI&geo=SK&geo=FI&geo=SE&geo=EU27_2020&airpol=GHG&unit=THS_T&nace_r2=TOTAL&nace_r2=TOTAL_HH&sinceTimePeriod=2013,2026-10-06
env_ac_ainah_r2:TOTAL_HH,HU,2018,71486.70581,,2026-08-07T23:00:00+0200,https://ec.europa.eu/eurostat/api/dissemination/statistics/1.0/data/env_ac_ainah_r2?geo=BE&geo=BG&geo=CZ&geo=DK&geo=DE&geo=EE&geo=IE&geo=EL&geo=ES&geo=FR&geo=HR&geo=IT&geo=CY&geo=LV&geo=LT&geo=LU&geo=HU&geo=MT&geo=NL&geo=AT&geo=PL&geo=PT&geo=RO&geo=SI&geo=SK&geo=FI&geo=SE&geo=EU27_2020&airpol=GHG&unit=THS_T&nace_r2=TOTAL&nace_r2=TOTAL_HH&sinceTimePeriod=2013,2026-10-06
env_ac_ainah_r2:TOTAL_HH,HU,2019,70450.45827,,2026-08-07T23:00:00+0200,https://ec.europa.eu/eurostat/api/dissemination/statistics/1.0/data/env_ac_ainah_r2?geo=BE&geo=BG&geo=CZ&geo=DK&geo=DE&geo=EE&geo=IE&geo=EL&geo=ES&geo=FR&geo=HR&geo=IT&geo=CY&geo=LV&geo=LT&geo=LU&geo=HU&geo=MT&geo=NL&geo=AT&geo=PL&geo=PT&geo=RO&geo=SI&geo=SK&geo=FI&geo=SE&geo=EU27_2020&airpol=GHG&unit=THS_T&nace_r2=TOTAL&nace_r2=TOTAL_HH&sinceTimePeriod=2013,2026-10-06
env_ac_ainah_r2:TOTAL_HH,HU,2020,66527.84276,,2026-08-07T23:00:00+0200,https://ec.europa.eu/eurostat/api/dissemination/statistics/1.0/data/env_ac_ainah_r2?geo=BE&geo=BG&geo=CZ&geo=DK&geo=DE&geo=EE&geo=IE&geo=EL&geo=ES&geo=FR&geo=HR&geo=IT&geo=CY&geo=LV&geo=LT&geo=LU&geo=HU&geo=MT&geo=NL&geo=AT&geo=PL&geo=PT&geo=RO&geo=SI&geo=SK&geo=FI&geo=SE&geo=EU27_2020&airpol=GHG&unit=THS_T&nace_r2=TOTAL&nace_r2=TOTAL_HH&sinceTimePeriod=2013,2026-10-06
env_ac_ainah_r2:TOTAL_HH,HU,2021,68460.89762,,2026-08-07T23:00:00+0200,https://ec.europa.eu/eurostat/api/dissemination/statistics/1.0/data/env_ac_ainah_r2?geo=BE&geo=BG&geo=CZ&geo=DK&geo=DE&geo=EE&geo=IE&geo=EL&geo=ES&geo=FR&geo=HR&geo=IT&geo=CY&geo=LV&geo=LT&geo=LU&geo=HU&geo=MT&geo=NL&geo=AT&geo=PL&geo=PT&geo=RO&geo=SI&geo=SK&geo=FI&geo=SE&geo=EU27_2020&airpol=GHG&unit=THS_T&nace_r2=TOTAL&nace_r2=TOTAL_HH&sinceTimePeriod=2013,2026-10-06
env_ac_ainah_r2:TOTAL_HH,HU,2022,66347.89025,,2026-08-07T23:00:00+0200,https://ec.europa.eu/eurostat/api/dissemination/statistics/1.0/data/env_ac_ainah_r2?geo=BE&geo=BG&geo=CZ&geo=DK&geo=DE&geo=EE&geo=IE&geo=EL&geo=ES&geo=FR&geo=HR&geo=IT&geo=CY&geo=LV&geo=LT&geo=LU&geo=HU&geo=MT&geo=NL&geo=AT&geo=PL&geo=PT&geo=RO&geo=SI&geo=SK&geo=FI&geo=SE&geo=EU27_2020&airpol=GHG&unit=THS_T&nace_r2=TOTAL&nace_r2=TOTAL_HH&sinceTimePeriod=2013,2026-10-06
env_ac_ainah_r2:TOTAL_HH,HU,2023,59630.39342,,2026-08-07T23:00:00+0200,https://ec.europa.eu/eurostat/api/dissemination/statistics/1.0/data/env_ac_ainah_r2?geo=BE&geo=BG&geo=CZ&geo=DK&geo=DE&geo=EE&geo=IE&geo=EL&geo=ES&geo=FR&geo=HR&geo=IT&geo=CY&geo=LV&geo=LT&geo=LU&geo=HU&geo=MT&geo=NL&geo=AT&geo=PL&geo=PT&geo=RO&geo=SI&geo=SK&geo=FI&geo=SE&geo=EU27_2020&airpol=GHG&unit=THS_T&nace_r2=TOTAL&nace_r2=TOTAL_HH&sinceTimePeriod=2013,2026-10-06
env_ac_ainah_r2:TOTAL_HH,HU,2024,60847.52032,i,2026-08-07T23:00:00+0200,https://ec.europa.eu/eurostat/api/dissemination/statistics/1.0/data/env_ac_ainah_r2?geo=BE&geo=BG&geo=CZ&geo=DK&geo=DE&geo=EE&geo=IE&geo=EL&geo=ES&geo=FR&geo=HR&geo=IT&geo=CY&geo=LV&geo=LT&geo=LU&geo=HU&geo=MT&geo=NL&geo=AT&geo=PL&geo=PT&geo=RO&geo=SI&geo=SK&geo=FI&geo=SE&geo=EU27_2020&airpol=GHG&unit=THS_T&nace_r2=TOTAL&nace_r2=TOTAL_HH&sinceTimePeriod=2013,2026-10-06
env_ac_ainah_r2:TOTAL_HH,HU,2025,62508.995,i,2026-08-07T23:00:00+0200,https://ec.europa.eu/eurostat/api/dissemination/statistics/1.0/data/env_ac_ainah_r2?geo=BE&geo=BG&geo=CZ&geo=DK&geo=DE&geo=EE&geo=IE&geo=EL&geo=ES&geo=FR&geo=HR&geo=IT&geo=CY&geo=LV&geo=LT&geo=LU&geo=HU&geo=MT&geo=NL&geo=AT&geo=PL&geo=PT&geo=RO&geo=SI&geo=SK&geo=FI&geo=SE&geo=EU27_2020&airpol=GHG&unit=THS_T&nace_r2=TOTAL&nace_r2=TOTAL_HH&sinceTimePeriod=2013,2026-10-06
env_ac_ainah_r2:TOTAL_HH,IE,2013,67284.6757,,2026-08-07T23:00:00+0200,https://ec.europa.eu/eurostat/api/dissemination/statistics/1.0/data/env_ac_ainah_r2?geo=BE&geo=BG&geo=CZ&geo=DK&geo=DE&geo=EE&geo=IE&geo=EL&geo=ES&geo=FR&geo=HR&geo=IT&geo=CY&geo=LV&geo=LT&geo=LU&geo=HU&geo=MT&geo=NL&geo=AT&geo=PL&geo=PT&geo=RO&geo=SI&geo=SK&geo=FI&geo=SE&geo=EU27_2020&airpol=GHG&unit=THS_T&nace_r2=TOTAL&nace_r2=TOTAL_HH&sinceTimePeriod=2013,2026-10-06
env_ac_ainah_r2:TOTAL_HH,IE,2014,70376.26841,,2026-08-07T23:00:00+0200,https://ec.europa.eu/eurostat/api/dissemination/statistics/1.0/data/env_ac_ainah_r2?geo=BE&geo=BG&geo=CZ&geo=DK&geo=DE&geo=EE&geo=IE&geo=EL&geo=ES&geo=FR&geo=HR&geo=IT&geo=CY&geo=LV&geo=LT&geo=LU&geo=HU&geo=MT&geo=NL&geo=AT&geo=PL&geo=PT&geo=RO&geo=SI&geo=SK&geo=FI&geo=SE&geo=EU27_2020&airpol=GHG&unit=THS_T&nace_r2=TOTAL&nace_r2=TOTAL_HH&sinceTimePeriod=2013,2026-10-06
env_ac_ainah_r2:TOTAL_HH,IE,2015,73062.31397,,2026-08-07T23:00:00+0200,https://ec.europa.eu/eurostat/api/dissemination/statistics/1.0/data/env_ac_ainah_r2?geo=BE&geo=BG&geo=CZ&geo=DK&geo=DE&geo=EE&geo=IE&geo=EL&geo=ES&geo=FR&geo=HR&geo=IT&geo=CY&geo=LV&geo=LT&geo=LU&geo=HU&geo=MT&geo=NL&geo=AT&geo=PL&geo=PT&geo=RO&geo=SI&geo=SK&geo=FI&geo=SE&geo=EU27_2020&airpol=GHG&unit=THS_T&nace_r2=TOTAL&nace_r2=TOTAL_HH&sinceTimePeriod=2013,2026-10-06
env_ac_ainah_r2:TOTAL_HH,IE,2016,78033.88143,,2026-08-07T23:00:00+0200,https://ec.europa.eu/eurostat/api/dissemination/statistics/1.0/data/env_ac_ainah_r2?geo=BE&geo=BG&geo=CZ&geo=DK&geo=DE&geo=EE&geo=IE&geo=EL&geo=ES&geo=FR&geo=HR&geo=IT&geo=CY&geo=LV&geo=LT&geo=LU&geo=HU&geo=MT&geo=NL&geo=AT&geo=PL&geo=PT&geo=RO&geo=SI&geo=SK&geo=FI&geo=SE&geo=EU27_2020&airpol=GHG&unit=THS_T&nace_r2=TOTAL&nace_r2=TOTAL_HH&sinceTimePeriod=2013,2026-10-06
env_ac_ainah_r2:TOTAL_HH,IE,2017,79968.79144,,2026-08-07T23:00:00+0200,https://ec.europa.eu/eurostat/api/dissemination/statistics/1.0/data/env_ac_ainah_r2?geo=BE&geo=BG&geo=CZ&geo=DK&geo=DE&geo=EE&geo=IE&geo=EL&geo=ES&geo=FR&geo=HR&geo=IT&geo=CY&geo=LV&geo=LT&geo=LU&geo=HU&geo=MT&geo=NL&geo=AT&geo=PL&geo=PT&geo=RO&geo=SI&geo=SK&geo=FI&geo=SE&geo=EU27_2020&airpol=GHG&unit=THS_T&nace_r2=TOTAL&nace_r2=TOTAL_HH&sinceTimePeriod=2013,2026-10-06
env_ac_ainah_r2:TOTAL_HH,IE,2018,80829.59188,,2026-08-07T23:00:00+0200,https://ec.europa.eu/eurostat/api/dissemination/statistics/1.0/data/env_ac_ainah_r2?geo=BE&geo=BG&geo=CZ&geo=DK&geo=DE&geo=EE&geo=IE&geo=EL&geo=ES&geo=FR&geo=HR&geo=IT&geo=CY&geo=LV&geo=LT&geo=LU&geo=HU&geo=MT&geo=NL&geo=AT&geo=PL&geo=PT&geo=RO&geo=SI&geo=SK&geo=FI&geo=SE&geo=EU27_2020&airpol=GHG&unit=THS_T&nace_r2=TOTAL&nace_r2=TOTAL_HH&sinceTimePeriod=2013,2026-10-06
env_ac_ainah_r2:TOTAL_HH,IE,2019,79412.54139,,2026-08-07T23:00:00+0200,https://ec.europa.eu/eurostat/api/dissemination/statistics/1.0/data/env_ac_ainah_r2?geo=BE&geo=BG&geo=CZ&geo=DK&geo=DE&geo=EE&geo=IE&geo=EL&geo=ES&geo=FR&geo=HR&geo=IT&geo=CY&geo=LV&geo=LT&geo=LU&geo=HU&geo=MT&geo=NL&geo=AT&geo=PL&geo=PT&geo=RO&geo=SI&geo=SK&geo=FI&geo=SE&geo=EU27_2020&airpol=GHG&unit=THS_T&nace_r2=TOTAL&nace_r2=TOTAL_HH&sinceTimePeriod=2013,2026-10-06
env_ac_ainah_r2:TOTAL_HH,IE,2020,65856.61312,,2026-08-07T23:00:00+0200,https://ec.europa.eu/eurostat/api/dissemination/statistics/1.0/data/env_ac_ainah_r2?geo=BE&geo=BG&geo=CZ&geo=DK&geo=DE&geo=EE&geo=IE&geo=EL&geo=ES&geo=FR&geo=HR&geo=IT&geo=CY&geo=LV&geo=LT&geo=LU&geo=HU&geo=MT&geo=NL&geo=AT&geo=PL&geo=PT&geo=RO&geo=SI&geo=SK&geo=FI&geo=SE&geo=EU27_2020&airpol=GHG&unit=THS_T&nace_r2=TOTAL&nace_r2=TOTAL_HH&sinceTimePeriod=2013,2026-10-06
env_ac_ainah_r2:TOTAL_HH,IE,2021,68433.34989,,2026-08-07T23:00:00+0200,https://ec.europa.eu/eurostat/api/dissemination/statistics/1.0/data/env_ac_ainah_r2?geo=BE&geo=BG&geo=CZ&geo=DK&geo=DE&geo=EE&geo=IE&geo=EL&geo=ES&geo=FR&geo=HR&geo=IT&geo=CY&geo=LV&geo=LT&geo=LU&geo=HU&geo=MT&geo=NL&geo=AT&geo=PL&geo=PT&geo=RO&geo=SI&geo=SK&geo=FI&geo=SE&geo=EU27_2020&airpol=GHG&unit=THS_T&nace_r2=TOTAL&nace_r2=TOTAL_HH&sinceTimePeriod=2013,2026-10-06
env_ac_ainah_r2:TOTAL_HH,IE,2022,74825.21765,,2026-08-07T23:00:00+0200,https://ec.europa.eu/eurostat/api/dissemination/statistics/1.0/data/env_ac_ainah_r2?geo=BE&geo=BG&geo=CZ&geo=DK&geo=DE&geo=EE&geo=IE&geo=EL&geo=ES&geo=FR&geo=HR&geo=IT&geo=CY&geo=LV&geo=LT&geo=LU&geo=HU&geo=MT&geo=NL&geo=AT&geo=PL&geo=PT&geo=RO&geo=SI&geo=SK&geo=FI&geo=SE&geo=EU27_2020&airpol=GHG&unit=THS_T&nace_r2=TOTAL&nace_r2=TOTAL_HH&sinceTimePeriod=2013,2026-10-06
env_ac_ainah_r2:TOTAL_HH,IE,2023,72934.84234,,2026-08-07T23:00:00+0200,https://ec.europa.eu/eurostat/api/dissemination/statistics/1.0/data/env_ac_ainah_r2?geo=BE&geo=BG&geo=CZ&geo=DK&geo=DE&geo=EE&geo=IE&geo=EL&geo=ES&geo=FR&geo=HR&geo=IT&geo=CY&geo=LV&geo=LT&geo=LU&geo=HU&geo=MT&geo=NL&geo=AT&geo=PL&geo=PT&geo=RO&geo=SI&geo=SK&geo=FI&geo=SE&geo=EU27_2020&airpol=GHG&unit=THS_T&nace_r2=TOTAL&nace_r2=TOTAL_HH&sinceTimePeriod=2013,2026-10-06
env_ac_ainah_r2:TOTAL_HH,IE,2024,72035.88073,e,2026-08-07T23:00:00+0200,https://ec.europa.eu/eurostat/api/dissemination/statistics/1.0/data/env_ac_ainah_r2?geo=BE&geo=BG&geo=CZ&geo=DK&geo=DE&geo=EE&geo=IE&geo=EL&geo=ES&geo=FR&geo=HR&geo=IT&geo=CY&geo=LV&geo=LT&geo=LU&geo=HU&geo=MT&geo=NL&geo=AT&geo=PL&geo=PT&geo=RO&geo=SI&geo=SK&geo=FI&geo=SE&geo=EU27_2020&airpol=GHG&unit=THS_T&nace_r2=TOTAL&nace_r2=TOTAL_HH&sinceTimePeriod=2013,2026-10-06
env_ac_ainah_r2:TOTAL_HH,IE,2025,72246.684,i,2026-08-07T23:00:00+0200,https://ec.europa.eu/eurostat/api/dissemination/statistics/1.0/data/env_ac_ainah_r2?geo=BE&geo=BG&geo=CZ&geo=DK&geo=DE&geo=EE&geo=IE&geo=EL&geo=ES&geo=FR&geo=HR&geo=IT&geo=CY&geo=LV&geo=LT&geo=LU&geo=HU&geo=MT&geo=NL&geo=AT&geo=PL&geo=PT&geo=RO&geo=SI&geo=SK&geo=FI&geo=SE&geo=EU27_2020&airpol=GHG&unit=THS_T&nace_r2=TOTAL&nace_r2=TOTAL_HH&sinceTimePeriod=2013,2026-10-06
env_ac_ainah_r2:TOTAL_HH,IT,2013,469087.79284,,2026-08-07T23:00:00+0200,https://ec.europa.eu/eurostat/api/dissemination/statistics/1.0/data/env_ac_ainah_r2?geo=BE&geo=BG&geo=CZ&geo=DK&geo=DE&geo=EE&geo=IE&geo=EL&geo=ES&geo=FR&geo=HR&geo=IT&geo=CY&geo=LV&geo=LT&geo=LU&geo=HU&geo=MT&geo=NL&geo=AT&geo=PL&geo=PT&geo=RO&geo=SI&geo=SK&geo=FI&geo=SE&geo=EU27_2020&airpol=GHG&unit=THS_T&nace_r2=TOTAL&nace_r2=TOTAL_HH&sinceTimePeriod=2013,2026-10-06
env_ac_ainah_r2:TOTAL_HH,IT,2014,446243.55662,,2026-08-07T23:00:00+0200,https://ec.europa.eu/eurostat/api/dissemination/statistics/1.0/data/env_ac_ainah_r2?geo=BE&geo=BG&geo=CZ&geo=DK&geo=DE&geo=EE&geo=IE&geo=EL&geo=ES&geo=FR&geo=HR&geo=IT&geo=CY&geo=LV&geo=LT&geo=LU&geo=HU&geo=MT&geo=NL&geo=AT&geo=PL&geo=PT&geo=RO&geo=SI&geo=SK&geo=FI&geo=SE&geo=EU27_2020&airpol=GHG&unit=THS_T&nace_r2=TOTAL&nace_r2=TOTAL_HH&sinceTimePeriod=2013,2026-10-06
env_ac_ainah_r2:TOTAL_HH,IT,2015,456202.94752,,2026-08-07T23:00:00+0200,https://ec.europa.eu/eurostat/api/dissemination/statistics/1.0/data/env_ac_ainah_r2?geo=BE&geo=BG&geo=CZ&geo=DK&geo=DE&geo=EE&geo=IE&geo=EL&geo=ES&geo=FR&geo=HR&geo=IT&geo=CY&geo=LV&geo=LT&geo=LU&geo=HU&geo=MT&geo=NL&geo=AT&geo=PL&geo=PT&geo=RO&geo=SI&geo=SK&geo=FI&geo=SE&geo=EU27_2020&airpol=GHG&unit=THS_T&nace_r2=TOTAL&nace_r2=TOTAL_HH&sinceTimePeriod=2013,2026-10-06
env_ac_ainah_r2:TOTAL_HH,IT,2016,452417.64272,,2026-08-07T23:00:00+0200,https://ec.europa.eu/eurostat/api/dissemination/statistics/1.0/data/env_ac_ainah_r2?geo=BE&geo=BG&geo=CZ&geo=DK&geo=DE&geo=EE&geo=IE&geo=EL&geo=ES&geo=FR&geo=HR&geo=IT&geo=CY&geo=LV&geo=LT&geo=LU&geo=HU&geo=MT&geo=NL&geo=AT&geo=PL&geo=PT&geo=RO&geo=SI&geo=SK&geo=FI&geo=SE&geo=EU27_2020&airpol=GHG&unit=THS_T&nace_r2=TOTAL&nace_r2=TOTAL_HH&sinceTimePeriod=2013,2026-10-06
env_ac_ainah_r2:TOTAL_HH,IT,2017,449229.42436,,2026-08-07T23:00:00+0200,https://ec.europa.eu/eurostat/api/dissemination/statistics/1.0/data/env_ac_ainah_r2?geo=BE&geo=BG&geo=CZ&geo=DK&geo=DE&geo=EE&geo=IE&geo=EL&geo=ES&geo=FR&geo=HR&geo=IT&geo=CY&geo=LV&geo=LT&geo=LU&geo=HU&geo=MT&geo=NL&geo=AT&geo=PL&geo=PT&geo=RO&geo=SI&geo=SK&geo=FI&geo=SE&geo=EU27_2020&airpol=GHG&unit=THS_T&nace_r2=TOTAL&nace_r2=TOTAL_HH&sinceTimePeriod=2013,2026-10-06
env_ac_ainah_r2:TOTAL_HH,IT,2018,443723.87801,,2026-08-07T23:00:00+0200,https://ec.europa.eu/eurostat/api/dissemination/statistics/1.0/data/env_ac_ainah_r2?geo=BE&geo=BG&geo=CZ&geo=DK&geo=DE&geo=EE&geo=IE&geo=EL&geo=ES&geo=FR&geo=HR&geo=IT&geo=CY&geo=LV&geo=LT&geo=LU&geo=HU&geo=MT&geo=NL&geo=AT&geo=PL&geo=PT&geo=RO&geo=SI&geo=SK&geo=FI&geo=SE&geo=EU27_2020&airpol=GHG&unit=THS_T&nace_r2=TOTAL&nace_r2=TOTAL_HH&sinceTimePeriod=2013,2026-10-06
env_ac_ainah_r2:TOTAL_HH,IT,2019,433827.4865,,2026-08-07T23:00:00+0200,https://ec.europa.eu/eurostat/api/dissemination/statistics/1.0/data/env_ac_ainah_r2?geo=BE&geo=BG&geo=CZ&geo=DK&geo=DE&geo=EE&geo=IE&geo=EL&geo=ES&geo=FR&geo=HR&geo=IT&geo=CY&geo=LV&geo=LT&geo=LU&geo=HU&geo=MT&geo=NL&geo=AT&geo=PL&geo=PT&geo=RO&geo=SI&geo=SK&geo=FI&geo=SE&geo=EU27_2020&airpol=GHG&unit=THS_T&nace_r2=TOTAL&nace_r2=TOTAL_HH&sinceTimePeriod=2013,2026-10-06
env_ac_ainah_r2:TOTAL_HH,IT,2020,388916.45467,,2026-08-07T23:00:00+0200,https://ec.europa.eu/eurostat/api/dissemination/statistics/1.0/data/env_ac_ainah_r2?geo=BE&geo=BG&geo=CZ&geo=DK&geo=DE&geo=EE&geo=IE&geo=EL&geo=ES&geo=FR&geo=HR&geo=IT&geo=CY&geo=LV&geo=LT&geo=LU&geo=HU&geo=MT&geo=NL&geo=AT&geo=PL&geo=PT&geo=RO&geo=SI&geo=SK&geo=FI&geo=SE&geo=EU27_2020&airpol=GHG&unit=THS_T&nace_r2=TOTAL&nace_r2=TOTAL_HH&sinceTimePeriod=2013,2026-10-06
env_ac_ainah_r2:TOTAL_HH,IT,2021,422687.51349,,2026-08-07T23:00:00+0200,https://ec.europa.eu/eurostat/api/dissemination/statistics/1.0/data/env_ac_ainah_r2?geo=BE&geo=BG&geo=CZ&geo=DK&geo=DE&geo=EE&geo=IE&geo=EL&geo=ES&geo=FR&geo=HR&geo=IT&geo=CY&geo=LV&geo=LT&geo=LU&geo=HU&geo=MT&geo=NL&geo=AT&geo=PL&geo=PT&geo=RO&geo=SI&geo=SK&geo=FI&geo=SE&geo=EU27_2020&airpol=GHG&unit=THS_T&nace_r2=TOTAL&nace_r2=TOTAL_HH&sinceTimePeriod=2013,2026-10-06
env_ac_ainah_r2:TOTAL_HH,IT,2022,421920.8322,,2026-08-07T23:00:00+0200,https://ec.europa.eu/eurostat/api/dissemination/statistics/1.0/data/env_ac_ainah_r2?geo=BE&geo=BG&geo=CZ&geo=DK&geo=DE&geo=EE&geo=IE&geo=EL&geo=ES&geo=FR&geo=HR&geo=IT&geo=CY&geo=LV&geo=LT&geo=LU&geo=HU&geo=MT&geo=NL&geo=AT&geo=PL&geo=PT&geo=RO&geo=SI&geo=SK&geo=FI&geo=SE&geo=EU27_2020&airpol=GHG&unit=THS_T&nace_r2=TOTAL&nace_r2=TOTAL_HH&sinceTimePeriod=2013,2026-10-06
env_ac_ainah_r2:TOTAL_HH,IT,2023,397086.19998,,2026-08-07T23:00:00+0200,https://ec.europa.eu/eurostat/api/dissemination/statistics/1.0/data/env_ac_ainah_r2?geo=BE&geo=BG&geo=CZ&geo=DK&geo=DE&geo=EE&geo=IE&geo=EL&geo=ES&geo=FR&geo=HR&geo=IT&geo=CY&geo=LV&geo=LT&geo=LU&geo=HU&geo=MT&geo=NL&geo=AT&geo=PL&geo=PT&geo=RO&geo=SI&geo=SK&geo=FI&geo=SE&geo=EU27_2020&airpol=GHG&unit=THS_T&nace_r2=TOTAL&nace_r2=TOTAL_HH&sinceTimePeriod=2013,2026-10-06
env_ac_ainah_r2:TOTAL_HH,IT,2024,386098.64379,e,2026-08-07T23:00:00+0200,https://ec.europa.eu/eurostat/api/dissemination/statistics/1.0/data/env_ac_ainah_r2?geo=BE&geo=BG&geo=CZ&geo=DK&geo=DE&geo=EE&geo=IE&geo=EL&geo=ES&geo=FR&geo=HR&geo=IT&geo=CY&geo=LV&geo=LT&geo=LU&geo=HU&geo=MT&geo=NL&geo=AT&geo=PL&geo=PT&geo=RO&geo=SI&geo=SK&geo=FI&geo=SE&geo=EU27_2020&airpol=GHG&unit=THS_T&nace_r2=TOTAL&nace_r2=TOTAL_HH&sinceTimePeriod=2013,2026-10-06
env_ac_ainah_r2:TOTAL_HH,IT,2025,385686.55,i,2026-08-07T23:00:00+0200,https://ec.europa.eu/eurostat/api/dissemination/statistics/1.0/data/env_ac_ainah_r2?geo=BE&geo=BG&geo=CZ&geo=DK&geo=DE&geo=EE&geo=IE&geo=EL&geo=ES&geo=FR&geo=HR&geo=IT&geo=CY&geo=LV&geo=LT&geo=LU&geo=HU&geo=MT&geo=NL&geo=AT&geo=PL&geo=PT&geo=RO&geo=SI&geo=SK&geo=FI&geo=SE&geo=EU27_2020&airpol=GHG&unit=THS_T&nace_r2=TOTAL&nace_r2=TOTAL_HH&sinceTimePeriod=2013,2026-10-06
env_ac_ainah_r2:TOTAL_HH,LT,2013,22220.4265,,2026-08-07T23:00:00+0200,https://ec.europa.eu/eurostat/api/dissemination/statistics/1.0/data/env_ac_ainah_r2?geo=BE&geo=BG&geo=CZ&geo=DK&geo=DE&geo=EE&geo=IE&geo=EL&geo=ES&geo=FR&geo=HR&geo=IT&geo=CY&geo=LV&geo=LT&geo=LU&geo=HU&geo=MT&geo=NL&geo=AT&geo=PL&geo=PT&geo=RO&geo=SI&geo=SK&geo=FI&geo=SE&geo=EU27_2020&airpol=GHG&unit=THS_T&nace_r2=TOTAL&nace_r2=TOTAL_HH&sinceTimePeriod=2013,2026-10-06
env_ac_ainah_r2:TOTAL_HH,LT,2014,22394.78804,,2026-08-07T23:00:00+0200,https://ec.europa.eu/eurostat/api/dissemination/statistics/1.0/data/env_ac_ainah_r2?geo=BE&geo=BG&geo=CZ&geo=DK&geo=DE&geo=EE&geo=IE&geo=EL&geo=ES&geo=FR&geo=HR&geo=IT&geo=CY&geo=LV&geo=LT&geo=LU&geo=HU&geo=MT&geo=NL&geo=AT&geo=PL&geo=PT&geo=RO&geo=SI&geo=SK&geo=FI&geo=SE&geo=EU27_2020&airpol=GHG&unit=THS_T&nace_r2=TOTAL&nace_r2=TOTAL_HH&sinceTimePeriod=2013,2026-10-06
env_ac_ainah_r2:TOTAL_HH,LT,2015,23037.20822,,2026-08-07T23:00:00+0200,https://ec.europa.eu/eurostat/api/dissemination/statistics/1.0/data/env_ac_ainah_r2?geo=BE&geo=BG&geo=CZ&geo=DK&geo=DE&geo=EE&geo=IE&geo=EL&geo=ES&geo=FR&geo=HR&geo=IT&geo=CY&geo=LV&geo=LT&geo=LU&geo=HU&geo=MT&geo=NL&geo=AT&geo=PL&geo=PT&geo=RO&geo=SI&geo=SK&geo=FI&geo=SE&geo=EU27_2020&airpol=GHG&unit=THS_T&nace_r2=TOTAL&nace_r2=TOTAL_HH&sinceTimePeriod=2013,2026-10-06
env_ac_ainah_r2:TOTAL_HH,LT,2016,23310.68984,,2026-08-07T23:00:00+0200,https://ec.europa.eu/eurostat/api/dissemination/statistics/1.0/data/env_ac_ainah_r2?geo=BE&geo=BG&geo=CZ&geo=DK&geo=DE&geo=EE&geo=IE&geo=EL&geo=ES&geo=FR&geo=HR&geo=IT&geo=CY&geo=LV&geo=LT&geo=LU&geo=HU&geo=MT&geo=NL&geo=AT&geo=PL&geo=PT&geo=RO&geo=SI&geo=SK&geo=FI&geo=SE&geo=EU27_2020&airpol=GHG&unit=THS_T&nace_r2=TOTAL&nace_r2=TOTAL_HH&sinceTimePeriod=2013,2026-10-06
env_ac_ainah_r2:TOTAL_HH,LT,2017,24145.1146,,2026-08-07T23:00:00+0200,https://ec.europa.eu/eurostat/api/dissemination/statistics/1.0/data/env_ac_ainah_r2?geo=BE&geo=BG&geo=CZ&geo=DK&geo=DE&geo=EE&geo=IE&geo=EL&geo=ES&geo=FR&geo=HR&geo=IT&geo=CY&geo=LV&geo=LT&geo=LU&geo=HU&geo=MT&geo=NL&geo=AT&geo=PL&geo=PT&geo=RO&geo=SI&geo=SK&geo=FI&geo=SE&geo=EU27_2020&airpol=GHG&unit=THS_T&nace_r2=TOTAL&nace_r2=TOTAL_HH&sinceTimePeriod=2013,2026-10-06
env_ac_ainah_r2:TOTAL_HH,LT,2018,24979.78291,,2026-08-07T23:00:00+0200,https://ec.europa.eu/eurostat/api/dissemination/statistics/1.0/data/env_ac_ainah_r2?geo=BE&geo=BG&geo=CZ&geo=DK&geo=DE&geo=EE&geo=IE&geo=EL&geo=ES&geo=FR&geo=HR&geo=IT&geo=CY&geo=LV&geo=LT&geo=LU&geo=HU&geo=MT&geo=NL&geo=AT&geo=PL&geo=PT&geo=RO&geo=SI&geo=SK&geo=FI&geo=SE&geo=EU27_2020&airpol=GHG&unit=THS_T&nace_r2=TOTAL&nace_r2=TOTAL_HH&sinceTimePeriod=2013,2026-10-06
env_ac_ainah_r2:TOTAL_HH,LT,2019,24948.57073,,2026-08-07T23:00:00+0200,https://ec.europa.eu/eurostat/api/dissemination/statistics/1.0/data/env_ac_ainah_r2?geo=BE&geo=BG&geo=CZ&geo=DK&geo=DE&geo=EE&geo=IE&geo=EL&geo=ES&geo=FR&geo=HR&geo=IT&geo=CY&geo=LV&geo=LT&geo=LU&geo=HU&geo=MT&geo=NL&geo=AT&geo=PL&geo=PT&geo=RO&geo=SI&geo=SK&geo=FI&geo=SE&geo=EU27_2020&airpol=GHG&unit=THS_T&nace_r2=TOTAL&nace_r2=TOTAL_HH&sinceTimePeriod=2013,2026-10-06
env_ac_ainah_r2:TOTAL_HH,LT,2020,26501.60556,,2026-08-07T23:00:00+0200,https://ec.europa.eu/eurostat/api/dissemination/statistics/1.0/data/env_ac_ainah_r2?geo=BE&geo=BG&geo=CZ&geo=DK&geo=DE&geo=EE&geo=IE&geo=EL&geo=ES&geo=FR&geo=HR&geo=IT&geo=CY&geo=LV&geo=LT&geo=LU&geo=HU&geo=MT&geo=NL&geo=AT&geo=PL&geo=PT&geo=RO&geo=SI&geo=SK&geo=FI&geo=SE&geo=EU27_2020&airpol=GHG&unit=THS_T&nace_r2=TOTAL&nace_r2=TOTAL_HH&sinceTimePeriod=2013,2026-10-06
env_ac_ainah_r2:TOTAL_HH,LT,2021,26779.0332,,2026-08-07T23:00:00+0200,https://ec.europa.eu/eurostat/api/dissemination/statistics/1.0/data/env_ac_ainah_r2?geo=BE&geo=BG&geo=CZ&geo=DK&geo=DE&geo=EE&geo=IE&geo=EL&geo=ES&geo=FR&geo=HR&geo=IT&geo=CY&geo=LV&geo=LT&geo=LU&geo=HU&geo=MT&geo=NL&geo=AT&geo=PL&geo=PT&geo=RO&geo=SI&geo=SK&geo=FI&geo=SE&geo=EU27_2020&airpol=GHG&unit=THS_T&nace_r2=TOTAL&nace_r2=TOTAL_HH&sinceTimePeriod=2013,2026-10-06
env_ac_ainah_r2:TOTAL_HH,LT,2022,25422.86532,,2026-08-07T23:00:00+0200,https://ec.europa.eu/eurostat/api/dissemination/statistics/1.0/data/env_ac_ainah_r2?geo=BE&geo=BG&geo=CZ&geo=DK&geo=DE&geo=EE&geo=IE&geo=EL&geo=ES&geo=FR&geo=HR&geo=IT&geo=CY&geo=LV&geo=LT&geo=LU&geo=HU&geo=MT&geo=NL&geo=AT&geo=PL&geo=PT&geo=RO&geo=SI&geo=SK&geo=FI&geo=SE&geo=EU27_2020&airpol=GHG&unit=THS_T&nace_r2=TOTAL&nace_r2=TOTAL_HH&sinceTimePeriod=2013,2026-10-06
env_ac_ainah_r2:TOTAL_HH,LT,2023,25140.87441,,2026-08-07T23:00:00+0200,https://ec.europa.eu/eurostat/api/dissemination/statistics/1.0/data/env_ac_ainah_r2?geo=BE&geo=BG&geo=CZ&geo=DK&geo=DE&geo=EE&geo=IE&geo=EL&geo=ES&geo=FR&geo=HR&geo=IT&geo=CY&geo=LV&geo=LT&geo=LU&geo=HU&geo=MT&geo=NL&geo=AT&geo=PL&geo=PT&geo=RO&geo=SI&geo=SK&geo=FI&geo=SE&geo=EU27_2020&airpol=GHG&unit=THS_T&nace_r2=TOTAL&nace_r2=TOTAL_HH&sinceTimePeriod=2013,2026-10-06
env_ac_ainah_r2:TOTAL_HH,LT,2024,25681.32536,i,2026-08-07T23:00:00+0200,https://ec.europa.eu/eurostat/api/dissemination/statistics/1.0/data/env_ac_ainah_r2?geo=BE&geo=BG&geo=CZ&geo=DK&geo=DE&geo=EE&geo=IE&geo=EL&geo=ES&geo=FR&geo=HR&geo=IT&geo=CY&geo=LV&geo=LT&geo=LU&geo=HU&geo=MT&geo=NL&geo=AT&geo=PL&geo=PT&geo=RO&geo=SI&geo=SK&geo=FI&geo=SE&geo=EU27_2020&airpol=GHG&unit=THS_T&nace_r2=TOTAL&nace_r2=TOTAL_HH&sinceTimePeriod=2013,2026-10-06
env_ac_ainah_r2:TOTAL_HH,LT,2025,24976.299,i,2026-08-07T23:00:00+0200,https://ec.europa.eu/eurostat/api/dissemination/statistics/1.0/data/env_ac_ainah_r2?geo=BE&geo=BG&geo=CZ&geo=DK&geo=DE&geo=EE&geo=IE&geo=EL&geo=ES&geo=FR&geo=HR&geo=IT&geo=CY&geo=LV&geo=LT&geo=LU&geo=HU&geo=MT&geo=NL&geo=AT&geo=PL&geo=PT&geo=RO&geo=SI&geo=SK&geo=FI&geo=SE&geo=EU27_2020&airpol=GHG&unit=THS_T&nace_r2=TOTAL&nace_r2=TOTAL_HH&sinceTimePeriod=2013,2026-10-06
env_ac_ainah_r2:TOTAL_HH,LU,2013,9129.37958,,2026-08-07T23:00:00+0200,https://ec.europa.eu/eurostat/api/dissemination/statistics/1.0/data/env_ac_ainah_r2?geo=BE&geo=BG&geo=CZ&geo=DK&geo=DE&geo=EE&geo=IE&geo=EL&geo=ES&geo=FR&geo=HR&geo=IT&geo=CY&geo=LV&geo=LT&geo=LU&geo=HU&geo=MT&geo=NL&geo=AT&geo=PL&geo=PT&geo=RO&geo=SI&geo=SK&geo=FI&geo=SE&geo=EU27_2020&airpol=GHG&unit=THS_T&nace_r2=TOTAL&nace_r2=TOTAL_HH&sinceTimePeriod=2013,2026-10-06
env_ac_ainah_r2:TOTAL_HH,LU,2014,9270.46026,,2026-08-07T23:00:00+0200,https://ec.europa.eu/eurostat/api/dissemination/statistics/1.0/data/env_ac_ainah_r2?geo=BE&geo=BG&geo=CZ&geo=DK&geo=DE&geo=EE&geo=IE&geo=EL&geo=ES&geo=FR&geo=HR&geo=IT&geo=CY&geo=LV&geo=LT&geo=LU&geo=HU&geo=MT&geo=NL&geo=AT&geo=PL&geo=PT&geo=RO&geo=SI&geo=SK&geo=FI&geo=SE&geo=EU27_2020&airpol=GHG&unit=THS_T&nace_r2=TOTAL&nace_r2=TOTAL_HH&sinceTimePeriod=2013,2026-10-06
env_ac_ainah_r2:TOTAL_HH,LU,2015,10269.44283,,2026-08-07T23:00:00+0200,https://ec.europa.eu/eurostat/api/dissemination/statistics/1.0/data/env_ac_ainah_r2?geo=BE&geo=BG&geo=CZ&geo=DK&geo=DE&geo=EE&geo=IE&geo=EL&geo=ES&geo=FR&geo=HR&geo=IT&geo=CY&geo=LV&geo=LT&geo=LU&geo=HU&geo=MT&geo=NL&geo=AT&geo=PL&geo=PT&geo=RO&geo=SI&geo=SK&geo=FI&geo=SE&geo=EU27_2020&airpol=GHG&unit=THS_T&nace_r2=TOTAL&nace_r2=TOTAL_HH&sinceTimePeriod=2013,2026-10-06
env_ac_ainah_r2:TOTAL_HH,LU,2016,10212.80235,,2026-08-07T23:00:00+0200,https://ec.europa.eu/eurostat/api/dissemination/statistics/1.0/data/env_ac_ainah_r2?geo=BE&geo=BG&geo=CZ&geo=DK&geo=DE&geo=EE&geo=IE&geo=EL&geo=ES&geo=FR&geo=HR&geo=IT&geo=CY&geo=LV&geo=LT&geo=LU&geo=HU&geo=MT&geo=NL&geo=AT&geo=PL&geo=PT&geo=RO&geo=SI&geo=SK&geo=FI&geo=SE&geo=EU27_2020&airpol=GHG&unit=THS_T&nace_r2=TOTAL&nace_r2=TOTAL_HH&sinceTimePeriod=2013,2026-10-06
env_ac_ainah_r2:TOTAL_HH,LU,2017,10225.50071,,2026-08-07T23:00:00+0200,https://ec.europa.eu/eurostat/api/dissemination/statistics/1.0/data/env_ac_ainah_r2?geo=BE&geo=BG&geo=CZ&geo=DK&geo=DE&geo=EE&geo=IE&geo=EL&geo=ES&geo=FR&geo=HR&geo=IT&geo=CY&geo=LV&geo=LT&geo=LU&geo=HU&geo=MT&geo=NL&geo=AT&geo=PL&geo=PT&geo=RO&geo=SI&geo=SK&geo=FI&geo=SE&geo=EU27_2020&airpol=GHG&unit=THS_T&nace_r2=TOTAL&nace_r2=TOTAL_HH&sinceTimePeriod=2013,2026-10-06
env_ac_ainah_r2:TOTAL_HH,LU,2018,10260.4873,,2026-08-07T23:00:00+0200,https://ec.europa.eu/eurostat/api/dissemination/statistics/1.0/data/env_ac_ainah_r2?geo=BE&geo=BG&geo=CZ&geo=DK&geo=DE&geo=EE&geo=IE&geo=EL&geo=ES&geo=FR&geo=HR&geo=IT&geo=CY&geo=LV&geo=LT&geo=LU&geo=HU&geo=MT&geo=NL&geo=AT&geo=PL&geo=PT&geo=RO&geo=SI&geo=SK&geo=FI&geo=SE&geo=EU27_2020&airpol=GHG&unit=THS_T&nace_r2=TOTAL&nace_r2=TOTAL_HH&sinceTimePeriod=2013,2026-10-06
env_ac_ainah_r2:TOTAL_HH,LU,2019,10727.64608,,2026-08-07T23:00:00+0200,https://ec.europa.eu/eurostat/api/dissemination/statistics/1.0/data/env_ac_ainah_r2?geo=BE&geo=BG&geo=CZ&geo=DK&geo=DE&geo=EE&geo=IE&geo=EL&geo=ES&geo=FR&geo=HR&geo=IT&geo=CY&geo=LV&geo=LT&geo=LU&geo=HU&geo=MT&geo=NL&geo=AT&geo=PL&geo=PT&geo=RO&geo=SI&geo=SK&geo=FI&geo=SE&geo=EU27_2020&airpol=GHG&unit=THS_T&nace_r2=TOTAL&nace_r2=TOTAL_HH&sinceTimePeriod=2013,2026-10-06
env_ac_ainah_r2:TOTAL_HH,LU,2020,9928.8626,,2026-08-07T23:00:00+0200,https://ec.europa.eu/eurostat/api/dissemination/statistics/1.0/data/env_ac_ainah_r2?geo=BE&geo=BG&geo=CZ&geo=DK&geo=DE&geo=EE&geo=IE&geo=EL&geo=ES&geo=FR&geo=HR&geo=IT&geo=CY&geo=LV&geo=LT&geo=LU&geo=HU&geo=MT&geo=NL&geo=AT&geo=PL&geo=PT&geo=RO&geo=SI&geo=SK&geo=FI&geo=SE&geo=EU27_2020&airpol=GHG&unit=THS_T&nace_r2=TOTAL&nace_r2=TOTAL_HH&sinceTimePeriod=2013,2026-10-06
env_ac_ainah_r2:TOTAL_HH,LU,2021,9980.9101,,2026-08-07T23:00:00+0200,https://ec.europa.eu/eurostat/api/dissemination/statistics/1.0/data/env_ac_ainah_r2?geo=BE&geo=BG&geo=CZ&geo=DK&geo=DE&geo=EE&geo=IE&geo=EL&geo=ES&geo=FR&geo=HR&geo=IT&geo=CY&geo=LV&geo=LT&geo=LU&geo=HU&geo=MT&geo=NL&geo=AT&geo=PL&geo=PT&geo=RO&geo=SI&geo=SK&geo=FI&geo=SE&geo=EU27_2020&airpol=GHG&unit=THS_T&nace_r2=TOTAL&nace_r2=TOTAL_HH&sinceTimePeriod=2013,2026-10-06
env_ac_ainah_r2:TOTAL_HH,LU,2022,9908.45302,,2026-08-07T23:00:00+0200,https://ec.europa.eu/eurostat/api/dissemination/statistics/1.0/data/env_ac_ainah_r2?geo=BE&geo=BG&geo=CZ&geo=DK&geo=DE&geo=EE&geo=IE&geo=EL&geo=ES&geo=FR&geo=HR&geo=IT&geo=CY&geo=LV&geo=LT&geo=LU&geo=HU&geo=MT&geo=NL&geo=AT&geo=PL&geo=PT&geo=RO&geo=SI&geo=SK&geo=FI&geo=SE&geo=EU27_2020&airpol=GHG&unit=THS_T&nace_r2=TOTAL&nace_r2=TOTAL_HH&sinceTimePeriod=2013,2026-10-06
env_ac_ainah_r2:TOTAL_HH,LU,2023,9421.72669,,2026-08-07T23:00:00+0200,https://ec.europa.eu/eurostat/api/dissemination/statistics/1.0/data/env_ac_ainah_r2?geo=BE&geo=BG&geo=CZ&geo=DK&geo=DE&geo=EE&geo=IE&geo=EL&geo=ES&geo=FR&geo=HR&geo=IT&geo=CY&geo=LV&geo=LT&geo=LU&geo=HU&geo=MT&geo=NL&geo=AT&geo=PL&geo=PT&geo=RO&geo=SI&geo=SK&geo=FI&geo=SE&geo=EU27_2020&airpol=GHG&unit=THS_T&nace_r2=TOTAL&nace_r2=TOTAL_HH&sinceTimePeriod=2013,2026-10-06
env_ac_ainah_r2:TOTAL_HH,LU,2024,9538.88796,i,2026-08-07T23:00:00+0200,https://ec.europa.eu/eurostat/api/dissemination/statistics/1.0/data/env_ac_ainah_r2?geo=BE&geo=BG&geo=CZ&geo=DK&geo=DE&geo=EE&geo=IE&geo=EL&geo=ES&geo=FR&geo=HR&geo=IT&geo=CY&geo=LV&geo=LT&geo=LU&geo=HU&geo=MT&geo=NL&geo=AT&geo=PL&geo=PT&geo=RO&geo=SI&geo=SK&geo=FI&geo=SE&geo=EU27_2020&airpol=GHG&unit=THS_T&nace_r2=TOTAL&nace_r2=TOTAL_HH&sinceTimePeriod=2013,2026-10-06
env_ac_ainah_r2:TOTAL_HH,LU,2025,9574.404,i,2026-08-07T23:00:00+0200,https://ec.europa.eu/eurostat/api/dissemination/statistics/1.0/data/env_ac_ainah_r2?geo=BE&geo=BG&geo=CZ&geo=DK&geo=DE&geo=EE&geo=IE&geo=EL&geo=ES&geo=FR&geo=HR&geo=IT&geo=CY&geo=LV&geo=LT&geo=LU&geo=HU&geo=MT&geo=NL&geo=AT&geo=PL&geo=PT&geo=RO&geo=SI&geo=SK&geo=FI&geo=SE&geo=EU27_2020&airpol=GHG&unit=THS_T&nace_r2=TOTAL&nace_r2=TOTAL_HH&sinceTimePeriod=2013,2026-10-06
env_ac_ainah_r2:TOTAL_HH,LV,2013,12203.66729,,2026-08-07T23:00:00+0200,https://ec.europa.eu/eurostat/api/dissemination/statistics/1.0/data/env_ac_ainah_r2?geo=BE&geo=BG&geo=CZ&geo=DK&geo=DE&geo=EE&geo=IE&geo=EL&geo=ES&geo=FR&geo=HR&geo=IT&geo=CY&geo=LV&geo=LT&geo=LU&geo=HU&geo=MT&geo=NL&geo=AT&geo=PL&geo=PT&geo=RO&geo=SI&geo=SK&geo=FI&geo=SE&geo=EU27_2020&airpol=GHG&unit=THS_T&nace_r2=TOTAL&nace_r2=TOTAL_HH&sinceTimePeriod=2013,2026-10-06
env_ac_ainah_r2:TOTAL_HH,LV,2014,12313.47493,,2026-08-07T23:00:00+0200,https://ec.europa.eu/eurostat/api/dissemination/statistics/1.0/data/env_ac_ainah_r2?geo=BE&geo=BG&geo=CZ&geo=DK&geo=DE&geo=EE&geo=IE&geo=EL&geo=ES&geo=FR&geo=HR&geo=IT&geo=CY&geo=LV&geo=LT&geo=LU&geo=HU&geo=MT&geo=NL&geo=AT&geo=PL&geo=PT&geo=RO&geo=SI&geo=SK&geo=FI&geo=SE&geo=EU27_2020&airpol=GHG&unit=THS_T&nace_r2=TOTAL&nace_r2=TOTAL_HH&sinceTimePeriod=2013,2026-10-06
env_ac_ainah_r2:TOTAL_HH,LV,2015,12623.15851,,2026-08-07T23:00:00+0200,https://ec.europa.eu/eurostat/api/dissemination/statistics/1.0/data/env_ac_ainah_r2?geo=BE&geo=BG&geo=CZ&geo=DK&geo=DE&geo=EE&geo=IE&geo=EL&geo=ES&geo=FR&geo=HR&geo=IT&geo=CY&geo=LV&geo=LT&geo=LU&geo=HU&geo=MT&geo=NL&geo=AT&geo=PL&geo=PT&geo=RO&geo=SI&geo=SK&geo=FI&geo=SE&geo=EU27_2020&airpol=GHG&unit=THS_T&nace_r2=TOTAL&nace_r2=TOTAL_HH&sinceTimePeriod=2013,2026-10-06
env_ac_ainah_r2:TOTAL_HH,LV,2016,12535.2674,,2026-08-07T23:00:00+0200,https://ec.europa.eu/eurostat/api/dissemination/statistics/1.0/data/env_ac_ainah_r2?geo=BE&geo=BG&geo=CZ&geo=DK&geo=DE&geo=EE&geo=IE&geo=EL&geo=ES&geo=FR&geo=HR&geo=IT&geo=CY&geo=LV&geo=LT&geo=LU&geo=HU&geo=MT&geo=NL&geo=AT&geo=PL&geo=PT&geo=RO&geo=SI&geo=SK&geo=FI&geo=SE&geo=EU27_2020&airpol=GHG&unit=THS_T&nace_r2=TOTAL&nace_r2=TOTAL_HH&sinceTimePeriod=2013,2026-10-06
env_ac_ainah_r2:TOTAL_HH,LV,2017,12870.78579,,2026-08-07T23:00:00+0200,https://ec.europa.eu/eurostat/api/dissemination/statistics/1.0/data/env_ac_ainah_r2?geo=BE&geo=BG&geo=CZ&geo=DK&geo=DE&geo=EE&geo=IE&geo=EL&geo=ES&geo=FR&geo=HR&geo=IT&geo=CY&geo=LV&geo=LT&geo=LU&geo=HU&geo=MT&geo=NL&geo=AT&geo=PL&geo=PT&geo=RO&geo=SI&geo=SK&geo=FI&geo=SE&geo=EU27_2020&airpol=GHG&unit=THS_T&nace_r2=TOTAL&nace_r2=TOTAL_HH&sinceTimePeriod=2013,2026-10-06
env_ac_ainah_r2:TOTAL_HH,LV,2018,13212.70344,,2026-08-07T23:00:00+0200,https://ec.europa.eu/eurostat/api/dissemination/statistics/1.0/data/env_ac_ainah_r2?geo=BE&geo=BG&geo=CZ&geo=DK&geo=DE&geo=EE&geo=IE&geo=EL&geo=ES&geo=FR&geo=HR&geo=IT&geo=CY&geo=LV&geo=LT&geo=LU&geo=HU&geo=MT&geo=NL&geo=AT&geo=PL&geo=PT&geo=RO&geo=SI&geo=SK&geo=FI&geo=SE&geo=EU27_2020&airpol=GHG&unit=THS_T&nace_r2=TOTAL&nace_r2=TOTAL_HH&sinceTimePeriod=2013,2026-10-06
env_ac_ainah_r2:TOTAL_HH,LV,2019,13224.5286,,2026-08-07T23:00:00+0200,https://ec.europa.eu/eurostat/api/dissemination/statistics/1.0/data/env_ac_ainah_r2?geo=BE&geo=BG&geo=CZ&geo=DK&geo=DE&geo=EE&geo=IE&geo=EL&geo=ES&geo=FR&geo=HR&geo=IT&geo=CY&geo=LV&geo=LT&geo=LU&geo=HU&geo=MT&geo=NL&geo=AT&geo=PL&geo=PT&geo=RO&geo=SI&geo=SK&geo=FI&geo=SE&geo=EU27_2020&airpol=GHG&unit=THS_T&nace_r2=TOTAL&nace_r2=TOTAL_HH&sinceTimePeriod=2013,2026-10-06
env_ac_ainah_r2:TOTAL_HH,LV,2020,11688.78154,,2026-08-07T23:00:00+0200,https://ec.europa.eu/eurostat/api/dissemination/statistics/1.0/data/env_ac_ainah_r2?geo=BE&geo=BG&geo=CZ&geo=DK&geo=DE&geo=EE&geo=IE&geo=EL&geo=ES&geo=FR&geo=HR&geo=IT&geo=CY&geo=LV&geo=LT&geo=LU&geo=HU&geo=MT&geo=NL&geo=AT&geo=PL&geo=PT&geo=RO&geo=SI&geo=SK&geo=FI&geo=SE&geo=EU27_2020&airpol=GHG&unit=THS_T&nace_r2=TOTAL&nace_r2=TOTAL_HH&sinceTimePeriod=2013,2026-10-06
env_ac_ainah_r2:TOTAL_HH,LV,2021,12051.37151,,2026-08-07T23:00:00+0200,https://ec.europa.eu/eurostat/api/dissemination/statistics/1.0/data/env_ac_ainah_r2?geo=BE&geo=BG&geo=CZ&geo=DK&geo=DE&geo=EE&geo=IE&geo=EL&geo=ES&geo=FR&geo=HR&geo=IT&geo=CY&geo=LV&geo=LT&geo=LU&geo=HU&geo=MT&geo=NL&geo=AT&geo=PL&geo=PT&geo=RO&geo=SI&geo=SK&geo=FI&geo=SE&geo=EU27_2020&airpol=GHG&unit=THS_T&nace_r2=TOTAL&nace_r2=TOTAL_HH&sinceTimePeriod=2013,2026-10-06
env_ac_ainah_r2:TOTAL_HH,LV,2022,11599.1384,,2026-08-07T23:00:00+0200,https://ec.europa.eu/eurostat/api/dissemination/statistics/1.0/data/env_ac_ainah_r2?geo=BE&geo=BG&geo=CZ&geo=DK&geo=DE&geo=EE&geo=IE&geo=EL&geo=ES&geo=FR&geo=HR&geo=IT&geo=CY&geo=LV&geo=LT&geo=LU&geo=HU&geo=MT&geo=NL&geo=AT&geo=PL&geo=PT&geo=RO&geo=SI&geo=SK&geo=FI&geo=SE&geo=EU27_2020&airpol=GHG&unit=THS_T&nace_r2=TOTAL&nace_r2=TOTAL_HH&sinceTimePeriod=2013,2026-10-06
env_ac_ainah_r2:TOTAL_HH,LV,2023,11575.00779,,2026-08-07T23:00:00+0200,https://ec.europa.eu/eurostat/api/dissemination/statistics/1.0/data/env_ac_ainah_r2?geo=BE&geo=BG&geo=CZ&geo=DK&geo=DE&geo=EE&geo=IE&geo=EL&geo=ES&geo=FR&geo=HR&geo=IT&geo=CY&geo=LV&geo=LT&geo=LU&geo=HU&geo=MT&geo=NL&geo=AT&geo=PL&geo=PT&geo=RO&geo=SI&geo=SK&geo=FI&geo=SE&geo=EU27_2020&airpol=GHG&unit=THS_T&nace_r2=TOTAL&nace_r2=TOTAL_HH&sinceTimePeriod=2013,2026-10-06
env_ac_ainah_r2:TOTAL_HH,LV,2024,11395.34176,i,2026-08-07T23:00:00+0200,https://ec.europa.eu/eurostat/api/dissemination/statistics/1.0/data/env_ac_ainah_r2?geo=BE&geo=BG&geo=CZ&geo=DK&geo=DE&geo=EE&geo=IE&geo=EL&geo=ES&geo=FR&geo=HR&geo=IT&geo=CY&geo=LV&geo=LT&geo=LU&geo=HU&geo=MT&geo=NL&geo=AT&geo=PL&geo=PT&geo=RO&geo=SI&geo=SK&geo=FI&geo=SE&geo=EU27_2020&airpol=GHG&unit=THS_T&nace_r2=TOTAL&nace_r2=TOTAL_HH&sinceTimePeriod=2013,2026-10-06
env_ac_ainah_r2:TOTAL_HH,LV,2025,11328.283,i,2026-08-07T23:00:00+0200,https://ec.europa.eu/eurostat/api/dissemination/statistics/1.0/data/env_ac_ainah_r2?geo=BE&geo=BG&geo=CZ&geo=DK&geo=DE&geo=EE&geo=IE&geo=EL&geo=ES&geo=FR&geo=HR&geo=IT&geo=CY&geo=LV&geo=LT&geo=LU&geo=HU&geo=MT&geo=NL&geo=AT&geo=PL&geo=PT&geo=RO&geo=SI&geo=SK&geo=FI&geo=SE&geo=EU27_2020&airpol=GHG&unit=THS_T&nace_r2=TOTAL&nace_r2=TOTAL_HH&sinceTimePeriod=2013,2026-10-06
env_ac_ainah_r2:TOTAL_HH,MT,2013,3068.52353,,2026-08-07T23:00:00+0200,https://ec.europa.eu/eurostat/api/dissemination/statistics/1.0/data/env_ac_ainah_r2?geo=BE&geo=BG&geo=CZ&geo=DK&geo=DE&geo=EE&geo=IE&geo=EL&geo=ES&geo=FR&geo=HR&geo=IT&geo=CY&geo=LV&geo=LT&geo=LU&geo=HU&geo=MT&geo=NL&geo=AT&geo=PL&geo=PT&geo=RO&geo=SI&geo=SK&geo=FI&geo=SE&geo=EU27_2020&airpol=GHG&unit=THS_T&nace_r2=TOTAL&nace_r2=TOTAL_HH&sinceTimePeriod=2013,2026-10-06
env_ac_ainah_r2:TOTAL_HH,MT,2014,3186.52752,,2026-08-07T23:00:00+0200,https://ec.europa.eu/eurostat/api/dissemination/statistics/1.0/data/env_ac_ainah_r2?geo=BE&geo=BG&geo=CZ&geo=DK&geo=DE&geo=EE&geo=IE&geo=EL&geo=ES&geo=FR&geo=HR&geo=IT&geo=CY&geo=LV&geo=LT&geo=LU&geo=HU&geo=MT&geo=NL&geo=AT&geo=PL&geo=PT&geo=RO&geo=SI&geo=SK&geo=FI&geo=SE&geo=EU27_2020&airpol=GHG&unit=THS_T&nace_r2=TOTAL&nace_r2=TOTAL_HH&sinceTimePeriod=2013,2026-10-06
env_ac_ainah_r2:TOTAL_HH,MT,2015,2602.79404,,2026-08-07T23:00:00+0200,https://ec.europa.eu/eurostat/api/dissemination/statistics/1.0/data/env_ac_ainah_r2?geo=BE&geo=BG&geo=CZ&geo=DK&geo=DE&geo=EE&geo=IE&geo=EL&geo=ES&geo=FR&geo=HR&geo=IT&geo=CY&geo=LV&geo=LT&geo=LU&geo=HU&geo=MT&geo=NL&geo=AT&geo=PL&geo=PT&geo=RO&geo=SI&geo=SK&geo=FI&geo=SE&geo=EU27_2020&airpol=GHG&unit=THS_T&nace_r2=TOTAL&nace_r2=TOTAL_HH&sinceTimePeriod=2013,2026-10-06
env_ac_ainah_r2:TOTAL_HH,MT,2016,2377.28516,,2026-08-07T23:00:00+0200,https://ec.europa.eu/eurostat/api/dissemination/statistics/1.0/data/env_ac_ainah_r2?geo=BE&geo=BG&geo=CZ&geo=DK&geo=DE&geo=EE&geo=IE&geo=EL&geo=ES&geo=FR&geo=HR&geo=IT&geo=CY&geo=LV&geo=LT&geo=LU&geo=HU&geo=MT&geo=NL&geo=AT&geo=PL&geo=PT&geo=RO&geo=SI&geo=SK&geo=FI&geo=SE&geo=EU27_2020&airpol=GHG&unit=THS_T&nace_r2=TOTAL&nace_r2=TOTAL_HH&sinceTimePeriod=2013,2026-10-06
env_ac_ainah_r2:TOTAL_HH,MT,2017,2580.0157,,2026-08-07T23:00:00+0200,https://ec.europa.eu/eurostat/api/dissemination/statistics/1.0/data/env_ac_ainah_r2?geo=BE&geo=BG&geo=CZ&geo=DK&geo=DE&geo=EE&geo=IE&geo=EL&geo=ES&geo=FR&geo=HR&geo=IT&geo=CY&geo=LV&geo=LT&geo=LU&geo=HU&geo=MT&geo=NL&geo=AT&geo=PL&geo=PT&geo=RO&geo=SI&geo=SK&geo=FI&geo=SE&geo=EU27_2020&airpol=GHG&unit=THS_T&nace_r2=TOTAL&nace_r2=TOTAL_HH&sinceTimePeriod=2013,2026-10-06
env_ac_ainah_r2:TOTAL_HH,MT,2018,2845.00903,,2026-08-07T23:00:00+0200,https://ec.europa.eu/eurostat/api/dissemination/statistics/1.0/data/env_ac_ainah_r2?geo=BE&geo=BG&geo=CZ&geo=DK&geo=DE&geo=EE&geo=IE&geo=EL&geo=ES&geo=FR&geo=HR&geo=IT&geo=CY&geo=LV&geo=LT&geo=LU&geo=HU&geo=MT&geo=NL&geo=AT&geo=PL&geo=PT&geo=RO&geo=SI&geo=SK&geo=FI&geo=SE&geo=EU27_2020&airpol=GHG&unit=THS_T&nace_r2=TOTAL&nace_r2=TOTAL_HH&sinceTimePeriod=2013,2026-10-06
env_ac_ainah_r2:TOTAL_HH,MT,2019,3049.44071,,2026-08-07T23:00:00+0200,https://ec.europa.eu/eurostat/api/dissemination/statistics/1.0/data/env_ac_ainah_r2?geo=BE&geo=BG&geo=CZ&geo=DK&geo=DE&geo=EE&geo=IE&geo=EL&geo=ES&geo=FR&geo=HR&geo=IT&geo=CY&geo=LV&geo=LT&geo=LU&geo=HU&geo=MT&geo=NL&geo=AT&geo=PL&geo=PT&geo=RO&geo=SI&geo=SK&geo=FI&geo=SE&geo=EU27_2020&airpol=GHG&unit=THS_T&nace_r2=TOTAL&nace_r2=TOTAL_HH&sinceTimePeriod=2013,2026-10-06
env_ac_ainah_r2:TOTAL_HH,MT,2020,2754.99567,,2026-08-07T23:00:00+0200,https://ec.europa.eu/eurostat/api/dissemination/statistics/1.0/data/env_ac_ainah_r2?geo=BE&geo=BG&geo=CZ&geo=DK&geo=DE&geo=EE&geo=IE&geo=EL&geo=ES&geo=FR&geo=HR&geo=IT&geo=CY&geo=LV&geo=LT&geo=LU&geo=HU&geo=MT&geo=NL&geo=AT&geo=PL&geo=PT&geo=RO&geo=SI&geo=SK&geo=FI&geo=SE&geo=EU27_2020&airpol=GHG&unit=THS_T&nace_r2=TOTAL&nace_r2=TOTAL_HH&sinceTimePeriod=2013,2026-10-06
env_ac_ainah_r2:TOTAL_HH,MT,2021,3276.01158,,2026-08-07T23:00:00+0200,https://ec.europa.eu/eurostat/api/dissemination/statistics/1.0/data/env_ac_ainah_r2?geo=BE&geo=BG&geo=CZ&geo=DK&geo=DE&geo=EE&geo=IE&geo=EL&geo=ES&geo=FR&geo=HR&geo=IT&geo=CY&geo=LV&geo=LT&geo=LU&geo=HU&geo=MT&geo=NL&geo=AT&geo=PL&geo=PT&geo=RO&geo=SI&geo=SK&geo=FI&geo=SE&geo=EU27_2020&airpol=GHG&unit=THS_T&nace_r2=TOTAL&nace_r2=TOTAL_HH&sinceTimePeriod=2013,2026-10-06
env_ac_ainah_r2:TOTAL_HH,MT,2022,3871.22826,,2026-08-07T23:00:00+0200,https://ec.europa.eu/eurostat/api/dissemination/statistics/1.0/data/env_ac_ainah_r2?geo=BE&geo=BG&geo=CZ&geo=DK&geo=DE&geo=EE&geo=IE&geo=EL&geo=ES&geo=FR&geo=HR&geo=IT&geo=CY&geo=LV&geo=LT&geo=LU&geo=HU&geo=MT&geo=NL&geo=AT&geo=PL&geo=PT&geo=RO&geo=SI&geo=SK&geo=FI&geo=SE&geo=EU27_2020&airpol=GHG&unit=THS_T&nace_r2=TOTAL&nace_r2=TOTAL_HH&sinceTimePeriod=2013,2026-10-06
env_ac_ainah_r2:TOTAL_HH,MT,2023,5382.52527,,2026-08-07T23:00:00+0200,https://ec.europa.eu/eurostat/api/dissemination/statistics/1.0/data/env_ac_ainah_r2?geo=BE&geo=BG&geo=CZ&geo=DK&geo=DE&geo=EE&geo=IE&geo=EL&geo=ES&geo=FR&geo=HR&geo=IT&geo=CY&geo=LV&geo=LT&geo=LU&geo=HU&geo=MT&geo=NL&geo=AT&geo=PL&geo=PT&geo=RO&geo=SI&geo=SK&geo=FI&geo=SE&geo=EU27_2020&airpol=GHG&unit=THS_T&nace_r2=TOTAL&nace_r2=TOTAL_HH&sinceTimePeriod=2013,2026-10-06
env_ac_ainah_r2:TOTAL_HH,MT,2024,6951.28634,i,2026-08-07T23:00:00+0200,https://ec.europa.eu/eurostat/api/dissemination/statistics/1.0/data/env_ac_ainah_r2?geo=BE&geo=BG&geo=CZ&geo=DK&geo=DE&geo=EE&geo=IE&geo=EL&geo=ES&geo=FR&geo=HR&geo=IT&geo=CY&geo=LV&geo=LT&geo=LU&geo=HU&geo=MT&geo=NL&geo=AT&geo=PL&geo=PT&geo=RO&geo=SI&geo=SK&geo=FI&geo=SE&geo=EU27_2020&airpol=GHG&unit=THS_T&nace_r2=TOTAL&nace_r2=TOTAL_HH&sinceTimePeriod=2013,2026-10-06
env_ac_ainah_r2:TOTAL_HH,MT,2025,7020.527,i,2026-08-07T23:00:00+0200,https://ec.europa.eu/eurostat/api/dissemination/statistics/1.0/data/env_ac_ainah_r2?geo=BE&geo=BG&geo=CZ&geo=DK&geo=DE&geo=EE&geo=IE&geo=EL&geo=ES&geo=FR&geo=HR&geo=IT&geo=CY&geo=LV&geo=LT&geo=LU&geo=HU&geo=MT&geo=NL&geo=AT&geo=PL&geo=PT&geo=RO&geo=SI&geo=SK&geo=FI&geo=SE&geo=EU27_2020&airpol=GHG&unit=THS_T&nace_r2=TOTAL&nace_r2=TOTAL_HH&sinceTimePeriod=2013,2026-10-06
env_ac_ainah_r2:TOTAL_HH,NL,2013,215430.05365,,2026-08-07T23:00:00+0200,https://ec.europa.eu/eurostat/api/dissemination/statistics/1.0/data/env_ac_ainah_r2?geo=BE&geo=BG&geo=CZ&geo=DK&geo=DE&geo=EE&geo=IE&geo=EL&geo=ES&geo=FR&geo=HR&geo=IT&geo=CY&geo=LV&geo=LT&geo=LU&geo=HU&geo=MT&geo=NL&geo=AT&geo=PL&geo=PT&geo=RO&geo=SI&geo=SK&geo=FI&geo=SE&geo=EU27_2020&airpol=GHG&unit=THS_T&nace_r2=TOTAL&nace_r2=TOTAL_HH&sinceTimePeriod=2013,2026-10-06
env_ac_ainah_r2:TOTAL_HH,NL,2014,209388.33307,,2026-08-07T23:00:00+0200,https://ec.europa.eu/eurostat/api/dissemination/statistics/1.0/data/env_ac_ainah_r2?geo=BE&geo=BG&geo=CZ&geo=DK&geo=DE&geo=EE&geo=IE&geo=EL&geo=ES&geo=FR&geo=HR&geo=IT&geo=CY&geo=LV&geo=LT&geo=LU&geo=HU&geo=MT&geo=NL&geo=AT&geo=PL&geo=PT&geo=RO&geo=SI&geo=SK&geo=FI&geo=SE&geo=EU27_2020&airpol=GHG&unit=THS_T&nace_r2=TOTAL&nace_r2=TOTAL_HH&sinceTimePeriod=2013,2026-10-06
env_ac_ainah_r2:TOTAL_HH,NL,2015,216663.60715,,2026-08-07T23:00:00+0200,https://ec.europa.eu/eurostat/api/dissemination/statistics/1.0/data/env_ac_ainah_r2?geo=BE&geo=BG&geo=CZ&geo=DK&geo=DE&geo=EE&geo=IE&geo=EL&geo=ES&geo=FR&geo=HR&geo=IT&geo=CY&geo=LV&geo=LT&geo=LU&geo=HU&geo=MT&geo=NL&geo=AT&geo=PL&geo=PT&geo=RO&geo=SI&geo=SK&geo=FI&geo=SE&geo=EU27_2020&airpol=GHG&unit=THS_T&nace_r2=TOTAL&nace_r2=TOTAL_HH&sinceTimePeriod=2013,2026-10-06
env_ac_ainah_r2:TOTAL_HH,NL,2016,216716.07443,,2026-08-07T23:00:00+0200,https://ec.europa.eu/eurostat/api/dissemination/statistics/1.0/data/env_ac_ainah_r2?geo=BE&geo=BG&geo=CZ&geo=DK&geo=DE&geo=EE&geo=IE&geo=EL&geo=ES&geo=FR&geo=HR&geo=IT&geo=CY&geo=LV&geo=LT&geo=LU&geo=HU&geo=MT&geo=NL&geo=AT&geo=PL&geo=PT&geo=RO&geo=SI&geo=SK&geo=FI&geo=SE&geo=EU27_2020&airpol=GHG&unit=THS_T&nace_r2=TOTAL&nace_r2=TOTAL_HH&sinceTimePeriod=2013,2026-10-06
env_ac_ainah_r2:TOTAL_HH,NL,2017,213356.23299,,2026-08-07T23:00:00+0200,https://ec.europa.eu/eurostat/api/dissemination/statistics/1.0/data/env_ac_ainah_r2?geo=BE&geo=BG&geo=CZ&geo=DK&geo=DE&geo=EE&geo=IE&geo=EL&geo=ES&geo=FR&geo=HR&geo=IT&geo=CY&geo=LV&geo=LT&geo=LU&geo=HU&geo=MT&geo=NL&geo=AT&geo=PL&geo=PT&geo=RO&geo=SI&geo=SK&geo=FI&geo=SE&geo=EU27_2020&airpol=GHG&unit=THS_T&nace_r2=TOTAL&nace_r2=TOTAL_HH&sinceTimePeriod=2013,2026-10-06
env_ac_ainah_r2:TOTAL_HH,NL,2018,207742.99434,,2026-08-07T23:00:00+0200,https://ec.europa.eu/eurostat/api/dissemination/statistics/1.0/data/env_ac_ainah_r2?geo=BE&geo=BG&geo=CZ&geo=DK&geo=DE&geo=EE&geo=IE&geo=EL&geo=ES&geo=FR&geo=HR&geo=IT&geo=CY&geo=LV&geo=LT&geo=LU&geo=HU&geo=MT&geo=NL&geo=AT&geo=PL&geo=PT&geo=RO&geo=SI&geo=SK&geo=FI&geo=SE&geo=EU27_2020&airpol=GHG&unit=THS_T&nace_r2=TOTAL&nace_r2=TOTAL_HH&sinceTimePeriod=2013,2026-10-06
env_ac_ainah_r2:TOTAL_HH,NL,2019,203807.87097,,2026-08-07T23:00:00+0200,https://ec.europa.eu/eurostat/api/dissemination/statistics/1.0/data/env_ac_ainah_r2?geo=BE&geo=BG&geo=CZ&geo=DK&geo=DE&geo=EE&geo=IE&geo=EL&geo=ES&geo=FR&geo=HR&geo=IT&geo=CY&geo=LV&geo=LT&geo=LU&geo=HU&geo=MT&geo=NL&geo=AT&geo=PL&geo=PT&geo=RO&geo=SI&geo=SK&geo=FI&geo=SE&geo=EU27_2020&airpol=GHG&unit=THS_T&nace_r2=TOTAL&nace_r2=TOTAL_HH&sinceTimePeriod=2013,2026-10-06
env_ac_ainah_r2:TOTAL_HH,NL,2020,181785.0715,,2026-08-07T23:00:00+0200,https://ec.europa.eu/eurostat/api/dissemination/statistics/1.0/data/env_ac_ainah_r2?geo=BE&geo=BG&geo=CZ&geo=DK&geo=DE&geo=EE&geo=IE&geo=EL&geo=ES&geo=FR&geo=HR&geo=IT&geo=CY&geo=LV&geo=LT&geo=LU&geo=HU&geo=MT&geo=NL&geo=AT&geo=PL&geo=PT&geo=RO&geo=SI&geo=SK&geo=FI&geo=SE&geo=EU27_2020&airpol=GHG&unit=THS_T&nace_r2=TOTAL&nace_r2=TOTAL_HH&sinceTimePeriod=2013,2026-10-06
env_ac_ainah_r2:TOTAL_HH,NL,2021,185481.10682,,2026-08-07T23:00:00+0200,https://ec.europa.eu/eurostat/api/dissemination/statistics/1.0/data/env_ac_ainah_r2?geo=BE&geo=BG&geo=CZ&geo=DK&geo=DE&geo=EE&geo=IE&geo=EL&geo=ES&geo=FR&geo=HR&geo=IT&geo=CY&geo=LV&geo=LT&geo=LU&geo=HU&geo=MT&geo=NL&geo=AT&geo=PL&geo=PT&geo=RO&geo=SI&geo=SK&geo=FI&geo=SE&geo=EU27_2020&airpol=GHG&unit=THS_T&nace_r2=TOTAL&nace_r2=TOTAL_HH&sinceTimePeriod=2013,2026-10-06
env_ac_ainah_r2:TOTAL_HH,NL,2022,175561.94299,,2026-08-07T23:00:00+0200,https://ec.europa.eu/eurostat/api/dissemination/statistics/1.0/data/env_ac_ainah_r2?geo=BE&geo=BG&geo=CZ&geo=DK&geo=DE&geo=EE&geo=IE&geo=EL&geo=ES&geo=FR&geo=HR&geo=IT&geo=CY&geo=LV&geo=LT&geo=LU&geo=HU&geo=MT&geo=NL&geo=AT&geo=PL&geo=PT&geo=RO&geo=SI&geo=SK&geo=FI&geo=SE&geo=EU27_2020&airpol=GHG&unit=THS_T&nace_r2=TOTAL&nace_r2=TOTAL_HH&sinceTimePeriod=2013,2026-10-06
env_ac_ainah_r2:TOTAL_HH,NL,2023,165633.1186,,2026-08-07T23:00:00+0200,https://ec.europa.eu/eurostat/api/dissemination/statistics/1.0/data/env_ac_ainah_r2?geo=BE&geo=BG&geo=CZ&geo=DK&geo=DE&geo=EE&geo=IE&geo=EL&geo=ES&geo=FR&geo=HR&geo=IT&geo=CY&geo=LV&geo=LT&geo=LU&geo=HU&geo=MT&geo=NL&geo=AT&geo=PL&geo=PT&geo=RO&geo=SI&geo=SK&geo=FI&geo=SE&geo=EU27_2020&airpol=GHG&unit=THS_T&nace_r2=TOTAL&nace_r2=TOTAL_HH&sinceTimePeriod=2013,2026-10-06
env_ac_ainah_r2:TOTAL_HH,NL,2024,165515.85123,,2026-08-07T23:00:00+0200,https://ec.europa.eu/eurostat/api/dissemination/statistics/1.0/data/env_ac_ainah_r2?geo=BE&geo=BG&geo=CZ&geo=DK&geo=DE&geo=EE&geo=IE&geo=EL&geo=ES&geo=FR&geo=HR&geo=IT&geo=CY&geo=LV&geo=LT&geo=LU&geo=HU&geo=MT&geo=NL&geo=AT&geo=PL&geo=PT&geo=RO&geo=SI&geo=SK&geo=FI&geo=SE&geo=EU27_2020&airpol=GHG&unit=THS_T&nace_r2=TOTAL&nace_r2=TOTAL_HH&sinceTimePeriod=2013,2026-10-06
env_ac_ainah_r2:TOTAL_HH,NL,2025,167954.831,,2026-08-07T23:00:00+0200,https://ec.europa.eu/eurostat/api/dissemination/statistics/1.0/data/env_ac_ainah_r2?geo=BE&geo=BG&geo=CZ&geo=DK&geo=DE&geo=EE&geo=IE&geo=EL&geo=ES&geo=FR&geo=HR&geo=IT&geo=CY&geo=LV&geo=LT&geo=LU&geo=HU&geo=MT&geo=NL&geo=AT&geo=PL&geo=PT&geo=RO&geo=SI&geo=SK&geo=FI&geo=SE&geo=EU27_2020&airpol=GHG&unit=THS_T&nace_r2=TOTAL&nace_r2=TOTAL_HH&sinceTimePeriod=2013,2026-10-06
env_ac_ainah_r2:TOTAL_HH,PL,2013,400673.02006,,2026-08-07T23:00:00+0200,https://ec.europa.eu/eurostat/api/dissemination/statistics/1.0/data/env_ac_ainah_r2?geo=BE&geo=BG&geo=CZ&geo=DK&geo=DE&geo=EE&geo=IE&geo=EL&geo=ES&geo=FR&geo=HR&geo=IT&geo=CY&geo=LV&geo=LT&geo=LU&geo=HU&geo=MT&geo=NL&geo=AT&geo=PL&geo=PT&geo=RO&geo=SI&geo=SK&geo=FI&geo=SE&geo=EU27_2020&airpol=GHG&unit=THS_T&nace_r2=TOTAL&nace_r2=TOTAL_HH&sinceTimePeriod=2013,2026-10-06
env_ac_ainah_r2:TOTAL_HH,PL,2014,389127.95632,,2026-08-07T23:00:00+0200,https://ec.europa.eu/eurostat/api/dissemination/statistics/1.0/data/env_ac_ainah_r2?geo=BE&geo=BG&geo=CZ&geo=DK&geo=DE&geo=EE&geo=IE&geo=EL&geo=ES&geo=FR&geo=HR&geo=IT&geo=CY&geo=LV&geo=LT&geo=LU&geo=HU&geo=MT&geo=NL&geo=AT&geo=PL&geo=PT&geo=RO&geo=SI&geo=SK&geo=FI&geo=SE&geo=EU27_2020&airpol=GHG&unit=THS_T&nace_r2=TOTAL&nace_r2=TOTAL_HH&sinceTimePeriod=2013,2026-10-06
env_ac_ainah_r2:TOTAL_HH,PL,2015,392097.05131,,2026-08-07T23:00:00+0200,https://ec.europa.eu/eurostat/api/dissemination/statistics/1.0/data/env_ac_ainah_r2?geo=BE&geo=BG&geo=CZ&geo=DK&geo=DE&geo=EE&geo=IE&geo=EL&geo=ES&geo=FR&geo=HR&geo=IT&geo=CY&geo=LV&geo=LT&geo=LU&geo=HU&geo=MT&geo=NL&geo=AT&geo=PL&geo=PT&geo=RO&geo=SI&geo=SK&geo=FI&geo=SE&geo=EU27_2020&airpol=GHG&unit=THS_T&nace_r2=TOTAL&nace_r2=TOTAL_HH&sinceTimePeriod=2013,2026-10-06
env_ac_ainah_r2:TOTAL_HH,PL,2016,406047.00572,,2026-08-07T23:00:00+0200,https://ec.europa.eu/eurostat/api/dissemination/statistics/1.0/data/env_ac_ainah_r2?geo=BE&geo=BG&geo=CZ&geo=DK&geo=DE&geo=EE&geo=IE&geo=EL&geo=ES&geo=FR&geo=HR&geo=IT&geo=CY&geo=LV&geo=LT&geo=LU&geo=HU&geo=MT&geo=NL&geo=AT&geo=PL&geo=PT&geo=RO&geo=SI&geo=SK&geo=FI&geo=SE&geo=EU27_2020&airpol=GHG&unit=THS_T&nace_r2=TOTAL&nace_r2=TOTAL_HH&sinceTimePeriod=2013,2026-10-06
env_ac_ainah_r2:TOTAL_HH,PL,2017,424048.51022,,2026-08-07T23:00:00+0200,https://ec.europa.eu/eurostat/api/dissemination/statistics/1.0/data/env_ac_ainah_r2?geo=BE&geo=BG&geo=CZ&geo=DK&geo=DE&geo=EE&geo=IE&geo=EL&geo=ES&geo=FR&geo=HR&geo=IT&geo=CY&geo=LV&geo=LT&geo=LU&geo=HU&geo=MT&geo=NL&geo=AT&geo=PL&geo=PT&geo=RO&geo=SI&geo=SK&geo=FI&geo=SE&geo=EU27_2020&airpol=GHG&unit=THS_T&nace_r2=TOTAL&nace_r2=TOTAL_HH&sinceTimePeriod=2013,2026-10-06
env_ac_ainah_r2:TOTAL_HH,PL,2018,424602.76704,,2026-08-07T23:00:00+0200,https://ec.europa.eu/eurostat/api/dissemination/statistics/1.0/data/env_ac_ainah_r2?geo=BE&geo=BG&geo=CZ&geo=DK&geo=DE&geo=EE&geo=IE&geo=EL&geo=ES&geo=FR&geo=HR&geo=IT&geo=CY&geo=LV&geo=LT&geo=LU&geo=HU&geo=MT&geo=NL&geo=AT&geo=PL&geo=PT&geo=RO&geo=SI&geo=SK&geo=FI&geo=SE&geo=EU27_2020&airpol=GHG&unit=THS_T&nace_r2=TOTAL&nace_r2=TOTAL_HH&sinceTimePeriod=2013,2026-10-06
env_ac_ainah_r2:TOTAL_HH,PL,2019,404087.89795,,2026-08-07T23:00:00+0200,https://ec.europa.eu/eurostat/api/dissemination/statistics/1.0/data/env_ac_ainah_r2?geo=BE&geo=BG&geo=CZ&geo=DK&geo=DE&geo=EE&geo=IE&geo=EL&geo=ES&geo=FR&geo=HR&geo=IT&geo=CY&geo=LV&geo=LT&geo=LU&geo=HU&geo=MT&geo=NL&geo=AT&geo=PL&geo=PT&geo=RO&geo=SI&geo=SK&geo=FI&geo=SE&geo=EU27_2020&airpol=GHG&unit=THS_T&nace_r2=TOTAL&nace_r2=TOTAL_HH&sinceTimePeriod=2013,2026-10-06
env_ac_ainah_r2:TOTAL_HH,PL,2020,388029.75517,,2026-08-07T23:00:00+0200,https://ec.europa.eu/eurostat/api/dissemination/statistics/1.0/data/env_ac_ainah_r2?geo=BE&geo=BG&geo=CZ&geo=DK&geo=DE&geo=EE&geo=IE&geo=EL&geo=ES&geo=FR&geo=HR&geo=IT&geo=CY&geo=LV&geo=LT&geo=LU&geo=HU&geo=MT&geo=NL&geo=AT&geo=PL&geo=PT&geo=RO&geo=SI&geo=SK&geo=FI&geo=SE&geo=EU27_2020&airpol=GHG&unit=THS_T&nace_r2=TOTAL&nace_r2=TOTAL_HH&sinceTimePeriod=2013,2026-10-06
env_ac_ainah_r2:TOTAL_HH,PL,2021,419431.90787,,2026-08-07T23:00:00+0200,https://ec.europa.eu/eurostat/api/dissemination/statistics/1.0/data/env_ac_ainah_r2?geo=BE&geo=BG&geo=CZ&geo=DK&geo=DE&geo=EE&geo=IE&geo=EL&geo=ES&geo=FR&geo=HR&geo=IT&geo=CY&geo=LV&geo=LT&geo=LU&geo=HU&geo=MT&geo=NL&geo=AT&geo=PL&geo=PT&geo=RO&geo=SI&geo=SK&geo=FI&geo=SE&geo=EU27_2020&airpol=GHG&unit=THS_T&nace_r2=TOTAL&nace_r2=TOTAL_HH&sinceTimePeriod=2013,2026-10-06
env_ac_ainah_r2:TOTAL_HH,PL,2022,402524.1903,,2026-08-07T23:00:00+0200,https://ec.europa.eu/eurostat/api/dissemination/statistics/1.0/data/env_ac_ainah_r2?geo=BE&geo=BG&geo=CZ&geo=DK&geo=DE&geo=EE&geo=IE&geo=EL&geo=ES&geo=FR&geo=HR&geo=IT&geo=CY&geo=LV&geo=LT&geo=LU&geo=HU&geo=MT&geo=NL&geo=AT&geo=PL&geo=PT&geo=RO&geo=SI&geo=SK&geo=FI&geo=SE&geo=EU27_2020&airpol=GHG&unit=THS_T&nace_r2=TOTAL&nace_r2=TOTAL_HH&sinceTimePeriod=2013,2026-10-06
env_ac_ainah_r2:TOTAL_HH,PL,2023,370624.17643,,2026-08-07T23:00:00+0200,https://ec.europa.eu/eurostat/api/dissemination/statistics/1.0/data/env_ac_ainah_r2?geo=BE&geo=BG&geo=CZ&geo=DK&geo=DE&geo=EE&geo=IE&geo=EL&geo=ES&geo=FR&geo=HR&geo=IT&geo=CY&geo=LV&geo=LT&geo=LU&geo=HU&geo=MT&geo=NL&geo=AT&geo=PL&geo=PT&geo=RO&geo=SI&geo=SK&geo=FI&geo=SE&geo=EU27_2020&airpol=GHG&unit=THS_T&nace_r2=TOTAL&nace_r2=TOTAL_HH&sinceTimePeriod=2013,2026-10-06
env_ac_ainah_r2:TOTAL_HH,PL,2024,355114.42145,i,2026-08-07T23:00:00+0200,https://ec.europa.eu/eurostat/api/dissemination/statistics/1.0/data/env_ac_ainah_r2?geo=BE&geo=BG&geo=CZ&geo=DK&geo=DE&geo=EE&geo=IE&geo=EL&geo=ES&geo=FR&geo=HR&geo=IT&geo=CY&geo=LV&geo=LT&geo=LU&geo=HU&geo=MT&geo=NL&geo=AT&geo=PL&geo=PT&geo=RO&geo=SI&geo=SK&geo=FI&geo=SE&geo=EU27_2020&airpol=GHG&unit=THS_T&nace_r2=TOTAL&nace_r2=TOTAL_HH&sinceTimePeriod=2013,2026-10-06
env_ac_ainah_r2:TOTAL_HH,PL,2025,363631.992,i,2026-08-07T23:00:00+0200,https://ec.europa.eu/eurostat/api/dissemination/statistics/1.0/data/env_ac_ainah_r2?geo=BE&geo=BG&geo=CZ&geo=DK&geo=DE&geo=EE&geo=IE&geo=EL&geo=ES&geo=FR&geo=HR&geo=IT&geo=CY&geo=LV&geo=LT&geo=LU&geo=HU&geo=MT&geo=NL&geo=AT&geo=PL&geo=PT&geo=RO&geo=SI&geo=SK&geo=FI&geo=SE&geo=EU27_2020&airpol=GHG&unit=THS_T&nace_r2=TOTAL&nace_r2=TOTAL_HH&sinceTimePeriod=2013,2026-10-06
env_ac_ainah_r2:TOTAL_HH,PT,2013,66473.24341,,2026-08-07T23:00:00+0200,https://ec.europa.eu/eurostat/api/dissemination/statistics/1.0/data/env_ac_ainah_r2?geo=BE&geo=BG&geo=CZ&geo=DK&geo=DE&geo=EE&geo=IE&geo=EL&geo=ES&geo=FR&geo=HR&geo=IT&geo=CY&geo=LV&geo=LT&geo=LU&geo=HU&geo=MT&geo=NL&geo=AT&geo=PL&geo=PT&geo=RO&geo=SI&geo=SK&geo=FI&geo=SE&geo=EU27_2020&airpol=GHG&unit=THS_T&nace_r2=TOTAL&nace_r2=TOTAL_HH&sinceTimePeriod=2013,2026-10-06
env_ac_ainah_r2:TOTAL_HH,PT,2014,66316.8869,,2026-08-07T23:00:00+0200,https://ec.europa.eu/eurostat/api/dissemination/statistics/1.0/data/env_ac_ainah_r2?geo=BE&geo=BG&geo=CZ&geo=DK&geo=DE&geo=EE&geo=IE&geo=EL&geo=ES&geo=FR&geo=HR&geo=IT&geo=CY&geo=LV&geo=LT&geo=LU&geo=HU&geo=MT&geo=NL&geo=AT&geo=PL&geo=PT&geo=RO&geo=SI&geo=SK&geo=FI&geo=SE&geo=EU27_2020&airpol=GHG&unit=THS_T&nace_r2=TOTAL&nace_r2=TOTAL_HH&sinceTimePeriod=2013,2026-10-06
env_ac_ainah_r2:TOTAL_HH,PT,2015,70384.434,,2026-08-07T23:00:00+0200,https://ec.europa.eu/eurostat/api/dissemination/statistics/1.0/data/env_ac_ainah_r2?geo=BE&geo=BG&geo=CZ&geo=DK&geo=DE&geo=EE&geo=IE&geo=EL&geo=ES&geo=FR&geo=HR&geo=IT&geo=CY&geo=LV&geo=LT&geo=LU&geo=HU&geo=MT&geo=NL&geo=AT&geo=PL&geo=PT&geo=RO&geo=SI&geo=SK&geo=FI&geo=SE&geo=EU27_2020&airpol=GHG&unit=THS_T&nace_r2=TOTAL&nace_r2=TOTAL_HH&sinceTimePeriod=2013,2026-10-06
env_ac_ainah_r2:TOTAL_HH,PT,2016,68264.11669,,2026-08-07T23:00:00+0200,https://ec.europa.eu/eurostat/api/dissemination/statistics/1.0/data/env_ac_ainah_r2?geo=BE&geo=BG&geo=CZ&geo=DK&geo=DE&geo=EE&geo=IE&geo=EL&geo=ES&geo=FR&geo=HR&geo=IT&geo=CY&geo=LV&geo=LT&geo=LU&geo=HU&geo=MT&geo=NL&geo=AT&geo=PL&geo=PT&geo=RO&geo=SI&geo=SK&geo=FI&geo=SE&geo=EU27_2020&airpol=GHG&unit=THS_T&nace_r2=TOTAL&nace_r2=TOTAL_HH&sinceTimePeriod=2013,2026-10-06
env_ac_ainah_r2:TOTAL_HH,PT,2017,73591.37652,,2026-08-07T23:00:00+0200,https://ec.europa.eu/eurostat/api/dissemination/statistics/1.0/data/env_ac_ainah_r2?geo=BE&geo=BG&geo=CZ&geo=DK&geo=DE&geo=EE&geo=IE&geo=EL&geo=ES&geo=FR&geo=HR&geo=IT&geo=CY&geo=LV&geo=LT&geo=LU&geo=HU&geo=MT&geo=NL&geo=AT&geo=PL&geo=PT&geo=RO&geo=SI&geo=SK&geo=FI&geo=SE&geo=EU27_2020&airpol=GHG&unit=THS_T&nace_r2=TOTAL&nace_r2=TOTAL_HH&sinceTimePeriod=2013,2026-10-06
env_ac_ainah_r2:TOTAL_HH,PT,2018,70278.16491,,2026-08-07T23:00:00+0200,https://ec.europa.eu/eurostat/api/dissemination/statistics/1.0/data/env_ac_ainah_r2?geo=BE&geo=BG&geo=CZ&geo=DK&geo=DE&geo=EE&geo=IE&geo=EL&geo=ES&geo=FR&geo=HR&geo=IT&geo=CY&geo=LV&geo=LT&geo=LU&geo=HU&geo=MT&geo=NL&geo=AT&geo=PL&geo=PT&geo=RO&geo=SI&geo=SK&geo=FI&geo=SE&geo=EU27_2020&airpol=GHG&unit=THS_T&nace_r2=TOTAL&nace_r2=TOTAL_HH&sinceTimePeriod=2013,2026-10-06
env_ac_ainah_r2:TOTAL_HH,PT,2019,67114.44938,,2026-08-07T23:00:00+0200,https://ec.europa.eu/eurostat/api/dissemination/statistics/1.0/data/env_ac_ainah_r2?geo=BE&geo=BG&geo=CZ&geo=DK&geo=DE&geo=EE&geo=IE&geo=EL&geo=ES&geo=FR&geo=HR&geo=IT&geo=CY&geo=LV&geo=LT&geo=LU&geo=HU&geo=MT&geo=NL&geo=AT&geo=PL&geo=PT&geo=RO&geo=SI&geo=SK&geo=FI&geo=SE&geo=EU27_2020&airpol=GHG&unit=THS_T&nace_r2=TOTAL&nace_r2=TOTAL_HH&sinceTimePeriod=2013,2026-10-06
env_ac_ainah_r2:TOTAL_HH,PT,2020,58751.83046,,2026-08-07T23:00:00+0200,https://ec.europa.eu/eurostat/api/dissemination/statistics/1.0/data/env_ac_ainah_r2?geo=BE&geo=BG&geo=CZ&geo=DK&geo=DE&geo=EE&geo=IE&geo=EL&geo=ES&geo=FR&geo=HR&geo=IT&geo=CY&geo=LV&geo=LT&geo=LU&geo=HU&geo=MT&geo=NL&geo=AT&geo=PL&geo=PT&geo=RO&geo=SI&geo=SK&geo=FI&geo=SE&geo=EU27_2020&airpol=GHG&unit=THS_T&nace_r2=TOTAL&nace_r2=TOTAL_HH&sinceTimePeriod=2013,2026-10-06
env_ac_ainah_r2:TOTAL_HH,PT,2021,58190.138,,2026-08-07T23:00:00+0200,https://ec.europa.eu/eurostat/api/dissemination/statistics/1.0/data/env_ac_ainah_r2?geo=BE&geo=BG&geo=CZ&geo=DK&geo=DE&geo=EE&geo=IE&geo=EL&geo=ES&geo=FR&geo=HR&geo=IT&geo=CY&geo=LV&geo=LT&geo=LU&geo=HU&geo=MT&geo=NL&geo=AT&geo=PL&geo=PT&geo=RO&geo=SI&geo=SK&geo=FI&geo=SE&geo=EU27_2020&airpol=GHG&unit=THS_T&nace_r2=TOTAL&nace_r2=TOTAL_HH&sinceTimePeriod=2013,2026-10-06
env_ac_ainah_r2:TOTAL_HH,PT,2022,57898.63491,,2026-08-07T23:00:00+0200,https://ec.europa.eu/eurostat/api/dissemination/statistics/1.0/data/env_ac_ainah_r2?geo=BE&geo=BG&geo=CZ&geo=DK&geo=DE&geo=EE&geo=IE&geo=EL&geo=ES&geo=FR&geo=HR&geo=IT&geo=CY&geo=LV&geo=LT&geo=LU&geo=HU&geo=MT&geo=NL&geo=AT&geo=PL&geo=PT&geo=RO&geo=SI&geo=SK&geo=FI&geo=SE&geo=EU27_2020&airpol=GHG&unit=THS_T&nace_r2=TOTAL&nace_r2=TOTAL_HH&sinceTimePeriod=2013,2026-10-06
env_ac_ainah_r2:TOTAL_HH,PT,2023,52725.74853,,2026-08-07T23:00:00+0200,https://ec.europa.eu/eurostat/api/dissemination/statistics/1.0/data/env_ac_ainah_r2?geo=BE&geo=BG&geo=CZ&geo=DK&geo=DE&geo=EE&geo=IE&geo=EL&geo=ES&geo=FR&geo=HR&geo=IT&geo=CY&geo=LV&geo=LT&geo=LU&geo=HU&geo=MT&geo=NL&geo=AT&geo=PL&geo=PT&geo=RO&geo=SI&geo=SK&geo=FI&geo=SE&geo=EU27_2020&airpol=GHG&unit=THS_T&nace_r2=TOTAL&nace_r2=TOTAL_HH&sinceTimePeriod=2013,2026-10-06
env_ac_ainah_r2:TOTAL_HH,PT,2024,51185.90599,i,2026-08-07T23:00:00+0200,https://ec.europa.eu/eurostat/api/dissemination/statistics/1.0/data/env_ac_ainah_r2?geo=BE&geo=BG&geo=CZ&geo=DK&geo=DE&geo=EE&geo=IE&geo=EL&geo=ES&geo=FR&geo=HR&geo=IT&geo=CY&geo=LV&geo=LT&geo=LU&geo=HU&geo=MT&geo=NL&geo=AT&geo=PL&geo=PT&geo=RO&geo=SI&geo=SK&geo=FI&geo=SE&geo=EU27_2020&airpol=GHG&unit=THS_T&nace_r2=TOTAL&nace_r2=TOTAL_HH&sinceTimePeriod=2013,2026-10-06
env_ac_ainah_r2:TOTAL_HH,PT,2025,53155.447,i,2026-08-07T23:00:00+0200,https://ec.europa.eu/eurostat/api/dissemination/statistics/1.0/data/env_ac_ainah_r2?geo=BE&geo=BG&geo=CZ&geo=DK&geo=DE&geo=EE&geo=IE&geo=EL&geo=ES&geo=FR&geo=HR&geo=IT&geo=CY&geo=LV&geo=LT&geo=LU&geo=HU&geo=MT&geo=NL&geo=AT&geo=PL&geo=PT&geo=RO&geo=SI&geo=SK&geo=FI&geo=SE&geo=EU27_2020&airpol=GHG&unit=THS_T&nace_r2=TOTAL&nace_r2=TOTAL_HH&sinceTimePeriod=2013,2026-10-06
env_ac_ainah_r2:TOTAL_HH,RO,2013,119279.63613,,2026-08-07T23:00:00+0200,https://ec.europa.eu/eurostat/api/dissemination/statistics/1.0/data/env_ac_ainah_r2?geo=BE&geo=BG&geo=CZ&geo=DK&geo=DE&geo=EE&geo=IE&geo=EL&geo=ES&geo=FR&geo=HR&geo=IT&geo=CY&geo=LV&geo=LT&geo=LU&geo=HU&geo=MT&geo=NL&geo=AT&geo=PL&geo=PT&geo=RO&geo=SI&geo=SK&geo=FI&geo=SE&geo=EU27_2020&airpol=GHG&unit=THS_T&nace_r2=TOTAL&nace_r2=TOTAL_HH&sinceTimePeriod=2013,2026-10-06
env_ac_ainah_r2:TOTAL_HH,RO,2014,119643.15945,,2026-08-07T23:00:00+0200,https://ec.europa.eu/eurostat/api/dissemination/statistics/1.0/data/env_ac_ainah_r2?geo=BE&geo=BG&geo=CZ&geo=DK&geo=DE&geo=EE&geo=IE&geo=EL&geo=ES&geo=FR&geo=HR&geo=IT&geo=CY&geo=LV&geo=LT&geo=LU&geo=HU&geo=MT&geo=NL&geo=AT&geo=PL&geo=PT&geo=RO&geo=SI&geo=SK&geo=FI&geo=SE&geo=EU27_2020&airpol=GHG&unit=THS_T&nace_r2=TOTAL&nace_r2=TOTAL_HH&sinceTimePeriod=2013,2026-10-06
env_ac_ainah_r2:TOTAL_HH,RO,2015,118548.63522,,2026-08-07T23:00:00+0200,https://ec.europa.eu/eurostat/api/dissemination/statistics/1.0/data/env_ac_ainah_r2?geo=BE&geo=BG&geo=CZ&geo=DK&geo=DE&geo=EE&geo=IE&geo=EL&geo=ES&geo=FR&geo=HR&geo=IT&geo=CY&geo=LV&geo=LT&geo=LU&geo=HU&geo=MT&geo=NL&geo=AT&geo=PL&geo=PT&geo=RO&geo=SI&geo=SK&geo=FI&geo=SE&geo=EU27_2020&airpol=GHG&unit=THS_T&nace_r2=TOTAL&nace_r2=TOTAL_HH&sinceTimePeriod=2013,2026-10-06
env_ac_ainah_r2:TOTAL_HH,RO,2016,117074.17411,,2026-08-07T23:00:00+0200,https://ec.europa.eu/eurostat/api/dissemination/statistics/1.0/data/env_ac_ainah_r2?geo=BE&geo=BG&geo=CZ&geo=DK&geo=DE&geo=EE&geo=IE&geo=EL&geo=ES&geo=FR&geo=HR&geo=IT&geo=CY&geo=LV&geo=LT&geo=LU&geo=HU&geo=MT&geo=NL&geo=AT&geo=PL&geo=PT&geo=RO&geo=SI&geo=SK&geo=FI&geo=SE&geo=EU27_2020&airpol=GHG&unit=THS_T&nace_r2=TOTAL&nace_r2=TOTAL_HH&sinceTimePeriod=2013,2026-10-06
env_ac_ainah_r2:TOTAL_HH,RO,2017,120386.52596,,2026-08-07T23:00:00+0200,https://ec.europa.eu/eurostat/api/dissemination/statistics/1.0/data/env_ac_ainah_r2?geo=BE&geo=BG&geo=CZ&geo=DK&geo=DE&geo=EE&geo=IE&geo=EL&geo=ES&geo=FR&geo=HR&geo=IT&geo=CY&geo=LV&geo=LT&geo=LU&geo=HU&geo=MT&geo=NL&geo=AT&geo=PL&geo=PT&geo=RO&geo=SI&geo=SK&geo=FI&geo=SE&geo=EU27_2020&airpol=GHG&unit=THS_T&nace_r2=TOTAL&nace_r2=TOTAL_HH&sinceTimePeriod=2013,2026-10-06
env_ac_ainah_r2:TOTAL_HH,RO,2018,121111.0594,,2026-08-07T23:00:00+0200,https://ec.europa.eu/eurostat/api/dissemination/statistics/1.0/data/env_ac_ainah_r2?geo=BE&geo=BG&geo=CZ&geo=DK&geo=DE&geo=EE&geo=IE&geo=EL&geo=ES&geo=FR&geo=HR&geo=IT&geo=CY&geo=LV&geo=LT&geo=LU&geo=HU&geo=MT&geo=NL&geo=AT&geo=PL&geo=PT&geo=RO&geo=SI&geo=SK&geo=FI&geo=SE&geo=EU27_2020&airpol=GHG&unit=THS_T&nace_r2=TOTAL&nace_r2=TOTAL_HH&sinceTimePeriod=2013,2026-10-06
env_ac_ainah_r2:TOTAL_HH,RO,2019,117959.41752,,2026-08-07T23:00:00+0200,https://ec.europa.eu/eurostat/api/dissemination/statistics/1.0/data/env_ac_ainah_r2?geo=BE&geo=BG&geo=CZ&geo=DK&geo=DE&geo=EE&geo=IE&geo=EL&geo=ES&geo=FR&geo=HR&geo=IT&geo=CY&geo=LV&geo=LT&geo=LU&geo=HU&geo=MT&geo=NL&geo=AT&geo=PL&geo=PT&geo=RO&geo=SI&geo=SK&geo=FI&geo=SE&geo=EU27_2020&airpol=GHG&unit=THS_T&nace_r2=TOTAL&nace_r2=TOTAL_HH&sinceTimePeriod=2013,2026-10-06
env_ac_ainah_r2:TOTAL_HH,RO,2020,113649.4164,,2026-08-07T23:00:00+0200,https://ec.europa.eu/eurostat/api/dissemination/statistics/1.0/data/env_ac_ainah_r2?geo=BE&geo=BG&geo=CZ&geo=DK&geo=DE&geo=EE&geo=IE&geo=EL&geo=ES&geo=FR&geo=HR&geo=IT&geo=CY&geo=LV&geo=LT&geo=LU&geo=HU&geo=MT&geo=NL&geo=AT&geo=PL&geo=PT&geo=RO&geo=SI&geo=SK&geo=FI&geo=SE&geo=EU27_2020&airpol=GHG&unit=THS_T&nace_r2=TOTAL&nace_r2=TOTAL_HH&sinceTimePeriod=2013,2026-10-06
env_ac_ainah_r2:TOTAL_HH,RO,2021,117616.89896,,2026-08-07T23:00:00+0200,https://ec.europa.eu/eurostat/api/dissemination/statistics/1.0/data/env_ac_ainah_r2?geo=BE&geo=BG&geo=CZ&geo=DK&geo=DE&geo=EE&geo=IE&geo=EL&geo=ES&geo=FR&geo=HR&geo=IT&geo=CY&geo=LV&geo=LT&geo=LU&geo=HU&geo=MT&geo=NL&geo=AT&geo=PL&geo=PT&geo=RO&geo=SI&geo=SK&geo=FI&geo=SE&geo=EU27_2020&airpol=GHG&unit=THS_T&nace_r2=TOTAL&nace_r2=TOTAL_HH&sinceTimePeriod=2013,2026-10-06
env_ac_ainah_r2:TOTAL_HH,RO,2022,112045.84778,,2026-08-07T23:00:00+0200,https://ec.europa.eu/eurostat/api/dissemination/statistics/1.0/data/env_ac_ainah_r2?geo=BE&geo=BG&geo=CZ&geo=DK&geo=DE&geo=EE&geo=IE&geo=EL&geo=ES&geo=FR&geo=HR&geo=IT&geo=CY&geo=LV&geo=LT&geo=LU&geo=HU&geo=MT&geo=NL&geo=AT&geo=PL&geo=PT&geo=RO&geo=SI&geo=SK&geo=FI&geo=SE&geo=EU27_2020&airpol=GHG&unit=THS_T&nace_r2=TOTAL&nace_r2=TOTAL_HH&sinceTimePeriod=2013,2026-10-06
env_ac_ainah_r2:TOTAL_HH,RO,2023,106303.3756,,2026-08-07T23:00:00+0200,https://ec.europa.eu/eurostat/api/dissemination/statistics/1.0/data/env_ac_ainah_r2?geo=BE&geo=BG&geo=CZ&geo=DK&geo=DE&geo=EE&geo=IE&geo=EL&geo=ES&geo=FR&geo=HR&geo=IT&geo=CY&geo=LV&geo=LT&geo=LU&geo=HU&geo=MT&geo=NL&geo=AT&geo=PL&geo=PT&geo=RO&geo=SI&geo=SK&geo=FI&geo=SE&geo=EU27_2020&airpol=GHG&unit=THS_T&nace_r2=TOTAL&nace_r2=TOTAL_HH&sinceTimePeriod=2013,2026-10-06
env_ac_ainah_r2:TOTAL_HH,RO,2024,121442.31311,i,2026-08-07T23:00:00+0200,https://ec.europa.eu/eurostat/api/dissemination/statistics/1.0/data/env_ac_ainah_r2?geo=BE&geo=BG&geo=CZ&geo=DK&geo=DE&geo=EE&geo=IE&geo=EL&geo=ES&geo=FR&geo=HR&geo=IT&geo=CY&geo=LV&geo=LT&geo=LU&geo=HU&geo=MT&geo=NL&geo=AT&geo=PL&geo=PT&geo=RO&geo=SI&geo=SK&geo=FI&geo=SE&geo=EU27_2020&airpol=GHG&unit=THS_T&nace_r2=TOTAL&nace_r2=TOTAL_HH&sinceTimePeriod=2013,2026-10-06
env_ac_ainah_r2:TOTAL_HH,RO,2025,125218.991,i,2026-08-07T23:00:00+0200,https://ec.europa.eu/eurostat/api/dissemination/statistics/1.0/data/env_ac_ainah_r2?geo=BE&geo=BG&geo=CZ&geo=DK&geo=DE&geo=EE&geo=IE&geo=EL&geo=ES&geo=FR&geo=HR&geo=IT&geo=CY&geo=LV&geo=LT&geo=LU&geo=HU&geo=MT&geo=NL&geo=AT&geo=PL&geo=PT&geo=RO&geo=SI&geo=SK&geo=FI&geo=SE&geo=EU27_2020&airpol=GHG&unit=THS_T&nace_r2=TOTAL&nace_r2=TOTAL_HH&sinceTimePeriod=2013,2026-10-06
env_ac_ainah_r2:TOTAL_HH,SE,2013,57780.67281,,2026-08-07T23:00:00+0200,https://ec.europa.eu/eurostat/api/dissemination/statistics/1.0/data/env_ac_ainah_r2?geo=BE&geo=BG&geo=CZ&geo=DK&geo=DE&geo=EE&geo=IE&geo=EL&geo=ES&geo=FR&geo=HR&geo=IT&geo=CY&geo=LV&geo=LT&geo=LU&geo=HU&geo=MT&geo=NL&geo=AT&geo=PL&geo=PT&geo=RO&geo=SI&geo=SK&geo=FI&geo=SE&geo=EU27_2020&airpol=GHG&unit=THS_T&nace_r2=TOTAL&nace_r2=TOTAL_HH&sinceTimePeriod=2013,2026-10-06
env_ac_ainah_r2:TOTAL_HH,SE,2014,56219.74479,,2026-08-07T23:00:00+0200,https://ec.europa.eu/eurostat/api/dissemination/statistics/1.0/data/env_ac_ainah_r2?geo=BE&geo=BG&geo=CZ&geo=DK&geo=DE&geo=EE&geo=IE&geo=EL&geo=ES&geo=FR&geo=HR&geo=IT&geo=CY&geo=LV&geo=LT&geo=LU&geo=HU&geo=MT&geo=NL&geo=AT&geo=PL&geo=PT&geo=RO&geo=SI&geo=SK&geo=FI&geo=SE&geo=EU27_2020&airpol=GHG&unit=THS_T&nace_r2=TOTAL&nace_r2=TOTAL_HH&sinceTimePeriod=2013,2026-10-06
env_ac_ainah_r2:TOTAL_HH,SE,2015,56870.92068,,2026-08-07T23:00:00+0200,https://ec.europa.eu/eurostat/api/dissemination/statistics/1.0/data/env_ac_ainah_r2?geo=BE&geo=BG&geo=CZ&geo=DK&geo=DE&geo=EE&geo=IE&geo=EL&geo=ES&geo=FR&geo=HR&geo=IT&geo=CY&geo=LV&geo=LT&geo=LU&geo=HU&geo=MT&geo=NL&geo=AT&geo=PL&geo=PT&geo=RO&geo=SI&geo=SK&geo=FI&geo=SE&geo=EU27_2020&airpol=GHG&unit=THS_T&nace_r2=TOTAL&nace_r2=TOTAL_HH&sinceTimePeriod=2013,2026-10-06
env_ac_ainah_r2:TOTAL_HH,SE,2016,57817.27761,,2026-08-07T23:00:00+0200,https://ec.europa.eu/eurostat/api/dissemination/statistics/1.0/data/env_ac_ainah_r2?geo=BE&geo=BG&geo=CZ&geo=DK&geo=DE&geo=EE&geo=IE&geo=EL&geo=ES&geo=FR&geo=HR&geo=IT&geo=CY&geo=LV&geo=LT&geo=LU&geo=HU&geo=MT&geo=NL&geo=AT&geo=PL&geo=PT&geo=RO&geo=SI&geo=SK&geo=FI&geo=SE&geo=EU27_2020&airpol=GHG&unit=THS_T&nace_r2=TOTAL&nace_r2=TOTAL_HH&sinceTimePeriod=2013,2026-10-06
env_ac_ainah_r2:TOTAL_HH,SE,2017,56470.7555,,2026-08-07T23:00:00+0200,https://ec.europa.eu/eurostat/api/dissemination/statistics/1.0/data/env_ac_ainah_r2?geo=BE&geo=BG&geo=CZ&geo=DK&geo=DE&geo=EE&geo=IE&geo=EL&geo=ES&geo=FR&geo=HR&geo=IT&geo=CY&geo=LV&geo=LT&geo=LU&geo=HU&geo=MT&geo=NL&geo=AT&geo=PL&geo=PT&geo=RO&geo=SI&geo=SK&geo=FI&geo=SE&geo=EU27_2020&airpol=GHG&unit=THS_T&nace_r2=TOTAL&nace_r2=TOTAL_HH&sinceTimePeriod=2013,2026-10-06
env_ac_ainah_r2:TOTAL_HH,SE,2018,55463.31882,,2026-08-07T23:00:00+0200,https://ec.europa.eu/eurostat/api/dissemination/statistics/1.0/data/env_ac_ainah_r2?geo=BE&geo=BG&geo=CZ&geo=DK&geo=DE&geo=EE&geo=IE&geo=EL&geo=ES&geo=FR&geo=HR&geo=IT&geo=CY&geo=LV&geo=LT&geo=LU&geo=HU&geo=MT&geo=NL&geo=AT&geo=PL&geo=PT&geo=RO&geo=SI&geo=SK&geo=FI&geo=SE&geo=EU27_2020&airpol=GHG&unit=THS_T&nace_r2=TOTAL&nace_r2=TOTAL_HH&sinceTimePeriod=2013,2026-10-06
env_ac_ainah_r2:TOTAL_HH,SE,2019,54189.41779,,2026-08-07T23:00:00+0200,https://ec.europa.eu/eurostat/api/dissemination/statistics/1.0/data/env_ac_ainah_r2?geo=BE&geo=BG&geo=CZ&geo=DK&geo=DE&geo=EE&geo=IE&geo=EL&geo=ES&geo=FR&geo=HR&geo=IT&geo=CY&geo=LV&geo=LT&geo=LU&geo=HU&geo=MT&geo=NL&geo=AT&geo=PL&geo=PT&geo=RO&geo=SI&geo=SK&geo=FI&geo=SE&geo=EU27_2020&airpol=GHG&unit=THS_T&nace_r2=TOTAL&nace_r2=TOTAL_HH&sinceTimePeriod=2013,2026-10-06
env_ac_ainah_r2:TOTAL_HH,SE,2020,48660.31615,,2026-08-07T23:00:00+0200,https://ec.europa.eu/eurostat/api/dissemination/statistics/1.0/data/env_ac_ainah_r2?geo=BE&geo=BG&geo=CZ&geo=DK&geo=DE&geo=EE&geo=IE&geo=EL&geo=ES&geo=FR&geo=HR&geo=IT&geo=CY&geo=LV&geo=LT&geo=LU&geo=HU&geo=MT&geo=NL&geo=AT&geo=PL&geo=PT&geo=RO&geo=SI&geo=SK&geo=FI&geo=SE&geo=EU27_2020&airpol=GHG&unit=THS_T&nace_r2=TOTAL&nace_r2=TOTAL_HH&sinceTimePeriod=2013,2026-10-06
env_ac_ainah_r2:TOTAL_HH,SE,2021,50681.9587,,2026-08-07T23:00:00+0200,https://ec.europa.eu/eurostat/api/dissemination/statistics/1.0/data/env_ac_ainah_r2?geo=BE&geo=BG&geo=CZ&geo=DK&geo=DE&geo=EE&geo=IE&geo=EL&geo=ES&geo=FR&geo=HR&geo=IT&geo=CY&geo=LV&geo=LT&geo=LU&geo=HU&geo=MT&geo=NL&geo=AT&geo=PL&geo=PT&geo=RO&geo=SI&geo=SK&geo=FI&geo=SE&geo=EU27_2020&airpol=GHG&unit=THS_T&nace_r2=TOTAL&nace_r2=TOTAL_HH&sinceTimePeriod=2013,2026-10-06
env_ac_ainah_r2:TOTAL_HH,SE,2022,49492.39685,,2026-08-07T23:00:00+0200,https://ec.europa.eu/eurostat/api/dissemination/statistics/1.0/data/env_ac_ainah_r2?geo=BE&geo=BG&geo=CZ&geo=DK&geo=DE&geo=EE&geo=IE&geo=EL&geo=ES&geo=FR&geo=HR&geo=IT&geo=CY&geo=LV&geo=LT&geo=LU&geo=HU&geo=MT&geo=NL&geo=AT&geo=PL&geo=PT&geo=RO&geo=SI&geo=SK&geo=FI&geo=SE&geo=EU27_2020&airpol=GHG&unit=THS_T&nace_r2=TOTAL&nace_r2=TOTAL_HH&sinceTimePeriod=2013,2026-10-06
env_ac_ainah_r2:TOTAL_HH,SE,2023,48754.01064,,2026-08-07T23:00:00+0200,https://ec.europa.eu/eurostat/api/dissemination/statistics/1.0/data/env_ac_ainah_r2?geo=BE&geo=BG&geo=CZ&geo=DK&geo=DE&geo=EE&geo=IE&geo=EL&geo=ES&geo=FR&geo=HR&geo=IT&geo=CY&geo=LV&geo=LT&geo=LU&geo=HU&geo=MT&geo=NL&geo=AT&geo=PL&geo=PT&geo=RO&geo=SI&geo=SK&geo=FI&geo=SE&geo=EU27_2020&airpol=GHG&unit=THS_T&nace_r2=TOTAL&nace_r2=TOTAL_HH&sinceTimePeriod=2013,2026-10-06
env_ac_ainah_r2:TOTAL_HH,SE,2024,51710.33767,,2026-08-07T23:00:00+0200,https://ec.europa.eu/eurostat/api/dissemination/statistics/1.0/data/env_ac_ainah_r2?geo=BE&geo=BG&geo=CZ&geo=DK&geo=DE&geo=EE&geo=IE&geo=EL&geo=ES&geo=FR&geo=HR&geo=IT&geo=CY&geo=LV&geo=LT&geo=LU&geo=HU&geo=MT&geo=NL&geo=AT&geo=PL&geo=PT&geo=RO&geo=SI&geo=SK&geo=FI&geo=SE&geo=EU27_2020&airpol=GHG&unit=THS_T&nace_r2=TOTAL&nace_r2=TOTAL_HH&sinceTimePeriod=2013,2026-10-06
env_ac_ainah_r2:TOTAL_HH,SE,2025,50997.711,i,2026-08-07T23:00:00+0200,https://ec.europa.eu/eurostat/api/dissemination/statistics/1.0/data/env_ac_ainah_r2?geo=BE&geo=BG&geo=CZ&geo=DK&geo=DE&geo=EE&geo=IE&geo=EL&geo=ES&geo=FR&geo=HR&geo=IT&geo=CY&geo=LV&geo=LT&geo=LU&geo=HU&geo=MT&geo=NL&geo=AT&geo=PL&geo=PT&geo=RO&geo=SI&geo=SK&geo=FI&geo=SE&geo=EU27_2020&airpol=GHG&unit=THS_T&nace_r2=TOTAL&nace_r2=TOTAL_HH&sinceTimePeriod=2013,2026-10-06
env_ac_ainah_r2:TOTAL_HH,SI,2013,17102.80289,,2026-08-07T23:00:00+0200,https://ec.europa.eu/eurostat/api/dissemination/statistics/1.0/data/env_ac_ainah_r2?geo=BE&geo=BG&geo=CZ&geo=DK&geo=DE&geo=EE&geo=IE&geo=EL&geo=ES&geo=FR&geo=HR&geo=IT&geo=CY&geo=LV&geo=LT&geo=LU&geo=HU&geo=MT&geo=NL&geo=AT&geo=PL&geo=PT&geo=RO&geo=SI&geo=SK&geo=FI&geo=SE&geo=EU27_2020&airpol=GHG&unit=THS_T&nace_r2=TOTAL&nace_r2=TOTAL_HH&sinceTimePeriod=2013,2026-10-06
env_ac_ainah_r2:TOTAL_HH,SI,2014,15522.79336,,2026-08-07T23:00:00+0200,https://ec.europa.eu/eurostat/api/dissemination/statistics/1.0/data/env_ac_ainah_r2?geo=BE&geo=BG&geo=CZ&geo=DK&geo=DE&geo=EE&geo=IE&geo=EL&geo=ES&geo=FR&geo=HR&geo=IT&geo=CY&geo=LV&geo=LT&geo=LU&geo=HU&geo=MT&geo=NL&geo=AT&geo=PL&geo=PT&geo=RO&geo=SI&geo=SK&geo=FI&geo=SE&geo=EU27_2020&airpol=GHG&unit=THS_T&nace_r2=TOTAL&nace_r2=TOTAL_HH&sinceTimePeriod=2013,2026-10-06
env_ac_ainah_r2:TOTAL_HH,SI,2015,16131.8326,,2026-08-07T23:00:00+0200,https://ec.europa.eu/eurostat/api/dissemination/statistics/1.0/data/env_ac_ainah_r2?geo=BE&geo=BG&geo=CZ&geo=DK&geo=DE&geo=EE&geo=IE&geo=EL&geo=ES&geo=FR&geo=HR&geo=IT&geo=CY&geo=LV&geo=LT&geo=LU&geo=HU&geo=MT&geo=NL&geo=AT&geo=PL&geo=PT&geo=RO&geo=SI&geo=SK&geo=FI&geo=SE&geo=EU27_2020&airpol=GHG&unit=THS_T&nace_r2=TOTAL&nace_r2=TOTAL_HH&sinceTimePeriod=2013,2026-10-06
env_ac_ainah_r2:TOTAL_HH,SI,2016,16926.77335,,2026-08-07T23:00:00+0200,https://ec.europa.eu/eurostat/api/dissemination/statistics/1.0/data/env_ac_ainah_r2?geo=BE&geo=BG&geo=CZ&geo=DK&geo=DE&geo=EE&geo=IE&geo=EL&geo=ES&geo=FR&geo=HR&geo=IT&geo=CY&geo=LV&geo=LT&geo=LU&geo=HU&geo=MT&geo=NL&geo=AT&geo=PL&geo=PT&geo=RO&geo=SI&geo=SK&geo=FI&geo=SE&geo=EU27_2020&airpol=GHG&unit=THS_T&nace_r2=TOTAL&nace_r2=TOTAL_HH&sinceTimePeriod=2013,2026-10-06
env_ac_ainah_r2:TOTAL_HH,SI,2017,17049.05104,,2026-08-07T23:00:00+0200,https://ec.europa.eu/eurostat/api/dissemination/statistics/1.0/data/env_ac_ainah_r2?geo=BE&geo=BG&geo=CZ&geo=DK&geo=DE&geo=EE&geo=IE&geo=EL&geo=ES&geo=FR&geo=HR&geo=IT&geo=CY&geo=LV&geo=LT&geo=LU&geo=HU&geo=MT&geo=NL&geo=AT&geo=PL&geo=PT&geo=RO&geo=SI&geo=SK&geo=FI&geo=SE&geo=EU27_2020&airpol=GHG&unit=THS_T&nace_r2=TOTAL&nace_r2=TOTAL_HH&sinceTimePeriod=2013,2026-10-06
env_ac_ainah_r2:TOTAL_HH,SI,2018,17083.67846,,2026-08-07T23:00:00+0200,https://ec.europa.eu/eurostat/api/dissemination/statistics/1.0/data/env_ac_ainah_r2?geo=BE&geo=BG&geo=CZ&geo=DK&geo=DE&geo=EE&geo=IE&geo=EL&geo=ES&geo=FR&geo=HR&geo=IT&geo=CY&geo=LV&geo=LT&geo=LU&geo=HU&geo=MT&geo=NL&geo=AT&geo=PL&geo=PT&geo=RO&geo=SI&geo=SK&geo=FI&geo=SE&geo=EU27_2020&airpol=GHG&unit=THS_T&nace_r2=TOTAL&nace_r2=TOTAL_HH&sinceTimePeriod=2013,2026-10-06
env_ac_ainah_r2:TOTAL_HH,SI,2019,16860.22271,,2026-08-07T23:00:00+0200,https://ec.europa.eu/eurostat/api/dissemination/statistics/1.0/data/env_ac_ainah_r2?geo=BE&geo=BG&geo=CZ&geo=DK&geo=DE&geo=EE&geo=IE&geo=EL&geo=ES&geo=FR&geo=HR&geo=IT&geo=CY&geo=LV&geo=LT&geo=LU&geo=HU&geo=MT&geo=NL&geo=AT&geo=PL&geo=PT&geo=RO&geo=SI&geo=SK&geo=FI&geo=SE&geo=EU27_2020&airpol=GHG&unit=THS_T&nace_r2=TOTAL&nace_r2=TOTAL_HH&sinceTimePeriod=2013,2026-10-06
env_ac_ainah_r2:TOTAL_HH,SI,2020,15819.94414,,2026-08-07T23:00:00+0200,https://ec.europa.eu/eurostat/api/dissemination/statistics/1.0/data/env_ac_ainah_r2?geo=BE&geo=BG&geo=CZ&geo=DK&geo=DE&geo=EE&geo=IE&geo=EL&geo=ES&geo=FR&geo=HR&geo=IT&geo=CY&geo=LV&geo=LT&geo=LU&geo=HU&geo=MT&geo=NL&geo=AT&geo=PL&geo=PT&geo=RO&geo=SI&geo=SK&geo=FI&geo=SE&geo=EU27_2020&airpol=GHG&unit=THS_T&nace_r2=TOTAL&nace_r2=TOTAL_HH&sinceTimePeriod=2013,2026-10-06
env_ac_ainah_r2:TOTAL_HH,SI,2021,15687.66101,,2026-08-07T23:00:00+0200,https://ec.europa.eu/eurostat/api/dissemination/statistics/1.0/data/env_ac_ainah_r2?geo=BE&geo=BG&geo=CZ&geo=DK&geo=DE&geo=EE&geo=IE&geo=EL&geo=ES&geo=FR&geo=HR&geo=IT&geo=CY&geo=LV&geo=LT&geo=LU&geo=HU&geo=MT&geo=NL&geo=AT&geo=PL&geo=PT&geo=RO&geo=SI&geo=SK&geo=FI&geo=SE&geo=EU27_2020&airpol=GHG&unit=THS_T&nace_r2=TOTAL&nace_r2=TOTAL_HH&sinceTimePeriod=2013,2026-10-06
env_ac_ainah_r2:TOTAL_HH,SI,2022,14832.40472,,2026-08-07T23:00:00+0200,https://ec.europa.eu/eurostat/api/dissemination/statistics/1.0/data/env_ac_ainah_r2?geo=BE&geo=BG&geo=CZ&geo=DK&geo=DE&geo=EE&geo=IE&geo=EL&geo=ES&geo=FR&geo=HR&geo=IT&geo=CY&geo=LV&geo=LT&geo=LU&geo=HU&geo=MT&geo=NL&geo=AT&geo=PL&geo=PT&geo=RO&geo=SI&geo=SK&geo=FI&geo=SE&geo=EU27_2020&airpol=GHG&unit=THS_T&nace_r2=TOTAL&nace_r2=TOTAL_HH&sinceTimePeriod=2013,2026-10-06
env_ac_ainah_r2:TOTAL_HH,SI,2023,14513.7267,,2026-08-07T23:00:00+0200,https://ec.europa.eu/eurostat/api/dissemination/statistics/1.0/data/env_ac_ainah_r2?geo=BE&geo=BG&geo=CZ&geo=DK&geo=DE&geo=EE&geo=IE&geo=EL&geo=ES&geo=FR&geo=HR&geo=IT&geo=CY&geo=LV&geo=LT&geo=LU&geo=HU&geo=MT&geo=NL&geo=AT&geo=PL&geo=PT&geo=RO&geo=SI&geo=SK&geo=FI&geo=SE&geo=EU27_2020&airpol=GHG&unit=THS_T&nace_r2=TOTAL&nace_r2=TOTAL_HH&sinceTimePeriod=2013,2026-10-06
env_ac_ainah_r2:TOTAL_HH,SI,2024,15223.71315,i,2026-08-07T23:00:00+0200,https://ec.europa.eu/eurostat/api/dissemination/statistics/1.0/data/env_ac_ainah_r2?geo=BE&geo=BG&geo=CZ&geo=DK&geo=DE&geo=EE&geo=IE&geo=EL&geo=ES&geo=FR&geo=HR&geo=IT&geo=CY&geo=LV&geo=LT&geo=LU&geo=HU&geo=MT&geo=NL&geo=AT&geo=PL&geo=PT&geo=RO&geo=SI&geo=SK&geo=FI&geo=SE&geo=EU27_2020&airpol=GHG&unit=THS_T&nace_r2=TOTAL&nace_r2=TOTAL_HH&sinceTimePeriod=2013,2026-10-06
env_ac_ainah_r2:TOTAL_HH,SI,2025,14619.463,,2026-08-07T23:00:00+0200,https://ec.europa.eu/eurostat/api/dissemination/statistics/1.0/data/env_ac_ainah_r2?geo=BE&geo=BG&geo=CZ&geo=DK&geo=DE&geo=EE&geo=IE&geo=EL&geo=ES&geo=FR&geo=HR&geo=IT&geo=CY&geo=LV&geo=LT&geo=LU&geo=HU&geo=MT&geo=NL&geo=AT&geo=PL&geo=PT&geo=RO&geo=SI&geo=SK&geo=FI&geo=SE&geo=EU27_2020&airpol=GHG&unit=THS_T&nace_r2=TOTAL&nace_r2=TOTAL_HH&sinceTimePeriod=2013,2026-10-06
env_ac_ainah_r2:TOTAL_HH,SK,2013,41722.67264,,2026-08-07T23:00:00+0200,https://ec.europa.eu/eurostat/api/dissemination/statistics/1.0/data/env_ac_ainah_r2?geo=BE&geo=BG&geo=CZ&geo=DK&geo=DE&geo=EE&geo=IE&geo=EL&geo=ES&geo=FR&geo=HR&geo=IT&geo=CY&geo=LV&geo=LT&geo=LU&geo=HU&geo=MT&geo=NL&geo=AT&geo=PL&geo=PT&geo=RO&geo=SI&geo=SK&geo=FI&geo=SE&geo=EU27_2020&airpol=GHG&unit=THS_T&nace_r2=TOTAL&nace_r2=TOTAL_HH&sinceTimePeriod=2013,2026-10-06
env_ac_ainah_r2:TOTAL_HH,SK,2014,39721.96857,,2026-08-07T23:00:00+0200,https://ec.europa.eu/eurostat/api/dissemination/statistics/1.0/data/env_ac_ainah_r2?geo=BE&geo=BG&geo=CZ&geo=DK&geo=DE&geo=EE&geo=IE&geo=EL&geo=ES&geo=FR&geo=HR&geo=IT&geo=CY&geo=LV&geo=LT&geo=LU&geo=HU&geo=MT&geo=NL&geo=AT&geo=PL&geo=PT&geo=RO&geo=SI&geo=SK&geo=FI&geo=SE&geo=EU27_2020&airpol=GHG&unit=THS_T&nace_r2=TOTAL&nace_r2=TOTAL_HH&sinceTimePeriod=2013,2026-10-06
env_ac_ainah_r2:TOTAL_HH,SK,2015,40497.3313,,2026-08-07T23:00:00+0200,https://ec.europa.eu/eurostat/api/dissemination/statistics/1.0/data/env_ac_ainah_r2?geo=BE&geo=BG&geo=CZ&geo=DK&geo=DE&geo=EE&geo=IE&geo=EL&geo=ES&geo=FR&geo=HR&geo=IT&geo=CY&geo=LV&geo=LT&geo=LU&geo=HU&geo=MT&geo=NL&geo=AT&geo=PL&geo=PT&geo=RO&geo=SI&geo=SK&geo=FI&geo=SE&geo=EU27_2020&airpol=GHG&unit=THS_T&nace_r2=TOTAL&nace_r2=TOTAL_HH&sinceTimePeriod=2013,2026-10-06
env_ac_ainah_r2:TOTAL_HH,SK,2016,41051.3355,,2026-08-07T23:00:00+0200,https://ec.europa.eu/eurostat/api/dissemination/statistics/1.0/data/env_ac_ainah_r2?geo=BE&geo=BG&geo=CZ&geo=DK&geo=DE&geo=EE&geo=IE&geo=EL&geo=ES&geo=FR&geo=HR&geo=IT&geo=CY&geo=LV&geo=LT&geo=LU&geo=HU&geo=MT&geo=NL&geo=AT&geo=PL&geo=PT&geo=RO&geo=SI&geo=SK&geo=FI&geo=SE&geo=EU27_2020&airpol=GHG&unit=THS_T&nace_r2=TOTAL&nace_r2=TOTAL_HH&sinceTimePeriod=2013,2026-10-06
env_ac_ainah_r2:TOTAL_HH,SK,2017,42194.74891,,2026-08-07T23:00:00+0200,https://ec.europa.eu/eurostat/api/dissemination/statistics/1.0/data/env_ac_ainah_r2?geo=BE&geo=BG&geo=CZ&geo=DK&geo=DE&geo=EE&geo=IE&geo=EL&geo=ES&geo=FR&geo=HR&geo=IT&geo=CY&geo=LV&geo=LT&geo=LU&geo=HU&geo=MT&geo=NL&geo=AT&geo=PL&geo=PT&geo=RO&geo=SI&geo=SK&geo=FI&geo=SE&geo=EU27_2020&airpol=GHG&unit=THS_T&nace_r2=TOTAL&nace_r2=TOTAL_HH&sinceTimePeriod=2013,2026-10-06
env_ac_ainah_r2:TOTAL_HH,SK,2018,42058.14803,,2026-08-07T23:00:00+0200,https://ec.europa.eu/eurostat/api/dissemination/statistics/1.0/data/env_ac_ainah_r2?geo=BE&geo=BG&geo=CZ&geo=DK&geo=DE&geo=EE&geo=IE&geo=EL&geo=ES&geo=FR&geo=HR&geo=IT&geo=CY&geo=LV&geo=LT&geo=LU&geo=HU&geo=MT&geo=NL&geo=AT&geo=PL&geo=PT&geo=RO&geo=SI&geo=SK&geo=FI&geo=SE&geo=EU27_2020&airpol=GHG&unit=THS_T&nace_r2=TOTAL&nace_r2=TOTAL_HH&sinceTimePeriod=2013,2026-10-06
env_ac_ainah_r2:TOTAL_HH,SK,2019,39714.53022,,2026-08-07T23:00:00+0200,https://ec.europa.eu/eurostat/api/dissemination/statistics/1.0/data/env_ac_ainah_r2?geo=BE&geo=BG&geo=CZ&geo=DK&geo=DE&geo=EE&geo=IE&geo=EL&geo=ES&geo=FR&geo=HR&geo=IT&geo=CY&geo=LV&geo=LT&geo=LU&geo=HU&geo=MT&geo=NL&geo=AT&geo=PL&geo=PT&geo=RO&geo=SI&geo=SK&geo=FI&geo=SE&geo=EU27_2020&airpol=GHG&unit=THS_T&nace_r2=TOTAL&nace_r2=TOTAL_HH&sinceTimePeriod=2013,2026-10-06
env_ac_ainah_r2:TOTAL_HH,SK,2020,36973.01563,,2026-08-07T23:00:00+0200,https://ec.europa.eu/eurostat/api/dissemination/statistics/1.0/data/env_ac_ainah_r2?geo=BE&geo=BG&geo=CZ&geo=DK&geo=DE&geo=EE&geo=IE&geo=EL&geo=ES&geo=FR&geo=HR&geo=IT&geo=CY&geo=LV&geo=LT&geo=LU&geo=HU&geo=MT&geo=NL&geo=AT&geo=PL&geo=PT&geo=RO&geo=SI&geo=SK&geo=FI&geo=SE&geo=EU27_2020&airpol=GHG&unit=THS_T&nace_r2=TOTAL&nace_r2=TOTAL_HH&sinceTimePeriod=2013,2026-10-06
env_ac_ainah_r2:TOTAL_HH,SK,2021,40938.76279,,2026-08-07T23:00:00+0200,https://ec.europa.eu/eurostat/api/dissemination/statistics/1.0/data/env_ac_ainah_r2?geo=BE&geo=BG&geo=CZ&geo=DK&geo=DE&geo=EE&geo=IE&geo=EL&geo=ES&geo=FR&geo=HR&geo=IT&geo=CY&geo=LV&geo=LT&geo=LU&geo=HU&geo=MT&geo=NL&geo=AT&geo=PL&geo=PT&geo=RO&geo=SI&geo=SK&geo=FI&geo=SE&geo=EU27_2020&airpol=GHG&unit=THS_T&nace_r2=TOTAL&nace_r2=TOTAL_HH&sinceTimePeriod=2013,2026-10-06
env_ac_ainah_r2:TOTAL_HH,SK,2022,36898.71731,,2026-08-07T23:00:00+0200,https://ec.europa.eu/eurostat/api/dissemination/statistics/1.0/data/env_ac_ainah_r2?geo=BE&geo=BG&geo=CZ&geo=DK&geo=DE&geo=EE&geo=IE&geo=EL&geo=ES&geo=FR&geo=HR&geo=IT&geo=CY&geo=LV&geo=LT&geo=LU&geo=HU&geo=MT&geo=NL&geo=AT&geo=PL&geo=PT&geo=RO&geo=SI&geo=SK&geo=FI&geo=SE&geo=EU27_2020&airpol=GHG&unit=THS_T&nace_r2=TOTAL&nace_r2=TOTAL_HH&sinceTimePeriod=2013,2026-10-06
env_ac_ainah_r2:TOTAL_HH,SK,2023,36133.04664,,2026-08-07T23:00:00+0200,https://ec.europa.eu/eurostat/api/dissemination/statistics/1.0/data/env_ac_ainah_r2?geo=BE&geo=BG&geo=CZ&geo=DK&geo=DE&geo=EE&geo=IE&geo=EL&geo=ES&geo=FR&geo=HR&geo=IT&geo=CY&geo=LV&geo=LT&geo=LU&geo=HU&geo=MT&geo=NL&geo=AT&geo=PL&geo=PT&geo=RO&geo=SI&geo=SK&geo=FI&geo=SE&geo=EU27_2020&airpol=GHG&unit=THS_T&nace_r2=TOTAL&nace_r2=TOTAL_HH&sinceTimePeriod=2013,2026-10-06
env_ac_ainah_r2:TOTAL_HH,SK,2024,33510.50434,i,2026-08-07T23:00:00+0200,https://ec.europa.eu/eurostat/api/dissemination/statistics/1.0/data/env_ac_ainah_r2?geo=BE&geo=BG&geo=CZ&geo=DK&geo=DE&geo=EE&geo=IE&geo=EL&geo=ES&geo=FR&geo=HR&geo=IT&geo=CY&geo=LV&geo=LT&geo=LU&geo=HU&geo=MT&geo=NL&geo=AT&geo=PL&geo=PT&geo=RO&geo=SI&geo=SK&geo=FI&geo=SE&geo=EU27_2020&airpol=GHG&unit=THS_T&nace_r2=TOTAL&nace_r2=TOTAL_HH&sinceTimePeriod=2013,2026-10-06
env_ac_ainah_r2:TOTAL_HH,SK,2025,33779.223,i,2026-08-07T23:00:00+0200,https://ec.europa.eu/eurostat/api/dissemination/statistics/1.0/data/env_ac_ainah_r2?geo=BE&geo=BG&geo=CZ&geo=DK&geo=DE&geo=EE&geo=IE&geo=EL&geo=ES&geo=FR&geo=HR&geo=IT&geo=CY&geo=LV&geo=LT&geo=LU&geo=HU&geo=MT&geo=NL&geo=AT&geo=PL&geo=PT&geo=RO&geo=SI&geo=SK&geo=FI&geo=SE&geo=EU27_2020&airpol=GHG&unit=THS_T&nace_r2=TOTAL&nace_r2=TOTAL_HH&sinceTimePeriod=2013,2026-10-06
nama_10_pe,AT,2013,8477.26,,2026-10-02T23:00:00+0200,https://ec.europa.eu/eurostat/api/dissemination/statistics/1.0/data/nama_10_pe?geo=BE&geo=BG&geo=CZ&geo=DK&geo=DE&geo=EE&geo=IE&geo=EL&geo=ES&geo=FR&geo=HR&geo=IT&geo=CY&geo=LV&geo=LT&geo=LU&geo=HU&geo=MT&geo=NL&geo=AT&geo=PL&geo=PT&geo=RO&geo=SI&geo=SK&geo=FI&geo=SE&geo=EU27_2020&na_item=POP_NC&unit=THS_PER&sinceTimePeriod=2013,2026-10-06
nama_10_pe,AT,2014,8543.97,,2026-10-02T23:00:00+0200,https://ec.europa.eu/eurostat/api/dissemination/statistics/1.0/data/nama_10_pe?geo=BE&geo=BG&geo=CZ&geo=DK&geo=DE&geo=EE&geo=IE&geo=EL&geo=ES&geo=FR&geo=HR&geo=IT&geo=CY&geo=LV&geo=LT&geo=LU&geo=HU&geo=MT&geo=NL&geo=AT&geo=PL&geo=PT&geo=RO&geo=SI&geo=SK&geo=FI&geo=SE&geo=EU27_2020&na_item=POP_NC&unit=THS_PER&sinceTimePeriod=2013,2026-10-06
nama_10_pe,AT,2015,8629.5,,2026-10-02T23:00:00+0200,https://ec.europa.eu/eurostat/api/dissemination/statistics/1.0/data/nama_10_pe?geo=BE&geo=BG&geo=CZ&geo=DK&geo=DE&geo=EE&geo=IE&geo=EL&geo=ES&geo=FR&geo=HR&geo=IT&geo=CY&geo=LV&geo=LT&geo=LU&geo=HU&geo=MT&geo=NL&geo=AT&geo=PL&geo=PT&geo=RO&geo=SI&geo=SK&geo=FI&geo=SE&geo=EU27_2020&na_item=POP_NC&unit=THS_PER&sinceTimePeriod=2013,2026-10-06
nama_10_pe,AT,2016,8739.81,,2026-10-02T23:00:00+0200,https://ec.europa.eu/eurostat/api/dissemination/statistics/1.0/data/nama_10_pe?geo=BE&geo=BG&geo=CZ&geo=DK&geo=DE&geo=EE&geo=IE&geo=EL&geo=ES&geo=FR&geo=HR&geo=IT&geo=CY&geo=LV&geo=LT&geo=LU&geo=HU&geo=MT&geo=NL&geo=AT&geo=PL&geo=PT&geo=RO&geo=SI&geo=SK&geo=FI&geo=SE&geo=EU27_2020&na_item=POP_NC&unit=THS_PER&sinceTimePeriod=2013,2026-10-06
nama_10_pe,AT,2017,8795.11,,2026-10-02T23:00:00+0200,https://ec.europa.eu/eurostat/api/dissemination/statistics/1.0/data/nama_10_pe?geo=BE&geo=BG&geo=CZ&geo=DK&geo=DE&geo=EE&geo=IE&geo=EL&geo=ES&geo=FR&geo=HR&geo=IT&geo=CY&geo=LV&geo=LT&geo=LU&geo=HU&geo=MT&geo=NL&geo=AT&geo=PL&geo=PT&geo=RO&geo=SI&geo=SK&geo=FI&geo=SE&geo=EU27_2020&na_item=POP_NC&unit=THS_PER&sinceTimePeriod=2013,2026-10-06
nama_10_pe,AT,2018,8837.71,,2026-10-02T23:00:00+0200,https://ec.europa.eu/eurostat/api/dissemination/statistics/1.0/data/nama_10_pe?geo=BE&geo=BG&geo=CZ&geo=DK&geo=DE&geo=EE&geo=IE&geo=EL&geo=ES&geo=FR&geo=HR&geo=IT&geo=CY&geo=LV&geo=LT&geo=LU&geo=HU&geo=MT&geo=NL&geo=AT&geo=PL&geo=PT&geo=RO&geo=SI&geo=SK&geo=FI&geo=SE&geo=EU27_2020&na_item=POP_NC&unit=THS_PER&sinceTimePeriod=2013,2026-10-06
nama_10_pe,AT,2019,8877.63,,2026-10-02T23:00:00+0200,https://ec.europa.eu/eurostat/api/dissemination/statistics/1.0/data/nama_10_pe?geo=BE&geo=BG&geo=CZ&geo=DK&geo=DE&geo=EE&geo=IE&geo=EL&geo=ES&geo=FR&geo=HR&geo=IT&geo=CY&geo=LV&geo=LT&geo=LU&geo=HU&geo=MT&geo=NL&geo=AT&geo=PL&geo=PT&geo=RO&geo=SI&geo=SK&geo=FI&geo=SE&geo=EU27_2020&na_item=POP_NC&unit=THS_PER&sinceTimePeriod=2013,2026-10-06
nama_10_pe,AT,2020,8916.89,,2026-10-02T23:00:00+0200,https://ec.europa.eu/eurostat/api/dissemination/statistics/1.0/data/nama_10_pe?geo=BE&geo=BG&geo=CZ&geo=DK&geo=DE&geo=EE&geo=IE&geo=EL&geo=ES&geo=FR&geo=HR&geo=IT&geo=CY&geo=LV&geo=LT&geo=LU&geo=HU&geo=MT&geo=NL&geo=AT&geo=PL&geo=PT&geo=RO&geo=SI&geo=SK&geo=FI&geo=SE&geo=EU27_2020&na_item=POP_NC&unit=THS_PER&sinceTimePeriod=2013,2026-10-06
nama_10_pe,AT,2021,8951.54,,2026-10-02T23:00:00+0200,https://ec.europa.eu/eurostat/api/dissemination/statistics/1.0/data/nama_10_pe?geo=BE&geo=BG&geo=CZ&geo=DK&geo=DE&geo=EE&geo=IE&geo=EL&geo=ES&geo=FR&geo=HR&geo=IT&geo=CY&geo=LV&geo=LT&geo=LU&geo=HU&geo=MT&geo=NL&geo=AT&geo=PL&geo=PT&geo=RO&geo=SI&geo=SK&geo=FI&geo=SE&geo=EU27_2020&na_item=POP_NC&unit=THS_PER&sinceTimePeriod=2013,2026-10-06
nama_10_pe,AT,2022,9052.87,,2026-10-02T23:00:00+0200,https://ec.europa.eu/eurostat/api/dissemination/statistics/1.0/data/nama_10_pe?geo=BE&geo=BG&geo=CZ&geo=DK&geo=DE&geo=EE&geo=IE&geo=EL&geo=ES&geo=FR&geo=HR&geo=IT&geo=CY&geo=LV&geo=LT&geo=LU&geo=HU&geo=MT&geo=NL&geo=AT&geo=PL&geo=PT&geo=RO&geo=SI&geo=SK&geo=FI&geo=SE&geo=EU27_2020&na_item=POP_NC&unit=THS_PER&sinceTimePeriod=2013,2026-10-06
nama_10_pe,AT,2023,9130.73,,2026-10-02T23:00:00+0200,https://ec.europa.eu/eurostat/api/dissemination/statistics/1.0/data/nama_10_pe?geo=BE&geo=BG&geo=CZ&geo=DK&geo=DE&geo=EE&geo=IE&geo=EL&geo=ES&geo=FR&geo=HR&geo=IT&geo=CY&geo=LV&geo=LT&geo=LU&geo=HU&geo=MT&geo=NL&geo=AT&geo=PL&geo=PT&geo=RO&geo=SI&geo=SK&geo=FI&geo=SE&geo=EU27_2020&na_item=POP_NC&unit=THS_PER&sinceTimePeriod=2013,2026-10-06
nama_10_pe,AT,2024,9177.92,,2026-10-02T23:00:00+0200,https://ec.europa.eu/eurostat/api/dissemination/statistics/1.0/data/nama_10_pe?geo=BE&geo=BG&geo=CZ&geo=DK&geo=DE&geo=EE&geo=IE&geo=EL&geo=ES&geo=FR&geo=HR&geo=IT&geo=CY&geo=LV&geo=LT&geo=LU&geo=HU&geo=MT&geo=NL&geo=AT&geo=PL&geo=PT&geo=RO&geo=SI&geo=SK&geo=FI&geo=SE&geo=EU27_2020&na_item=POP_NC&unit=THS_PER&sinceTimePeriod=2013,2026-10-06
nama_10_pe,AT,2025,9204.46,,2026-10-02T23:00:00+0200,https://ec.europa.eu/eurostat/api/dissemination/statistics/1.0/data/nama_10_pe?geo=BE&geo=BG&geo=CZ&geo=DK&geo=DE&geo=EE&geo=IE&geo=EL&geo=ES&geo=FR&geo=HR&geo=IT&geo=CY&geo=LV&geo=LT&geo=LU&geo=HU&geo=MT&geo=NL&geo=AT&geo=PL&geo=PT&geo=RO&geo=SI&geo=SK&geo=FI&geo=SE&geo=EU27_2020&na_item=POP_NC&unit=THS_PER&sinceTimePeriod=2013,2026-10-06
nama_10_pe,BE,2013,11159.4,,2026-10-02T23:00:00+0200,https://ec.europa.eu/eurostat/api/dissemination/statistics/1.0/data/nama_10_pe?geo=BE&geo=BG&geo=CZ&geo=DK&geo=DE&geo=EE&geo=IE&geo=EL&geo=ES&geo=FR&geo=HR&geo=IT&geo=CY&geo=LV&geo=LT&geo=LU&geo=HU&geo=MT&geo=NL&geo=AT&geo=PL&geo=PT&geo=RO&geo=SI&geo=SK&geo=FI&geo=SE&geo=EU27_2020&na_item=POP_NC&unit=THS_PER&sinceTimePeriod=2013,2026-10-06
nama_10_pe,BE,2014,11209.1,,2026-10-02T23:00:00+0200,https://ec.europa.eu/eurostat/api/dissemination/statistics/1.0/data/nama_10_pe?geo=BE&geo=BG&geo=CZ&geo=DK&geo=DE&geo=EE&geo=IE&geo=EL&geo=ES&geo=FR&geo=HR&geo=IT&geo=CY&geo=LV&geo=LT&geo=LU&geo=HU&geo=MT&geo=NL&geo=AT&geo=PL&geo=PT&geo=RO&geo=SI&geo=SK&geo=FI&geo=SE&geo=EU27_2020&na_item=POP_NC&unit=THS_PER&sinceTimePeriod=2013,2026-10-06
nama_10_pe,BE,2015,11274.2,,2026-10-02T23:00:00+0200,https://ec.europa.eu/eurostat/api/dissemination/statistics/1.0/data/nama_10_pe?geo=BE&geo=BG&geo=CZ&geo=DK&geo=DE&geo=EE&geo=IE&geo=EL&geo=ES&geo=FR&geo=HR&geo=IT&geo=CY&geo=LV&geo=LT&geo=LU&geo=HU&geo=MT&geo=NL&geo=AT&geo=PL&geo=PT&geo=RO&geo=SI&geo=SK&geo=FI&geo=SE&geo=EU27_2020&na_item=POP_NC&unit=THS_PER&sinceTimePeriod=2013,2026-10-06
nama_10_pe,BE,2016,11331.4,,2026-10-02T23:00:00+0200,https://ec.europa.eu/eurostat/api/dissemination/statistics/1.0/data/nama_10_pe?geo=BE&geo=BG&geo=CZ&geo=DK&geo=DE&geo=EE&geo=IE&geo=EL&geo=ES&geo=FR&geo=HR&geo=IT&geo=CY&geo=LV&geo=LT&geo=LU&geo=HU&geo=MT&geo=NL&geo=AT&geo=PL&geo=PT&geo=RO&geo=SI&geo=SK&geo=FI&geo=SE&geo=EU27_2020&na_item=POP_NC&unit=THS_PER&sinceTimePeriod=2013,2026-10-06
nama_10_pe,BE,2017,11375.2,,2026-10-02T23:00:00+0200,https://ec.europa.eu/eurostat/api/dissemination/statistics/1.0/data/nama_10_pe?geo=BE&geo=BG&geo=CZ&geo=DK&geo=DE&geo=EE&geo=IE&geo=EL&geo=ES&geo=FR&geo=HR&geo=IT&geo=CY&geo=LV&geo=LT&geo=LU&geo=HU&geo=MT&geo=NL&geo=AT&geo=PL&geo=PT&geo=RO&geo=SI&geo=SK&geo=FI&geo=SE&geo=EU27_2020&na_item=POP_NC&unit=THS_PER&sinceTimePeriod=2013,2026-10-06
nama_10_pe,BE,2018,11427.1,,2026-10-02T23:00:00+0200,https://ec.europa.eu/eurostat/api/dissemination/statistics/1.0/data/nama_10_pe?geo=BE&geo=BG&geo=CZ&geo=DK&geo=DE&geo=EE&geo=IE&geo=EL&geo=ES&geo=FR&geo=HR&geo=IT&geo=CY&geo=LV&geo=LT&geo=LU&geo=HU&geo=MT&geo=NL&geo=AT&geo=PL&geo=PT&geo=RO&geo=SI&geo=SK&geo=FI&geo=SE&geo=EU27_2020&na_item=POP_NC&unit=THS_PER&sinceTimePeriod=2013,2026-10-06
nama_10_pe,BE,2019,11489.0,,2026-10-02T23:00:00+0200,https://ec.europa.eu/eurostat/api/dissemination/statistics/1.0/data/nama_10_pe?geo=BE&geo=BG&geo=CZ&geo=DK&geo=DE&geo=EE&geo=IE&geo=EL&geo=ES&geo=FR&geo=HR&geo=IT&geo=CY&geo=LV&geo=LT&geo=LU&geo=HU&geo=MT&geo=NL&geo=AT&geo=PL&geo=PT&geo=RO&geo=SI&geo=SK&geo=FI&geo=SE&geo=EU27_2020&na_item=POP_NC&unit=THS_PER&sinceTimePeriod=2013,2026-10-06
nama_10_pe,BE,2020,11538.7,,2026-10-02T23:00:00+0200,https://ec.europa.eu/eurostat/api/dissemination/statistics/1.0/data/nama_10_pe?geo=BE&geo=BG&geo=CZ&geo=DK&geo=DE&geo=EE&geo=IE&geo=EL&geo=ES&geo=FR&geo=HR&geo=IT&geo=CY&geo=LV&geo=LT&geo=LU&geo=HU&geo=MT&geo=NL&geo=AT&geo=PL&geo=PT&geo=RO&geo=SI&geo=SK&geo=FI&geo=SE&geo=EU27_2020&na_item=POP_NC&unit=THS_PER&sinceTimePeriod=2013,2026-10-06
nama_10_pe,BE,2021,11586.3,,2026-10-02T23:00:00+0200,https://ec.europa.eu/eurostat/api/dissemination/statistics/1.0/data/nama_10_pe?geo=BE&geo=BG&geo=CZ&geo=DK&geo=DE&geo=EE&geo=IE&geo=EL&geo=ES&geo=FR&geo=HR&geo=IT&geo=CY&geo=LV&geo=LT&geo=LU&geo=HU&geo=MT&geo=NL&geo=AT&geo=PL&geo=PT&geo=RO&geo=SI&geo=SK&geo=FI&geo=SE&geo=EU27_2020&na_item=POP_NC&unit=THS_PER&sinceTimePeriod=2013,2026-10-06
nama_10_pe,BE,2022,11680.2,,2026-10-02T23:00:00+0200,https://ec.europa.eu/eurostat/api/dissemination/statistics/1.0/data/nama_10_pe?geo=BE&geo=BG&geo=CZ&geo=DK&geo=DE&geo=EE&geo=IE&geo=EL&geo=ES&geo=FR&geo=HR&geo=IT&geo=CY&geo=LV&geo=LT&geo=LU&geo=HU&geo=MT&geo=NL&geo=AT&geo=PL&geo=PT&geo=RO&geo=SI&geo=SK&geo=FI&geo=SE&geo=EU27_2020&na_item=POP_NC&unit=THS_PER&sinceTimePeriod=2013,2026-10-06
nama_10_pe,BE,2023,11780.0,,2026-10-02T23:00:00+0200,https://ec.europa.eu/eurostat/api/dissemination/statistics/1.0/data/nama_10_pe?geo=BE&geo=BG&geo=CZ&geo=DK&geo=DE&geo=EE&geo=IE&geo=EL&geo=ES&geo=FR&geo=HR&geo=IT&geo=CY&geo=LV&geo=LT&geo=LU&geo=HU&geo=MT&geo=NL&geo=AT&geo=PL&geo=PT&geo=RO&geo=SI&geo=SK&geo=FI&geo=SE&geo=EU27_2020&na_item=POP_NC&unit=THS_PER&sinceTimePeriod=2013,2026-10-06
nama_10_pe,BE,2024,11850.3,p,2026-10-02T23:00:00+0200,https://ec.europa.eu/eurostat/api/dissemination/statistics/1.0/data/nama_10_pe?geo=BE&geo=BG&geo=CZ&geo=DK&geo=DE&geo=EE&geo=IE&geo=EL&geo=ES&geo=FR&geo=HR&geo=IT&geo=CY&geo=LV&geo=LT&geo=LU&geo=HU&geo=MT&geo=NL&geo=AT&geo=PL&geo=PT&geo=RO&geo=SI&geo=SK&geo=FI&geo=SE&geo=EU27_2020&na_item=POP_NC&unit=THS_PER&sinceTimePeriod=2013,2026-10-06
nama_10_pe,BE,2025,11904.4,p,2026-10-02T23:00:00+0200,https://ec.europa.eu/eurostat/api/dissemination/statistics/1.0/data/nama_10_pe?geo=BE&geo=BG&geo=CZ&geo=DK&geo=DE&geo=EE&geo=IE&geo=EL&geo=ES&geo=FR&geo=HR&geo=IT&geo=CY&geo=LV&geo=LT&geo=LU&geo=HU&geo=MT&geo=NL&geo=AT&geo=PL&geo=PT&geo=RO&geo=SI&geo=SK&geo=FI&geo=SE&geo=EU27_2020&na_item=POP_NC&unit=THS_PER&sinceTimePeriod=2013,2026-10-06
nama_10_pe,BG,2013,7160.01,,2026-10-02T23:00:00+0200,https://ec.europa.eu/eurostat/api/dissemination/statistics/1.0/data/nama_10_pe?geo=BE&geo=BG&geo=CZ&geo=DK&geo=DE&geo=EE&geo=IE&geo=EL&geo=ES&geo=FR&geo=HR&geo=IT&geo=CY&geo=LV&geo=LT&geo=LU&geo=HU&geo=MT&geo=NL&geo=AT&geo=PL&geo=PT&geo=RO&geo=SI&geo=SK&geo=FI&geo=SE&geo=EU27_2020&na_item=POP_NC&unit=THS_PER&sinceTimePeriod=2013,2026-10-06
nama_10_pe,BG,2014,7073.57,,2026-10-02T23:00:00+0200,https://ec.europa.eu/eurostat/api/dissemination/statistics/1.0/data/nama_10_pe?geo=BE&geo=BG&geo=CZ&geo=DK&geo=DE&geo=EE&geo=IE&geo=EL&geo=ES&geo=FR&geo=HR&geo=IT&geo=CY&geo=LV&geo=LT&geo=LU&geo=HU&geo=MT&geo=NL&geo=AT&geo=PL&geo=PT&geo=RO&geo=SI&geo=SK&geo=FI&geo=SE&geo=EU27_2020&na_item=POP_NC&unit=THS_PER&sinceTimePeriod=2013,2026-10-06
nama_10_pe,BG,2015,6984.23,,2026-10-02T23:00:00+0200,https://ec.europa.eu/eurostat/api/dissemination/statistics/1.0/data/nama_10_pe?geo=BE&geo=BG&geo=CZ&geo=DK&geo=DE&geo=EE&geo=IE&geo=EL&geo=ES&geo=FR&geo=HR&geo=IT&geo=CY&geo=LV&geo=LT&geo=LU&geo=HU&geo=MT&geo=NL&geo=AT&geo=PL&geo=PT&geo=RO&geo=SI&geo=SK&geo=FI&geo=SE&geo=EU27_2020&na_item=POP_NC&unit=THS_PER&sinceTimePeriod=2013,2026-10-06
nama_10_pe,BG,2016,6894.14,,2026-10-02T23:00:00+0200,https://ec.europa.eu/eurostat/api/dissemination/statistics/1.0/data/nama_10_pe?geo=BE&geo=BG&geo=CZ&geo=DK&geo=DE&geo=EE&geo=IE&geo=EL&geo=ES&geo=FR&geo=HR&geo=IT&geo=CY&geo=LV&geo=LT&geo=LU&geo=HU&geo=MT&geo=NL&geo=AT&geo=PL&geo=PT&geo=RO&geo=SI&geo=SK&geo=FI&geo=SE&geo=EU27_2020&na_item=POP_NC&unit=THS_PER&sinceTimePeriod=2013,2026-10-06
nama_10_pe,BG,2017,6803.47,,2026-10-02T23:00:00+0200,https://ec.europa.eu/eurostat/api/dissemination/statistics/1.0/data/nama_10_pe?geo=BE&geo=BG&geo=CZ&geo=DK&geo=DE&geo=EE&geo=IE&geo=EL&geo=ES&geo=FR&geo=HR&geo=IT&geo=CY&geo=LV&geo=LT&geo=LU&geo=HU&geo=MT&geo=NL&geo=AT&geo=PL&geo=PT&geo=RO&geo=SI&geo=SK&geo=FI&geo=SE&geo=EU27_2020&na_item=POP_NC&unit=THS_PER&sinceTimePeriod=2013,2026-10-06
nama_10_pe,BG,2018,6710.8,,2026-10-02T23:00:00+0200,https://ec.europa.eu/eurostat/api/dissemination/statistics/1.0/data/nama_10_pe?geo=BE&geo=BG&geo=CZ&geo=DK&geo=DE&geo=EE&geo=IE&geo=EL&geo=ES&geo=FR&geo=HR&geo=IT&geo=CY&geo=LV&geo=LT&geo=LU&geo=HU&geo=MT&geo=NL&geo=AT&geo=PL&geo=PT&geo=RO&geo=SI&geo=SK&geo=FI&geo=SE&geo=EU27_2020&na_item=POP_NC&unit=THS_PER&sinceTimePeriod=2013,2026-10-06
nama_10_pe,BG,2019,6616.73,,2026-10-02T23:00:00+0200,https://ec.europa.eu/eurostat/api/dissemination/statistics/1.0/data/nama_10_pe?geo=BE&geo=BG&geo=CZ&geo=DK&geo=DE&geo=EE&geo=IE&geo=EL&geo=ES&geo=FR&geo=HR&geo=IT&geo=CY&geo=LV&geo=LT&geo=LU&geo=HU&geo=MT&geo=NL&geo=AT&geo=PL&geo=PT&geo=RO&geo=SI&geo=SK&geo=FI&geo=SE&geo=EU27_2020&na_item=POP_NC&unit=THS_PER&sinceTimePeriod=2013,2026-10-06
nama_10_pe,BG,2020,6550.7,,2026-10-02T23:00:00+0200,https://ec.europa.eu/eurostat/api/dissemination/statistics/1.0/data/nama_10_pe?geo=BE&geo=BG&geo=CZ&geo=DK&geo=DE&geo=EE&geo=IE&geo=EL&geo=ES&geo=FR&geo=HR&geo=IT&geo=CY&geo=LV&geo=LT&geo=LU&geo=HU&geo=MT&geo=NL&geo=AT&geo=PL&geo=PT&geo=RO&geo=SI&geo=SK&geo=FI&geo=SE&geo=EU27_2020&na_item=POP_NC&unit=THS_PER&sinceTimePeriod=2013,2026-10-06
nama_10_pe,BG,2021,6507.3,,2026-10-02T23:00:00+0200,https://ec.europa.eu/eurostat/api/dissemination/statistics/1.0/data/nama_10_pe?geo=BE&geo=BG&geo=CZ&geo=DK&geo=DE&geo=EE&geo=IE&geo=EL&geo=ES&geo=FR&geo=HR&geo=IT&geo=CY&geo=LV&geo=LT&geo=LU&geo=HU&geo=MT&geo=NL&geo=AT&geo=PL&geo=PT&geo=RO&geo=SI&geo=SK&geo=FI&geo=SE&geo=EU27_2020&na_item=POP_NC&unit=THS_PER&sinceTimePeriod=2013,2026-10-06
nama_10_pe,BG,2022,6465.1,,2026-10-02T23:00:00+0200,https://ec.europa.eu/eurostat/api/dissemination/statistics/1.0/data/nama_10_pe?geo=BE&geo=BG&geo=CZ&geo=DK&geo=DE&geo=EE&geo=IE&geo=EL&geo=ES&geo=FR&geo=HR&geo=IT&geo=CY&geo=LV&geo=LT&geo=LU&geo=HU&geo=MT&geo=NL&geo=AT&geo=PL&geo=PT&geo=RO&geo=SI&geo=SK&geo=FI&geo=SE&geo=EU27_2020&na_item=POP_NC&unit=THS_PER&sinceTimePeriod=2013,2026-10-06
nama_10_pe,BG,2023,6446.6,,2026-10-02T23:00:00+0200,https://ec.europa.eu/eurostat/api/dissemination/statistics/1.0/data/nama_10_pe?geo=BE&geo=BG&geo=CZ&geo=DK&geo=DE&geo=EE&geo=IE&geo=EL&geo=ES&geo=FR&geo=HR&geo=IT&geo=CY&geo=LV&geo=LT&geo=LU&geo=HU&geo=MT&geo=NL&geo=AT&geo=PL&geo=PT&geo=RO&geo=SI&geo=SK&geo=FI&geo=SE&geo=EU27_2020&na_item=POP_NC&unit=THS_PER&sinceTimePeriod=2013,2026-10-06
nama_10_pe,BG,2024,6441.42,,2026-10-02T23:00:00+0200,https://ec.europa.eu/eurostat/api/dissemination/statistics/1.0/data/nama_10_pe?geo=BE&geo=BG&geo=CZ&geo=DK&geo=DE&geo=EE&geo=IE&geo=EL&geo=ES&geo=FR&geo=HR&geo=IT&geo=CY&geo=LV&geo=LT&geo=LU&geo=HU&geo=MT&geo=NL&geo=AT&geo=PL&geo=PT&geo=RO&geo=SI&geo=SK&geo=FI&geo=SE&geo=EU27_2020&na_item=POP_NC&unit=THS_PER&sinceTimePeriod=2013,2026-10-06
nama_10_pe,BG,2025,6423.94,p,2026-10-02T23:00:00+0200,https://ec.europa.eu/eurostat/api/dissemination/statistics/1.0/data/nama_10_pe?geo=BE&geo=BG&geo=CZ&geo=DK&geo=DE&geo=EE&geo=IE&geo=EL&geo=ES&geo=FR&geo=HR&geo=IT&geo=CY&geo=LV&geo=LT&geo=LU&geo=HU&geo=MT&geo=NL&geo=AT&geo=PL&geo=PT&geo=RO&geo=SI&geo=SK&geo=FI&geo=SE&geo=EU27_2020&na_item=POP_NC&unit=THS_PER&sinceTimePeriod=2013,2026-10-06
nama_10_pe,CY,2013,861.4,,2026-10-02T23:00:00+0200,https://ec.europa.eu/eurostat/api/dissemination/statistics/1.0/data/nama_10_pe?geo=BE&geo=BG&geo=CZ&geo=DK&geo=DE&geo=EE&geo=IE&geo=EL&geo=ES&geo=FR&geo=HR&geo=IT&geo=CY&geo=LV&geo=LT&geo=LU&geo=HU&geo=MT&geo=NL&geo=AT&geo=PL&geo=PT&geo=RO&geo=SI&geo=SK&geo=FI&geo=SE&geo=EU27_2020&na_item=POP_NC&unit=THS_PER&sinceTimePeriod=2013,2026-10-06
nama_10_pe,CY,2014,860.4,,2026-10-02T23:00:00+0200,https://ec.europa.eu/eurostat/api/dissemination/statistics/1.0/data/nama_10_pe?geo=BE&geo=BG&geo=CZ&geo=DK&geo=DE&geo=EE&geo=IE&geo=EL&geo=ES&geo=FR&geo=HR&geo=IT&geo=CY&geo=LV&geo=LT&geo=LU&geo=HU&geo=MT&geo=NL&geo=AT&geo=PL&geo=PT&geo=RO&geo=SI&geo=SK&geo=FI&geo=SE&geo=EU27_2020&na_item=POP_NC&unit=THS_PER&sinceTimePeriod=2013,2026-10-06
nama_10_pe,CY,2015,862.3,,2026-10-02T23:00:00+0200,https://ec.europa.eu/eurostat/api/dissemination/statistics/1.0/data/nama_10_pe?geo=BE&geo=BG&geo=CZ&geo=DK&geo=DE&geo=EE&geo=IE&geo=EL&geo=ES&geo=FR&geo=HR&geo=IT&geo=CY&geo=LV&geo=LT&geo=LU&geo=HU&geo=MT&geo=NL&geo=AT&geo=PL&geo=PT&geo=RO&geo=SI&geo=SK&geo=FI&geo=SE&geo=EU27_2020&na_item=POP_NC&unit=THS_PER&sinceTimePeriod=2013,2026-10-06
nama_10_pe,CY,2016,866.85,,2026-10-02T23:00:00+0200,https://ec.europa.eu/eurostat/api/dissemination/statistics/1.0/data/nama_10_pe?geo=BE&geo=BG&geo=CZ&geo=DK&geo=DE&geo=EE&geo=IE&geo=EL&geo=ES&geo=FR&geo=HR&geo=IT&geo=CY&geo=LV&geo=LT&geo=LU&geo=HU&geo=MT&geo=NL&geo=AT&geo=PL&geo=PT&geo=RO&geo=SI&geo=SK&geo=FI&geo=SE&geo=EU27_2020&na_item=POP_NC&unit=THS_PER&sinceTimePeriod=2013,2026-10-06
nama_10_pe,CY,2017,874.25,,2026-10-02T23:00:00+0200,https://ec.europa.eu/eurostat/api/dissemination/statistics/1.0/data/nama_10_pe?geo=BE&geo=BG&geo=CZ&geo=DK&geo=DE&geo=EE&geo=IE&geo=EL&geo=ES&geo=FR&geo=HR&geo=IT&geo=CY&geo=LV&geo=LT&geo=LU&geo=HU&geo=MT&geo=NL&geo=AT&geo=PL&geo=PT&geo=RO&geo=SI&geo=SK&geo=FI&geo=SE&geo=EU27_2020&na_item=POP_NC&unit=THS_PER&sinceTimePeriod=2013,2026-10-06
nama_10_pe,CY,2018,884.4,,2026-10-02T23:00:00+0200,https://ec.europa.eu/eurostat/api/dissemination/statistics/1.0/data/nama_10_pe?geo=BE&geo=BG&geo=CZ&geo=DK&geo=DE&geo=EE&geo=IE&geo=EL&geo=ES&geo=FR&geo=HR&geo=IT&geo=CY&geo=LV&geo=LT&geo=LU&geo=HU&geo=MT&geo=NL&geo=AT&geo=PL&geo=PT&geo=RO&geo=SI&geo=SK&geo=FI&geo=SE&geo=EU27_2020&na_item=POP_NC&unit=THS_PER&sinceTimePeriod=2013,2026-10-06
nama_10_pe,CY,2019,896.3,,2026-10-02T23:00:00+0200,https://ec.europa.eu/eurostat/api/dissemination/statistics/1.0/data/nama_10_pe?geo=BE&geo=BG&geo=CZ&geo=DK&geo=DE&geo=EE&geo=IE&geo=EL&geo=ES&geo=FR&geo=HR&geo=IT&geo=CY&geo=LV&geo=LT&geo=LU&geo=HU&geo=MT&geo=NL&geo=AT&geo=PL&geo=PT&geo=RO&geo=SI&geo=SK&geo=FI&geo=SE&geo=EU27_2020&na_item=POP_NC&unit=THS_PER&sinceTimePeriod=2013,2026-10-06
nama_10_pe,CY,2020,908.45,,2026-10-02T23:00:00+0200,https://ec.europa.eu/eurostat/api/dissemination/statistics/1.0/data/nama_10_pe?geo=BE&geo=BG&geo=CZ&geo=DK&geo=DE&geo=EE&geo=IE&geo=EL&geo=ES&geo=FR&geo=HR&geo=IT&geo=CY&geo=LV&geo=LT&geo=LU&geo=HU&geo=MT&geo=NL&geo=AT&geo=PL&geo=PT&geo=RO&geo=SI&geo=SK&geo=FI&geo=SE&geo=EU27_2020&na_item=POP_NC&unit=THS_PER&sinceTimePeriod=2013,2026-10-06
nama_10_pe,CY,2021,922.15,,2026-10-02T23:00:00+0200,https://ec.europa.eu/eurostat/api/dissemination/statistics/1.0/data/nama_10_pe?geo=BE&geo=BG&geo=CZ&geo=DK&geo=DE&geo=EE&geo=IE&geo=EL&geo=ES&geo=FR&geo=HR&geo=IT&geo=CY&geo=LV&geo=LT&geo=LU&geo=HU&geo=MT&geo=NL&geo=AT&geo=PL&geo=PT&geo=RO&geo=SI&geo=SK&geo=FI&geo=SE&geo=EU27_2020&na_item=POP_NC&unit=THS_PER&sinceTimePeriod=2013,2026-10-06
nama_10_pe,CY,2022,939.45,,2026-10-02T23:00:00+0200,https://ec.europa.eu/eurostat/api/dissemination/statistics/1.0/data/nama_10_pe?geo=BE&geo=BG&geo=CZ&geo=DK&geo=DE&geo=EE&geo=IE&geo=EL&geo=ES&geo=FR&geo=HR&geo=IT&geo=CY&geo=LV&geo=LT&geo=LU&geo=HU&geo=MT&geo=NL&geo=AT&geo=PL&geo=PT&geo=RO&geo=SI&geo=SK&geo=FI&geo=SE&geo=EU27_2020&na_item=POP_NC&unit=THS_PER&sinceTimePeriod=2013,2026-10-06
nama_10_pe,CY,2023,957.73,,2026-10-02T23:00:00+0200,https://ec.europa.eu/eurostat/api/dissemination/statistics/1.0/data/nama_10_pe?geo=BE&geo=BG&geo=CZ&geo=DK&geo=DE&geo=EE&geo=IE&geo=EL&geo=ES&geo=FR&geo=HR&geo=IT&geo=CY&geo=LV&geo=LT&geo=LU&geo=HU&geo=MT&geo=NL&geo=AT&geo=PL&geo=PT&geo=RO&geo=SI&geo=SK&geo=FI&geo=SE&geo=EU27_2020&na_item=POP_NC&unit=THS_PER&sinceTimePeriod=2013,2026-10-06
nama_10_pe,CY,2024,974.67,p,2026-10-02T23:00:00+0200,https://ec.europa.eu/eurostat/api/dissemination/statistics/1.0/data/nama_10_pe?geo=BE&geo=BG&geo=CZ&geo=DK&geo=DE&geo=EE&geo=IE&geo=EL&geo=ES&geo=FR&geo=HR&geo=IT&geo=CY&geo=LV&geo=LT&geo=LU&geo=HU&geo=MT&geo=NL&geo=AT&geo=PL&geo=PT&geo=RO&geo=SI&geo=SK&geo=FI&geo=SE&geo=EU27_2020&na_item=POP_NC&unit=THS_PER&sinceTimePeriod=2013,2026-10-06
nama_10_pe,CY,2025,990.07,p,2026-10-02T23:00:00+0200,https://ec.europa.eu/eurostat/api/dissemination/statistics/1.0/data/nama_10_pe?geo=BE&geo=BG&geo=CZ&geo=DK&geo=DE&geo=EE&geo=IE&geo=EL&geo=ES&geo=FR&geo=HR&geo=IT&geo=CY&geo=LV&geo=LT&geo=LU&geo=HU&geo=MT&geo=NL&geo=AT&geo=PL&geo=PT&geo=RO&geo=SI&geo=SK&geo=FI&geo=SE&geo=EU27_2020&na_item=POP_NC&unit=THS_PER&sinceTimePeriod=2013,2026-10-06
nama_10_pe,CZ,2013,10502.38,,2026-10-02T23:00:00+0200,https://ec.europa.eu/eurostat/api/dissemination/statistics/1.0/data/nama_10_pe?geo=BE&geo=BG&geo=CZ&geo=DK&geo=DE&geo=EE&geo=IE&geo=EL&geo=ES&geo=FR&geo=HR&geo=IT&geo=CY&geo=LV&geo=LT&geo=LU&geo=HU&geo=MT&geo=NL&geo=AT&geo=PL&geo=PT&geo=RO&geo=SI&geo=SK&geo=FI&geo=SE&geo=EU27_2020&na_item=POP_NC&unit=THS_PER&sinceTimePeriod=2013,2026-10-06
nama_10_pe,CZ,2014,10503.79,,2026-10-02T23:00:00+0200,https://ec.europa.eu/eurostat/api/dissemination/statistics/1.0/data/nama_10_pe?geo=BE&geo=BG&geo=CZ&geo=DK&geo=DE&geo=EE&geo=IE&geo=EL&geo=ES&geo=FR&geo=HR&geo=IT&geo=CY&geo=LV&geo=LT&geo=LU&geo=HU&geo=MT&geo=NL&geo=AT&geo=PL&geo=PT&geo=RO&geo=SI&geo=SK&geo=FI&geo=SE&geo=EU27_2020&na_item=POP_NC&unit=THS_PER&sinceTimePeriod=2013,2026-10-06
nama_10_pe,CZ,2015,10507.55,,2026-10-02T23:00:00+0200,https://ec.europa.eu/eurostat/api/dissemination/statistics/1.0/data/nama_10_pe?geo=BE&geo=BG&geo=CZ&geo=DK&geo=DE&geo=EE&geo=IE&geo=EL&geo=ES&geo=FR&geo=HR&geo=IT&geo=CY&geo=LV&geo=LT&geo=LU&geo=HU&geo=MT&geo=NL&geo=AT&geo=PL&geo=PT&geo=RO&geo=SI&geo=SK&geo=FI&geo=SE&geo=EU27_2020&na_item=POP_NC&unit=THS_PER&sinceTimePeriod=2013,2026-10-06
nama_10_pe,CZ,2016,10513.67,,2026-10-02T23:00:00+0200,https://ec.europa.eu/eurostat/api/dissemination/statistics/1.0/data/nama_10_pe?geo=BE&geo=BG&geo=CZ&geo=DK&geo=DE&geo=EE&geo=IE&geo=EL&geo=ES&geo=FR&geo=HR&geo=IT&geo=CY&geo=LV&geo=LT&geo=LU&geo=HU&geo=MT&geo=NL&geo=AT&geo=PL&geo=PT&geo=RO&geo=SI&geo=SK&geo=FI&geo=SE&geo=EU27_2020&na_item=POP_NC&unit=THS_PER&sinceTimePeriod=2013,2026-10-06
nama_10_pe,CZ,2017,10520.95,,2026-10-02T23:00:00+0200,https://ec.europa.eu/eurostat/api/dissemination/statistics/1.0/data/nama_10_pe?geo=BE&geo=BG&geo=CZ&geo=DK&geo=DE&geo=EE&geo=IE&geo=EL&geo=ES&geo=FR&geo=HR&geo=IT&geo=CY&geo=LV&geo=LT&geo=LU&geo=HU&geo=MT&geo=NL&geo=AT&geo=PL&geo=PT&geo=RO&geo=SI&geo=SK&geo=FI&geo=SE&geo=EU27_2020&na_item=POP_NC&unit=THS_PER&sinceTimePeriod=2013,2026-10-06
nama_10_pe,CZ,2018,10534.23,,2026-10-02T23:00:00+0200,https://ec.europa.eu/eurostat/api/dissemination/statistics/1.0/data/nama_10_pe?geo=BE&geo=BG&geo=CZ&geo=DK&geo=DE&geo=EE&geo=IE&geo=EL&geo=ES&geo=FR&geo=HR&geo=IT&geo=CY&geo=LV&geo=LT&geo=LU&geo=HU&geo=MT&geo=NL&geo=AT&geo=PL&geo=PT&geo=RO&geo=SI&geo=SK&geo=FI&geo=SE&geo=EU27_2020&na_item=POP_NC&unit=THS_PER&sinceTimePeriod=2013,2026-10-06
nama_10_pe,CZ,2019,10550.31,,2026-10-02T23:00:00+0200,https://ec.europa.eu/eurostat/api/dissemination/statistics/1.0/data/nama_10_pe?geo=BE&geo=BG&geo=CZ&geo=DK&geo=DE&geo=EE&geo=IE&geo=EL&geo=ES&geo=FR&geo=HR&geo=IT&geo=CY&geo=LV&geo=LT&geo=LU&geo=HU&geo=MT&geo=NL&geo=AT&geo=PL&geo=PT&geo=RO&geo=SI&geo=SK&geo=FI&geo=SE&geo=EU27_2020&na_item=POP_NC&unit=THS_PER&sinceTimePeriod=2013,2026-10-06
nama_10_pe,CZ,2020,10502.15,,2026-10-02T23:00:00+0200,https://ec.europa.eu/eurostat/api/dissemination/statistics/1.0/data/nama_10_pe?geo=BE&geo=BG&geo=CZ&geo=DK&geo=DE&geo=EE&geo=IE&geo=EL&geo=ES&geo=FR&geo=HR&geo=IT&geo=CY&geo=LV&geo=LT&geo=LU&geo=HU&geo=MT&geo=NL&geo=AT&geo=PL&geo=PT&geo=RO&geo=SI&geo=SK&geo=FI&geo=SE&geo=EU27_2020&na_item=POP_NC&unit=THS_PER&sinceTimePeriod=2013,2026-10-06
nama_10_pe,CZ,2021,10500.85,,2026-10-02T23:00:00+0200,https://ec.europa.eu/eurostat/api/dissemination/statistics/1.0/data/nama_10_pe?geo=BE&geo=BG&geo=CZ&geo=DK&geo=DE&geo=EE&geo=IE&geo=EL&geo=ES&geo=FR&geo=HR&geo=IT&geo=CY&geo=LV&geo=LT&geo=LU&geo=HU&geo=MT&geo=NL&geo=AT&geo=PL&geo=PT&geo=RO&geo=SI&geo=SK&geo=FI&geo=SE&geo=EU27_2020&na_item=POP_NC&unit=THS_PER&sinceTimePeriod=2013,2026-10-06
nama_10_pe,CZ,2022,10759.53,,2026-10-02T23:00:00+0200,https://ec.europa.eu/eurostat/api/dissemination/statistics/1.0/data/nama_10_pe?geo=BE&geo=BG&geo=CZ&geo=DK&geo=DE&geo=EE&geo=IE&geo=EL&geo=ES&geo=FR&geo=HR&geo=IT&geo=CY&geo=LV&geo=LT&geo=LU&geo=HU&geo=MT&geo=NL&geo=AT&geo=PL&geo=PT&geo=RO&geo=SI&geo=SK&geo=FI&geo=SE&geo=EU27_2020&na_item=POP_NC&unit=THS_PER&sinceTimePeriod=2013,2026-10-06
nama_10_pe,CZ,2023,10878.04,,2026-10-02T23:00:00+0200,https://ec.europa.eu/eurostat/api/dissemination/statistics/1.0/data/nama_10_pe?geo=BE&geo=BG&geo=CZ&geo=DK&geo=DE&geo=EE&geo=IE&geo=EL&geo=ES&geo=FR&geo=HR&geo=IT&geo=CY&geo=LV&geo=LT&geo=LU&geo=HU&geo=MT&geo=NL&geo=AT&geo=PL&geo=PT&geo=RO&geo=SI&geo=SK&geo=FI&geo=SE&geo=EU27_2020&na_item=POP_NC&unit=THS_PER&sinceTimePeriod=2013,2026-10-06
nama_10_pe,CZ,2024,10886.53,,2026-10-02T23:00:00+0200,https://ec.europa.eu/eurostat/api/dissemination/statistics/1.0/data/nama_10_pe?geo=BE&geo=BG&geo=CZ&geo=DK&geo=DE&geo=EE&geo=IE&geo=EL&geo=ES&geo=FR&geo=HR&geo=IT&geo=CY&geo=LV&geo=LT&geo=LU&geo=HU&geo=MT&geo=NL&geo=AT&geo=PL&geo=PT&geo=RO&geo=SI&geo=SK&geo=FI&geo=SE&geo=EU27_2020&na_item=POP_NC&unit=THS_PER&sinceTimePeriod=2013,2026-10-06
nama_10_pe,CZ,2025,10891.16,,2026-10-02T23:00:00+0200,https://ec.europa.eu/eurostat/api/dissemination/statistics/1.0/data/nama_10_pe?geo=BE&geo=BG&geo=CZ&geo=DK&geo=DE&geo=EE&geo=IE&geo=EL&geo=ES&geo=FR&geo=HR&geo=IT&geo=CY&geo=LV&geo=LT&geo=LU&geo=HU&geo=MT&geo=NL&geo=AT&geo=PL&geo=PT&geo=RO&geo=SI&geo=SK&geo=FI&geo=SE&geo=EU27_2020&na_item=POP_NC&unit=THS_PER&sinceTimePeriod=2013,2026-10-06
nama_10_pe,DE,2013,80517.0,,2026-10-02T23:00:00+0200,https://ec.europa.eu/eurostat/api/dissemination/statistics/1.0/data/nama_10_pe?geo=BE&geo=BG&geo=CZ&geo=DK&geo=DE&geo=EE&geo=IE&geo=EL&geo=ES&geo=FR&geo=HR&geo=IT&geo=CY&geo=LV&geo=LT&geo=LU&geo=HU&geo=MT&geo=NL&geo=AT&geo=PL&geo=PT&geo=RO&geo=SI&geo=SK&geo=FI&geo=SE&geo=EU27_2020&na_item=POP_NC&unit=THS_PER&sinceTimePeriod=2013,2026-10-06
nama_10_pe,DE,2014,80758.0,,2026-10-02T23:00:00+0200,https://ec.europa.eu/eurostat/api/dissemination/statistics/1.0/data/nama_10_pe?geo=BE&geo=BG&geo=CZ&geo=DK&geo=DE&geo=EE&geo=IE&geo=EL&geo=ES&geo=FR&geo=HR&geo=IT&geo=CY&geo=LV&geo=LT&geo=LU&geo=HU&geo=MT&geo=NL&geo=AT&geo=PL&geo=PT&geo=RO&geo=SI&geo=SK&geo=FI&geo=SE&geo=EU27_2020&na_item=POP_NC&unit=THS_PER&sinceTimePeriod=2013,2026-10-06
nama_10_pe,DE,2015,81346.0,,2026-10-02T23:00:00+0200,https://ec.europa.eu/eurostat/api/dissemination/statistics/1.0/data/nama_10_pe?geo=BE&geo=BG&geo=CZ&geo=DK&geo=DE&geo=EE&geo=IE&geo=EL&geo=ES&geo=FR&geo=HR&geo=IT&geo=CY&geo=LV&geo=LT&geo=LU&geo=HU&geo=MT&geo=NL&geo=AT&geo=PL&geo=PT&geo=RO&geo=SI&geo=SK&geo=FI&geo=SE&geo=EU27_2020&na_item=POP_NC&unit=THS_PER&sinceTimePeriod=2013,2026-10-06
nama_10_pe,DE,2016,81867.0,,2026-10-02T23:00:00+0200,https://ec.europa.eu/eurostat/api/dissemination/statistics/1.0/data/nama_10_pe?geo=BE&geo=BG&geo=CZ&geo=DK&geo=DE&geo=EE&geo=IE&geo=EL&geo=ES&geo=FR&geo=HR&geo=IT&geo=CY&geo=LV&geo=LT&geo=LU&geo=HU&geo=MT&geo=NL&geo=AT&geo=PL&geo=PT&geo=RO&geo=SI&geo=SK&geo=FI&geo=SE&geo=EU27_2020&na_item=POP_NC&unit=THS_PER&sinceTimePeriod=2013,2026-10-06
nama_10_pe,DE,2017,82038.0,,2026-10-02T23:00:00+0200,https://ec.europa.eu/eurostat/api/dissemination/statistics/1.0/data/nama_10_pe?geo=BE&geo=BG&geo=CZ&geo=DK&geo=DE&geo=EE&geo=IE&geo=EL&geo=ES&geo=FR&geo=HR&geo=IT&geo=CY&geo=LV&geo=LT&geo=LU&geo=HU&geo=MT&geo=NL&geo=AT&geo=PL&geo=PT&geo=RO&geo=SI&geo=SK&geo=FI&geo=SE&geo=EU27_2020&na_item=POP_NC&unit=THS_PER&sinceTimePeriod=2013,2026-10-06
nama_10_pe,DE,2018,82157.0,,2026-10-02T23:00:00+0200,https://ec.europa.eu/eurostat/api/dissemination/statistics/1.0/data/nama_10_pe?geo=BE&geo=BG&geo=CZ&geo=DK&geo=DE&geo=EE&geo=IE&geo=EL&geo=ES&geo=FR&geo=HR&geo=IT&geo=CY&geo=LV&geo=LT&geo=LU&geo=HU&geo=MT&geo=NL&geo=AT&geo=PL&geo=PT&geo=RO&geo=SI&geo=SK&geo=FI&geo=SE&geo=EU27_2020&na_item=POP_NC&unit=THS_PER&sinceTimePeriod=2013,2026-10-06
nama_10_pe,DE,2019,82203.0,,2026-10-02T23:00:00+0200,https://ec.europa.eu/eurostat/api/dissemination/statistics/1.0/data/nama_10_pe?geo=BE&geo=BG&geo=CZ&geo=DK&geo=DE&geo=EE&geo=IE&geo=EL&geo=ES&geo=FR&geo=HR&geo=IT&geo=CY&geo=LV&geo=LT&geo=LU&geo=HU&geo=MT&geo=NL&geo=AT&geo=PL&geo=PT&geo=RO&geo=SI&geo=SK&geo=FI&geo=SE&geo=EU27_2020&na_item=POP_NC&unit=THS_PER&sinceTimePeriod=2013,2026-10-06
nama_10_pe,DE,2020,82126.0,,2026-10-02T23:00:00+0200,https://ec.europa.eu/eurostat/api/dissemination/statistics/1.0/data/nama_10_pe?geo=BE&geo=BG&geo=CZ&geo=DK&geo=DE&geo=EE&geo=IE&geo=EL&geo=ES&geo=FR&geo=HR&geo=IT&geo=CY&geo=LV&geo=LT&geo=LU&geo=HU&geo=MT&geo=NL&geo=AT&geo=PL&geo=PT&geo=RO&geo=SI&geo=SK&geo=FI&geo=SE&geo=EU27_2020&na_item=POP_NC&unit=THS_PER&sinceTimePeriod=2013,2026-10-06
nama_10_pe,DE,2021,81995.0,,2026-10-02T23:00:00+0200,https://ec.europa.eu/eurostat/api/dissemination/statistics/1.0/data/nama_10_pe?geo=BE&geo=BG&geo=CZ&geo=DK&geo=DE&geo=EE&geo=IE&geo=EL&geo=ES&geo=FR&geo=HR&geo=IT&geo=CY&geo=LV&geo=LT&geo=LU&geo=HU&geo=MT&geo=NL&geo=AT&geo=PL&geo=PT&geo=RO&geo=SI&geo=SK&geo=FI&geo=SE&geo=EU27_2020&na_item=POP_NC&unit=THS_PER&sinceTimePeriod=2013,2026-10-06
nama_10_pe,DE,2022,82529.0,,2026-10-02T23:00:00+0200,https://ec.europa.eu/eurostat/api/dissemination/statistics/1.0/data/nama_10_pe?geo=BE&geo=BG&geo=CZ&geo=DK&geo=DE&geo=EE&geo=IE&geo=EL&geo=ES&geo=FR&geo=HR&geo=IT&geo=CY&geo=LV&geo=LT&geo=LU&geo=HU&geo=MT&geo=NL&geo=AT&geo=PL&geo=PT&geo=RO&geo=SI&geo=SK&geo=FI&geo=SE&geo=EU27_2020&na_item=POP_NC&unit=THS_PER&sinceTimePeriod=2013,2026-10-06
nama_10_pe,DE,2023,83287.0,p,2026-10-02T23:00:00+0200,https://ec.europa.eu/eurostat/api/dissemination/statistics/1.0/data/nama_10_pe?geo=BE&geo=BG&geo=CZ&geo=DK&geo=DE&geo=EE&geo=IE&geo=EL&geo=ES&geo=FR&geo=HR&geo=IT&geo=CY&geo=LV&geo=LT&geo=LU&geo=HU&geo=MT&geo=NL&geo=AT&geo=PL&geo=PT&geo=RO&geo=SI&geo=SK&geo=FI&geo=SE&geo=EU27_2020&na_item=POP_NC&unit=THS_PER&sinceTimePeriod=2013,2026-10-06
nama_10_pe,DE,2024,83517.0,p,2026-10-02T23:00:00+0200,https://ec.europa.eu/eurostat/api/dissemination/statistics/1.0/data/nama_10_pe?geo=BE&geo=BG&geo=CZ&geo=DK&geo=DE&geo=EE&geo=IE&geo=EL&geo=ES&geo=FR&geo=HR&geo=IT&geo=CY&geo=LV&geo=LT&geo=LU&geo=HU&geo=MT&geo=NL&geo=AT&geo=PL&geo=PT&geo=RO&geo=SI&geo=SK&geo=FI&geo=SE&geo=EU27_2020&na_item=POP_NC&unit=THS_PER&sinceTimePeriod=2013,2026-10-06
nama_10_pe,DE,2025,83513.0,p,2026-10-02T23:00:00+0200,https://ec.europa.eu/eurostat/api/dissemination/statistics/1.0/data/nama_10_pe?geo=BE&geo=BG&geo=CZ&geo=DK&geo=DE&geo=EE&geo=IE&geo=EL&geo=ES&geo=FR&geo=HR&geo=IT&geo=CY&geo=LV&geo=LT&geo=LU&geo=HU&geo=MT&geo=NL&geo=AT&geo=PL&geo=PT&geo=RO&geo=SI&geo=SK&geo=FI&geo=SE&geo=EU27_2020&na_item=POP_NC&unit=THS_PER&sinceTimePeriod=2013,2026-10-06
nama_10_pe,DK,2013,5613.26,,2026-10-02T23:00:00+0200,https://ec.europa.eu/eurostat/api/dissemination/statistics/1.0/data/nama_10_pe?geo=BE&geo=BG&geo=CZ&geo=DK&geo=DE&geo=EE&geo=IE&geo=EL&geo=ES&geo=FR&geo=HR&geo=IT&geo=CY&geo=LV&geo=LT&geo=LU&geo=HU&geo=MT&geo=NL&geo=AT&geo=PL&geo=PT&geo=RO&geo=SI&geo=SK&geo=FI&geo=SE&geo=EU27_2020&na_item=POP_NC&unit=THS_PER&sinceTimePeriod=2013,2026-10-06
nama_10_pe,DK,2014,5643.35,,2026-10-02T23:00:00+0200,https://ec.europa.eu/eurostat/api/dissemination/statistics/1.0/data/nama_10_pe?geo=BE&geo=BG&geo=CZ&geo=DK&geo=DE&geo=EE&geo=IE&geo=EL&geo=ES&geo=FR&geo=HR&geo=IT&geo=CY&geo=LV&geo=LT&geo=LU&geo=HU&geo=MT&geo=NL&geo=AT&geo=PL&geo=PT&geo=RO&geo=SI&geo=SK&geo=FI&geo=SE&geo=EU27_2020&na_item=POP_NC&unit=THS_PER&sinceTimePeriod=2013,2026-10-06
nama_10_pe,DK,2015,5682.45,,2026-10-02T23:00:00+0200,https://ec.europa.eu/eurostat/api/dissemination/statistics/1.0/data/nama_10_pe?geo=BE&geo=BG&geo=CZ&geo=DK&geo=DE&geo=EE&geo=IE&geo=EL&geo=ES&geo=FR&geo=HR&geo=IT&geo=CY&geo=LV&geo=LT&geo=LU&geo=HU&geo=MT&geo=NL&geo=AT&geo=PL&geo=PT&geo=RO&geo=SI&geo=SK&geo=FI&geo=SE&geo=EU27_2020&na_item=POP_NC&unit=THS_PER&sinceTimePeriod=2013,2026-10-06
nama_10_pe,DK,2016,5728.75,,2026-10-02T23:00:00+0200,https://ec.europa.eu/eurostat/api/dissemination/statistics/1.0/data/nama_10_pe?geo=BE&geo=BG&geo=CZ&geo=DK&geo=DE&geo=EE&geo=IE&geo=EL&geo=ES&geo=FR&geo=HR&geo=IT&geo=CY&geo=LV&geo=LT&geo=LU&geo=HU&geo=MT&geo=NL&geo=AT&geo=PL&geo=PT&geo=RO&geo=SI&geo=SK&geo=FI&geo=SE&geo=EU27_2020&na_item=POP_NC&unit=THS_PER&sinceTimePeriod=2013,2026-10-06
nama_10_pe,DK,2017,5765.1,,2026-10-02T23:00:00+0200,https://ec.europa.eu/eurostat/api/dissemination/statistics/1.0/data/nama_10_pe?geo=BE&geo=BG&geo=CZ&geo=DK&geo=DE&geo=EE&geo=IE&geo=EL&geo=ES&geo=FR&geo=HR&geo=IT&geo=CY&geo=LV&geo=LT&geo=LU&geo=HU&geo=MT&geo=NL&geo=AT&geo=PL&geo=PT&geo=RO&geo=SI&geo=SK&geo=FI&geo=SE&geo=EU27_2020&na_item=POP_NC&unit=THS_PER&sinceTimePeriod=2013,2026-10-06
nama_10_pe,DK,2018,5793.87,,2026-10-02T23:00:00+0200,https://ec.europa.eu/eurostat/api/dissemination/statistics/1.0/data/nama_10_pe?geo=BE&geo=BG&geo=CZ&geo=DK&geo=DE&geo=EE&geo=IE&geo=EL&geo=ES&geo=FR&geo=HR&geo=IT&geo=CY&geo=LV&geo=LT&geo=LU&geo=HU&geo=MT&geo=NL&geo=AT&geo=PL&geo=PT&geo=RO&geo=SI&geo=SK&geo=FI&geo=SE&geo=EU27_2020&na_item=POP_NC&unit=THS_PER&sinceTimePeriod=2013,2026-10-06
nama_10_pe,DK,2019,5816.94,,2026-10-02T23:00:00+0200,https://ec.europa.eu/eurostat/api/dissemination/statistics/1.0/data/nama_10_pe?geo=BE&geo=BG&geo=CZ&geo=DK&geo=DE&geo=EE&geo=IE&geo=EL&geo=ES&geo=FR&geo=HR&geo=IT&geo=CY&geo=LV&geo=LT&geo=LU&geo=HU&geo=MT&geo=NL&geo=AT&geo=PL&geo=PT&geo=RO&geo=SI&geo=SK&geo=FI&geo=SE&geo=EU27_2020&na_item=POP_NC&unit=THS_PER&sinceTimePeriod=2013,2026-10-06
nama_10_pe,DK,2020,5829.7,,2026-10-02T23:00:00+0200,https://ec.europa.eu/eurostat/api/dissemination/statistics/1.0/data/nama_10_pe?geo=BE&geo=BG&geo=CZ&geo=DK&geo=DE&geo=EE&geo=IE&geo=EL&geo=ES&geo=FR&geo=HR&geo=IT&geo=CY&geo=LV&geo=LT&geo=LU&geo=HU&geo=MT&geo=NL&geo=AT&geo=PL&geo=PT&geo=RO&geo=SI&geo=SK&geo=FI&geo=SE&geo=EU27_2020&na_item=POP_NC&unit=THS_PER&sinceTimePeriod=2013,2026-10-06
nama_10_pe,DK,2021,5854.42,,2026-10-02T23:00:00+0200,https://ec.europa.eu/eurostat/api/dissemination/statistics/1.0/data/nama_10_pe?geo=BE&geo=BG&geo=CZ&geo=DK&geo=DE&geo=EE&geo=IE&geo=EL&geo=ES&geo=FR&geo=HR&geo=IT&geo=CY&geo=LV&geo=LT&geo=LU&geo=HU&geo=MT&geo=NL&geo=AT&geo=PL&geo=PT&geo=RO&geo=SI&geo=SK&geo=FI&geo=SE&geo=EU27_2020&na_item=POP_NC&unit=THS_PER&sinceTimePeriod=2013,2026-10-06
nama_10_pe,DK,2022,5906.39,,2026-10-02T23:00:00+0200,https://ec.europa.eu/eurostat/api/dissemination/statistics/1.0/data/nama_10_pe?geo=BE&geo=BG&geo=CZ&geo=DK&geo=DE&geo=EE&geo=IE&geo=EL&geo=ES&geo=FR&geo=HR&geo=IT&geo=CY&geo=LV&geo=LT&geo=LU&geo=HU&geo=MT&geo=NL&geo=AT&geo=PL&geo=PT&geo=RO&geo=SI&geo=SK&geo=FI&geo=SE&geo=EU27_2020&na_item=POP_NC&unit=THS_PER&sinceTimePeriod=2013,2026-10-06
nama_10_pe,DK,2023,5947.99,,2026-10-02T23:00:00+0200,https://ec.europa.eu/eurostat/api/dissemination/statistics/1.0/data/nama_10_pe?geo=BE&geo=BG&geo=CZ&geo=DK&geo=DE&geo=EE&geo=IE&geo=EL&geo=ES&geo=FR&geo=HR&geo=IT&geo=CY&geo=LV&geo=LT&geo=LU&geo=HU&geo=MT&geo=NL&geo=AT&geo=PL&geo=PT&geo=RO&geo=SI&geo=SK&geo=FI&geo=SE&geo=EU27_2020&na_item=POP_NC&unit=THS_PER&sinceTimePeriod=2013,2026-10-06
nama_10_pe,DK,2024,5976.81,,2026-10-02T23:00:00+0200,https://ec.europa.eu/eurostat/api/dissemination/statistics/1.0/data/nama_10_pe?geo=BE&geo=BG&geo=CZ&geo=DK&geo=DE&geo=EE&geo=IE&geo=EL&geo=ES&geo=FR&geo=HR&geo=IT&geo=CY&geo=LV&geo=LT&geo=LU&geo=HU&geo=MT&geo=NL&geo=AT&geo=PL&geo=PT&geo=RO&geo=SI&geo=SK&geo=FI&geo=SE&geo=EU27_2020&na_item=POP_NC&unit=THS_PER&sinceTimePeriod=2013,2026-10-06
nama_10_pe,DK,2025,6007.78,,2026-10-02T23:00:00+0200,https://ec.europa.eu/eurostat/api/dissemination/statistics/1.0/data/nama_10_pe?geo=BE&geo=BG&geo=CZ&geo=DK&geo=DE&geo=EE&geo=IE&geo=EL&geo=ES&geo=FR&geo=HR&geo=IT&geo=CY&geo=LV&geo=LT&geo=LU&geo=HU&geo=MT&geo=NL&geo=AT&geo=PL&geo=PT&geo=RO&geo=SI&geo=SK&geo=FI&geo=SE&geo=EU27_2020&na_item=POP_NC&unit=THS_PER&sinceTimePeriod=2013,2026-10-06
nama_10_pe,EE,2013,1320.2,,2026-10-02T23:00:00+0200,https://ec.europa.eu/eurostat/api/dissemination/statistics/1.0/data/nama_10_pe?geo=BE&geo=BG&geo=CZ&geo=DK&geo=DE&geo=EE&geo=IE&geo=EL&geo=ES&geo=FR&geo=HR&geo=IT&geo=CY&geo=LV&geo=LT&geo=LU&geo=HU&geo=MT&geo=NL&geo=AT&geo=PL&geo=PT&geo=RO&geo=SI&geo=SK&geo=FI&geo=SE&geo=EU27_2020&na_item=POP_NC&unit=THS_PER&sinceTimePeriod=2013,2026-10-06
nama_10_pe,EE,2014,1315.8,,2026-10-02T23:00:00+0200,https://ec.europa.eu/eurostat/api/dissemination/statistics/1.0/data/nama_10_pe?geo=BE&geo=BG&geo=CZ&geo=DK&geo=DE&geo=EE&geo=IE&geo=EL&geo=ES&geo=FR&geo=HR&geo=IT&geo=CY&geo=LV&geo=LT&geo=LU&geo=HU&geo=MT&geo=NL&geo=AT&geo=PL&geo=PT&geo=RO&geo=SI&geo=SK&geo=FI&geo=SE&geo=EU27_2020&na_item=POP_NC&unit=THS_PER&sinceTimePeriod=2013,2026-10-06
nama_10_pe,EE,2015,1313.3,,2026-10-02T23:00:00+0200,https://ec.europa.eu/eurostat/api/dissemination/statistics/1.0/data/nama_10_pe?geo=BE&geo=BG&geo=CZ&geo=DK&geo=DE&geo=EE&geo=IE&geo=EL&geo=ES&geo=FR&geo=HR&geo=IT&geo=CY&geo=LV&geo=LT&geo=LU&geo=HU&geo=MT&geo=NL&geo=AT&geo=PL&geo=PT&geo=RO&geo=SI&geo=SK&geo=FI&geo=SE&geo=EU27_2020&na_item=POP_NC&unit=THS_PER&sinceTimePeriod=2013,2026-10-06
nama_10_pe,EE,2016,1315.9,,2026-10-02T23:00:00+0200,https://ec.europa.eu/eurostat/api/dissemination/statistics/1.0/data/nama_10_pe?geo=BE&geo=BG&geo=CZ&geo=DK&geo=DE&geo=EE&geo=IE&geo=EL&geo=ES&geo=FR&geo=HR&geo=IT&geo=CY&geo=LV&geo=LT&geo=LU&geo=HU&geo=MT&geo=NL&geo=AT&geo=PL&geo=PT&geo=RO&geo=SI&geo=SK&geo=FI&geo=SE&geo=EU27_2020&na_item=POP_NC&unit=THS_PER&sinceTimePeriod=2013,2026-10-06
nama_10_pe,EE,2017,1315.6,,2026-10-02T23:00:00+0200,https://ec.europa.eu/eurostat/api/dissemination/statistics/1.0/data/nama_10_pe?geo=BE&geo=BG&geo=CZ&geo=DK&geo=DE&geo=EE&geo=IE&geo=EL&geo=ES&geo=FR&geo=HR&geo=IT&geo=CY&geo=LV&geo=LT&geo=LU&geo=HU&geo=MT&geo=NL&geo=AT&geo=PL&geo=PT&geo=RO&geo=SI&geo=SK&geo=FI&geo=SE&geo=EU27_2020&na_item=POP_NC&unit=THS_PER&sinceTimePeriod=2013,2026-10-06
nama_10_pe,EE,2018,1319.13,,2026-10-02T23:00:00+0200,https://ec.europa.eu/eurostat/api/dissemination/statistics/1.0/data/nama_10_pe?geo=BE&geo=BG&geo=CZ&geo=DK&geo=DE&geo=EE&geo=IE&geo=EL&geo=ES&geo=FR&geo=HR&geo=IT&geo=CY&geo=LV&geo=LT&geo=LU&geo=HU&geo=MT&geo=NL&geo=AT&geo=PL&geo=PT&geo=RO&geo=SI&geo=SK&geo=FI&geo=SE&geo=EU27_2020&na_item=POP_NC&unit=THS_PER&sinceTimePeriod=2013,2026-10-06
nama_10_pe,EE,2019,1324.82,,2026-10-02T23:00:00+0200,https://ec.europa.eu/eurostat/api/dissemination/statistics/1.0/data/nama_10_pe?geo=BE&geo=BG&geo=CZ&geo=DK&geo=DE&geo=EE&geo=IE&geo=EL&geo=ES&geo=FR&geo=HR&geo=IT&geo=CY&geo=LV&geo=LT&geo=LU&geo=HU&geo=MT&geo=NL&geo=AT&geo=PL&geo=PT&geo=RO&geo=SI&geo=SK&geo=FI&geo=SE&geo=EU27_2020&na_item=POP_NC&unit=THS_PER&sinceTimePeriod=2013,2026-10-06
nama_10_pe,EE,2020,1328.89,,2026-10-02T23:00:00+0200,https://ec.europa.eu/eurostat/api/dissemination/statistics/1.0/data/nama_10_pe?geo=BE&geo=BG&geo=CZ&geo=DK&geo=DE&geo=EE&geo=IE&geo=EL&geo=ES&geo=FR&geo=HR&geo=IT&geo=CY&geo=LV&geo=LT&geo=LU&geo=HU&geo=MT&geo=NL&geo=AT&geo=PL&geo=PT&geo=RO&geo=SI&geo=SK&geo=FI&geo=SE&geo=EU27_2020&na_item=POP_NC&unit=THS_PER&sinceTimePeriod=2013,2026-10-06
nama_10_pe,EE,2021,1330.07,,2026-10-02T23:00:00+0200,https://ec.europa.eu/eurostat/api/dissemination/statistics/1.0/data/nama_10_pe?geo=BE&geo=BG&geo=CZ&geo=DK&geo=DE&geo=EE&geo=IE&geo=EL&geo=ES&geo=FR&geo=HR&geo=IT&geo=CY&geo=LV&geo=LT&geo=LU&geo=HU&geo=MT&geo=NL&geo=AT&geo=PL&geo=PT&geo=RO&geo=SI&geo=SK&geo=FI&geo=SE&geo=EU27_2020&na_item=POP_NC&unit=THS_PER&sinceTimePeriod=2013,2026-10-06
nama_10_pe,EE,2022,1331.8,,2026-10-02T23:00:00+0200,https://ec.europa.eu/eurostat/api/dissemination/statistics/1.0/data/nama_10_pe?geo=BE&geo=BG&geo=CZ&geo=DK&geo=DE&geo=EE&geo=IE&geo=EL&geo=ES&geo=FR&geo=HR&geo=IT&geo=CY&geo=LV&geo=LT&geo=LU&geo=HU&geo=MT&geo=NL&geo=AT&geo=PL&geo=PT&geo=RO&geo=SI&geo=SK&geo=FI&geo=SE&geo=EU27_2020&na_item=POP_NC&unit=THS_PER&sinceTimePeriod=2013,2026-10-06
nama_10_pe,EE,2023,1365.88,,2026-10-02T23:00:00+0200,https://ec.europa.eu/eurostat/api/dissemination/statistics/1.0/data/nama_10_pe?geo=BE&geo=BG&geo=CZ&geo=DK&geo=DE&geo=EE&geo=IE&geo=EL&geo=ES&geo=FR&geo=HR&geo=IT&geo=CY&geo=LV&geo=LT&geo=LU&geo=HU&geo=MT&geo=NL&geo=AT&geo=PL&geo=PT&geo=RO&geo=SI&geo=SK&geo=FI&geo=SE&geo=EU27_2020&na_item=POP_NC&unit=THS_PER&sinceTimePeriod=2013,2026-10-06
nama_10_pe,EE,2024,1374.69,,2026-10-02T23:00:00+0200,https://ec.europa.eu/eurostat/api/dissemination/statistics/1.0/data/nama_10_pe?geo=BE&geo=BG&geo=CZ&geo=DK&geo=DE&geo=EE&geo=IE&geo=EL&geo=ES&geo=FR&geo=HR&geo=IT&geo=CY&geo=LV&geo=LT&geo=LU&geo=HU&geo=MT&geo=NL&geo=AT&geo=PL&geo=PT&geo=RO&geo=SI&geo=SK&geo=FI&geo=SE&geo=EU27_2020&na_item=POP_NC&unit=THS_PER&sinceTimePeriod=2013,2026-10-06
nama_10_pe,EE,2025,1370.0,,2026-10-02T23:00:00+0200,https://ec.europa.eu/eurostat/api/dissemination/statistics/1.0/data/nama_10_pe?geo=BE&geo=BG&geo=CZ&geo=DK&geo=DE&geo=EE&geo=IE&geo=EL&geo=ES&geo=FR&geo=HR&geo=IT&geo=CY&geo=LV&geo=LT&geo=LU&geo=HU&geo=MT&geo=NL&geo=AT&geo=PL&geo=PT&geo=RO&geo=SI&geo=SK&geo=FI&geo=SE&geo=EU27_2020&na_item=POP_NC&unit=THS_PER&sinceTimePeriod=2013,2026-10-06
nama_10_pe,EL,2013,10965.21,p,2026-10-02T23:00:00+0200,https://ec.europa.eu/eurostat/api/dissemination/statistics/1.0/data/nama_10_pe?geo=BE&geo=BG&geo=CZ&geo=DK&geo=DE&geo=EE&geo=IE&geo=EL&geo=ES&geo=FR&geo=HR&geo=IT&geo=CY&geo=LV&geo=LT&geo=LU&geo=HU&geo=MT&geo=NL&geo=AT&geo=PL&geo=PT&geo=RO&geo=SI&geo=SK&geo=FI&geo=SE&geo=EU27_2020&na_item=POP_NC&unit=THS_PER&sinceTimePeriod=2013,2026-10-06
nama_10_pe,EL,2014,10892.38,p,2026-10-02T23:00:00+0200,https://ec.europa.eu/eurostat/api/dissemination/statistics/1.0/data/nama_10_pe?geo=BE&geo=BG&geo=CZ&geo=DK&geo=DE&geo=EE&geo=IE&geo=EL&geo=ES&geo=FR&geo=HR&geo=IT&geo=CY&geo=LV&geo=LT&geo=LU&geo=HU&geo=MT&geo=NL&geo=AT&geo=PL&geo=PT&geo=RO&geo=SI&geo=SK&geo=FI&geo=SE&geo=EU27_2020&na_item=POP_NC&unit=THS_PER&sinceTimePeriod=2013,2026-10-06
nama_10_pe,EL,2015,10820.91,p,2026-10-02T23:00:00+0200,https://ec.europa.eu/eurostat/api/dissemination/statistics/1.0/data/nama_10_pe?geo=BE&geo=BG&geo=CZ&geo=DK&geo=DE&geo=EE&geo=IE&geo=EL&geo=ES&geo=FR&geo=HR&geo=IT&geo=CY&geo=LV&geo=LT&geo=LU&geo=HU&geo=MT&geo=NL&geo=AT&geo=PL&geo=PT&geo=RO&geo=SI&geo=SK&geo=FI&geo=SE&geo=EU27_2020&na_item=POP_NC&unit=THS_PER&sinceTimePeriod=2013,2026-10-06
nama_10_pe,EL,2016,10775.98,p,2026-10-02T23:00:00+0200,https://ec.europa.eu/eurostat/api/dissemination/statistics/1.0/data/nama_10_pe?geo=BE&geo=BG&geo=CZ&geo=DK&geo=DE&geo=EE&geo=IE&geo=EL&geo=ES&geo=FR&geo=HR&geo=IT&geo=CY&geo=LV&geo=LT&geo=LU&geo=HU&geo=MT&geo=NL&geo=AT&geo=PL&geo=PT&geo=RO&geo=SI&geo=SK&geo=FI&geo=SE&geo=EU27_2020&na_item=POP_NC&unit=THS_PER&sinceTimePeriod=2013,2026-10-06
nama_10_pe,EL,2017,10754.69,p,2026-10-02T23:00:00+0200,https://ec.europa.eu/eurostat/api/dissemination/statistics/1.0/data/nama_10_pe?geo=BE&geo=BG&geo=CZ&geo=DK&geo=DE&geo=EE&geo=IE&geo=EL&geo=ES&geo=FR&geo=HR&geo=IT&geo=CY&geo=LV&geo=LT&geo=LU&geo=HU&geo=MT&geo=NL&geo=AT&geo=PL&geo=PT&geo=RO&geo=SI&geo=SK&geo=FI&geo=SE&geo=EU27_2020&na_item=POP_NC&unit=THS_PER&sinceTimePeriod=2013,2026-10-06
nama_10_pe,EL,2018,10732.89,p,2026-10-02T23:00:00+0200,https://ec.europa.eu/eurostat/api/dissemination/statistics/1.0/data/nama_10_pe?geo=BE&geo=BG&geo=CZ&geo=DK&geo=DE&geo=EE&geo=IE&geo=EL&geo=ES&geo=FR&geo=HR&geo=IT&geo=CY&geo=LV&geo=LT&geo=LU&geo=HU&geo=MT&geo=NL&geo=AT&geo=PL&geo=PT&geo=RO&geo=SI&geo=SK&geo=FI&geo=SE&geo=EU27_2020&na_item=POP_NC&unit=THS_PER&sinceTimePeriod=2013,2026-10-06
nama_10_pe,EL,2019,10721.57,p,2026-10-02T23:00:00+0200,https://ec.europa.eu/eurostat/api/dissemination/statistics/1.0/data/nama_10_pe?geo=BE&geo=BG&geo=CZ&geo=DK&geo=DE&geo=EE&geo=IE&geo=EL&geo=ES&geo=FR&geo=HR&geo=IT&geo=CY&geo=LV&geo=LT&geo=LU&geo=HU&geo=MT&geo=NL&geo=AT&geo=PL&geo=PT&geo=RO&geo=SI&geo=SK&geo=FI&geo=SE&geo=EU27_2020&na_item=POP_NC&unit=THS_PER&sinceTimePeriod=2013,2026-10-06
nama_10_pe,EL,2020,10698.59,p,2026-10-02T23:00:00+0200,https://ec.europa.eu/eurostat/api/dissemination/statistics/1.0/data/nama_10_pe?geo=BE&geo=BG&geo=CZ&geo=DK&geo=DE&geo=EE&geo=IE&geo=EL&geo=ES&geo=FR&geo=HR&geo=IT&geo=CY&geo=LV&geo=LT&geo=LU&geo=HU&geo=MT&geo=NL&geo=AT&geo=PL&geo=PT&geo=RO&geo=SI&geo=SK&geo=FI&geo=SE&geo=EU27_2020&na_item=POP_NC&unit=THS_PER&sinceTimePeriod=2013,2026-10-06
nama_10_pe,EL,2021,10640.41,p,2026-10-02T23:00:00+0200,https://ec.europa.eu/eurostat/api/dissemination/statistics/1.0/data/nama_10_pe?geo=BE&geo=BG&geo=CZ&geo=DK&geo=DE&geo=EE&geo=IE&geo=EL&geo=ES&geo=FR&geo=HR&geo=IT&geo=CY&geo=LV&geo=LT&geo=LU&geo=HU&geo=MT&geo=NL&geo=AT&geo=PL&geo=PT&geo=RO&geo=SI&geo=SK&geo=FI&geo=SE&geo=EU27_2020&na_item=POP_NC&unit=THS_PER&sinceTimePeriod=2013,2026-10-06
nama_10_pe,EL,2022,10579.18,p,2026-10-02T23:00:00+0200,https://ec.europa.eu/eurostat/api/dissemination/statistics/1.0/data/nama_10_pe?geo=BE&geo=BG&geo=CZ&geo=DK&geo=DE&geo=EE&geo=IE&geo=EL&geo=ES&geo=FR&geo=HR&geo=IT&geo=CY&geo=LV&geo=LT&geo=LU&geo=HU&geo=MT&geo=NL&geo=AT&geo=PL&geo=PT&geo=RO&geo=SI&geo=SK&geo=FI&geo=SE&geo=EU27_2020&na_item=POP_NC&unit=THS_PER&sinceTimePeriod=2013,2026-10-06
nama_10_pe,EL,2023,10548.14,p,2026-10-02T23:00:00+0200,https://ec.europa.eu/eurostat/api/dissemination/statistics/1.0/data/nama_10_pe?geo=BE&geo=BG&geo=CZ&geo=DK&geo=DE&geo=EE&geo=IE&geo=EL&geo=ES&geo=FR&geo=HR&geo=IT&geo=CY&geo=LV&geo=LT&geo=LU&geo=HU&geo=MT&geo=NL&geo=AT&geo=PL&geo=PT&geo=RO&geo=SI&geo=SK&geo=FI&geo=SE&geo=EU27_2020&na_item=POP_NC&unit=THS_PER&sinceTimePeriod=2013,2026-10-06
nama_10_pe,EL,2024,10531.29,p,2026-10-02T23:00:00+0200,https://ec.europa.eu/eurostat/api/dissemination/statistics/1.0/data/nama_10_pe?geo=BE&geo=BG&geo=CZ&geo=DK&geo=DE&geo=EE&geo=IE&geo=EL&geo=ES&geo=FR&geo=HR&geo=IT&geo=CY&geo=LV&geo=LT&geo=LU&geo=HU&geo=MT&geo=NL&geo=AT&geo=PL&geo=PT&geo=RO&geo=SI&geo=SK&geo=FI&geo=SE&geo=EU27_2020&na_item=POP_NC&unit=THS_PER&sinceTimePeriod=2013,2026-10-06
nama_10_pe,EL,2025,10537.64,p,2026-10-02T23:00:00+0200,https://ec.europa.eu/eurostat/api/dissemination/statistics/1.0/data/nama_10_pe?geo=BE&geo=BG&geo=CZ&geo=DK&geo=DE&geo=EE&geo=IE&geo=EL&geo=ES&geo=FR&geo=HR&geo=IT&geo=CY&geo=LV&geo=LT&geo=LU&geo=HU&geo=MT&geo=NL&geo=AT&geo=PL&geo=PT&geo=RO&geo=SI&geo=SK&geo=FI&geo=SE&geo=EU27_2020&na_item=POP_NC&unit=THS_PER&sinceTimePeriod=2013,2026-10-06
nama_10_pe,ES,2013,46581.12,,2026-10-02T23:00:00+0200,https://ec.europa.eu/eurostat/api/dissemination/statistics/1.0/data/nama_10_pe?geo=BE&geo=BG&geo=CZ&geo=DK&geo=DE&geo=EE&geo=IE&geo=EL&geo=ES&geo=FR&geo=HR&geo=IT&geo=CY&geo=LV&geo=LT&geo=LU&geo=HU&geo=MT&geo=NL&geo=AT&geo=PL&geo=PT&geo=RO&geo=SI&geo=SK&geo=FI&geo=SE&geo=EU27_2020&na_item=POP_NC&unit=THS_PER&sinceTimePeriod=2013,2026-10-06
nama_10_pe,ES,2014,46433.05,,2026-10-02T23:00:00+0200,https://ec.europa.eu/eurostat/api/dissemination/statistics/1.0/data/nama_10_pe?geo=BE&geo=BG&geo=CZ&geo=DK&geo=DE&geo=EE&geo=IE&geo=EL&geo=ES&geo=FR&geo=HR&geo=IT&geo=CY&geo=LV&geo=LT&geo=LU&geo=HU&geo=MT&geo=NL&geo=AT&geo=PL&geo=PT&geo=RO&geo=SI&geo=SK&geo=FI&geo=SE&geo=EU27_2020&na_item=POP_NC&unit=THS_PER&sinceTimePeriod=2013,2026-10-06
nama_10_pe,ES,2015,46384.38,,2026-10-02T23:00:00+0200,https://ec.europa.eu/eurostat/api/dissemination/statistics/1.0/data/nama_10_pe?geo=BE&geo=BG&geo=CZ&geo=DK&geo=DE&geo=EE&geo=IE&geo=EL&geo=ES&geo=FR&geo=HR&geo=IT&geo=CY&geo=LV&geo=LT&geo=LU&geo=HU&geo=MT&geo=NL&geo=AT&geo=PL&geo=PT&geo=RO&geo=SI&geo=SK&geo=FI&geo=SE&geo=EU27_2020&na_item=POP_NC&unit=THS_PER&sinceTimePeriod=2013,2026-10-06
nama_10_pe,ES,2016,46427.1,,2026-10-02T23:00:00+0200,https://ec.europa.eu/eurostat/api/dissemination/statistics/1.0/data/nama_10_pe?geo=BE&geo=BG&geo=CZ&geo=DK&geo=DE&geo=EE&geo=IE&geo=EL&geo=ES&geo=FR&geo=HR&geo=IT&geo=CY&geo=LV&geo=LT&geo=LU&geo=HU&geo=MT&geo=NL&geo=AT&geo=PL&geo=PT&geo=RO&geo=SI&geo=SK&geo=FI&geo=SE&geo=EU27_2020&na_item=POP_NC&unit=THS_PER&sinceTimePeriod=2013,2026-10-06
nama_10_pe,ES,2017,46510.46,,2026-10-02T23:00:00+0200,https://ec.europa.eu/eurostat/api/dissemination/statistics/1.0/data/nama_10_pe?geo=BE&geo=BG&geo=CZ&geo=DK&geo=DE&geo=EE&geo=IE&geo=EL&geo=ES&geo=FR&geo=HR&geo=IT&geo=CY&geo=LV&geo=LT&geo=LU&geo=HU&geo=MT&geo=NL&geo=AT&geo=PL&geo=PT&geo=RO&geo=SI&geo=SK&geo=FI&geo=SE&geo=EU27_2020&na_item=POP_NC&unit=THS_PER&sinceTimePeriod=2013,2026-10-06
nama_10_pe,ES,2018,46715.38,,2026-10-02T23:00:00+0200,https://ec.europa.eu/eurostat/api/dissemination/statistics/1.0/data/nama_10_pe?geo=BE&geo=BG&geo=CZ&geo=DK&geo=DE&geo=EE&geo=IE&geo=EL&geo=ES&geo=FR&geo=HR&geo=IT&geo=CY&geo=LV&geo=LT&geo=LU&geo=HU&geo=MT&geo=NL&geo=AT&geo=PL&geo=PT&geo=RO&geo=SI&geo=SK&geo=FI&geo=SE&geo=EU27_2020&na_item=POP_NC&unit=THS_PER&sinceTimePeriod=2013,2026-10-06
nama_10_pe,ES,2019,47087.78,,2026-10-02T23:00:00+0200,https://ec.europa.eu/eurostat/api/dissemination/statistics/1.0/data/nama_10_pe?geo=BE&geo=BG&geo=CZ&geo=DK&geo=DE&geo=EE&geo=IE&geo=EL&geo=ES&geo=FR&geo=HR&geo=IT&geo=CY&geo=LV&geo=LT&geo=LU&geo=HU&geo=MT&geo=NL&geo=AT&geo=PL&geo=PT&geo=RO&geo=SI&geo=SK&geo=FI&geo=SE&geo=EU27_2020&na_item=POP_NC&unit=THS_PER&sinceTimePeriod=2013,2026-10-06
nama_10_pe,ES,2020,47344.85,,2026-10-02T23:00:00+0200,https://ec.europa.eu/eurostat/api/dissemination/statistics/1.0/data/nama_10_pe?geo=BE&geo=BG&geo=CZ&geo=DK&geo=DE&geo=EE&geo=IE&geo=EL&geo=ES&geo=FR&geo=HR&geo=IT&geo=CY&geo=LV&geo=LT&geo=LU&geo=HU&geo=MT&geo=NL&geo=AT&geo=PL&geo=PT&geo=RO&geo=SI&geo=SK&geo=FI&geo=SE&geo=EU27_2020&na_item=POP_NC&unit=THS_PER&sinceTimePeriod=2013,2026-10-06
nama_10_pe,ES,2021,47346.84,,2026-10-02T23:00:00+0200,https://ec.europa.eu/eurostat/api/dissemination/statistics/1.0/data/nama_10_pe?geo=BE&geo=BG&geo=CZ&geo=DK&geo=DE&geo=EE&geo=IE&geo=EL&geo=ES&geo=FR&geo=HR&geo=IT&geo=CY&geo=LV&geo=LT&geo=LU&geo=HU&geo=MT&geo=NL&geo=AT&geo=PL&geo=PT&geo=RO&geo=SI&geo=SK&geo=FI&geo=SE&geo=EU27_2020&na_item=POP_NC&unit=THS_PER&sinceTimePeriod=2013,2026-10-06
nama_10_pe,ES,2022,47786.04,,2026-10-02T23:00:00+0200,https://ec.europa.eu/eurostat/api/dissemination/statistics/1.0/data/nama_10_pe?geo=BE&geo=BG&geo=CZ&geo=DK&geo=DE&geo=EE&geo=IE&geo=EL&geo=ES&geo=FR&geo=HR&geo=IT&geo=CY&geo=LV&geo=LT&geo=LU&geo=HU&geo=MT&geo=NL&geo=AT&geo=PL&geo=PT&geo=RO&geo=SI&geo=SK&geo=FI&geo=SE&geo=EU27_2020&na_item=POP_NC&unit=THS_PER&sinceTimePeriod=2013,2026-10-06
nama_10_pe,ES,2023,48352.53,,2026-10-02T23:00:00+0200,https://ec.europa.eu/eurostat/api/dissemination/statistics/1.0/data/nama_10_pe?geo=BE&geo=BG&geo=CZ&geo=DK&geo=DE&geo=EE&geo=IE&geo=EL&geo=ES&geo=FR&geo=HR&geo=IT&geo=CY&geo=LV&geo=LT&geo=LU&geo=HU&geo=MT&geo=NL&geo=AT&geo=PL&geo=PT&geo=RO&geo=SI&geo=SK&geo=FI&geo=SE&geo=EU27_2020&na_item=POP_NC&unit=THS_PER&sinceTimePeriod=2013,2026-10-06
nama_10_pe,ES,2024,48874.0,p,2026-10-02T23:00:00+0200,https://ec.europa.eu/eurostat/api/dissemination/statistics/1.0/data/nama_10_pe?geo=BE&geo=BG&geo=CZ&geo=DK&geo=DE&geo=EE&geo=IE&geo=EL&geo=ES&geo=FR&geo=HR&geo=IT&geo=CY&geo=LV&geo=LT&geo=LU&geo=HU&geo=MT&geo=NL&geo=AT&geo=PL&geo=PT&geo=RO&geo=SI&geo=SK&geo=FI&geo=SE&geo=EU27_2020&na_item=POP_NC&unit=THS_PER&sinceTimePeriod=2013,2026-10-06
nama_10_pe,ES,2025,49362.34,p,2026-10-02T23:00:00+0200,https://ec.europa.eu/eurostat/api/dissemination/statistics/1.0/data/nama_10_pe?geo=BE&geo=BG&geo=CZ&geo=DK&geo=DE&geo=EE&geo=IE&geo=EL&geo=ES&geo=FR&geo=HR&geo=IT&geo=CY&geo=LV&geo=LT&geo=LU&geo=HU&geo=MT&geo=NL&geo=AT&geo=PL&geo=PT&geo=RO&geo=SI&geo=SK&geo=FI&geo=SE&geo=EU27_2020&na_item=POP_NC&unit=THS_PER&sinceTimePeriod=2013,2026-10-06
nama_10_pe,EU27_2020,2013,441628.0,,2026-10-02T23:00:00+0200,https://ec.europa.eu/eurostat/api/dissemination/statistics/1.0/data/nama_10_pe?geo=BE&geo=BG&geo=CZ&geo=DK&geo=DE&geo=EE&geo=IE&geo=EL&geo=ES&geo=FR&geo=HR&geo=IT&geo=CY&geo=LV&geo=LT&geo=LU&geo=HU&geo=MT&geo=NL&geo=AT&geo=PL&geo=PT&geo=RO&geo=SI&geo=SK&geo=FI&geo=SE&geo=EU27_2020&na_item=POP_NC&unit=THS_PER&sinceTimePeriod=2013,2026-10-06
nama_10_pe,EU27_2020,2014,442026.12,,2026-10-02T23:00:00+0200,https://ec.europa.eu/eurostat/api/dissemination/statistics/1.0/data/nama_10_pe?geo=BE&geo=BG&geo=CZ&geo=DK&geo=DE&geo=EE&geo=IE&geo=EL&geo=ES&geo=FR&geo=HR&geo=IT&geo=CY&geo=LV&geo=LT&geo=LU&geo=HU&geo=MT&geo=NL&geo=AT&geo=PL&geo=PT&geo=RO&geo=SI&geo=SK&geo=FI&geo=SE&geo=EU27_2020&na_item=POP_NC&unit=THS_PER&sinceTimePeriod=2013,2026-10-06
nama_10_pe,EU27_2020,2015,442784.95,,2026-10-02T23:00:00+0200,https://ec.europa.eu/eurostat/api/dissemination/statistics/1.0/data/nama_10_pe?geo=BE&geo=BG&geo=CZ&geo=DK&geo=DE&geo=EE&geo=IE&geo=EL&geo=ES&geo=FR&geo=HR&geo=IT&geo=CY&geo=LV&geo=LT&geo=LU&geo=HU&geo=MT&geo=NL&geo=AT&geo=PL&geo=PT&geo=RO&geo=SI&geo=SK&geo=FI&geo=SE&geo=EU27_2020&na_item=POP_NC&unit=THS_PER&sinceTimePeriod=2013,2026-10-06
nama_10_pe,EU27_2020,2016,443580.68,,2026-10-02T23:00:00+0200,https://ec.europa.eu/eurostat/api/dissemination/statistics/1.0/data/nama_10_pe?geo=BE&geo=BG&geo=CZ&geo=DK&geo=DE&geo=EE&geo=IE&geo=EL&geo=ES&geo=FR&geo=HR&geo=IT&geo=CY&geo=LV&geo=LT&geo=LU&geo=HU&geo=MT&geo=NL&geo=AT&geo=PL&geo=PT&geo=RO&geo=SI&geo=SK&geo=FI&geo=SE&geo=EU27_2020&na_item=POP_NC&unit=THS_PER&sinceTimePeriod=2013,2026-10-06
nama_10_pe,EU27_2020,2017,444116.11,,2026-10-02T23:00:00+0200,https://ec.europa.eu/eurostat/api/dissemination/statistics/1.0/data/nama_10_pe?geo=BE&geo=BG&geo=CZ&geo=DK&geo=DE&geo=EE&geo=IE&geo=EL&geo=ES&geo=FR&geo=HR&geo=IT&geo=CY&geo=LV&geo=LT&geo=LU&geo=HU&geo=MT&geo=NL&geo=AT&geo=PL&geo=PT&geo=RO&geo=SI&geo=SK&geo=FI&geo=SE&geo=EU27_2020&na_item=POP_NC&unit=THS_PER&sinceTimePeriod=2013,2026-10-06
nama_10_pe,EU27_2020,2018,444762.63,,2026-10-02T23:00:00+0200,https://ec.europa.eu/eurostat/api/dissemination/statistics/1.0/data/nama_10_pe?geo=BE&geo=BG&geo=CZ&geo=DK&geo=DE&geo=EE&geo=IE&geo=EL&geo=ES&geo=FR&geo=HR&geo=IT&geo=CY&geo=LV&geo=LT&geo=LU&geo=HU&geo=MT&geo=NL&geo=AT&geo=PL&geo=PT&geo=RO&geo=SI&geo=SK&geo=FI&geo=SE&geo=EU27_2020&na_item=POP_NC&unit=THS_PER&sinceTimePeriod=2013,2026-10-06
nama_10_pe,EU27_2020,2019,445558.27,,2026-10-02T23:00:00+0200,https://ec.europa.eu/eurostat/api/dissemination/statistics/1.0/data/nama_10_pe?geo=BE&geo=BG&geo=CZ&geo=DK&geo=DE&geo=EE&geo=IE&geo=EL&geo=ES&geo=FR&geo=HR&geo=IT&geo=CY&geo=LV&geo=LT&geo=LU&geo=HU&geo=MT&geo=NL&geo=AT&geo=PL&geo=PT&geo=RO&geo=SI&geo=SK&geo=FI&geo=SE&geo=EU27_2020&na_item=POP_NC&unit=THS_PER&sinceTimePeriod=2013,2026-10-06
nama_10_pe,EU27_2020,2020,445108.84,b,2026-10-02T23:00:00+0200,https://ec.europa.eu/eurostat/api/dissemination/statistics/1.0/data/nama_10_pe?geo=BE&geo=BG&geo=CZ&geo=DK&geo=DE&geo=EE&geo=IE&geo=EL&geo=ES&geo=FR&geo=HR&geo=IT&geo=CY&geo=LV&geo=LT&geo=LU&geo=HU&geo=MT&geo=NL&geo=AT&geo=PL&geo=PT&geo=RO&geo=SI&geo=SK&geo=FI&geo=SE&geo=EU27_2020&na_item=POP_NC&unit=THS_PER&sinceTimePeriod=2013,2026-10-06
nama_10_pe,EU27_2020,2021,444734.68,,2026-10-02T23:00:00+0200,https://ec.europa.eu/eurostat/api/dissemination/statistics/1.0/data/nama_10_pe?geo=BE&geo=BG&geo=CZ&geo=DK&geo=DE&geo=EE&geo=IE&geo=EL&geo=ES&geo=FR&geo=HR&geo=IT&geo=CY&geo=LV&geo=LT&geo=LU&geo=HU&geo=MT&geo=NL&geo=AT&geo=PL&geo=PT&geo=RO&geo=SI&geo=SK&geo=FI&geo=SE&geo=EU27_2020&na_item=POP_NC&unit=THS_PER&sinceTimePeriod=2013,2026-10-06
nama_10_pe,EU27_2020,2022,447540.46,,2026-10-02T23:00:00+0200,https://ec.europa.eu/eurostat/api/dissemination/statistics/1.0/data/nama_10_pe?geo=BE&geo=BG&geo=CZ&geo=DK&geo=DE&geo=EE&geo=IE&geo=EL&geo=ES&geo=FR&geo=HR&geo=IT&geo=CY&geo=LV&geo=LT&geo=LU&geo=HU&geo=MT&geo=NL&geo=AT&geo=PL&geo=PT&geo=RO&geo=SI&geo=SK&geo=FI&geo=SE&geo=EU27_2020&na_item=POP_NC&unit=THS_PER&sinceTimePeriod=2013,2026-10-06
nama_10_pe,EU27_2020,2023,449857.84,,2026-10-02T23:00:00+0200,https://ec.europa.eu/eurostat/api/dissemination/statistics/1.0/data/nama_10_pe?geo=BE&geo=BG&geo=CZ&geo=DK&geo=DE&geo=EE&geo=IE&geo=EL&geo=ES&geo=FR&geo=HR&geo=IT&geo=CY&geo=LV&geo=LT&geo=LU&geo=HU&geo=MT&geo=NL&geo=AT&geo=PL&geo=PT&geo=RO&geo=SI&geo=SK&geo=FI&geo=SE&geo=EU27_2020&na_item=POP_NC&unit=THS_PER&sinceTimePeriod=2013,2026-10-06
nama_10_pe,EU27_2020,2024,451249.4,,2026-10-02T23:00:00+0200,https://ec.europa.eu/eurostat/api/dissemination/statistics/1.0/data/nama_10_pe?geo=BE&geo=BG&geo=CZ&geo=DK&geo=DE&geo=EE&geo=IE&geo=EL&geo=ES&geo=FR&geo=HR&geo=IT&geo=CY&geo=LV&geo=LT&geo=LU&geo=HU&geo=MT&geo=NL&geo=AT&geo=PL&geo=PT&geo=RO&geo=SI&geo=SK&geo=FI&geo=SE&geo=EU27_2020&na_item=POP_NC&unit=THS_PER&sinceTimePeriod=2013,2026-10-06
nama_10_pe,EU27_2020,2025,452199.06,,2026-10-02T23:00:00+0200,https://ec.europa.eu/eurostat/api/dissemination/statistics/1.0/data/nama_10_pe?geo=BE&geo=BG&geo=CZ&geo=DK&geo=DE&geo=EE&geo=IE&geo=EL&geo=ES&geo=FR&geo=HR&geo=IT&geo=CY&geo=LV&geo=LT&geo=LU&geo=HU&geo=MT&geo=NL&geo=AT&geo=PL&geo=PT&geo=RO&geo=SI&geo=SK&geo=FI&geo=SE&geo=EU27_2020&na_item=POP_NC&unit=THS_PER&sinceTimePeriod=2013,2026-10-06
nama_10_pe,FI,2013,5439.0,,2026-10-02T23:00:00+0200,https://ec.europa.eu/eurostat/api/dissemination/statistics/1.0/data/nama_10_pe?geo=BE&geo=BG&geo=CZ&geo=DK&geo=DE&geo=EE&geo=IE&geo=EL&geo=ES&geo=FR&geo=HR&geo=IT&geo=CY&geo=LV&geo=LT&geo=LU&geo=HU&geo=MT&geo=NL&geo=AT&geo=PL&geo=PT&geo=RO&geo=SI&geo=SK&geo=FI&geo=SE&geo=EU27_2020&na_item=POP_NC&unit=THS_PER&sinceTimePeriod=2013,2026-10-06
nama_10_pe,FI,2014,5462.5,,2026-10-02T23:00:00+0200,https://ec.europa.eu/eurostat/api/dissemination/statistics/1.0/data/nama_10_pe?geo=BE&geo=BG&geo=CZ&geo=DK&geo=DE&geo=EE&geo=IE&geo=EL&geo=ES&geo=FR&geo=HR&geo=IT&geo=CY&geo=LV&geo=LT&geo=LU&geo=HU&geo=MT&geo=NL&geo=AT&geo=PL&geo=PT&geo=RO&geo=SI&geo=SK&geo=FI&geo=SE&geo=EU27_2020&na_item=POP_NC&unit=THS_PER&sinceTimePeriod=2013,2026-10-06
nama_10_pe,FI,2015,5480.5,,2026-10-02T23:00:00+0200,https://ec.europa.eu/eurostat/api/dissemination/statistics/1.0/data/nama_10_pe?geo=BE&geo=BG&geo=CZ&geo=DK&geo=DE&geo=EE&geo=IE&geo=EL&geo=ES&geo=FR&geo=HR&geo=IT&geo=CY&geo=LV&geo=LT&geo=LU&geo=HU&geo=MT&geo=NL&geo=AT&geo=PL&geo=PT&geo=RO&geo=SI&geo=SK&geo=FI&geo=SE&geo=EU27_2020&na_item=POP_NC&unit=THS_PER&sinceTimePeriod=2013,2026-10-06
nama_10_pe,FI,2016,5495.3,,2026-10-02T23:00:00+0200,https://ec.europa.eu/eurostat/api/dissemination/statistics/1.0/data/nama_10_pe?geo=BE&geo=BG&geo=CZ&geo=DK&geo=DE&geo=EE&geo=IE&geo=EL&geo=ES&geo=FR&geo=HR&geo=IT&geo=CY&geo=LV&geo=LT&geo=LU&geo=HU&geo=MT&geo=NL&geo=AT&geo=PL&geo=PT&geo=RO&geo=SI&geo=SK&geo=FI&geo=SE&geo=EU27_2020&na_item=POP_NC&unit=THS_PER&sinceTimePeriod=2013,2026-10-06
nama_10_pe,FI,2017,5508.2,,2026-10-02T23:00:00+0200,https://ec.europa.eu/eurostat/api/dissemination/statistics/1.0/data/nama_10_pe?geo=BE&geo=BG&geo=CZ&geo=DK&geo=DE&geo=EE&geo=IE&geo=EL&geo=ES&geo=FR&geo=HR&geo=IT&geo=CY&geo=LV&geo=LT&geo=LU&geo=HU&geo=MT&geo=NL&geo=AT&geo=PL&geo=PT&geo=RO&geo=SI&geo=SK&geo=FI&geo=SE&geo=EU27_2020&na_item=POP_NC&unit=THS_PER&sinceTimePeriod=2013,2026-10-06
nama_10_pe,FI,2018,5516.2,,2026-10-02T23:00:00+0200,https://ec.europa.eu/eurostat/api/dissemination/statistics/1.0/data/nama_10_pe?geo=BE&geo=BG&geo=CZ&geo=DK&geo=DE&geo=EE&geo=IE&geo=EL&geo=ES&geo=FR&geo=HR&geo=IT&geo=CY&geo=LV&geo=LT&geo=LU&geo=HU&geo=MT&geo=NL&geo=AT&geo=PL&geo=PT&geo=RO&geo=SI&geo=SK&geo=FI&geo=SE&geo=EU27_2020&na_item=POP_NC&unit=THS_PER&sinceTimePeriod=2013,2026-10-06
nama_10_pe,FI,2019,5521.6,,2026-10-02T23:00:00+0200,https://ec.europa.eu/eurostat/api/dissemination/statistics/1.0/data/nama_10_pe?geo=BE&geo=BG&geo=CZ&geo=DK&geo=DE&geo=EE&geo=IE&geo=EL&geo=ES&geo=FR&geo=HR&geo=IT&geo=CY&geo=LV&geo=LT&geo=LU&geo=HU&geo=MT&geo=NL&geo=AT&geo=PL&geo=PT&geo=RO&geo=SI&geo=SK&geo=FI&geo=SE&geo=EU27_2020&na_item=POP_NC&unit=THS_PER&sinceTimePeriod=2013,2026-10-06
nama_10_pe,FI,2020,5530.7,,2026-10-02T23:00:00+0200,https://ec.europa.eu/eurostat/api/dissemination/statistics/1.0/data/nama_10_pe?geo=BE&geo=BG&geo=CZ&geo=DK&geo=DE&geo=EE&geo=IE&geo=EL&geo=ES&geo=FR&geo=HR&geo=IT&geo=CY&geo=LV&geo=LT&geo=LU&geo=HU&geo=MT&geo=NL&geo=AT&geo=PL&geo=PT&geo=RO&geo=SI&geo=SK&geo=FI&geo=SE&geo=EU27_2020&na_item=POP_NC&unit=THS_PER&sinceTimePeriod=2013,2026-10-06
nama_10_pe,FI,2021,5541.5,,2026-10-02T23:00:00+0200,https://ec.europa.eu/eurostat/api/dissemination/statistics/1.0/data/nama_10_pe?geo=BE&geo=BG&geo=CZ&geo=DK&geo=DE&geo=EE&geo=IE&geo=EL&geo=ES&geo=FR&geo=HR&geo=IT&geo=CY&geo=LV&geo=LT&geo=LU&geo=HU&geo=MT&geo=NL&geo=AT&geo=PL&geo=PT&geo=RO&geo=SI&geo=SK&geo=FI&geo=SE&geo=EU27_2020&na_item=POP_NC&unit=THS_PER&sinceTimePeriod=2013,2026-10-06
nama_10_pe,FI,2022,5556.9,,2026-10-02T23:00:00+0200,https://ec.europa.eu/eurostat/api/dissemination/statistics/1.0/data/nama_10_pe?geo=BE&geo=BG&geo=CZ&geo=DK&geo=DE&geo=EE&geo=IE&geo=EL&geo=ES&geo=FR&geo=HR&geo=IT&geo=CY&geo=LV&geo=LT&geo=LU&geo=HU&geo=MT&geo=NL&geo=AT&geo=PL&geo=PT&geo=RO&geo=SI&geo=SK&geo=FI&geo=SE&geo=EU27_2020&na_item=POP_NC&unit=THS_PER&sinceTimePeriod=2013,2026-10-06
nama_10_pe,FI,2023,5577.4,,2026-10-02T23:00:00+0200,https://ec.europa.eu/eurostat/api/dissemination/statistics/1.0/data/nama_10_pe?geo=BE&geo=BG&geo=CZ&geo=DK&geo=DE&geo=EE&geo=IE&geo=EL&geo=ES&geo=FR&geo=HR&geo=IT&geo=CY&geo=LV&geo=LT&geo=LU&geo=HU&geo=MT&geo=NL&geo=AT&geo=PL&geo=PT&geo=RO&geo=SI&geo=SK&geo=FI&geo=SE&geo=EU27_2020&na_item=POP_NC&unit=THS_PER&sinceTimePeriod=2013,2026-10-06
nama_10_pe,FI,2024,5620.9,,2026-10-02T23:00:00+0200,https://ec.europa.eu/eurostat/api/dissemination/statistics/1.0/data/nama_10_pe?geo=BE&geo=BG&geo=CZ&geo=DK&geo=DE&geo=EE&geo=IE&geo=EL&geo=ES&geo=FR&geo=HR&geo=IT&geo=CY&geo=LV&geo=LT&geo=LU&geo=HU&geo=MT&geo=NL&geo=AT&geo=PL&geo=PT&geo=RO&geo=SI&geo=SK&geo=FI&geo=SE&geo=EU27_2020&na_item=POP_NC&unit=THS_PER&sinceTimePeriod=2013,2026-10-06
nama_10_pe,FI,2025,5650.0,,2026-10-02T23:00:00+0200,https://ec.europa.eu/eurostat/api/dissemination/statistics/1.0/data/nama_10_pe?geo=BE&geo=BG&geo=CZ&geo=DK&geo=DE&geo=EE&geo=IE&geo=EL&geo=ES&geo=FR&geo=HR&geo=IT&geo=CY&geo=LV&geo=LT&geo=LU&geo=HU&geo=MT&geo=NL&geo=AT&geo=PL&geo=PT&geo=RO&geo=SI&geo=SK&geo=FI&geo=SE&geo=EU27_2020&na_item=POP_NC&unit=THS_PER&sinceTimePeriod=2013,2026-10-06
nama_10_pe,FR,2013,65684.0,,2026-10-02T23:00:00+0200,https://ec.europa.eu/eurostat/api/dissemination/statistics/1.0/data/nama_10_pe?geo=BE&geo=BG&geo=CZ&geo=DK&geo=DE&geo=EE&geo=IE&geo=EL&geo=ES&geo=FR&geo=HR&geo=IT&geo=CY&geo=LV&geo=LT&geo=LU&geo=HU&geo=MT&geo=NL&geo=AT&geo=PL&geo=PT&geo=RO&geo=SI&geo=SK&geo=FI&geo=SE&geo=EU27_2020&na_item=POP_NC&unit=THS_PER&sinceTimePeriod=2013,2026-10-06
nama_10_pe,FR,2014,66021.0,,2026-10-02T23:00:00+0200,https://ec.europa.eu/eurostat/api/dissemination/statistics/1.0/data/nama_10_pe?geo=BE&geo=BG&geo=CZ&geo=DK&geo=DE&geo=EE&geo=IE&geo=EL&geo=ES&geo=FR&geo=HR&geo=IT&geo=CY&geo=LV&geo=LT&geo=LU&geo=HU&geo=MT&geo=NL&geo=AT&geo=PL&geo=PT&geo=RO&geo=SI&geo=SK&geo=FI&geo=SE&geo=EU27_2020&na_item=POP_NC&unit=THS_PER&sinceTimePeriod=2013,2026-10-06
nama_10_pe,FR,2015,66314.0,,2026-10-02T23:00:00+0200,https://ec.europa.eu/eurostat/api/dissemination/statistics/1.0/data/nama_10_pe?geo=BE&geo=BG&geo=CZ&geo=DK&geo=DE&geo=EE&geo=IE&geo=EL&geo=ES&geo=FR&geo=HR&geo=IT&geo=CY&geo=LV&geo=LT&geo=LU&geo=HU&geo=MT&geo=NL&geo=AT&geo=PL&geo=PT&geo=RO&geo=SI&geo=SK&geo=FI&geo=SE&geo=EU27_2020&na_item=POP_NC&unit=THS_PER&sinceTimePeriod=2013,2026-10-06
nama_10_pe,FR,2016,66563.0,,2026-10-02T23:00:00+0200,https://ec.europa.eu/eurostat/api/dissemination/statistics/1.0/data/nama_10_pe?geo=BE&geo=BG&geo=CZ&geo=DK&geo=DE&geo=EE&geo=IE&geo=EL&geo=ES&geo=FR&geo=HR&geo=IT&geo=CY&geo=LV&geo=LT&geo=LU&geo=HU&geo=MT&geo=NL&geo=AT&geo=PL&geo=PT&geo=RO&geo=SI&geo=SK&geo=FI&geo=SE&geo=EU27_2020&na_item=POP_NC&unit=THS_PER&sinceTimePeriod=2013,2026-10-06
nama_10_pe,FR,2017,66830.0,,2026-10-02T23:00:00+0200,https://ec.europa.eu/eurostat/api/dissemination/statistics/1.0/data/nama_10_pe?geo=BE&geo=BG&geo=CZ&geo=DK&geo=DE&geo=EE&geo=IE&geo=EL&geo=ES&geo=FR&geo=HR&geo=IT&geo=CY&geo=LV&geo=LT&geo=LU&geo=HU&geo=MT&geo=NL&geo=AT&geo=PL&geo=PT&geo=RO&geo=SI&geo=SK&geo=FI&geo=SE&geo=EU27_2020&na_item=POP_NC&unit=THS_PER&sinceTimePeriod=2013,2026-10-06
nama_10_pe,FR,2018,67135.0,,2026-10-02T23:00:00+0200,https://ec.europa.eu/eurostat/api/dissemination/statistics/1.0/data/nama_10_pe?geo=BE&geo=BG&geo=CZ&geo=DK&geo=DE&geo=EE&geo=IE&geo=EL&geo=ES&geo=FR&geo=HR&geo=IT&geo=CY&geo=LV&geo=LT&geo=LU&geo=HU&geo=MT&geo=NL&geo=AT&geo=PL&geo=PT&geo=RO&geo=SI&geo=SK&geo=FI&geo=SE&geo=EU27_2020&na_item=POP_NC&unit=THS_PER&sinceTimePeriod=2013,2026-10-06
nama_10_pe,FR,2019,67396.0,,2026-10-02T23:00:00+0200,https://ec.europa.eu/eurostat/api/dissemination/statistics/1.0/data/nama_10_pe?geo=BE&geo=BG&geo=CZ&geo=DK&geo=DE&geo=EE&geo=IE&geo=EL&geo=ES&geo=FR&geo=HR&geo=IT&geo=CY&geo=LV&geo=LT&geo=LU&geo=HU&geo=MT&geo=NL&geo=AT&geo=PL&geo=PT&geo=RO&geo=SI&geo=SK&geo=FI&geo=SE&geo=EU27_2020&na_item=POP_NC&unit=THS_PER&sinceTimePeriod=2013,2026-10-06
nama_10_pe,FR,2020,67718.0,,2026-10-02T23:00:00+0200,https://ec.europa.eu/eurostat/api/dissemination/statistics/1.0/data/nama_10_pe?geo=BE&geo=BG&geo=CZ&geo=DK&geo=DE&geo=EE&geo=IE&geo=EL&geo=ES&geo=FR&geo=HR&geo=IT&geo=CY&geo=LV&geo=LT&geo=LU&geo=HU&geo=MT&geo=NL&geo=AT&geo=PL&geo=PT&geo=RO&geo=SI&geo=SK&geo=FI&geo=SE&geo=EU27_2020&na_item=POP_NC&unit=THS_PER&sinceTimePeriod=2013,2026-10-06
nama_10_pe,FR,2021,67958.0,,2026-10-02T23:00:00+0200,https://ec.europa.eu/eurostat/api/dissemination/statistics/1.0/data/nama_10_pe?geo=BE&geo=BG&geo=CZ&geo=DK&geo=DE&geo=EE&geo=IE&geo=EL&geo=ES&geo=FR&geo=HR&geo=IT&geo=CY&geo=LV&geo=LT&geo=LU&geo=HU&geo=MT&geo=NL&geo=AT&geo=PL&geo=PT&geo=RO&geo=SI&geo=SK&geo=FI&geo=SE&geo=EU27_2020&na_item=POP_NC&unit=THS_PER&sinceTimePeriod=2013,2026-10-06
nama_10_pe,FR,2022,68279.0,,2026-10-02T23:00:00+0200,https://ec.europa.eu/eurostat/api/dissemination/statistics/1.0/data/nama_10_pe?geo=BE&geo=BG&geo=CZ&geo=DK&geo=DE&geo=EE&geo=IE&geo=EL&geo=ES&geo=FR&geo=HR&geo=IT&geo=CY&geo=LV&geo=LT&geo=LU&geo=HU&geo=MT&geo=NL&geo=AT&geo=PL&geo=PT&geo=RO&geo=SI&geo=SK&geo=FI&geo=SE&geo=EU27_2020&na_item=POP_NC&unit=THS_PER&sinceTimePeriod=2013,2026-10-06
nama_10_pe,FR,2023,68553.0,,2026-10-02T23:00:00+0200,https://ec.europa.eu/eurostat/api/dissemination/statistics/1.0/data/nama_10_pe?geo=BE&geo=BG&geo=CZ&geo=DK&geo=DE&geo=EE&geo=IE&geo=EL&geo=ES&geo=FR&geo=HR&geo=IT&geo=CY&geo=LV&geo=LT&geo=LU&geo=HU&geo=MT&geo=NL&geo=AT&geo=PL&geo=PT&geo=RO&geo=SI&geo=SK&geo=FI&geo=SE&geo=EU27_2020&na_item=POP_NC&unit=THS_PER&sinceTimePeriod=2013,2026-10-06
nama_10_pe,FR,2024,68776.0,p,2026-10-02T23:00:00+0200,https://ec.europa.eu/eurostat/api/dissemination/statistics/1.0/data/nama_10_pe?geo=BE&geo=BG&geo=CZ&geo=DK&geo=DE&geo=EE&geo=IE&geo=EL&geo=ES&geo=FR&geo=HR&geo=IT&geo=CY&geo=LV&geo=LT&geo=LU&geo=HU&geo=MT&geo=NL&geo=AT&geo=PL&geo=PT&geo=RO&geo=SI&geo=SK&geo=FI&geo=SE&geo=EU27_2020&na_item=POP_NC&unit=THS_PER&sinceTimePeriod=2013,2026-10-06
nama_10_pe,FR,2025,68998.0,p,2026-10-02T23:00:00+0200,https://ec.europa.eu/eurostat/api/dissemination/statistics/1.0/data/nama_10_pe?geo=BE&geo=BG&geo=CZ&geo=DK&geo=DE&geo=EE&geo=IE&geo=EL&geo=ES&geo=FR&geo=HR&geo=IT&geo=CY&geo=LV&geo=LT&geo=LU&geo=HU&geo=MT&geo=NL&geo=AT&geo=PL&geo=PT&geo=RO&geo=SI&geo=SK&geo=FI&geo=SE&geo=EU27_2020&na_item=POP_NC&unit=THS_PER&sinceTimePeriod=2013,2026-10-06
nama_10_pe,HR,2013,4228.95,,2026-10-02T23:00:00+0200,https://ec.europa.eu/eurostat/api/dissemination/statistics/1.0/data/nama_10_pe?geo=BE&geo=BG&geo=CZ&geo=DK&geo=DE&geo=EE&geo=IE&geo=EL&geo=ES&geo=FR&geo=HR&geo=IT&geo=CY&geo=LV&geo=LT&geo=LU&geo=HU&geo=MT&geo=NL&geo=AT&geo=PL&geo=PT&geo=RO&geo=SI&geo=SK&geo=FI&geo=SE&geo=EU27_2020&na_item=POP_NC&unit=THS_PER&sinceTimePeriod=2013,2026-10-06
nama_10_pe,HR,2014,4194.68,,2026-10-02T23:00:00+0200,https://ec.europa.eu/eurostat/api/dissemination/statistics/1.0/data/nama_10_pe?geo=BE&geo=BG&geo=CZ&geo=DK&geo=DE&geo=EE&geo=IE&geo=EL&geo=ES&geo=FR&geo=HR&geo=IT&geo=CY&geo=LV&geo=LT&geo=LU&geo=HU&geo=MT&geo=NL&geo=AT&geo=PL&geo=PT&geo=RO&geo=SI&geo=SK&geo=FI&geo=SE&geo=EU27_2020&na_item=POP_NC&unit=THS_PER&sinceTimePeriod=2013,2026-10-06
nama_10_pe,HR,2015,4149.79,,2026-10-02T23:00:00+0200,https://ec.europa.eu/eurostat/api/dissemination/statistics/1.0/data/nama_10_pe?geo=BE&geo=BG&geo=CZ&geo=DK&geo=DE&geo=EE&geo=IE&geo=EL&geo=ES&geo=FR&geo=HR&geo=IT&geo=CY&geo=LV&geo=LT&geo=LU&geo=HU&geo=MT&geo=NL&geo=AT&geo=PL&geo=PT&geo=RO&geo=SI&geo=SK&geo=FI&geo=SE&geo=EU27_2020&na_item=POP_NC&unit=THS_PER&sinceTimePeriod=2013,2026-10-06
nama_10_pe,HR,2016,4098.4,,2026-10-02T23:00:00+0200,https://ec.europa.eu/eurostat/api/dissemination/statistics/1.0/data/nama_10_pe?geo=BE&geo=BG&geo=CZ&geo=DK&geo=DE&geo=EE&geo=IE&geo=EL&geo=ES&geo=FR&geo=HR&geo=IT&geo=CY&geo=LV&geo=LT&geo=LU&geo=HU&geo=MT&geo=NL&geo=AT&geo=PL&geo=PT&geo=RO&geo=SI&geo=SK&geo=FI&geo=SE&geo=EU27_2020&na_item=POP_NC&unit=THS_PER&sinceTimePeriod=2013,2026-10-06
nama_10_pe,HR,2017,4038.5,,2026-10-02T23:00:00+0200,https://ec.europa.eu/eurostat/api/dissemination/statistics/1.0/data/nama_10_pe?geo=BE&geo=BG&geo=CZ&geo=DK&geo=DE&geo=EE&geo=IE&geo=EL&geo=ES&geo=FR&geo=HR&geo=IT&geo=CY&geo=LV&geo=LT&geo=LU&geo=HU&geo=MT&geo=NL&geo=AT&geo=PL&geo=PT&geo=RO&geo=SI&geo=SK&geo=FI&geo=SE&geo=EU27_2020&na_item=POP_NC&unit=THS_PER&sinceTimePeriod=2013,2026-10-06
nama_10_pe,HR,2018,3985.8,,2026-10-02T23:00:00+0200,https://ec.europa.eu/eurostat/api/dissemination/statistics/1.0/data/nama_10_pe?geo=BE&geo=BG&geo=CZ&geo=DK&geo=DE&geo=EE&geo=IE&geo=EL&geo=ES&geo=FR&geo=HR&geo=IT&geo=CY&geo=LV&geo=LT&geo=LU&geo=HU&geo=MT&geo=NL&geo=AT&geo=PL&geo=PT&geo=RO&geo=SI&geo=SK&geo=FI&geo=SE&geo=EU27_2020&na_item=POP_NC&unit=THS_PER&sinceTimePeriod=2013,2026-10-06
nama_10_pe,HR,2019,3946.7,,2026-10-02T23:00:00+0200,https://ec.europa.eu/eurostat/api/dissemination/statistics/1.0/data/nama_10_pe?geo=BE&geo=BG&geo=CZ&geo=DK&geo=DE&geo=EE&geo=IE&geo=EL&geo=ES&geo=FR&geo=HR&geo=IT&geo=CY&geo=LV&geo=LT&geo=LU&geo=HU&geo=MT&geo=NL&geo=AT&geo=PL&geo=PT&geo=RO&geo=SI&geo=SK&geo=FI&geo=SE&geo=EU27_2020&na_item=POP_NC&unit=THS_PER&sinceTimePeriod=2013,2026-10-06
nama_10_pe,HR,2020,3908.21,,2026-10-02T23:00:00+0200,https://ec.europa.eu/eurostat/api/dissemination/statistics/1.0/data/nama_10_pe?geo=BE&geo=BG&geo=CZ&geo=DK&geo=DE&geo=EE&geo=IE&geo=EL&geo=ES&geo=FR&geo=HR&geo=IT&geo=CY&geo=LV&geo=LT&geo=LU&geo=HU&geo=MT&geo=NL&geo=AT&geo=PL&geo=PT&geo=RO&geo=SI&geo=SK&geo=FI&geo=SE&geo=EU27_2020&na_item=POP_NC&unit=THS_PER&sinceTimePeriod=2013,2026-10-06
nama_10_pe,HR,2021,3873.83,,2026-10-02T23:00:00+0200,https://ec.europa.eu/eurostat/api/dissemination/statistics/1.0/data/nama_10_pe?geo=BE&geo=BG&geo=CZ&geo=DK&geo=DE&geo=EE&geo=IE&geo=EL&geo=ES&geo=FR&geo=HR&geo=IT&geo=CY&geo=LV&geo=LT&geo=LU&geo=HU&geo=MT&geo=NL&geo=AT&geo=PL&geo=PT&geo=RO&geo=SI&geo=SK&geo=FI&geo=SE&geo=EU27_2020&na_item=POP_NC&unit=THS_PER&sinceTimePeriod=2013,2026-10-06
nama_10_pe,HR,2022,3855.17,,2026-10-02T23:00:00+0200,https://ec.europa.eu/eurostat/api/dissemination/statistics/1.0/data/nama_10_pe?geo=BE&geo=BG&geo=CZ&geo=DK&geo=DE&geo=EE&geo=IE&geo=EL&geo=ES&geo=FR&geo=HR&geo=IT&geo=CY&geo=LV&geo=LT&geo=LU&geo=HU&geo=MT&geo=NL&geo=AT&geo=PL&geo=PT&geo=RO&geo=SI&geo=SK&geo=FI&geo=SE&geo=EU27_2020&na_item=POP_NC&unit=THS_PER&sinceTimePeriod=2013,2026-10-06
nama_10_pe,HR,2023,3857.81,,2026-10-02T23:00:00+0200,https://ec.europa.eu/eurostat/api/dissemination/statistics/1.0/data/nama_10_pe?geo=BE&geo=BG&geo=CZ&geo=DK&geo=DE&geo=EE&geo=IE&geo=EL&geo=ES&geo=FR&geo=HR&geo=IT&geo=CY&geo=LV&geo=LT&geo=LU&geo=HU&geo=MT&geo=NL&geo=AT&geo=PL&geo=PT&geo=RO&geo=SI&geo=SK&geo=FI&geo=SE&geo=EU27_2020&na_item=POP_NC&unit=THS_PER&sinceTimePeriod=2013,2026-10-06
nama_10_pe,HR,2024,3869.48,p,2026-10-02T23:00:00+0200,https://ec.europa.eu/eurostat/api/dissemination/statistics/1.0/data/nama_10_pe?geo=BE&geo=BG&geo=CZ&geo=DK&geo=DE&geo=EE&geo=IE&geo=EL&geo=ES&geo=FR&geo=HR&geo=IT&geo=CY&geo=LV&geo=LT&geo=LU&geo=HU&geo=MT&geo=NL&geo=AT&geo=PL&geo=PT&geo=RO&geo=SI&geo=SK&geo=FI&geo=SE&geo=EU27_2020&na_item=POP_NC&unit=THS_PER&sinceTimePeriod=2013,2026-10-06
nama_10_pe,HR,2025,3882.7,p,2026-10-02T23:00:00+0200,https://ec.europa.eu/eurostat/api/dissemination/statistics/1.0/data/nama_10_pe?geo=BE&geo=BG&geo=CZ&geo=DK&geo=DE&geo=EE&geo=IE&geo=EL&geo=ES&geo=FR&geo=HR&geo=IT&geo=CY&geo=LV&geo=LT&geo=LU&geo=HU&geo=MT&geo=NL&geo=AT&geo=PL&geo=PT&geo=RO&geo=SI&geo=SK&geo=FI&geo=SE&geo=EU27_2020&na_item=POP_NC&unit=THS_PER&sinceTimePeriod=2013,2026-10-06
nama_10_pe,HU,2013,9872.73,,2026-10-02T23:00:00+0200,https://ec.europa.eu/eurostat/api/dissemination/statistics/1.0/data/nama_10_pe?geo=BE&geo=BG&geo=CZ&geo=DK&geo=DE&geo=EE&geo=IE&geo=EL&geo=ES&geo=FR&geo=HR&geo=IT&geo=CY&geo=LV&geo=LT&geo=LU&geo=HU&geo=MT&geo=NL&geo=AT&geo=PL&geo=PT&geo=RO&geo=SI&geo=SK&geo=FI&geo=SE&geo=EU27_2020&na_item=POP_NC&unit=THS_PER&sinceTimePeriod=2013,2026-10-06
nama_10_pe,HU,2014,9833.04,,2026-10-02T23:00:00+0200,https://ec.europa.eu/eurostat/api/dissemination/statistics/1.0/data/nama_10_pe?geo=BE&geo=BG&geo=CZ&geo=DK&geo=DE&geo=EE&geo=IE&geo=EL&geo=ES&geo=FR&geo=HR&geo=IT&geo=CY&geo=LV&geo=LT&geo=LU&geo=HU&geo=MT&geo=NL&geo=AT&geo=PL&geo=PT&geo=RO&geo=SI&geo=SK&geo=FI&geo=SE&geo=EU27_2020&na_item=POP_NC&unit=THS_PER&sinceTimePeriod=2013,2026-10-06
nama_10_pe,HU,2015,9797.76,,2026-10-02T23:00:00+0200,https://ec.europa.eu/eurostat/api/dissemination/statistics/1.0/data/nama_10_pe?geo=BE&geo=BG&geo=CZ&geo=DK&geo=DE&geo=EE&geo=IE&geo=EL&geo=ES&geo=FR&geo=HR&geo=IT&geo=CY&geo=LV&geo=LT&geo=LU&geo=HU&geo=MT&geo=NL&geo=AT&geo=PL&geo=PT&geo=RO&geo=SI&geo=SK&geo=FI&geo=SE&geo=EU27_2020&na_item=POP_NC&unit=THS_PER&sinceTimePeriod=2013,2026-10-06
nama_10_pe,HU,2016,9759.76,,2026-10-02T23:00:00+0200,https://ec.europa.eu/eurostat/api/dissemination/statistics/1.0/data/nama_10_pe?geo=BE&geo=BG&geo=CZ&geo=DK&geo=DE&geo=EE&geo=IE&geo=EL&geo=ES&geo=FR&geo=HR&geo=IT&geo=CY&geo=LV&geo=LT&geo=LU&geo=HU&geo=MT&geo=NL&geo=AT&geo=PL&geo=PT&geo=RO&geo=SI&geo=SK&geo=FI&geo=SE&geo=EU27_2020&na_item=POP_NC&unit=THS_PER&sinceTimePeriod=2013,2026-10-06
nama_10_pe,HU,2017,9726.76,,2026-10-02T23:00:00+0200,https://ec.europa.eu/eurostat/api/dissemination/statistics/1.0/data/nama_10_pe?geo=BE&geo=BG&geo=CZ&geo=DK&geo=DE&geo=EE&geo=IE&geo=EL&geo=ES&geo=FR&geo=HR&geo=IT&geo=CY&geo=LV&geo=LT&geo=LU&geo=HU&geo=MT&geo=NL&geo=AT&geo=PL&geo=PT&geo=RO&geo=SI&geo=SK&geo=FI&geo=SE&geo=EU27_2020&na_item=POP_NC&unit=THS_PER&sinceTimePeriod=2013,2026-10-06
nama_10_pe,HU,2018,9706.96,,2026-10-02T23:00:00+0200,https://ec.europa.eu/eurostat/api/dissemination/statistics/1.0/data/nama_10_pe?geo=BE&geo=BG&geo=CZ&geo=DK&geo=DE&geo=EE&geo=IE&geo=EL&geo=ES&geo=FR&geo=HR&geo=IT&geo=CY&geo=LV&geo=LT&geo=LU&geo=HU&geo=MT&geo=NL&geo=AT&geo=PL&geo=PT&geo=RO&geo=SI&geo=SK&geo=FI&geo=SE&geo=EU27_2020&na_item=POP_NC&unit=THS_PER&sinceTimePeriod=2013,2026-10-06
nama_10_pe,HU,2019,9694.82,,2026-10-02T23:00:00+0200,https://ec.europa.eu/eurostat/api/dissemination/statistics/1.0/data/nama_10_pe?geo=BE&geo=BG&geo=CZ&geo=DK&geo=DE&geo=EE&geo=IE&geo=EL&geo=ES&geo=FR&geo=HR&geo=IT&geo=CY&geo=LV&geo=LT&geo=LU&geo=HU&geo=MT&geo=NL&geo=AT&geo=PL&geo=PT&geo=RO&geo=SI&geo=SK&geo=FI&geo=SE&geo=EU27_2020&na_item=POP_NC&unit=THS_PER&sinceTimePeriod=2013,2026-10-06
nama_10_pe,HU,2020,9670.42,,2026-10-02T23:00:00+0200,https://ec.europa.eu/eurostat/api/dissemination/statistics/1.0/data/nama_10_pe?geo=BE&geo=BG&geo=CZ&geo=DK&geo=DE&geo=EE&geo=IE&geo=EL&geo=ES&geo=FR&geo=HR&geo=IT&geo=CY&geo=LV&geo=LT&geo=LU&geo=HU&geo=MT&geo=NL&geo=AT&geo=PL&geo=PT&geo=RO&geo=SI&geo=SK&geo=FI&geo=SE&geo=EU27_2020&na_item=POP_NC&unit=THS_PER&sinceTimePeriod=2013,2026-10-06
nama_10_pe,HU,2021,9630.93,,2026-10-02T23:00:00+0200,https://ec.europa.eu/eurostat/api/dissemination/statistics/1.0/data/nama_10_pe?geo=BE&geo=BG&geo=CZ&geo=DK&geo=DE&geo=EE&geo=IE&geo=EL&geo=ES&geo=FR&geo=HR&geo=IT&geo=CY&geo=LV&geo=LT&geo=LU&geo=HU&geo=MT&geo=NL&geo=AT&geo=PL&geo=PT&geo=RO&geo=SI&geo=SK&geo=FI&geo=SE&geo=EU27_2020&na_item=POP_NC&unit=THS_PER&sinceTimePeriod=2013,2026-10-06
nama_10_pe,HU,2022,9605.07,,2026-10-02T23:00:00+0200,https://ec.europa.eu/eurostat/api/dissemination/statistics/1.0/data/nama_10_pe?geo=BE&geo=BG&geo=CZ&geo=DK&geo=DE&geo=EE&geo=IE&geo=EL&geo=ES&geo=FR&geo=HR&geo=IT&geo=CY&geo=LV&geo=LT&geo=LU&geo=HU&geo=MT&geo=NL&geo=AT&geo=PL&geo=PT&geo=RO&geo=SI&geo=SK&geo=FI&geo=SE&geo=EU27_2020&na_item=POP_NC&unit=THS_PER&sinceTimePeriod=2013,2026-10-06
nama_10_pe,HU,2023,9592.19,,2026-10-02T23:00:00+0200,https://ec.europa.eu/eurostat/api/dissemination/statistics/1.0/data/nama_10_pe?geo=BE&geo=BG&geo=CZ&geo=DK&geo=DE&geo=EE&geo=IE&geo=EL&geo=ES&geo=FR&geo=HR&geo=IT&geo=CY&geo=LV&geo=LT&geo=LU&geo=HU&geo=MT&geo=NL&geo=AT&geo=PL&geo=PT&geo=RO&geo=SI&geo=SK&geo=FI&geo=SE&geo=EU27_2020&na_item=POP_NC&unit=THS_PER&sinceTimePeriod=2013,2026-10-06
nama_10_pe,HU,2024,9562.07,,2026-10-02T23:00:00+0200,https://ec.europa.eu/eurostat/api/dissemination/statistics/1.0/data/nama_10_pe?geo=BE&geo=BG&geo=CZ&geo=DK&geo=DE&geo=EE&geo=IE&geo=EL&geo=ES&geo=FR&geo=HR&geo=IT&geo=CY&geo=LV&geo=LT&geo=LU&geo=HU&geo=MT&geo=NL&geo=AT&geo=PL&geo=PT&geo=RO&geo=SI&geo=SK&geo=FI&geo=SE&geo=EU27_2020&na_item=POP_NC&unit=THS_PER&sinceTimePeriod=2013,2026-10-06
nama_10_pe,HU,2025,9514.18,p,2026-10-02T23:00:00+0200,https://ec.europa.eu/eurostat/api/dissemination/statistics/1.0/data/nama_10_pe?geo=BE&geo=BG&geo=CZ&geo=DK&geo=DE&geo=EE&geo=IE&geo=EL&geo=ES&geo=FR&geo=HR&geo=IT&geo=CY&geo=LV&geo=LT&geo=LU&geo=HU&geo=MT&geo=NL&geo=AT&geo=PL&geo=PT&geo=RO&geo=SI&geo=SK&geo=FI&geo=SE&geo=EU27_2020&na_item=POP_NC&unit=THS_PER&sinceTimePeriod=2013,2026-10-06
nama_10_pe,IE,2013,4620.04,,2026-10-02T23:00:00+0200,https://ec.europa.eu/eurostat/api/dissemination/statistics/1.0/data/nama_10_pe?geo=BE&geo=BG&geo=CZ&geo=DK&geo=DE&geo=EE&geo=IE&geo=EL&geo=ES&geo=FR&geo=HR&geo=IT&geo=CY&geo=LV&geo=LT&geo=LU&geo=HU&geo=MT&geo=NL&geo=AT&geo=PL&geo=PT&geo=RO&geo=SI&geo=SK&geo=FI&geo=SE&geo=EU27_2020&na_item=POP_NC&unit=THS_PER&sinceTimePeriod=2013,2026-10-06
nama_10_pe,IE,2014,4652.46,,2026-10-02T23:00:00+0200,https://ec.europa.eu/eurostat/api/dissemination/statistics/1.0/data/nama_10_pe?geo=BE&geo=BG&geo=CZ&geo=DK&geo=DE&geo=EE&geo=IE&geo=EL&geo=ES&geo=FR&geo=HR&geo=IT&geo=CY&geo=LV&geo=LT&geo=LU&geo=HU&geo=MT&geo=NL&geo=AT&geo=PL&geo=PT&geo=RO&geo=SI&geo=SK&geo=FI&geo=SE&geo=EU27_2020&na_item=POP_NC&unit=THS_PER&sinceTimePeriod=2013,2026-10-06
nama_10_pe,IE,2015,4695.77,,2026-10-02T23:00:00+0200,https://ec.europa.eu/eurostat/api/dissemination/statistics/1.0/data/nama_10_pe?geo=BE&geo=BG&geo=CZ&geo=DK&geo=DE&geo=EE&geo=IE&geo=EL&geo=ES&geo=FR&geo=HR&geo=IT&geo=CY&geo=LV&geo=LT&geo=LU&geo=HU&geo=MT&geo=NL&geo=AT&geo=PL&geo=PT&geo=RO&geo=SI&geo=SK&geo=FI&geo=SE&geo=EU27_2020&na_item=POP_NC&unit=THS_PER&sinceTimePeriod=2013,2026-10-06
nama_10_pe,IE,2016,4752.46,,2026-10-02T23:00:00+0200,https://ec.europa.eu/eurostat/api/dissemination/statistics/1.0/data/nama_10_pe?geo=BE&geo=BG&geo=CZ&geo=DK&geo=DE&geo=EE&geo=IE&geo=EL&geo=ES&geo=FR&geo=HR&geo=IT&geo=CY&geo=LV&geo=LT&geo=LU&geo=HU&geo=MT&geo=NL&geo=AT&geo=PL&geo=PT&geo=RO&geo=SI&geo=SK&geo=FI&geo=SE&geo=EU27_2020&na_item=POP_NC&unit=THS_PER&sinceTimePeriod=2013,2026-10-06
nama_10_pe,IE,2017,4821.08,,2026-10-02T23:00:00+0200,https://ec.europa.eu/eurostat/api/dissemination/statistics/1.0/data/nama_10_pe?geo=BE&geo=BG&geo=CZ&geo=DK&geo=DE&geo=EE&geo=IE&geo=EL&geo=ES&geo=FR&geo=HR&geo=IT&geo=CY&geo=LV&geo=LT&geo=LU&geo=HU&geo=MT&geo=NL&geo=AT&geo=PL&geo=PT&geo=RO&geo=SI&geo=SK&geo=FI&geo=SE&geo=EU27_2020&na_item=POP_NC&unit=THS_PER&sinceTimePeriod=2013,2026-10-06
nama_10_pe,IE,2018,4890.41,,2026-10-02T23:00:00+0200,https://ec.europa.eu/eurostat/api/dissemination/statistics/1.0/data/nama_10_pe?geo=BE&geo=BG&geo=CZ&geo=DK&geo=DE&geo=EE&geo=IE&geo=EL&geo=ES&geo=FR&geo=HR&geo=IT&geo=CY&geo=LV&geo=LT&geo=LU&geo=HU&geo=MT&geo=NL&geo=AT&geo=PL&geo=PT&geo=RO&geo=SI&geo=SK&geo=FI&geo=SE&geo=EU27_2020&na_item=POP_NC&unit=THS_PER&sinceTimePeriod=2013,2026-10-06
nama_10_pe,IE,2019,4967.46,,2026-10-02T23:00:00+0200,https://ec.europa.eu/eurostat/api/dissemination/statistics/1.0/data/nama_10_pe?geo=BE&geo=BG&geo=CZ&geo=DK&geo=DE&geo=EE&geo=IE&geo=EL&geo=ES&geo=FR&geo=HR&geo=IT&geo=CY&geo=LV&geo=LT&geo=LU&geo=HU&geo=MT&geo=NL&geo=AT&geo=PL&geo=PT&geo=RO&geo=SI&geo=SK&geo=FI&geo=SE&geo=EU27_2020&na_item=POP_NC&unit=THS_PER&sinceTimePeriod=2013,2026-10-06
nama_10_pe,IE,2020,5034.43,,2026-10-02T23:00:00+0200,https://ec.europa.eu/eurostat/api/dissemination/statistics/1.0/data/nama_10_pe?geo=BE&geo=BG&geo=CZ&geo=DK&geo=DE&geo=EE&geo=IE&geo=EL&geo=ES&geo=FR&geo=HR&geo=IT&geo=CY&geo=LV&geo=LT&geo=LU&geo=HU&geo=MT&geo=NL&geo=AT&geo=PL&geo=PT&geo=RO&geo=SI&geo=SK&geo=FI&geo=SE&geo=EU27_2020&na_item=POP_NC&unit=THS_PER&sinceTimePeriod=2013,2026-10-06
nama_10_pe,IE,2021,5091.85,,2026-10-02T23:00:00+0200,https://ec.europa.eu/eurostat/api/dissemination/statistics/1.0/data/nama_10_pe?geo=BE&geo=BG&geo=CZ&geo=DK&geo=DE&geo=EE&geo=IE&geo=EL&geo=ES&geo=FR&geo=HR&geo=IT&geo=CY&geo=LV&geo=LT&geo=LU&geo=HU&geo=MT&geo=NL&geo=AT&geo=PL&geo=PT&geo=RO&geo=SI&geo=SK&geo=FI&geo=SE&geo=EU27_2020&na_item=POP_NC&unit=THS_PER&sinceTimePeriod=2013,2026-10-06
nama_10_pe,IE,2022,5199.75,,2026-10-02T23:00:00+0200,https://ec.europa.eu/eurostat/api/dissemination/statistics/1.0/data/nama_10_pe?geo=BE&geo=BG&geo=CZ&geo=DK&geo=DE&geo=EE&geo=IE&geo=EL&geo=ES&geo=FR&geo=HR&geo=IT&geo=CY&geo=LV&geo=LT&geo=LU&geo=HU&geo=MT&geo=NL&geo=AT&geo=PL&geo=PT&geo=RO&geo=SI&geo=SK&geo=FI&geo=SE&geo=EU27_2020&na_item=POP_NC&unit=THS_PER&sinceTimePeriod=2013,2026-10-06
nama_10_pe,IE,2023,5295.87,,2026-10-02T23:00:00+0200,https://ec.europa.eu/eurostat/api/dissemination/statistics/1.0/data/nama_10_pe?geo=BE&geo=BG&geo=CZ&geo=DK&geo=DE&geo=EE&geo=IE&geo=EL&geo=ES&geo=FR&geo=HR&geo=IT&geo=CY&geo=LV&geo=LT&geo=LU&geo=HU&geo=MT&geo=NL&geo=AT&geo=PL&geo=PT&geo=RO&geo=SI&geo=SK&geo=FI&geo=SE&geo=EU27_2020&na_item=POP_NC&unit=THS_PER&sinceTimePeriod=2013,2026-10-06
nama_10_pe,IE,2024,5384.99,,2026-10-02T23:00:00+0200,https://ec.europa.eu/eurostat/api/dissemination/statistics/1.0/data/nama_10_pe?geo=BE&geo=BG&geo=CZ&geo=DK&geo=DE&geo=EE&geo=IE&geo=EL&geo=ES&geo=FR&geo=HR&geo=IT&geo=CY&geo=LV&geo=LT&geo=LU&geo=HU&geo=MT&geo=NL&geo=AT&geo=PL&geo=PT&geo=RO&geo=SI&geo=SK&geo=FI&geo=SE&geo=EU27_2020&na_item=POP_NC&unit=THS_PER&sinceTimePeriod=2013,2026-10-06
nama_10_pe,IE,2025,5469.43,,2026-10-02T23:00:00+0200,https://ec.europa.eu/eurostat/api/dissemination/statistics/1.0/data/nama_10_pe?geo=BE&geo=BG&geo=CZ&geo=DK&geo=DE&geo=EE&geo=IE&geo=EL&geo=ES&geo=FR&geo=HR&geo=IT&geo=CY&geo=LV&geo=LT&geo=LU&geo=HU&geo=MT&geo=NL&geo=AT&geo=PL&geo=PT&geo=RO&geo=SI&geo=SK&geo=FI&geo=SE&geo=EU27_2020&na_item=POP_NC&unit=THS_PER&sinceTimePeriod=2013,2026-10-06
nama_10_pe,IT,2013,60311.6,,2026-10-02T23:00:00+0200,https://ec.europa.eu/eurostat/api/dissemination/statistics/1.0/data/nama_10_pe?geo=BE&geo=BG&geo=CZ&geo=DK&geo=DE&geo=EE&geo=IE&geo=EL&geo=ES&geo=FR&geo=HR&geo=IT&geo=CY&geo=LV&geo=LT&geo=LU&geo=HU&geo=MT&geo=NL&geo=AT&geo=PL&geo=PT&geo=RO&geo=SI&geo=SK&geo=FI&geo=SE&geo=EU27_2020&na_item=POP_NC&unit=THS_PER&sinceTimePeriod=2013,2026-10-06
nama_10_pe,IT,2014,60320.7,,2026-10-02T23:00:00+0200,https://ec.europa.eu/eurostat/api/dissemination/statistics/1.0/data/nama_10_pe?geo=BE&geo=BG&geo=CZ&geo=DK&geo=DE&geo=EE&geo=IE&geo=EL&geo=ES&geo=FR&geo=HR&geo=IT&geo=CY&geo=LV&geo=LT&geo=LU&geo=HU&geo=MT&geo=NL&geo=AT&geo=PL&geo=PT&geo=RO&geo=SI&geo=SK&geo=FI&geo=SE&geo=EU27_2020&na_item=POP_NC&unit=THS_PER&sinceTimePeriod=2013,2026-10-06
nama_10_pe,IT,2015,60229.6,,2026-10-02T23:00:00+0200,https://ec.europa.eu/eurostat/api/dissemination/statistics/1.0/data/nama_10_pe?geo=BE&geo=BG&geo=CZ&geo=DK&geo=DE&geo=EE&geo=IE&geo=EL&geo=ES&geo=FR&geo=HR&geo=IT&geo=CY&geo=LV&geo=LT&geo=LU&geo=HU&geo=MT&geo=NL&geo=AT&geo=PL&geo=PT&geo=RO&geo=SI&geo=SK&geo=FI&geo=SE&geo=EU27_2020&na_item=POP_NC&unit=THS_PER&sinceTimePeriod=2013,2026-10-06
nama_10_pe,IT,2016,60115.2,,2026-10-02T23:00:00+0200,https://ec.europa.eu/eurostat/api/dissemination/statistics/1.0/data/nama_10_pe?geo=BE&geo=BG&geo=CZ&geo=DK&geo=DE&geo=EE&geo=IE&geo=EL&geo=ES&geo=FR&geo=HR&geo=IT&geo=CY&geo=LV&geo=LT&geo=LU&geo=HU&geo=MT&geo=NL&geo=AT&geo=PL&geo=PT&geo=RO&geo=SI&geo=SK&geo=FI&geo=SE&geo=EU27_2020&na_item=POP_NC&unit=THS_PER&sinceTimePeriod=2013,2026-10-06
nama_10_pe,IT,2017,60002.3,,2026-10-02T23:00:00+0200,https://ec.europa.eu/eurostat/api/dissemination/statistics/1.0/data/nama_10_pe?geo=BE&geo=BG&geo=CZ&geo=DK&geo=DE&geo=EE&geo=IE&geo=EL&geo=ES&geo=FR&geo=HR&geo=IT&geo=CY&geo=LV&geo=LT&geo=LU&geo=HU&geo=MT&geo=NL&geo=AT&geo=PL&geo=PT&geo=RO&geo=SI&geo=SK&geo=FI&geo=SE&geo=EU27_2020&na_item=POP_NC&unit=THS_PER&sinceTimePeriod=2013,2026-10-06
nama_10_pe,IT,2018,59877.2,,2026-10-02T23:00:00+0200,https://ec.europa.eu/eurostat/api/dissemination/statistics/1.0/data/nama_10_pe?geo=BE&geo=BG&geo=CZ&geo=DK&geo=DE&geo=EE&geo=IE&geo=EL&geo=ES&geo=FR&geo=HR&geo=IT&geo=CY&geo=LV&geo=LT&geo=LU&geo=HU&geo=MT&geo=NL&geo=AT&geo=PL&geo=PT&geo=RO&geo=SI&geo=SK&geo=FI&geo=SE&geo=EU27_2020&na_item=POP_NC&unit=THS_PER&sinceTimePeriod=2013,2026-10-06
nama_10_pe,IT,2019,59729.1,,2026-10-02T23:00:00+0200,https://ec.europa.eu/eurostat/api/dissemination/statistics/1.0/data/nama_10_pe?geo=BE&geo=BG&geo=CZ&geo=DK&geo=DE&geo=EE&geo=IE&geo=EL&geo=ES&geo=FR&geo=HR&geo=IT&geo=CY&geo=LV&geo=LT&geo=LU&geo=HU&geo=MT&geo=NL&geo=AT&geo=PL&geo=PT&geo=RO&geo=SI&geo=SK&geo=FI&geo=SE&geo=EU27_2020&na_item=POP_NC&unit=THS_PER&sinceTimePeriod=2013,2026-10-06
nama_10_pe,IT,2020,59438.9,,2026-10-02T23:00:00+0200,https://ec.europa.eu/eurostat/api/dissemination/statistics/1.0/data/nama_10_pe?geo=BE&geo=BG&geo=CZ&geo=DK&geo=DE&geo=EE&geo=IE&geo=EL&geo=ES&geo=FR&geo=HR&geo=IT&geo=CY&geo=LV&geo=LT&geo=LU&geo=HU&geo=MT&geo=NL&geo=AT&geo=PL&geo=PT&geo=RO&geo=SI&geo=SK&geo=FI&geo=SE&geo=EU27_2020&na_item=POP_NC&unit=THS_PER&sinceTimePeriod=2013,2026-10-06
nama_10_pe,IT,2021,59133.2,,2026-10-02T23:00:00+0200,https://ec.europa.eu/eurostat/api/dissemination/statistics/1.0/data/nama_10_pe?geo=BE&geo=BG&geo=CZ&geo=DK&geo=DE&geo=EE&geo=IE&geo=EL&geo=ES&geo=FR&geo=HR&geo=IT&geo=CY&geo=LV&geo=LT&geo=LU&geo=HU&geo=MT&geo=NL&geo=AT&geo=PL&geo=PT&geo=RO&geo=SI&geo=SK&geo=FI&geo=SE&geo=EU27_2020&na_item=POP_NC&unit=THS_PER&sinceTimePeriod=2013,2026-10-06
nama_10_pe,IT,2022,59013.7,,2026-10-02T23:00:00+0200,https://ec.europa.eu/eurostat/api/dissemination/statistics/1.0/data/nama_10_pe?geo=BE&geo=BG&geo=CZ&geo=DK&geo=DE&geo=EE&geo=IE&geo=EL&geo=ES&geo=FR&geo=HR&geo=IT&geo=CY&geo=LV&geo=LT&geo=LU&geo=HU&geo=MT&geo=NL&geo=AT&geo=PL&geo=PT&geo=RO&geo=SI&geo=SK&geo=FI&geo=SE&geo=EU27_2020&na_item=POP_NC&unit=THS_PER&sinceTimePeriod=2013,2026-10-06
nama_10_pe,IT,2023,58984.2,,2026-10-02T23:00:00+0200,https://ec.europa.eu/eurostat/api/dissemination/statistics/1.0/data/nama_10_pe?geo=BE&geo=BG&geo=CZ&geo=DK&geo=DE&geo=EE&geo=IE&geo=EL&geo=ES&geo=FR&geo=HR&geo=IT&geo=CY&geo=LV&geo=LT&geo=LU&geo=HU&geo=MT&geo=NL&geo=AT&geo=PL&geo=PT&geo=RO&geo=SI&geo=SK&geo=FI&geo=SE&geo=EU27_2020&na_item=POP_NC&unit=THS_PER&sinceTimePeriod=2013,2026-10-06
nama_10_pe,IT,2024,58957.3,,2026-10-02T23:00:00+0200,https://ec.europa.eu/eurostat/api/dissemination/statistics/1.0/data/nama_10_pe?geo=BE&geo=BG&geo=CZ&geo=DK&geo=DE&geo=EE&geo=IE&geo=EL&geo=ES&geo=FR&geo=HR&geo=IT&geo=CY&geo=LV&geo=LT&geo=LU&geo=HU&geo=MT&geo=NL&geo=AT&geo=PL&geo=PT&geo=RO&geo=SI&geo=SK&geo=FI&geo=SE&geo=EU27_2020&na_item=POP_NC&unit=THS_PER&sinceTimePeriod=2013,2026-10-06
nama_10_pe,IT,2025,58943.1,p,2026-10-02T23:00:00+0200,https://ec.europa.eu/eurostat/api/dissemination/statistics/1.0/data/nama_10_pe?geo=BE&geo=BG&geo=CZ&geo=DK&geo=DE&geo=EE&geo=IE&geo=EL&geo=ES&geo=FR&geo=HR&geo=IT&geo=CY&geo=LV&geo=LT&geo=LU&geo=HU&geo=MT&geo=NL&geo=AT&geo=PL&geo=PT&geo=RO&geo=SI&geo=SK&geo=FI&geo=SE&geo=EU27_2020&na_item=POP_NC&unit=THS_PER&sinceTimePeriod=2013,2026-10-06
nama_10_pe,LT,2013,2961.25,,2026-10-02T23:00:00+0200,https://ec.europa.eu/eurostat/api/dissemination/statistics/1.0/data/nama_10_pe?geo=BE&geo=BG&geo=CZ&geo=DK&geo=DE&geo=EE&geo=IE&geo=EL&geo=ES&geo=FR&geo=HR&geo=IT&geo=CY&geo=LV&geo=LT&geo=LU&geo=HU&geo=MT&geo=NL&geo=AT&geo=PL&geo=PT&geo=RO&geo=SI&geo=SK&geo=FI&geo=SE&geo=EU27_2020&na_item=POP_NC&unit=THS_PER&sinceTimePeriod=2013,2026-10-06
nama_10_pe,LT,2014,2937.25,,2026-10-02T23:00:00+0200,https://ec.europa.eu/eurostat/api/dissemination/statistics/1.0/data/nama_10_pe?geo=BE&geo=BG&geo=CZ&geo=DK&geo=DE&geo=EE&geo=IE&geo=EL&geo=ES&geo=FR&geo=HR&geo=IT&geo=CY&geo=LV&geo=LT&geo=LU&geo=HU&geo=MT&geo=NL&geo=AT&geo=PL&geo=PT&geo=RO&geo=SI&geo=SK&geo=FI&geo=SE&geo=EU27_2020&na_item=POP_NC&unit=THS_PER&sinceTimePeriod=2013,2026-10-06
nama_10_pe,LT,2015,2911.11,,2026-10-02T23:00:00+0200,https://ec.europa.eu/eurostat/api/dissemination/statistics/1.0/data/nama_10_pe?geo=BE&geo=BG&geo=CZ&geo=DK&geo=DE&geo=EE&geo=IE&geo=EL&geo=ES&geo=FR&geo=HR&geo=IT&geo=CY&geo=LV&geo=LT&geo=LU&geo=HU&geo=MT&geo=NL&geo=AT&geo=PL&geo=PT&geo=RO&geo=SI&geo=SK&geo=FI&geo=SE&geo=EU27_2020&na_item=POP_NC&unit=THS_PER&sinceTimePeriod=2013,2026-10-06
nama_10_pe,LT,2016,2877.33,,2026-10-02T23:00:00+0200,https://ec.europa.eu/eurostat/api/dissemination/statistics/1.0/data/nama_10_pe?geo=BE&geo=BG&geo=CZ&geo=DK&geo=DE&geo=EE&geo=IE&geo=EL&geo=ES&geo=FR&geo=HR&geo=IT&geo=CY&geo=LV&geo=LT&geo=LU&geo=HU&geo=MT&geo=NL&geo=AT&geo=PL&geo=PT&geo=RO&geo=SI&geo=SK&geo=FI&geo=SE&geo=EU27_2020&na_item=POP_NC&unit=THS_PER&sinceTimePeriod=2013,2026-10-06
nama_10_pe,LT,2017,2842.64,,2026-10-02T23:00:00+0200,https://ec.europa.eu/eurostat/api/dissemination/statistics/1.0/data/nama_10_pe?geo=BE&geo=BG&geo=CZ&geo=DK&geo=DE&geo=EE&geo=IE&geo=EL&geo=ES&geo=FR&geo=HR&geo=IT&geo=CY&geo=LV&geo=LT&geo=LU&geo=HU&geo=MT&geo=NL&geo=AT&geo=PL&geo=PT&geo=RO&geo=SI&geo=SK&geo=FI&geo=SE&geo=EU27_2020&na_item=POP_NC&unit=THS_PER&sinceTimePeriod=2013,2026-10-06
nama_10_pe,LT,2018,2819.2,,2026-10-02T23:00:00+0200,https://ec.europa.eu/eurostat/api/dissemination/statistics/1.0/data/nama_10_pe?geo=BE&geo=BG&geo=CZ&geo=DK&geo=DE&geo=EE&geo=IE&geo=EL&geo=ES&geo=FR&geo=HR&geo=IT&geo=CY&geo=LV&geo=LT&geo=LU&geo=HU&geo=MT&geo=NL&geo=AT&geo=PL&geo=PT&geo=RO&geo=SI&geo=SK&geo=FI&geo=SE&geo=EU27_2020&na_item=POP_NC&unit=THS_PER&sinceTimePeriod=2013,2026-10-06
nama_10_pe,LT,2019,2811.09,,2026-10-02T23:00:00+0200,https://ec.europa.eu/eurostat/api/dissemination/statistics/1.0/data/nama_10_pe?geo=BE&geo=BG&geo=CZ&geo=DK&geo=DE&geo=EE&geo=IE&geo=EL&geo=ES&geo=FR&geo=HR&geo=IT&geo=CY&geo=LV&geo=LT&geo=LU&geo=HU&geo=MT&geo=NL&geo=AT&geo=PL&geo=PT&geo=RO&geo=SI&geo=SK&geo=FI&geo=SE&geo=EU27_2020&na_item=POP_NC&unit=THS_PER&sinceTimePeriod=2013,2026-10-06
nama_10_pe,LT,2020,2810.37,,2026-10-02T23:00:00+0200,https://ec.europa.eu/eurostat/api/dissemination/statistics/1.0/data/nama_10_pe?geo=BE&geo=BG&geo=CZ&geo=DK&geo=DE&geo=EE&geo=IE&geo=EL&geo=ES&geo=FR&geo=HR&geo=IT&geo=CY&geo=LV&geo=LT&geo=LU&geo=HU&geo=MT&geo=NL&geo=AT&geo=PL&geo=PT&geo=RO&geo=SI&geo=SK&geo=FI&geo=SE&geo=EU27_2020&na_item=POP_NC&unit=THS_PER&sinceTimePeriod=2013,2026-10-06
nama_10_pe,LT,2021,2808.38,,2026-10-02T23:00:00+0200,https://ec.europa.eu/eurostat/api/dissemination/statistics/1.0/data/nama_10_pe?geo=BE&geo=BG&geo=CZ&geo=DK&geo=DE&geo=EE&geo=IE&geo=EL&geo=ES&geo=FR&geo=HR&geo=IT&geo=CY&geo=LV&geo=LT&geo=LU&geo=HU&geo=MT&geo=NL&geo=AT&geo=PL&geo=PT&geo=RO&geo=SI&geo=SK&geo=FI&geo=SE&geo=EU27_2020&na_item=POP_NC&unit=THS_PER&sinceTimePeriod=2013,2026-10-06
nama_10_pe,LT,2022,2831.64,,2026-10-02T23:00:00+0200,https://ec.europa.eu/eurostat/api/dissemination/statistics/1.0/data/nama_10_pe?geo=BE&geo=BG&geo=CZ&geo=DK&geo=DE&geo=EE&geo=IE&geo=EL&geo=ES&geo=FR&geo=HR&geo=IT&geo=CY&geo=LV&geo=LT&geo=LU&geo=HU&geo=MT&geo=NL&geo=AT&geo=PL&geo=PT&geo=RO&geo=SI&geo=SK&geo=FI&geo=SE&geo=EU27_2020&na_item=POP_NC&unit=THS_PER&sinceTimePeriod=2013,2026-10-06
nama_10_pe,LT,2023,2871.59,,2026-10-02T23:00:00+0200,https://ec.europa.eu/eurostat/api/dissemination/statistics/1.0/data/nama_10_pe?geo=BE&geo=BG&geo=CZ&geo=DK&geo=DE&geo=EE&geo=IE&geo=EL&geo=ES&geo=FR&geo=HR&geo=IT&geo=CY&geo=LV&geo=LT&geo=LU&geo=HU&geo=MT&geo=NL&geo=AT&geo=PL&geo=PT&geo=RO&geo=SI&geo=SK&geo=FI&geo=SE&geo=EU27_2020&na_item=POP_NC&unit=THS_PER&sinceTimePeriod=2013,2026-10-06
nama_10_pe,LT,2024,2888.28,,2026-10-02T23:00:00+0200,https://ec.europa.eu/eurostat/api/dissemination/statistics/1.0/data/nama_10_pe?geo=BE&geo=BG&geo=CZ&geo=DK&geo=DE&geo=EE&geo=IE&geo=EL&geo=ES&geo=FR&geo=HR&geo=IT&geo=CY&geo=LV&geo=LT&geo=LU&geo=HU&geo=MT&geo=NL&geo=AT&geo=PL&geo=PT&geo=RO&geo=SI&geo=SK&geo=FI&geo=SE&geo=EU27_2020&na_item=POP_NC&unit=THS_PER&sinceTimePeriod=2013,2026-10-06
nama_10_pe,LT,2025,2889.13,,2026-10-02T23:00:00+0200,https://ec.europa.eu/eurostat/api/dissemination/statistics/1.0/data/nama_10_pe?geo=BE&geo=BG&geo=CZ&geo=DK&geo=DE&geo=EE&geo=IE&geo=EL&geo=ES&geo=FR&geo=HR&geo=IT&geo=CY&geo=LV&geo=LT&geo=LU&geo=HU&geo=MT&geo=NL&geo=AT&geo=PL&geo=PT&geo=RO&geo=SI&geo=SK&geo=FI&geo=SE&geo=EU27_2020&na_item=POP_NC&unit=THS_PER&sinceTimePeriod=2013,2026-10-06
nama_10_pe,LU,2013,545.33,,2026-10-02T23:00:00+0200,https://ec.europa.eu/eurostat/api/dissemination/statistics/1.0/data/nama_10_pe?geo=BE&geo=BG&geo=CZ&geo=DK&geo=DE&geo=EE&geo=IE&geo=EL&geo=ES&geo=FR&geo=HR&geo=IT&geo=CY&geo=LV&geo=LT&geo=LU&geo=HU&geo=MT&geo=NL&geo=AT&geo=PL&geo=PT&geo=RO&geo=SI&geo=SK&geo=FI&geo=SE&geo=EU27_2020&na_item=POP_NC&unit=THS_PER&sinceTimePeriod=2013,2026-10-06
nama_10_pe,LU,2014,558.33,,2026-10-02T23:00:00+0200,https://ec.europa.eu/eurostat/api/dissemination/statistics/1.0/data/nama_10_pe?geo=BE&geo=BG&geo=CZ&geo=DK&geo=DE&geo=EE&geo=IE&geo=EL&geo=ES&geo=FR&geo=HR&geo=IT&geo=CY&geo=LV&geo=LT&geo=LU&geo=HU&geo=MT&geo=NL&geo=AT&geo=PL&geo=PT&geo=RO&geo=SI&geo=SK&geo=FI&geo=SE&geo=EU27_2020&na_item=POP_NC&unit=THS_PER&sinceTimePeriod=2013,2026-10-06
nama_10_pe,LU,2015,569.4,,2026-10-02T23:00:00+0200,https://ec.europa.eu/eurostat/api/dissemination/statistics/1.0/data/nama_10_pe?geo=BE&geo=BG&geo=CZ&geo=DK&geo=DE&geo=EE&geo=IE&geo=EL&geo=ES&geo=FR&geo=HR&geo=IT&geo=CY&geo=LV&geo=LT&geo=LU&geo=HU&geo=MT&geo=NL&geo=AT&geo=PL&geo=PT&geo=RO&geo=SI&geo=SK&geo=FI&geo=SE&geo=EU27_2020&na_item=POP_NC&unit=THS_PER&sinceTimePeriod=2013,2026-10-06
nama_10_pe,LU,2016,584.13,,2026-10-02T23:00:00+0200,https://ec.europa.eu/eurostat/api/dissemination/statistics/1.0/data/nama_10_pe?geo=BE&geo=BG&geo=CZ&geo=DK&geo=DE&geo=EE&geo=IE&geo=EL&geo=ES&geo=FR&geo=HR&geo=IT&geo=CY&geo=LV&geo=LT&geo=LU&geo=HU&geo=MT&geo=NL&geo=AT&geo=PL&geo=PT&geo=RO&geo=SI&geo=SK&geo=FI&geo=SE&geo=EU27_2020&na_item=POP_NC&unit=THS_PER&sinceTimePeriod=2013,2026-10-06
nama_10_pe,LU,2017,596.98,,2026-10-02T23:00:00+0200,https://ec.europa.eu/eurostat/api/dissemination/statistics/1.0/data/nama_10_pe?geo=BE&geo=BG&geo=CZ&geo=DK&geo=DE&geo=EE&geo=IE&geo=EL&geo=ES&geo=FR&geo=HR&geo=IT&geo=CY&geo=LV&geo=LT&geo=LU&geo=HU&geo=MT&geo=NL&geo=AT&geo=PL&geo=PT&geo=RO&geo=SI&geo=SK&geo=FI&geo=SE&geo=EU27_2020&na_item=POP_NC&unit=THS_PER&sinceTimePeriod=2013,2026-10-06
nama_10_pe,LU,2018,608.81,,2026-10-02T23:00:00+0200,https://ec.europa.eu/eurostat/api/dissemination/statistics/1.0/data/nama_10_pe?geo=BE&geo=BG&geo=CZ&geo=DK&geo=DE&geo=EE&geo=IE&geo=EL&geo=ES&geo=FR&geo=HR&geo=IT&geo=CY&geo=LV&geo=LT&geo=LU&geo=HU&geo=MT&geo=NL&geo=AT&geo=PL&geo=PT&geo=RO&geo=SI&geo=SK&geo=FI&geo=SE&geo=EU27_2020&na_item=POP_NC&unit=THS_PER&sinceTimePeriod=2013,2026-10-06
nama_10_pe,LU,2019,621.53,,2026-10-02T23:00:00+0200,https://ec.europa.eu/eurostat/api/dissemination/statistics/1.0/data/nama_10_pe?geo=BE&geo=BG&geo=CZ&geo=DK&geo=DE&geo=EE&geo=IE&geo=EL&geo=ES&geo=FR&geo=HR&geo=IT&geo=CY&geo=LV&geo=LT&geo=LU&geo=HU&geo=MT&geo=NL&geo=AT&geo=PL&geo=PT&geo=RO&geo=SI&geo=SK&geo=FI&geo=SE&geo=EU27_2020&na_item=POP_NC&unit=THS_PER&sinceTimePeriod=2013,2026-10-06
nama_10_pe,LU,2020,631.15,,2026-10-02T23:00:00+0200,https://ec.europa.eu/eurostat/api/dissemination/statistics/1.0/data/nama_10_pe?geo=BE&geo=BG&geo=CZ&geo=DK&geo=DE&geo=EE&geo=IE&geo=EL&geo=ES&geo=FR&geo=HR&geo=IT&geo=CY&geo=LV&geo=LT&geo=LU&geo=HU&geo=MT&geo=NL&geo=AT&geo=PL&geo=PT&geo=RO&geo=SI&geo=SK&geo=FI&geo=SE&geo=EU27_2020&na_item=POP_NC&unit=THS_PER&sinceTimePeriod=2013,2026-10-06
nama_10_pe,LU,2021,641.14,,2026-10-02T23:00:00+0200,https://ec.europa.eu/eurostat/api/dissemination/statistics/1.0/data/nama_10_pe?geo=BE&geo=BG&geo=CZ&geo=DK&geo=DE&geo=EE&geo=IE&geo=EL&geo=ES&geo=FR&geo=HR&geo=IT&geo=CY&geo=LV&geo=LT&geo=LU&geo=HU&geo=MT&geo=NL&geo=AT&geo=PL&geo=PT&geo=RO&geo=SI&geo=SK&geo=FI&geo=SE&geo=EU27_2020&na_item=POP_NC&unit=THS_PER&sinceTimePeriod=2013,2026-10-06
nama_10_pe,LU,2022,655.28,,2026-10-02T23:00:00+0200,https://ec.europa.eu/eurostat/api/dissemination/statistics/1.0/data/nama_10_pe?geo=BE&geo=BG&geo=CZ&geo=DK&geo=DE&geo=EE&geo=IE&geo=EL&geo=ES&geo=FR&geo=HR&geo=IT&geo=CY&geo=LV&geo=LT&geo=LU&geo=HU&geo=MT&geo=NL&geo=AT&geo=PL&geo=PT&geo=RO&geo=SI&geo=SK&geo=FI&geo=SE&geo=EU27_2020&na_item=POP_NC&unit=THS_PER&sinceTimePeriod=2013,2026-10-06
nama_10_pe,LU,2023,667.76,,2026-10-02T23:00:00+0200,https://ec.europa.eu/eurostat/api/dissemination/statistics/1.0/data/nama_10_pe?geo=BE&geo=BG&geo=CZ&geo=DK&geo=DE&geo=EE&geo=IE&geo=EL&geo=ES&geo=FR&geo=HR&geo=IT&geo=CY&geo=LV&geo=LT&geo=LU&geo=HU&geo=MT&geo=NL&geo=AT&geo=PL&geo=PT&geo=RO&geo=SI&geo=SK&geo=FI&geo=SE&geo=EU27_2020&na_item=POP_NC&unit=THS_PER&sinceTimePeriod=2013,2026-10-06
nama_10_pe,LU,2024,678.44,,2026-10-02T23:00:00+0200,https://ec.europa.eu/eurostat/api/dissemination/statistics/1.0/data/nama_10_pe?geo=BE&geo=BG&geo=CZ&geo=DK&geo=DE&geo=EE&geo=IE&geo=EL&geo=ES&geo=FR&geo=HR&geo=IT&geo=CY&geo=LV&geo=LT&geo=LU&geo=HU&geo=MT&geo=NL&geo=AT&geo=PL&geo=PT&geo=RO&geo=SI&geo=SK&geo=FI&geo=SE&geo=EU27_2020&na_item=POP_NC&unit=THS_PER&sinceTimePeriod=2013,2026-10-06
nama_10_pe,LU,2025,687.04,p,2026-10-02T23:00:00+0200,https://ec.europa.eu/eurostat/api/dissemination/statistics/1.0/data/nama_10_pe?geo=BE&geo=BG&geo=CZ&geo=DK&geo=DE&geo=EE&geo=IE&geo=EL&geo=ES&geo=FR&geo=HR&geo=IT&geo=CY&geo=LV&geo=LT&geo=LU&geo=HU&geo=MT&geo=NL&geo=AT&geo=PL&geo=PT&geo=RO&geo=SI&geo=SK&geo=FI&geo=SE&geo=EU27_2020&na_item=POP_NC&unit=THS_PER&sinceTimePeriod=2013,2026-10-06
nama_10_pe,LV,2013,2012.81,,2026-10-02T23:00:00+0200,https://ec.europa.eu/eurostat/api/dissemination/statistics/1.0/data/nama_10_pe?geo=BE&geo=BG&geo=CZ&geo=DK&geo=DE&geo=EE&geo=IE&geo=EL&geo=ES&geo=FR&geo=HR&geo=IT&geo=CY&geo=LV&geo=LT&geo=LU&geo=HU&geo=MT&geo=NL&geo=AT&geo=PL&geo=PT&geo=RO&geo=SI&geo=SK&geo=FI&geo=SE&geo=EU27_2020&na_item=POP_NC&unit=THS_PER&sinceTimePeriod=2013,2026-10-06
nama_10_pe,LV,2014,1994.25,,2026-10-02T23:00:00+0200,https://ec.europa.eu/eurostat/api/dissemination/statistics/1.0/data/nama_10_pe?geo=BE&geo=BG&geo=CZ&geo=DK&geo=DE&geo=EE&geo=IE&geo=EL&geo=ES&geo=FR&geo=HR&geo=IT&geo=CY&geo=LV&geo=LT&geo=LU&geo=HU&geo=MT&geo=NL&geo=AT&geo=PL&geo=PT&geo=RO&geo=SI&geo=SK&geo=FI&geo=SE&geo=EU27_2020&na_item=POP_NC&unit=THS_PER&sinceTimePeriod=2013,2026-10-06
nama_10_pe,LV,2015,1977.31,,2026-10-02T23:00:00+0200,https://ec.europa.eu/eurostat/api/dissemination/statistics/1.0/data/nama_10_pe?geo=BE&geo=BG&geo=CZ&geo=DK&geo=DE&geo=EE&geo=IE&geo=EL&geo=ES&geo=FR&geo=HR&geo=IT&geo=CY&geo=LV&geo=LT&geo=LU&geo=HU&geo=MT&geo=NL&geo=AT&geo=PL&geo=PT&geo=RO&geo=SI&geo=SK&geo=FI&geo=SE&geo=EU27_2020&na_item=POP_NC&unit=THS_PER&sinceTimePeriod=2013,2026-10-06
nama_10_pe,LV,2016,1959.34,,2026-10-02T23:00:00+0200,https://ec.europa.eu/eurostat/api/dissemination/statistics/1.0/data/nama_10_pe?geo=BE&geo=BG&geo=CZ&geo=DK&geo=DE&geo=EE&geo=IE&geo=EL&geo=ES&geo=FR&geo=HR&geo=IT&geo=CY&geo=LV&geo=LT&geo=LU&geo=HU&geo=MT&geo=NL&geo=AT&geo=PL&geo=PT&geo=RO&geo=SI&geo=SK&geo=FI&geo=SE&geo=EU27_2020&na_item=POP_NC&unit=THS_PER&sinceTimePeriod=2013,2026-10-06
nama_10_pe,LV,2017,1941.16,,2026-10-02T23:00:00+0200,https://ec.europa.eu/eurostat/api/dissemination/statistics/1.0/data/nama_10_pe?geo=BE&geo=BG&geo=CZ&geo=DK&geo=DE&geo=EE&geo=IE&geo=EL&geo=ES&geo=FR&geo=HR&geo=IT&geo=CY&geo=LV&geo=LT&geo=LU&geo=HU&geo=MT&geo=NL&geo=AT&geo=PL&geo=PT&geo=RO&geo=SI&geo=SK&geo=FI&geo=SE&geo=EU27_2020&na_item=POP_NC&unit=THS_PER&sinceTimePeriod=2013,2026-10-06
nama_10_pe,LV,2018,1926.25,,2026-10-02T23:00:00+0200,https://ec.europa.eu/eurostat/api/dissemination/statistics/1.0/data/nama_10_pe?geo=BE&geo=BG&geo=CZ&geo=DK&geo=DE&geo=EE&geo=IE&geo=EL&geo=ES&geo=FR&geo=HR&geo=IT&geo=CY&geo=LV&geo=LT&geo=LU&geo=HU&geo=MT&geo=NL&geo=AT&geo=PL&geo=PT&geo=RO&geo=SI&geo=SK&geo=FI&geo=SE&geo=EU27_2020&na_item=POP_NC&unit=THS_PER&sinceTimePeriod=2013,2026-10-06
nama_10_pe,LV,2019,1913.19,,2026-10-02T23:00:00+0200,https://ec.europa.eu/eurostat/api/dissemination/statistics/1.0/data/nama_10_pe?geo=BE&geo=BG&geo=CZ&geo=DK&geo=DE&geo=EE&geo=IE&geo=EL&geo=ES&geo=FR&geo=HR&geo=IT&geo=CY&geo=LV&geo=LT&geo=LU&geo=HU&geo=MT&geo=NL&geo=AT&geo=PL&geo=PT&geo=RO&geo=SI&geo=SK&geo=FI&geo=SE&geo=EU27_2020&na_item=POP_NC&unit=THS_PER&sinceTimePeriod=2013,2026-10-06
nama_10_pe,LV,2020,1900.86,,2026-10-02T23:00:00+0200,https://ec.europa.eu/eurostat/api/dissemination/statistics/1.0/data/nama_10_pe?geo=BE&geo=BG&geo=CZ&geo=DK&geo=DE&geo=EE&geo=IE&geo=EL&geo=ES&geo=FR&geo=HR&geo=IT&geo=CY&geo=LV&geo=LT&geo=LU&geo=HU&geo=MT&geo=NL&geo=AT&geo=PL&geo=PT&geo=RO&geo=SI&geo=SK&geo=FI&geo=SE&geo=EU27_2020&na_item=POP_NC&unit=THS_PER&sinceTimePeriod=2013,2026-10-06
nama_10_pe,LV,2021,1884.75,,2026-10-02T23:00:00+0200,https://ec.europa.eu/eurostat/api/dissemination/statistics/1.0/data/nama_10_pe?geo=BE&geo=BG&geo=CZ&geo=DK&geo=DE&geo=EE&geo=IE&geo=EL&geo=ES&geo=FR&geo=HR&geo=IT&geo=CY&geo=LV&geo=LT&geo=LU&geo=HU&geo=MT&geo=NL&geo=AT&geo=PL&geo=PT&geo=RO&geo=SI&geo=SK&geo=FI&geo=SE&geo=EU27_2020&na_item=POP_NC&unit=THS_PER&sinceTimePeriod=2013,2026-10-06
nama_10_pe,LV,2022,1883.5,,2026-10-02T23:00:00+0200,https://ec.europa.eu/eurostat/api/dissemination/statistics/1.0/data/nama_10_pe?geo=BE&geo=BG&geo=CZ&geo=DK&geo=DE&geo=EE&geo=IE&geo=EL&geo=ES&geo=FR&geo=HR&geo=IT&geo=CY&geo=LV&geo=LT&geo=LU&geo=HU&geo=MT&geo=NL&geo=AT&geo=PL&geo=PT&geo=RO&geo=SI&geo=SK&geo=FI&geo=SE&geo=EU27_2020&na_item=POP_NC&unit=THS_PER&sinceTimePeriod=2013,2026-10-06
nama_10_pe,LV,2023,1886.93,,2026-10-02T23:00:00+0200,https://ec.europa.eu/eurostat/api/dissemination/statistics/1.0/data/nama_10_pe?geo=BE&geo=BG&geo=CZ&geo=DK&geo=DE&geo=EE&geo=IE&geo=EL&geo=ES&geo=FR&geo=HR&geo=IT&geo=CY&geo=LV&geo=LT&geo=LU&geo=HU&geo=MT&geo=NL&geo=AT&geo=PL&geo=PT&geo=RO&geo=SI&geo=SK&geo=FI&geo=SE&geo=EU27_2020&na_item=POP_NC&unit=THS_PER&sinceTimePeriod=2013,2026-10-06
nama_10_pe,LV,2024,1868.48,,2026-10-02T23:00:00+0200,https://ec.europa.eu/eurostat/api/dissemination/statistics/1.0/data/nama_10_pe?geo=BE&geo=BG&geo=CZ&geo=DK&geo=DE&geo=EE&geo=IE&geo=EL&geo=ES&geo=FR&geo=HR&geo=IT&geo=CY&geo=LV&geo=LT&geo=LU&geo=HU&geo=MT&geo=NL&geo=AT&geo=PL&geo=PT&geo=RO&geo=SI&geo=SK&geo=FI&geo=SE&geo=EU27_2020&na_item=POP_NC&unit=THS_PER&sinceTimePeriod=2013,2026-10-06
nama_10_pe,LV,2025,1852.59,,2026-10-02T23:00:00+0200,https://ec.europa.eu/eurostat/api/dissemination/statistics/1.0/data/nama_10_pe?geo=BE&geo=BG&geo=CZ&geo=DK&geo=DE&geo=EE&geo=IE&geo=EL&geo=ES&geo=FR&geo=HR&geo=IT&geo=CY&geo=LV&geo=LT&geo=LU&geo=HU&geo=MT&geo=NL&geo=AT&geo=PL&geo=PT&geo=RO&geo=SI&geo=SK&geo=FI&geo=SE&geo=EU27_2020&na_item=POP_NC&unit=THS_PER&sinceTimePeriod=2013,2026-10-06
nama_10_pe,MT,2013,425.24,,2026-10-02T23:00:00+0200,https://ec.europa.eu/eurostat/api/dissemination/statistics/1.0/data/nama_10_pe?geo=BE&geo=BG&geo=CZ&geo=DK&geo=DE&geo=EE&geo=IE&geo=EL&geo=ES&geo=FR&geo=HR&geo=IT&geo=CY&geo=LV&geo=LT&geo=LU&geo=HU&geo=MT&geo=NL&geo=AT&geo=PL&geo=PT&geo=RO&geo=SI&geo=SK&geo=FI&geo=SE&geo=EU27_2020&na_item=POP_NC&unit=THS_PER&sinceTimePeriod=2013,2026-10-06
nama_10_pe,MT,2014,433.9,,2026-10-02T23:00:00+0200,https://ec.europa.eu/eurostat/api/dissemination/statistics/1.0/data/nama_10_pe?geo=BE&geo=BG&geo=CZ&geo=DK&geo=DE&geo=EE&geo=IE&geo=EL&geo=ES&geo=FR&geo=HR&geo=IT&geo=CY&geo=LV&geo=LT&geo=LU&geo=HU&geo=MT&geo=NL&geo=AT&geo=PL&geo=PT&geo=RO&geo=SI&geo=SK&geo=FI&geo=SE&geo=EU27_2020&na_item=POP_NC&unit=THS_PER&sinceTimePeriod=2013,2026-10-06
nama_10_pe,MT,2015,444.4,,2026-10-02T23:00:00+0200,https://ec.europa.eu/eurostat/api/dissemination/statistics/1.0/data/nama_10_pe?geo=BE&geo=BG&geo=CZ&geo=DK&geo=DE&geo=EE&geo=IE&geo=EL&geo=ES&geo=FR&geo=HR&geo=IT&geo=CY&geo=LV&geo=LT&geo=LU&geo=HU&geo=MT&geo=NL&geo=AT&geo=PL&geo=PT&geo=RO&geo=SI&geo=SK&geo=FI&geo=SE&geo=EU27_2020&na_item=POP_NC&unit=THS_PER&sinceTimePeriod=2013,2026-10-06
nama_10_pe,MT,2016,454.58,,2026-10-02T23:00:00+0200,https://ec.europa.eu/eurostat/api/dissemination/statistics/1.0/data/nama_10_pe?geo=BE&geo=BG&geo=CZ&geo=DK&geo=DE&geo=EE&geo=IE&geo=EL&geo=ES&geo=FR&geo=HR&geo=IT&geo=CY&geo=LV&geo=LT&geo=LU&geo=HU&geo=MT&geo=NL&geo=AT&geo=PL&geo=PT&geo=RO&geo=SI&geo=SK&geo=FI&geo=SE&geo=EU27_2020&na_item=POP_NC&unit=THS_PER&sinceTimePeriod=2013,2026-10-06
nama_10_pe,MT,2017,467.39,,2026-10-02T23:00:00+0200,https://ec.europa.eu/eurostat/api/dissemination/statistics/1.0/data/nama_10_pe?geo=BE&geo=BG&geo=CZ&geo=DK&geo=DE&geo=EE&geo=IE&geo=EL&geo=ES&geo=FR&geo=HR&geo=IT&geo=CY&geo=LV&geo=LT&geo=LU&geo=HU&geo=MT&geo=NL&geo=AT&geo=PL&geo=PT&geo=RO&geo=SI&geo=SK&geo=FI&geo=SE&geo=EU27_2020&na_item=POP_NC&unit=THS_PER&sinceTimePeriod=2013,2026-10-06
nama_10_pe,MT,2018,484.38,,2026-10-02T23:00:00+0200,https://ec.europa.eu/eurostat/api/dissemination/statistics/1.0/data/nama_10_pe?geo=BE&geo=BG&geo=CZ&geo=DK&geo=DE&geo=EE&geo=IE&geo=EL&geo=ES&geo=FR&geo=HR&geo=IT&geo=CY&geo=LV&geo=LT&geo=LU&geo=HU&geo=MT&geo=NL&geo=AT&geo=PL&geo=PT&geo=RO&geo=SI&geo=SK&geo=FI&geo=SE&geo=EU27_2020&na_item=POP_NC&unit=THS_PER&sinceTimePeriod=2013,2026-10-06
nama_10_pe,MT,2019,504.56,,2026-10-02T23:00:00+0200,https://ec.europa.eu/eurostat/api/dissemination/statistics/1.0/data/nama_10_pe?geo=BE&geo=BG&geo=CZ&geo=DK&geo=DE&geo=EE&geo=IE&geo=EL&geo=ES&geo=FR&geo=HR&geo=IT&geo=CY&geo=LV&geo=LT&geo=LU&geo=HU&geo=MT&geo=NL&geo=AT&geo=PL&geo=PT&geo=RO&geo=SI&geo=SK&geo=FI&geo=SE&geo=EU27_2020&na_item=POP_NC&unit=THS_PER&sinceTimePeriod=2013,2026-10-06
nama_10_pe,MT,2020,515.35,,2026-10-02T23:00:00+0200,https://ec.europa.eu/eurostat/api/dissemination/statistics/1.0/data/nama_10_pe?geo=BE&geo=BG&geo=CZ&geo=DK&geo=DE&geo=EE&geo=IE&geo=EL&geo=ES&geo=FR&geo=HR&geo=IT&geo=CY&geo=LV&geo=LT&geo=LU&geo=HU&geo=MT&geo=NL&geo=AT&geo=PL&geo=PT&geo=RO&geo=SI&geo=SK&geo=FI&geo=SE&geo=EU27_2020&na_item=POP_NC&unit=THS_PER&sinceTimePeriod=2013,2026-10-06
nama_10_pe,MT,2021,518.17,,2026-10-02T23:00:00+0200,https://ec.europa.eu/eurostat/api/dissemination/statistics/1.0/data/nama_10_pe?geo=BE&geo=BG&geo=CZ&geo=DK&geo=DE&geo=EE&geo=IE&geo=EL&geo=ES&geo=FR&geo=HR&geo=IT&geo=CY&geo=LV&geo=LT&geo=LU&geo=HU&geo=MT&geo=NL&geo=AT&geo=PL&geo=PT&geo=RO&geo=SI&geo=SK&geo=FI&geo=SE&geo=EU27_2020&na_item=POP_NC&unit=THS_PER&sinceTimePeriod=2013,2026-10-06
nama_10_pe,MT,2022,532.0,,2026-10-02T23:00:00+0200,https://ec.europa.eu/eurostat/api/dissemination/statistics/1.0/data/nama_10_pe?geo=BE&geo=BG&geo=CZ&geo=DK&geo=DE&geo=EE&geo=IE&geo=EL&geo=ES&geo=FR&geo=HR&geo=IT&geo=CY&geo=LV&geo=LT&geo=LU&geo=HU&geo=MT&geo=NL&geo=AT&geo=PL&geo=PT&geo=RO&geo=SI&geo=SK&geo=FI&geo=SE&geo=EU27_2020&na_item=POP_NC&unit=THS_PER&sinceTimePeriod=2013,2026-10-06
nama_10_pe,MT,2023,553.58,,2026-10-02T23:00:00+0200,https://ec.europa.eu/eurostat/api/dissemination/statistics/1.0/data/nama_10_pe?geo=BE&geo=BG&geo=CZ&geo=DK&geo=DE&geo=EE&geo=IE&geo=EL&geo=ES&geo=FR&geo=HR&geo=IT&geo=CY&geo=LV&geo=LT&geo=LU&geo=HU&geo=MT&geo=NL&geo=AT&geo=PL&geo=PT&geo=RO&geo=SI&geo=SK&geo=FI&geo=SE&geo=EU27_2020&na_item=POP_NC&unit=THS_PER&sinceTimePeriod=2013,2026-10-06
nama_10_pe,MT,2024,569.25,,2026-10-02T23:00:00+0200,https://ec.europa.eu/eurostat/api/dissemination/statistics/1.0/data/nama_10_pe?geo=BE&geo=BG&geo=CZ&geo=DK&geo=DE&geo=EE&geo=IE&geo=EL&geo=ES&geo=FR&geo=HR&geo=IT&geo=CY&geo=LV&geo=LT&geo=LU&geo=HU&geo=MT&geo=NL&geo=AT&geo=PL&geo=PT&geo=RO&geo=SI&geo=SK&geo=FI&geo=SE&geo=EU27_2020&na_item=POP_NC&unit=THS_PER&sinceTimePeriod=2013,2026-10-06
nama_10_pe,MT,2025,581.82,,2026-10-02T23:00:00+0200,https://ec.europa.eu/eurostat/api/dissemination/statistics/1.0/data/nama_10_pe?geo=BE&geo=BG&geo=CZ&geo=DK&geo=DE&geo=EE&geo=IE&geo=EL&geo=ES&geo=FR&geo=HR&geo=IT&geo=CY&geo=LV&geo=LT&geo=LU&geo=HU&geo=MT&geo=NL&geo=AT&geo=PL&geo=PT&geo=RO&geo=SI&geo=SK&geo=FI&geo=SE&geo=EU27_2020&na_item=POP_NC&unit=THS_PER&sinceTimePeriod=2013,2026-10-06
nama_10_pe,NL,2013,16804.0,,2026-10-02T23:00:00+0200,https://ec.europa.eu/eurostat/api/dissemination/statistics/1.0/data/nama_10_pe?geo=BE&geo=BG&geo=CZ&geo=DK&geo=DE&geo=EE&geo=IE&geo=EL&geo=ES&geo=FR&geo=HR&geo=IT&geo=CY&geo=LV&geo=LT&geo=LU&geo=HU&geo=MT&geo=NL&geo=AT&geo=PL&geo=PT&geo=RO&geo=SI&geo=SK&geo=FI&geo=SE&geo=EU27_2020&na_item=POP_NC&unit=THS_PER&sinceTimePeriod=2013,2026-10-06
nama_10_pe,NL,2014,16865.0,,2026-10-02T23:00:00+0200,https://ec.europa.eu/eurostat/api/dissemination/statistics/1.0/data/nama_10_pe?geo=BE&geo=BG&geo=CZ&geo=DK&geo=DE&geo=EE&geo=IE&geo=EL&geo=ES&geo=FR&geo=HR&geo=IT&geo=CY&geo=LV&geo=LT&geo=LU&geo=HU&geo=MT&geo=NL&geo=AT&geo=PL&geo=PT&geo=RO&geo=SI&geo=SK&geo=FI&geo=SE&geo=EU27_2020&na_item=POP_NC&unit=THS_PER&sinceTimePeriod=2013,2026-10-06
nama_10_pe,NL,2015,16940.0,,2026-10-02T23:00:00+0200,https://ec.europa.eu/eurostat/api/dissemination/statistics/1.0/data/nama_10_pe?geo=BE&geo=BG&geo=CZ&geo=DK&geo=DE&geo=EE&geo=IE&geo=EL&geo=ES&geo=FR&geo=HR&geo=IT&geo=CY&geo=LV&geo=LT&geo=LU&geo=HU&geo=MT&geo=NL&geo=AT&geo=PL&geo=PT&geo=RO&geo=SI&geo=SK&geo=FI&geo=SE&geo=EU27_2020&na_item=POP_NC&unit=THS_PER&sinceTimePeriod=2013,2026-10-06
nama_10_pe,NL,2016,17030.0,,2026-10-02T23:00:00+0200,https://ec.europa.eu/eurostat/api/dissemination/statistics/1.0/data/nama_10_pe?geo=BE&geo=BG&geo=CZ&geo=DK&geo=DE&geo=EE&geo=IE&geo=EL&geo=ES&geo=FR&geo=HR&geo=IT&geo=CY&geo=LV&geo=LT&geo=LU&geo=HU&geo=MT&geo=NL&geo=AT&geo=PL&geo=PT&geo=RO&geo=SI&geo=SK&geo=FI&geo=SE&geo=EU27_2020&na_item=POP_NC&unit=THS_PER&sinceTimePeriod=2013,2026-10-06
nama_10_pe,NL,2017,17131.0,,2026-10-02T23:00:00+0200,https://ec.europa.eu/eurostat/api/dissemination/statistics/1.0/data/nama_10_pe?geo=BE&geo=BG&geo=CZ&geo=DK&geo=DE&geo=EE&geo=IE&geo=EL&geo=ES&geo=FR&geo=HR&geo=IT&geo=CY&geo=LV&geo=LT&geo=LU&geo=HU&geo=MT&geo=NL&geo=AT&geo=PL&geo=PT&geo=RO&geo=SI&geo=SK&geo=FI&geo=SE&geo=EU27_2020&na_item=POP_NC&unit=THS_PER&sinceTimePeriod=2013,2026-10-06
nama_10_pe,NL,2018,17232.0,,2026-10-02T23:00:00+0200,https://ec.europa.eu/eurostat/api/dissemination/statistics/1.0/data/nama_10_pe?geo=BE&geo=BG&geo=CZ&geo=DK&geo=DE&geo=EE&geo=IE&geo=EL&geo=ES&geo=FR&geo=HR&geo=IT&geo=CY&geo=LV&geo=LT&geo=LU&geo=HU&geo=MT&geo=NL&geo=AT&geo=PL&geo=PT&geo=RO&geo=SI&geo=SK&geo=FI&geo=SE&geo=EU27_2020&na_item=POP_NC&unit=THS_PER&sinceTimePeriod=2013,2026-10-06
nama_10_pe,NL,2019,17345.0,,2026-10-02T23:00:00+0200,https://ec.europa.eu/eurostat/api/dissemination/statistics/1.0/data/nama_10_pe?geo=BE&geo=BG&geo=CZ&geo=DK&geo=DE&geo=EE&geo=IE&geo=EL&geo=ES&geo=FR&geo=HR&geo=IT&geo=CY&geo=LV&geo=LT&geo=LU&geo=HU&geo=MT&geo=NL&geo=AT&geo=PL&geo=PT&geo=RO&geo=SI&geo=SK&geo=FI&geo=SE&geo=EU27_2020&na_item=POP_NC&unit=THS_PER&sinceTimePeriod=2013,2026-10-06
nama_10_pe,NL,2020,17442.0,,2026-10-02T23:00:00+0200,https://ec.europa.eu/eurostat/api/dissemination/statistics/1.0/data/nama_10_pe?geo=BE&geo=BG&geo=CZ&geo=DK&geo=DE&geo=EE&geo=IE&geo=EL&geo=ES&geo=FR&geo=HR&geo=IT&geo=CY&geo=LV&geo=LT&geo=LU&geo=HU&geo=MT&geo=NL&geo=AT&geo=PL&geo=PT&geo=RO&geo=SI&geo=SK&geo=FI&geo=SE&geo=EU27_2020&na_item=POP_NC&unit=THS_PER&sinceTimePeriod=2013,2026-10-06
nama_10_pe,NL,2021,17533.0,,2026-10-02T23:00:00+0200,https://ec.europa.eu/eurostat/api/dissemination/statistics/1.0/data/nama_10_pe?geo=BE&geo=BG&geo=CZ&geo=DK&geo=DE&geo=EE&geo=IE&geo=EL&geo=ES&geo=FR&geo=HR&geo=IT&geo=CY&geo=LV&geo=LT&geo=LU&geo=HU&geo=MT&geo=NL&geo=AT&geo=PL&geo=PT&geo=RO&geo=SI&geo=SK&geo=FI&geo=SE&geo=EU27_2020&na_item=POP_NC&unit=THS_PER&sinceTimePeriod=2013,2026-10-06
nama_10_pe,NL,2022,17701.0,,2026-10-02T23:00:00+0200,https://ec.europa.eu/eurostat/api/dissemination/statistics/1.0/data/nama_10_pe?geo=BE&geo=BG&geo=CZ&geo=DK&geo=DE&geo=EE&geo=IE&geo=EL&geo=ES&geo=FR&geo=HR&geo=IT&geo=CY&geo=LV&geo=LT&geo=LU&geo=HU&geo=MT&geo=NL&geo=AT&geo=PL&geo=PT&geo=RO&geo=SI&geo=SK&geo=FI&geo=SE&geo=EU27_2020&na_item=POP_NC&unit=THS_PER&sinceTimePeriod=2013,2026-10-06
nama_10_pe,NL,2023,17877.0,,2026-10-02T23:00:00+0200,https://ec.europa.eu/eurostat/api/dissemination/statistics/1.0/data/nama_10_pe?geo=BE&geo=BG&geo=CZ&geo=DK&geo=DE&geo=EE&geo=IE&geo=EL&geo=ES&geo=FR&geo=HR&geo=IT&geo=CY&geo=LV&geo=LT&geo=LU&geo=HU&geo=MT&geo=NL&geo=AT&geo=PL&geo=PT&geo=RO&geo=SI&geo=SK&geo=FI&geo=SE&geo=EU27_2020&na_item=POP_NC&unit=THS_PER&sinceTimePeriod=2013,2026-10-06
nama_10_pe,NL,2024,17994.0,p,2026-10-02T23:00:00+0200,https://ec.europa.eu/eurostat/api/dissemination/statistics/1.0/data/nama_10_pe?geo=BE&geo=BG&geo=CZ&geo=DK&geo=DE&geo=EE&geo=IE&geo=EL&geo=ES&geo=FR&geo=HR&geo=IT&geo=CY&geo=LV&geo=LT&geo=LU&geo=HU&geo=MT&geo=NL&geo=AT&geo=PL&geo=PT&geo=RO&geo=SI&geo=SK&geo=FI&geo=SE&geo=EU27_2020&na_item=POP_NC&unit=THS_PER&sinceTimePeriod=2013,2026-10-06
nama_10_pe,NL,2025,18089.0,p,2026-10-02T23:00:00+0200,https://ec.europa.eu/eurostat/api/dissemination/statistics/1.0/data/nama_10_pe?geo=BE&geo=BG&geo=CZ&geo=DK&geo=DE&geo=EE&geo=IE&geo=EL&geo=ES&geo=FR&geo=HR&geo=IT&geo=CY&geo=LV&geo=LT&geo=LU&geo=HU&geo=MT&geo=NL&geo=AT&geo=PL&geo=PT&geo=RO&geo=SI&geo=SK&geo=FI&geo=SE&geo=EU27_2020&na_item=POP_NC&unit=THS_PER&sinceTimePeriod=2013,2026-10-06
nama_10_pe,PL,2013,38031.63,,2026-10-02T23:00:00+0200,https://ec.europa.eu/eurostat/api/dissemination/statistics/1.0/data/nama_10_pe?geo=BE&geo=BG&geo=CZ&geo=DK&geo=DE&geo=EE&geo=IE&geo=EL&geo=ES&geo=FR&geo=HR&geo=IT&geo=CY&geo=LV&geo=LT&geo=LU&geo=HU&geo=MT&geo=NL&geo=AT&geo=PL&geo=PT&geo=RO&geo=SI&geo=SK&geo=FI&geo=SE&geo=EU27_2020&na_item=POP_NC&unit=THS_PER&sinceTimePeriod=2013,2026-10-06
nama_10_pe,PL,2014,38006.15,,2026-10-02T23:00:00+0200,https://ec.europa.eu/eurostat/api/dissemination/statistics/1.0/data/nama_10_pe?geo=BE&geo=BG&geo=CZ&geo=DK&geo=DE&geo=EE&geo=IE&geo=EL&geo=ES&geo=FR&geo=HR&geo=IT&geo=CY&geo=LV&geo=LT&geo=LU&geo=HU&geo=MT&geo=NL&geo=AT&geo=PL&geo=PT&geo=RO&geo=SI&geo=SK&geo=FI&geo=SE&geo=EU27_2020&na_item=POP_NC&unit=THS_PER&sinceTimePeriod=2013,2026-10-06
nama_10_pe,PL,2015,37981.59,,2026-10-02T23:00:00+0200,https://ec.europa.eu/eurostat/api/dissemination/statistics/1.0/data/nama_10_pe?geo=BE&geo=BG&geo=CZ&geo=DK&geo=DE&geo=EE&geo=IE&geo=EL&geo=ES&geo=FR&geo=HR&geo=IT&geo=CY&geo=LV&geo=LT&geo=LU&geo=HU&geo=MT&geo=NL&geo=AT&geo=PL&geo=PT&geo=RO&geo=SI&geo=SK&geo=FI&geo=SE&geo=EU27_2020&na_item=POP_NC&unit=THS_PER&sinceTimePeriod=2013,2026-10-06
nama_10_pe,PL,2016,37956.78,,2026-10-02T23:00:00+0200,https://ec.europa.eu/eurostat/api/dissemination/statistics/1.0/data/nama_10_pe?geo=BE&geo=BG&geo=CZ&geo=DK&geo=DE&geo=EE&geo=IE&geo=EL&geo=ES&geo=FR&geo=HR&geo=IT&geo=CY&geo=LV&geo=LT&geo=LU&geo=HU&geo=MT&geo=NL&geo=AT&geo=PL&geo=PT&geo=RO&geo=SI&geo=SK&geo=FI&geo=SE&geo=EU27_2020&na_item=POP_NC&unit=THS_PER&sinceTimePeriod=2013,2026-10-06
nama_10_pe,PL,2017,37962.32,,2026-10-02T23:00:00+0200,https://ec.europa.eu/eurostat/api/dissemination/statistics/1.0/data/nama_10_pe?geo=BE&geo=BG&geo=CZ&geo=DK&geo=DE&geo=EE&geo=IE&geo=EL&geo=ES&geo=FR&geo=HR&geo=IT&geo=CY&geo=LV&geo=LT&geo=LU&geo=HU&geo=MT&geo=NL&geo=AT&geo=PL&geo=PT&geo=RO&geo=SI&geo=SK&geo=FI&geo=SE&geo=EU27_2020&na_item=POP_NC&unit=THS_PER&sinceTimePeriod=2013,2026-10-06
nama_10_pe,PL,2018,37956.27,,2026-10-02T23:00:00+0200,https://ec.europa.eu/eurostat/api/dissemination/statistics/1.0/data/nama_10_pe?geo=BE&geo=BG&geo=CZ&geo=DK&geo=DE&geo=EE&geo=IE&geo=EL&geo=ES&geo=FR&geo=HR&geo=IT&geo=CY&geo=LV&geo=LT&geo=LU&geo=HU&geo=MT&geo=NL&geo=AT&geo=PL&geo=PT&geo=RO&geo=SI&geo=SK&geo=FI&geo=SE&geo=EU27_2020&na_item=POP_NC&unit=THS_PER&sinceTimePeriod=2013,2026-10-06
nama_10_pe,PL,2019,37948.14,,2026-10-02T23:00:00+0200,https://ec.europa.eu/eurostat/api/dissemination/statistics/1.0/data/nama_10_pe?geo=BE&geo=BG&geo=CZ&geo=DK&geo=DE&geo=EE&geo=IE&geo=EL&geo=ES&geo=FR&geo=HR&geo=IT&geo=CY&geo=LV&geo=LT&geo=LU&geo=HU&geo=MT&geo=NL&geo=AT&geo=PL&geo=PT&geo=RO&geo=SI&geo=SK&geo=FI&geo=SE&geo=EU27_2020&na_item=POP_NC&unit=THS_PER&sinceTimePeriod=2013,2026-10-06
nama_10_pe,PL,2020,37165.86,b,2026-10-02T23:00:00+0200,https://ec.europa.eu/eurostat/api/dissemination/statistics/1.0/data/nama_10_pe?geo=BE&geo=BG&geo=CZ&geo=DK&geo=DE&geo=EE&geo=IE&geo=EL&geo=ES&geo=FR&geo=HR&geo=IT&geo=CY&geo=LV&geo=LT&geo=LU&geo=HU&geo=MT&geo=NL&geo=AT&geo=PL&geo=PT&geo=RO&geo=SI&geo=SK&geo=FI&geo=SE&geo=EU27_2020&na_item=POP_NC&unit=THS_PER&sinceTimePeriod=2013,2026-10-06
nama_10_pe,PL,2021,36972.73,,2026-10-02T23:00:00+0200,https://ec.europa.eu/eurostat/api/dissemination/statistics/1.0/data/nama_10_pe?geo=BE&geo=BG&geo=CZ&geo=DK&geo=DE&geo=EE&geo=IE&geo=EL&geo=ES&geo=FR&geo=HR&geo=IT&geo=CY&geo=LV&geo=LT&geo=LU&geo=HU&geo=MT&geo=NL&geo=AT&geo=PL&geo=PT&geo=RO&geo=SI&geo=SK&geo=FI&geo=SE&geo=EU27_2020&na_item=POP_NC&unit=THS_PER&sinceTimePeriod=2013,2026-10-06
nama_10_pe,PL,2022,37779.21,b,2026-10-02T23:00:00+0200,https://ec.europa.eu/eurostat/api/dissemination/statistics/1.0/data/nama_10_pe?geo=BE&geo=BG&geo=CZ&geo=DK&geo=DE&geo=EE&geo=IE&geo=EL&geo=ES&geo=FR&geo=HR&geo=IT&geo=CY&geo=LV&geo=LT&geo=LU&geo=HU&geo=MT&geo=NL&geo=AT&geo=PL&geo=PT&geo=RO&geo=SI&geo=SK&geo=FI&geo=SE&geo=EU27_2020&na_item=POP_NC&unit=THS_PER&sinceTimePeriod=2013,2026-10-06
nama_10_pe,PL,2023,37630.45,,2026-10-02T23:00:00+0200,https://ec.europa.eu/eurostat/api/dissemination/statistics/1.0/data/nama_10_pe?geo=BE&geo=BG&geo=CZ&geo=DK&geo=DE&geo=EE&geo=IE&geo=EL&geo=ES&geo=FR&geo=HR&geo=IT&geo=CY&geo=LV&geo=LT&geo=LU&geo=HU&geo=MT&geo=NL&geo=AT&geo=PL&geo=PT&geo=RO&geo=SI&geo=SK&geo=FI&geo=SE&geo=EU27_2020&na_item=POP_NC&unit=THS_PER&sinceTimePeriod=2013,2026-10-06
nama_10_pe,PL,2024,37525.63,,2026-10-02T23:00:00+0200,https://ec.europa.eu/eurostat/api/dissemination/statistics/1.0/data/nama_10_pe?geo=BE&geo=BG&geo=CZ&geo=DK&geo=DE&geo=EE&geo=IE&geo=EL&geo=ES&geo=FR&geo=HR&geo=IT&geo=CY&geo=LV&geo=LT&geo=LU&geo=HU&geo=MT&geo=NL&geo=AT&geo=PL&geo=PT&geo=RO&geo=SI&geo=SK&geo=FI&geo=SE&geo=EU27_2020&na_item=POP_NC&unit=THS_PER&sinceTimePeriod=2013,2026-10-06
nama_10_pe,PL,2025,37367.4,,2026-10-02T23:00:00+0200,https://ec.europa.eu/eurostat/api/dissemination/statistics/1.0/data/nama_10_pe?geo=BE&geo=BG&geo=CZ&geo=DK&geo=DE&geo=EE&geo=IE&geo=EL&geo=ES&geo=FR&geo=HR&geo=IT&geo=CY&geo=LV&geo=LT&geo=LU&geo=HU&geo=MT&geo=NL&geo=AT&geo=PL&geo=PT&geo=RO&geo=SI&geo=SK&geo=FI&geo=SE&geo=EU27_2020&na_item=POP_NC&unit=THS_PER&sinceTimePeriod=2013,2026-10-06
nama_10_pe,PT,2013,10473.99,,2026-10-02T23:00:00+0200,https://ec.europa.eu/eurostat/api/dissemination/statistics/1.0/data/nama_10_pe?geo=BE&geo=BG&geo=CZ&geo=DK&geo=DE&geo=EE&geo=IE&geo=EL&geo=ES&geo=FR&geo=HR&geo=IT&geo=CY&geo=LV&geo=LT&geo=LU&geo=HU&geo=MT&geo=NL&geo=AT&geo=PL&geo=PT&geo=RO&geo=SI&geo=SK&geo=FI&geo=SE&geo=EU27_2020&na_item=POP_NC&unit=THS_PER&sinceTimePeriod=2013,2026-10-06
nama_10_pe,PT,2014,10419.61,,2026-10-02T23:00:00+0200,https://ec.europa.eu/eurostat/api/dissemination/statistics/1.0/data/nama_10_pe?geo=BE&geo=BG&geo=CZ&geo=DK&geo=DE&geo=EE&geo=IE&geo=EL&geo=ES&geo=FR&geo=HR&geo=IT&geo=CY&geo=LV&geo=LT&geo=LU&geo=HU&geo=MT&geo=NL&geo=AT&geo=PL&geo=PT&geo=RO&geo=SI&geo=SK&geo=FI&geo=SE&geo=EU27_2020&na_item=POP_NC&unit=THS_PER&sinceTimePeriod=2013,2026-10-06
nama_10_pe,PT,2015,10381.84,,2026-10-02T23:00:00+0200,https://ec.europa.eu/eurostat/api/dissemination/statistics/1.0/data/nama_10_pe?geo=BE&geo=BG&geo=CZ&geo=DK&geo=DE&geo=EE&geo=IE&geo=EL&geo=ES&geo=FR&geo=HR&geo=IT&geo=CY&geo=LV&geo=LT&geo=LU&geo=HU&geo=MT&geo=NL&geo=AT&geo=PL&geo=PT&geo=RO&geo=SI&geo=SK&geo=FI&geo=SE&geo=EU27_2020&na_item=POP_NC&unit=THS_PER&sinceTimePeriod=2013,2026-10-06
nama_10_pe,PT,2016,10356.52,,2026-10-02T23:00:00+0200,https://ec.europa.eu/eurostat/api/dissemination/statistics/1.0/data/nama_10_pe?geo=BE&geo=BG&geo=CZ&geo=DK&geo=DE&geo=EE&geo=IE&geo=EL&geo=ES&geo=FR&geo=HR&geo=IT&geo=CY&geo=LV&geo=LT&geo=LU&geo=HU&geo=MT&geo=NL&geo=AT&geo=PL&geo=PT&geo=RO&geo=SI&geo=SK&geo=FI&geo=SE&geo=EU27_2020&na_item=POP_NC&unit=THS_PER&sinceTimePeriod=2013,2026-10-06
nama_10_pe,PT,2017,10340.12,,2026-10-02T23:00:00+0200,https://ec.europa.eu/eurostat/api/dissemination/statistics/1.0/data/nama_10_pe?geo=BE&geo=BG&geo=CZ&geo=DK&geo=DE&geo=EE&geo=IE&geo=EL&geo=ES&geo=FR&geo=HR&geo=IT&geo=CY&geo=LV&geo=LT&geo=LU&geo=HU&geo=MT&geo=NL&geo=AT&geo=PL&geo=PT&geo=RO&geo=SI&geo=SK&geo=FI&geo=SE&geo=EU27_2020&na_item=POP_NC&unit=THS_PER&sinceTimePeriod=2013,2026-10-06
nama_10_pe,PT,2018,10334.63,,2026-10-02T23:00:00+0200,https://ec.europa.eu/eurostat/api/dissemination/statistics/1.0/data/nama_10_pe?geo=BE&geo=BG&geo=CZ&geo=DK&geo=DE&geo=EE&geo=IE&geo=EL&geo=ES&geo=FR&geo=HR&geo=IT&geo=CY&geo=LV&geo=LT&geo=LU&geo=HU&geo=MT&geo=NL&geo=AT&geo=PL&geo=PT&geo=RO&geo=SI&geo=SK&geo=FI&geo=SE&geo=EU27_2020&na_item=POP_NC&unit=THS_PER&sinceTimePeriod=2013,2026-10-06
nama_10_pe,PT,2019,10354.45,,2026-10-02T23:00:00+0200,https://ec.europa.eu/eurostat/api/dissemination/statistics/1.0/data/nama_10_pe?geo=BE&geo=BG&geo=CZ&geo=DK&geo=DE&geo=EE&geo=IE&geo=EL&geo=ES&geo=FR&geo=HR&geo=IT&geo=CY&geo=LV&geo=LT&geo=LU&geo=HU&geo=MT&geo=NL&geo=AT&geo=PL&geo=PT&geo=RO&geo=SI&geo=SK&geo=FI&geo=SE&geo=EU27_2020&na_item=POP_NC&unit=THS_PER&sinceTimePeriod=2013,2026-10-06
nama_10_pe,PT,2020,10384.85,,2026-10-02T23:00:00+0200,https://ec.europa.eu/eurostat/api/dissemination/statistics/1.0/data/nama_10_pe?geo=BE&geo=BG&geo=CZ&geo=DK&geo=DE&geo=EE&geo=IE&geo=EL&geo=ES&geo=FR&geo=HR&geo=IT&geo=CY&geo=LV&geo=LT&geo=LU&geo=HU&geo=MT&geo=NL&geo=AT&geo=PL&geo=PT&geo=RO&geo=SI&geo=SK&geo=FI&geo=SE&geo=EU27_2020&na_item=POP_NC&unit=THS_PER&sinceTimePeriod=2013,2026-10-06
nama_10_pe,PT,2021,10407.71,,2026-10-02T23:00:00+0200,https://ec.europa.eu/eurostat/api/dissemination/statistics/1.0/data/nama_10_pe?geo=BE&geo=BG&geo=CZ&geo=DK&geo=DE&geo=EE&geo=IE&geo=EL&geo=ES&geo=FR&geo=HR&geo=IT&geo=CY&geo=LV&geo=LT&geo=LU&geo=HU&geo=MT&geo=NL&geo=AT&geo=PL&geo=PT&geo=RO&geo=SI&geo=SK&geo=FI&geo=SE&geo=EU27_2020&na_item=POP_NC&unit=THS_PER&sinceTimePeriod=2013,2026-10-06
nama_10_pe,PT,2022,10468.87,,2026-10-02T23:00:00+0200,https://ec.europa.eu/eurostat/api/dissemination/statistics/1.0/data/nama_10_pe?geo=BE&geo=BG&geo=CZ&geo=DK&geo=DE&geo=EE&geo=IE&geo=EL&geo=ES&geo=FR&geo=HR&geo=IT&geo=CY&geo=LV&geo=LT&geo=LU&geo=HU&geo=MT&geo=NL&geo=AT&geo=PL&geo=PT&geo=RO&geo=SI&geo=SK&geo=FI&geo=SE&geo=EU27_2020&na_item=POP_NC&unit=THS_PER&sinceTimePeriod=2013,2026-10-06
nama_10_pe,PT,2023,10578.17,,2026-10-02T23:00:00+0200,https://ec.europa.eu/eurostat/api/dissemination/statistics/1.0/data/nama_10_pe?geo=BE&geo=BG&geo=CZ&geo=DK&geo=DE&geo=EE&geo=IE&geo=EL&geo=ES&geo=FR&geo=HR&geo=IT&geo=CY&geo=LV&geo=LT&geo=LU&geo=HU&geo=MT&geo=NL&geo=AT&geo=PL&geo=PT&geo=RO&geo=SI&geo=SK&geo=FI&geo=SE&geo=EU27_2020&na_item=POP_NC&unit=THS_PER&sinceTimePeriod=2013,2026-10-06
nama_10_pe,PT,2024,10694.68,,2026-10-02T23:00:00+0200,https://ec.europa.eu/eurostat/api/dissemination/statistics/1.0/data/nama_10_pe?geo=BE&geo=BG&geo=CZ&geo=DK&geo=DE&geo=EE&geo=IE&geo=EL&geo=ES&geo=FR&geo=HR&geo=IT&geo=CY&geo=LV&geo=LT&geo=LU&geo=HU&geo=MT&geo=NL&geo=AT&geo=PL&geo=PT&geo=RO&geo=SI&geo=SK&geo=FI&geo=SE&geo=EU27_2020&na_item=POP_NC&unit=THS_PER&sinceTimePeriod=2013,2026-10-06
nama_10_pe,PT,2025,10804.16,p,2026-10-02T23:00:00+0200,https://ec.europa.eu/eurostat/api/dissemination/statistics/1.0/data/nama_10_pe?geo=BE&geo=BG&geo=CZ&geo=DK&geo=DE&geo=EE&geo=IE&geo=EL&geo=ES&geo=FR&geo=HR&geo=IT&geo=CY&geo=LV&geo=LT&geo=LU&geo=HU&geo=MT&geo=NL&geo=AT&geo=PL&geo=PT&geo=RO&geo=SI&geo=SK&geo=FI&geo=SE&geo=EU27_2020&na_item=POP_NC&unit=THS_PER&sinceTimePeriod=2013,2026-10-06
nama_10_pe,RO,2013,19988.69,,2026-10-02T23:00:00+0200,https://ec.europa.eu/eurostat/api/dissemination/statistics/1.0/data/nama_10_pe?geo=BE&geo=BG&geo=CZ&geo=DK&geo=DE&geo=EE&geo=IE&geo=EL&geo=ES&geo=FR&geo=HR&geo=IT&geo=CY&geo=LV&geo=LT&geo=LU&geo=HU&geo=MT&geo=NL&geo=AT&geo=PL&geo=PT&geo=RO&geo=SI&geo=SK&geo=FI&geo=SE&geo=EU27_2020&na_item=POP_NC&unit=THS_PER&sinceTimePeriod=2013,2026-10-06
nama_10_pe,RO,2014,19916.45,,2026-10-02T23:00:00+0200,https://ec.europa.eu/eurostat/api/dissemination/statistics/1.0/data/nama_10_pe?geo=BE&geo=BG&geo=CZ&geo=DK&geo=DE&geo=EE&geo=IE&geo=EL&geo=ES&geo=FR&geo=HR&geo=IT&geo=CY&geo=LV&geo=LT&geo=LU&geo=HU&geo=MT&geo=NL&geo=AT&geo=PL&geo=PT&geo=RO&geo=SI&geo=SK&geo=FI&geo=SE&geo=EU27_2020&na_item=POP_NC&unit=THS_PER&sinceTimePeriod=2013,2026-10-06
nama_10_pe,RO,2015,19822.25,,2026-10-02T23:00:00+0200,https://ec.europa.eu/eurostat/api/dissemination/statistics/1.0/data/nama_10_pe?geo=BE&geo=BG&geo=CZ&geo=DK&geo=DE&geo=EE&geo=IE&geo=EL&geo=ES&geo=FR&geo=HR&geo=IT&geo=CY&geo=LV&geo=LT&geo=LU&geo=HU&geo=MT&geo=NL&geo=AT&geo=PL&geo=PT&geo=RO&geo=SI&geo=SK&geo=FI&geo=SE&geo=EU27_2020&na_item=POP_NC&unit=THS_PER&sinceTimePeriod=2013,2026-10-06
nama_10_pe,RO,2016,19706.42,,2026-10-02T23:00:00+0200,https://ec.europa.eu/eurostat/api/dissemination/statistics/1.0/data/nama_10_pe?geo=BE&geo=BG&geo=CZ&geo=DK&geo=DE&geo=EE&geo=IE&geo=EL&geo=ES&geo=FR&geo=HR&geo=IT&geo=CY&geo=LV&geo=LT&geo=LU&geo=HU&geo=MT&geo=NL&geo=AT&geo=PL&geo=PT&geo=RO&geo=SI&geo=SK&geo=FI&geo=SE&geo=EU27_2020&na_item=POP_NC&unit=THS_PER&sinceTimePeriod=2013,2026-10-06
nama_10_pe,RO,2017,19592.93,,2026-10-02T23:00:00+0200,https://ec.europa.eu/eurostat/api/dissemination/statistics/1.0/data/nama_10_pe?geo=BE&geo=BG&geo=CZ&geo=DK&geo=DE&geo=EE&geo=IE&geo=EL&geo=ES&geo=FR&geo=HR&geo=IT&geo=CY&geo=LV&geo=LT&geo=LU&geo=HU&geo=MT&geo=NL&geo=AT&geo=PL&geo=PT&geo=RO&geo=SI&geo=SK&geo=FI&geo=SE&geo=EU27_2020&na_item=POP_NC&unit=THS_PER&sinceTimePeriod=2013,2026-10-06
nama_10_pe,RO,2018,19483.84,,2026-10-02T23:00:00+0200,https://ec.europa.eu/eurostat/api/dissemination/statistics/1.0/data/nama_10_pe?geo=BE&geo=BG&geo=CZ&geo=DK&geo=DE&geo=EE&geo=IE&geo=EL&geo=ES&geo=FR&geo=HR&geo=IT&geo=CY&geo=LV&geo=LT&geo=LU&geo=HU&geo=MT&geo=NL&geo=AT&geo=PL&geo=PT&geo=RO&geo=SI&geo=SK&geo=FI&geo=SE&geo=EU27_2020&na_item=POP_NC&unit=THS_PER&sinceTimePeriod=2013,2026-10-06
nama_10_pe,RO,2019,19394.23,,2026-10-02T23:00:00+0200,https://ec.europa.eu/eurostat/api/dissemination/statistics/1.0/data/nama_10_pe?geo=BE&geo=BG&geo=CZ&geo=DK&geo=DE&geo=EE&geo=IE&geo=EL&geo=ES&geo=FR&geo=HR&geo=IT&geo=CY&geo=LV&geo=LT&geo=LU&geo=HU&geo=MT&geo=NL&geo=AT&geo=PL&geo=PT&geo=RO&geo=SI&geo=SK&geo=FI&geo=SE&geo=EU27_2020&na_item=POP_NC&unit=THS_PER&sinceTimePeriod=2013,2026-10-06
nama_10_pe,RO,2020,19296.08,,2026-10-02T23:00:00+0200,https://ec.europa.eu/eurostat/api/dissemination/statistics/1.0/data/nama_10_pe?geo=BE&geo=BG&geo=CZ&geo=DK&geo=DE&geo=EE&geo=IE&geo=EL&geo=ES&geo=FR&geo=HR&geo=IT&geo=CY&geo=LV&geo=LT&geo=LU&geo=HU&geo=MT&geo=NL&geo=AT&geo=PL&geo=PT&geo=RO&geo=SI&geo=SK&geo=FI&geo=SE&geo=EU27_2020&na_item=POP_NC&unit=THS_PER&sinceTimePeriod=2013,2026-10-06
nama_10_pe,RO,2021,19140.43,,2026-10-02T23:00:00+0200,https://ec.europa.eu/eurostat/api/dissemination/statistics/1.0/data/nama_10_pe?geo=BE&geo=BG&geo=CZ&geo=DK&geo=DE&geo=EE&geo=IE&geo=EL&geo=ES&geo=FR&geo=HR&geo=IT&geo=CY&geo=LV&geo=LT&geo=LU&geo=HU&geo=MT&geo=NL&geo=AT&geo=PL&geo=PT&geo=RO&geo=SI&geo=SK&geo=FI&geo=SE&geo=EU27_2020&na_item=POP_NC&unit=THS_PER&sinceTimePeriod=2013,2026-10-06
nama_10_pe,RO,2022,19053.35,,2026-10-02T23:00:00+0200,https://ec.europa.eu/eurostat/api/dissemination/statistics/1.0/data/nama_10_pe?geo=BE&geo=BG&geo=CZ&geo=DK&geo=DE&geo=EE&geo=IE&geo=EL&geo=ES&geo=FR&geo=HR&geo=IT&geo=CY&geo=LV&geo=LT&geo=LU&geo=HU&geo=MT&geo=NL&geo=AT&geo=PL&geo=PT&geo=RO&geo=SI&geo=SK&geo=FI&geo=SE&geo=EU27_2020&na_item=POP_NC&unit=THS_PER&sinceTimePeriod=2013,2026-10-06
nama_10_pe,RO,2023,19065.22,,2026-10-02T23:00:00+0200,https://ec.europa.eu/eurostat/api/dissemination/statistics/1.0/data/nama_10_pe?geo=BE&geo=BG&geo=CZ&geo=DK&geo=DE&geo=EE&geo=IE&geo=EL&geo=ES&geo=FR&geo=HR&geo=IT&geo=CY&geo=LV&geo=LT&geo=LU&geo=HU&geo=MT&geo=NL&geo=AT&geo=PL&geo=PT&geo=RO&geo=SI&geo=SK&geo=FI&geo=SE&geo=EU27_2020&na_item=POP_NC&unit=THS_PER&sinceTimePeriod=2013,2026-10-06
nama_10_pe,RO,2024,19059.53,,2026-10-02T23:00:00+0200,https://ec.europa.eu/eurostat/api/dissemination/statistics/1.0/data/nama_10_pe?geo=BE&geo=BG&geo=CZ&geo=DK&geo=DE&geo=EE&geo=IE&geo=EL&geo=ES&geo=FR&geo=HR&geo=IT&geo=CY&geo=LV&geo=LT&geo=LU&geo=HU&geo=MT&geo=NL&geo=AT&geo=PL&geo=PT&geo=RO&geo=SI&geo=SK&geo=FI&geo=SE&geo=EU27_2020&na_item=POP_NC&unit=THS_PER&sinceTimePeriod=2013,2026-10-06
nama_10_pe,RO,2025,19043.15,,2026-10-02T23:00:00+0200,https://ec.europa.eu/eurostat/api/dissemination/statistics/1.0/data/nama_10_pe?geo=BE&geo=BG&geo=CZ&geo=DK&geo=DE&geo=EE&geo=IE&geo=EL&geo=ES&geo=FR&geo=HR&geo=IT&geo=CY&geo=LV&geo=LT&geo=LU&geo=HU&geo=MT&geo=NL&geo=AT&geo=PL&geo=PT&geo=RO&geo=SI&geo=SK&geo=FI&geo=SE&geo=EU27_2020&na_item=POP_NC&unit=THS_PER&sinceTimePeriod=2013,2026-10-06
nama_10_pe,SE,2013,9598.95,,2026-10-02T23:00:00+0200,https://ec.europa.eu/eurostat/api/dissemination/statistics/1.0/data/nama_10_pe?geo=BE&geo=BG&geo=CZ&geo=DK&geo=DE&geo=EE&geo=IE&geo=EL&geo=ES&geo=FR&geo=HR&geo=IT&geo=CY&geo=LV&geo=LT&geo=LU&geo=HU&geo=MT&geo=NL&geo=AT&geo=PL&geo=PT&geo=RO&geo=SI&geo=SK&geo=FI&geo=SE&geo=EU27_2020&na_item=POP_NC&unit=THS_PER&sinceTimePeriod=2013,2026-10-06
nama_10_pe,SE,2014,9697.03,,2026-10-02T23:00:00+0200,https://ec.europa.eu/eurostat/api/dissemination/statistics/1.0/data/nama_10_pe?geo=BE&geo=BG&geo=CZ&geo=DK&geo=DE&geo=EE&geo=IE&geo=EL&geo=ES&geo=FR&geo=HR&geo=IT&geo=CY&geo=LV&geo=LT&geo=LU&geo=HU&geo=MT&geo=NL&geo=AT&geo=PL&geo=PT&geo=RO&geo=SI&geo=SK&geo=FI&geo=SE&geo=EU27_2020&na_item=POP_NC&unit=THS_PER&sinceTimePeriod=2013,2026-10-06
nama_10_pe,SE,2015,9799.19,,2026-10-02T23:00:00+0200,https://ec.europa.eu/eurostat/api/dissemination/statistics/1.0/data/nama_10_pe?geo=BE&geo=BG&geo=CZ&geo=DK&geo=DE&geo=EE&geo=IE&geo=EL&geo=ES&geo=FR&geo=HR&geo=IT&geo=CY&geo=LV&geo=LT&geo=LU&geo=HU&geo=MT&geo=NL&geo=AT&geo=PL&geo=PT&geo=RO&geo=SI&geo=SK&geo=FI&geo=SE&geo=EU27_2020&na_item=POP_NC&unit=THS_PER&sinceTimePeriod=2013,2026-10-06
nama_10_pe,SE,2016,9915.44,,2026-10-02T23:00:00+0200,https://ec.europa.eu/eurostat/api/dissemination/statistics/1.0/data/nama_10_pe?geo=BE&geo=BG&geo=CZ&geo=DK&geo=DE&geo=EE&geo=IE&geo=EL&geo=ES&geo=FR&geo=HR&geo=IT&geo=CY&geo=LV&geo=LT&geo=LU&geo=HU&geo=MT&geo=NL&geo=AT&geo=PL&geo=PT&geo=RO&geo=SI&geo=SK&geo=FI&geo=SE&geo=EU27_2020&na_item=POP_NC&unit=THS_PER&sinceTimePeriod=2013,2026-10-06
nama_10_pe,SE,2017,10057.7,,2026-10-02T23:00:00+0200,https://ec.europa.eu/eurostat/api/dissemination/statistics/1.0/data/nama_10_pe?geo=BE&geo=BG&geo=CZ&geo=DK&geo=DE&geo=EE&geo=IE&geo=EL&geo=ES&geo=FR&geo=HR&geo=IT&geo=CY&geo=LV&geo=LT&geo=LU&geo=HU&geo=MT&geo=NL&geo=AT&geo=PL&geo=PT&geo=RO&geo=SI&geo=SK&geo=FI&geo=SE&geo=EU27_2020&na_item=POP_NC&unit=THS_PER&sinceTimePeriod=2013,2026-10-06
nama_10_pe,SE,2018,10175.21,,2026-10-02T23:00:00+0200,https://ec.europa.eu/eurostat/api/dissemination/statistics/1.0/data/nama_10_pe?geo=BE&geo=BG&geo=CZ&geo=DK&geo=DE&geo=EE&geo=IE&geo=EL&geo=ES&geo=FR&geo=HR&geo=IT&geo=CY&geo=LV&geo=LT&geo=LU&geo=HU&geo=MT&geo=NL&geo=AT&geo=PL&geo=PT&geo=RO&geo=SI&geo=SK&geo=FI&geo=SE&geo=EU27_2020&na_item=POP_NC&unit=THS_PER&sinceTimePeriod=2013,2026-10-06
nama_10_pe,SE,2019,10284.07,,2026-10-02T23:00:00+0200,https://ec.europa.eu/eurostat/api/dissemination/statistics/1.0/data/nama_10_pe?geo=BE&geo=BG&geo=CZ&geo=DK&geo=DE&geo=EE&geo=IE&geo=EL&geo=ES&geo=FR&geo=HR&geo=IT&geo=CY&geo=LV&geo=LT&geo=LU&geo=HU&geo=MT&geo=NL&geo=AT&geo=PL&geo=PT&geo=RO&geo=SI&geo=SK&geo=FI&geo=SE&geo=EU27_2020&na_item=POP_NC&unit=THS_PER&sinceTimePeriod=2013,2026-10-06
nama_10_pe,SE,2020,10353.44,,2026-10-02T23:00:00+0200,https://ec.europa.eu/eurostat/api/dissemination/statistics/1.0/data/nama_10_pe?geo=BE&geo=BG&geo=CZ&geo=DK&geo=DE&geo=EE&geo=IE&geo=EL&geo=ES&geo=FR&geo=HR&geo=IT&geo=CY&geo=LV&geo=LT&geo=LU&geo=HU&geo=MT&geo=NL&geo=AT&geo=PL&geo=PT&geo=RO&geo=SI&geo=SK&geo=FI&geo=SE&geo=EU27_2020&na_item=POP_NC&unit=THS_PER&sinceTimePeriod=2013,2026-10-06
nama_10_pe,SE,2021,10415.81,,2026-10-02T23:00:00+0200,https://ec.europa.eu/eurostat/api/dissemination/statistics/1.0/data/nama_10_pe?geo=BE&geo=BG&geo=CZ&geo=DK&geo=DE&geo=EE&geo=IE&geo=EL&geo=ES&geo=FR&geo=HR&geo=IT&geo=CY&geo=LV&geo=LT&geo=LU&geo=HU&geo=MT&geo=NL&geo=AT&geo=PL&geo=PT&geo=RO&geo=SI&geo=SK&geo=FI&geo=SE&geo=EU27_2020&na_item=POP_NC&unit=THS_PER&sinceTimePeriod=2013,2026-10-06
nama_10_pe,SE,2022,10527.18,,2026-10-02T23:00:00+0200,https://ec.europa.eu/eurostat/api/dissemination/statistics/1.0/data/nama_10_pe?geo=BE&geo=BG&geo=CZ&geo=DK&geo=DE&geo=EE&geo=IE&geo=EL&geo=ES&geo=FR&geo=HR&geo=IT&geo=CY&geo=LV&geo=LT&geo=LU&geo=HU&geo=MT&geo=NL&geo=AT&geo=PL&geo=PT&geo=RO&geo=SI&geo=SK&geo=FI&geo=SE&geo=EU27_2020&na_item=POP_NC&unit=THS_PER&sinceTimePeriod=2013,2026-10-06
nama_10_pe,SE,2023,10599.41,,2026-10-02T23:00:00+0200,https://ec.europa.eu/eurostat/api/dissemination/statistics/1.0/data/nama_10_pe?geo=BE&geo=BG&geo=CZ&geo=DK&geo=DE&geo=EE&geo=IE&geo=EL&geo=ES&geo=FR&geo=HR&geo=IT&geo=CY&geo=LV&geo=LT&geo=LU&geo=HU&geo=MT&geo=NL&geo=AT&geo=PL&geo=PT&geo=RO&geo=SI&geo=SK&geo=FI&geo=SE&geo=EU27_2020&na_item=POP_NC&unit=THS_PER&sinceTimePeriod=2013,2026-10-06
nama_10_pe,SE,2024,10630.97,,2026-10-02T23:00:00+0200,https://ec.europa.eu/eurostat/api/dissemination/statistics/1.0/data/nama_10_pe?geo=BE&geo=BG&geo=CZ&geo=DK&geo=DE&geo=EE&geo=IE&geo=EL&geo=ES&geo=FR&geo=HR&geo=IT&geo=CY&geo=LV&geo=LT&geo=LU&geo=HU&geo=MT&geo=NL&geo=AT&geo=PL&geo=PT&geo=RO&geo=SI&geo=SK&geo=FI&geo=SE&geo=EU27_2020&na_item=POP_NC&unit=THS_PER&sinceTimePeriod=2013,2026-10-06
nama_10_pe,SE,2025,10673.81,,2026-10-02T23:00:00+0200,https://ec.europa.eu/eurostat/api/dissemination/statistics/1.0/data/nama_10_pe?geo=BE&geo=BG&geo=CZ&geo=DK&geo=DE&geo=EE&geo=IE&geo=EL&geo=ES&geo=FR&geo=HR&geo=IT&geo=CY&geo=LV&geo=LT&geo=LU&geo=HU&geo=MT&geo=NL&geo=AT&geo=PL&geo=PT&geo=RO&geo=SI&geo=SK&geo=FI&geo=SE&geo=EU27_2020&na_item=POP_NC&unit=THS_PER&sinceTimePeriod=2013,2026-10-06
nama_10_pe,SI,2013,2059.55,,2026-10-02T23:00:00+0200,https://ec.europa.eu/eurostat/api/dissemination/statistics/1.0/data/nama_10_pe?geo=BE&geo=BG&geo=CZ&geo=DK&geo=DE&geo=EE&geo=IE&geo=EL&geo=ES&geo=FR&geo=HR&geo=IT&geo=CY&geo=LV&geo=LT&geo=LU&geo=HU&geo=MT&geo=NL&geo=AT&geo=PL&geo=PT&geo=RO&geo=SI&geo=SK&geo=FI&geo=SE&geo=EU27_2020&na_item=POP_NC&unit=THS_PER&sinceTimePeriod=2013,2026-10-06
nama_10_pe,SI,2014,2061.8,,2026-10-02T23:00:00+0200,https://ec.europa.eu/eurostat/api/dissemination/statistics/1.0/data/nama_10_pe?geo=BE&geo=BG&geo=CZ&geo=DK&geo=DE&geo=EE&geo=IE&geo=EL&geo=ES&geo=FR&geo=HR&geo=IT&geo=CY&geo=LV&geo=LT&geo=LU&geo=HU&geo=MT&geo=NL&geo=AT&geo=PL&geo=PT&geo=RO&geo=SI&geo=SK&geo=FI&geo=SE&geo=EU27_2020&na_item=POP_NC&unit=THS_PER&sinceTimePeriod=2013,2026-10-06
nama_10_pe,SI,2015,2063.3,,2026-10-02T23:00:00+0200,https://ec.europa.eu/eurostat/api/dissemination/statistics/1.0/data/nama_10_pe?geo=BE&geo=BG&geo=CZ&geo=DK&geo=DE&geo=EE&geo=IE&geo=EL&geo=ES&geo=FR&geo=HR&geo=IT&geo=CY&geo=LV&geo=LT&geo=LU&geo=HU&geo=MT&geo=NL&geo=AT&geo=PL&geo=PT&geo=RO&geo=SI&geo=SK&geo=FI&geo=SE&geo=EU27_2020&na_item=POP_NC&unit=THS_PER&sinceTimePeriod=2013,2026-10-06
nama_10_pe,SI,2016,2064.63,,2026-10-02T23:00:00+0200,https://ec.europa.eu/eurostat/api/dissemination/statistics/1.0/data/nama_10_pe?geo=BE&geo=BG&geo=CZ&geo=DK&geo=DE&geo=EE&geo=IE&geo=EL&geo=ES&geo=FR&geo=HR&geo=IT&geo=CY&geo=LV&geo=LT&geo=LU&geo=HU&geo=MT&geo=NL&geo=AT&geo=PL&geo=PT&geo=RO&geo=SI&geo=SK&geo=FI&geo=SE&geo=EU27_2020&na_item=POP_NC&unit=THS_PER&sinceTimePeriod=2013,2026-10-06
nama_10_pe,SI,2017,2065.82,,2026-10-02T23:00:00+0200,https://ec.europa.eu/eurostat/api/dissemination/statistics/1.0/data/nama_10_pe?geo=BE&geo=BG&geo=CZ&geo=DK&geo=DE&geo=EE&geo=IE&geo=EL&geo=ES&geo=FR&geo=HR&geo=IT&geo=CY&geo=LV&geo=LT&geo=LU&geo=HU&geo=MT&geo=NL&geo=AT&geo=PL&geo=PT&geo=RO&geo=SI&geo=SK&geo=FI&geo=SE&geo=EU27_2020&na_item=POP_NC&unit=THS_PER&sinceTimePeriod=2013,2026-10-06
nama_10_pe,SI,2018,2071.96,,2026-10-02T23:00:00+0200,https://ec.europa.eu/eurostat/api/dissemination/statistics/1.0/data/nama_10_pe?geo=BE&geo=BG&geo=CZ&geo=DK&geo=DE&geo=EE&geo=IE&geo=EL&geo=ES&geo=FR&geo=HR&geo=IT&geo=CY&geo=LV&geo=LT&geo=LU&geo=HU&geo=MT&geo=NL&geo=AT&geo=PL&geo=PT&geo=RO&geo=SI&geo=SK&geo=FI&geo=SE&geo=EU27_2020&na_item=POP_NC&unit=THS_PER&sinceTimePeriod=2013,2026-10-06
nama_10_pe,SI,2019,2089.01,,2026-10-02T23:00:00+0200,https://ec.europa.eu/eurostat/api/dissemination/statistics/1.0/data/nama_10_pe?geo=BE&geo=BG&geo=CZ&geo=DK&geo=DE&geo=EE&geo=IE&geo=EL&geo=ES&geo=FR&geo=HR&geo=IT&geo=CY&geo=LV&geo=LT&geo=LU&geo=HU&geo=MT&geo=NL&geo=AT&geo=PL&geo=PT&geo=RO&geo=SI&geo=SK&geo=FI&geo=SE&geo=EU27_2020&na_item=POP_NC&unit=THS_PER&sinceTimePeriod=2013,2026-10-06
nama_10_pe,SI,2020,2102.8,,2026-10-02T23:00:00+0200,https://ec.europa.eu/eurostat/api/dissemination/statistics/1.0/data/nama_10_pe?geo=BE&geo=BG&geo=CZ&geo=DK&geo=DE&geo=EE&geo=IE&geo=EL&geo=ES&geo=FR&geo=HR&geo=IT&geo=CY&geo=LV&geo=LT&geo=LU&geo=HU&geo=MT&geo=NL&geo=AT&geo=PL&geo=PT&geo=RO&geo=SI&geo=SK&geo=FI&geo=SE&geo=EU27_2020&na_item=POP_NC&unit=THS_PER&sinceTimePeriod=2013,2026-10-06
nama_10_pe,SI,2021,2107.73,,2026-10-02T23:00:00+0200,https://ec.europa.eu/eurostat/api/dissemination/statistics/1.0/data/nama_10_pe?geo=BE&geo=BG&geo=CZ&geo=DK&geo=DE&geo=EE&geo=IE&geo=EL&geo=ES&geo=FR&geo=HR&geo=IT&geo=CY&geo=LV&geo=LT&geo=LU&geo=HU&geo=MT&geo=NL&geo=AT&geo=PL&geo=PT&geo=RO&geo=SI&geo=SK&geo=FI&geo=SE&geo=EU27_2020&na_item=POP_NC&unit=THS_PER&sinceTimePeriod=2013,2026-10-06
nama_10_pe,SI,2022,2109.39,,2026-10-02T23:00:00+0200,https://ec.europa.eu/eurostat/api/dissemination/statistics/1.0/data/nama_10_pe?geo=BE&geo=BG&geo=CZ&geo=DK&geo=DE&geo=EE&geo=IE&geo=EL&geo=ES&geo=FR&geo=HR&geo=IT&geo=CY&geo=LV&geo=LT&geo=LU&geo=HU&geo=MT&geo=NL&geo=AT&geo=PL&geo=PT&geo=RO&geo=SI&geo=SK&geo=FI&geo=SE&geo=EU27_2020&na_item=POP_NC&unit=THS_PER&sinceTimePeriod=2013,2026-10-06
nama_10_pe,SI,2023,2120.54,,2026-10-02T23:00:00+0200,https://ec.europa.eu/eurostat/api/dissemination/statistics/1.0/data/nama_10_pe?geo=BE&geo=BG&geo=CZ&geo=DK&geo=DE&geo=EE&geo=IE&geo=EL&geo=ES&geo=FR&geo=HR&geo=IT&geo=CY&geo=LV&geo=LT&geo=LU&geo=HU&geo=MT&geo=NL&geo=AT&geo=PL&geo=PT&geo=RO&geo=SI&geo=SK&geo=FI&geo=SE&geo=EU27_2020&na_item=POP_NC&unit=THS_PER&sinceTimePeriod=2013,2026-10-06
nama_10_pe,SI,2024,2126.87,,2026-10-02T23:00:00+0200,https://ec.europa.eu/eurostat/api/dissemination/statistics/1.0/data/nama_10_pe?geo=BE&geo=BG&geo=CZ&geo=DK&geo=DE&geo=EE&geo=IE&geo=EL&geo=ES&geo=FR&geo=HR&geo=IT&geo=CY&geo=LV&geo=LT&geo=LU&geo=HU&geo=MT&geo=NL&geo=AT&geo=PL&geo=PT&geo=RO&geo=SI&geo=SK&geo=FI&geo=SE&geo=EU27_2020&na_item=POP_NC&unit=THS_PER&sinceTimePeriod=2013,2026-10-06
nama_10_pe,SI,2025,2132.11,,2026-10-02T23:00:00+0200,https://ec.europa.eu/eurostat/api/dissemination/statistics/1.0/data/nama_10_pe?geo=BE&geo=BG&geo=CZ&geo=DK&geo=DE&geo=EE&geo=IE&geo=EL&geo=ES&geo=FR&geo=HR&geo=IT&geo=CY&geo=LV&geo=LT&geo=LU&geo=HU&geo=MT&geo=NL&geo=AT&geo=PL&geo=PT&geo=RO&geo=SI&geo=SK&geo=FI&geo=SE&geo=EU27_2020&na_item=POP_NC&unit=THS_PER&sinceTimePeriod=2013,2026-10-06
nama_10_pe,SK,2013,5413.0,,2026-10-02T23:00:00+0200,https://ec.europa.eu/eurostat/api/dissemination/statistics/1.0/data/nama_10_pe?geo=BE&geo=BG&geo=CZ&geo=DK&geo=DE&geo=EE&geo=IE&geo=EL&geo=ES&geo=FR&geo=HR&geo=IT&geo=CY&geo=LV&geo=LT&geo=LU&geo=HU&geo=MT&geo=NL&geo=AT&geo=PL&geo=PT&geo=RO&geo=SI&geo=SK&geo=FI&geo=SE&geo=EU27_2020&na_item=POP_NC&unit=THS_PER&sinceTimePeriod=2013,2026-10-06
nama_10_pe,SK,2014,5418.56,,2026-10-02T23:00:00+0200,https://ec.europa.eu/eurostat/api/dissemination/statistics/1.0/data/nama_10_pe?geo=BE&geo=BG&geo=CZ&geo=DK&geo=DE&geo=EE&geo=IE&geo=EL&geo=ES&geo=FR&geo=HR&geo=IT&geo=CY&geo=LV&geo=LT&geo=LU&geo=HU&geo=MT&geo=NL&geo=AT&geo=PL&geo=PT&geo=RO&geo=SI&geo=SK&geo=FI&geo=SE&geo=EU27_2020&na_item=POP_NC&unit=THS_PER&sinceTimePeriod=2013,2026-10-06
nama_10_pe,SK,2015,5422.34,,2026-10-02T23:00:00+0200,https://ec.europa.eu/eurostat/api/dissemination/statistics/1.0/data/nama_10_pe?geo=BE&geo=BG&geo=CZ&geo=DK&geo=DE&geo=EE&geo=IE&geo=EL&geo=ES&geo=FR&geo=HR&geo=IT&geo=CY&geo=LV&geo=LT&geo=LU&geo=HU&geo=MT&geo=NL&geo=AT&geo=PL&geo=PT&geo=RO&geo=SI&geo=SK&geo=FI&geo=SE&geo=EU27_2020&na_item=POP_NC&unit=THS_PER&sinceTimePeriod=2013,2026-10-06
nama_10_pe,SK,2016,5430.8,,2026-10-02T23:00:00+0200,https://ec.europa.eu/eurostat/api/dissemination/statistics/1.0/data/nama_10_pe?geo=BE&geo=BG&geo=CZ&geo=DK&geo=DE&geo=EE&geo=IE&geo=EL&geo=ES&geo=FR&geo=HR&geo=IT&geo=CY&geo=LV&geo=LT&geo=LU&geo=HU&geo=MT&geo=NL&geo=AT&geo=PL&geo=PT&geo=RO&geo=SI&geo=SK&geo=FI&geo=SE&geo=EU27_2020&na_item=POP_NC&unit=THS_PER&sinceTimePeriod=2013,2026-10-06
nama_10_pe,SK,2017,5438.39,,2026-10-02T23:00:00+0200,https://ec.europa.eu/eurostat/api/dissemination/statistics/1.0/data/nama_10_pe?geo=BE&geo=BG&geo=CZ&geo=DK&geo=DE&geo=EE&geo=IE&geo=EL&geo=ES&geo=FR&geo=HR&geo=IT&geo=CY&geo=LV&geo=LT&geo=LU&geo=HU&geo=MT&geo=NL&geo=AT&geo=PL&geo=PT&geo=RO&geo=SI&geo=SK&geo=FI&geo=SE&geo=EU27_2020&na_item=POP_NC&unit=THS_PER&sinceTimePeriod=2013,2026-10-06
nama_10_pe,SK,2018,5446.01,,2026-10-02T23:00:00+0200,https://ec.europa.eu/eurostat/api/dissemination/statistics/1.0/data/nama_10_pe?geo=BE&geo=BG&geo=CZ&geo=DK&geo=DE&geo=EE&geo=IE&geo=EL&geo=ES&geo=FR&geo=HR&geo=IT&geo=CY&geo=LV&geo=LT&geo=LU&geo=HU&geo=MT&geo=NL&geo=AT&geo=PL&geo=PT&geo=RO&geo=SI&geo=SK&geo=FI&geo=SE&geo=EU27_2020&na_item=POP_NC&unit=THS_PER&sinceTimePeriod=2013,2026-10-06
nama_10_pe,SK,2019,5453.24,,2026-10-02T23:00:00+0200,https://ec.europa.eu/eurostat/api/dissemination/statistics/1.0/data/nama_10_pe?geo=BE&geo=BG&geo=CZ&geo=DK&geo=DE&geo=EE&geo=IE&geo=EL&geo=ES&geo=FR&geo=HR&geo=IT&geo=CY&geo=LV&geo=LT&geo=LU&geo=HU&geo=MT&geo=NL&geo=AT&geo=PL&geo=PT&geo=RO&geo=SI&geo=SK&geo=FI&geo=SE&geo=EU27_2020&na_item=POP_NC&unit=THS_PER&sinceTimePeriod=2013,2026-10-06
nama_10_pe,SK,2020,5460.51,,2026-10-02T23:00:00+0200,https://ec.europa.eu/eurostat/api/dissemination/statistics/1.0/data/nama_10_pe?geo=BE&geo=BG&geo=CZ&geo=DK&geo=DE&geo=EE&geo=IE&geo=EL&geo=ES&geo=FR&geo=HR&geo=IT&geo=CY&geo=LV&geo=LT&geo=LU&geo=HU&geo=MT&geo=NL&geo=AT&geo=PL&geo=PT&geo=RO&geo=SI&geo=SK&geo=FI&geo=SE&geo=EU27_2020&na_item=POP_NC&unit=THS_PER&sinceTimePeriod=2013,2026-10-06
nama_10_pe,SK,2021,5440.66,b,2026-10-02T23:00:00+0200,https://ec.europa.eu/eurostat/api/dissemination/statistics/1.0/data/nama_10_pe?geo=BE&geo=BG&geo=CZ&geo=DK&geo=DE&geo=EE&geo=IE&geo=EL&geo=ES&geo=FR&geo=HR&geo=IT&geo=CY&geo=LV&geo=LT&geo=LU&geo=HU&geo=MT&geo=NL&geo=AT&geo=PL&geo=PT&geo=RO&geo=SI&geo=SK&geo=FI&geo=SE&geo=EU27_2020&na_item=POP_NC&unit=THS_PER&sinceTimePeriod=2013,2026-10-06
nama_10_pe,SK,2022,5457.17,,2026-10-02T23:00:00+0200,https://ec.europa.eu/eurostat/api/dissemination/statistics/1.0/data/nama_10_pe?geo=BE&geo=BG&geo=CZ&geo=DK&geo=DE&geo=EE&geo=IE&geo=EL&geo=ES&geo=FR&geo=HR&geo=IT&geo=CY&geo=LV&geo=LT&geo=LU&geo=HU&geo=MT&geo=NL&geo=AT&geo=PL&geo=PT&geo=RO&geo=SI&geo=SK&geo=FI&geo=SE&geo=EU27_2020&na_item=POP_NC&unit=THS_PER&sinceTimePeriod=2013,2026-10-06
nama_10_pe,SK,2023,5457.49,,2026-10-02T23:00:00+0200,https://ec.europa.eu/eurostat/api/dissemination/statistics/1.0/data/nama_10_pe?geo=BE&geo=BG&geo=CZ&geo=DK&geo=DE&geo=EE&geo=IE&geo=EL&geo=ES&geo=FR&geo=HR&geo=IT&geo=CY&geo=LV&geo=LT&geo=LU&geo=HU&geo=MT&geo=NL&geo=AT&geo=PL&geo=PT&geo=RO&geo=SI&geo=SK&geo=FI&geo=SE&geo=EU27_2020&na_item=POP_NC&unit=THS_PER&sinceTimePeriod=2013,2026-10-06
nama_10_pe,SK,2024,5458.87,,2026-10-02T23:00:00+0200,https://ec.europa.eu/eurostat/api/dissemination/statistics/1.0/data/nama_10_pe?geo=BE&geo=BG&geo=CZ&geo=DK&geo=DE&geo=EE&geo=IE&geo=EL&geo=ES&geo=FR&geo=HR&geo=IT&geo=CY&geo=LV&geo=LT&geo=LU&geo=HU&geo=MT&geo=NL&geo=AT&geo=PL&geo=PT&geo=RO&geo=SI&geo=SK&geo=FI&geo=SE&geo=EU27_2020&na_item=POP_NC&unit=THS_PER&sinceTimePeriod=2013,2026-10-06
nama_10_pe,SK,2025,5456.17,,2026-10-02T23:00:00+0200,https://ec.europa.eu/eurostat/api/dissemination/statistics/1.0/data/nama_10_pe?geo=BE&geo=BG&geo=CZ&geo=DK&geo=DE&geo=EE&geo=IE&geo=EL&geo=ES&geo=FR&geo=HR&geo=IT&geo=CY&geo=LV&geo=LT&geo=LU&geo=HU&geo=MT&geo=NL&geo=AT&geo=PL&geo=PT&geo=RO&geo=SI&geo=SK&geo=FI&geo=SE&geo=EU27_2020&na_item=POP_NC&unit=THS_PER&sinceTimePeriod=2013,2026-10-06
