geo,indicator,year,pct_of_gdp,source,url,retrieved
AT,Explicit Fossil Fuel Subsidies - Total,2015,0.0128451388012064,"Black et al. 2023, IMF Fossil Fuel Subsidies Data: 2023 Update (IMF staff estimates; published Aug 2023, so 2023 and later values were estimated before the year ended)",https://climatedata.imf.org/datasets/d48cfd2124954fb0900cef95f2db2724_0,2026-10-06
AT,Explicit Fossil Fuel Subsidies - Total,2016,0.0099919348149783,"Black et al. 2023, IMF Fossil Fuel Subsidies Data: 2023 Update (IMF staff estimates; published Aug 2023, so 2023 and later values were estimated before the year ended)",https://climatedata.imf.org/datasets/d48cfd2124954fb0900cef95f2db2724_0,2026-10-06
AT,Explicit Fossil Fuel Subsidies - Total,2017,0.0098575983325112,"Black et al. 2023, IMF Fossil Fuel Subsidies Data: 2023 Update (IMF staff estimates; published Aug 2023, so 2023 and later values were estimated before the year ended)",https://climatedata.imf.org/datasets/d48cfd2124954fb0900cef95f2db2724_0,2026-10-06
AT,Explicit Fossil Fuel Subsidies - Total,2018,0.0096724619816831,"Black et al. 2023, IMF Fossil Fuel Subsidies Data: 2023 Update (IMF staff estimates; published Aug 2023, so 2023 and later values were estimated before the year ended)",https://climatedata.imf.org/datasets/d48cfd2124954fb0900cef95f2db2724_0,2026-10-06
AT,Explicit Fossil Fuel Subsidies - Total,2019,0.0095722560850679,"Black et al. 2023, IMF Fossil Fuel Subsidies Data: 2023 Update (IMF staff estimates; published Aug 2023, so 2023 and later values were estimated before the year ended)",https://climatedata.imf.org/datasets/d48cfd2124954fb0900cef95f2db2724_0,2026-10-06
AT,Explicit Fossil Fuel Subsidies - Total,2020,0.0077499198209691,"Black et al. 2023, IMF Fossil Fuel Subsidies Data: 2023 Update (IMF staff estimates; published Aug 2023, so 2023 and later values were estimated before the year ended)",https://climatedata.imf.org/datasets/d48cfd2124954fb0900cef95f2db2724_0,2026-10-06
AT,Explicit Fossil Fuel Subsidies - Total,2021,0.0200223056136064,"Black et al. 2023, IMF Fossil Fuel Subsidies Data: 2023 Update (IMF staff estimates; published Aug 2023, so 2023 and later values were estimated before the year ended)",https://climatedata.imf.org/datasets/d48cfd2124954fb0900cef95f2db2724_0,2026-10-06
AT,Explicit Fossil Fuel Subsidies - Total,2022,0.290928120934034,"Black et al. 2023, IMF Fossil Fuel Subsidies Data: 2023 Update (IMF staff estimates; published Aug 2023, so 2023 and later values were estimated before the year ended)",https://climatedata.imf.org/datasets/d48cfd2124954fb0900cef95f2db2724_0,2026-10-06
AT,Explicit Fossil Fuel Subsidies - Total,2023,0.118175008640305,"Black et al. 2023, IMF Fossil Fuel Subsidies Data: 2023 Update (IMF staff estimates; published Aug 2023, so 2023 and later values were estimated before the year ended)",https://climatedata.imf.org/datasets/d48cfd2124954fb0900cef95f2db2724_0,2026-10-06
AT,Explicit Fossil Fuel Subsidies - Total,2024,0.0353429144117788,"Black et al. 2023, IMF Fossil Fuel Subsidies Data: 2023 Update (IMF staff estimates; published Aug 2023, so 2023 and later values were estimated before the year ended)",https://climatedata.imf.org/datasets/d48cfd2124954fb0900cef95f2db2724_0,2026-10-06
AT,Explicit Fossil Fuel Subsidies - Total,2025,0.0080340817607574,"Black et al. 2023, IMF Fossil Fuel Subsidies Data: 2023 Update (IMF staff estimates; published Aug 2023, so 2023 and later values were estimated before the year ended)",https://climatedata.imf.org/datasets/d48cfd2124954fb0900cef95f2db2724_0,2026-10-06
AT,Fossil Fuel Subsidies - Total Implicit and Explicit,2015,0.753271061584265,"Black et al. 2023, IMF Fossil Fuel Subsidies Data: 2023 Update (IMF staff estimates; published Aug 2023, so 2023 and later values were estimated before the year ended)",https://climatedata.imf.org/datasets/d48cfd2124954fb0900cef95f2db2724_0,2026-10-06
AT,Fossil Fuel Subsidies - Total Implicit and Explicit,2016,0.552903041310766,"Black et al. 2023, IMF Fossil Fuel Subsidies Data: 2023 Update (IMF staff estimates; published Aug 2023, so 2023 and later values were estimated before the year ended)",https://climatedata.imf.org/datasets/d48cfd2124954fb0900cef95f2db2724_0,2026-10-06
AT,Fossil Fuel Subsidies - Total Implicit and Explicit,2017,0.662097705894289,"Black et al. 2023, IMF Fossil Fuel Subsidies Data: 2023 Update (IMF staff estimates; published Aug 2023, so 2023 and later values were estimated before the year ended)",https://climatedata.imf.org/datasets/d48cfd2124954fb0900cef95f2db2724_0,2026-10-06
AT,Fossil Fuel Subsidies - Total Implicit and Explicit,2018,0.588437088565947,"Black et al. 2023, IMF Fossil Fuel Subsidies Data: 2023 Update (IMF staff estimates; published Aug 2023, so 2023 and later values were estimated before the year ended)",https://climatedata.imf.org/datasets/d48cfd2124954fb0900cef95f2db2724_0,2026-10-06
AT,Fossil Fuel Subsidies - Total Implicit and Explicit,2019,0.975828361155588,"Black et al. 2023, IMF Fossil Fuel Subsidies Data: 2023 Update (IMF staff estimates; published Aug 2023, so 2023 and later values were estimated before the year ended)",https://climatedata.imf.org/datasets/d48cfd2124954fb0900cef95f2db2724_0,2026-10-06
AT,Fossil Fuel Subsidies - Total Implicit and Explicit,2020,0.649625736988908,"Black et al. 2023, IMF Fossil Fuel Subsidies Data: 2023 Update (IMF staff estimates; published Aug 2023, so 2023 and later values were estimated before the year ended)",https://climatedata.imf.org/datasets/d48cfd2124954fb0900cef95f2db2724_0,2026-10-06
AT,Fossil Fuel Subsidies - Total Implicit and Explicit,2021,0.89683366716897,"Black et al. 2023, IMF Fossil Fuel Subsidies Data: 2023 Update (IMF staff estimates; published Aug 2023, so 2023 and later values were estimated before the year ended)",https://climatedata.imf.org/datasets/d48cfd2124954fb0900cef95f2db2724_0,2026-10-06
AT,Fossil Fuel Subsidies - Total Implicit and Explicit,2022,1.45521580462437,"Black et al. 2023, IMF Fossil Fuel Subsidies Data: 2023 Update (IMF staff estimates; published Aug 2023, so 2023 and later values were estimated before the year ended)",https://climatedata.imf.org/datasets/d48cfd2124954fb0900cef95f2db2724_0,2026-10-06
AT,Fossil Fuel Subsidies - Total Implicit and Explicit,2023,1.20923267501505,"Black et al. 2023, IMF Fossil Fuel Subsidies Data: 2023 Update (IMF staff estimates; published Aug 2023, so 2023 and later values were estimated before the year ended)",https://climatedata.imf.org/datasets/d48cfd2124954fb0900cef95f2db2724_0,2026-10-06
AT,Fossil Fuel Subsidies - Total Implicit and Explicit,2024,1.15024367061532,"Black et al. 2023, IMF Fossil Fuel Subsidies Data: 2023 Update (IMF staff estimates; published Aug 2023, so 2023 and later values were estimated before the year ended)",https://climatedata.imf.org/datasets/d48cfd2124954fb0900cef95f2db2724_0,2026-10-06
AT,Fossil Fuel Subsidies - Total Implicit and Explicit,2025,1.09714974917932,"Black et al. 2023, IMF Fossil Fuel Subsidies Data: 2023 Update (IMF staff estimates; published Aug 2023, so 2023 and later values were estimated before the year ended)",https://climatedata.imf.org/datasets/d48cfd2124954fb0900cef95f2db2724_0,2026-10-06
AT,Implicit Fossil Fuel Subsidies - Total,2015,0.740425922783058,"Black et al. 2023, IMF Fossil Fuel Subsidies Data: 2023 Update (IMF staff estimates; published Aug 2023, so 2023 and later values were estimated before the year ended)",https://climatedata.imf.org/datasets/d48cfd2124954fb0900cef95f2db2724_0,2026-10-06
AT,Implicit Fossil Fuel Subsidies - Total,2016,0.542911106495788,"Black et al. 2023, IMF Fossil Fuel Subsidies Data: 2023 Update (IMF staff estimates; published Aug 2023, so 2023 and later values were estimated before the year ended)",https://climatedata.imf.org/datasets/d48cfd2124954fb0900cef95f2db2724_0,2026-10-06
AT,Implicit Fossil Fuel Subsidies - Total,2017,0.652240107561778,"Black et al. 2023, IMF Fossil Fuel Subsidies Data: 2023 Update (IMF staff estimates; published Aug 2023, so 2023 and later values were estimated before the year ended)",https://climatedata.imf.org/datasets/d48cfd2124954fb0900cef95f2db2724_0,2026-10-06
AT,Implicit Fossil Fuel Subsidies - Total,2018,0.578764626584264,"Black et al. 2023, IMF Fossil Fuel Subsidies Data: 2023 Update (IMF staff estimates; published Aug 2023, so 2023 and later values were estimated before the year ended)",https://climatedata.imf.org/datasets/d48cfd2124954fb0900cef95f2db2724_0,2026-10-06
AT,Implicit Fossil Fuel Subsidies - Total,2019,0.966256105032205,"Black et al. 2023, IMF Fossil Fuel Subsidies Data: 2023 Update (IMF staff estimates; published Aug 2023, so 2023 and later values were estimated before the year ended)",https://climatedata.imf.org/datasets/d48cfd2124954fb0900cef95f2db2724_0,2026-10-06
AT,Implicit Fossil Fuel Subsidies - Total,2020,0.641875817206858,"Black et al. 2023, IMF Fossil Fuel Subsidies Data: 2023 Update (IMF staff estimates; published Aug 2023, so 2023 and later values were estimated before the year ended)",https://climatedata.imf.org/datasets/d48cfd2124954fb0900cef95f2db2724_0,2026-10-06
AT,Implicit Fossil Fuel Subsidies - Total,2021,0.876811361573968,"Black et al. 2023, IMF Fossil Fuel Subsidies Data: 2023 Update (IMF staff estimates; published Aug 2023, so 2023 and later values were estimated before the year ended)",https://climatedata.imf.org/datasets/d48cfd2124954fb0900cef95f2db2724_0,2026-10-06
AT,Implicit Fossil Fuel Subsidies - Total,2022,1.16428768369033,"Black et al. 2023, IMF Fossil Fuel Subsidies Data: 2023 Update (IMF staff estimates; published Aug 2023, so 2023 and later values were estimated before the year ended)",https://climatedata.imf.org/datasets/d48cfd2124954fb0900cef95f2db2724_0,2026-10-06
AT,Implicit Fossil Fuel Subsidies - Total,2023,1.09105766641384,"Black et al. 2023, IMF Fossil Fuel Subsidies Data: 2023 Update (IMF staff estimates; published Aug 2023, so 2023 and later values were estimated before the year ended)",https://climatedata.imf.org/datasets/d48cfd2124954fb0900cef95f2db2724_0,2026-10-06
AT,Implicit Fossil Fuel Subsidies - Total,2024,1.11490075622272,"Black et al. 2023, IMF Fossil Fuel Subsidies Data: 2023 Update (IMF staff estimates; published Aug 2023, so 2023 and later values were estimated before the year ended)",https://climatedata.imf.org/datasets/d48cfd2124954fb0900cef95f2db2724_0,2026-10-06
AT,Implicit Fossil Fuel Subsidies - Total,2025,1.08911566752975,"Black et al. 2023, IMF Fossil Fuel Subsidies Data: 2023 Update (IMF staff estimates; published Aug 2023, so 2023 and later values were estimated before the year ended)",https://climatedata.imf.org/datasets/d48cfd2124954fb0900cef95f2db2724_0,2026-10-06
BE,Explicit Fossil Fuel Subsidies - Total,2015,0.0229175687517595,"Black et al. 2023, IMF Fossil Fuel Subsidies Data: 2023 Update (IMF staff estimates; published Aug 2023, so 2023 and later values were estimated before the year ended)",https://climatedata.imf.org/datasets/d48cfd2124954fb0900cef95f2db2724_0,2026-10-06
BE,Explicit Fossil Fuel Subsidies - Total,2016,1.76057967637668e-16,"Black et al. 2023, IMF Fossil Fuel Subsidies Data: 2023 Update (IMF staff estimates; published Aug 2023, so 2023 and later values were estimated before the year ended)",https://climatedata.imf.org/datasets/d48cfd2124954fb0900cef95f2db2724_0,2026-10-06
BE,Explicit Fossil Fuel Subsidies - Total,2017,0,"Black et al. 2023, IMF Fossil Fuel Subsidies Data: 2023 Update (IMF staff estimates; published Aug 2023, so 2023 and later values were estimated before the year ended)",https://climatedata.imf.org/datasets/d48cfd2124954fb0900cef95f2db2724_0,2026-10-06
BE,Explicit Fossil Fuel Subsidies - Total,2018,0,"Black et al. 2023, IMF Fossil Fuel Subsidies Data: 2023 Update (IMF staff estimates; published Aug 2023, so 2023 and later values were estimated before the year ended)",https://climatedata.imf.org/datasets/d48cfd2124954fb0900cef95f2db2724_0,2026-10-06
BE,Explicit Fossil Fuel Subsidies - Total,2019,0.0001998928843076,"Black et al. 2023, IMF Fossil Fuel Subsidies Data: 2023 Update (IMF staff estimates; published Aug 2023, so 2023 and later values were estimated before the year ended)",https://climatedata.imf.org/datasets/d48cfd2124954fb0900cef95f2db2724_0,2026-10-06
BE,Explicit Fossil Fuel Subsidies - Total,2020,0,"Black et al. 2023, IMF Fossil Fuel Subsidies Data: 2023 Update (IMF staff estimates; published Aug 2023, so 2023 and later values were estimated before the year ended)",https://climatedata.imf.org/datasets/d48cfd2124954fb0900cef95f2db2724_0,2026-10-06
BE,Explicit Fossil Fuel Subsidies - Total,2021,0.151134034402505,"Black et al. 2023, IMF Fossil Fuel Subsidies Data: 2023 Update (IMF staff estimates; published Aug 2023, so 2023 and later values were estimated before the year ended)",https://climatedata.imf.org/datasets/d48cfd2124954fb0900cef95f2db2724_0,2026-10-06
BE,Explicit Fossil Fuel Subsidies - Total,2022,0.670953047820695,"Black et al. 2023, IMF Fossil Fuel Subsidies Data: 2023 Update (IMF staff estimates; published Aug 2023, so 2023 and later values were estimated before the year ended)",https://climatedata.imf.org/datasets/d48cfd2124954fb0900cef95f2db2724_0,2026-10-06
BE,Explicit Fossil Fuel Subsidies - Total,2023,0.597667669572475,"Black et al. 2023, IMF Fossil Fuel Subsidies Data: 2023 Update (IMF staff estimates; published Aug 2023, so 2023 and later values were estimated before the year ended)",https://climatedata.imf.org/datasets/d48cfd2124954fb0900cef95f2db2724_0,2026-10-06
BE,Explicit Fossil Fuel Subsidies - Total,2024,0.459386553014473,"Black et al. 2023, IMF Fossil Fuel Subsidies Data: 2023 Update (IMF staff estimates; published Aug 2023, so 2023 and later values were estimated before the year ended)",https://climatedata.imf.org/datasets/d48cfd2124954fb0900cef95f2db2724_0,2026-10-06
BE,Explicit Fossil Fuel Subsidies - Total,2025,0.345593595625568,"Black et al. 2023, IMF Fossil Fuel Subsidies Data: 2023 Update (IMF staff estimates; published Aug 2023, so 2023 and later values were estimated before the year ended)",https://climatedata.imf.org/datasets/d48cfd2124954fb0900cef95f2db2724_0,2026-10-06
BE,Fossil Fuel Subsidies - Total Implicit and Explicit,2015,2.04493702307933,"Black et al. 2023, IMF Fossil Fuel Subsidies Data: 2023 Update (IMF staff estimates; published Aug 2023, so 2023 and later values were estimated before the year ended)",https://climatedata.imf.org/datasets/d48cfd2124954fb0900cef95f2db2724_0,2026-10-06
BE,Fossil Fuel Subsidies - Total Implicit and Explicit,2016,1.21092007389926,"Black et al. 2023, IMF Fossil Fuel Subsidies Data: 2023 Update (IMF staff estimates; published Aug 2023, so 2023 and later values were estimated before the year ended)",https://climatedata.imf.org/datasets/d48cfd2124954fb0900cef95f2db2724_0,2026-10-06
BE,Fossil Fuel Subsidies - Total Implicit and Explicit,2017,0.894203241802186,"Black et al. 2023, IMF Fossil Fuel Subsidies Data: 2023 Update (IMF staff estimates; published Aug 2023, so 2023 and later values were estimated before the year ended)",https://climatedata.imf.org/datasets/d48cfd2124954fb0900cef95f2db2724_0,2026-10-06
BE,Fossil Fuel Subsidies - Total Implicit and Explicit,2018,0.51752201732778,"Black et al. 2023, IMF Fossil Fuel Subsidies Data: 2023 Update (IMF staff estimates; published Aug 2023, so 2023 and later values were estimated before the year ended)",https://climatedata.imf.org/datasets/d48cfd2124954fb0900cef95f2db2724_0,2026-10-06
BE,Fossil Fuel Subsidies - Total Implicit and Explicit,2019,0.932539799788774,"Black et al. 2023, IMF Fossil Fuel Subsidies Data: 2023 Update (IMF staff estimates; published Aug 2023, so 2023 and later values were estimated before the year ended)",https://climatedata.imf.org/datasets/d48cfd2124954fb0900cef95f2db2724_0,2026-10-06
BE,Fossil Fuel Subsidies - Total Implicit and Explicit,2020,0.720470399011639,"Black et al. 2023, IMF Fossil Fuel Subsidies Data: 2023 Update (IMF staff estimates; published Aug 2023, so 2023 and later values were estimated before the year ended)",https://climatedata.imf.org/datasets/d48cfd2124954fb0900cef95f2db2724_0,2026-10-06
BE,Fossil Fuel Subsidies - Total Implicit and Explicit,2021,1.29493860060957,"Black et al. 2023, IMF Fossil Fuel Subsidies Data: 2023 Update (IMF staff estimates; published Aug 2023, so 2023 and later values were estimated before the year ended)",https://climatedata.imf.org/datasets/d48cfd2124954fb0900cef95f2db2724_0,2026-10-06
BE,Fossil Fuel Subsidies - Total Implicit and Explicit,2022,2.25138542079135,"Black et al. 2023, IMF Fossil Fuel Subsidies Data: 2023 Update (IMF staff estimates; published Aug 2023, so 2023 and later values were estimated before the year ended)",https://climatedata.imf.org/datasets/d48cfd2124954fb0900cef95f2db2724_0,2026-10-06
BE,Fossil Fuel Subsidies - Total Implicit and Explicit,2023,2.01003862040412,"Black et al. 2023, IMF Fossil Fuel Subsidies Data: 2023 Update (IMF staff estimates; published Aug 2023, so 2023 and later values were estimated before the year ended)",https://climatedata.imf.org/datasets/d48cfd2124954fb0900cef95f2db2724_0,2026-10-06
BE,Fossil Fuel Subsidies - Total Implicit and Explicit,2024,1.82998815685417,"Black et al. 2023, IMF Fossil Fuel Subsidies Data: 2023 Update (IMF staff estimates; published Aug 2023, so 2023 and later values were estimated before the year ended)",https://climatedata.imf.org/datasets/d48cfd2124954fb0900cef95f2db2724_0,2026-10-06
BE,Fossil Fuel Subsidies - Total Implicit and Explicit,2025,1.73208122311256,"Black et al. 2023, IMF Fossil Fuel Subsidies Data: 2023 Update (IMF staff estimates; published Aug 2023, so 2023 and later values were estimated before the year ended)",https://climatedata.imf.org/datasets/d48cfd2124954fb0900cef95f2db2724_0,2026-10-06
BE,Implicit Fossil Fuel Subsidies - Total,2015,2.02201945463361,"Black et al. 2023, IMF Fossil Fuel Subsidies Data: 2023 Update (IMF staff estimates; published Aug 2023, so 2023 and later values were estimated before the year ended)",https://climatedata.imf.org/datasets/d48cfd2124954fb0900cef95f2db2724_0,2026-10-06
BE,Implicit Fossil Fuel Subsidies - Total,2016,1.21092007389926,"Black et al. 2023, IMF Fossil Fuel Subsidies Data: 2023 Update (IMF staff estimates; published Aug 2023, so 2023 and later values were estimated before the year ended)",https://climatedata.imf.org/datasets/d48cfd2124954fb0900cef95f2db2724_0,2026-10-06
BE,Implicit Fossil Fuel Subsidies - Total,2017,0.894203241802186,"Black et al. 2023, IMF Fossil Fuel Subsidies Data: 2023 Update (IMF staff estimates; published Aug 2023, so 2023 and later values were estimated before the year ended)",https://climatedata.imf.org/datasets/d48cfd2124954fb0900cef95f2db2724_0,2026-10-06
BE,Implicit Fossil Fuel Subsidies - Total,2018,0.51752201732778,"Black et al. 2023, IMF Fossil Fuel Subsidies Data: 2023 Update (IMF staff estimates; published Aug 2023, so 2023 and later values were estimated before the year ended)",https://climatedata.imf.org/datasets/d48cfd2124954fb0900cef95f2db2724_0,2026-10-06
BE,Implicit Fossil Fuel Subsidies - Total,2019,0.932339906912862,"Black et al. 2023, IMF Fossil Fuel Subsidies Data: 2023 Update (IMF staff estimates; published Aug 2023, so 2023 and later values were estimated before the year ended)",https://climatedata.imf.org/datasets/d48cfd2124954fb0900cef95f2db2724_0,2026-10-06
BE,Implicit Fossil Fuel Subsidies - Total,2020,0.720470399011639,"Black et al. 2023, IMF Fossil Fuel Subsidies Data: 2023 Update (IMF staff estimates; published Aug 2023, so 2023 and later values were estimated before the year ended)",https://climatedata.imf.org/datasets/d48cfd2124954fb0900cef95f2db2724_0,2026-10-06
BE,Implicit Fossil Fuel Subsidies - Total,2021,1.14380456622382,"Black et al. 2023, IMF Fossil Fuel Subsidies Data: 2023 Update (IMF staff estimates; published Aug 2023, so 2023 and later values were estimated before the year ended)",https://climatedata.imf.org/datasets/d48cfd2124954fb0900cef95f2db2724_0,2026-10-06
BE,Implicit Fossil Fuel Subsidies - Total,2022,1.58043237313428,"Black et al. 2023, IMF Fossil Fuel Subsidies Data: 2023 Update (IMF staff estimates; published Aug 2023, so 2023 and later values were estimated before the year ended)",https://climatedata.imf.org/datasets/d48cfd2124954fb0900cef95f2db2724_0,2026-10-06
BE,Implicit Fossil Fuel Subsidies - Total,2023,1.41237095066864,"Black et al. 2023, IMF Fossil Fuel Subsidies Data: 2023 Update (IMF staff estimates; published Aug 2023, so 2023 and later values were estimated before the year ended)",https://climatedata.imf.org/datasets/d48cfd2124954fb0900cef95f2db2724_0,2026-10-06
BE,Implicit Fossil Fuel Subsidies - Total,2024,1.37060160335749,"Black et al. 2023, IMF Fossil Fuel Subsidies Data: 2023 Update (IMF staff estimates; published Aug 2023, so 2023 and later values were estimated before the year ended)",https://climatedata.imf.org/datasets/d48cfd2124954fb0900cef95f2db2724_0,2026-10-06
BE,Implicit Fossil Fuel Subsidies - Total,2025,1.38648762812244,"Black et al. 2023, IMF Fossil Fuel Subsidies Data: 2023 Update (IMF staff estimates; published Aug 2023, so 2023 and later values were estimated before the year ended)",https://climatedata.imf.org/datasets/d48cfd2124954fb0900cef95f2db2724_0,2026-10-06
BG,Explicit Fossil Fuel Subsidies - Total,2015,2.32239775212416,"Black et al. 2023, IMF Fossil Fuel Subsidies Data: 2023 Update (IMF staff estimates; published Aug 2023, so 2023 and later values were estimated before the year ended)",https://climatedata.imf.org/datasets/d48cfd2124954fb0900cef95f2db2724_0,2026-10-06
BG,Explicit Fossil Fuel Subsidies - Total,2016,1.63365020763747,"Black et al. 2023, IMF Fossil Fuel Subsidies Data: 2023 Update (IMF staff estimates; published Aug 2023, so 2023 and later values were estimated before the year ended)",https://climatedata.imf.org/datasets/d48cfd2124954fb0900cef95f2db2724_0,2026-10-06
BG,Explicit Fossil Fuel Subsidies - Total,2017,2.50348767049677,"Black et al. 2023, IMF Fossil Fuel Subsidies Data: 2023 Update (IMF staff estimates; published Aug 2023, so 2023 and later values were estimated before the year ended)",https://climatedata.imf.org/datasets/d48cfd2124954fb0900cef95f2db2724_0,2026-10-06
BG,Explicit Fossil Fuel Subsidies - Total,2018,2.45803728883318,"Black et al. 2023, IMF Fossil Fuel Subsidies Data: 2023 Update (IMF staff estimates; published Aug 2023, so 2023 and later values were estimated before the year ended)",https://climatedata.imf.org/datasets/d48cfd2124954fb0900cef95f2db2724_0,2026-10-06
BG,Explicit Fossil Fuel Subsidies - Total,2019,2.16081129167116,"Black et al. 2023, IMF Fossil Fuel Subsidies Data: 2023 Update (IMF staff estimates; published Aug 2023, so 2023 and later values were estimated before the year ended)",https://climatedata.imf.org/datasets/d48cfd2124954fb0900cef95f2db2724_0,2026-10-06
BG,Explicit Fossil Fuel Subsidies - Total,2020,2.14207231413701,"Black et al. 2023, IMF Fossil Fuel Subsidies Data: 2023 Update (IMF staff estimates; published Aug 2023, so 2023 and later values were estimated before the year ended)",https://climatedata.imf.org/datasets/d48cfd2124954fb0900cef95f2db2724_0,2026-10-06
BG,Explicit Fossil Fuel Subsidies - Total,2021,2.01942708736681,"Black et al. 2023, IMF Fossil Fuel Subsidies Data: 2023 Update (IMF staff estimates; published Aug 2023, so 2023 and later values were estimated before the year ended)",https://climatedata.imf.org/datasets/d48cfd2124954fb0900cef95f2db2724_0,2026-10-06
BG,Explicit Fossil Fuel Subsidies - Total,2022,1.64554067054824,"Black et al. 2023, IMF Fossil Fuel Subsidies Data: 2023 Update (IMF staff estimates; published Aug 2023, so 2023 and later values were estimated before the year ended)",https://climatedata.imf.org/datasets/d48cfd2124954fb0900cef95f2db2724_0,2026-10-06
BG,Explicit Fossil Fuel Subsidies - Total,2023,1.94958070763548,"Black et al. 2023, IMF Fossil Fuel Subsidies Data: 2023 Update (IMF staff estimates; published Aug 2023, so 2023 and later values were estimated before the year ended)",https://climatedata.imf.org/datasets/d48cfd2124954fb0900cef95f2db2724_0,2026-10-06
BG,Explicit Fossil Fuel Subsidies - Total,2024,1.93410189413281,"Black et al. 2023, IMF Fossil Fuel Subsidies Data: 2023 Update (IMF staff estimates; published Aug 2023, so 2023 and later values were estimated before the year ended)",https://climatedata.imf.org/datasets/d48cfd2124954fb0900cef95f2db2724_0,2026-10-06
BG,Explicit Fossil Fuel Subsidies - Total,2025,1.78327507269675,"Black et al. 2023, IMF Fossil Fuel Subsidies Data: 2023 Update (IMF staff estimates; published Aug 2023, so 2023 and later values were estimated before the year ended)",https://climatedata.imf.org/datasets/d48cfd2124954fb0900cef95f2db2724_0,2026-10-06
BG,Fossil Fuel Subsidies - Total Implicit and Explicit,2015,10.3484062441853,"Black et al. 2023, IMF Fossil Fuel Subsidies Data: 2023 Update (IMF staff estimates; published Aug 2023, so 2023 and later values were estimated before the year ended)",https://climatedata.imf.org/datasets/d48cfd2124954fb0900cef95f2db2724_0,2026-10-06
BG,Fossil Fuel Subsidies - Total Implicit and Explicit,2016,9.11728687768862,"Black et al. 2023, IMF Fossil Fuel Subsidies Data: 2023 Update (IMF staff estimates; published Aug 2023, so 2023 and later values were estimated before the year ended)",https://climatedata.imf.org/datasets/d48cfd2124954fb0900cef95f2db2724_0,2026-10-06
BG,Fossil Fuel Subsidies - Total Implicit and Explicit,2017,10.913887300937,"Black et al. 2023, IMF Fossil Fuel Subsidies Data: 2023 Update (IMF staff estimates; published Aug 2023, so 2023 and later values were estimated before the year ended)",https://climatedata.imf.org/datasets/d48cfd2124954fb0900cef95f2db2724_0,2026-10-06
BG,Fossil Fuel Subsidies - Total Implicit and Explicit,2018,10.8849689562309,"Black et al. 2023, IMF Fossil Fuel Subsidies Data: 2023 Update (IMF staff estimates; published Aug 2023, so 2023 and later values were estimated before the year ended)",https://climatedata.imf.org/datasets/d48cfd2124954fb0900cef95f2db2724_0,2026-10-06
BG,Fossil Fuel Subsidies - Total Implicit and Explicit,2019,10.2003783943791,"Black et al. 2023, IMF Fossil Fuel Subsidies Data: 2023 Update (IMF staff estimates; published Aug 2023, so 2023 and later values were estimated before the year ended)",https://climatedata.imf.org/datasets/d48cfd2124954fb0900cef95f2db2724_0,2026-10-06
BG,Fossil Fuel Subsidies - Total Implicit and Explicit,2020,9.18280144712901,"Black et al. 2023, IMF Fossil Fuel Subsidies Data: 2023 Update (IMF staff estimates; published Aug 2023, so 2023 and later values were estimated before the year ended)",https://climatedata.imf.org/datasets/d48cfd2124954fb0900cef95f2db2724_0,2026-10-06
BG,Fossil Fuel Subsidies - Total Implicit and Explicit,2021,9.56259162345487,"Black et al. 2023, IMF Fossil Fuel Subsidies Data: 2023 Update (IMF staff estimates; published Aug 2023, so 2023 and later values were estimated before the year ended)",https://climatedata.imf.org/datasets/d48cfd2124954fb0900cef95f2db2724_0,2026-10-06
BG,Fossil Fuel Subsidies - Total Implicit and Explicit,2022,9.52957202922903,"Black et al. 2023, IMF Fossil Fuel Subsidies Data: 2023 Update (IMF staff estimates; published Aug 2023, so 2023 and later values were estimated before the year ended)",https://climatedata.imf.org/datasets/d48cfd2124954fb0900cef95f2db2724_0,2026-10-06
BG,Fossil Fuel Subsidies - Total Implicit and Explicit,2023,9.66901835627182,"Black et al. 2023, IMF Fossil Fuel Subsidies Data: 2023 Update (IMF staff estimates; published Aug 2023, so 2023 and later values were estimated before the year ended)",https://climatedata.imf.org/datasets/d48cfd2124954fb0900cef95f2db2724_0,2026-10-06
BG,Fossil Fuel Subsidies - Total Implicit and Explicit,2024,9.49470316215625,"Black et al. 2023, IMF Fossil Fuel Subsidies Data: 2023 Update (IMF staff estimates; published Aug 2023, so 2023 and later values were estimated before the year ended)",https://climatedata.imf.org/datasets/d48cfd2124954fb0900cef95f2db2724_0,2026-10-06
BG,Fossil Fuel Subsidies - Total Implicit and Explicit,2025,9.25743199957446,"Black et al. 2023, IMF Fossil Fuel Subsidies Data: 2023 Update (IMF staff estimates; published Aug 2023, so 2023 and later values were estimated before the year ended)",https://climatedata.imf.org/datasets/d48cfd2124954fb0900cef95f2db2724_0,2026-10-06
BG,Implicit Fossil Fuel Subsidies - Total,2015,8.02600849206111,"Black et al. 2023, IMF Fossil Fuel Subsidies Data: 2023 Update (IMF staff estimates; published Aug 2023, so 2023 and later values were estimated before the year ended)",https://climatedata.imf.org/datasets/d48cfd2124954fb0900cef95f2db2724_0,2026-10-06
BG,Implicit Fossil Fuel Subsidies - Total,2016,7.48363667038231,"Black et al. 2023, IMF Fossil Fuel Subsidies Data: 2023 Update (IMF staff estimates; published Aug 2023, so 2023 and later values were estimated before the year ended)",https://climatedata.imf.org/datasets/d48cfd2124954fb0900cef95f2db2724_0,2026-10-06
BG,Implicit Fossil Fuel Subsidies - Total,2017,8.41039963044019,"Black et al. 2023, IMF Fossil Fuel Subsidies Data: 2023 Update (IMF staff estimates; published Aug 2023, so 2023 and later values were estimated before the year ended)",https://climatedata.imf.org/datasets/d48cfd2124954fb0900cef95f2db2724_0,2026-10-06
BG,Implicit Fossil Fuel Subsidies - Total,2018,8.42693166599472,"Black et al. 2023, IMF Fossil Fuel Subsidies Data: 2023 Update (IMF staff estimates; published Aug 2023, so 2023 and later values were estimated before the year ended)",https://climatedata.imf.org/datasets/d48cfd2124954fb0900cef95f2db2724_0,2026-10-06
BG,Implicit Fossil Fuel Subsidies - Total,2019,8.03956710270795,"Black et al. 2023, IMF Fossil Fuel Subsidies Data: 2023 Update (IMF staff estimates; published Aug 2023, so 2023 and later values were estimated before the year ended)",https://climatedata.imf.org/datasets/d48cfd2124954fb0900cef95f2db2724_0,2026-10-06
BG,Implicit Fossil Fuel Subsidies - Total,2020,7.040729132992,"Black et al. 2023, IMF Fossil Fuel Subsidies Data: 2023 Update (IMF staff estimates; published Aug 2023, so 2023 and later values were estimated before the year ended)",https://climatedata.imf.org/datasets/d48cfd2124954fb0900cef95f2db2724_0,2026-10-06
BG,Implicit Fossil Fuel Subsidies - Total,2021,7.54316453608806,"Black et al. 2023, IMF Fossil Fuel Subsidies Data: 2023 Update (IMF staff estimates; published Aug 2023, so 2023 and later values were estimated before the year ended)",https://climatedata.imf.org/datasets/d48cfd2124954fb0900cef95f2db2724_0,2026-10-06
BG,Implicit Fossil Fuel Subsidies - Total,2022,7.88403135868079,"Black et al. 2023, IMF Fossil Fuel Subsidies Data: 2023 Update (IMF staff estimates; published Aug 2023, so 2023 and later values were estimated before the year ended)",https://climatedata.imf.org/datasets/d48cfd2124954fb0900cef95f2db2724_0,2026-10-06
BG,Implicit Fossil Fuel Subsidies - Total,2023,7.71943764863634,"Black et al. 2023, IMF Fossil Fuel Subsidies Data: 2023 Update (IMF staff estimates; published Aug 2023, so 2023 and later values were estimated before the year ended)",https://climatedata.imf.org/datasets/d48cfd2124954fb0900cef95f2db2724_0,2026-10-06
BG,Implicit Fossil Fuel Subsidies - Total,2024,7.56060126802344,"Black et al. 2023, IMF Fossil Fuel Subsidies Data: 2023 Update (IMF staff estimates; published Aug 2023, so 2023 and later values were estimated before the year ended)",https://climatedata.imf.org/datasets/d48cfd2124954fb0900cef95f2db2724_0,2026-10-06
BG,Implicit Fossil Fuel Subsidies - Total,2025,7.47415692805976,"Black et al. 2023, IMF Fossil Fuel Subsidies Data: 2023 Update (IMF staff estimates; published Aug 2023, so 2023 and later values were estimated before the year ended)",https://climatedata.imf.org/datasets/d48cfd2124954fb0900cef95f2db2724_0,2026-10-06
HR,Explicit Fossil Fuel Subsidies - Total,2015,0.0802129702585475,"Black et al. 2023, IMF Fossil Fuel Subsidies Data: 2023 Update (IMF staff estimates; published Aug 2023, so 2023 and later values were estimated before the year ended)",https://climatedata.imf.org/datasets/d48cfd2124954fb0900cef95f2db2724_0,2026-10-06
HR,Explicit Fossil Fuel Subsidies - Total,2016,0.602855309844427,"Black et al. 2023, IMF Fossil Fuel Subsidies Data: 2023 Update (IMF staff estimates; published Aug 2023, so 2023 and later values were estimated before the year ended)",https://climatedata.imf.org/datasets/d48cfd2124954fb0900cef95f2db2724_0,2026-10-06
HR,Explicit Fossil Fuel Subsidies - Total,2017,0.799514793629006,"Black et al. 2023, IMF Fossil Fuel Subsidies Data: 2023 Update (IMF staff estimates; published Aug 2023, so 2023 and later values were estimated before the year ended)",https://climatedata.imf.org/datasets/d48cfd2124954fb0900cef95f2db2724_0,2026-10-06
HR,Explicit Fossil Fuel Subsidies - Total,2018,0.589620813796543,"Black et al. 2023, IMF Fossil Fuel Subsidies Data: 2023 Update (IMF staff estimates; published Aug 2023, so 2023 and later values were estimated before the year ended)",https://climatedata.imf.org/datasets/d48cfd2124954fb0900cef95f2db2724_0,2026-10-06
HR,Explicit Fossil Fuel Subsidies - Total,2019,0.625341811763004,"Black et al. 2023, IMF Fossil Fuel Subsidies Data: 2023 Update (IMF staff estimates; published Aug 2023, so 2023 and later values were estimated before the year ended)",https://climatedata.imf.org/datasets/d48cfd2124954fb0900cef95f2db2724_0,2026-10-06
HR,Explicit Fossil Fuel Subsidies - Total,2020,0.625191044618679,"Black et al. 2023, IMF Fossil Fuel Subsidies Data: 2023 Update (IMF staff estimates; published Aug 2023, so 2023 and later values were estimated before the year ended)",https://climatedata.imf.org/datasets/d48cfd2124954fb0900cef95f2db2724_0,2026-10-06
HR,Explicit Fossil Fuel Subsidies - Total,2021,0.745133736128765,"Black et al. 2023, IMF Fossil Fuel Subsidies Data: 2023 Update (IMF staff estimates; published Aug 2023, so 2023 and later values were estimated before the year ended)",https://climatedata.imf.org/datasets/d48cfd2124954fb0900cef95f2db2724_0,2026-10-06
HR,Explicit Fossil Fuel Subsidies - Total,2022,1.10226400472016,"Black et al. 2023, IMF Fossil Fuel Subsidies Data: 2023 Update (IMF staff estimates; published Aug 2023, so 2023 and later values were estimated before the year ended)",https://climatedata.imf.org/datasets/d48cfd2124954fb0900cef95f2db2724_0,2026-10-06
HR,Explicit Fossil Fuel Subsidies - Total,2023,0.765110790670402,"Black et al. 2023, IMF Fossil Fuel Subsidies Data: 2023 Update (IMF staff estimates; published Aug 2023, so 2023 and later values were estimated before the year ended)",https://climatedata.imf.org/datasets/d48cfd2124954fb0900cef95f2db2724_0,2026-10-06
HR,Explicit Fossil Fuel Subsidies - Total,2024,0.705895808443078,"Black et al. 2023, IMF Fossil Fuel Subsidies Data: 2023 Update (IMF staff estimates; published Aug 2023, so 2023 and later values were estimated before the year ended)",https://climatedata.imf.org/datasets/d48cfd2124954fb0900cef95f2db2724_0,2026-10-06
HR,Explicit Fossil Fuel Subsidies - Total,2025,0.655228594664372,"Black et al. 2023, IMF Fossil Fuel Subsidies Data: 2023 Update (IMF staff estimates; published Aug 2023, so 2023 and later values were estimated before the year ended)",https://climatedata.imf.org/datasets/d48cfd2124954fb0900cef95f2db2724_0,2026-10-06
HR,Fossil Fuel Subsidies - Total Implicit and Explicit,2015,0.75401965193604,"Black et al. 2023, IMF Fossil Fuel Subsidies Data: 2023 Update (IMF staff estimates; published Aug 2023, so 2023 and later values were estimated before the year ended)",https://climatedata.imf.org/datasets/d48cfd2124954fb0900cef95f2db2724_0,2026-10-06
HR,Fossil Fuel Subsidies - Total Implicit and Explicit,2016,1.17802754993104,"Black et al. 2023, IMF Fossil Fuel Subsidies Data: 2023 Update (IMF staff estimates; published Aug 2023, so 2023 and later values were estimated before the year ended)",https://climatedata.imf.org/datasets/d48cfd2124954fb0900cef95f2db2724_0,2026-10-06
HR,Fossil Fuel Subsidies - Total Implicit and Explicit,2017,1.42896252706935,"Black et al. 2023, IMF Fossil Fuel Subsidies Data: 2023 Update (IMF staff estimates; published Aug 2023, so 2023 and later values were estimated before the year ended)",https://climatedata.imf.org/datasets/d48cfd2124954fb0900cef95f2db2724_0,2026-10-06
HR,Fossil Fuel Subsidies - Total Implicit and Explicit,2018,1.22776397346423,"Black et al. 2023, IMF Fossil Fuel Subsidies Data: 2023 Update (IMF staff estimates; published Aug 2023, so 2023 and later values were estimated before the year ended)",https://climatedata.imf.org/datasets/d48cfd2124954fb0900cef95f2db2724_0,2026-10-06
HR,Fossil Fuel Subsidies - Total Implicit and Explicit,2019,2.03040268248571,"Black et al. 2023, IMF Fossil Fuel Subsidies Data: 2023 Update (IMF staff estimates; published Aug 2023, so 2023 and later values were estimated before the year ended)",https://climatedata.imf.org/datasets/d48cfd2124954fb0900cef95f2db2724_0,2026-10-06
HR,Fossil Fuel Subsidies - Total Implicit and Explicit,2020,1.53847163045532,"Black et al. 2023, IMF Fossil Fuel Subsidies Data: 2023 Update (IMF staff estimates; published Aug 2023, so 2023 and later values were estimated before the year ended)",https://climatedata.imf.org/datasets/d48cfd2124954fb0900cef95f2db2724_0,2026-10-06
HR,Fossil Fuel Subsidies - Total Implicit and Explicit,2021,2.43450739085105,"Black et al. 2023, IMF Fossil Fuel Subsidies Data: 2023 Update (IMF staff estimates; published Aug 2023, so 2023 and later values were estimated before the year ended)",https://climatedata.imf.org/datasets/d48cfd2124954fb0900cef95f2db2724_0,2026-10-06
HR,Fossil Fuel Subsidies - Total Implicit and Explicit,2022,3.60985786513823,"Black et al. 2023, IMF Fossil Fuel Subsidies Data: 2023 Update (IMF staff estimates; published Aug 2023, so 2023 and later values were estimated before the year ended)",https://climatedata.imf.org/datasets/d48cfd2124954fb0900cef95f2db2724_0,2026-10-06
HR,Fossil Fuel Subsidies - Total Implicit and Explicit,2023,2.61822820639781,"Black et al. 2023, IMF Fossil Fuel Subsidies Data: 2023 Update (IMF staff estimates; published Aug 2023, so 2023 and later values were estimated before the year ended)",https://climatedata.imf.org/datasets/d48cfd2124954fb0900cef95f2db2724_0,2026-10-06
HR,Fossil Fuel Subsidies - Total Implicit and Explicit,2024,2.37477253785722,"Black et al. 2023, IMF Fossil Fuel Subsidies Data: 2023 Update (IMF staff estimates; published Aug 2023, so 2023 and later values were estimated before the year ended)",https://climatedata.imf.org/datasets/d48cfd2124954fb0900cef95f2db2724_0,2026-10-06
HR,Fossil Fuel Subsidies - Total Implicit and Explicit,2025,2.33196645807721,"Black et al. 2023, IMF Fossil Fuel Subsidies Data: 2023 Update (IMF staff estimates; published Aug 2023, so 2023 and later values were estimated before the year ended)",https://climatedata.imf.org/datasets/d48cfd2124954fb0900cef95f2db2724_0,2026-10-06
HR,Implicit Fossil Fuel Subsidies - Total,2015,0.673806681836173,"Black et al. 2023, IMF Fossil Fuel Subsidies Data: 2023 Update (IMF staff estimates; published Aug 2023, so 2023 and later values were estimated before the year ended)",https://climatedata.imf.org/datasets/d48cfd2124954fb0900cef95f2db2724_0,2026-10-06
HR,Implicit Fossil Fuel Subsidies - Total,2016,0.575172240086614,"Black et al. 2023, IMF Fossil Fuel Subsidies Data: 2023 Update (IMF staff estimates; published Aug 2023, so 2023 and later values were estimated before the year ended)",https://climatedata.imf.org/datasets/d48cfd2124954fb0900cef95f2db2724_0,2026-10-06
HR,Implicit Fossil Fuel Subsidies - Total,2017,0.62944773344034,"Black et al. 2023, IMF Fossil Fuel Subsidies Data: 2023 Update (IMF staff estimates; published Aug 2023, so 2023 and later values were estimated before the year ended)",https://climatedata.imf.org/datasets/d48cfd2124954fb0900cef95f2db2724_0,2026-10-06
HR,Implicit Fossil Fuel Subsidies - Total,2018,0.63814315951796,"Black et al. 2023, IMF Fossil Fuel Subsidies Data: 2023 Update (IMF staff estimates; published Aug 2023, so 2023 and later values were estimated before the year ended)",https://climatedata.imf.org/datasets/d48cfd2124954fb0900cef95f2db2724_0,2026-10-06
HR,Implicit Fossil Fuel Subsidies - Total,2019,1.40506087101208,"Black et al. 2023, IMF Fossil Fuel Subsidies Data: 2023 Update (IMF staff estimates; published Aug 2023, so 2023 and later values were estimated before the year ended)",https://climatedata.imf.org/datasets/d48cfd2124954fb0900cef95f2db2724_0,2026-10-06
HR,Implicit Fossil Fuel Subsidies - Total,2020,0.91328058583664,"Black et al. 2023, IMF Fossil Fuel Subsidies Data: 2023 Update (IMF staff estimates; published Aug 2023, so 2023 and later values were estimated before the year ended)",https://climatedata.imf.org/datasets/d48cfd2124954fb0900cef95f2db2724_0,2026-10-06
HR,Implicit Fossil Fuel Subsidies - Total,2021,1.68937365572202,"Black et al. 2023, IMF Fossil Fuel Subsidies Data: 2023 Update (IMF staff estimates; published Aug 2023, so 2023 and later values were estimated before the year ended)",https://climatedata.imf.org/datasets/d48cfd2124954fb0900cef95f2db2724_0,2026-10-06
HR,Implicit Fossil Fuel Subsidies - Total,2022,2.50759385974376,"Black et al. 2023, IMF Fossil Fuel Subsidies Data: 2023 Update (IMF staff estimates; published Aug 2023, so 2023 and later values were estimated before the year ended)",https://climatedata.imf.org/datasets/d48cfd2124954fb0900cef95f2db2724_0,2026-10-06
HR,Implicit Fossil Fuel Subsidies - Total,2023,1.85311741611831,"Black et al. 2023, IMF Fossil Fuel Subsidies Data: 2023 Update (IMF staff estimates; published Aug 2023, so 2023 and later values were estimated before the year ended)",https://climatedata.imf.org/datasets/d48cfd2124954fb0900cef95f2db2724_0,2026-10-06
HR,Implicit Fossil Fuel Subsidies - Total,2024,1.66887673029969,"Black et al. 2023, IMF Fossil Fuel Subsidies Data: 2023 Update (IMF staff estimates; published Aug 2023, so 2023 and later values were estimated before the year ended)",https://climatedata.imf.org/datasets/d48cfd2124954fb0900cef95f2db2724_0,2026-10-06
HR,Implicit Fossil Fuel Subsidies - Total,2025,1.67673786328989,"Black et al. 2023, IMF Fossil Fuel Subsidies Data: 2023 Update (IMF staff estimates; published Aug 2023, so 2023 and later values were estimated before the year ended)",https://climatedata.imf.org/datasets/d48cfd2124954fb0900cef95f2db2724_0,2026-10-06
CY,Explicit Fossil Fuel Subsidies - Total,2015,1.2356975233119,"Black et al. 2023, IMF Fossil Fuel Subsidies Data: 2023 Update (IMF staff estimates; published Aug 2023, so 2023 and later values were estimated before the year ended)",https://climatedata.imf.org/datasets/d48cfd2124954fb0900cef95f2db2724_0,2026-10-06
CY,Explicit Fossil Fuel Subsidies - Total,2016,1.84979651917757,"Black et al. 2023, IMF Fossil Fuel Subsidies Data: 2023 Update (IMF staff estimates; published Aug 2023, so 2023 and later values were estimated before the year ended)",https://climatedata.imf.org/datasets/d48cfd2124954fb0900cef95f2db2724_0,2026-10-06
CY,Explicit Fossil Fuel Subsidies - Total,2017,1.30495228375715,"Black et al. 2023, IMF Fossil Fuel Subsidies Data: 2023 Update (IMF staff estimates; published Aug 2023, so 2023 and later values were estimated before the year ended)",https://climatedata.imf.org/datasets/d48cfd2124954fb0900cef95f2db2724_0,2026-10-06
CY,Explicit Fossil Fuel Subsidies - Total,2018,0.855112007731354,"Black et al. 2023, IMF Fossil Fuel Subsidies Data: 2023 Update (IMF staff estimates; published Aug 2023, so 2023 and later values were estimated before the year ended)",https://climatedata.imf.org/datasets/d48cfd2124954fb0900cef95f2db2724_0,2026-10-06
CY,Explicit Fossil Fuel Subsidies - Total,2019,0.803844499063995,"Black et al. 2023, IMF Fossil Fuel Subsidies Data: 2023 Update (IMF staff estimates; published Aug 2023, so 2023 and later values were estimated before the year ended)",https://climatedata.imf.org/datasets/d48cfd2124954fb0900cef95f2db2724_0,2026-10-06
CY,Explicit Fossil Fuel Subsidies - Total,2020,1.34475545059837,"Black et al. 2023, IMF Fossil Fuel Subsidies Data: 2023 Update (IMF staff estimates; published Aug 2023, so 2023 and later values were estimated before the year ended)",https://climatedata.imf.org/datasets/d48cfd2124954fb0900cef95f2db2724_0,2026-10-06
CY,Explicit Fossil Fuel Subsidies - Total,2021,1.0237247102526,"Black et al. 2023, IMF Fossil Fuel Subsidies Data: 2023 Update (IMF staff estimates; published Aug 2023, so 2023 and later values were estimated before the year ended)",https://climatedata.imf.org/datasets/d48cfd2124954fb0900cef95f2db2724_0,2026-10-06
CY,Explicit Fossil Fuel Subsidies - Total,2022,0.953012406263564,"Black et al. 2023, IMF Fossil Fuel Subsidies Data: 2023 Update (IMF staff estimates; published Aug 2023, so 2023 and later values were estimated before the year ended)",https://climatedata.imf.org/datasets/d48cfd2124954fb0900cef95f2db2724_0,2026-10-06
CY,Explicit Fossil Fuel Subsidies - Total,2023,0.951683654078008,"Black et al. 2023, IMF Fossil Fuel Subsidies Data: 2023 Update (IMF staff estimates; published Aug 2023, so 2023 and later values were estimated before the year ended)",https://climatedata.imf.org/datasets/d48cfd2124954fb0900cef95f2db2724_0,2026-10-06
CY,Explicit Fossil Fuel Subsidies - Total,2024,0.931560419973335,"Black et al. 2023, IMF Fossil Fuel Subsidies Data: 2023 Update (IMF staff estimates; published Aug 2023, so 2023 and later values were estimated before the year ended)",https://climatedata.imf.org/datasets/d48cfd2124954fb0900cef95f2db2724_0,2026-10-06
CY,Explicit Fossil Fuel Subsidies - Total,2025,0.91982438127607,"Black et al. 2023, IMF Fossil Fuel Subsidies Data: 2023 Update (IMF staff estimates; published Aug 2023, so 2023 and later values were estimated before the year ended)",https://climatedata.imf.org/datasets/d48cfd2124954fb0900cef95f2db2724_0,2026-10-06
CY,Fossil Fuel Subsidies - Total Implicit and Explicit,2015,3.22083664336681,"Black et al. 2023, IMF Fossil Fuel Subsidies Data: 2023 Update (IMF staff estimates; published Aug 2023, so 2023 and later values were estimated before the year ended)",https://climatedata.imf.org/datasets/d48cfd2124954fb0900cef95f2db2724_0,2026-10-06
CY,Fossil Fuel Subsidies - Total Implicit and Explicit,2016,3.31860785090565,"Black et al. 2023, IMF Fossil Fuel Subsidies Data: 2023 Update (IMF staff estimates; published Aug 2023, so 2023 and later values were estimated before the year ended)",https://climatedata.imf.org/datasets/d48cfd2124954fb0900cef95f2db2724_0,2026-10-06
CY,Fossil Fuel Subsidies - Total Implicit and Explicit,2017,3.05710697532264,"Black et al. 2023, IMF Fossil Fuel Subsidies Data: 2023 Update (IMF staff estimates; published Aug 2023, so 2023 and later values were estimated before the year ended)",https://climatedata.imf.org/datasets/d48cfd2124954fb0900cef95f2db2724_0,2026-10-06
CY,Fossil Fuel Subsidies - Total Implicit and Explicit,2018,2.72041736772984,"Black et al. 2023, IMF Fossil Fuel Subsidies Data: 2023 Update (IMF staff estimates; published Aug 2023, so 2023 and later values were estimated before the year ended)",https://climatedata.imf.org/datasets/d48cfd2124954fb0900cef95f2db2724_0,2026-10-06
CY,Fossil Fuel Subsidies - Total Implicit and Explicit,2019,3.55698310684324,"Black et al. 2023, IMF Fossil Fuel Subsidies Data: 2023 Update (IMF staff estimates; published Aug 2023, so 2023 and later values were estimated before the year ended)",https://climatedata.imf.org/datasets/d48cfd2124954fb0900cef95f2db2724_0,2026-10-06
CY,Fossil Fuel Subsidies - Total Implicit and Explicit,2020,3.33449804692061,"Black et al. 2023, IMF Fossil Fuel Subsidies Data: 2023 Update (IMF staff estimates; published Aug 2023, so 2023 and later values were estimated before the year ended)",https://climatedata.imf.org/datasets/d48cfd2124954fb0900cef95f2db2724_0,2026-10-06
CY,Fossil Fuel Subsidies - Total Implicit and Explicit,2021,3.52215613531912,"Black et al. 2023, IMF Fossil Fuel Subsidies Data: 2023 Update (IMF staff estimates; published Aug 2023, so 2023 and later values were estimated before the year ended)",https://climatedata.imf.org/datasets/d48cfd2124954fb0900cef95f2db2724_0,2026-10-06
CY,Fossil Fuel Subsidies - Total Implicit and Explicit,2022,3.85604801509132,"Black et al. 2023, IMF Fossil Fuel Subsidies Data: 2023 Update (IMF staff estimates; published Aug 2023, so 2023 and later values were estimated before the year ended)",https://climatedata.imf.org/datasets/d48cfd2124954fb0900cef95f2db2724_0,2026-10-06
CY,Fossil Fuel Subsidies - Total Implicit and Explicit,2023,3.44429300074945,"Black et al. 2023, IMF Fossil Fuel Subsidies Data: 2023 Update (IMF staff estimates; published Aug 2023, so 2023 and later values were estimated before the year ended)",https://climatedata.imf.org/datasets/d48cfd2124954fb0900cef95f2db2724_0,2026-10-06
CY,Fossil Fuel Subsidies - Total Implicit and Explicit,2024,3.28950423782617,"Black et al. 2023, IMF Fossil Fuel Subsidies Data: 2023 Update (IMF staff estimates; published Aug 2023, so 2023 and later values were estimated before the year ended)",https://climatedata.imf.org/datasets/d48cfd2124954fb0900cef95f2db2724_0,2026-10-06
CY,Fossil Fuel Subsidies - Total Implicit and Explicit,2025,3.27126020392399,"Black et al. 2023, IMF Fossil Fuel Subsidies Data: 2023 Update (IMF staff estimates; published Aug 2023, so 2023 and later values were estimated before the year ended)",https://climatedata.imf.org/datasets/d48cfd2124954fb0900cef95f2db2724_0,2026-10-06
CY,Implicit Fossil Fuel Subsidies - Total,2015,1.98513912005491,"Black et al. 2023, IMF Fossil Fuel Subsidies Data: 2023 Update (IMF staff estimates; published Aug 2023, so 2023 and later values were estimated before the year ended)",https://climatedata.imf.org/datasets/d48cfd2124954fb0900cef95f2db2724_0,2026-10-06
CY,Implicit Fossil Fuel Subsidies - Total,2016,1.46881133172808,"Black et al. 2023, IMF Fossil Fuel Subsidies Data: 2023 Update (IMF staff estimates; published Aug 2023, so 2023 and later values were estimated before the year ended)",https://climatedata.imf.org/datasets/d48cfd2124954fb0900cef95f2db2724_0,2026-10-06
CY,Implicit Fossil Fuel Subsidies - Total,2017,1.75215469156549,"Black et al. 2023, IMF Fossil Fuel Subsidies Data: 2023 Update (IMF staff estimates; published Aug 2023, so 2023 and later values were estimated before the year ended)",https://climatedata.imf.org/datasets/d48cfd2124954fb0900cef95f2db2724_0,2026-10-06
CY,Implicit Fossil Fuel Subsidies - Total,2018,1.86530535999848,"Black et al. 2023, IMF Fossil Fuel Subsidies Data: 2023 Update (IMF staff estimates; published Aug 2023, so 2023 and later values were estimated before the year ended)",https://climatedata.imf.org/datasets/d48cfd2124954fb0900cef95f2db2724_0,2026-10-06
CY,Implicit Fossil Fuel Subsidies - Total,2019,2.75313860881925,"Black et al. 2023, IMF Fossil Fuel Subsidies Data: 2023 Update (IMF staff estimates; published Aug 2023, so 2023 and later values were estimated before the year ended)",https://climatedata.imf.org/datasets/d48cfd2124954fb0900cef95f2db2724_0,2026-10-06
CY,Implicit Fossil Fuel Subsidies - Total,2020,1.98974259595738,"Black et al. 2023, IMF Fossil Fuel Subsidies Data: 2023 Update (IMF staff estimates; published Aug 2023, so 2023 and later values were estimated before the year ended)",https://climatedata.imf.org/datasets/d48cfd2124954fb0900cef95f2db2724_0,2026-10-06
CY,Implicit Fossil Fuel Subsidies - Total,2021,2.49843142541207,"Black et al. 2023, IMF Fossil Fuel Subsidies Data: 2023 Update (IMF staff estimates; published Aug 2023, so 2023 and later values were estimated before the year ended)",https://climatedata.imf.org/datasets/d48cfd2124954fb0900cef95f2db2724_0,2026-10-06
CY,Implicit Fossil Fuel Subsidies - Total,2022,2.90303560815999,"Black et al. 2023, IMF Fossil Fuel Subsidies Data: 2023 Update (IMF staff estimates; published Aug 2023, so 2023 and later values were estimated before the year ended)",https://climatedata.imf.org/datasets/d48cfd2124954fb0900cef95f2db2724_0,2026-10-06
CY,Implicit Fossil Fuel Subsidies - Total,2023,2.49260934601975,"Black et al. 2023, IMF Fossil Fuel Subsidies Data: 2023 Update (IMF staff estimates; published Aug 2023, so 2023 and later values were estimated before the year ended)",https://climatedata.imf.org/datasets/d48cfd2124954fb0900cef95f2db2724_0,2026-10-06
CY,Implicit Fossil Fuel Subsidies - Total,2024,2.35794381721795,"Black et al. 2023, IMF Fossil Fuel Subsidies Data: 2023 Update (IMF staff estimates; published Aug 2023, so 2023 and later values were estimated before the year ended)",https://climatedata.imf.org/datasets/d48cfd2124954fb0900cef95f2db2724_0,2026-10-06
CY,Implicit Fossil Fuel Subsidies - Total,2025,2.35143582357485,"Black et al. 2023, IMF Fossil Fuel Subsidies Data: 2023 Update (IMF staff estimates; published Aug 2023, so 2023 and later values were estimated before the year ended)",https://climatedata.imf.org/datasets/d48cfd2124954fb0900cef95f2db2724_0,2026-10-06
CZ,Explicit Fossil Fuel Subsidies - Total,2015,0,"Black et al. 2023, IMF Fossil Fuel Subsidies Data: 2023 Update (IMF staff estimates; published Aug 2023, so 2023 and later values were estimated before the year ended)",https://climatedata.imf.org/datasets/d48cfd2124954fb0900cef95f2db2724_0,2026-10-06
CZ,Explicit Fossil Fuel Subsidies - Total,2016,0,"Black et al. 2023, IMF Fossil Fuel Subsidies Data: 2023 Update (IMF staff estimates; published Aug 2023, so 2023 and later values were estimated before the year ended)",https://climatedata.imf.org/datasets/d48cfd2124954fb0900cef95f2db2724_0,2026-10-06
CZ,Explicit Fossil Fuel Subsidies - Total,2017,0.787071753246987,"Black et al. 2023, IMF Fossil Fuel Subsidies Data: 2023 Update (IMF staff estimates; published Aug 2023, so 2023 and later values were estimated before the year ended)",https://climatedata.imf.org/datasets/d48cfd2124954fb0900cef95f2db2724_0,2026-10-06
CZ,Explicit Fossil Fuel Subsidies - Total,2018,0.870388948152806,"Black et al. 2023, IMF Fossil Fuel Subsidies Data: 2023 Update (IMF staff estimates; published Aug 2023, so 2023 and later values were estimated before the year ended)",https://climatedata.imf.org/datasets/d48cfd2124954fb0900cef95f2db2724_0,2026-10-06
CZ,Explicit Fossil Fuel Subsidies - Total,2019,0.749581182723432,"Black et al. 2023, IMF Fossil Fuel Subsidies Data: 2023 Update (IMF staff estimates; published Aug 2023, so 2023 and later values were estimated before the year ended)",https://climatedata.imf.org/datasets/d48cfd2124954fb0900cef95f2db2724_0,2026-10-06
CZ,Explicit Fossil Fuel Subsidies - Total,2020,0.641254895334756,"Black et al. 2023, IMF Fossil Fuel Subsidies Data: 2023 Update (IMF staff estimates; published Aug 2023, so 2023 and later values were estimated before the year ended)",https://climatedata.imf.org/datasets/d48cfd2124954fb0900cef95f2db2724_0,2026-10-06
CZ,Explicit Fossil Fuel Subsidies - Total,2021,1.04761787493453,"Black et al. 2023, IMF Fossil Fuel Subsidies Data: 2023 Update (IMF staff estimates; published Aug 2023, so 2023 and later values were estimated before the year ended)",https://climatedata.imf.org/datasets/d48cfd2124954fb0900cef95f2db2724_0,2026-10-06
CZ,Explicit Fossil Fuel Subsidies - Total,2022,0.841649304372878,"Black et al. 2023, IMF Fossil Fuel Subsidies Data: 2023 Update (IMF staff estimates; published Aug 2023, so 2023 and later values were estimated before the year ended)",https://climatedata.imf.org/datasets/d48cfd2124954fb0900cef95f2db2724_0,2026-10-06
CZ,Explicit Fossil Fuel Subsidies - Total,2023,0.697998435260006,"Black et al. 2023, IMF Fossil Fuel Subsidies Data: 2023 Update (IMF staff estimates; published Aug 2023, so 2023 and later values were estimated before the year ended)",https://climatedata.imf.org/datasets/d48cfd2124954fb0900cef95f2db2724_0,2026-10-06
CZ,Explicit Fossil Fuel Subsidies - Total,2024,0.655176319649616,"Black et al. 2023, IMF Fossil Fuel Subsidies Data: 2023 Update (IMF staff estimates; published Aug 2023, so 2023 and later values were estimated before the year ended)",https://climatedata.imf.org/datasets/d48cfd2124954fb0900cef95f2db2724_0,2026-10-06
CZ,Explicit Fossil Fuel Subsidies - Total,2025,0.607585164185998,"Black et al. 2023, IMF Fossil Fuel Subsidies Data: 2023 Update (IMF staff estimates; published Aug 2023, so 2023 and later values were estimated before the year ended)",https://climatedata.imf.org/datasets/d48cfd2124954fb0900cef95f2db2724_0,2026-10-06
CZ,Fossil Fuel Subsidies - Total Implicit and Explicit,2015,4.36264024912737,"Black et al. 2023, IMF Fossil Fuel Subsidies Data: 2023 Update (IMF staff estimates; published Aug 2023, so 2023 and later values were estimated before the year ended)",https://climatedata.imf.org/datasets/d48cfd2124954fb0900cef95f2db2724_0,2026-10-06
CZ,Fossil Fuel Subsidies - Total Implicit and Explicit,2016,4.47324504452967,"Black et al. 2023, IMF Fossil Fuel Subsidies Data: 2023 Update (IMF staff estimates; published Aug 2023, so 2023 and later values were estimated before the year ended)",https://climatedata.imf.org/datasets/d48cfd2124954fb0900cef95f2db2724_0,2026-10-06
CZ,Fossil Fuel Subsidies - Total Implicit and Explicit,2017,5.18279853909192,"Black et al. 2023, IMF Fossil Fuel Subsidies Data: 2023 Update (IMF staff estimates; published Aug 2023, so 2023 and later values were estimated before the year ended)",https://climatedata.imf.org/datasets/d48cfd2124954fb0900cef95f2db2724_0,2026-10-06
CZ,Fossil Fuel Subsidies - Total Implicit and Explicit,2018,5.0828142990213,"Black et al. 2023, IMF Fossil Fuel Subsidies Data: 2023 Update (IMF staff estimates; published Aug 2023, so 2023 and later values were estimated before the year ended)",https://climatedata.imf.org/datasets/d48cfd2124954fb0900cef95f2db2724_0,2026-10-06
CZ,Fossil Fuel Subsidies - Total Implicit and Explicit,2019,4.72700960535924,"Black et al. 2023, IMF Fossil Fuel Subsidies Data: 2023 Update (IMF staff estimates; published Aug 2023, so 2023 and later values were estimated before the year ended)",https://climatedata.imf.org/datasets/d48cfd2124954fb0900cef95f2db2724_0,2026-10-06
CZ,Fossil Fuel Subsidies - Total Implicit and Explicit,2020,3.94100499778944,"Black et al. 2023, IMF Fossil Fuel Subsidies Data: 2023 Update (IMF staff estimates; published Aug 2023, so 2023 and later values were estimated before the year ended)",https://climatedata.imf.org/datasets/d48cfd2124954fb0900cef95f2db2724_0,2026-10-06
CZ,Fossil Fuel Subsidies - Total Implicit and Explicit,2021,4.9313893352948,"Black et al. 2023, IMF Fossil Fuel Subsidies Data: 2023 Update (IMF staff estimates; published Aug 2023, so 2023 and later values were estimated before the year ended)",https://climatedata.imf.org/datasets/d48cfd2124954fb0900cef95f2db2724_0,2026-10-06
CZ,Fossil Fuel Subsidies - Total Implicit and Explicit,2022,4.41932011246731,"Black et al. 2023, IMF Fossil Fuel Subsidies Data: 2023 Update (IMF staff estimates; published Aug 2023, so 2023 and later values were estimated before the year ended)",https://climatedata.imf.org/datasets/d48cfd2124954fb0900cef95f2db2724_0,2026-10-06
CZ,Fossil Fuel Subsidies - Total Implicit and Explicit,2023,4.17205044894205,"Black et al. 2023, IMF Fossil Fuel Subsidies Data: 2023 Update (IMF staff estimates; published Aug 2023, so 2023 and later values were estimated before the year ended)",https://climatedata.imf.org/datasets/d48cfd2124954fb0900cef95f2db2724_0,2026-10-06
CZ,Fossil Fuel Subsidies - Total Implicit and Explicit,2024,4.09664411840002,"Black et al. 2023, IMF Fossil Fuel Subsidies Data: 2023 Update (IMF staff estimates; published Aug 2023, so 2023 and later values were estimated before the year ended)",https://climatedata.imf.org/datasets/d48cfd2124954fb0900cef95f2db2724_0,2026-10-06
CZ,Fossil Fuel Subsidies - Total Implicit and Explicit,2025,4.01233558808074,"Black et al. 2023, IMF Fossil Fuel Subsidies Data: 2023 Update (IMF staff estimates; published Aug 2023, so 2023 and later values were estimated before the year ended)",https://climatedata.imf.org/datasets/d48cfd2124954fb0900cef95f2db2724_0,2026-10-06
CZ,Implicit Fossil Fuel Subsidies - Total,2015,4.36264024912737,"Black et al. 2023, IMF Fossil Fuel Subsidies Data: 2023 Update (IMF staff estimates; published Aug 2023, so 2023 and later values were estimated before the year ended)",https://climatedata.imf.org/datasets/d48cfd2124954fb0900cef95f2db2724_0,2026-10-06
CZ,Implicit Fossil Fuel Subsidies - Total,2016,4.47324504452967,"Black et al. 2023, IMF Fossil Fuel Subsidies Data: 2023 Update (IMF staff estimates; published Aug 2023, so 2023 and later values were estimated before the year ended)",https://climatedata.imf.org/datasets/d48cfd2124954fb0900cef95f2db2724_0,2026-10-06
CZ,Implicit Fossil Fuel Subsidies - Total,2017,4.39572678584493,"Black et al. 2023, IMF Fossil Fuel Subsidies Data: 2023 Update (IMF staff estimates; published Aug 2023, so 2023 and later values were estimated before the year ended)",https://climatedata.imf.org/datasets/d48cfd2124954fb0900cef95f2db2724_0,2026-10-06
CZ,Implicit Fossil Fuel Subsidies - Total,2018,4.21242535124279,"Black et al. 2023, IMF Fossil Fuel Subsidies Data: 2023 Update (IMF staff estimates; published Aug 2023, so 2023 and later values were estimated before the year ended)",https://climatedata.imf.org/datasets/d48cfd2124954fb0900cef95f2db2724_0,2026-10-06
CZ,Implicit Fossil Fuel Subsidies - Total,2019,3.9774284229991,"Black et al. 2023, IMF Fossil Fuel Subsidies Data: 2023 Update (IMF staff estimates; published Aug 2023, so 2023 and later values were estimated before the year ended)",https://climatedata.imf.org/datasets/d48cfd2124954fb0900cef95f2db2724_0,2026-10-06
CZ,Implicit Fossil Fuel Subsidies - Total,2020,3.29975010207024,"Black et al. 2023, IMF Fossil Fuel Subsidies Data: 2023 Update (IMF staff estimates; published Aug 2023, so 2023 and later values were estimated before the year ended)",https://climatedata.imf.org/datasets/d48cfd2124954fb0900cef95f2db2724_0,2026-10-06
CZ,Implicit Fossil Fuel Subsidies - Total,2021,3.88377145998878,"Black et al. 2023, IMF Fossil Fuel Subsidies Data: 2023 Update (IMF staff estimates; published Aug 2023, so 2023 and later values were estimated before the year ended)",https://climatedata.imf.org/datasets/d48cfd2124954fb0900cef95f2db2724_0,2026-10-06
CZ,Implicit Fossil Fuel Subsidies - Total,2022,3.57767080772976,"Black et al. 2023, IMF Fossil Fuel Subsidies Data: 2023 Update (IMF staff estimates; published Aug 2023, so 2023 and later values were estimated before the year ended)",https://climatedata.imf.org/datasets/d48cfd2124954fb0900cef95f2db2724_0,2026-10-06
CZ,Implicit Fossil Fuel Subsidies - Total,2023,3.47405201404134,"Black et al. 2023, IMF Fossil Fuel Subsidies Data: 2023 Update (IMF staff estimates; published Aug 2023, so 2023 and later values were estimated before the year ended)",https://climatedata.imf.org/datasets/d48cfd2124954fb0900cef95f2db2724_0,2026-10-06
CZ,Implicit Fossil Fuel Subsidies - Total,2024,3.44146779805849,"Black et al. 2023, IMF Fossil Fuel Subsidies Data: 2023 Update (IMF staff estimates; published Aug 2023, so 2023 and later values were estimated before the year ended)",https://climatedata.imf.org/datasets/d48cfd2124954fb0900cef95f2db2724_0,2026-10-06
CZ,Implicit Fossil Fuel Subsidies - Total,2025,3.40475042590293,"Black et al. 2023, IMF Fossil Fuel Subsidies Data: 2023 Update (IMF staff estimates; published Aug 2023, so 2023 and later values were estimated before the year ended)",https://climatedata.imf.org/datasets/d48cfd2124954fb0900cef95f2db2724_0,2026-10-06
DK,Explicit Fossil Fuel Subsidies - Total,2015,0.410378880772158,"Black et al. 2023, IMF Fossil Fuel Subsidies Data: 2023 Update (IMF staff estimates; published Aug 2023, so 2023 and later values were estimated before the year ended)",https://climatedata.imf.org/datasets/d48cfd2124954fb0900cef95f2db2724_0,2026-10-06
DK,Explicit Fossil Fuel Subsidies - Total,2016,0.344751831175646,"Black et al. 2023, IMF Fossil Fuel Subsidies Data: 2023 Update (IMF staff estimates; published Aug 2023, so 2023 and later values were estimated before the year ended)",https://climatedata.imf.org/datasets/d48cfd2124954fb0900cef95f2db2724_0,2026-10-06
DK,Explicit Fossil Fuel Subsidies - Total,2017,0.431762760856195,"Black et al. 2023, IMF Fossil Fuel Subsidies Data: 2023 Update (IMF staff estimates; published Aug 2023, so 2023 and later values were estimated before the year ended)",https://climatedata.imf.org/datasets/d48cfd2124954fb0900cef95f2db2724_0,2026-10-06
DK,Explicit Fossil Fuel Subsidies - Total,2018,0.449971710170359,"Black et al. 2023, IMF Fossil Fuel Subsidies Data: 2023 Update (IMF staff estimates; published Aug 2023, so 2023 and later values were estimated before the year ended)",https://climatedata.imf.org/datasets/d48cfd2124954fb0900cef95f2db2724_0,2026-10-06
DK,Explicit Fossil Fuel Subsidies - Total,2019,0.617595426553883,"Black et al. 2023, IMF Fossil Fuel Subsidies Data: 2023 Update (IMF staff estimates; published Aug 2023, so 2023 and later values were estimated before the year ended)",https://climatedata.imf.org/datasets/d48cfd2124954fb0900cef95f2db2724_0,2026-10-06
DK,Explicit Fossil Fuel Subsidies - Total,2020,0.744098012572077,"Black et al. 2023, IMF Fossil Fuel Subsidies Data: 2023 Update (IMF staff estimates; published Aug 2023, so 2023 and later values were estimated before the year ended)",https://climatedata.imf.org/datasets/d48cfd2124954fb0900cef95f2db2724_0,2026-10-06
DK,Explicit Fossil Fuel Subsidies - Total,2021,0.638865640314216,"Black et al. 2023, IMF Fossil Fuel Subsidies Data: 2023 Update (IMF staff estimates; published Aug 2023, so 2023 and later values were estimated before the year ended)",https://climatedata.imf.org/datasets/d48cfd2124954fb0900cef95f2db2724_0,2026-10-06
DK,Explicit Fossil Fuel Subsidies - Total,2022,0.605938422506748,"Black et al. 2023, IMF Fossil Fuel Subsidies Data: 2023 Update (IMF staff estimates; published Aug 2023, so 2023 and later values were estimated before the year ended)",https://climatedata.imf.org/datasets/d48cfd2124954fb0900cef95f2db2724_0,2026-10-06
DK,Explicit Fossil Fuel Subsidies - Total,2023,0.582918283096869,"Black et al. 2023, IMF Fossil Fuel Subsidies Data: 2023 Update (IMF staff estimates; published Aug 2023, so 2023 and later values were estimated before the year ended)",https://climatedata.imf.org/datasets/d48cfd2124954fb0900cef95f2db2724_0,2026-10-06
DK,Explicit Fossil Fuel Subsidies - Total,2024,0.583198084358691,"Black et al. 2023, IMF Fossil Fuel Subsidies Data: 2023 Update (IMF staff estimates; published Aug 2023, so 2023 and later values were estimated before the year ended)",https://climatedata.imf.org/datasets/d48cfd2124954fb0900cef95f2db2724_0,2026-10-06
DK,Explicit Fossil Fuel Subsidies - Total,2025,0.59053940118248,"Black et al. 2023, IMF Fossil Fuel Subsidies Data: 2023 Update (IMF staff estimates; published Aug 2023, so 2023 and later values were estimated before the year ended)",https://climatedata.imf.org/datasets/d48cfd2124954fb0900cef95f2db2724_0,2026-10-06
DK,Fossil Fuel Subsidies - Total Implicit and Explicit,2015,0.523676617620877,"Black et al. 2023, IMF Fossil Fuel Subsidies Data: 2023 Update (IMF staff estimates; published Aug 2023, so 2023 and later values were estimated before the year ended)",https://climatedata.imf.org/datasets/d48cfd2124954fb0900cef95f2db2724_0,2026-10-06
DK,Fossil Fuel Subsidies - Total Implicit and Explicit,2016,0.477433151344672,"Black et al. 2023, IMF Fossil Fuel Subsidies Data: 2023 Update (IMF staff estimates; published Aug 2023, so 2023 and later values were estimated before the year ended)",https://climatedata.imf.org/datasets/d48cfd2124954fb0900cef95f2db2724_0,2026-10-06
DK,Fossil Fuel Subsidies - Total Implicit and Explicit,2017,0.533940205883809,"Black et al. 2023, IMF Fossil Fuel Subsidies Data: 2023 Update (IMF staff estimates; published Aug 2023, so 2023 and later values were estimated before the year ended)",https://climatedata.imf.org/datasets/d48cfd2124954fb0900cef95f2db2724_0,2026-10-06
DK,Fossil Fuel Subsidies - Total Implicit and Explicit,2018,0.537610328081612,"Black et al. 2023, IMF Fossil Fuel Subsidies Data: 2023 Update (IMF staff estimates; published Aug 2023, so 2023 and later values were estimated before the year ended)",https://climatedata.imf.org/datasets/d48cfd2124954fb0900cef95f2db2724_0,2026-10-06
DK,Fossil Fuel Subsidies - Total Implicit and Explicit,2019,0.995757566181409,"Black et al. 2023, IMF Fossil Fuel Subsidies Data: 2023 Update (IMF staff estimates; published Aug 2023, so 2023 and later values were estimated before the year ended)",https://climatedata.imf.org/datasets/d48cfd2124954fb0900cef95f2db2724_0,2026-10-06
DK,Fossil Fuel Subsidies - Total Implicit and Explicit,2020,1.16763772647068,"Black et al. 2023, IMF Fossil Fuel Subsidies Data: 2023 Update (IMF staff estimates; published Aug 2023, so 2023 and later values were estimated before the year ended)",https://climatedata.imf.org/datasets/d48cfd2124954fb0900cef95f2db2724_0,2026-10-06
DK,Fossil Fuel Subsidies - Total Implicit and Explicit,2021,1.06767896795487,"Black et al. 2023, IMF Fossil Fuel Subsidies Data: 2023 Update (IMF staff estimates; published Aug 2023, so 2023 and later values were estimated before the year ended)",https://climatedata.imf.org/datasets/d48cfd2124954fb0900cef95f2db2724_0,2026-10-06
DK,Fossil Fuel Subsidies - Total Implicit and Explicit,2022,1.18780223417601,"Black et al. 2023, IMF Fossil Fuel Subsidies Data: 2023 Update (IMF staff estimates; published Aug 2023, so 2023 and later values were estimated before the year ended)",https://climatedata.imf.org/datasets/d48cfd2124954fb0900cef95f2db2724_0,2026-10-06
DK,Fossil Fuel Subsidies - Total Implicit and Explicit,2023,1.08387189628904,"Black et al. 2023, IMF Fossil Fuel Subsidies Data: 2023 Update (IMF staff estimates; published Aug 2023, so 2023 and later values were estimated before the year ended)",https://climatedata.imf.org/datasets/d48cfd2124954fb0900cef95f2db2724_0,2026-10-06
DK,Fossil Fuel Subsidies - Total Implicit and Explicit,2024,1.10067972029637,"Black et al. 2023, IMF Fossil Fuel Subsidies Data: 2023 Update (IMF staff estimates; published Aug 2023, so 2023 and later values were estimated before the year ended)",https://climatedata.imf.org/datasets/d48cfd2124954fb0900cef95f2db2724_0,2026-10-06
DK,Fossil Fuel Subsidies - Total Implicit and Explicit,2025,1.12446113041892,"Black et al. 2023, IMF Fossil Fuel Subsidies Data: 2023 Update (IMF staff estimates; published Aug 2023, so 2023 and later values were estimated before the year ended)",https://climatedata.imf.org/datasets/d48cfd2124954fb0900cef95f2db2724_0,2026-10-06
DK,Implicit Fossil Fuel Subsidies - Total,2015,0.113297736702614,"Black et al. 2023, IMF Fossil Fuel Subsidies Data: 2023 Update (IMF staff estimates; published Aug 2023, so 2023 and later values were estimated before the year ended)",https://climatedata.imf.org/datasets/d48cfd2124954fb0900cef95f2db2724_0,2026-10-06
DK,Implicit Fossil Fuel Subsidies - Total,2016,0.132681320283143,"Black et al. 2023, IMF Fossil Fuel Subsidies Data: 2023 Update (IMF staff estimates; published Aug 2023, so 2023 and later values were estimated before the year ended)",https://climatedata.imf.org/datasets/d48cfd2124954fb0900cef95f2db2724_0,2026-10-06
DK,Implicit Fossil Fuel Subsidies - Total,2017,0.102177445027614,"Black et al. 2023, IMF Fossil Fuel Subsidies Data: 2023 Update (IMF staff estimates; published Aug 2023, so 2023 and later values were estimated before the year ended)",https://climatedata.imf.org/datasets/d48cfd2124954fb0900cef95f2db2724_0,2026-10-06
DK,Implicit Fossil Fuel Subsidies - Total,2018,0.0876386179634887,"Black et al. 2023, IMF Fossil Fuel Subsidies Data: 2023 Update (IMF staff estimates; published Aug 2023, so 2023 and later values were estimated before the year ended)",https://climatedata.imf.org/datasets/d48cfd2124954fb0900cef95f2db2724_0,2026-10-06
DK,Implicit Fossil Fuel Subsidies - Total,2019,0.378162139627526,"Black et al. 2023, IMF Fossil Fuel Subsidies Data: 2023 Update (IMF staff estimates; published Aug 2023, so 2023 and later values were estimated before the year ended)",https://climatedata.imf.org/datasets/d48cfd2124954fb0900cef95f2db2724_0,2026-10-06
DK,Implicit Fossil Fuel Subsidies - Total,2020,0.423539713898604,"Black et al. 2023, IMF Fossil Fuel Subsidies Data: 2023 Update (IMF staff estimates; published Aug 2023, so 2023 and later values were estimated before the year ended)",https://climatedata.imf.org/datasets/d48cfd2124954fb0900cef95f2db2724_0,2026-10-06
DK,Implicit Fossil Fuel Subsidies - Total,2021,0.42881332764065,"Black et al. 2023, IMF Fossil Fuel Subsidies Data: 2023 Update (IMF staff estimates; published Aug 2023, so 2023 and later values were estimated before the year ended)",https://climatedata.imf.org/datasets/d48cfd2124954fb0900cef95f2db2724_0,2026-10-06
DK,Implicit Fossil Fuel Subsidies - Total,2022,0.581863811913327,"Black et al. 2023, IMF Fossil Fuel Subsidies Data: 2023 Update (IMF staff estimates; published Aug 2023, so 2023 and later values were estimated before the year ended)",https://climatedata.imf.org/datasets/d48cfd2124954fb0900cef95f2db2724_0,2026-10-06
DK,Implicit Fossil Fuel Subsidies - Total,2023,0.500953613192167,"Black et al. 2023, IMF Fossil Fuel Subsidies Data: 2023 Update (IMF staff estimates; published Aug 2023, so 2023 and later values were estimated before the year ended)",https://climatedata.imf.org/datasets/d48cfd2124954fb0900cef95f2db2724_0,2026-10-06
DK,Implicit Fossil Fuel Subsidies - Total,2024,0.517481635937678,"Black et al. 2023, IMF Fossil Fuel Subsidies Data: 2023 Update (IMF staff estimates; published Aug 2023, so 2023 and later values were estimated before the year ended)",https://climatedata.imf.org/datasets/d48cfd2124954fb0900cef95f2db2724_0,2026-10-06
DK,Implicit Fossil Fuel Subsidies - Total,2025,0.53392172923644,"Black et al. 2023, IMF Fossil Fuel Subsidies Data: 2023 Update (IMF staff estimates; published Aug 2023, so 2023 and later values were estimated before the year ended)",https://climatedata.imf.org/datasets/d48cfd2124954fb0900cef95f2db2724_0,2026-10-06
EE,Explicit Fossil Fuel Subsidies - Total,2015,4.54669823245978,"Black et al. 2023, IMF Fossil Fuel Subsidies Data: 2023 Update (IMF staff estimates; published Aug 2023, so 2023 and later values were estimated before the year ended)",https://climatedata.imf.org/datasets/d48cfd2124954fb0900cef95f2db2724_0,2026-10-06
EE,Explicit Fossil Fuel Subsidies - Total,2016,4.50063443872846,"Black et al. 2023, IMF Fossil Fuel Subsidies Data: 2023 Update (IMF staff estimates; published Aug 2023, so 2023 and later values were estimated before the year ended)",https://climatedata.imf.org/datasets/d48cfd2124954fb0900cef95f2db2724_0,2026-10-06
EE,Explicit Fossil Fuel Subsidies - Total,2017,4.0039337962606,"Black et al. 2023, IMF Fossil Fuel Subsidies Data: 2023 Update (IMF staff estimates; published Aug 2023, so 2023 and later values were estimated before the year ended)",https://climatedata.imf.org/datasets/d48cfd2124954fb0900cef95f2db2724_0,2026-10-06
EE,Explicit Fossil Fuel Subsidies - Total,2018,3.37787601493461,"Black et al. 2023, IMF Fossil Fuel Subsidies Data: 2023 Update (IMF staff estimates; published Aug 2023, so 2023 and later values were estimated before the year ended)",https://climatedata.imf.org/datasets/d48cfd2124954fb0900cef95f2db2724_0,2026-10-06
EE,Explicit Fossil Fuel Subsidies - Total,2019,2.93956795296601,"Black et al. 2023, IMF Fossil Fuel Subsidies Data: 2023 Update (IMF staff estimates; published Aug 2023, so 2023 and later values were estimated before the year ended)",https://climatedata.imf.org/datasets/d48cfd2124954fb0900cef95f2db2724_0,2026-10-06
EE,Explicit Fossil Fuel Subsidies - Total,2020,3.17494346621064,"Black et al. 2023, IMF Fossil Fuel Subsidies Data: 2023 Update (IMF staff estimates; published Aug 2023, so 2023 and later values were estimated before the year ended)",https://climatedata.imf.org/datasets/d48cfd2124954fb0900cef95f2db2724_0,2026-10-06
EE,Explicit Fossil Fuel Subsidies - Total,2021,2.99498560860426,"Black et al. 2023, IMF Fossil Fuel Subsidies Data: 2023 Update (IMF staff estimates; published Aug 2023, so 2023 and later values were estimated before the year ended)",https://climatedata.imf.org/datasets/d48cfd2124954fb0900cef95f2db2724_0,2026-10-06
EE,Explicit Fossil Fuel Subsidies - Total,2022,3.00007135135135,"Black et al. 2023, IMF Fossil Fuel Subsidies Data: 2023 Update (IMF staff estimates; published Aug 2023, so 2023 and later values were estimated before the year ended)",https://climatedata.imf.org/datasets/d48cfd2124954fb0900cef95f2db2724_0,2026-10-06
EE,Explicit Fossil Fuel Subsidies - Total,2023,2.90628902989433,"Black et al. 2023, IMF Fossil Fuel Subsidies Data: 2023 Update (IMF staff estimates; published Aug 2023, so 2023 and later values were estimated before the year ended)",https://climatedata.imf.org/datasets/d48cfd2124954fb0900cef95f2db2724_0,2026-10-06
EE,Explicit Fossil Fuel Subsidies - Total,2024,2.87037356318899,"Black et al. 2023, IMF Fossil Fuel Subsidies Data: 2023 Update (IMF staff estimates; published Aug 2023, so 2023 and later values were estimated before the year ended)",https://climatedata.imf.org/datasets/d48cfd2124954fb0900cef95f2db2724_0,2026-10-06
EE,Explicit Fossil Fuel Subsidies - Total,2025,2.84298551747976,"Black et al. 2023, IMF Fossil Fuel Subsidies Data: 2023 Update (IMF staff estimates; published Aug 2023, so 2023 and later values were estimated before the year ended)",https://climatedata.imf.org/datasets/d48cfd2124954fb0900cef95f2db2724_0,2026-10-06
EE,Fossil Fuel Subsidies - Total Implicit and Explicit,2015,5.27003923848647,"Black et al. 2023, IMF Fossil Fuel Subsidies Data: 2023 Update (IMF staff estimates; published Aug 2023, so 2023 and later values were estimated before the year ended)",https://climatedata.imf.org/datasets/d48cfd2124954fb0900cef95f2db2724_0,2026-10-06
EE,Fossil Fuel Subsidies - Total Implicit and Explicit,2016,5.30046125147169,"Black et al. 2023, IMF Fossil Fuel Subsidies Data: 2023 Update (IMF staff estimates; published Aug 2023, so 2023 and later values were estimated before the year ended)",https://climatedata.imf.org/datasets/d48cfd2124954fb0900cef95f2db2724_0,2026-10-06
EE,Fossil Fuel Subsidies - Total Implicit and Explicit,2017,4.75389145495594,"Black et al. 2023, IMF Fossil Fuel Subsidies Data: 2023 Update (IMF staff estimates; published Aug 2023, so 2023 and later values were estimated before the year ended)",https://climatedata.imf.org/datasets/d48cfd2124954fb0900cef95f2db2724_0,2026-10-06
EE,Fossil Fuel Subsidies - Total Implicit and Explicit,2018,4.03984278323493,"Black et al. 2023, IMF Fossil Fuel Subsidies Data: 2023 Update (IMF staff estimates; published Aug 2023, so 2023 and later values were estimated before the year ended)",https://climatedata.imf.org/datasets/d48cfd2124954fb0900cef95f2db2724_0,2026-10-06
EE,Fossil Fuel Subsidies - Total Implicit and Explicit,2019,3.31253458933232,"Black et al. 2023, IMF Fossil Fuel Subsidies Data: 2023 Update (IMF staff estimates; published Aug 2023, so 2023 and later values were estimated before the year ended)",https://climatedata.imf.org/datasets/d48cfd2124954fb0900cef95f2db2724_0,2026-10-06
EE,Fossil Fuel Subsidies - Total Implicit and Explicit,2020,3.43465221429414,"Black et al. 2023, IMF Fossil Fuel Subsidies Data: 2023 Update (IMF staff estimates; published Aug 2023, so 2023 and later values were estimated before the year ended)",https://climatedata.imf.org/datasets/d48cfd2124954fb0900cef95f2db2724_0,2026-10-06
EE,Fossil Fuel Subsidies - Total Implicit and Explicit,2021,3.35349828842847,"Black et al. 2023, IMF Fossil Fuel Subsidies Data: 2023 Update (IMF staff estimates; published Aug 2023, so 2023 and later values were estimated before the year ended)",https://climatedata.imf.org/datasets/d48cfd2124954fb0900cef95f2db2724_0,2026-10-06
EE,Fossil Fuel Subsidies - Total Implicit and Explicit,2022,3.35386714864865,"Black et al. 2023, IMF Fossil Fuel Subsidies Data: 2023 Update (IMF staff estimates; published Aug 2023, so 2023 and later values were estimated before the year ended)",https://climatedata.imf.org/datasets/d48cfd2124954fb0900cef95f2db2724_0,2026-10-06
EE,Fossil Fuel Subsidies - Total Implicit and Explicit,2023,3.10547876334094,"Black et al. 2023, IMF Fossil Fuel Subsidies Data: 2023 Update (IMF staff estimates; published Aug 2023, so 2023 and later values were estimated before the year ended)",https://climatedata.imf.org/datasets/d48cfd2124954fb0900cef95f2db2724_0,2026-10-06
EE,Fossil Fuel Subsidies - Total Implicit and Explicit,2024,3.06462914290099,"Black et al. 2023, IMF Fossil Fuel Subsidies Data: 2023 Update (IMF staff estimates; published Aug 2023, so 2023 and later values were estimated before the year ended)",https://climatedata.imf.org/datasets/d48cfd2124954fb0900cef95f2db2724_0,2026-10-06
EE,Fossil Fuel Subsidies - Total Implicit and Explicit,2025,3.05719356853644,"Black et al. 2023, IMF Fossil Fuel Subsidies Data: 2023 Update (IMF staff estimates; published Aug 2023, so 2023 and later values were estimated before the year ended)",https://climatedata.imf.org/datasets/d48cfd2124954fb0900cef95f2db2724_0,2026-10-06
EE,Implicit Fossil Fuel Subsidies - Total,2015,0.723341006799356,"Black et al. 2023, IMF Fossil Fuel Subsidies Data: 2023 Update (IMF staff estimates; published Aug 2023, so 2023 and later values were estimated before the year ended)",https://climatedata.imf.org/datasets/d48cfd2124954fb0900cef95f2db2724_0,2026-10-06
EE,Implicit Fossil Fuel Subsidies - Total,2016,0.799826812372043,"Black et al. 2023, IMF Fossil Fuel Subsidies Data: 2023 Update (IMF staff estimates; published Aug 2023, so 2023 and later values were estimated before the year ended)",https://climatedata.imf.org/datasets/d48cfd2124954fb0900cef95f2db2724_0,2026-10-06
EE,Implicit Fossil Fuel Subsidies - Total,2017,0.749957660386323,"Black et al. 2023, IMF Fossil Fuel Subsidies Data: 2023 Update (IMF staff estimates; published Aug 2023, so 2023 and later values were estimated before the year ended)",https://climatedata.imf.org/datasets/d48cfd2124954fb0900cef95f2db2724_0,2026-10-06
EE,Implicit Fossil Fuel Subsidies - Total,2018,0.661966768604513,"Black et al. 2023, IMF Fossil Fuel Subsidies Data: 2023 Update (IMF staff estimates; published Aug 2023, so 2023 and later values were estimated before the year ended)",https://climatedata.imf.org/datasets/d48cfd2124954fb0900cef95f2db2724_0,2026-10-06
EE,Implicit Fossil Fuel Subsidies - Total,2019,0.372966634313697,"Black et al. 2023, IMF Fossil Fuel Subsidies Data: 2023 Update (IMF staff estimates; published Aug 2023, so 2023 and later values were estimated before the year ended)",https://climatedata.imf.org/datasets/d48cfd2124954fb0900cef95f2db2724_0,2026-10-06
EE,Implicit Fossil Fuel Subsidies - Total,2020,0.259708748555254,"Black et al. 2023, IMF Fossil Fuel Subsidies Data: 2023 Update (IMF staff estimates; published Aug 2023, so 2023 and later values were estimated before the year ended)",https://climatedata.imf.org/datasets/d48cfd2124954fb0900cef95f2db2724_0,2026-10-06
EE,Implicit Fossil Fuel Subsidies - Total,2021,0.358512679278246,"Black et al. 2023, IMF Fossil Fuel Subsidies Data: 2023 Update (IMF staff estimates; published Aug 2023, so 2023 and later values were estimated before the year ended)",https://climatedata.imf.org/datasets/d48cfd2124954fb0900cef95f2db2724_0,2026-10-06
EE,Implicit Fossil Fuel Subsidies - Total,2022,0.353795796486487,"Black et al. 2023, IMF Fossil Fuel Subsidies Data: 2023 Update (IMF staff estimates; published Aug 2023, so 2023 and later values were estimated before the year ended)",https://climatedata.imf.org/datasets/d48cfd2124954fb0900cef95f2db2724_0,2026-10-06
EE,Implicit Fossil Fuel Subsidies - Total,2023,0.199189733818298,"Black et al. 2023, IMF Fossil Fuel Subsidies Data: 2023 Update (IMF staff estimates; published Aug 2023, so 2023 and later values were estimated before the year ended)",https://climatedata.imf.org/datasets/d48cfd2124954fb0900cef95f2db2724_0,2026-10-06
EE,Implicit Fossil Fuel Subsidies - Total,2024,0.194255579174873,"Black et al. 2023, IMF Fossil Fuel Subsidies Data: 2023 Update (IMF staff estimates; published Aug 2023, so 2023 and later values were estimated before the year ended)",https://climatedata.imf.org/datasets/d48cfd2124954fb0900cef95f2db2724_0,2026-10-06
EE,Implicit Fossil Fuel Subsidies - Total,2025,0.21420805256271,"Black et al. 2023, IMF Fossil Fuel Subsidies Data: 2023 Update (IMF staff estimates; published Aug 2023, so 2023 and later values were estimated before the year ended)",https://climatedata.imf.org/datasets/d48cfd2124954fb0900cef95f2db2724_0,2026-10-06
FI,Explicit Fossil Fuel Subsidies - Total,2015,0.0002229156453474,"Black et al. 2023, IMF Fossil Fuel Subsidies Data: 2023 Update (IMF staff estimates; published Aug 2023, so 2023 and later values were estimated before the year ended)",https://climatedata.imf.org/datasets/d48cfd2124954fb0900cef95f2db2724_0,2026-10-06
FI,Explicit Fossil Fuel Subsidies - Total,2016,0,"Black et al. 2023, IMF Fossil Fuel Subsidies Data: 2023 Update (IMF staff estimates; published Aug 2023, so 2023 and later values were estimated before the year ended)",https://climatedata.imf.org/datasets/d48cfd2124954fb0900cef95f2db2724_0,2026-10-06
FI,Explicit Fossil Fuel Subsidies - Total,2017,0.145517039386064,"Black et al. 2023, IMF Fossil Fuel Subsidies Data: 2023 Update (IMF staff estimates; published Aug 2023, so 2023 and later values were estimated before the year ended)",https://climatedata.imf.org/datasets/d48cfd2124954fb0900cef95f2db2724_0,2026-10-06
FI,Explicit Fossil Fuel Subsidies - Total,2018,0,"Black et al. 2023, IMF Fossil Fuel Subsidies Data: 2023 Update (IMF staff estimates; published Aug 2023, so 2023 and later values were estimated before the year ended)",https://climatedata.imf.org/datasets/d48cfd2124954fb0900cef95f2db2724_0,2026-10-06
FI,Explicit Fossil Fuel Subsidies - Total,2019,0.536453389723014,"Black et al. 2023, IMF Fossil Fuel Subsidies Data: 2023 Update (IMF staff estimates; published Aug 2023, so 2023 and later values were estimated before the year ended)",https://climatedata.imf.org/datasets/d48cfd2124954fb0900cef95f2db2724_0,2026-10-06
FI,Explicit Fossil Fuel Subsidies - Total,2020,0.51347974906968,"Black et al. 2023, IMF Fossil Fuel Subsidies Data: 2023 Update (IMF staff estimates; published Aug 2023, so 2023 and later values were estimated before the year ended)",https://climatedata.imf.org/datasets/d48cfd2124954fb0900cef95f2db2724_0,2026-10-06
FI,Explicit Fossil Fuel Subsidies - Total,2021,0.501747184729839,"Black et al. 2023, IMF Fossil Fuel Subsidies Data: 2023 Update (IMF staff estimates; published Aug 2023, so 2023 and later values were estimated before the year ended)",https://climatedata.imf.org/datasets/d48cfd2124954fb0900cef95f2db2724_0,2026-10-06
FI,Explicit Fossil Fuel Subsidies - Total,2022,0.478310172015521,"Black et al. 2023, IMF Fossil Fuel Subsidies Data: 2023 Update (IMF staff estimates; published Aug 2023, so 2023 and later values were estimated before the year ended)",https://climatedata.imf.org/datasets/d48cfd2124954fb0900cef95f2db2724_0,2026-10-06
FI,Explicit Fossil Fuel Subsidies - Total,2023,0.497744398983424,"Black et al. 2023, IMF Fossil Fuel Subsidies Data: 2023 Update (IMF staff estimates; published Aug 2023, so 2023 and later values were estimated before the year ended)",https://climatedata.imf.org/datasets/d48cfd2124954fb0900cef95f2db2724_0,2026-10-06
FI,Explicit Fossil Fuel Subsidies - Total,2024,0.498057519498189,"Black et al. 2023, IMF Fossil Fuel Subsidies Data: 2023 Update (IMF staff estimates; published Aug 2023, so 2023 and later values were estimated before the year ended)",https://climatedata.imf.org/datasets/d48cfd2124954fb0900cef95f2db2724_0,2026-10-06
FI,Explicit Fossil Fuel Subsidies - Total,2025,0.479863759193234,"Black et al. 2023, IMF Fossil Fuel Subsidies Data: 2023 Update (IMF staff estimates; published Aug 2023, so 2023 and later values were estimated before the year ended)",https://climatedata.imf.org/datasets/d48cfd2124954fb0900cef95f2db2724_0,2026-10-06
FI,Fossil Fuel Subsidies - Total Implicit and Explicit,2015,0.313813330634593,"Black et al. 2023, IMF Fossil Fuel Subsidies Data: 2023 Update (IMF staff estimates; published Aug 2023, so 2023 and later values were estimated before the year ended)",https://climatedata.imf.org/datasets/d48cfd2124954fb0900cef95f2db2724_0,2026-10-06
FI,Fossil Fuel Subsidies - Total Implicit and Explicit,2016,0.346307348567015,"Black et al. 2023, IMF Fossil Fuel Subsidies Data: 2023 Update (IMF staff estimates; published Aug 2023, so 2023 and later values were estimated before the year ended)",https://climatedata.imf.org/datasets/d48cfd2124954fb0900cef95f2db2724_0,2026-10-06
FI,Fossil Fuel Subsidies - Total Implicit and Explicit,2017,0.477485704406278,"Black et al. 2023, IMF Fossil Fuel Subsidies Data: 2023 Update (IMF staff estimates; published Aug 2023, so 2023 and later values were estimated before the year ended)",https://climatedata.imf.org/datasets/d48cfd2124954fb0900cef95f2db2724_0,2026-10-06
FI,Fossil Fuel Subsidies - Total Implicit and Explicit,2018,0.29663548167308,"Black et al. 2023, IMF Fossil Fuel Subsidies Data: 2023 Update (IMF staff estimates; published Aug 2023, so 2023 and later values were estimated before the year ended)",https://climatedata.imf.org/datasets/d48cfd2124954fb0900cef95f2db2724_0,2026-10-06
FI,Fossil Fuel Subsidies - Total Implicit and Explicit,2019,0.788827419871688,"Black et al. 2023, IMF Fossil Fuel Subsidies Data: 2023 Update (IMF staff estimates; published Aug 2023, so 2023 and later values were estimated before the year ended)",https://climatedata.imf.org/datasets/d48cfd2124954fb0900cef95f2db2724_0,2026-10-06
FI,Fossil Fuel Subsidies - Total Implicit and Explicit,2020,0.722217524836981,"Black et al. 2023, IMF Fossil Fuel Subsidies Data: 2023 Update (IMF staff estimates; published Aug 2023, so 2023 and later values were estimated before the year ended)",https://climatedata.imf.org/datasets/d48cfd2124954fb0900cef95f2db2724_0,2026-10-06
FI,Fossil Fuel Subsidies - Total Implicit and Explicit,2021,0.608043990191043,"Black et al. 2023, IMF Fossil Fuel Subsidies Data: 2023 Update (IMF staff estimates; published Aug 2023, so 2023 and later values were estimated before the year ended)",https://climatedata.imf.org/datasets/d48cfd2124954fb0900cef95f2db2724_0,2026-10-06
FI,Fossil Fuel Subsidies - Total Implicit and Explicit,2022,0.53042782712797,"Black et al. 2023, IMF Fossil Fuel Subsidies Data: 2023 Update (IMF staff estimates; published Aug 2023, so 2023 and later values were estimated before the year ended)",https://climatedata.imf.org/datasets/d48cfd2124954fb0900cef95f2db2724_0,2026-10-06
FI,Fossil Fuel Subsidies - Total Implicit and Explicit,2023,0.544485023266929,"Black et al. 2023, IMF Fossil Fuel Subsidies Data: 2023 Update (IMF staff estimates; published Aug 2023, so 2023 and later values were estimated before the year ended)",https://climatedata.imf.org/datasets/d48cfd2124954fb0900cef95f2db2724_0,2026-10-06
FI,Fossil Fuel Subsidies - Total Implicit and Explicit,2024,0.543704482826902,"Black et al. 2023, IMF Fossil Fuel Subsidies Data: 2023 Update (IMF staff estimates; published Aug 2023, so 2023 and later values were estimated before the year ended)",https://climatedata.imf.org/datasets/d48cfd2124954fb0900cef95f2db2724_0,2026-10-06
FI,Fossil Fuel Subsidies - Total Implicit and Explicit,2025,0.529098527821649,"Black et al. 2023, IMF Fossil Fuel Subsidies Data: 2023 Update (IMF staff estimates; published Aug 2023, so 2023 and later values were estimated before the year ended)",https://climatedata.imf.org/datasets/d48cfd2124954fb0900cef95f2db2724_0,2026-10-06
FI,Implicit Fossil Fuel Subsidies - Total,2015,0.313590415006214,"Black et al. 2023, IMF Fossil Fuel Subsidies Data: 2023 Update (IMF staff estimates; published Aug 2023, so 2023 and later values were estimated before the year ended)",https://climatedata.imf.org/datasets/d48cfd2124954fb0900cef95f2db2724_0,2026-10-06
FI,Implicit Fossil Fuel Subsidies - Total,2016,0.346307348567015,"Black et al. 2023, IMF Fossil Fuel Subsidies Data: 2023 Update (IMF staff estimates; published Aug 2023, so 2023 and later values were estimated before the year ended)",https://climatedata.imf.org/datasets/d48cfd2124954fb0900cef95f2db2724_0,2026-10-06
FI,Implicit Fossil Fuel Subsidies - Total,2017,0.331968665198306,"Black et al. 2023, IMF Fossil Fuel Subsidies Data: 2023 Update (IMF staff estimates; published Aug 2023, so 2023 and later values were estimated before the year ended)",https://climatedata.imf.org/datasets/d48cfd2124954fb0900cef95f2db2724_0,2026-10-06
FI,Implicit Fossil Fuel Subsidies - Total,2018,0.29663548167308,"Black et al. 2023, IMF Fossil Fuel Subsidies Data: 2023 Update (IMF staff estimates; published Aug 2023, so 2023 and later values were estimated before the year ended)",https://climatedata.imf.org/datasets/d48cfd2124954fb0900cef95f2db2724_0,2026-10-06
FI,Implicit Fossil Fuel Subsidies - Total,2019,0.252374030348953,"Black et al. 2023, IMF Fossil Fuel Subsidies Data: 2023 Update (IMF staff estimates; published Aug 2023, so 2023 and later values were estimated before the year ended)",https://climatedata.imf.org/datasets/d48cfd2124954fb0900cef95f2db2724_0,2026-10-06
FI,Implicit Fossil Fuel Subsidies - Total,2020,0.208737775767301,"Black et al. 2023, IMF Fossil Fuel Subsidies Data: 2023 Update (IMF staff estimates; published Aug 2023, so 2023 and later values were estimated before the year ended)",https://climatedata.imf.org/datasets/d48cfd2124954fb0900cef95f2db2724_0,2026-10-06
FI,Implicit Fossil Fuel Subsidies - Total,2021,0.106296805428065,"Black et al. 2023, IMF Fossil Fuel Subsidies Data: 2023 Update (IMF staff estimates; published Aug 2023, so 2023 and later values were estimated before the year ended)",https://climatedata.imf.org/datasets/d48cfd2124954fb0900cef95f2db2724_0,2026-10-06
FI,Implicit Fossil Fuel Subsidies - Total,2022,0.0521176552097798,"Black et al. 2023, IMF Fossil Fuel Subsidies Data: 2023 Update (IMF staff estimates; published Aug 2023, so 2023 and later values were estimated before the year ended)",https://climatedata.imf.org/datasets/d48cfd2124954fb0900cef95f2db2724_0,2026-10-06
FI,Implicit Fossil Fuel Subsidies - Total,2023,0.0467406244772611,"Black et al. 2023, IMF Fossil Fuel Subsidies Data: 2023 Update (IMF staff estimates; published Aug 2023, so 2023 and later values were estimated before the year ended)",https://climatedata.imf.org/datasets/d48cfd2124954fb0900cef95f2db2724_0,2026-10-06
FI,Implicit Fossil Fuel Subsidies - Total,2024,0.0456469632967749,"Black et al. 2023, IMF Fossil Fuel Subsidies Data: 2023 Update (IMF staff estimates; published Aug 2023, so 2023 and later values were estimated before the year ended)",https://climatedata.imf.org/datasets/d48cfd2124954fb0900cef95f2db2724_0,2026-10-06
FI,Implicit Fossil Fuel Subsidies - Total,2025,0.0492347686914636,"Black et al. 2023, IMF Fossil Fuel Subsidies Data: 2023 Update (IMF staff estimates; published Aug 2023, so 2023 and later values were estimated before the year ended)",https://climatedata.imf.org/datasets/d48cfd2124954fb0900cef95f2db2724_0,2026-10-06
FR,Explicit Fossil Fuel Subsidies - Total,2015,0.053729674237237,"Black et al. 2023, IMF Fossil Fuel Subsidies Data: 2023 Update (IMF staff estimates; published Aug 2023, so 2023 and later values were estimated before the year ended)",https://climatedata.imf.org/datasets/d48cfd2124954fb0900cef95f2db2724_0,2026-10-06
FR,Explicit Fossil Fuel Subsidies - Total,2016,0.0057447829133606,"Black et al. 2023, IMF Fossil Fuel Subsidies Data: 2023 Update (IMF staff estimates; published Aug 2023, so 2023 and later values were estimated before the year ended)",https://climatedata.imf.org/datasets/d48cfd2124954fb0900cef95f2db2724_0,2026-10-06
FR,Explicit Fossil Fuel Subsidies - Total,2017,0.0058272797107752,"Black et al. 2023, IMF Fossil Fuel Subsidies Data: 2023 Update (IMF staff estimates; published Aug 2023, so 2023 and later values were estimated before the year ended)",https://climatedata.imf.org/datasets/d48cfd2124954fb0900cef95f2db2724_0,2026-10-06
FR,Explicit Fossil Fuel Subsidies - Total,2018,0.0071721963404363,"Black et al. 2023, IMF Fossil Fuel Subsidies Data: 2023 Update (IMF staff estimates; published Aug 2023, so 2023 and later values were estimated before the year ended)",https://climatedata.imf.org/datasets/d48cfd2124954fb0900cef95f2db2724_0,2026-10-06
FR,Explicit Fossil Fuel Subsidies - Total,2019,0.0055258768482702,"Black et al. 2023, IMF Fossil Fuel Subsidies Data: 2023 Update (IMF staff estimates; published Aug 2023, so 2023 and later values were estimated before the year ended)",https://climatedata.imf.org/datasets/d48cfd2124954fb0900cef95f2db2724_0,2026-10-06
FR,Explicit Fossil Fuel Subsidies - Total,2020,0.0051080869570475,"Black et al. 2023, IMF Fossil Fuel Subsidies Data: 2023 Update (IMF staff estimates; published Aug 2023, so 2023 and later values were estimated before the year ended)",https://climatedata.imf.org/datasets/d48cfd2124954fb0900cef95f2db2724_0,2026-10-06
FR,Explicit Fossil Fuel Subsidies - Total,2021,0.004502444776365,"Black et al. 2023, IMF Fossil Fuel Subsidies Data: 2023 Update (IMF staff estimates; published Aug 2023, so 2023 and later values were estimated before the year ended)",https://climatedata.imf.org/datasets/d48cfd2124954fb0900cef95f2db2724_0,2026-10-06
FR,Explicit Fossil Fuel Subsidies - Total,2022,0.582839702421635,"Black et al. 2023, IMF Fossil Fuel Subsidies Data: 2023 Update (IMF staff estimates; published Aug 2023, so 2023 and later values were estimated before the year ended)",https://climatedata.imf.org/datasets/d48cfd2124954fb0900cef95f2db2724_0,2026-10-06
FR,Explicit Fossil Fuel Subsidies - Total,2023,0.223402644826838,"Black et al. 2023, IMF Fossil Fuel Subsidies Data: 2023 Update (IMF staff estimates; published Aug 2023, so 2023 and later values were estimated before the year ended)",https://climatedata.imf.org/datasets/d48cfd2124954fb0900cef95f2db2724_0,2026-10-06
FR,Explicit Fossil Fuel Subsidies - Total,2024,0.136585021982316,"Black et al. 2023, IMF Fossil Fuel Subsidies Data: 2023 Update (IMF staff estimates; published Aug 2023, so 2023 and later values were estimated before the year ended)",https://climatedata.imf.org/datasets/d48cfd2124954fb0900cef95f2db2724_0,2026-10-06
FR,Explicit Fossil Fuel Subsidies - Total,2025,0.0895647212727969,"Black et al. 2023, IMF Fossil Fuel Subsidies Data: 2023 Update (IMF staff estimates; published Aug 2023, so 2023 and later values were estimated before the year ended)",https://climatedata.imf.org/datasets/d48cfd2124954fb0900cef95f2db2724_0,2026-10-06
FR,Fossil Fuel Subsidies - Total Implicit and Explicit,2015,1.74285145124635,"Black et al. 2023, IMF Fossil Fuel Subsidies Data: 2023 Update (IMF staff estimates; published Aug 2023, so 2023 and later values were estimated before the year ended)",https://climatedata.imf.org/datasets/d48cfd2124954fb0900cef95f2db2724_0,2026-10-06
FR,Fossil Fuel Subsidies - Total Implicit and Explicit,2016,1.13660276506969,"Black et al. 2023, IMF Fossil Fuel Subsidies Data: 2023 Update (IMF staff estimates; published Aug 2023, so 2023 and later values were estimated before the year ended)",https://climatedata.imf.org/datasets/d48cfd2124954fb0900cef95f2db2724_0,2026-10-06
FR,Fossil Fuel Subsidies - Total Implicit and Explicit,2017,0.931241385016437,"Black et al. 2023, IMF Fossil Fuel Subsidies Data: 2023 Update (IMF staff estimates; published Aug 2023, so 2023 and later values were estimated before the year ended)",https://climatedata.imf.org/datasets/d48cfd2124954fb0900cef95f2db2724_0,2026-10-06
FR,Fossil Fuel Subsidies - Total Implicit and Explicit,2018,0.448064636029565,"Black et al. 2023, IMF Fossil Fuel Subsidies Data: 2023 Update (IMF staff estimates; published Aug 2023, so 2023 and later values were estimated before the year ended)",https://climatedata.imf.org/datasets/d48cfd2124954fb0900cef95f2db2724_0,2026-10-06
FR,Fossil Fuel Subsidies - Total Implicit and Explicit,2019,0.770154224521775,"Black et al. 2023, IMF Fossil Fuel Subsidies Data: 2023 Update (IMF staff estimates; published Aug 2023, so 2023 and later values were estimated before the year ended)",https://climatedata.imf.org/datasets/d48cfd2124954fb0900cef95f2db2724_0,2026-10-06
FR,Fossil Fuel Subsidies - Total Implicit and Explicit,2020,0.532378069217172,"Black et al. 2023, IMF Fossil Fuel Subsidies Data: 2023 Update (IMF staff estimates; published Aug 2023, so 2023 and later values were estimated before the year ended)",https://climatedata.imf.org/datasets/d48cfd2124954fb0900cef95f2db2724_0,2026-10-06
FR,Fossil Fuel Subsidies - Total Implicit and Explicit,2021,1.0197670543652,"Black et al. 2023, IMF Fossil Fuel Subsidies Data: 2023 Update (IMF staff estimates; published Aug 2023, so 2023 and later values were estimated before the year ended)",https://climatedata.imf.org/datasets/d48cfd2124954fb0900cef95f2db2724_0,2026-10-06
FR,Fossil Fuel Subsidies - Total Implicit and Explicit,2022,2.08074480389968,"Black et al. 2023, IMF Fossil Fuel Subsidies Data: 2023 Update (IMF staff estimates; published Aug 2023, so 2023 and later values were estimated before the year ended)",https://climatedata.imf.org/datasets/d48cfd2124954fb0900cef95f2db2724_0,2026-10-06
FR,Fossil Fuel Subsidies - Total Implicit and Explicit,2023,1.4239153662515,"Black et al. 2023, IMF Fossil Fuel Subsidies Data: 2023 Update (IMF staff estimates; published Aug 2023, so 2023 and later values were estimated before the year ended)",https://climatedata.imf.org/datasets/d48cfd2124954fb0900cef95f2db2724_0,2026-10-06
FR,Fossil Fuel Subsidies - Total Implicit and Explicit,2024,1.25911121980313,"Black et al. 2023, IMF Fossil Fuel Subsidies Data: 2023 Update (IMF staff estimates; published Aug 2023, so 2023 and later values were estimated before the year ended)",https://climatedata.imf.org/datasets/d48cfd2124954fb0900cef95f2db2724_0,2026-10-06
FR,Fossil Fuel Subsidies - Total Implicit and Explicit,2025,1.18568190132652,"Black et al. 2023, IMF Fossil Fuel Subsidies Data: 2023 Update (IMF staff estimates; published Aug 2023, so 2023 and later values were estimated before the year ended)",https://climatedata.imf.org/datasets/d48cfd2124954fb0900cef95f2db2724_0,2026-10-06
FR,Implicit Fossil Fuel Subsidies - Total,2015,1.68912177704536,"Black et al. 2023, IMF Fossil Fuel Subsidies Data: 2023 Update (IMF staff estimates; published Aug 2023, so 2023 and later values were estimated before the year ended)",https://climatedata.imf.org/datasets/d48cfd2124954fb0900cef95f2db2724_0,2026-10-06
FR,Implicit Fossil Fuel Subsidies - Total,2016,1.13085798215633,"Black et al. 2023, IMF Fossil Fuel Subsidies Data: 2023 Update (IMF staff estimates; published Aug 2023, so 2023 and later values were estimated before the year ended)",https://climatedata.imf.org/datasets/d48cfd2124954fb0900cef95f2db2724_0,2026-10-06
FR,Implicit Fossil Fuel Subsidies - Total,2017,0.925414105305661,"Black et al. 2023, IMF Fossil Fuel Subsidies Data: 2023 Update (IMF staff estimates; published Aug 2023, so 2023 and later values were estimated before the year ended)",https://climatedata.imf.org/datasets/d48cfd2124954fb0900cef95f2db2724_0,2026-10-06
FR,Implicit Fossil Fuel Subsidies - Total,2018,0.440892439689129,"Black et al. 2023, IMF Fossil Fuel Subsidies Data: 2023 Update (IMF staff estimates; published Aug 2023, so 2023 and later values were estimated before the year ended)",https://climatedata.imf.org/datasets/d48cfd2124954fb0900cef95f2db2724_0,2026-10-06
FR,Implicit Fossil Fuel Subsidies - Total,2019,0.764628347837311,"Black et al. 2023, IMF Fossil Fuel Subsidies Data: 2023 Update (IMF staff estimates; published Aug 2023, so 2023 and later values were estimated before the year ended)",https://climatedata.imf.org/datasets/d48cfd2124954fb0900cef95f2db2724_0,2026-10-06
FR,Implicit Fossil Fuel Subsidies - Total,2020,0.527269982260125,"Black et al. 2023, IMF Fossil Fuel Subsidies Data: 2023 Update (IMF staff estimates; published Aug 2023, so 2023 and later values were estimated before the year ended)",https://climatedata.imf.org/datasets/d48cfd2124954fb0900cef95f2db2724_0,2026-10-06
FR,Implicit Fossil Fuel Subsidies - Total,2021,1.01526460966213,"Black et al. 2023, IMF Fossil Fuel Subsidies Data: 2023 Update (IMF staff estimates; published Aug 2023, so 2023 and later values were estimated before the year ended)",https://climatedata.imf.org/datasets/d48cfd2124954fb0900cef95f2db2724_0,2026-10-06
FR,Implicit Fossil Fuel Subsidies - Total,2022,1.49790510115305,"Black et al. 2023, IMF Fossil Fuel Subsidies Data: 2023 Update (IMF staff estimates; published Aug 2023, so 2023 and later values were estimated before the year ended)",https://climatedata.imf.org/datasets/d48cfd2124954fb0900cef95f2db2724_0,2026-10-06
FR,Implicit Fossil Fuel Subsidies - Total,2023,1.20051272142466,"Black et al. 2023, IMF Fossil Fuel Subsidies Data: 2023 Update (IMF staff estimates; published Aug 2023, so 2023 and later values were estimated before the year ended)",https://climatedata.imf.org/datasets/d48cfd2124954fb0900cef95f2db2724_0,2026-10-06
FR,Implicit Fossil Fuel Subsidies - Total,2024,1.12252619804335,"Black et al. 2023, IMF Fossil Fuel Subsidies Data: 2023 Update (IMF staff estimates; published Aug 2023, so 2023 and later values were estimated before the year ended)",https://climatedata.imf.org/datasets/d48cfd2124954fb0900cef95f2db2724_0,2026-10-06
FR,Implicit Fossil Fuel Subsidies - Total,2025,1.0961171801474,"Black et al. 2023, IMF Fossil Fuel Subsidies Data: 2023 Update (IMF staff estimates; published Aug 2023, so 2023 and later values were estimated before the year ended)",https://climatedata.imf.org/datasets/d48cfd2124954fb0900cef95f2db2724_0,2026-10-06
DE,Explicit Fossil Fuel Subsidies - Total,2015,0.0934586114041623,"Black et al. 2023, IMF Fossil Fuel Subsidies Data: 2023 Update (IMF staff estimates; published Aug 2023, so 2023 and later values were estimated before the year ended)",https://climatedata.imf.org/datasets/d48cfd2124954fb0900cef95f2db2724_0,2026-10-06
DE,Explicit Fossil Fuel Subsidies - Total,2016,0.0972921319467861,"Black et al. 2023, IMF Fossil Fuel Subsidies Data: 2023 Update (IMF staff estimates; published Aug 2023, so 2023 and later values were estimated before the year ended)",https://climatedata.imf.org/datasets/d48cfd2124954fb0900cef95f2db2724_0,2026-10-06
DE,Explicit Fossil Fuel Subsidies - Total,2017,0.0843204417196227,"Black et al. 2023, IMF Fossil Fuel Subsidies Data: 2023 Update (IMF staff estimates; published Aug 2023, so 2023 and later values were estimated before the year ended)",https://climatedata.imf.org/datasets/d48cfd2124954fb0900cef95f2db2724_0,2026-10-06
DE,Explicit Fossil Fuel Subsidies - Total,2018,0.0800147175386557,"Black et al. 2023, IMF Fossil Fuel Subsidies Data: 2023 Update (IMF staff estimates; published Aug 2023, so 2023 and later values were estimated before the year ended)",https://climatedata.imf.org/datasets/d48cfd2124954fb0900cef95f2db2724_0,2026-10-06
DE,Explicit Fossil Fuel Subsidies - Total,2019,0.0392439248055181,"Black et al. 2023, IMF Fossil Fuel Subsidies Data: 2023 Update (IMF staff estimates; published Aug 2023, so 2023 and later values were estimated before the year ended)",https://climatedata.imf.org/datasets/d48cfd2124954fb0900cef95f2db2724_0,2026-10-06
DE,Explicit Fossil Fuel Subsidies - Total,2020,0.0708895835425628,"Black et al. 2023, IMF Fossil Fuel Subsidies Data: 2023 Update (IMF staff estimates; published Aug 2023, so 2023 and later values were estimated before the year ended)",https://climatedata.imf.org/datasets/d48cfd2124954fb0900cef95f2db2724_0,2026-10-06
DE,Explicit Fossil Fuel Subsidies - Total,2021,0.0160775870874324,"Black et al. 2023, IMF Fossil Fuel Subsidies Data: 2023 Update (IMF staff estimates; published Aug 2023, so 2023 and later values were estimated before the year ended)",https://climatedata.imf.org/datasets/d48cfd2124954fb0900cef95f2db2724_0,2026-10-06
DE,Explicit Fossil Fuel Subsidies - Total,2022,1.00310374878266,"Black et al. 2023, IMF Fossil Fuel Subsidies Data: 2023 Update (IMF staff estimates; published Aug 2023, so 2023 and later values were estimated before the year ended)",https://climatedata.imf.org/datasets/d48cfd2124954fb0900cef95f2db2724_0,2026-10-06
DE,Explicit Fossil Fuel Subsidies - Total,2023,0.664753122083133,"Black et al. 2023, IMF Fossil Fuel Subsidies Data: 2023 Update (IMF staff estimates; published Aug 2023, so 2023 and later values were estimated before the year ended)",https://climatedata.imf.org/datasets/d48cfd2124954fb0900cef95f2db2724_0,2026-10-06
DE,Explicit Fossil Fuel Subsidies - Total,2024,0.509398030960963,"Black et al. 2023, IMF Fossil Fuel Subsidies Data: 2023 Update (IMF staff estimates; published Aug 2023, so 2023 and later values were estimated before the year ended)",https://climatedata.imf.org/datasets/d48cfd2124954fb0900cef95f2db2724_0,2026-10-06
DE,Explicit Fossil Fuel Subsidies - Total,2025,0.374612881551119,"Black et al. 2023, IMF Fossil Fuel Subsidies Data: 2023 Update (IMF staff estimates; published Aug 2023, so 2023 and later values were estimated before the year ended)",https://climatedata.imf.org/datasets/d48cfd2124954fb0900cef95f2db2724_0,2026-10-06
DE,Fossil Fuel Subsidies - Total Implicit and Explicit,2015,2.10949675102677,"Black et al. 2023, IMF Fossil Fuel Subsidies Data: 2023 Update (IMF staff estimates; published Aug 2023, so 2023 and later values were estimated before the year ended)",https://climatedata.imf.org/datasets/d48cfd2124954fb0900cef95f2db2724_0,2026-10-06
DE,Fossil Fuel Subsidies - Total Implicit and Explicit,2016,1.96326379715581,"Black et al. 2023, IMF Fossil Fuel Subsidies Data: 2023 Update (IMF staff estimates; published Aug 2023, so 2023 and later values were estimated before the year ended)",https://climatedata.imf.org/datasets/d48cfd2124954fb0900cef95f2db2724_0,2026-10-06
DE,Fossil Fuel Subsidies - Total Implicit and Explicit,2017,1.95029028290265,"Black et al. 2023, IMF Fossil Fuel Subsidies Data: 2023 Update (IMF staff estimates; published Aug 2023, so 2023 and later values were estimated before the year ended)",https://climatedata.imf.org/datasets/d48cfd2124954fb0900cef95f2db2724_0,2026-10-06
DE,Fossil Fuel Subsidies - Total Implicit and Explicit,2018,1.87376268113209,"Black et al. 2023, IMF Fossil Fuel Subsidies Data: 2023 Update (IMF staff estimates; published Aug 2023, so 2023 and later values were estimated before the year ended)",https://climatedata.imf.org/datasets/d48cfd2124954fb0900cef95f2db2724_0,2026-10-06
DE,Fossil Fuel Subsidies - Total Implicit and Explicit,2019,1.87883603192242,"Black et al. 2023, IMF Fossil Fuel Subsidies Data: 2023 Update (IMF staff estimates; published Aug 2023, so 2023 and later values were estimated before the year ended)",https://climatedata.imf.org/datasets/d48cfd2124954fb0900cef95f2db2724_0,2026-10-06
DE,Fossil Fuel Subsidies - Total Implicit and Explicit,2020,1.64482527110712,"Black et al. 2023, IMF Fossil Fuel Subsidies Data: 2023 Update (IMF staff estimates; published Aug 2023, so 2023 and later values were estimated before the year ended)",https://climatedata.imf.org/datasets/d48cfd2124954fb0900cef95f2db2724_0,2026-10-06
DE,Fossil Fuel Subsidies - Total Implicit and Explicit,2021,1.64398147998648,"Black et al. 2023, IMF Fossil Fuel Subsidies Data: 2023 Update (IMF staff estimates; published Aug 2023, so 2023 and later values were estimated before the year ended)",https://climatedata.imf.org/datasets/d48cfd2124954fb0900cef95f2db2724_0,2026-10-06
DE,Fossil Fuel Subsidies - Total Implicit and Explicit,2022,2.98538004574933,"Black et al. 2023, IMF Fossil Fuel Subsidies Data: 2023 Update (IMF staff estimates; published Aug 2023, so 2023 and later values were estimated before the year ended)",https://climatedata.imf.org/datasets/d48cfd2124954fb0900cef95f2db2724_0,2026-10-06
DE,Fossil Fuel Subsidies - Total Implicit and Explicit,2023,2.63410008513455,"Black et al. 2023, IMF Fossil Fuel Subsidies Data: 2023 Update (IMF staff estimates; published Aug 2023, so 2023 and later values were estimated before the year ended)",https://climatedata.imf.org/datasets/d48cfd2124954fb0900cef95f2db2724_0,2026-10-06
DE,Fossil Fuel Subsidies - Total Implicit and Explicit,2024,2.4873322727115,"Black et al. 2023, IMF Fossil Fuel Subsidies Data: 2023 Update (IMF staff estimates; published Aug 2023, so 2023 and later values were estimated before the year ended)",https://climatedata.imf.org/datasets/d48cfd2124954fb0900cef95f2db2724_0,2026-10-06
DE,Fossil Fuel Subsidies - Total Implicit and Explicit,2025,2.38089043309704,"Black et al. 2023, IMF Fossil Fuel Subsidies Data: 2023 Update (IMF staff estimates; published Aug 2023, so 2023 and later values were estimated before the year ended)",https://climatedata.imf.org/datasets/d48cfd2124954fb0900cef95f2db2724_0,2026-10-06
DE,Implicit Fossil Fuel Subsidies - Total,2015,2.01603813962261,"Black et al. 2023, IMF Fossil Fuel Subsidies Data: 2023 Update (IMF staff estimates; published Aug 2023, so 2023 and later values were estimated before the year ended)",https://climatedata.imf.org/datasets/d48cfd2124954fb0900cef95f2db2724_0,2026-10-06
DE,Implicit Fossil Fuel Subsidies - Total,2016,1.86597166520903,"Black et al. 2023, IMF Fossil Fuel Subsidies Data: 2023 Update (IMF staff estimates; published Aug 2023, so 2023 and later values were estimated before the year ended)",https://climatedata.imf.org/datasets/d48cfd2124954fb0900cef95f2db2724_0,2026-10-06
DE,Implicit Fossil Fuel Subsidies - Total,2017,1.86596984118303,"Black et al. 2023, IMF Fossil Fuel Subsidies Data: 2023 Update (IMF staff estimates; published Aug 2023, so 2023 and later values were estimated before the year ended)",https://climatedata.imf.org/datasets/d48cfd2124954fb0900cef95f2db2724_0,2026-10-06
DE,Implicit Fossil Fuel Subsidies - Total,2018,1.79374796359344,"Black et al. 2023, IMF Fossil Fuel Subsidies Data: 2023 Update (IMF staff estimates; published Aug 2023, so 2023 and later values were estimated before the year ended)",https://climatedata.imf.org/datasets/d48cfd2124954fb0900cef95f2db2724_0,2026-10-06
DE,Implicit Fossil Fuel Subsidies - Total,2019,1.83959210725607,"Black et al. 2023, IMF Fossil Fuel Subsidies Data: 2023 Update (IMF staff estimates; published Aug 2023, so 2023 and later values were estimated before the year ended)",https://climatedata.imf.org/datasets/d48cfd2124954fb0900cef95f2db2724_0,2026-10-06
DE,Implicit Fossil Fuel Subsidies - Total,2020,1.57393568763681,"Black et al. 2023, IMF Fossil Fuel Subsidies Data: 2023 Update (IMF staff estimates; published Aug 2023, so 2023 and later values were estimated before the year ended)",https://climatedata.imf.org/datasets/d48cfd2124954fb0900cef95f2db2724_0,2026-10-06
DE,Implicit Fossil Fuel Subsidies - Total,2021,1.62790389287324,"Black et al. 2023, IMF Fossil Fuel Subsidies Data: 2023 Update (IMF staff estimates; published Aug 2023, so 2023 and later values were estimated before the year ended)",https://climatedata.imf.org/datasets/d48cfd2124954fb0900cef95f2db2724_0,2026-10-06
DE,Implicit Fossil Fuel Subsidies - Total,2022,1.98227629719777,"Black et al. 2023, IMF Fossil Fuel Subsidies Data: 2023 Update (IMF staff estimates; published Aug 2023, so 2023 and later values were estimated before the year ended)",https://climatedata.imf.org/datasets/d48cfd2124954fb0900cef95f2db2724_0,2026-10-06
DE,Implicit Fossil Fuel Subsidies - Total,2023,1.9693469632832,"Black et al. 2023, IMF Fossil Fuel Subsidies Data: 2023 Update (IMF staff estimates; published Aug 2023, so 2023 and later values were estimated before the year ended)",https://climatedata.imf.org/datasets/d48cfd2124954fb0900cef95f2db2724_0,2026-10-06
DE,Implicit Fossil Fuel Subsidies - Total,2024,1.97793424266394,"Black et al. 2023, IMF Fossil Fuel Subsidies Data: 2023 Update (IMF staff estimates; published Aug 2023, so 2023 and later values were estimated before the year ended)",https://climatedata.imf.org/datasets/d48cfd2124954fb0900cef95f2db2724_0,2026-10-06
DE,Implicit Fossil Fuel Subsidies - Total,2025,2.00627755221649,"Black et al. 2023, IMF Fossil Fuel Subsidies Data: 2023 Update (IMF staff estimates; published Aug 2023, so 2023 and later values were estimated before the year ended)",https://climatedata.imf.org/datasets/d48cfd2124954fb0900cef95f2db2724_0,2026-10-06
EL,Explicit Fossil Fuel Subsidies - Total,2015,0.0136027745131644,"Black et al. 2023, IMF Fossil Fuel Subsidies Data: 2023 Update (IMF staff estimates; published Aug 2023, so 2023 and later values were estimated before the year ended)",https://climatedata.imf.org/datasets/d48cfd2124954fb0900cef95f2db2724_0,2026-10-06
EL,Explicit Fossil Fuel Subsidies - Total,2016,0.013471560713783,"Black et al. 2023, IMF Fossil Fuel Subsidies Data: 2023 Update (IMF staff estimates; published Aug 2023, so 2023 and later values were estimated before the year ended)",https://climatedata.imf.org/datasets/d48cfd2124954fb0900cef95f2db2724_0,2026-10-06
EL,Explicit Fossil Fuel Subsidies - Total,2017,0.106325829130828,"Black et al. 2023, IMF Fossil Fuel Subsidies Data: 2023 Update (IMF staff estimates; published Aug 2023, so 2023 and later values were estimated before the year ended)",https://climatedata.imf.org/datasets/d48cfd2124954fb0900cef95f2db2724_0,2026-10-06
EL,Explicit Fossil Fuel Subsidies - Total,2018,0.394860766795668,"Black et al. 2023, IMF Fossil Fuel Subsidies Data: 2023 Update (IMF staff estimates; published Aug 2023, so 2023 and later values were estimated before the year ended)",https://climatedata.imf.org/datasets/d48cfd2124954fb0900cef95f2db2724_0,2026-10-06
EL,Explicit Fossil Fuel Subsidies - Total,2019,0.880511084020196,"Black et al. 2023, IMF Fossil Fuel Subsidies Data: 2023 Update (IMF staff estimates; published Aug 2023, so 2023 and later values were estimated before the year ended)",https://climatedata.imf.org/datasets/d48cfd2124954fb0900cef95f2db2724_0,2026-10-06
EL,Explicit Fossil Fuel Subsidies - Total,2020,0.858411448560451,"Black et al. 2023, IMF Fossil Fuel Subsidies Data: 2023 Update (IMF staff estimates; published Aug 2023, so 2023 and later values were estimated before the year ended)",https://climatedata.imf.org/datasets/d48cfd2124954fb0900cef95f2db2724_0,2026-10-06
EL,Explicit Fossil Fuel Subsidies - Total,2021,0.854731076377487,"Black et al. 2023, IMF Fossil Fuel Subsidies Data: 2023 Update (IMF staff estimates; published Aug 2023, so 2023 and later values were estimated before the year ended)",https://climatedata.imf.org/datasets/d48cfd2124954fb0900cef95f2db2724_0,2026-10-06
EL,Explicit Fossil Fuel Subsidies - Total,2022,0.916514419191184,"Black et al. 2023, IMF Fossil Fuel Subsidies Data: 2023 Update (IMF staff estimates; published Aug 2023, so 2023 and later values were estimated before the year ended)",https://climatedata.imf.org/datasets/d48cfd2124954fb0900cef95f2db2724_0,2026-10-06
EL,Explicit Fossil Fuel Subsidies - Total,2023,0.78693688687768,"Black et al. 2023, IMF Fossil Fuel Subsidies Data: 2023 Update (IMF staff estimates; published Aug 2023, so 2023 and later values were estimated before the year ended)",https://climatedata.imf.org/datasets/d48cfd2124954fb0900cef95f2db2724_0,2026-10-06
EL,Explicit Fossil Fuel Subsidies - Total,2024,0.779486817416214,"Black et al. 2023, IMF Fossil Fuel Subsidies Data: 2023 Update (IMF staff estimates; published Aug 2023, so 2023 and later values were estimated before the year ended)",https://climatedata.imf.org/datasets/d48cfd2124954fb0900cef95f2db2724_0,2026-10-06
EL,Explicit Fossil Fuel Subsidies - Total,2025,0.754922253834395,"Black et al. 2023, IMF Fossil Fuel Subsidies Data: 2023 Update (IMF staff estimates; published Aug 2023, so 2023 and later values were estimated before the year ended)",https://climatedata.imf.org/datasets/d48cfd2124954fb0900cef95f2db2724_0,2026-10-06
EL,Fossil Fuel Subsidies - Total Implicit and Explicit,2015,3.07995155153552,"Black et al. 2023, IMF Fossil Fuel Subsidies Data: 2023 Update (IMF staff estimates; published Aug 2023, so 2023 and later values were estimated before the year ended)",https://climatedata.imf.org/datasets/d48cfd2124954fb0900cef95f2db2724_0,2026-10-06
EL,Fossil Fuel Subsidies - Total Implicit and Explicit,2016,2.52650798394707,"Black et al. 2023, IMF Fossil Fuel Subsidies Data: 2023 Update (IMF staff estimates; published Aug 2023, so 2023 and later values were estimated before the year ended)",https://climatedata.imf.org/datasets/d48cfd2124954fb0900cef95f2db2724_0,2026-10-06
EL,Fossil Fuel Subsidies - Total Implicit and Explicit,2017,2.37471472641789,"Black et al. 2023, IMF Fossil Fuel Subsidies Data: 2023 Update (IMF staff estimates; published Aug 2023, so 2023 and later values were estimated before the year ended)",https://climatedata.imf.org/datasets/d48cfd2124954fb0900cef95f2db2724_0,2026-10-06
EL,Fossil Fuel Subsidies - Total Implicit and Explicit,2018,2.48548620419217,"Black et al. 2023, IMF Fossil Fuel Subsidies Data: 2023 Update (IMF staff estimates; published Aug 2023, so 2023 and later values were estimated before the year ended)",https://climatedata.imf.org/datasets/d48cfd2124954fb0900cef95f2db2724_0,2026-10-06
EL,Fossil Fuel Subsidies - Total Implicit and Explicit,2019,3.32063768221637,"Black et al. 2023, IMF Fossil Fuel Subsidies Data: 2023 Update (IMF staff estimates; published Aug 2023, so 2023 and later values were estimated before the year ended)",https://climatedata.imf.org/datasets/d48cfd2124954fb0900cef95f2db2724_0,2026-10-06
EL,Fossil Fuel Subsidies - Total Implicit and Explicit,2020,2.62818314423943,"Black et al. 2023, IMF Fossil Fuel Subsidies Data: 2023 Update (IMF staff estimates; published Aug 2023, so 2023 and later values were estimated before the year ended)",https://climatedata.imf.org/datasets/d48cfd2124954fb0900cef95f2db2724_0,2026-10-06
EL,Fossil Fuel Subsidies - Total Implicit and Explicit,2021,3.33951091876272,"Black et al. 2023, IMF Fossil Fuel Subsidies Data: 2023 Update (IMF staff estimates; published Aug 2023, so 2023 and later values were estimated before the year ended)",https://climatedata.imf.org/datasets/d48cfd2124954fb0900cef95f2db2724_0,2026-10-06
EL,Fossil Fuel Subsidies - Total Implicit and Explicit,2022,4.07966432034693,"Black et al. 2023, IMF Fossil Fuel Subsidies Data: 2023 Update (IMF staff estimates; published Aug 2023, so 2023 and later values were estimated before the year ended)",https://climatedata.imf.org/datasets/d48cfd2124954fb0900cef95f2db2724_0,2026-10-06
EL,Fossil Fuel Subsidies - Total Implicit and Explicit,2023,3.43456459863712,"Black et al. 2023, IMF Fossil Fuel Subsidies Data: 2023 Update (IMF staff estimates; published Aug 2023, so 2023 and later values were estimated before the year ended)",https://climatedata.imf.org/datasets/d48cfd2124954fb0900cef95f2db2724_0,2026-10-06
EL,Fossil Fuel Subsidies - Total Implicit and Explicit,2024,3.26796563446436,"Black et al. 2023, IMF Fossil Fuel Subsidies Data: 2023 Update (IMF staff estimates; published Aug 2023, so 2023 and later values were estimated before the year ended)",https://climatedata.imf.org/datasets/d48cfd2124954fb0900cef95f2db2724_0,2026-10-06
EL,Fossil Fuel Subsidies - Total Implicit and Explicit,2025,3.2078183343616,"Black et al. 2023, IMF Fossil Fuel Subsidies Data: 2023 Update (IMF staff estimates; published Aug 2023, so 2023 and later values were estimated before the year ended)",https://climatedata.imf.org/datasets/d48cfd2124954fb0900cef95f2db2724_0,2026-10-06
EL,Implicit Fossil Fuel Subsidies - Total,2015,3.06634877704947,"Black et al. 2023, IMF Fossil Fuel Subsidies Data: 2023 Update (IMF staff estimates; published Aug 2023, so 2023 and later values were estimated before the year ended)",https://climatedata.imf.org/datasets/d48cfd2124954fb0900cef95f2db2724_0,2026-10-06
EL,Implicit Fossil Fuel Subsidies - Total,2016,2.51303642332581,"Black et al. 2023, IMF Fossil Fuel Subsidies Data: 2023 Update (IMF staff estimates; published Aug 2023, so 2023 and later values were estimated before the year ended)",https://climatedata.imf.org/datasets/d48cfd2124954fb0900cef95f2db2724_0,2026-10-06
EL,Implicit Fossil Fuel Subsidies - Total,2017,2.26838889705924,"Black et al. 2023, IMF Fossil Fuel Subsidies Data: 2023 Update (IMF staff estimates; published Aug 2023, so 2023 and later values were estimated before the year ended)",https://climatedata.imf.org/datasets/d48cfd2124954fb0900cef95f2db2724_0,2026-10-06
EL,Implicit Fossil Fuel Subsidies - Total,2018,2.09062543730863,"Black et al. 2023, IMF Fossil Fuel Subsidies Data: 2023 Update (IMF staff estimates; published Aug 2023, so 2023 and later values were estimated before the year ended)",https://climatedata.imf.org/datasets/d48cfd2124954fb0900cef95f2db2724_0,2026-10-06
EL,Implicit Fossil Fuel Subsidies - Total,2019,2.44012659819618,"Black et al. 2023, IMF Fossil Fuel Subsidies Data: 2023 Update (IMF staff estimates; published Aug 2023, so 2023 and later values were estimated before the year ended)",https://climatedata.imf.org/datasets/d48cfd2124954fb0900cef95f2db2724_0,2026-10-06
EL,Implicit Fossil Fuel Subsidies - Total,2020,1.76977169567898,"Black et al. 2023, IMF Fossil Fuel Subsidies Data: 2023 Update (IMF staff estimates; published Aug 2023, so 2023 and later values were estimated before the year ended)",https://climatedata.imf.org/datasets/d48cfd2124954fb0900cef95f2db2724_0,2026-10-06
EL,Implicit Fossil Fuel Subsidies - Total,2021,2.48477984194742,"Black et al. 2023, IMF Fossil Fuel Subsidies Data: 2023 Update (IMF staff estimates; published Aug 2023, so 2023 and later values were estimated before the year ended)",https://climatedata.imf.org/datasets/d48cfd2124954fb0900cef95f2db2724_0,2026-10-06
EL,Implicit Fossil Fuel Subsidies - Total,2022,3.16314990115575,"Black et al. 2023, IMF Fossil Fuel Subsidies Data: 2023 Update (IMF staff estimates; published Aug 2023, so 2023 and later values were estimated before the year ended)",https://climatedata.imf.org/datasets/d48cfd2124954fb0900cef95f2db2724_0,2026-10-06
EL,Implicit Fossil Fuel Subsidies - Total,2023,2.64762771216822,"Black et al. 2023, IMF Fossil Fuel Subsidies Data: 2023 Update (IMF staff estimates; published Aug 2023, so 2023 and later values were estimated before the year ended)",https://climatedata.imf.org/datasets/d48cfd2124954fb0900cef95f2db2724_0,2026-10-06
EL,Implicit Fossil Fuel Subsidies - Total,2024,2.48847881704814,"Black et al. 2023, IMF Fossil Fuel Subsidies Data: 2023 Update (IMF staff estimates; published Aug 2023, so 2023 and later values were estimated before the year ended)",https://climatedata.imf.org/datasets/d48cfd2124954fb0900cef95f2db2724_0,2026-10-06
EL,Implicit Fossil Fuel Subsidies - Total,2025,2.45289608052721,"Black et al. 2023, IMF Fossil Fuel Subsidies Data: 2023 Update (IMF staff estimates; published Aug 2023, so 2023 and later values were estimated before the year ended)",https://climatedata.imf.org/datasets/d48cfd2124954fb0900cef95f2db2724_0,2026-10-06
HU,Explicit Fossil Fuel Subsidies - Total,2015,0.635517015745606,"Black et al. 2023, IMF Fossil Fuel Subsidies Data: 2023 Update (IMF staff estimates; published Aug 2023, so 2023 and later values were estimated before the year ended)",https://climatedata.imf.org/datasets/d48cfd2124954fb0900cef95f2db2724_0,2026-10-06
HU,Explicit Fossil Fuel Subsidies - Total,2016,0.426732919263009,"Black et al. 2023, IMF Fossil Fuel Subsidies Data: 2023 Update (IMF staff estimates; published Aug 2023, so 2023 and later values were estimated before the year ended)",https://climatedata.imf.org/datasets/d48cfd2124954fb0900cef95f2db2724_0,2026-10-06
HU,Explicit Fossil Fuel Subsidies - Total,2017,0.461815586389497,"Black et al. 2023, IMF Fossil Fuel Subsidies Data: 2023 Update (IMF staff estimates; published Aug 2023, so 2023 and later values were estimated before the year ended)",https://climatedata.imf.org/datasets/d48cfd2124954fb0900cef95f2db2724_0,2026-10-06
HU,Explicit Fossil Fuel Subsidies - Total,2018,1.4031080193271,"Black et al. 2023, IMF Fossil Fuel Subsidies Data: 2023 Update (IMF staff estimates; published Aug 2023, so 2023 and later values were estimated before the year ended)",https://climatedata.imf.org/datasets/d48cfd2124954fb0900cef95f2db2724_0,2026-10-06
HU,Explicit Fossil Fuel Subsidies - Total,2019,0.682391938384679,"Black et al. 2023, IMF Fossil Fuel Subsidies Data: 2023 Update (IMF staff estimates; published Aug 2023, so 2023 and later values were estimated before the year ended)",https://climatedata.imf.org/datasets/d48cfd2124954fb0900cef95f2db2724_0,2026-10-06
HU,Explicit Fossil Fuel Subsidies - Total,2020,0.658847597466736,"Black et al. 2023, IMF Fossil Fuel Subsidies Data: 2023 Update (IMF staff estimates; published Aug 2023, so 2023 and later values were estimated before the year ended)",https://climatedata.imf.org/datasets/d48cfd2124954fb0900cef95f2db2724_0,2026-10-06
HU,Explicit Fossil Fuel Subsidies - Total,2021,1.43436011317029,"Black et al. 2023, IMF Fossil Fuel Subsidies Data: 2023 Update (IMF staff estimates; published Aug 2023, so 2023 and later values were estimated before the year ended)",https://climatedata.imf.org/datasets/d48cfd2124954fb0900cef95f2db2724_0,2026-10-06
HU,Explicit Fossil Fuel Subsidies - Total,2022,3.4968959287584,"Black et al. 2023, IMF Fossil Fuel Subsidies Data: 2023 Update (IMF staff estimates; published Aug 2023, so 2023 and later values were estimated before the year ended)",https://climatedata.imf.org/datasets/d48cfd2124954fb0900cef95f2db2724_0,2026-10-06
HU,Explicit Fossil Fuel Subsidies - Total,2023,2.34012560742574,"Black et al. 2023, IMF Fossil Fuel Subsidies Data: 2023 Update (IMF staff estimates; published Aug 2023, so 2023 and later values were estimated before the year ended)",https://climatedata.imf.org/datasets/d48cfd2124954fb0900cef95f2db2724_0,2026-10-06
HU,Explicit Fossil Fuel Subsidies - Total,2024,1.97187543246146,"Black et al. 2023, IMF Fossil Fuel Subsidies Data: 2023 Update (IMF staff estimates; published Aug 2023, so 2023 and later values were estimated before the year ended)",https://climatedata.imf.org/datasets/d48cfd2124954fb0900cef95f2db2724_0,2026-10-06
HU,Explicit Fossil Fuel Subsidies - Total,2025,1.69696627240075,"Black et al. 2023, IMF Fossil Fuel Subsidies Data: 2023 Update (IMF staff estimates; published Aug 2023, so 2023 and later values were estimated before the year ended)",https://climatedata.imf.org/datasets/d48cfd2124954fb0900cef95f2db2724_0,2026-10-06
HU,Fossil Fuel Subsidies - Total Implicit and Explicit,2015,2.86605596284813,"Black et al. 2023, IMF Fossil Fuel Subsidies Data: 2023 Update (IMF staff estimates; published Aug 2023, so 2023 and later values were estimated before the year ended)",https://climatedata.imf.org/datasets/d48cfd2124954fb0900cef95f2db2724_0,2026-10-06
HU,Fossil Fuel Subsidies - Total Implicit and Explicit,2016,2.44816875505275,"Black et al. 2023, IMF Fossil Fuel Subsidies Data: 2023 Update (IMF staff estimates; published Aug 2023, so 2023 and later values were estimated before the year ended)",https://climatedata.imf.org/datasets/d48cfd2124954fb0900cef95f2db2724_0,2026-10-06
HU,Fossil Fuel Subsidies - Total Implicit and Explicit,2017,2.51057639900442,"Black et al. 2023, IMF Fossil Fuel Subsidies Data: 2023 Update (IMF staff estimates; published Aug 2023, so 2023 and later values were estimated before the year ended)",https://climatedata.imf.org/datasets/d48cfd2124954fb0900cef95f2db2724_0,2026-10-06
HU,Fossil Fuel Subsidies - Total Implicit and Explicit,2018,4.41640287093948,"Black et al. 2023, IMF Fossil Fuel Subsidies Data: 2023 Update (IMF staff estimates; published Aug 2023, so 2023 and later values were estimated before the year ended)",https://climatedata.imf.org/datasets/d48cfd2124954fb0900cef95f2db2724_0,2026-10-06
HU,Fossil Fuel Subsidies - Total Implicit and Explicit,2019,4.10397177130169,"Black et al. 2023, IMF Fossil Fuel Subsidies Data: 2023 Update (IMF staff estimates; published Aug 2023, so 2023 and later values were estimated before the year ended)",https://climatedata.imf.org/datasets/d48cfd2124954fb0900cef95f2db2724_0,2026-10-06
HU,Fossil Fuel Subsidies - Total Implicit and Explicit,2020,3.49771530532799,"Black et al. 2023, IMF Fossil Fuel Subsidies Data: 2023 Update (IMF staff estimates; published Aug 2023, so 2023 and later values were estimated before the year ended)",https://climatedata.imf.org/datasets/d48cfd2124954fb0900cef95f2db2724_0,2026-10-06
HU,Fossil Fuel Subsidies - Total Implicit and Explicit,2021,5.1747452930709,"Black et al. 2023, IMF Fossil Fuel Subsidies Data: 2023 Update (IMF staff estimates; published Aug 2023, so 2023 and later values were estimated before the year ended)",https://climatedata.imf.org/datasets/d48cfd2124954fb0900cef95f2db2724_0,2026-10-06
HU,Fossil Fuel Subsidies - Total Implicit and Explicit,2022,9.11851153313145,"Black et al. 2023, IMF Fossil Fuel Subsidies Data: 2023 Update (IMF staff estimates; published Aug 2023, so 2023 and later values were estimated before the year ended)",https://climatedata.imf.org/datasets/d48cfd2124954fb0900cef95f2db2724_0,2026-10-06
HU,Fossil Fuel Subsidies - Total Implicit and Explicit,2023,6.66410784674569,"Black et al. 2023, IMF Fossil Fuel Subsidies Data: 2023 Update (IMF staff estimates; published Aug 2023, so 2023 and later values were estimated before the year ended)",https://climatedata.imf.org/datasets/d48cfd2124954fb0900cef95f2db2724_0,2026-10-06
HU,Fossil Fuel Subsidies - Total Implicit and Explicit,2024,5.91180177153479,"Black et al. 2023, IMF Fossil Fuel Subsidies Data: 2023 Update (IMF staff estimates; published Aug 2023, so 2023 and later values were estimated before the year ended)",https://climatedata.imf.org/datasets/d48cfd2124954fb0900cef95f2db2724_0,2026-10-06
HU,Fossil Fuel Subsidies - Total Implicit and Explicit,2025,5.57706413688633,"Black et al. 2023, IMF Fossil Fuel Subsidies Data: 2023 Update (IMF staff estimates; published Aug 2023, so 2023 and later values were estimated before the year ended)",https://climatedata.imf.org/datasets/d48cfd2124954fb0900cef95f2db2724_0,2026-10-06
HU,Implicit Fossil Fuel Subsidies - Total,2015,2.23053894724395,"Black et al. 2023, IMF Fossil Fuel Subsidies Data: 2023 Update (IMF staff estimates; published Aug 2023, so 2023 and later values were estimated before the year ended)",https://climatedata.imf.org/datasets/d48cfd2124954fb0900cef95f2db2724_0,2026-10-06
HU,Implicit Fossil Fuel Subsidies - Total,2016,2.02143583578974,"Black et al. 2023, IMF Fossil Fuel Subsidies Data: 2023 Update (IMF staff estimates; published Aug 2023, so 2023 and later values were estimated before the year ended)",https://climatedata.imf.org/datasets/d48cfd2124954fb0900cef95f2db2724_0,2026-10-06
HU,Implicit Fossil Fuel Subsidies - Total,2017,2.04876081236055,"Black et al. 2023, IMF Fossil Fuel Subsidies Data: 2023 Update (IMF staff estimates; published Aug 2023, so 2023 and later values were estimated before the year ended)",https://climatedata.imf.org/datasets/d48cfd2124954fb0900cef95f2db2724_0,2026-10-06
HU,Implicit Fossil Fuel Subsidies - Total,2018,3.01329485161239,"Black et al. 2023, IMF Fossil Fuel Subsidies Data: 2023 Update (IMF staff estimates; published Aug 2023, so 2023 and later values were estimated before the year ended)",https://climatedata.imf.org/datasets/d48cfd2124954fb0900cef95f2db2724_0,2026-10-06
HU,Implicit Fossil Fuel Subsidies - Total,2019,3.42157983291701,"Black et al. 2023, IMF Fossil Fuel Subsidies Data: 2023 Update (IMF staff estimates; published Aug 2023, so 2023 and later values were estimated before the year ended)",https://climatedata.imf.org/datasets/d48cfd2124954fb0900cef95f2db2724_0,2026-10-06
HU,Implicit Fossil Fuel Subsidies - Total,2020,2.83886770786125,"Black et al. 2023, IMF Fossil Fuel Subsidies Data: 2023 Update (IMF staff estimates; published Aug 2023, so 2023 and later values were estimated before the year ended)",https://climatedata.imf.org/datasets/d48cfd2124954fb0900cef95f2db2724_0,2026-10-06
HU,Implicit Fossil Fuel Subsidies - Total,2021,3.74038517990061,"Black et al. 2023, IMF Fossil Fuel Subsidies Data: 2023 Update (IMF staff estimates; published Aug 2023, so 2023 and later values were estimated before the year ended)",https://climatedata.imf.org/datasets/d48cfd2124954fb0900cef95f2db2724_0,2026-10-06
HU,Implicit Fossil Fuel Subsidies - Total,2022,5.62161560334651,"Black et al. 2023, IMF Fossil Fuel Subsidies Data: 2023 Update (IMF staff estimates; published Aug 2023, so 2023 and later values were estimated before the year ended)",https://climatedata.imf.org/datasets/d48cfd2124954fb0900cef95f2db2724_0,2026-10-06
HU,Implicit Fossil Fuel Subsidies - Total,2023,4.32398223679898,"Black et al. 2023, IMF Fossil Fuel Subsidies Data: 2023 Update (IMF staff estimates; published Aug 2023, so 2023 and later values were estimated before the year ended)",https://climatedata.imf.org/datasets/d48cfd2124954fb0900cef95f2db2724_0,2026-10-06
HU,Implicit Fossil Fuel Subsidies - Total,2024,3.93992634005424,"Black et al. 2023, IMF Fossil Fuel Subsidies Data: 2023 Update (IMF staff estimates; published Aug 2023, so 2023 and later values were estimated before the year ended)",https://climatedata.imf.org/datasets/d48cfd2124954fb0900cef95f2db2724_0,2026-10-06
HU,Implicit Fossil Fuel Subsidies - Total,2025,3.88009786305651,"Black et al. 2023, IMF Fossil Fuel Subsidies Data: 2023 Update (IMF staff estimates; published Aug 2023, so 2023 and later values were estimated before the year ended)",https://climatedata.imf.org/datasets/d48cfd2124954fb0900cef95f2db2724_0,2026-10-06
IE,Explicit Fossil Fuel Subsidies - Total,2015,0,"Black et al. 2023, IMF Fossil Fuel Subsidies Data: 2023 Update (IMF staff estimates; published Aug 2023, so 2023 and later values were estimated before the year ended)",https://climatedata.imf.org/datasets/d48cfd2124954fb0900cef95f2db2724_0,2026-10-06
IE,Explicit Fossil Fuel Subsidies - Total,2016,0.0165960830039089,"Black et al. 2023, IMF Fossil Fuel Subsidies Data: 2023 Update (IMF staff estimates; published Aug 2023, so 2023 and later values were estimated before the year ended)",https://climatedata.imf.org/datasets/d48cfd2124954fb0900cef95f2db2724_0,2026-10-06
IE,Explicit Fossil Fuel Subsidies - Total,2017,0.0217045583046887,"Black et al. 2023, IMF Fossil Fuel Subsidies Data: 2023 Update (IMF staff estimates; published Aug 2023, so 2023 and later values were estimated before the year ended)",https://climatedata.imf.org/datasets/d48cfd2124954fb0900cef95f2db2724_0,2026-10-06
IE,Explicit Fossil Fuel Subsidies - Total,2018,0.0258515449781368,"Black et al. 2023, IMF Fossil Fuel Subsidies Data: 2023 Update (IMF staff estimates; published Aug 2023, so 2023 and later values were estimated before the year ended)",https://climatedata.imf.org/datasets/d48cfd2124954fb0900cef95f2db2724_0,2026-10-06
IE,Explicit Fossil Fuel Subsidies - Total,2019,0.0118777956174788,"Black et al. 2023, IMF Fossil Fuel Subsidies Data: 2023 Update (IMF staff estimates; published Aug 2023, so 2023 and later values were estimated before the year ended)",https://climatedata.imf.org/datasets/d48cfd2124954fb0900cef95f2db2724_0,2026-10-06
IE,Explicit Fossil Fuel Subsidies - Total,2020,0.0061516155850542,"Black et al. 2023, IMF Fossil Fuel Subsidies Data: 2023 Update (IMF staff estimates; published Aug 2023, so 2023 and later values were estimated before the year ended)",https://climatedata.imf.org/datasets/d48cfd2124954fb0900cef95f2db2724_0,2026-10-06
IE,Explicit Fossil Fuel Subsidies - Total,2021,0.0256711132316609,"Black et al. 2023, IMF Fossil Fuel Subsidies Data: 2023 Update (IMF staff estimates; published Aug 2023, so 2023 and later values were estimated before the year ended)",https://climatedata.imf.org/datasets/d48cfd2124954fb0900cef95f2db2724_0,2026-10-06
IE,Explicit Fossil Fuel Subsidies - Total,2022,0.0366196631276721,"Black et al. 2023, IMF Fossil Fuel Subsidies Data: 2023 Update (IMF staff estimates; published Aug 2023, so 2023 and later values were estimated before the year ended)",https://climatedata.imf.org/datasets/d48cfd2124954fb0900cef95f2db2724_0,2026-10-06
IE,Explicit Fossil Fuel Subsidies - Total,2023,0.0135011299064403,"Black et al. 2023, IMF Fossil Fuel Subsidies Data: 2023 Update (IMF staff estimates; published Aug 2023, so 2023 and later values were estimated before the year ended)",https://climatedata.imf.org/datasets/d48cfd2124954fb0900cef95f2db2724_0,2026-10-06
IE,Explicit Fossil Fuel Subsidies - Total,2024,0.0131488292794099,"Black et al. 2023, IMF Fossil Fuel Subsidies Data: 2023 Update (IMF staff estimates; published Aug 2023, so 2023 and later values were estimated before the year ended)",https://climatedata.imf.org/datasets/d48cfd2124954fb0900cef95f2db2724_0,2026-10-06
IE,Explicit Fossil Fuel Subsidies - Total,2025,0.0129253132414666,"Black et al. 2023, IMF Fossil Fuel Subsidies Data: 2023 Update (IMF staff estimates; published Aug 2023, so 2023 and later values were estimated before the year ended)",https://climatedata.imf.org/datasets/d48cfd2124954fb0900cef95f2db2724_0,2026-10-06
IE,Fossil Fuel Subsidies - Total Implicit and Explicit,2015,0.536207188976373,"Black et al. 2023, IMF Fossil Fuel Subsidies Data: 2023 Update (IMF staff estimates; published Aug 2023, so 2023 and later values were estimated before the year ended)",https://climatedata.imf.org/datasets/d48cfd2124954fb0900cef95f2db2724_0,2026-10-06
IE,Fossil Fuel Subsidies - Total Implicit and Explicit,2016,0.69025775762287,"Black et al. 2023, IMF Fossil Fuel Subsidies Data: 2023 Update (IMF staff estimates; published Aug 2023, so 2023 and later values were estimated before the year ended)",https://climatedata.imf.org/datasets/d48cfd2124954fb0900cef95f2db2724_0,2026-10-06
IE,Fossil Fuel Subsidies - Total Implicit and Explicit,2017,0.61133473077193,"Black et al. 2023, IMF Fossil Fuel Subsidies Data: 2023 Update (IMF staff estimates; published Aug 2023, so 2023 and later values were estimated before the year ended)",https://climatedata.imf.org/datasets/d48cfd2124954fb0900cef95f2db2724_0,2026-10-06
IE,Fossil Fuel Subsidies - Total Implicit and Explicit,2018,0.677189418146229,"Black et al. 2023, IMF Fossil Fuel Subsidies Data: 2023 Update (IMF staff estimates; published Aug 2023, so 2023 and later values were estimated before the year ended)",https://climatedata.imf.org/datasets/d48cfd2124954fb0900cef95f2db2724_0,2026-10-06
IE,Fossil Fuel Subsidies - Total Implicit and Explicit,2019,0.88200234242942,"Black et al. 2023, IMF Fossil Fuel Subsidies Data: 2023 Update (IMF staff estimates; published Aug 2023, so 2023 and later values were estimated before the year ended)",https://climatedata.imf.org/datasets/d48cfd2124954fb0900cef95f2db2724_0,2026-10-06
IE,Fossil Fuel Subsidies - Total Implicit and Explicit,2020,0.791459785201834,"Black et al. 2023, IMF Fossil Fuel Subsidies Data: 2023 Update (IMF staff estimates; published Aug 2023, so 2023 and later values were estimated before the year ended)",https://climatedata.imf.org/datasets/d48cfd2124954fb0900cef95f2db2724_0,2026-10-06
IE,Fossil Fuel Subsidies - Total Implicit and Explicit,2021,0.531848019817962,"Black et al. 2023, IMF Fossil Fuel Subsidies Data: 2023 Update (IMF staff estimates; published Aug 2023, so 2023 and later values were estimated before the year ended)",https://climatedata.imf.org/datasets/d48cfd2124954fb0900cef95f2db2724_0,2026-10-06
IE,Fossil Fuel Subsidies - Total Implicit and Explicit,2022,0.586733327816358,"Black et al. 2023, IMF Fossil Fuel Subsidies Data: 2023 Update (IMF staff estimates; published Aug 2023, so 2023 and later values were estimated before the year ended)",https://climatedata.imf.org/datasets/d48cfd2124954fb0900cef95f2db2724_0,2026-10-06
IE,Fossil Fuel Subsidies - Total Implicit and Explicit,2023,0.554210586904991,"Black et al. 2023, IMF Fossil Fuel Subsidies Data: 2023 Update (IMF staff estimates; published Aug 2023, so 2023 and later values were estimated before the year ended)",https://climatedata.imf.org/datasets/d48cfd2124954fb0900cef95f2db2724_0,2026-10-06
IE,Fossil Fuel Subsidies - Total Implicit and Explicit,2024,0.537975504928489,"Black et al. 2023, IMF Fossil Fuel Subsidies Data: 2023 Update (IMF staff estimates; published Aug 2023, so 2023 and later values were estimated before the year ended)",https://climatedata.imf.org/datasets/d48cfd2124954fb0900cef95f2db2724_0,2026-10-06
IE,Fossil Fuel Subsidies - Total Implicit and Explicit,2025,0.508043100071128,"Black et al. 2023, IMF Fossil Fuel Subsidies Data: 2023 Update (IMF staff estimates; published Aug 2023, so 2023 and later values were estimated before the year ended)",https://climatedata.imf.org/datasets/d48cfd2124954fb0900cef95f2db2724_0,2026-10-06
IE,Implicit Fossil Fuel Subsidies - Total,2015,0.536207188976373,"Black et al. 2023, IMF Fossil Fuel Subsidies Data: 2023 Update (IMF staff estimates; published Aug 2023, so 2023 and later values were estimated before the year ended)",https://climatedata.imf.org/datasets/d48cfd2124954fb0900cef95f2db2724_0,2026-10-06
IE,Implicit Fossil Fuel Subsidies - Total,2016,0.673661674618961,"Black et al. 2023, IMF Fossil Fuel Subsidies Data: 2023 Update (IMF staff estimates; published Aug 2023, so 2023 and later values were estimated before the year ended)",https://climatedata.imf.org/datasets/d48cfd2124954fb0900cef95f2db2724_0,2026-10-06
IE,Implicit Fossil Fuel Subsidies - Total,2017,0.589630172467241,"Black et al. 2023, IMF Fossil Fuel Subsidies Data: 2023 Update (IMF staff estimates; published Aug 2023, so 2023 and later values were estimated before the year ended)",https://climatedata.imf.org/datasets/d48cfd2124954fb0900cef95f2db2724_0,2026-10-06
IE,Implicit Fossil Fuel Subsidies - Total,2018,0.651337873168092,"Black et al. 2023, IMF Fossil Fuel Subsidies Data: 2023 Update (IMF staff estimates; published Aug 2023, so 2023 and later values were estimated before the year ended)",https://climatedata.imf.org/datasets/d48cfd2124954fb0900cef95f2db2724_0,2026-10-06
IE,Implicit Fossil Fuel Subsidies - Total,2019,0.870124546837136,"Black et al. 2023, IMF Fossil Fuel Subsidies Data: 2023 Update (IMF staff estimates; published Aug 2023, so 2023 and later values were estimated before the year ended)",https://climatedata.imf.org/datasets/d48cfd2124954fb0900cef95f2db2724_0,2026-10-06
IE,Implicit Fossil Fuel Subsidies - Total,2020,0.785308169577953,"Black et al. 2023, IMF Fossil Fuel Subsidies Data: 2023 Update (IMF staff estimates; published Aug 2023, so 2023 and later values were estimated before the year ended)",https://climatedata.imf.org/datasets/d48cfd2124954fb0900cef95f2db2724_0,2026-10-06
IE,Implicit Fossil Fuel Subsidies - Total,2021,0.506176906643271,"Black et al. 2023, IMF Fossil Fuel Subsidies Data: 2023 Update (IMF staff estimates; published Aug 2023, so 2023 and later values were estimated before the year ended)",https://climatedata.imf.org/datasets/d48cfd2124954fb0900cef95f2db2724_0,2026-10-06
IE,Implicit Fossil Fuel Subsidies - Total,2022,0.550113664618998,"Black et al. 2023, IMF Fossil Fuel Subsidies Data: 2023 Update (IMF staff estimates; published Aug 2023, so 2023 and later values were estimated before the year ended)",https://climatedata.imf.org/datasets/d48cfd2124954fb0900cef95f2db2724_0,2026-10-06
IE,Implicit Fossil Fuel Subsidies - Total,2023,0.540709456985149,"Black et al. 2023, IMF Fossil Fuel Subsidies Data: 2023 Update (IMF staff estimates; published Aug 2023, so 2023 and later values were estimated before the year ended)",https://climatedata.imf.org/datasets/d48cfd2124954fb0900cef95f2db2724_0,2026-10-06
IE,Implicit Fossil Fuel Subsidies - Total,2024,0.524826675525061,"Black et al. 2023, IMF Fossil Fuel Subsidies Data: 2023 Update (IMF staff estimates; published Aug 2023, so 2023 and later values were estimated before the year ended)",https://climatedata.imf.org/datasets/d48cfd2124954fb0900cef95f2db2724_0,2026-10-06
IE,Implicit Fossil Fuel Subsidies - Total,2025,0.495117786757752,"Black et al. 2023, IMF Fossil Fuel Subsidies Data: 2023 Update (IMF staff estimates; published Aug 2023, so 2023 and later values were estimated before the year ended)",https://climatedata.imf.org/datasets/d48cfd2124954fb0900cef95f2db2724_0,2026-10-06
IT,Explicit Fossil Fuel Subsidies - Total,2015,0.0045946880585616,"Black et al. 2023, IMF Fossil Fuel Subsidies Data: 2023 Update (IMF staff estimates; published Aug 2023, so 2023 and later values were estimated before the year ended)",https://climatedata.imf.org/datasets/d48cfd2124954fb0900cef95f2db2724_0,2026-10-06
IT,Explicit Fossil Fuel Subsidies - Total,2016,0.0027585194255138,"Black et al. 2023, IMF Fossil Fuel Subsidies Data: 2023 Update (IMF staff estimates; published Aug 2023, so 2023 and later values were estimated before the year ended)",https://climatedata.imf.org/datasets/d48cfd2124954fb0900cef95f2db2724_0,2026-10-06
IT,Explicit Fossil Fuel Subsidies - Total,2017,0.0028482184201529,"Black et al. 2023, IMF Fossil Fuel Subsidies Data: 2023 Update (IMF staff estimates; published Aug 2023, so 2023 and later values were estimated before the year ended)",https://climatedata.imf.org/datasets/d48cfd2124954fb0900cef95f2db2724_0,2026-10-06
IT,Explicit Fossil Fuel Subsidies - Total,2018,0.0108985129285449,"Black et al. 2023, IMF Fossil Fuel Subsidies Data: 2023 Update (IMF staff estimates; published Aug 2023, so 2023 and later values were estimated before the year ended)",https://climatedata.imf.org/datasets/d48cfd2124954fb0900cef95f2db2724_0,2026-10-06
IT,Explicit Fossil Fuel Subsidies - Total,2019,0.0033244768959795,"Black et al. 2023, IMF Fossil Fuel Subsidies Data: 2023 Update (IMF staff estimates; published Aug 2023, so 2023 and later values were estimated before the year ended)",https://climatedata.imf.org/datasets/d48cfd2124954fb0900cef95f2db2724_0,2026-10-06
IT,Explicit Fossil Fuel Subsidies - Total,2020,0.0006002917634704,"Black et al. 2023, IMF Fossil Fuel Subsidies Data: 2023 Update (IMF staff estimates; published Aug 2023, so 2023 and later values were estimated before the year ended)",https://climatedata.imf.org/datasets/d48cfd2124954fb0900cef95f2db2724_0,2026-10-06
IT,Explicit Fossil Fuel Subsidies - Total,2021,0.0005513557383357,"Black et al. 2023, IMF Fossil Fuel Subsidies Data: 2023 Update (IMF staff estimates; published Aug 2023, so 2023 and later values were estimated before the year ended)",https://climatedata.imf.org/datasets/d48cfd2124954fb0900cef95f2db2724_0,2026-10-06
IT,Explicit Fossil Fuel Subsidies - Total,2022,0.422659368372426,"Black et al. 2023, IMF Fossil Fuel Subsidies Data: 2023 Update (IMF staff estimates; published Aug 2023, so 2023 and later values were estimated before the year ended)",https://climatedata.imf.org/datasets/d48cfd2124954fb0900cef95f2db2724_0,2026-10-06
IT,Explicit Fossil Fuel Subsidies - Total,2023,0.270947103629412,"Black et al. 2023, IMF Fossil Fuel Subsidies Data: 2023 Update (IMF staff estimates; published Aug 2023, so 2023 and later values were estimated before the year ended)",https://climatedata.imf.org/datasets/d48cfd2124954fb0900cef95f2db2724_0,2026-10-06
IT,Explicit Fossil Fuel Subsidies - Total,2024,0.18354112116786,"Black et al. 2023, IMF Fossil Fuel Subsidies Data: 2023 Update (IMF staff estimates; published Aug 2023, so 2023 and later values were estimated before the year ended)",https://climatedata.imf.org/datasets/d48cfd2124954fb0900cef95f2db2724_0,2026-10-06
IT,Explicit Fossil Fuel Subsidies - Total,2025,0.108661246823787,"Black et al. 2023, IMF Fossil Fuel Subsidies Data: 2023 Update (IMF staff estimates; published Aug 2023, so 2023 and later values were estimated before the year ended)",https://climatedata.imf.org/datasets/d48cfd2124954fb0900cef95f2db2724_0,2026-10-06
IT,Fossil Fuel Subsidies - Total Implicit and Explicit,2015,1.0389472175696,"Black et al. 2023, IMF Fossil Fuel Subsidies Data: 2023 Update (IMF staff estimates; published Aug 2023, so 2023 and later values were estimated before the year ended)",https://climatedata.imf.org/datasets/d48cfd2124954fb0900cef95f2db2724_0,2026-10-06
IT,Fossil Fuel Subsidies - Total Implicit and Explicit,2016,0.8264228454474,"Black et al. 2023, IMF Fossil Fuel Subsidies Data: 2023 Update (IMF staff estimates; published Aug 2023, so 2023 and later values were estimated before the year ended)",https://climatedata.imf.org/datasets/d48cfd2124954fb0900cef95f2db2724_0,2026-10-06
IT,Fossil Fuel Subsidies - Total Implicit and Explicit,2017,0.752384232520227,"Black et al. 2023, IMF Fossil Fuel Subsidies Data: 2023 Update (IMF staff estimates; published Aug 2023, so 2023 and later values were estimated before the year ended)",https://climatedata.imf.org/datasets/d48cfd2124954fb0900cef95f2db2724_0,2026-10-06
IT,Fossil Fuel Subsidies - Total Implicit and Explicit,2018,0.778350081186102,"Black et al. 2023, IMF Fossil Fuel Subsidies Data: 2023 Update (IMF staff estimates; published Aug 2023, so 2023 and later values were estimated before the year ended)",https://climatedata.imf.org/datasets/d48cfd2124954fb0900cef95f2db2724_0,2026-10-06
IT,Fossil Fuel Subsidies - Total Implicit and Explicit,2019,1.03017001659418,"Black et al. 2023, IMF Fossil Fuel Subsidies Data: 2023 Update (IMF staff estimates; published Aug 2023, so 2023 and later values were estimated before the year ended)",https://climatedata.imf.org/datasets/d48cfd2124954fb0900cef95f2db2724_0,2026-10-06
IT,Fossil Fuel Subsidies - Total Implicit and Explicit,2020,0.746817810144746,"Black et al. 2023, IMF Fossil Fuel Subsidies Data: 2023 Update (IMF staff estimates; published Aug 2023, so 2023 and later values were estimated before the year ended)",https://climatedata.imf.org/datasets/d48cfd2124954fb0900cef95f2db2724_0,2026-10-06
IT,Fossil Fuel Subsidies - Total Implicit and Explicit,2021,1.35340000027388,"Black et al. 2023, IMF Fossil Fuel Subsidies Data: 2023 Update (IMF staff estimates; published Aug 2023, so 2023 and later values were estimated before the year ended)",https://climatedata.imf.org/datasets/d48cfd2124954fb0900cef95f2db2724_0,2026-10-06
IT,Fossil Fuel Subsidies - Total Implicit and Explicit,2022,2.80342439040147,"Black et al. 2023, IMF Fossil Fuel Subsidies Data: 2023 Update (IMF staff estimates; published Aug 2023, so 2023 and later values were estimated before the year ended)",https://climatedata.imf.org/datasets/d48cfd2124954fb0900cef95f2db2724_0,2026-10-06
IT,Fossil Fuel Subsidies - Total Implicit and Explicit,2023,2.04562990990192,"Black et al. 2023, IMF Fossil Fuel Subsidies Data: 2023 Update (IMF staff estimates; published Aug 2023, so 2023 and later values were estimated before the year ended)",https://climatedata.imf.org/datasets/d48cfd2124954fb0900cef95f2db2724_0,2026-10-06
IT,Fossil Fuel Subsidies - Total Implicit and Explicit,2024,1.74710235749622,"Black et al. 2023, IMF Fossil Fuel Subsidies Data: 2023 Update (IMF staff estimates; published Aug 2023, so 2023 and later values were estimated before the year ended)",https://climatedata.imf.org/datasets/d48cfd2124954fb0900cef95f2db2724_0,2026-10-06
IT,Fossil Fuel Subsidies - Total Implicit and Explicit,2025,1.58575920106555,"Black et al. 2023, IMF Fossil Fuel Subsidies Data: 2023 Update (IMF staff estimates; published Aug 2023, so 2023 and later values were estimated before the year ended)",https://climatedata.imf.org/datasets/d48cfd2124954fb0900cef95f2db2724_0,2026-10-06
IT,Implicit Fossil Fuel Subsidies - Total,2015,1.03435252951104,"Black et al. 2023, IMF Fossil Fuel Subsidies Data: 2023 Update (IMF staff estimates; published Aug 2023, so 2023 and later values were estimated before the year ended)",https://climatedata.imf.org/datasets/d48cfd2124954fb0900cef95f2db2724_0,2026-10-06
IT,Implicit Fossil Fuel Subsidies - Total,2016,0.823664326021886,"Black et al. 2023, IMF Fossil Fuel Subsidies Data: 2023 Update (IMF staff estimates; published Aug 2023, so 2023 and later values were estimated before the year ended)",https://climatedata.imf.org/datasets/d48cfd2124954fb0900cef95f2db2724_0,2026-10-06
IT,Implicit Fossil Fuel Subsidies - Total,2017,0.749536014100075,"Black et al. 2023, IMF Fossil Fuel Subsidies Data: 2023 Update (IMF staff estimates; published Aug 2023, so 2023 and later values were estimated before the year ended)",https://climatedata.imf.org/datasets/d48cfd2124954fb0900cef95f2db2724_0,2026-10-06
IT,Implicit Fossil Fuel Subsidies - Total,2018,0.767451568221932,"Black et al. 2023, IMF Fossil Fuel Subsidies Data: 2023 Update (IMF staff estimates; published Aug 2023, so 2023 and later values were estimated before the year ended)",https://climatedata.imf.org/datasets/d48cfd2124954fb0900cef95f2db2724_0,2026-10-06
IT,Implicit Fossil Fuel Subsidies - Total,2019,1.02684553984265,"Black et al. 2023, IMF Fossil Fuel Subsidies Data: 2023 Update (IMF staff estimates; published Aug 2023, so 2023 and later values were estimated before the year ended)",https://climatedata.imf.org/datasets/d48cfd2124954fb0900cef95f2db2724_0,2026-10-06
IT,Implicit Fossil Fuel Subsidies - Total,2020,0.746217518491351,"Black et al. 2023, IMF Fossil Fuel Subsidies Data: 2023 Update (IMF staff estimates; published Aug 2023, so 2023 and later values were estimated before the year ended)",https://climatedata.imf.org/datasets/d48cfd2124954fb0900cef95f2db2724_0,2026-10-06
IT,Implicit Fossil Fuel Subsidies - Total,2021,1.35284864458484,"Black et al. 2023, IMF Fossil Fuel Subsidies Data: 2023 Update (IMF staff estimates; published Aug 2023, so 2023 and later values were estimated before the year ended)",https://climatedata.imf.org/datasets/d48cfd2124954fb0900cef95f2db2724_0,2026-10-06
IT,Implicit Fossil Fuel Subsidies - Total,2022,2.38076502220604,"Black et al. 2023, IMF Fossil Fuel Subsidies Data: 2023 Update (IMF staff estimates; published Aug 2023, so 2023 and later values were estimated before the year ended)",https://climatedata.imf.org/datasets/d48cfd2124954fb0900cef95f2db2724_0,2026-10-06
IT,Implicit Fossil Fuel Subsidies - Total,2023,1.77468280600654,"Black et al. 2023, IMF Fossil Fuel Subsidies Data: 2023 Update (IMF staff estimates; published Aug 2023, so 2023 and later values were estimated before the year ended)",https://climatedata.imf.org/datasets/d48cfd2124954fb0900cef95f2db2724_0,2026-10-06
IT,Implicit Fossil Fuel Subsidies - Total,2024,1.56356123615338,"Black et al. 2023, IMF Fossil Fuel Subsidies Data: 2023 Update (IMF staff estimates; published Aug 2023, so 2023 and later values were estimated before the year ended)",https://climatedata.imf.org/datasets/d48cfd2124954fb0900cef95f2db2724_0,2026-10-06
IT,Implicit Fossil Fuel Subsidies - Total,2025,1.47709795415521,"Black et al. 2023, IMF Fossil Fuel Subsidies Data: 2023 Update (IMF staff estimates; published Aug 2023, so 2023 and later values were estimated before the year ended)",https://climatedata.imf.org/datasets/d48cfd2124954fb0900cef95f2db2724_0,2026-10-06
LV,Explicit Fossil Fuel Subsidies - Total,2015,0.240973521831288,"Black et al. 2023, IMF Fossil Fuel Subsidies Data: 2023 Update (IMF staff estimates; published Aug 2023, so 2023 and later values were estimated before the year ended)",https://climatedata.imf.org/datasets/d48cfd2124954fb0900cef95f2db2724_0,2026-10-06
LV,Explicit Fossil Fuel Subsidies - Total,2016,0.298019079371858,"Black et al. 2023, IMF Fossil Fuel Subsidies Data: 2023 Update (IMF staff estimates; published Aug 2023, so 2023 and later values were estimated before the year ended)",https://climatedata.imf.org/datasets/d48cfd2124954fb0900cef95f2db2724_0,2026-10-06
LV,Explicit Fossil Fuel Subsidies - Total,2017,0.42572418193086,"Black et al. 2023, IMF Fossil Fuel Subsidies Data: 2023 Update (IMF staff estimates; published Aug 2023, so 2023 and later values were estimated before the year ended)",https://climatedata.imf.org/datasets/d48cfd2124954fb0900cef95f2db2724_0,2026-10-06
LV,Explicit Fossil Fuel Subsidies - Total,2018,0.495159498829958,"Black et al. 2023, IMF Fossil Fuel Subsidies Data: 2023 Update (IMF staff estimates; published Aug 2023, so 2023 and later values were estimated before the year ended)",https://climatedata.imf.org/datasets/d48cfd2124954fb0900cef95f2db2724_0,2026-10-06
LV,Explicit Fossil Fuel Subsidies - Total,2019,0.505215890801563,"Black et al. 2023, IMF Fossil Fuel Subsidies Data: 2023 Update (IMF staff estimates; published Aug 2023, so 2023 and later values were estimated before the year ended)",https://climatedata.imf.org/datasets/d48cfd2124954fb0900cef95f2db2724_0,2026-10-06
LV,Explicit Fossil Fuel Subsidies - Total,2020,0.649391015419227,"Black et al. 2023, IMF Fossil Fuel Subsidies Data: 2023 Update (IMF staff estimates; published Aug 2023, so 2023 and later values were estimated before the year ended)",https://climatedata.imf.org/datasets/d48cfd2124954fb0900cef95f2db2724_0,2026-10-06
LV,Explicit Fossil Fuel Subsidies - Total,2021,0.67475889974266,"Black et al. 2023, IMF Fossil Fuel Subsidies Data: 2023 Update (IMF staff estimates; published Aug 2023, so 2023 and later values were estimated before the year ended)",https://climatedata.imf.org/datasets/d48cfd2124954fb0900cef95f2db2724_0,2026-10-06
LV,Explicit Fossil Fuel Subsidies - Total,2022,0.661669541321997,"Black et al. 2023, IMF Fossil Fuel Subsidies Data: 2023 Update (IMF staff estimates; published Aug 2023, so 2023 and later values were estimated before the year ended)",https://climatedata.imf.org/datasets/d48cfd2124954fb0900cef95f2db2724_0,2026-10-06
LV,Explicit Fossil Fuel Subsidies - Total,2023,0.576303524133585,"Black et al. 2023, IMF Fossil Fuel Subsidies Data: 2023 Update (IMF staff estimates; published Aug 2023, so 2023 and later values were estimated before the year ended)",https://climatedata.imf.org/datasets/d48cfd2124954fb0900cef95f2db2724_0,2026-10-06
LV,Explicit Fossil Fuel Subsidies - Total,2024,0.543648170360077,"Black et al. 2023, IMF Fossil Fuel Subsidies Data: 2023 Update (IMF staff estimates; published Aug 2023, so 2023 and later values were estimated before the year ended)",https://climatedata.imf.org/datasets/d48cfd2124954fb0900cef95f2db2724_0,2026-10-06
LV,Explicit Fossil Fuel Subsidies - Total,2025,0.514110380451447,"Black et al. 2023, IMF Fossil Fuel Subsidies Data: 2023 Update (IMF staff estimates; published Aug 2023, so 2023 and later values were estimated before the year ended)",https://climatedata.imf.org/datasets/d48cfd2124954fb0900cef95f2db2724_0,2026-10-06
LV,Fossil Fuel Subsidies - Total Implicit and Explicit,2015,2.21616937583994,"Black et al. 2023, IMF Fossil Fuel Subsidies Data: 2023 Update (IMF staff estimates; published Aug 2023, so 2023 and later values were estimated before the year ended)",https://climatedata.imf.org/datasets/d48cfd2124954fb0900cef95f2db2724_0,2026-10-06
LV,Fossil Fuel Subsidies - Total Implicit and Explicit,2016,2.33670307367413,"Black et al. 2023, IMF Fossil Fuel Subsidies Data: 2023 Update (IMF staff estimates; published Aug 2023, so 2023 and later values were estimated before the year ended)",https://climatedata.imf.org/datasets/d48cfd2124954fb0900cef95f2db2724_0,2026-10-06
LV,Fossil Fuel Subsidies - Total Implicit and Explicit,2017,2.54035082412773,"Black et al. 2023, IMF Fossil Fuel Subsidies Data: 2023 Update (IMF staff estimates; published Aug 2023, so 2023 and later values were estimated before the year ended)",https://climatedata.imf.org/datasets/d48cfd2124954fb0900cef95f2db2724_0,2026-10-06
LV,Fossil Fuel Subsidies - Total Implicit and Explicit,2018,2.50926666079988,"Black et al. 2023, IMF Fossil Fuel Subsidies Data: 2023 Update (IMF staff estimates; published Aug 2023, so 2023 and later values were estimated before the year ended)",https://climatedata.imf.org/datasets/d48cfd2124954fb0900cef95f2db2724_0,2026-10-06
LV,Fossil Fuel Subsidies - Total Implicit and Explicit,2019,2.73821608670398,"Black et al. 2023, IMF Fossil Fuel Subsidies Data: 2023 Update (IMF staff estimates; published Aug 2023, so 2023 and later values were estimated before the year ended)",https://climatedata.imf.org/datasets/d48cfd2124954fb0900cef95f2db2724_0,2026-10-06
LV,Fossil Fuel Subsidies - Total Implicit and Explicit,2020,2.41653774253731,"Black et al. 2023, IMF Fossil Fuel Subsidies Data: 2023 Update (IMF staff estimates; published Aug 2023, so 2023 and later values were estimated before the year ended)",https://climatedata.imf.org/datasets/d48cfd2124954fb0900cef95f2db2724_0,2026-10-06
LV,Fossil Fuel Subsidies - Total Implicit and Explicit,2021,3.02431439262644,"Black et al. 2023, IMF Fossil Fuel Subsidies Data: 2023 Update (IMF staff estimates; published Aug 2023, so 2023 and later values were estimated before the year ended)",https://climatedata.imf.org/datasets/d48cfd2124954fb0900cef95f2db2724_0,2026-10-06
LV,Fossil Fuel Subsidies - Total Implicit and Explicit,2022,3.08283312418368,"Black et al. 2023, IMF Fossil Fuel Subsidies Data: 2023 Update (IMF staff estimates; published Aug 2023, so 2023 and later values were estimated before the year ended)",https://climatedata.imf.org/datasets/d48cfd2124954fb0900cef95f2db2724_0,2026-10-06
LV,Fossil Fuel Subsidies - Total Implicit and Explicit,2023,2.86407660491493,"Black et al. 2023, IMF Fossil Fuel Subsidies Data: 2023 Update (IMF staff estimates; published Aug 2023, so 2023 and later values were estimated before the year ended)",https://climatedata.imf.org/datasets/d48cfd2124954fb0900cef95f2db2724_0,2026-10-06
LV,Fossil Fuel Subsidies - Total Implicit and Explicit,2024,2.83834557644019,"Black et al. 2023, IMF Fossil Fuel Subsidies Data: 2023 Update (IMF staff estimates; published Aug 2023, so 2023 and later values were estimated before the year ended)",https://climatedata.imf.org/datasets/d48cfd2124954fb0900cef95f2db2724_0,2026-10-06
LV,Fossil Fuel Subsidies - Total Implicit and Explicit,2025,2.81427262778027,"Black et al. 2023, IMF Fossil Fuel Subsidies Data: 2023 Update (IMF staff estimates; published Aug 2023, so 2023 and later values were estimated before the year ended)",https://climatedata.imf.org/datasets/d48cfd2124954fb0900cef95f2db2724_0,2026-10-06
LV,Implicit Fossil Fuel Subsidies - Total,2015,1.97519585420328,"Black et al. 2023, IMF Fossil Fuel Subsidies Data: 2023 Update (IMF staff estimates; published Aug 2023, so 2023 and later values were estimated before the year ended)",https://climatedata.imf.org/datasets/d48cfd2124954fb0900cef95f2db2724_0,2026-10-06
LV,Implicit Fossil Fuel Subsidies - Total,2016,2.03868399446136,"Black et al. 2023, IMF Fossil Fuel Subsidies Data: 2023 Update (IMF staff estimates; published Aug 2023, so 2023 and later values were estimated before the year ended)",https://climatedata.imf.org/datasets/d48cfd2124954fb0900cef95f2db2724_0,2026-10-06
LV,Implicit Fossil Fuel Subsidies - Total,2017,2.11462664219687,"Black et al. 2023, IMF Fossil Fuel Subsidies Data: 2023 Update (IMF staff estimates; published Aug 2023, so 2023 and later values were estimated before the year ended)",https://climatedata.imf.org/datasets/d48cfd2124954fb0900cef95f2db2724_0,2026-10-06
LV,Implicit Fossil Fuel Subsidies - Total,2018,2.01410716169935,"Black et al. 2023, IMF Fossil Fuel Subsidies Data: 2023 Update (IMF staff estimates; published Aug 2023, so 2023 and later values were estimated before the year ended)",https://climatedata.imf.org/datasets/d48cfd2124954fb0900cef95f2db2724_0,2026-10-06
LV,Implicit Fossil Fuel Subsidies - Total,2019,2.23300019590242,"Black et al. 2023, IMF Fossil Fuel Subsidies Data: 2023 Update (IMF staff estimates; published Aug 2023, so 2023 and later values were estimated before the year ended)",https://climatedata.imf.org/datasets/d48cfd2124954fb0900cef95f2db2724_0,2026-10-06
LV,Implicit Fossil Fuel Subsidies - Total,2020,1.76714672739245,"Black et al. 2023, IMF Fossil Fuel Subsidies Data: 2023 Update (IMF staff estimates; published Aug 2023, so 2023 and later values were estimated before the year ended)",https://climatedata.imf.org/datasets/d48cfd2124954fb0900cef95f2db2724_0,2026-10-06
LV,Implicit Fossil Fuel Subsidies - Total,2021,2.34955549262119,"Black et al. 2023, IMF Fossil Fuel Subsidies Data: 2023 Update (IMF staff estimates; published Aug 2023, so 2023 and later values were estimated before the year ended)",https://climatedata.imf.org/datasets/d48cfd2124954fb0900cef95f2db2724_0,2026-10-06
LV,Implicit Fossil Fuel Subsidies - Total,2022,2.42116358183727,"Black et al. 2023, IMF Fossil Fuel Subsidies Data: 2023 Update (IMF staff estimates; published Aug 2023, so 2023 and later values were estimated before the year ended)",https://climatedata.imf.org/datasets/d48cfd2124954fb0900cef95f2db2724_0,2026-10-06
LV,Implicit Fossil Fuel Subsidies - Total,2023,2.28777307952111,"Black et al. 2023, IMF Fossil Fuel Subsidies Data: 2023 Update (IMF staff estimates; published Aug 2023, so 2023 and later values were estimated before the year ended)",https://climatedata.imf.org/datasets/d48cfd2124954fb0900cef95f2db2724_0,2026-10-06
LV,Implicit Fossil Fuel Subsidies - Total,2024,2.29469740559253,"Black et al. 2023, IMF Fossil Fuel Subsidies Data: 2023 Update (IMF staff estimates; published Aug 2023, so 2023 and later values were estimated before the year ended)",https://climatedata.imf.org/datasets/d48cfd2124954fb0900cef95f2db2724_0,2026-10-06
LV,Implicit Fossil Fuel Subsidies - Total,2025,2.30016224732882,"Black et al. 2023, IMF Fossil Fuel Subsidies Data: 2023 Update (IMF staff estimates; published Aug 2023, so 2023 and later values were estimated before the year ended)",https://climatedata.imf.org/datasets/d48cfd2124954fb0900cef95f2db2724_0,2026-10-06
LT,Explicit Fossil Fuel Subsidies - Total,2015,1.28721316701606,"Black et al. 2023, IMF Fossil Fuel Subsidies Data: 2023 Update (IMF staff estimates; published Aug 2023, so 2023 and later values were estimated before the year ended)",https://climatedata.imf.org/datasets/d48cfd2124954fb0900cef95f2db2724_0,2026-10-06
LT,Explicit Fossil Fuel Subsidies - Total,2016,1.2777952643626,"Black et al. 2023, IMF Fossil Fuel Subsidies Data: 2023 Update (IMF staff estimates; published Aug 2023, so 2023 and later values were estimated before the year ended)",https://climatedata.imf.org/datasets/d48cfd2124954fb0900cef95f2db2724_0,2026-10-06
LT,Explicit Fossil Fuel Subsidies - Total,2017,1.55946842380214,"Black et al. 2023, IMF Fossil Fuel Subsidies Data: 2023 Update (IMF staff estimates; published Aug 2023, so 2023 and later values were estimated before the year ended)",https://climatedata.imf.org/datasets/d48cfd2124954fb0900cef95f2db2724_0,2026-10-06
LT,Explicit Fossil Fuel Subsidies - Total,2018,1.37692339701489,"Black et al. 2023, IMF Fossil Fuel Subsidies Data: 2023 Update (IMF staff estimates; published Aug 2023, so 2023 and later values were estimated before the year ended)",https://climatedata.imf.org/datasets/d48cfd2124954fb0900cef95f2db2724_0,2026-10-06
LT,Explicit Fossil Fuel Subsidies - Total,2019,1.12672991464749,"Black et al. 2023, IMF Fossil Fuel Subsidies Data: 2023 Update (IMF staff estimates; published Aug 2023, so 2023 and later values were estimated before the year ended)",https://climatedata.imf.org/datasets/d48cfd2124954fb0900cef95f2db2724_0,2026-10-06
LT,Explicit Fossil Fuel Subsidies - Total,2020,0.898803543927777,"Black et al. 2023, IMF Fossil Fuel Subsidies Data: 2023 Update (IMF staff estimates; published Aug 2023, so 2023 and later values were estimated before the year ended)",https://climatedata.imf.org/datasets/d48cfd2124954fb0900cef95f2db2724_0,2026-10-06
LT,Explicit Fossil Fuel Subsidies - Total,2021,1.15698634583472,"Black et al. 2023, IMF Fossil Fuel Subsidies Data: 2023 Update (IMF staff estimates; published Aug 2023, so 2023 and later values were estimated before the year ended)",https://climatedata.imf.org/datasets/d48cfd2124954fb0900cef95f2db2724_0,2026-10-06
LT,Explicit Fossil Fuel Subsidies - Total,2022,1.36456377030343,"Black et al. 2023, IMF Fossil Fuel Subsidies Data: 2023 Update (IMF staff estimates; published Aug 2023, so 2023 and later values were estimated before the year ended)",https://climatedata.imf.org/datasets/d48cfd2124954fb0900cef95f2db2724_0,2026-10-06
LT,Explicit Fossil Fuel Subsidies - Total,2023,1.11887485709898,"Black et al. 2023, IMF Fossil Fuel Subsidies Data: 2023 Update (IMF staff estimates; published Aug 2023, so 2023 and later values were estimated before the year ended)",https://climatedata.imf.org/datasets/d48cfd2124954fb0900cef95f2db2724_0,2026-10-06
LT,Explicit Fossil Fuel Subsidies - Total,2024,1.04549918333806,"Black et al. 2023, IMF Fossil Fuel Subsidies Data: 2023 Update (IMF staff estimates; published Aug 2023, so 2023 and later values were estimated before the year ended)",https://climatedata.imf.org/datasets/d48cfd2124954fb0900cef95f2db2724_0,2026-10-06
LT,Explicit Fossil Fuel Subsidies - Total,2025,1.01003138054103,"Black et al. 2023, IMF Fossil Fuel Subsidies Data: 2023 Update (IMF staff estimates; published Aug 2023, so 2023 and later values were estimated before the year ended)",https://climatedata.imf.org/datasets/d48cfd2124954fb0900cef95f2db2724_0,2026-10-06
LT,Fossil Fuel Subsidies - Total Implicit and Explicit,2015,1.94540315340714,"Black et al. 2023, IMF Fossil Fuel Subsidies Data: 2023 Update (IMF staff estimates; published Aug 2023, so 2023 and later values were estimated before the year ended)",https://climatedata.imf.org/datasets/d48cfd2124954fb0900cef95f2db2724_0,2026-10-06
LT,Fossil Fuel Subsidies - Total Implicit and Explicit,2016,3.12120135492366,"Black et al. 2023, IMF Fossil Fuel Subsidies Data: 2023 Update (IMF staff estimates; published Aug 2023, so 2023 and later values were estimated before the year ended)",https://climatedata.imf.org/datasets/d48cfd2124954fb0900cef95f2db2724_0,2026-10-06
LT,Fossil Fuel Subsidies - Total Implicit and Explicit,2017,3.47595199295439,"Black et al. 2023, IMF Fossil Fuel Subsidies Data: 2023 Update (IMF staff estimates; published Aug 2023, so 2023 and later values were estimated before the year ended)",https://climatedata.imf.org/datasets/d48cfd2124954fb0900cef95f2db2724_0,2026-10-06
LT,Fossil Fuel Subsidies - Total Implicit and Explicit,2018,3.24976676312178,"Black et al. 2023, IMF Fossil Fuel Subsidies Data: 2023 Update (IMF staff estimates; published Aug 2023, so 2023 and later values were estimated before the year ended)",https://climatedata.imf.org/datasets/d48cfd2124954fb0900cef95f2db2724_0,2026-10-06
LT,Fossil Fuel Subsidies - Total Implicit and Explicit,2019,3.79696037157347,"Black et al. 2023, IMF Fossil Fuel Subsidies Data: 2023 Update (IMF staff estimates; published Aug 2023, so 2023 and later values were estimated before the year ended)",https://climatedata.imf.org/datasets/d48cfd2124954fb0900cef95f2db2724_0,2026-10-06
LT,Fossil Fuel Subsidies - Total Implicit and Explicit,2020,3.04660627634505,"Black et al. 2023, IMF Fossil Fuel Subsidies Data: 2023 Update (IMF staff estimates; published Aug 2023, so 2023 and later values were estimated before the year ended)",https://climatedata.imf.org/datasets/d48cfd2124954fb0900cef95f2db2724_0,2026-10-06
LT,Fossil Fuel Subsidies - Total Implicit and Explicit,2021,3.44632195565249,"Black et al. 2023, IMF Fossil Fuel Subsidies Data: 2023 Update (IMF staff estimates; published Aug 2023, so 2023 and later values were estimated before the year ended)",https://climatedata.imf.org/datasets/d48cfd2124954fb0900cef95f2db2724_0,2026-10-06
LT,Fossil Fuel Subsidies - Total Implicit and Explicit,2022,4.03931293984285,"Black et al. 2023, IMF Fossil Fuel Subsidies Data: 2023 Update (IMF staff estimates; published Aug 2023, so 2023 and later values were estimated before the year ended)",https://climatedata.imf.org/datasets/d48cfd2124954fb0900cef95f2db2724_0,2026-10-06
LT,Fossil Fuel Subsidies - Total Implicit and Explicit,2023,3.79783030791676,"Black et al. 2023, IMF Fossil Fuel Subsidies Data: 2023 Update (IMF staff estimates; published Aug 2023, so 2023 and later values were estimated before the year ended)",https://climatedata.imf.org/datasets/d48cfd2124954fb0900cef95f2db2724_0,2026-10-06
LT,Fossil Fuel Subsidies - Total Implicit and Explicit,2024,3.79129541916302,"Black et al. 2023, IMF Fossil Fuel Subsidies Data: 2023 Update (IMF staff estimates; published Aug 2023, so 2023 and later values were estimated before the year ended)",https://climatedata.imf.org/datasets/d48cfd2124954fb0900cef95f2db2724_0,2026-10-06
LT,Fossil Fuel Subsidies - Total Implicit and Explicit,2025,3.79722284149344,"Black et al. 2023, IMF Fossil Fuel Subsidies Data: 2023 Update (IMF staff estimates; published Aug 2023, so 2023 and later values were estimated before the year ended)",https://climatedata.imf.org/datasets/d48cfd2124954fb0900cef95f2db2724_0,2026-10-06
LT,Implicit Fossil Fuel Subsidies - Total,2015,0.65818998639108,"Black et al. 2023, IMF Fossil Fuel Subsidies Data: 2023 Update (IMF staff estimates; published Aug 2023, so 2023 and later values were estimated before the year ended)",https://climatedata.imf.org/datasets/d48cfd2124954fb0900cef95f2db2724_0,2026-10-06
LT,Implicit Fossil Fuel Subsidies - Total,2016,1.84340609056106,"Black et al. 2023, IMF Fossil Fuel Subsidies Data: 2023 Update (IMF staff estimates; published Aug 2023, so 2023 and later values were estimated before the year ended)",https://climatedata.imf.org/datasets/d48cfd2124954fb0900cef95f2db2724_0,2026-10-06
LT,Implicit Fossil Fuel Subsidies - Total,2017,1.9164835699149,"Black et al. 2023, IMF Fossil Fuel Subsidies Data: 2023 Update (IMF staff estimates; published Aug 2023, so 2023 and later values were estimated before the year ended)",https://climatedata.imf.org/datasets/d48cfd2124954fb0900cef95f2db2724_0,2026-10-06
LT,Implicit Fossil Fuel Subsidies - Total,2018,1.87284336593358,"Black et al. 2023, IMF Fossil Fuel Subsidies Data: 2023 Update (IMF staff estimates; published Aug 2023, so 2023 and later values were estimated before the year ended)",https://climatedata.imf.org/datasets/d48cfd2124954fb0900cef95f2db2724_0,2026-10-06
LT,Implicit Fossil Fuel Subsidies - Total,2019,2.67023045676025,"Black et al. 2023, IMF Fossil Fuel Subsidies Data: 2023 Update (IMF staff estimates; published Aug 2023, so 2023 and later values were estimated before the year ended)",https://climatedata.imf.org/datasets/d48cfd2124954fb0900cef95f2db2724_0,2026-10-06
LT,Implicit Fossil Fuel Subsidies - Total,2020,2.14780273324704,"Black et al. 2023, IMF Fossil Fuel Subsidies Data: 2023 Update (IMF staff estimates; published Aug 2023, so 2023 and later values were estimated before the year ended)",https://climatedata.imf.org/datasets/d48cfd2124954fb0900cef95f2db2724_0,2026-10-06
LT,Implicit Fossil Fuel Subsidies - Total,2021,2.28933561076605,"Black et al. 2023, IMF Fossil Fuel Subsidies Data: 2023 Update (IMF staff estimates; published Aug 2023, so 2023 and later values were estimated before the year ended)",https://climatedata.imf.org/datasets/d48cfd2124954fb0900cef95f2db2724_0,2026-10-06
LT,Implicit Fossil Fuel Subsidies - Total,2022,2.67474916922886,"Black et al. 2023, IMF Fossil Fuel Subsidies Data: 2023 Update (IMF staff estimates; published Aug 2023, so 2023 and later values were estimated before the year ended)",https://climatedata.imf.org/datasets/d48cfd2124954fb0900cef95f2db2724_0,2026-10-06
LT,Implicit Fossil Fuel Subsidies - Total,2023,2.67895544958919,"Black et al. 2023, IMF Fossil Fuel Subsidies Data: 2023 Update (IMF staff estimates; published Aug 2023, so 2023 and later values were estimated before the year ended)",https://climatedata.imf.org/datasets/d48cfd2124954fb0900cef95f2db2724_0,2026-10-06
LT,Implicit Fossil Fuel Subsidies - Total,2024,2.74579623492851,"Black et al. 2023, IMF Fossil Fuel Subsidies Data: 2023 Update (IMF staff estimates; published Aug 2023, so 2023 and later values were estimated before the year ended)",https://climatedata.imf.org/datasets/d48cfd2124954fb0900cef95f2db2724_0,2026-10-06
LT,Implicit Fossil Fuel Subsidies - Total,2025,2.78719146066106,"Black et al. 2023, IMF Fossil Fuel Subsidies Data: 2023 Update (IMF staff estimates; published Aug 2023, so 2023 and later values were estimated before the year ended)",https://climatedata.imf.org/datasets/d48cfd2124954fb0900cef95f2db2724_0,2026-10-06
LU,Explicit Fossil Fuel Subsidies - Total,2015,0.603289652590614,"Black et al. 2023, IMF Fossil Fuel Subsidies Data: 2023 Update (IMF staff estimates; published Aug 2023, so 2023 and later values were estimated before the year ended)",https://climatedata.imf.org/datasets/d48cfd2124954fb0900cef95f2db2724_0,2026-10-06
LU,Explicit Fossil Fuel Subsidies - Total,2016,0.696789261476508,"Black et al. 2023, IMF Fossil Fuel Subsidies Data: 2023 Update (IMF staff estimates; published Aug 2023, so 2023 and later values were estimated before the year ended)",https://climatedata.imf.org/datasets/d48cfd2124954fb0900cef95f2db2724_0,2026-10-06
LU,Explicit Fossil Fuel Subsidies - Total,2017,0.759016270694483,"Black et al. 2023, IMF Fossil Fuel Subsidies Data: 2023 Update (IMF staff estimates; published Aug 2023, so 2023 and later values were estimated before the year ended)",https://climatedata.imf.org/datasets/d48cfd2124954fb0900cef95f2db2724_0,2026-10-06
LU,Explicit Fossil Fuel Subsidies - Total,2018,0.637991532844281,"Black et al. 2023, IMF Fossil Fuel Subsidies Data: 2023 Update (IMF staff estimates; published Aug 2023, so 2023 and later values were estimated before the year ended)",https://climatedata.imf.org/datasets/d48cfd2124954fb0900cef95f2db2724_0,2026-10-06
LU,Explicit Fossil Fuel Subsidies - Total,2019,0.532669773388668,"Black et al. 2023, IMF Fossil Fuel Subsidies Data: 2023 Update (IMF staff estimates; published Aug 2023, so 2023 and later values were estimated before the year ended)",https://climatedata.imf.org/datasets/d48cfd2124954fb0900cef95f2db2724_0,2026-10-06
LU,Explicit Fossil Fuel Subsidies - Total,2020,0.482618055906222,"Black et al. 2023, IMF Fossil Fuel Subsidies Data: 2023 Update (IMF staff estimates; published Aug 2023, so 2023 and later values were estimated before the year ended)",https://climatedata.imf.org/datasets/d48cfd2124954fb0900cef95f2db2724_0,2026-10-06
LU,Explicit Fossil Fuel Subsidies - Total,2021,0.583577687765137,"Black et al. 2023, IMF Fossil Fuel Subsidies Data: 2023 Update (IMF staff estimates; published Aug 2023, so 2023 and later values were estimated before the year ended)",https://climatedata.imf.org/datasets/d48cfd2124954fb0900cef95f2db2724_0,2026-10-06
LU,Explicit Fossil Fuel Subsidies - Total,2022,0.677230140774914,"Black et al. 2023, IMF Fossil Fuel Subsidies Data: 2023 Update (IMF staff estimates; published Aug 2023, so 2023 and later values were estimated before the year ended)",https://climatedata.imf.org/datasets/d48cfd2124954fb0900cef95f2db2724_0,2026-10-06
LU,Explicit Fossil Fuel Subsidies - Total,2023,0.658407582801651,"Black et al. 2023, IMF Fossil Fuel Subsidies Data: 2023 Update (IMF staff estimates; published Aug 2023, so 2023 and later values were estimated before the year ended)",https://climatedata.imf.org/datasets/d48cfd2124954fb0900cef95f2db2724_0,2026-10-06
LU,Explicit Fossil Fuel Subsidies - Total,2024,0.611208623158569,"Black et al. 2023, IMF Fossil Fuel Subsidies Data: 2023 Update (IMF staff estimates; published Aug 2023, so 2023 and later values were estimated before the year ended)",https://climatedata.imf.org/datasets/d48cfd2124954fb0900cef95f2db2724_0,2026-10-06
LU,Explicit Fossil Fuel Subsidies - Total,2025,0.57162730813019,"Black et al. 2023, IMF Fossil Fuel Subsidies Data: 2023 Update (IMF staff estimates; published Aug 2023, so 2023 and later values were estimated before the year ended)",https://climatedata.imf.org/datasets/d48cfd2124954fb0900cef95f2db2724_0,2026-10-06
LU,Fossil Fuel Subsidies - Total Implicit and Explicit,2015,3.80410472037904,"Black et al. 2023, IMF Fossil Fuel Subsidies Data: 2023 Update (IMF staff estimates; published Aug 2023, so 2023 and later values were estimated before the year ended)",https://climatedata.imf.org/datasets/d48cfd2124954fb0900cef95f2db2724_0,2026-10-06
LU,Fossil Fuel Subsidies - Total Implicit and Explicit,2016,3.26518466931051,"Black et al. 2023, IMF Fossil Fuel Subsidies Data: 2023 Update (IMF staff estimates; published Aug 2023, so 2023 and later values were estimated before the year ended)",https://climatedata.imf.org/datasets/d48cfd2124954fb0900cef95f2db2724_0,2026-10-06
LU,Fossil Fuel Subsidies - Total Implicit and Explicit,2017,3.59428728639674,"Black et al. 2023, IMF Fossil Fuel Subsidies Data: 2023 Update (IMF staff estimates; published Aug 2023, so 2023 and later values were estimated before the year ended)",https://climatedata.imf.org/datasets/d48cfd2124954fb0900cef95f2db2724_0,2026-10-06
LU,Fossil Fuel Subsidies - Total Implicit and Explicit,2018,3.65978610976151,"Black et al. 2023, IMF Fossil Fuel Subsidies Data: 2023 Update (IMF staff estimates; published Aug 2023, so 2023 and later values were estimated before the year ended)",https://climatedata.imf.org/datasets/d48cfd2124954fb0900cef95f2db2724_0,2026-10-06
LU,Fossil Fuel Subsidies - Total Implicit and Explicit,2019,4.13649933066781,"Black et al. 2023, IMF Fossil Fuel Subsidies Data: 2023 Update (IMF staff estimates; published Aug 2023, so 2023 and later values were estimated before the year ended)",https://climatedata.imf.org/datasets/d48cfd2124954fb0900cef95f2db2724_0,2026-10-06
LU,Fossil Fuel Subsidies - Total Implicit and Explicit,2020,3.69107654515007,"Black et al. 2023, IMF Fossil Fuel Subsidies Data: 2023 Update (IMF staff estimates; published Aug 2023, so 2023 and later values were estimated before the year ended)",https://climatedata.imf.org/datasets/d48cfd2124954fb0900cef95f2db2724_0,2026-10-06
LU,Fossil Fuel Subsidies - Total Implicit and Explicit,2021,4.10914983609718,"Black et al. 2023, IMF Fossil Fuel Subsidies Data: 2023 Update (IMF staff estimates; published Aug 2023, so 2023 and later values were estimated before the year ended)",https://climatedata.imf.org/datasets/d48cfd2124954fb0900cef95f2db2724_0,2026-10-06
LU,Fossil Fuel Subsidies - Total Implicit and Explicit,2022,4.21390341441431,"Black et al. 2023, IMF Fossil Fuel Subsidies Data: 2023 Update (IMF staff estimates; published Aug 2023, so 2023 and later values were estimated before the year ended)",https://climatedata.imf.org/datasets/d48cfd2124954fb0900cef95f2db2724_0,2026-10-06
LU,Fossil Fuel Subsidies - Total Implicit and Explicit,2023,4.24240295083505,"Black et al. 2023, IMF Fossil Fuel Subsidies Data: 2023 Update (IMF staff estimates; published Aug 2023, so 2023 and later values were estimated before the year ended)",https://climatedata.imf.org/datasets/d48cfd2124954fb0900cef95f2db2724_0,2026-10-06
LU,Fossil Fuel Subsidies - Total Implicit and Explicit,2024,4.37953789802361,"Black et al. 2023, IMF Fossil Fuel Subsidies Data: 2023 Update (IMF staff estimates; published Aug 2023, so 2023 and later values were estimated before the year ended)",https://climatedata.imf.org/datasets/d48cfd2124954fb0900cef95f2db2724_0,2026-10-06
LU,Fossil Fuel Subsidies - Total Implicit and Explicit,2025,4.41670008371283,"Black et al. 2023, IMF Fossil Fuel Subsidies Data: 2023 Update (IMF staff estimates; published Aug 2023, so 2023 and later values were estimated before the year ended)",https://climatedata.imf.org/datasets/d48cfd2124954fb0900cef95f2db2724_0,2026-10-06
LU,Implicit Fossil Fuel Subsidies - Total,2015,3.20081506808286,"Black et al. 2023, IMF Fossil Fuel Subsidies Data: 2023 Update (IMF staff estimates; published Aug 2023, so 2023 and later values were estimated before the year ended)",https://climatedata.imf.org/datasets/d48cfd2124954fb0900cef95f2db2724_0,2026-10-06
LU,Implicit Fossil Fuel Subsidies - Total,2016,2.56839540812124,"Black et al. 2023, IMF Fossil Fuel Subsidies Data: 2023 Update (IMF staff estimates; published Aug 2023, so 2023 and later values were estimated before the year ended)",https://climatedata.imf.org/datasets/d48cfd2124954fb0900cef95f2db2724_0,2026-10-06
LU,Implicit Fossil Fuel Subsidies - Total,2017,2.83527101556369,"Black et al. 2023, IMF Fossil Fuel Subsidies Data: 2023 Update (IMF staff estimates; published Aug 2023, so 2023 and later values were estimated before the year ended)",https://climatedata.imf.org/datasets/d48cfd2124954fb0900cef95f2db2724_0,2026-10-06
LU,Implicit Fossil Fuel Subsidies - Total,2018,3.02179457626381,"Black et al. 2023, IMF Fossil Fuel Subsidies Data: 2023 Update (IMF staff estimates; published Aug 2023, so 2023 and later values were estimated before the year ended)",https://climatedata.imf.org/datasets/d48cfd2124954fb0900cef95f2db2724_0,2026-10-06
LU,Implicit Fossil Fuel Subsidies - Total,2019,3.60382955689956,"Black et al. 2023, IMF Fossil Fuel Subsidies Data: 2023 Update (IMF staff estimates; published Aug 2023, so 2023 and later values were estimated before the year ended)",https://climatedata.imf.org/datasets/d48cfd2124954fb0900cef95f2db2724_0,2026-10-06
LU,Implicit Fossil Fuel Subsidies - Total,2020,3.20845849027438,"Black et al. 2023, IMF Fossil Fuel Subsidies Data: 2023 Update (IMF staff estimates; published Aug 2023, so 2023 and later values were estimated before the year ended)",https://climatedata.imf.org/datasets/d48cfd2124954fb0900cef95f2db2724_0,2026-10-06
LU,Implicit Fossil Fuel Subsidies - Total,2021,3.52557214857308,"Black et al. 2023, IMF Fossil Fuel Subsidies Data: 2023 Update (IMF staff estimates; published Aug 2023, so 2023 and later values were estimated before the year ended)",https://climatedata.imf.org/datasets/d48cfd2124954fb0900cef95f2db2724_0,2026-10-06
LU,Implicit Fossil Fuel Subsidies - Total,2022,3.53667327292781,"Black et al. 2023, IMF Fossil Fuel Subsidies Data: 2023 Update (IMF staff estimates; published Aug 2023, so 2023 and later values were estimated before the year ended)",https://climatedata.imf.org/datasets/d48cfd2124954fb0900cef95f2db2724_0,2026-10-06
LU,Implicit Fossil Fuel Subsidies - Total,2023,3.58399536850253,"Black et al. 2023, IMF Fossil Fuel Subsidies Data: 2023 Update (IMF staff estimates; published Aug 2023, so 2023 and later values were estimated before the year ended)",https://climatedata.imf.org/datasets/d48cfd2124954fb0900cef95f2db2724_0,2026-10-06
LU,Implicit Fossil Fuel Subsidies - Total,2024,3.76832927417879,"Black et al. 2023, IMF Fossil Fuel Subsidies Data: 2023 Update (IMF staff estimates; published Aug 2023, so 2023 and later values were estimated before the year ended)",https://climatedata.imf.org/datasets/d48cfd2124954fb0900cef95f2db2724_0,2026-10-06
LU,Implicit Fossil Fuel Subsidies - Total,2025,3.84507277547102,"Black et al. 2023, IMF Fossil Fuel Subsidies Data: 2023 Update (IMF staff estimates; published Aug 2023, so 2023 and later values were estimated before the year ended)",https://climatedata.imf.org/datasets/d48cfd2124954fb0900cef95f2db2724_0,2026-10-06
MT,Explicit Fossil Fuel Subsidies - Total,2015,0,"Black et al. 2023, IMF Fossil Fuel Subsidies Data: 2023 Update (IMF staff estimates; published Aug 2023, so 2023 and later values were estimated before the year ended)",https://climatedata.imf.org/datasets/d48cfd2124954fb0900cef95f2db2724_0,2026-10-06
MT,Explicit Fossil Fuel Subsidies - Total,2016,0,"Black et al. 2023, IMF Fossil Fuel Subsidies Data: 2023 Update (IMF staff estimates; published Aug 2023, so 2023 and later values were estimated before the year ended)",https://climatedata.imf.org/datasets/d48cfd2124954fb0900cef95f2db2724_0,2026-10-06
MT,Explicit Fossil Fuel Subsidies - Total,2017,0,"Black et al. 2023, IMF Fossil Fuel Subsidies Data: 2023 Update (IMF staff estimates; published Aug 2023, so 2023 and later values were estimated before the year ended)",https://climatedata.imf.org/datasets/d48cfd2124954fb0900cef95f2db2724_0,2026-10-06
MT,Explicit Fossil Fuel Subsidies - Total,2018,0,"Black et al. 2023, IMF Fossil Fuel Subsidies Data: 2023 Update (IMF staff estimates; published Aug 2023, so 2023 and later values were estimated before the year ended)",https://climatedata.imf.org/datasets/d48cfd2124954fb0900cef95f2db2724_0,2026-10-06
MT,Explicit Fossil Fuel Subsidies - Total,2019,0,"Black et al. 2023, IMF Fossil Fuel Subsidies Data: 2023 Update (IMF staff estimates; published Aug 2023, so 2023 and later values were estimated before the year ended)",https://climatedata.imf.org/datasets/d48cfd2124954fb0900cef95f2db2724_0,2026-10-06
MT,Explicit Fossil Fuel Subsidies - Total,2020,0,"Black et al. 2023, IMF Fossil Fuel Subsidies Data: 2023 Update (IMF staff estimates; published Aug 2023, so 2023 and later values were estimated before the year ended)",https://climatedata.imf.org/datasets/d48cfd2124954fb0900cef95f2db2724_0,2026-10-06
MT,Explicit Fossil Fuel Subsidies - Total,2021,0,"Black et al. 2023, IMF Fossil Fuel Subsidies Data: 2023 Update (IMF staff estimates; published Aug 2023, so 2023 and later values were estimated before the year ended)",https://climatedata.imf.org/datasets/d48cfd2124954fb0900cef95f2db2724_0,2026-10-06
MT,Explicit Fossil Fuel Subsidies - Total,2022,0,"Black et al. 2023, IMF Fossil Fuel Subsidies Data: 2023 Update (IMF staff estimates; published Aug 2023, so 2023 and later values were estimated before the year ended)",https://climatedata.imf.org/datasets/d48cfd2124954fb0900cef95f2db2724_0,2026-10-06
MT,Explicit Fossil Fuel Subsidies - Total,2023,0,"Black et al. 2023, IMF Fossil Fuel Subsidies Data: 2023 Update (IMF staff estimates; published Aug 2023, so 2023 and later values were estimated before the year ended)",https://climatedata.imf.org/datasets/d48cfd2124954fb0900cef95f2db2724_0,2026-10-06
MT,Explicit Fossil Fuel Subsidies - Total,2024,0,"Black et al. 2023, IMF Fossil Fuel Subsidies Data: 2023 Update (IMF staff estimates; published Aug 2023, so 2023 and later values were estimated before the year ended)",https://climatedata.imf.org/datasets/d48cfd2124954fb0900cef95f2db2724_0,2026-10-06
MT,Explicit Fossil Fuel Subsidies - Total,2025,0,"Black et al. 2023, IMF Fossil Fuel Subsidies Data: 2023 Update (IMF staff estimates; published Aug 2023, so 2023 and later values were estimated before the year ended)",https://climatedata.imf.org/datasets/d48cfd2124954fb0900cef95f2db2724_0,2026-10-06
MT,Fossil Fuel Subsidies - Total Implicit and Explicit,2015,4.06271181882297,"Black et al. 2023, IMF Fossil Fuel Subsidies Data: 2023 Update (IMF staff estimates; published Aug 2023, so 2023 and later values were estimated before the year ended)",https://climatedata.imf.org/datasets/d48cfd2124954fb0900cef95f2db2724_0,2026-10-06
MT,Fossil Fuel Subsidies - Total Implicit and Explicit,2016,2.99577375305239,"Black et al. 2023, IMF Fossil Fuel Subsidies Data: 2023 Update (IMF staff estimates; published Aug 2023, so 2023 and later values were estimated before the year ended)",https://climatedata.imf.org/datasets/d48cfd2124954fb0900cef95f2db2724_0,2026-10-06
MT,Fossil Fuel Subsidies - Total Implicit and Explicit,2017,2.17388976361135,"Black et al. 2023, IMF Fossil Fuel Subsidies Data: 2023 Update (IMF staff estimates; published Aug 2023, so 2023 and later values were estimated before the year ended)",https://climatedata.imf.org/datasets/d48cfd2124954fb0900cef95f2db2724_0,2026-10-06
MT,Fossil Fuel Subsidies - Total Implicit and Explicit,2018,2.06492343263659,"Black et al. 2023, IMF Fossil Fuel Subsidies Data: 2023 Update (IMF staff estimates; published Aug 2023, so 2023 and later values were estimated before the year ended)",https://climatedata.imf.org/datasets/d48cfd2124954fb0900cef95f2db2724_0,2026-10-06
MT,Fossil Fuel Subsidies - Total Implicit and Explicit,2019,2.42304509399253,"Black et al. 2023, IMF Fossil Fuel Subsidies Data: 2023 Update (IMF staff estimates; published Aug 2023, so 2023 and later values were estimated before the year ended)",https://climatedata.imf.org/datasets/d48cfd2124954fb0900cef95f2db2724_0,2026-10-06
MT,Fossil Fuel Subsidies - Total Implicit and Explicit,2020,1.54236929516523,"Black et al. 2023, IMF Fossil Fuel Subsidies Data: 2023 Update (IMF staff estimates; published Aug 2023, so 2023 and later values were estimated before the year ended)",https://climatedata.imf.org/datasets/d48cfd2124954fb0900cef95f2db2724_0,2026-10-06
MT,Fossil Fuel Subsidies - Total Implicit and Explicit,2021,2.08310574051964,"Black et al. 2023, IMF Fossil Fuel Subsidies Data: 2023 Update (IMF staff estimates; published Aug 2023, so 2023 and later values were estimated before the year ended)",https://climatedata.imf.org/datasets/d48cfd2124954fb0900cef95f2db2724_0,2026-10-06
MT,Fossil Fuel Subsidies - Total Implicit and Explicit,2022,2.86006033608049,"Black et al. 2023, IMF Fossil Fuel Subsidies Data: 2023 Update (IMF staff estimates; published Aug 2023, so 2023 and later values were estimated before the year ended)",https://climatedata.imf.org/datasets/d48cfd2124954fb0900cef95f2db2724_0,2026-10-06
MT,Fossil Fuel Subsidies - Total Implicit and Explicit,2023,2.26658086143486,"Black et al. 2023, IMF Fossil Fuel Subsidies Data: 2023 Update (IMF staff estimates; published Aug 2023, so 2023 and later values were estimated before the year ended)",https://climatedata.imf.org/datasets/d48cfd2124954fb0900cef95f2db2724_0,2026-10-06
MT,Fossil Fuel Subsidies - Total Implicit and Explicit,2024,2.054245593322,"Black et al. 2023, IMF Fossil Fuel Subsidies Data: 2023 Update (IMF staff estimates; published Aug 2023, so 2023 and later values were estimated before the year ended)",https://climatedata.imf.org/datasets/d48cfd2124954fb0900cef95f2db2724_0,2026-10-06
MT,Fossil Fuel Subsidies - Total Implicit and Explicit,2025,1.97998038940359,"Black et al. 2023, IMF Fossil Fuel Subsidies Data: 2023 Update (IMF staff estimates; published Aug 2023, so 2023 and later values were estimated before the year ended)",https://climatedata.imf.org/datasets/d48cfd2124954fb0900cef95f2db2724_0,2026-10-06
MT,Implicit Fossil Fuel Subsidies - Total,2015,4.06271181882297,"Black et al. 2023, IMF Fossil Fuel Subsidies Data: 2023 Update (IMF staff estimates; published Aug 2023, so 2023 and later values were estimated before the year ended)",https://climatedata.imf.org/datasets/d48cfd2124954fb0900cef95f2db2724_0,2026-10-06
MT,Implicit Fossil Fuel Subsidies - Total,2016,2.99577375305239,"Black et al. 2023, IMF Fossil Fuel Subsidies Data: 2023 Update (IMF staff estimates; published Aug 2023, so 2023 and later values were estimated before the year ended)",https://climatedata.imf.org/datasets/d48cfd2124954fb0900cef95f2db2724_0,2026-10-06
MT,Implicit Fossil Fuel Subsidies - Total,2017,2.17388976361135,"Black et al. 2023, IMF Fossil Fuel Subsidies Data: 2023 Update (IMF staff estimates; published Aug 2023, so 2023 and later values were estimated before the year ended)",https://climatedata.imf.org/datasets/d48cfd2124954fb0900cef95f2db2724_0,2026-10-06
MT,Implicit Fossil Fuel Subsidies - Total,2018,2.06492343263659,"Black et al. 2023, IMF Fossil Fuel Subsidies Data: 2023 Update (IMF staff estimates; published Aug 2023, so 2023 and later values were estimated before the year ended)",https://climatedata.imf.org/datasets/d48cfd2124954fb0900cef95f2db2724_0,2026-10-06
MT,Implicit Fossil Fuel Subsidies - Total,2019,2.42304509399253,"Black et al. 2023, IMF Fossil Fuel Subsidies Data: 2023 Update (IMF staff estimates; published Aug 2023, so 2023 and later values were estimated before the year ended)",https://climatedata.imf.org/datasets/d48cfd2124954fb0900cef95f2db2724_0,2026-10-06
MT,Implicit Fossil Fuel Subsidies - Total,2020,1.54236929516523,"Black et al. 2023, IMF Fossil Fuel Subsidies Data: 2023 Update (IMF staff estimates; published Aug 2023, so 2023 and later values were estimated before the year ended)",https://climatedata.imf.org/datasets/d48cfd2124954fb0900cef95f2db2724_0,2026-10-06
MT,Implicit Fossil Fuel Subsidies - Total,2021,2.08310574051964,"Black et al. 2023, IMF Fossil Fuel Subsidies Data: 2023 Update (IMF staff estimates; published Aug 2023, so 2023 and later values were estimated before the year ended)",https://climatedata.imf.org/datasets/d48cfd2124954fb0900cef95f2db2724_0,2026-10-06
MT,Implicit Fossil Fuel Subsidies - Total,2022,2.86006033608049,"Black et al. 2023, IMF Fossil Fuel Subsidies Data: 2023 Update (IMF staff estimates; published Aug 2023, so 2023 and later values were estimated before the year ended)",https://climatedata.imf.org/datasets/d48cfd2124954fb0900cef95f2db2724_0,2026-10-06
MT,Implicit Fossil Fuel Subsidies - Total,2023,2.26658086143486,"Black et al. 2023, IMF Fossil Fuel Subsidies Data: 2023 Update (IMF staff estimates; published Aug 2023, so 2023 and later values were estimated before the year ended)",https://climatedata.imf.org/datasets/d48cfd2124954fb0900cef95f2db2724_0,2026-10-06
MT,Implicit Fossil Fuel Subsidies - Total,2024,2.054245593322,"Black et al. 2023, IMF Fossil Fuel Subsidies Data: 2023 Update (IMF staff estimates; published Aug 2023, so 2023 and later values were estimated before the year ended)",https://climatedata.imf.org/datasets/d48cfd2124954fb0900cef95f2db2724_0,2026-10-06
MT,Implicit Fossil Fuel Subsidies - Total,2025,1.97998038940359,"Black et al. 2023, IMF Fossil Fuel Subsidies Data: 2023 Update (IMF staff estimates; published Aug 2023, so 2023 and later values were estimated before the year ended)",https://climatedata.imf.org/datasets/d48cfd2124954fb0900cef95f2db2724_0,2026-10-06
NL,Explicit Fossil Fuel Subsidies - Total,2015,0.755891916477914,"Black et al. 2023, IMF Fossil Fuel Subsidies Data: 2023 Update (IMF staff estimates; published Aug 2023, so 2023 and later values were estimated before the year ended)",https://climatedata.imf.org/datasets/d48cfd2124954fb0900cef95f2db2724_0,2026-10-06
NL,Explicit Fossil Fuel Subsidies - Total,2016,0.816340433842374,"Black et al. 2023, IMF Fossil Fuel Subsidies Data: 2023 Update (IMF staff estimates; published Aug 2023, so 2023 and later values were estimated before the year ended)",https://climatedata.imf.org/datasets/d48cfd2124954fb0900cef95f2db2724_0,2026-10-06
NL,Explicit Fossil Fuel Subsidies - Total,2017,0.828547433827548,"Black et al. 2023, IMF Fossil Fuel Subsidies Data: 2023 Update (IMF staff estimates; published Aug 2023, so 2023 and later values were estimated before the year ended)",https://climatedata.imf.org/datasets/d48cfd2124954fb0900cef95f2db2724_0,2026-10-06
NL,Explicit Fossil Fuel Subsidies - Total,2018,0.806222971331881,"Black et al. 2023, IMF Fossil Fuel Subsidies Data: 2023 Update (IMF staff estimates; published Aug 2023, so 2023 and later values were estimated before the year ended)",https://climatedata.imf.org/datasets/d48cfd2124954fb0900cef95f2db2724_0,2026-10-06
NL,Explicit Fossil Fuel Subsidies - Total,2019,0.611400240611936,"Black et al. 2023, IMF Fossil Fuel Subsidies Data: 2023 Update (IMF staff estimates; published Aug 2023, so 2023 and later values were estimated before the year ended)",https://climatedata.imf.org/datasets/d48cfd2124954fb0900cef95f2db2724_0,2026-10-06
NL,Explicit Fossil Fuel Subsidies - Total,2020,0.59436343482956,"Black et al. 2023, IMF Fossil Fuel Subsidies Data: 2023 Update (IMF staff estimates; published Aug 2023, so 2023 and later values were estimated before the year ended)",https://climatedata.imf.org/datasets/d48cfd2124954fb0900cef95f2db2724_0,2026-10-06
NL,Explicit Fossil Fuel Subsidies - Total,2021,0.612295165256831,"Black et al. 2023, IMF Fossil Fuel Subsidies Data: 2023 Update (IMF staff estimates; published Aug 2023, so 2023 and later values were estimated before the year ended)",https://climatedata.imf.org/datasets/d48cfd2124954fb0900cef95f2db2724_0,2026-10-06
NL,Explicit Fossil Fuel Subsidies - Total,2022,0.838187170482355,"Black et al. 2023, IMF Fossil Fuel Subsidies Data: 2023 Update (IMF staff estimates; published Aug 2023, so 2023 and later values were estimated before the year ended)",https://climatedata.imf.org/datasets/d48cfd2124954fb0900cef95f2db2724_0,2026-10-06
NL,Explicit Fossil Fuel Subsidies - Total,2023,0.80138576935677,"Black et al. 2023, IMF Fossil Fuel Subsidies Data: 2023 Update (IMF staff estimates; published Aug 2023, so 2023 and later values were estimated before the year ended)",https://climatedata.imf.org/datasets/d48cfd2124954fb0900cef95f2db2724_0,2026-10-06
NL,Explicit Fossil Fuel Subsidies - Total,2024,0.643045419833903,"Black et al. 2023, IMF Fossil Fuel Subsidies Data: 2023 Update (IMF staff estimates; published Aug 2023, so 2023 and later values were estimated before the year ended)",https://climatedata.imf.org/datasets/d48cfd2124954fb0900cef95f2db2724_0,2026-10-06
NL,Explicit Fossil Fuel Subsidies - Total,2025,0.586476231851576,"Black et al. 2023, IMF Fossil Fuel Subsidies Data: 2023 Update (IMF staff estimates; published Aug 2023, so 2023 and later values were estimated before the year ended)",https://climatedata.imf.org/datasets/d48cfd2124954fb0900cef95f2db2724_0,2026-10-06
NL,Fossil Fuel Subsidies - Total Implicit and Explicit,2015,1.81486006984115,"Black et al. 2023, IMF Fossil Fuel Subsidies Data: 2023 Update (IMF staff estimates; published Aug 2023, so 2023 and later values were estimated before the year ended)",https://climatedata.imf.org/datasets/d48cfd2124954fb0900cef95f2db2724_0,2026-10-06
NL,Fossil Fuel Subsidies - Total Implicit and Explicit,2016,1.69771089943014,"Black et al. 2023, IMF Fossil Fuel Subsidies Data: 2023 Update (IMF staff estimates; published Aug 2023, so 2023 and later values were estimated before the year ended)",https://climatedata.imf.org/datasets/d48cfd2124954fb0900cef95f2db2724_0,2026-10-06
NL,Fossil Fuel Subsidies - Total Implicit and Explicit,2017,1.6686800494666,"Black et al. 2023, IMF Fossil Fuel Subsidies Data: 2023 Update (IMF staff estimates; published Aug 2023, so 2023 and later values were estimated before the year ended)",https://climatedata.imf.org/datasets/d48cfd2124954fb0900cef95f2db2724_0,2026-10-06
NL,Fossil Fuel Subsidies - Total Implicit and Explicit,2018,1.57758539925942,"Black et al. 2023, IMF Fossil Fuel Subsidies Data: 2023 Update (IMF staff estimates; published Aug 2023, so 2023 and later values were estimated before the year ended)",https://climatedata.imf.org/datasets/d48cfd2124954fb0900cef95f2db2724_0,2026-10-06
NL,Fossil Fuel Subsidies - Total Implicit and Explicit,2019,1.44218245122285,"Black et al. 2023, IMF Fossil Fuel Subsidies Data: 2023 Update (IMF staff estimates; published Aug 2023, so 2023 and later values were estimated before the year ended)",https://climatedata.imf.org/datasets/d48cfd2124954fb0900cef95f2db2724_0,2026-10-06
NL,Fossil Fuel Subsidies - Total Implicit and Explicit,2020,1.22028369110857,"Black et al. 2023, IMF Fossil Fuel Subsidies Data: 2023 Update (IMF staff estimates; published Aug 2023, so 2023 and later values were estimated before the year ended)",https://climatedata.imf.org/datasets/d48cfd2124954fb0900cef95f2db2724_0,2026-10-06
NL,Fossil Fuel Subsidies - Total Implicit and Explicit,2021,1.25098469897434,"Black et al. 2023, IMF Fossil Fuel Subsidies Data: 2023 Update (IMF staff estimates; published Aug 2023, so 2023 and later values were estimated before the year ended)",https://climatedata.imf.org/datasets/d48cfd2124954fb0900cef95f2db2724_0,2026-10-06
NL,Fossil Fuel Subsidies - Total Implicit and Explicit,2022,2.26997832426026,"Black et al. 2023, IMF Fossil Fuel Subsidies Data: 2023 Update (IMF staff estimates; published Aug 2023, so 2023 and later values were estimated before the year ended)",https://climatedata.imf.org/datasets/d48cfd2124954fb0900cef95f2db2724_0,2026-10-06
NL,Fossil Fuel Subsidies - Total Implicit and Explicit,2023,2.25955799029243,"Black et al. 2023, IMF Fossil Fuel Subsidies Data: 2023 Update (IMF staff estimates; published Aug 2023, so 2023 and later values were estimated before the year ended)",https://climatedata.imf.org/datasets/d48cfd2124954fb0900cef95f2db2724_0,2026-10-06
NL,Fossil Fuel Subsidies - Total Implicit and Explicit,2024,2.05396863464194,"Black et al. 2023, IMF Fossil Fuel Subsidies Data: 2023 Update (IMF staff estimates; published Aug 2023, so 2023 and later values were estimated before the year ended)",https://climatedata.imf.org/datasets/d48cfd2124954fb0900cef95f2db2724_0,2026-10-06
NL,Fossil Fuel Subsidies - Total Implicit and Explicit,2025,1.86661407723648,"Black et al. 2023, IMF Fossil Fuel Subsidies Data: 2023 Update (IMF staff estimates; published Aug 2023, so 2023 and later values were estimated before the year ended)",https://climatedata.imf.org/datasets/d48cfd2124954fb0900cef95f2db2724_0,2026-10-06
NL,Implicit Fossil Fuel Subsidies - Total,2015,1.05896815290118,"Black et al. 2023, IMF Fossil Fuel Subsidies Data: 2023 Update (IMF staff estimates; published Aug 2023, so 2023 and later values were estimated before the year ended)",https://climatedata.imf.org/datasets/d48cfd2124954fb0900cef95f2db2724_0,2026-10-06
NL,Implicit Fossil Fuel Subsidies - Total,2016,0.88137046535984,"Black et al. 2023, IMF Fossil Fuel Subsidies Data: 2023 Update (IMF staff estimates; published Aug 2023, so 2023 and later values were estimated before the year ended)",https://climatedata.imf.org/datasets/d48cfd2124954fb0900cef95f2db2724_0,2026-10-06
NL,Implicit Fossil Fuel Subsidies - Total,2017,0.840132615529858,"Black et al. 2023, IMF Fossil Fuel Subsidies Data: 2023 Update (IMF staff estimates; published Aug 2023, so 2023 and later values were estimated before the year ended)",https://climatedata.imf.org/datasets/d48cfd2124954fb0900cef95f2db2724_0,2026-10-06
NL,Implicit Fossil Fuel Subsidies - Total,2018,0.771362428233297,"Black et al. 2023, IMF Fossil Fuel Subsidies Data: 2023 Update (IMF staff estimates; published Aug 2023, so 2023 and later values were estimated before the year ended)",https://climatedata.imf.org/datasets/d48cfd2124954fb0900cef95f2db2724_0,2026-10-06
NL,Implicit Fossil Fuel Subsidies - Total,2019,0.830782210111099,"Black et al. 2023, IMF Fossil Fuel Subsidies Data: 2023 Update (IMF staff estimates; published Aug 2023, so 2023 and later values were estimated before the year ended)",https://climatedata.imf.org/datasets/d48cfd2124954fb0900cef95f2db2724_0,2026-10-06
NL,Implicit Fossil Fuel Subsidies - Total,2020,0.625920256799186,"Black et al. 2023, IMF Fossil Fuel Subsidies Data: 2023 Update (IMF staff estimates; published Aug 2023, so 2023 and later values were estimated before the year ended)",https://climatedata.imf.org/datasets/d48cfd2124954fb0900cef95f2db2724_0,2026-10-06
NL,Implicit Fossil Fuel Subsidies - Total,2021,0.638689534015121,"Black et al. 2023, IMF Fossil Fuel Subsidies Data: 2023 Update (IMF staff estimates; published Aug 2023, so 2023 and later values were estimated before the year ended)",https://climatedata.imf.org/datasets/d48cfd2124954fb0900cef95f2db2724_0,2026-10-06
NL,Implicit Fossil Fuel Subsidies - Total,2022,1.43179115358813,"Black et al. 2023, IMF Fossil Fuel Subsidies Data: 2023 Update (IMF staff estimates; published Aug 2023, so 2023 and later values were estimated before the year ended)",https://climatedata.imf.org/datasets/d48cfd2124954fb0900cef95f2db2724_0,2026-10-06
NL,Implicit Fossil Fuel Subsidies - Total,2023,1.45817222084152,"Black et al. 2023, IMF Fossil Fuel Subsidies Data: 2023 Update (IMF staff estimates; published Aug 2023, so 2023 and later values were estimated before the year ended)",https://climatedata.imf.org/datasets/d48cfd2124954fb0900cef95f2db2724_0,2026-10-06
NL,Implicit Fossil Fuel Subsidies - Total,2024,1.41092321434522,"Black et al. 2023, IMF Fossil Fuel Subsidies Data: 2023 Update (IMF staff estimates; published Aug 2023, so 2023 and later values were estimated before the year ended)",https://climatedata.imf.org/datasets/d48cfd2124954fb0900cef95f2db2724_0,2026-10-06
NL,Implicit Fossil Fuel Subsidies - Total,2025,1.28013784511159,"Black et al. 2023, IMF Fossil Fuel Subsidies Data: 2023 Update (IMF staff estimates; published Aug 2023, so 2023 and later values were estimated before the year ended)",https://climatedata.imf.org/datasets/d48cfd2124954fb0900cef95f2db2724_0,2026-10-06
PL,Explicit Fossil Fuel Subsidies - Total,2015,0.288848029798592,"Black et al. 2023, IMF Fossil Fuel Subsidies Data: 2023 Update (IMF staff estimates; published Aug 2023, so 2023 and later values were estimated before the year ended)",https://climatedata.imf.org/datasets/d48cfd2124954fb0900cef95f2db2724_0,2026-10-06
PL,Explicit Fossil Fuel Subsidies - Total,2016,1.02356228535375,"Black et al. 2023, IMF Fossil Fuel Subsidies Data: 2023 Update (IMF staff estimates; published Aug 2023, so 2023 and later values were estimated before the year ended)",https://climatedata.imf.org/datasets/d48cfd2124954fb0900cef95f2db2724_0,2026-10-06
PL,Explicit Fossil Fuel Subsidies - Total,2017,1.41288732074114,"Black et al. 2023, IMF Fossil Fuel Subsidies Data: 2023 Update (IMF staff estimates; published Aug 2023, so 2023 and later values were estimated before the year ended)",https://climatedata.imf.org/datasets/d48cfd2124954fb0900cef95f2db2724_0,2026-10-06
PL,Explicit Fossil Fuel Subsidies - Total,2018,1.2977082075188,"Black et al. 2023, IMF Fossil Fuel Subsidies Data: 2023 Update (IMF staff estimates; published Aug 2023, so 2023 and later values were estimated before the year ended)",https://climatedata.imf.org/datasets/d48cfd2124954fb0900cef95f2db2724_0,2026-10-06
PL,Explicit Fossil Fuel Subsidies - Total,2019,1.22137824995721,"Black et al. 2023, IMF Fossil Fuel Subsidies Data: 2023 Update (IMF staff estimates; published Aug 2023, so 2023 and later values were estimated before the year ended)",https://climatedata.imf.org/datasets/d48cfd2124954fb0900cef95f2db2724_0,2026-10-06
PL,Explicit Fossil Fuel Subsidies - Total,2020,0.757219949758161,"Black et al. 2023, IMF Fossil Fuel Subsidies Data: 2023 Update (IMF staff estimates; published Aug 2023, so 2023 and later values were estimated before the year ended)",https://climatedata.imf.org/datasets/d48cfd2124954fb0900cef95f2db2724_0,2026-10-06
PL,Explicit Fossil Fuel Subsidies - Total,2021,1.17353037632325,"Black et al. 2023, IMF Fossil Fuel Subsidies Data: 2023 Update (IMF staff estimates; published Aug 2023, so 2023 and later values were estimated before the year ended)",https://climatedata.imf.org/datasets/d48cfd2124954fb0900cef95f2db2724_0,2026-10-06
PL,Explicit Fossil Fuel Subsidies - Total,2022,1.45563288430437,"Black et al. 2023, IMF Fossil Fuel Subsidies Data: 2023 Update (IMF staff estimates; published Aug 2023, so 2023 and later values were estimated before the year ended)",https://climatedata.imf.org/datasets/d48cfd2124954fb0900cef95f2db2724_0,2026-10-06
PL,Explicit Fossil Fuel Subsidies - Total,2023,1.20131384366282,"Black et al. 2023, IMF Fossil Fuel Subsidies Data: 2023 Update (IMF staff estimates; published Aug 2023, so 2023 and later values were estimated before the year ended)",https://climatedata.imf.org/datasets/d48cfd2124954fb0900cef95f2db2724_0,2026-10-06
PL,Explicit Fossil Fuel Subsidies - Total,2024,1.11998834950664,"Black et al. 2023, IMF Fossil Fuel Subsidies Data: 2023 Update (IMF staff estimates; published Aug 2023, so 2023 and later values were estimated before the year ended)",https://climatedata.imf.org/datasets/d48cfd2124954fb0900cef95f2db2724_0,2026-10-06
PL,Explicit Fossil Fuel Subsidies - Total,2025,1.05980393244984,"Black et al. 2023, IMF Fossil Fuel Subsidies Data: 2023 Update (IMF staff estimates; published Aug 2023, so 2023 and later values were estimated before the year ended)",https://climatedata.imf.org/datasets/d48cfd2124954fb0900cef95f2db2724_0,2026-10-06
PL,Fossil Fuel Subsidies - Total Implicit and Explicit,2015,7.22319334642789,"Black et al. 2023, IMF Fossil Fuel Subsidies Data: 2023 Update (IMF staff estimates; published Aug 2023, so 2023 and later values were estimated before the year ended)",https://climatedata.imf.org/datasets/d48cfd2124954fb0900cef95f2db2724_0,2026-10-06
PL,Fossil Fuel Subsidies - Total Implicit and Explicit,2016,8.6965823349872,"Black et al. 2023, IMF Fossil Fuel Subsidies Data: 2023 Update (IMF staff estimates; published Aug 2023, so 2023 and later values were estimated before the year ended)",https://climatedata.imf.org/datasets/d48cfd2124954fb0900cef95f2db2724_0,2026-10-06
PL,Fossil Fuel Subsidies - Total Implicit and Explicit,2017,8.64921222017564,"Black et al. 2023, IMF Fossil Fuel Subsidies Data: 2023 Update (IMF staff estimates; published Aug 2023, so 2023 and later values were estimated before the year ended)",https://climatedata.imf.org/datasets/d48cfd2124954fb0900cef95f2db2724_0,2026-10-06
PL,Fossil Fuel Subsidies - Total Implicit and Explicit,2018,8.49306018402505,"Black et al. 2023, IMF Fossil Fuel Subsidies Data: 2023 Update (IMF staff estimates; published Aug 2023, so 2023 and later values were estimated before the year ended)",https://climatedata.imf.org/datasets/d48cfd2124954fb0900cef95f2db2724_0,2026-10-06
PL,Fossil Fuel Subsidies - Total Implicit and Explicit,2019,7.78643326956488,"Black et al. 2023, IMF Fossil Fuel Subsidies Data: 2023 Update (IMF staff estimates; published Aug 2023, so 2023 and later values were estimated before the year ended)",https://climatedata.imf.org/datasets/d48cfd2124954fb0900cef95f2db2724_0,2026-10-06
PL,Fossil Fuel Subsidies - Total Implicit and Explicit,2020,6.54237131259128,"Black et al. 2023, IMF Fossil Fuel Subsidies Data: 2023 Update (IMF staff estimates; published Aug 2023, so 2023 and later values were estimated before the year ended)",https://climatedata.imf.org/datasets/d48cfd2124954fb0900cef95f2db2724_0,2026-10-06
PL,Fossil Fuel Subsidies - Total Implicit and Explicit,2021,6.91053575633995,"Black et al. 2023, IMF Fossil Fuel Subsidies Data: 2023 Update (IMF staff estimates; published Aug 2023, so 2023 and later values were estimated before the year ended)",https://climatedata.imf.org/datasets/d48cfd2124954fb0900cef95f2db2724_0,2026-10-06
PL,Fossil Fuel Subsidies - Total Implicit and Explicit,2022,7.88375226251993,"Black et al. 2023, IMF Fossil Fuel Subsidies Data: 2023 Update (IMF staff estimates; published Aug 2023, so 2023 and later values were estimated before the year ended)",https://climatedata.imf.org/datasets/d48cfd2124954fb0900cef95f2db2724_0,2026-10-06
PL,Fossil Fuel Subsidies - Total Implicit and Explicit,2023,7.16901033743148,"Black et al. 2023, IMF Fossil Fuel Subsidies Data: 2023 Update (IMF staff estimates; published Aug 2023, so 2023 and later values were estimated before the year ended)",https://climatedata.imf.org/datasets/d48cfd2124954fb0900cef95f2db2724_0,2026-10-06
PL,Fossil Fuel Subsidies - Total Implicit and Explicit,2024,6.70458286856868,"Black et al. 2023, IMF Fossil Fuel Subsidies Data: 2023 Update (IMF staff estimates; published Aug 2023, so 2023 and later values were estimated before the year ended)",https://climatedata.imf.org/datasets/d48cfd2124954fb0900cef95f2db2724_0,2026-10-06
PL,Fossil Fuel Subsidies - Total Implicit and Explicit,2025,6.48999628198049,"Black et al. 2023, IMF Fossil Fuel Subsidies Data: 2023 Update (IMF staff estimates; published Aug 2023, so 2023 and later values were estimated before the year ended)",https://climatedata.imf.org/datasets/d48cfd2124954fb0900cef95f2db2724_0,2026-10-06
PL,Implicit Fossil Fuel Subsidies - Total,2015,6.93434531607362,"Black et al. 2023, IMF Fossil Fuel Subsidies Data: 2023 Update (IMF staff estimates; published Aug 2023, so 2023 and later values were estimated before the year ended)",https://climatedata.imf.org/datasets/d48cfd2124954fb0900cef95f2db2724_0,2026-10-06
PL,Implicit Fossil Fuel Subsidies - Total,2016,7.67302005020092,"Black et al. 2023, IMF Fossil Fuel Subsidies Data: 2023 Update (IMF staff estimates; published Aug 2023, so 2023 and later values were estimated before the year ended)",https://climatedata.imf.org/datasets/d48cfd2124954fb0900cef95f2db2724_0,2026-10-06
PL,Implicit Fossil Fuel Subsidies - Total,2017,7.23632489874314,"Black et al. 2023, IMF Fossil Fuel Subsidies Data: 2023 Update (IMF staff estimates; published Aug 2023, so 2023 and later values were estimated before the year ended)",https://climatedata.imf.org/datasets/d48cfd2124954fb0900cef95f2db2724_0,2026-10-06
PL,Implicit Fossil Fuel Subsidies - Total,2018,7.19535197571297,"Black et al. 2023, IMF Fossil Fuel Subsidies Data: 2023 Update (IMF staff estimates; published Aug 2023, so 2023 and later values were estimated before the year ended)",https://climatedata.imf.org/datasets/d48cfd2124954fb0900cef95f2db2724_0,2026-10-06
PL,Implicit Fossil Fuel Subsidies - Total,2019,6.56505501960766,"Black et al. 2023, IMF Fossil Fuel Subsidies Data: 2023 Update (IMF staff estimates; published Aug 2023, so 2023 and later values were estimated before the year ended)",https://climatedata.imf.org/datasets/d48cfd2124954fb0900cef95f2db2724_0,2026-10-06
PL,Implicit Fossil Fuel Subsidies - Total,2020,5.78515136205874,"Black et al. 2023, IMF Fossil Fuel Subsidies Data: 2023 Update (IMF staff estimates; published Aug 2023, so 2023 and later values were estimated before the year ended)",https://climatedata.imf.org/datasets/d48cfd2124954fb0900cef95f2db2724_0,2026-10-06
PL,Implicit Fossil Fuel Subsidies - Total,2021,5.73700538001671,"Black et al. 2023, IMF Fossil Fuel Subsidies Data: 2023 Update (IMF staff estimates; published Aug 2023, so 2023 and later values were estimated before the year ended)",https://climatedata.imf.org/datasets/d48cfd2124954fb0900cef95f2db2724_0,2026-10-06
PL,Implicit Fossil Fuel Subsidies - Total,2022,6.42811937821557,"Black et al. 2023, IMF Fossil Fuel Subsidies Data: 2023 Update (IMF staff estimates; published Aug 2023, so 2023 and later values were estimated before the year ended)",https://climatedata.imf.org/datasets/d48cfd2124954fb0900cef95f2db2724_0,2026-10-06
PL,Implicit Fossil Fuel Subsidies - Total,2023,5.96769649390885,"Black et al. 2023, IMF Fossil Fuel Subsidies Data: 2023 Update (IMF staff estimates; published Aug 2023, so 2023 and later values were estimated before the year ended)",https://climatedata.imf.org/datasets/d48cfd2124954fb0900cef95f2db2724_0,2026-10-06
PL,Implicit Fossil Fuel Subsidies - Total,2024,5.58459451906203,"Black et al. 2023, IMF Fossil Fuel Subsidies Data: 2023 Update (IMF staff estimates; published Aug 2023, so 2023 and later values were estimated before the year ended)",https://climatedata.imf.org/datasets/d48cfd2124954fb0900cef95f2db2724_0,2026-10-06
PL,Implicit Fossil Fuel Subsidies - Total,2025,5.43019234966212,"Black et al. 2023, IMF Fossil Fuel Subsidies Data: 2023 Update (IMF staff estimates; published Aug 2023, so 2023 and later values were estimated before the year ended)",https://climatedata.imf.org/datasets/d48cfd2124954fb0900cef95f2db2724_0,2026-10-06
PT,Explicit Fossil Fuel Subsidies - Total,2015,0,"Black et al. 2023, IMF Fossil Fuel Subsidies Data: 2023 Update (IMF staff estimates; published Aug 2023, so 2023 and later values were estimated before the year ended)",https://climatedata.imf.org/datasets/d48cfd2124954fb0900cef95f2db2724_0,2026-10-06
PT,Explicit Fossil Fuel Subsidies - Total,2016,0,"Black et al. 2023, IMF Fossil Fuel Subsidies Data: 2023 Update (IMF staff estimates; published Aug 2023, so 2023 and later values were estimated before the year ended)",https://climatedata.imf.org/datasets/d48cfd2124954fb0900cef95f2db2724_0,2026-10-06
PT,Explicit Fossil Fuel Subsidies - Total,2017,0,"Black et al. 2023, IMF Fossil Fuel Subsidies Data: 2023 Update (IMF staff estimates; published Aug 2023, so 2023 and later values were estimated before the year ended)",https://climatedata.imf.org/datasets/d48cfd2124954fb0900cef95f2db2724_0,2026-10-06
PT,Explicit Fossil Fuel Subsidies - Total,2018,0,"Black et al. 2023, IMF Fossil Fuel Subsidies Data: 2023 Update (IMF staff estimates; published Aug 2023, so 2023 and later values were estimated before the year ended)",https://climatedata.imf.org/datasets/d48cfd2124954fb0900cef95f2db2724_0,2026-10-06
PT,Explicit Fossil Fuel Subsidies - Total,2019,0.0015231667017361,"Black et al. 2023, IMF Fossil Fuel Subsidies Data: 2023 Update (IMF staff estimates; published Aug 2023, so 2023 and later values were estimated before the year ended)",https://climatedata.imf.org/datasets/d48cfd2124954fb0900cef95f2db2724_0,2026-10-06
PT,Explicit Fossil Fuel Subsidies - Total,2020,0.0509217632698127,"Black et al. 2023, IMF Fossil Fuel Subsidies Data: 2023 Update (IMF staff estimates; published Aug 2023, so 2023 and later values were estimated before the year ended)",https://climatedata.imf.org/datasets/d48cfd2124954fb0900cef95f2db2724_0,2026-10-06
PT,Explicit Fossil Fuel Subsidies - Total,2021,0,"Black et al. 2023, IMF Fossil Fuel Subsidies Data: 2023 Update (IMF staff estimates; published Aug 2023, so 2023 and later values were estimated before the year ended)",https://climatedata.imf.org/datasets/d48cfd2124954fb0900cef95f2db2724_0,2026-10-06
PT,Explicit Fossil Fuel Subsidies - Total,2022,0,"Black et al. 2023, IMF Fossil Fuel Subsidies Data: 2023 Update (IMF staff estimates; published Aug 2023, so 2023 and later values were estimated before the year ended)",https://climatedata.imf.org/datasets/d48cfd2124954fb0900cef95f2db2724_0,2026-10-06
PT,Explicit Fossil Fuel Subsidies - Total,2023,0,"Black et al. 2023, IMF Fossil Fuel Subsidies Data: 2023 Update (IMF staff estimates; published Aug 2023, so 2023 and later values were estimated before the year ended)",https://climatedata.imf.org/datasets/d48cfd2124954fb0900cef95f2db2724_0,2026-10-06
PT,Explicit Fossil Fuel Subsidies - Total,2024,0,"Black et al. 2023, IMF Fossil Fuel Subsidies Data: 2023 Update (IMF staff estimates; published Aug 2023, so 2023 and later values were estimated before the year ended)",https://climatedata.imf.org/datasets/d48cfd2124954fb0900cef95f2db2724_0,2026-10-06
PT,Explicit Fossil Fuel Subsidies - Total,2025,0,"Black et al. 2023, IMF Fossil Fuel Subsidies Data: 2023 Update (IMF staff estimates; published Aug 2023, so 2023 and later values were estimated before the year ended)",https://climatedata.imf.org/datasets/d48cfd2124954fb0900cef95f2db2724_0,2026-10-06
PT,Fossil Fuel Subsidies - Total Implicit and Explicit,2015,0.466380945448313,"Black et al. 2023, IMF Fossil Fuel Subsidies Data: 2023 Update (IMF staff estimates; published Aug 2023, so 2023 and later values were estimated before the year ended)",https://climatedata.imf.org/datasets/d48cfd2124954fb0900cef95f2db2724_0,2026-10-06
PT,Fossil Fuel Subsidies - Total Implicit and Explicit,2016,0.437858641026837,"Black et al. 2023, IMF Fossil Fuel Subsidies Data: 2023 Update (IMF staff estimates; published Aug 2023, so 2023 and later values were estimated before the year ended)",https://climatedata.imf.org/datasets/d48cfd2124954fb0900cef95f2db2724_0,2026-10-06
PT,Fossil Fuel Subsidies - Total Implicit and Explicit,2017,0.517446988072442,"Black et al. 2023, IMF Fossil Fuel Subsidies Data: 2023 Update (IMF staff estimates; published Aug 2023, so 2023 and later values were estimated before the year ended)",https://climatedata.imf.org/datasets/d48cfd2124954fb0900cef95f2db2724_0,2026-10-06
PT,Fossil Fuel Subsidies - Total Implicit and Explicit,2018,0.339845242875871,"Black et al. 2023, IMF Fossil Fuel Subsidies Data: 2023 Update (IMF staff estimates; published Aug 2023, so 2023 and later values were estimated before the year ended)",https://climatedata.imf.org/datasets/d48cfd2124954fb0900cef95f2db2724_0,2026-10-06
PT,Fossil Fuel Subsidies - Total Implicit and Explicit,2019,0.316855928623043,"Black et al. 2023, IMF Fossil Fuel Subsidies Data: 2023 Update (IMF staff estimates; published Aug 2023, so 2023 and later values were estimated before the year ended)",https://climatedata.imf.org/datasets/d48cfd2124954fb0900cef95f2db2724_0,2026-10-06
PT,Fossil Fuel Subsidies - Total Implicit and Explicit,2020,0.143436454036149,"Black et al. 2023, IMF Fossil Fuel Subsidies Data: 2023 Update (IMF staff estimates; published Aug 2023, so 2023 and later values were estimated before the year ended)",https://climatedata.imf.org/datasets/d48cfd2124954fb0900cef95f2db2724_0,2026-10-06
PT,Fossil Fuel Subsidies - Total Implicit and Explicit,2021,0.061143799355123,"Black et al. 2023, IMF Fossil Fuel Subsidies Data: 2023 Update (IMF staff estimates; published Aug 2023, so 2023 and later values were estimated before the year ended)",https://climatedata.imf.org/datasets/d48cfd2124954fb0900cef95f2db2724_0,2026-10-06
PT,Fossil Fuel Subsidies - Total Implicit and Explicit,2022,0.590190427765096,"Black et al. 2023, IMF Fossil Fuel Subsidies Data: 2023 Update (IMF staff estimates; published Aug 2023, so 2023 and later values were estimated before the year ended)",https://climatedata.imf.org/datasets/d48cfd2124954fb0900cef95f2db2724_0,2026-10-06
PT,Fossil Fuel Subsidies - Total Implicit and Explicit,2023,0.280936395898737,"Black et al. 2023, IMF Fossil Fuel Subsidies Data: 2023 Update (IMF staff estimates; published Aug 2023, so 2023 and later values were estimated before the year ended)",https://climatedata.imf.org/datasets/d48cfd2124954fb0900cef95f2db2724_0,2026-10-06
PT,Fossil Fuel Subsidies - Total Implicit and Explicit,2024,0.200691803773692,"Black et al. 2023, IMF Fossil Fuel Subsidies Data: 2023 Update (IMF staff estimates; published Aug 2023, so 2023 and later values were estimated before the year ended)",https://climatedata.imf.org/datasets/d48cfd2124954fb0900cef95f2db2724_0,2026-10-06
PT,Fossil Fuel Subsidies - Total Implicit and Explicit,2025,0.195138001484952,"Black et al. 2023, IMF Fossil Fuel Subsidies Data: 2023 Update (IMF staff estimates; published Aug 2023, so 2023 and later values were estimated before the year ended)",https://climatedata.imf.org/datasets/d48cfd2124954fb0900cef95f2db2724_0,2026-10-06
PT,Implicit Fossil Fuel Subsidies - Total,2015,0.466380945448313,"Black et al. 2023, IMF Fossil Fuel Subsidies Data: 2023 Update (IMF staff estimates; published Aug 2023, so 2023 and later values were estimated before the year ended)",https://climatedata.imf.org/datasets/d48cfd2124954fb0900cef95f2db2724_0,2026-10-06
PT,Implicit Fossil Fuel Subsidies - Total,2016,0.437858641026837,"Black et al. 2023, IMF Fossil Fuel Subsidies Data: 2023 Update (IMF staff estimates; published Aug 2023, so 2023 and later values were estimated before the year ended)",https://climatedata.imf.org/datasets/d48cfd2124954fb0900cef95f2db2724_0,2026-10-06
PT,Implicit Fossil Fuel Subsidies - Total,2017,0.517446988072442,"Black et al. 2023, IMF Fossil Fuel Subsidies Data: 2023 Update (IMF staff estimates; published Aug 2023, so 2023 and later values were estimated before the year ended)",https://climatedata.imf.org/datasets/d48cfd2124954fb0900cef95f2db2724_0,2026-10-06
PT,Implicit Fossil Fuel Subsidies - Total,2018,0.339845242875871,"Black et al. 2023, IMF Fossil Fuel Subsidies Data: 2023 Update (IMF staff estimates; published Aug 2023, so 2023 and later values were estimated before the year ended)",https://climatedata.imf.org/datasets/d48cfd2124954fb0900cef95f2db2724_0,2026-10-06
PT,Implicit Fossil Fuel Subsidies - Total,2019,0.315332761888359,"Black et al. 2023, IMF Fossil Fuel Subsidies Data: 2023 Update (IMF staff estimates; published Aug 2023, so 2023 and later values were estimated before the year ended)",https://climatedata.imf.org/datasets/d48cfd2124954fb0900cef95f2db2724_0,2026-10-06
PT,Implicit Fossil Fuel Subsidies - Total,2020,0.0925146907663368,"Black et al. 2023, IMF Fossil Fuel Subsidies Data: 2023 Update (IMF staff estimates; published Aug 2023, so 2023 and later values were estimated before the year ended)",https://climatedata.imf.org/datasets/d48cfd2124954fb0900cef95f2db2724_0,2026-10-06
PT,Implicit Fossil Fuel Subsidies - Total,2021,0.061143799355123,"Black et al. 2023, IMF Fossil Fuel Subsidies Data: 2023 Update (IMF staff estimates; published Aug 2023, so 2023 and later values were estimated before the year ended)",https://climatedata.imf.org/datasets/d48cfd2124954fb0900cef95f2db2724_0,2026-10-06
PT,Implicit Fossil Fuel Subsidies - Total,2022,0.590190427765096,"Black et al. 2023, IMF Fossil Fuel Subsidies Data: 2023 Update (IMF staff estimates; published Aug 2023, so 2023 and later values were estimated before the year ended)",https://climatedata.imf.org/datasets/d48cfd2124954fb0900cef95f2db2724_0,2026-10-06
PT,Implicit Fossil Fuel Subsidies - Total,2023,0.280936395898737,"Black et al. 2023, IMF Fossil Fuel Subsidies Data: 2023 Update (IMF staff estimates; published Aug 2023, so 2023 and later values were estimated before the year ended)",https://climatedata.imf.org/datasets/d48cfd2124954fb0900cef95f2db2724_0,2026-10-06
PT,Implicit Fossil Fuel Subsidies - Total,2024,0.200691803773692,"Black et al. 2023, IMF Fossil Fuel Subsidies Data: 2023 Update (IMF staff estimates; published Aug 2023, so 2023 and later values were estimated before the year ended)",https://climatedata.imf.org/datasets/d48cfd2124954fb0900cef95f2db2724_0,2026-10-06
PT,Implicit Fossil Fuel Subsidies - Total,2025,0.195138001484952,"Black et al. 2023, IMF Fossil Fuel Subsidies Data: 2023 Update (IMF staff estimates; published Aug 2023, so 2023 and later values were estimated before the year ended)",https://climatedata.imf.org/datasets/d48cfd2124954fb0900cef95f2db2724_0,2026-10-06
RO,Explicit Fossil Fuel Subsidies - Total,2015,0.795366861839453,"Black et al. 2023, IMF Fossil Fuel Subsidies Data: 2023 Update (IMF staff estimates; published Aug 2023, so 2023 and later values were estimated before the year ended)",https://climatedata.imf.org/datasets/d48cfd2124954fb0900cef95f2db2724_0,2026-10-06
RO,Explicit Fossil Fuel Subsidies - Total,2016,0.907756591244693,"Black et al. 2023, IMF Fossil Fuel Subsidies Data: 2023 Update (IMF staff estimates; published Aug 2023, so 2023 and later values were estimated before the year ended)",https://climatedata.imf.org/datasets/d48cfd2124954fb0900cef95f2db2724_0,2026-10-06
RO,Explicit Fossil Fuel Subsidies - Total,2017,0.989608294044448,"Black et al. 2023, IMF Fossil Fuel Subsidies Data: 2023 Update (IMF staff estimates; published Aug 2023, so 2023 and later values were estimated before the year ended)",https://climatedata.imf.org/datasets/d48cfd2124954fb0900cef95f2db2724_0,2026-10-06
RO,Explicit Fossil Fuel Subsidies - Total,2018,0.692934197438179,"Black et al. 2023, IMF Fossil Fuel Subsidies Data: 2023 Update (IMF staff estimates; published Aug 2023, so 2023 and later values were estimated before the year ended)",https://climatedata.imf.org/datasets/d48cfd2124954fb0900cef95f2db2724_0,2026-10-06
RO,Explicit Fossil Fuel Subsidies - Total,2019,0.572250291563551,"Black et al. 2023, IMF Fossil Fuel Subsidies Data: 2023 Update (IMF staff estimates; published Aug 2023, so 2023 and later values were estimated before the year ended)",https://climatedata.imf.org/datasets/d48cfd2124954fb0900cef95f2db2724_0,2026-10-06
RO,Explicit Fossil Fuel Subsidies - Total,2020,0.431154130742702,"Black et al. 2023, IMF Fossil Fuel Subsidies Data: 2023 Update (IMF staff estimates; published Aug 2023, so 2023 and later values were estimated before the year ended)",https://climatedata.imf.org/datasets/d48cfd2124954fb0900cef95f2db2724_0,2026-10-06
RO,Explicit Fossil Fuel Subsidies - Total,2021,0.610776471101449,"Black et al. 2023, IMF Fossil Fuel Subsidies Data: 2023 Update (IMF staff estimates; published Aug 2023, so 2023 and later values were estimated before the year ended)",https://climatedata.imf.org/datasets/d48cfd2124954fb0900cef95f2db2724_0,2026-10-06
RO,Explicit Fossil Fuel Subsidies - Total,2022,0.460841000808222,"Black et al. 2023, IMF Fossil Fuel Subsidies Data: 2023 Update (IMF staff estimates; published Aug 2023, so 2023 and later values were estimated before the year ended)",https://climatedata.imf.org/datasets/d48cfd2124954fb0900cef95f2db2724_0,2026-10-06
RO,Explicit Fossil Fuel Subsidies - Total,2023,0.473254721082758,"Black et al. 2023, IMF Fossil Fuel Subsidies Data: 2023 Update (IMF staff estimates; published Aug 2023, so 2023 and later values were estimated before the year ended)",https://climatedata.imf.org/datasets/d48cfd2124954fb0900cef95f2db2724_0,2026-10-06
RO,Explicit Fossil Fuel Subsidies - Total,2024,0.464117027237354,"Black et al. 2023, IMF Fossil Fuel Subsidies Data: 2023 Update (IMF staff estimates; published Aug 2023, so 2023 and later values were estimated before the year ended)",https://climatedata.imf.org/datasets/d48cfd2124954fb0900cef95f2db2724_0,2026-10-06
RO,Explicit Fossil Fuel Subsidies - Total,2025,0.448296996141028,"Black et al. 2023, IMF Fossil Fuel Subsidies Data: 2023 Update (IMF staff estimates; published Aug 2023, so 2023 and later values were estimated before the year ended)",https://climatedata.imf.org/datasets/d48cfd2124954fb0900cef95f2db2724_0,2026-10-06
RO,Fossil Fuel Subsidies - Total Implicit and Explicit,2015,5.44000996047204,"Black et al. 2023, IMF Fossil Fuel Subsidies Data: 2023 Update (IMF staff estimates; published Aug 2023, so 2023 and later values were estimated before the year ended)",https://climatedata.imf.org/datasets/d48cfd2124954fb0900cef95f2db2724_0,2026-10-06
RO,Fossil Fuel Subsidies - Total Implicit and Explicit,2016,5.31675467054918,"Black et al. 2023, IMF Fossil Fuel Subsidies Data: 2023 Update (IMF staff estimates; published Aug 2023, so 2023 and later values were estimated before the year ended)",https://climatedata.imf.org/datasets/d48cfd2124954fb0900cef95f2db2724_0,2026-10-06
RO,Fossil Fuel Subsidies - Total Implicit and Explicit,2017,6.35773787576813,"Black et al. 2023, IMF Fossil Fuel Subsidies Data: 2023 Update (IMF staff estimates; published Aug 2023, so 2023 and later values were estimated before the year ended)",https://climatedata.imf.org/datasets/d48cfd2124954fb0900cef95f2db2724_0,2026-10-06
RO,Fossil Fuel Subsidies - Total Implicit and Explicit,2018,5.8963899240949,"Black et al. 2023, IMF Fossil Fuel Subsidies Data: 2023 Update (IMF staff estimates; published Aug 2023, so 2023 and later values were estimated before the year ended)",https://climatedata.imf.org/datasets/d48cfd2124954fb0900cef95f2db2724_0,2026-10-06
RO,Fossil Fuel Subsidies - Total Implicit and Explicit,2019,6.09001344082038,"Black et al. 2023, IMF Fossil Fuel Subsidies Data: 2023 Update (IMF staff estimates; published Aug 2023, so 2023 and later values were estimated before the year ended)",https://climatedata.imf.org/datasets/d48cfd2124954fb0900cef95f2db2724_0,2026-10-06
RO,Fossil Fuel Subsidies - Total Implicit and Explicit,2020,5.54581589096564,"Black et al. 2023, IMF Fossil Fuel Subsidies Data: 2023 Update (IMF staff estimates; published Aug 2023, so 2023 and later values were estimated before the year ended)",https://climatedata.imf.org/datasets/d48cfd2124954fb0900cef95f2db2724_0,2026-10-06
RO,Fossil Fuel Subsidies - Total Implicit and Explicit,2021,6.28182011247514,"Black et al. 2023, IMF Fossil Fuel Subsidies Data: 2023 Update (IMF staff estimates; published Aug 2023, so 2023 and later values were estimated before the year ended)",https://climatedata.imf.org/datasets/d48cfd2124954fb0900cef95f2db2724_0,2026-10-06
RO,Fossil Fuel Subsidies - Total Implicit and Explicit,2022,5.96258323476258,"Black et al. 2023, IMF Fossil Fuel Subsidies Data: 2023 Update (IMF staff estimates; published Aug 2023, so 2023 and later values were estimated before the year ended)",https://climatedata.imf.org/datasets/d48cfd2124954fb0900cef95f2db2724_0,2026-10-06
RO,Fossil Fuel Subsidies - Total Implicit and Explicit,2023,5.70763693478751,"Black et al. 2023, IMF Fossil Fuel Subsidies Data: 2023 Update (IMF staff estimates; published Aug 2023, so 2023 and later values were estimated before the year ended)",https://climatedata.imf.org/datasets/d48cfd2124954fb0900cef95f2db2724_0,2026-10-06
RO,Fossil Fuel Subsidies - Total Implicit and Explicit,2024,5.5796999383917,"Black et al. 2023, IMF Fossil Fuel Subsidies Data: 2023 Update (IMF staff estimates; published Aug 2023, so 2023 and later values were estimated before the year ended)",https://climatedata.imf.org/datasets/d48cfd2124954fb0900cef95f2db2724_0,2026-10-06
RO,Fossil Fuel Subsidies - Total Implicit and Explicit,2025,5.51793552509585,"Black et al. 2023, IMF Fossil Fuel Subsidies Data: 2023 Update (IMF staff estimates; published Aug 2023, so 2023 and later values were estimated before the year ended)",https://climatedata.imf.org/datasets/d48cfd2124954fb0900cef95f2db2724_0,2026-10-06
RO,Implicit Fossil Fuel Subsidies - Total,2015,4.64464309664208,"Black et al. 2023, IMF Fossil Fuel Subsidies Data: 2023 Update (IMF staff estimates; published Aug 2023, so 2023 and later values were estimated before the year ended)",https://climatedata.imf.org/datasets/d48cfd2124954fb0900cef95f2db2724_0,2026-10-06
RO,Implicit Fossil Fuel Subsidies - Total,2016,4.40899808072898,"Black et al. 2023, IMF Fossil Fuel Subsidies Data: 2023 Update (IMF staff estimates; published Aug 2023, so 2023 and later values were estimated before the year ended)",https://climatedata.imf.org/datasets/d48cfd2124954fb0900cef95f2db2724_0,2026-10-06
RO,Implicit Fossil Fuel Subsidies - Total,2017,5.36812958430358,"Black et al. 2023, IMF Fossil Fuel Subsidies Data: 2023 Update (IMF staff estimates; published Aug 2023, so 2023 and later values were estimated before the year ended)",https://climatedata.imf.org/datasets/d48cfd2124954fb0900cef95f2db2724_0,2026-10-06
RO,Implicit Fossil Fuel Subsidies - Total,2018,5.20345572974465,"Black et al. 2023, IMF Fossil Fuel Subsidies Data: 2023 Update (IMF staff estimates; published Aug 2023, so 2023 and later values were estimated before the year ended)",https://climatedata.imf.org/datasets/d48cfd2124954fb0900cef95f2db2724_0,2026-10-06
RO,Implicit Fossil Fuel Subsidies - Total,2019,5.5177631481454,"Black et al. 2023, IMF Fossil Fuel Subsidies Data: 2023 Update (IMF staff estimates; published Aug 2023, so 2023 and later values were estimated before the year ended)",https://climatedata.imf.org/datasets/d48cfd2124954fb0900cef95f2db2724_0,2026-10-06
RO,Implicit Fossil Fuel Subsidies - Total,2020,5.11466176176253,"Black et al. 2023, IMF Fossil Fuel Subsidies Data: 2023 Update (IMF staff estimates; published Aug 2023, so 2023 and later values were estimated before the year ended)",https://climatedata.imf.org/datasets/d48cfd2124954fb0900cef95f2db2724_0,2026-10-06
RO,Implicit Fossil Fuel Subsidies - Total,2021,5.67104364137369,"Black et al. 2023, IMF Fossil Fuel Subsidies Data: 2023 Update (IMF staff estimates; published Aug 2023, so 2023 and later values were estimated before the year ended)",https://climatedata.imf.org/datasets/d48cfd2124954fb0900cef95f2db2724_0,2026-10-06
RO,Implicit Fossil Fuel Subsidies - Total,2022,5.50174223603562,"Black et al. 2023, IMF Fossil Fuel Subsidies Data: 2023 Update (IMF staff estimates; published Aug 2023, so 2023 and later values were estimated before the year ended)",https://climatedata.imf.org/datasets/d48cfd2124954fb0900cef95f2db2724_0,2026-10-06
RO,Implicit Fossil Fuel Subsidies - Total,2023,5.23438221606033,"Black et al. 2023, IMF Fossil Fuel Subsidies Data: 2023 Update (IMF staff estimates; published Aug 2023, so 2023 and later values were estimated before the year ended)",https://climatedata.imf.org/datasets/d48cfd2124954fb0900cef95f2db2724_0,2026-10-06
RO,Implicit Fossil Fuel Subsidies - Total,2024,5.11558291180285,"Black et al. 2023, IMF Fossil Fuel Subsidies Data: 2023 Update (IMF staff estimates; published Aug 2023, so 2023 and later values were estimated before the year ended)",https://climatedata.imf.org/datasets/d48cfd2124954fb0900cef95f2db2724_0,2026-10-06
RO,Implicit Fossil Fuel Subsidies - Total,2025,5.06963852832836,"Black et al. 2023, IMF Fossil Fuel Subsidies Data: 2023 Update (IMF staff estimates; published Aug 2023, so 2023 and later values were estimated before the year ended)",https://climatedata.imf.org/datasets/d48cfd2124954fb0900cef95f2db2724_0,2026-10-06
SK,Explicit Fossil Fuel Subsidies - Total,2015,0.226724900576398,"Black et al. 2023, IMF Fossil Fuel Subsidies Data: 2023 Update (IMF staff estimates; published Aug 2023, so 2023 and later values were estimated before the year ended)",https://climatedata.imf.org/datasets/d48cfd2124954fb0900cef95f2db2724_0,2026-10-06
SK,Explicit Fossil Fuel Subsidies - Total,2016,0.149046312426623,"Black et al. 2023, IMF Fossil Fuel Subsidies Data: 2023 Update (IMF staff estimates; published Aug 2023, so 2023 and later values were estimated before the year ended)",https://climatedata.imf.org/datasets/d48cfd2124954fb0900cef95f2db2724_0,2026-10-06
SK,Explicit Fossil Fuel Subsidies - Total,2017,0.257417911487733,"Black et al. 2023, IMF Fossil Fuel Subsidies Data: 2023 Update (IMF staff estimates; published Aug 2023, so 2023 and later values were estimated before the year ended)",https://climatedata.imf.org/datasets/d48cfd2124954fb0900cef95f2db2724_0,2026-10-06
SK,Explicit Fossil Fuel Subsidies - Total,2018,0.24684907333748,"Black et al. 2023, IMF Fossil Fuel Subsidies Data: 2023 Update (IMF staff estimates; published Aug 2023, so 2023 and later values were estimated before the year ended)",https://climatedata.imf.org/datasets/d48cfd2124954fb0900cef95f2db2724_0,2026-10-06
SK,Explicit Fossil Fuel Subsidies - Total,2019,0.11162545046594,"Black et al. 2023, IMF Fossil Fuel Subsidies Data: 2023 Update (IMF staff estimates; published Aug 2023, so 2023 and later values were estimated before the year ended)",https://climatedata.imf.org/datasets/d48cfd2124954fb0900cef95f2db2724_0,2026-10-06
SK,Explicit Fossil Fuel Subsidies - Total,2020,0.0503546433354606,"Black et al. 2023, IMF Fossil Fuel Subsidies Data: 2023 Update (IMF staff estimates; published Aug 2023, so 2023 and later values were estimated before the year ended)",https://climatedata.imf.org/datasets/d48cfd2124954fb0900cef95f2db2724_0,2026-10-06
SK,Explicit Fossil Fuel Subsidies - Total,2021,0.524446447816148,"Black et al. 2023, IMF Fossil Fuel Subsidies Data: 2023 Update (IMF staff estimates; published Aug 2023, so 2023 and later values were estimated before the year ended)",https://climatedata.imf.org/datasets/d48cfd2124954fb0900cef95f2db2724_0,2026-10-06
SK,Explicit Fossil Fuel Subsidies - Total,2022,2.09310683253769,"Black et al. 2023, IMF Fossil Fuel Subsidies Data: 2023 Update (IMF staff estimates; published Aug 2023, so 2023 and later values were estimated before the year ended)",https://climatedata.imf.org/datasets/d48cfd2124954fb0900cef95f2db2724_0,2026-10-06
SK,Explicit Fossil Fuel Subsidies - Total,2023,0.812749923750496,"Black et al. 2023, IMF Fossil Fuel Subsidies Data: 2023 Update (IMF staff estimates; published Aug 2023, so 2023 and later values were estimated before the year ended)",https://climatedata.imf.org/datasets/d48cfd2124954fb0900cef95f2db2724_0,2026-10-06
SK,Explicit Fossil Fuel Subsidies - Total,2024,0.611245465933869,"Black et al. 2023, IMF Fossil Fuel Subsidies Data: 2023 Update (IMF staff estimates; published Aug 2023, so 2023 and later values were estimated before the year ended)",https://climatedata.imf.org/datasets/d48cfd2124954fb0900cef95f2db2724_0,2026-10-06
SK,Explicit Fossil Fuel Subsidies - Total,2025,0.454635128746874,"Black et al. 2023, IMF Fossil Fuel Subsidies Data: 2023 Update (IMF staff estimates; published Aug 2023, so 2023 and later values were estimated before the year ended)",https://climatedata.imf.org/datasets/d48cfd2124954fb0900cef95f2db2724_0,2026-10-06
SK,Fossil Fuel Subsidies - Total Implicit and Explicit,2015,3.14742852537391,"Black et al. 2023, IMF Fossil Fuel Subsidies Data: 2023 Update (IMF staff estimates; published Aug 2023, so 2023 and later values were estimated before the year ended)",https://climatedata.imf.org/datasets/d48cfd2124954fb0900cef95f2db2724_0,2026-10-06
SK,Fossil Fuel Subsidies - Total Implicit and Explicit,2016,2.97133839852312,"Black et al. 2023, IMF Fossil Fuel Subsidies Data: 2023 Update (IMF staff estimates; published Aug 2023, so 2023 and later values were estimated before the year ended)",https://climatedata.imf.org/datasets/d48cfd2124954fb0900cef95f2db2724_0,2026-10-06
SK,Fossil Fuel Subsidies - Total Implicit and Explicit,2017,3.53643063786488,"Black et al. 2023, IMF Fossil Fuel Subsidies Data: 2023 Update (IMF staff estimates; published Aug 2023, so 2023 and later values were estimated before the year ended)",https://climatedata.imf.org/datasets/d48cfd2124954fb0900cef95f2db2724_0,2026-10-06
SK,Fossil Fuel Subsidies - Total Implicit and Explicit,2018,3.4929857028938,"Black et al. 2023, IMF Fossil Fuel Subsidies Data: 2023 Update (IMF staff estimates; published Aug 2023, so 2023 and later values were estimated before the year ended)",https://climatedata.imf.org/datasets/d48cfd2124954fb0900cef95f2db2724_0,2026-10-06
SK,Fossil Fuel Subsidies - Total Implicit and Explicit,2019,3.23397462518483,"Black et al. 2023, IMF Fossil Fuel Subsidies Data: 2023 Update (IMF staff estimates; published Aug 2023, so 2023 and later values were estimated before the year ended)",https://climatedata.imf.org/datasets/d48cfd2124954fb0900cef95f2db2724_0,2026-10-06
SK,Fossil Fuel Subsidies - Total Implicit and Explicit,2020,2.54978997779835,"Black et al. 2023, IMF Fossil Fuel Subsidies Data: 2023 Update (IMF staff estimates; published Aug 2023, so 2023 and later values were estimated before the year ended)",https://climatedata.imf.org/datasets/d48cfd2124954fb0900cef95f2db2724_0,2026-10-06
SK,Fossil Fuel Subsidies - Total Implicit and Explicit,2021,3.71603625647827,"Black et al. 2023, IMF Fossil Fuel Subsidies Data: 2023 Update (IMF staff estimates; published Aug 2023, so 2023 and later values were estimated before the year ended)",https://climatedata.imf.org/datasets/d48cfd2124954fb0900cef95f2db2724_0,2026-10-06
SK,Fossil Fuel Subsidies - Total Implicit and Explicit,2022,5.79688313292251,"Black et al. 2023, IMF Fossil Fuel Subsidies Data: 2023 Update (IMF staff estimates; published Aug 2023, so 2023 and later values were estimated before the year ended)",https://climatedata.imf.org/datasets/d48cfd2124954fb0900cef95f2db2724_0,2026-10-06
SK,Fossil Fuel Subsidies - Total Implicit and Explicit,2023,4.10832023947242,"Black et al. 2023, IMF Fossil Fuel Subsidies Data: 2023 Update (IMF staff estimates; published Aug 2023, so 2023 and later values were estimated before the year ended)",https://climatedata.imf.org/datasets/d48cfd2124954fb0900cef95f2db2724_0,2026-10-06
SK,Fossil Fuel Subsidies - Total Implicit and Explicit,2024,3.79709286256768,"Black et al. 2023, IMF Fossil Fuel Subsidies Data: 2023 Update (IMF staff estimates; published Aug 2023, so 2023 and later values were estimated before the year ended)",https://climatedata.imf.org/datasets/d48cfd2124954fb0900cef95f2db2724_0,2026-10-06
SK,Fossil Fuel Subsidies - Total Implicit and Explicit,2025,3.65381323869212,"Black et al. 2023, IMF Fossil Fuel Subsidies Data: 2023 Update (IMF staff estimates; published Aug 2023, so 2023 and later values were estimated before the year ended)",https://climatedata.imf.org/datasets/d48cfd2124954fb0900cef95f2db2724_0,2026-10-06
SK,Implicit Fossil Fuel Subsidies - Total,2015,2.92070362449819,"Black et al. 2023, IMF Fossil Fuel Subsidies Data: 2023 Update (IMF staff estimates; published Aug 2023, so 2023 and later values were estimated before the year ended)",https://climatedata.imf.org/datasets/d48cfd2124954fb0900cef95f2db2724_0,2026-10-06
SK,Implicit Fossil Fuel Subsidies - Total,2016,2.82229208589721,"Black et al. 2023, IMF Fossil Fuel Subsidies Data: 2023 Update (IMF staff estimates; published Aug 2023, so 2023 and later values were estimated before the year ended)",https://climatedata.imf.org/datasets/d48cfd2124954fb0900cef95f2db2724_0,2026-10-06
SK,Implicit Fossil Fuel Subsidies - Total,2017,3.27901272628169,"Black et al. 2023, IMF Fossil Fuel Subsidies Data: 2023 Update (IMF staff estimates; published Aug 2023, so 2023 and later values were estimated before the year ended)",https://climatedata.imf.org/datasets/d48cfd2124954fb0900cef95f2db2724_0,2026-10-06
SK,Implicit Fossil Fuel Subsidies - Total,2018,3.2461366292917,"Black et al. 2023, IMF Fossil Fuel Subsidies Data: 2023 Update (IMF staff estimates; published Aug 2023, so 2023 and later values were estimated before the year ended)",https://climatedata.imf.org/datasets/d48cfd2124954fb0900cef95f2db2724_0,2026-10-06
SK,Implicit Fossil Fuel Subsidies - Total,2019,3.12234917471889,"Black et al. 2023, IMF Fossil Fuel Subsidies Data: 2023 Update (IMF staff estimates; published Aug 2023, so 2023 and later values were estimated before the year ended)",https://climatedata.imf.org/datasets/d48cfd2124954fb0900cef95f2db2724_0,2026-10-06
SK,Implicit Fossil Fuel Subsidies - Total,2020,2.49943533387864,"Black et al. 2023, IMF Fossil Fuel Subsidies Data: 2023 Update (IMF staff estimates; published Aug 2023, so 2023 and later values were estimated before the year ended)",https://climatedata.imf.org/datasets/d48cfd2124954fb0900cef95f2db2724_0,2026-10-06
SK,Implicit Fossil Fuel Subsidies - Total,2021,3.19158980840037,"Black et al. 2023, IMF Fossil Fuel Subsidies Data: 2023 Update (IMF staff estimates; published Aug 2023, so 2023 and later values were estimated before the year ended)",https://climatedata.imf.org/datasets/d48cfd2124954fb0900cef95f2db2724_0,2026-10-06
SK,Implicit Fossil Fuel Subsidies - Total,2022,3.70377630038482,"Black et al. 2023, IMF Fossil Fuel Subsidies Data: 2023 Update (IMF staff estimates; published Aug 2023, so 2023 and later values were estimated before the year ended)",https://climatedata.imf.org/datasets/d48cfd2124954fb0900cef95f2db2724_0,2026-10-06
SK,Implicit Fossil Fuel Subsidies - Total,2023,3.2955703150464,"Black et al. 2023, IMF Fossil Fuel Subsidies Data: 2023 Update (IMF staff estimates; published Aug 2023, so 2023 and later values were estimated before the year ended)",https://climatedata.imf.org/datasets/d48cfd2124954fb0900cef95f2db2724_0,2026-10-06
SK,Implicit Fossil Fuel Subsidies - Total,2024,3.18584739614383,"Black et al. 2023, IMF Fossil Fuel Subsidies Data: 2023 Update (IMF staff estimates; published Aug 2023, so 2023 and later values were estimated before the year ended)",https://climatedata.imf.org/datasets/d48cfd2124954fb0900cef95f2db2724_0,2026-10-06
SK,Implicit Fossil Fuel Subsidies - Total,2025,3.19917810986611,"Black et al. 2023, IMF Fossil Fuel Subsidies Data: 2023 Update (IMF staff estimates; published Aug 2023, so 2023 and later values were estimated before the year ended)",https://climatedata.imf.org/datasets/d48cfd2124954fb0900cef95f2db2724_0,2026-10-06
SI,Explicit Fossil Fuel Subsidies - Total,2015,0,"Black et al. 2023, IMF Fossil Fuel Subsidies Data: 2023 Update (IMF staff estimates; published Aug 2023, so 2023 and later values were estimated before the year ended)",https://climatedata.imf.org/datasets/d48cfd2124954fb0900cef95f2db2724_0,2026-10-06
SI,Explicit Fossil Fuel Subsidies - Total,2016,0,"Black et al. 2023, IMF Fossil Fuel Subsidies Data: 2023 Update (IMF staff estimates; published Aug 2023, so 2023 and later values were estimated before the year ended)",https://climatedata.imf.org/datasets/d48cfd2124954fb0900cef95f2db2724_0,2026-10-06
SI,Explicit Fossil Fuel Subsidies - Total,2017,0,"Black et al. 2023, IMF Fossil Fuel Subsidies Data: 2023 Update (IMF staff estimates; published Aug 2023, so 2023 and later values were estimated before the year ended)",https://climatedata.imf.org/datasets/d48cfd2124954fb0900cef95f2db2724_0,2026-10-06
SI,Explicit Fossil Fuel Subsidies - Total,2018,0,"Black et al. 2023, IMF Fossil Fuel Subsidies Data: 2023 Update (IMF staff estimates; published Aug 2023, so 2023 and later values were estimated before the year ended)",https://climatedata.imf.org/datasets/d48cfd2124954fb0900cef95f2db2724_0,2026-10-06
SI,Explicit Fossil Fuel Subsidies - Total,2019,0,"Black et al. 2023, IMF Fossil Fuel Subsidies Data: 2023 Update (IMF staff estimates; published Aug 2023, so 2023 and later values were estimated before the year ended)",https://climatedata.imf.org/datasets/d48cfd2124954fb0900cef95f2db2724_0,2026-10-06
SI,Explicit Fossil Fuel Subsidies - Total,2020,0,"Black et al. 2023, IMF Fossil Fuel Subsidies Data: 2023 Update (IMF staff estimates; published Aug 2023, so 2023 and later values were estimated before the year ended)",https://climatedata.imf.org/datasets/d48cfd2124954fb0900cef95f2db2724_0,2026-10-06
SI,Explicit Fossil Fuel Subsidies - Total,2021,0.0444132061292964,"Black et al. 2023, IMF Fossil Fuel Subsidies Data: 2023 Update (IMF staff estimates; published Aug 2023, so 2023 and later values were estimated before the year ended)",https://climatedata.imf.org/datasets/d48cfd2124954fb0900cef95f2db2724_0,2026-10-06
SI,Explicit Fossil Fuel Subsidies - Total,2022,0.187143187534172,"Black et al. 2023, IMF Fossil Fuel Subsidies Data: 2023 Update (IMF staff estimates; published Aug 2023, so 2023 and later values were estimated before the year ended)",https://climatedata.imf.org/datasets/d48cfd2124954fb0900cef95f2db2724_0,2026-10-06
SI,Explicit Fossil Fuel Subsidies - Total,2023,0.13866553045037,"Black et al. 2023, IMF Fossil Fuel Subsidies Data: 2023 Update (IMF staff estimates; published Aug 2023, so 2023 and later values were estimated before the year ended)",https://climatedata.imf.org/datasets/d48cfd2124954fb0900cef95f2db2724_0,2026-10-06
SI,Explicit Fossil Fuel Subsidies - Total,2024,0.0760908006818511,"Black et al. 2023, IMF Fossil Fuel Subsidies Data: 2023 Update (IMF staff estimates; published Aug 2023, so 2023 and later values were estimated before the year ended)",https://climatedata.imf.org/datasets/d48cfd2124954fb0900cef95f2db2724_0,2026-10-06
SI,Explicit Fossil Fuel Subsidies - Total,2025,0.0191274910755793,"Black et al. 2023, IMF Fossil Fuel Subsidies Data: 2023 Update (IMF staff estimates; published Aug 2023, so 2023 and later values were estimated before the year ended)",https://climatedata.imf.org/datasets/d48cfd2124954fb0900cef95f2db2724_0,2026-10-06
SI,Fossil Fuel Subsidies - Total Implicit and Explicit,2015,0.513101390034513,"Black et al. 2023, IMF Fossil Fuel Subsidies Data: 2023 Update (IMF staff estimates; published Aug 2023, so 2023 and later values were estimated before the year ended)",https://climatedata.imf.org/datasets/d48cfd2124954fb0900cef95f2db2724_0,2026-10-06
SI,Fossil Fuel Subsidies - Total Implicit and Explicit,2016,0.573353500912239,"Black et al. 2023, IMF Fossil Fuel Subsidies Data: 2023 Update (IMF staff estimates; published Aug 2023, so 2023 and later values were estimated before the year ended)",https://climatedata.imf.org/datasets/d48cfd2124954fb0900cef95f2db2724_0,2026-10-06
SI,Fossil Fuel Subsidies - Total Implicit and Explicit,2017,0.58203658575979,"Black et al. 2023, IMF Fossil Fuel Subsidies Data: 2023 Update (IMF staff estimates; published Aug 2023, so 2023 and later values were estimated before the year ended)",https://climatedata.imf.org/datasets/d48cfd2124954fb0900cef95f2db2724_0,2026-10-06
SI,Fossil Fuel Subsidies - Total Implicit and Explicit,2018,0.517525754911949,"Black et al. 2023, IMF Fossil Fuel Subsidies Data: 2023 Update (IMF staff estimates; published Aug 2023, so 2023 and later values were estimated before the year ended)",https://climatedata.imf.org/datasets/d48cfd2124954fb0900cef95f2db2724_0,2026-10-06
SI,Fossil Fuel Subsidies - Total Implicit and Explicit,2019,1.4811673251446,"Black et al. 2023, IMF Fossil Fuel Subsidies Data: 2023 Update (IMF staff estimates; published Aug 2023, so 2023 and later values were estimated before the year ended)",https://climatedata.imf.org/datasets/d48cfd2124954fb0900cef95f2db2724_0,2026-10-06
SI,Fossil Fuel Subsidies - Total Implicit and Explicit,2020,1.0565570446807,"Black et al. 2023, IMF Fossil Fuel Subsidies Data: 2023 Update (IMF staff estimates; published Aug 2023, so 2023 and later values were estimated before the year ended)",https://climatedata.imf.org/datasets/d48cfd2124954fb0900cef95f2db2724_0,2026-10-06
SI,Fossil Fuel Subsidies - Total Implicit and Explicit,2021,1.27686388049638,"Black et al. 2023, IMF Fossil Fuel Subsidies Data: 2023 Update (IMF staff estimates; published Aug 2023, so 2023 and later values were estimated before the year ended)",https://climatedata.imf.org/datasets/d48cfd2124954fb0900cef95f2db2724_0,2026-10-06
SI,Fossil Fuel Subsidies - Total Implicit and Explicit,2022,2.30537790079582,"Black et al. 2023, IMF Fossil Fuel Subsidies Data: 2023 Update (IMF staff estimates; published Aug 2023, so 2023 and later values were estimated before the year ended)",https://climatedata.imf.org/datasets/d48cfd2124954fb0900cef95f2db2724_0,2026-10-06
SI,Fossil Fuel Subsidies - Total Implicit and Explicit,2023,1.66857699454776,"Black et al. 2023, IMF Fossil Fuel Subsidies Data: 2023 Update (IMF staff estimates; published Aug 2023, so 2023 and later values were estimated before the year ended)",https://climatedata.imf.org/datasets/d48cfd2124954fb0900cef95f2db2724_0,2026-10-06
SI,Fossil Fuel Subsidies - Total Implicit and Explicit,2024,1.46702446394893,"Black et al. 2023, IMF Fossil Fuel Subsidies Data: 2023 Update (IMF staff estimates; published Aug 2023, so 2023 and later values were estimated before the year ended)",https://climatedata.imf.org/datasets/d48cfd2124954fb0900cef95f2db2724_0,2026-10-06
SI,Fossil Fuel Subsidies - Total Implicit and Explicit,2025,1.41245180249348,"Black et al. 2023, IMF Fossil Fuel Subsidies Data: 2023 Update (IMF staff estimates; published Aug 2023, so 2023 and later values were estimated before the year ended)",https://climatedata.imf.org/datasets/d48cfd2124954fb0900cef95f2db2724_0,2026-10-06
SI,Implicit Fossil Fuel Subsidies - Total,2015,0.513101390034513,"Black et al. 2023, IMF Fossil Fuel Subsidies Data: 2023 Update (IMF staff estimates; published Aug 2023, so 2023 and later values were estimated before the year ended)",https://climatedata.imf.org/datasets/d48cfd2124954fb0900cef95f2db2724_0,2026-10-06
SI,Implicit Fossil Fuel Subsidies - Total,2016,0.573353500912239,"Black et al. 2023, IMF Fossil Fuel Subsidies Data: 2023 Update (IMF staff estimates; published Aug 2023, so 2023 and later values were estimated before the year ended)",https://climatedata.imf.org/datasets/d48cfd2124954fb0900cef95f2db2724_0,2026-10-06
SI,Implicit Fossil Fuel Subsidies - Total,2017,0.58203658575979,"Black et al. 2023, IMF Fossil Fuel Subsidies Data: 2023 Update (IMF staff estimates; published Aug 2023, so 2023 and later values were estimated before the year ended)",https://climatedata.imf.org/datasets/d48cfd2124954fb0900cef95f2db2724_0,2026-10-06
SI,Implicit Fossil Fuel Subsidies - Total,2018,0.517525754911949,"Black et al. 2023, IMF Fossil Fuel Subsidies Data: 2023 Update (IMF staff estimates; published Aug 2023, so 2023 and later values were estimated before the year ended)",https://climatedata.imf.org/datasets/d48cfd2124954fb0900cef95f2db2724_0,2026-10-06
SI,Implicit Fossil Fuel Subsidies - Total,2019,1.4811673251446,"Black et al. 2023, IMF Fossil Fuel Subsidies Data: 2023 Update (IMF staff estimates; published Aug 2023, so 2023 and later values were estimated before the year ended)",https://climatedata.imf.org/datasets/d48cfd2124954fb0900cef95f2db2724_0,2026-10-06
SI,Implicit Fossil Fuel Subsidies - Total,2020,1.0565570446807,"Black et al. 2023, IMF Fossil Fuel Subsidies Data: 2023 Update (IMF staff estimates; published Aug 2023, so 2023 and later values were estimated before the year ended)",https://climatedata.imf.org/datasets/d48cfd2124954fb0900cef95f2db2724_0,2026-10-06
SI,Implicit Fossil Fuel Subsidies - Total,2021,1.23245067441524,"Black et al. 2023, IMF Fossil Fuel Subsidies Data: 2023 Update (IMF staff estimates; published Aug 2023, so 2023 and later values were estimated before the year ended)",https://climatedata.imf.org/datasets/d48cfd2124954fb0900cef95f2db2724_0,2026-10-06
SI,Implicit Fossil Fuel Subsidies - Total,2022,2.1182347123504,"Black et al. 2023, IMF Fossil Fuel Subsidies Data: 2023 Update (IMF staff estimates; published Aug 2023, so 2023 and later values were estimated before the year ended)",https://climatedata.imf.org/datasets/d48cfd2124954fb0900cef95f2db2724_0,2026-10-06
SI,Implicit Fossil Fuel Subsidies - Total,2023,1.52991146314138,"Black et al. 2023, IMF Fossil Fuel Subsidies Data: 2023 Update (IMF staff estimates; published Aug 2023, so 2023 and later values were estimated before the year ended)",https://climatedata.imf.org/datasets/d48cfd2124954fb0900cef95f2db2724_0,2026-10-06
SI,Implicit Fossil Fuel Subsidies - Total,2024,1.39093366371681,"Black et al. 2023, IMF Fossil Fuel Subsidies Data: 2023 Update (IMF staff estimates; published Aug 2023, so 2023 and later values were estimated before the year ended)",https://climatedata.imf.org/datasets/d48cfd2124954fb0900cef95f2db2724_0,2026-10-06
SI,Implicit Fossil Fuel Subsidies - Total,2025,1.39332431147426,"Black et al. 2023, IMF Fossil Fuel Subsidies Data: 2023 Update (IMF staff estimates; published Aug 2023, so 2023 and later values were estimated before the year ended)",https://climatedata.imf.org/datasets/d48cfd2124954fb0900cef95f2db2724_0,2026-10-06
ES,Explicit Fossil Fuel Subsidies - Total,2015,0.039993642226819,"Black et al. 2023, IMF Fossil Fuel Subsidies Data: 2023 Update (IMF staff estimates; published Aug 2023, so 2023 and later values were estimated before the year ended)",https://climatedata.imf.org/datasets/d48cfd2124954fb0900cef95f2db2724_0,2026-10-06
ES,Explicit Fossil Fuel Subsidies - Total,2016,0.0253092245174272,"Black et al. 2023, IMF Fossil Fuel Subsidies Data: 2023 Update (IMF staff estimates; published Aug 2023, so 2023 and later values were estimated before the year ended)",https://climatedata.imf.org/datasets/d48cfd2124954fb0900cef95f2db2724_0,2026-10-06
ES,Explicit Fossil Fuel Subsidies - Total,2017,0.021690328739621,"Black et al. 2023, IMF Fossil Fuel Subsidies Data: 2023 Update (IMF staff estimates; published Aug 2023, so 2023 and later values were estimated before the year ended)",https://climatedata.imf.org/datasets/d48cfd2124954fb0900cef95f2db2724_0,2026-10-06
ES,Explicit Fossil Fuel Subsidies - Total,2018,0.0214837772405196,"Black et al. 2023, IMF Fossil Fuel Subsidies Data: 2023 Update (IMF staff estimates; published Aug 2023, so 2023 and later values were estimated before the year ended)",https://climatedata.imf.org/datasets/d48cfd2124954fb0900cef95f2db2724_0,2026-10-06
ES,Explicit Fossil Fuel Subsidies - Total,2019,0.0194758163132277,"Black et al. 2023, IMF Fossil Fuel Subsidies Data: 2023 Update (IMF staff estimates; published Aug 2023, so 2023 and later values were estimated before the year ended)",https://climatedata.imf.org/datasets/d48cfd2124954fb0900cef95f2db2724_0,2026-10-06
ES,Explicit Fossil Fuel Subsidies - Total,2020,0.0178949916750924,"Black et al. 2023, IMF Fossil Fuel Subsidies Data: 2023 Update (IMF staff estimates; published Aug 2023, so 2023 and later values were estimated before the year ended)",https://climatedata.imf.org/datasets/d48cfd2124954fb0900cef95f2db2724_0,2026-10-06
ES,Explicit Fossil Fuel Subsidies - Total,2021,0.109427523067754,"Black et al. 2023, IMF Fossil Fuel Subsidies Data: 2023 Update (IMF staff estimates; published Aug 2023, so 2023 and later values were estimated before the year ended)",https://climatedata.imf.org/datasets/d48cfd2124954fb0900cef95f2db2724_0,2026-10-06
ES,Explicit Fossil Fuel Subsidies - Total,2022,0.063272370233456,"Black et al. 2023, IMF Fossil Fuel Subsidies Data: 2023 Update (IMF staff estimates; published Aug 2023, so 2023 and later values were estimated before the year ended)",https://climatedata.imf.org/datasets/d48cfd2124954fb0900cef95f2db2724_0,2026-10-06
ES,Explicit Fossil Fuel Subsidies - Total,2023,0.262370499093701,"Black et al. 2023, IMF Fossil Fuel Subsidies Data: 2023 Update (IMF staff estimates; published Aug 2023, so 2023 and later values were estimated before the year ended)",https://climatedata.imf.org/datasets/d48cfd2124954fb0900cef95f2db2724_0,2026-10-06
ES,Explicit Fossil Fuel Subsidies - Total,2024,0.177165400497808,"Black et al. 2023, IMF Fossil Fuel Subsidies Data: 2023 Update (IMF staff estimates; published Aug 2023, so 2023 and later values were estimated before the year ended)",https://climatedata.imf.org/datasets/d48cfd2124954fb0900cef95f2db2724_0,2026-10-06
ES,Explicit Fossil Fuel Subsidies - Total,2025,0.104886882292181,"Black et al. 2023, IMF Fossil Fuel Subsidies Data: 2023 Update (IMF staff estimates; published Aug 2023, so 2023 and later values were estimated before the year ended)",https://climatedata.imf.org/datasets/d48cfd2124954fb0900cef95f2db2724_0,2026-10-06
ES,Fossil Fuel Subsidies - Total Implicit and Explicit,2015,1.32492845803935,"Black et al. 2023, IMF Fossil Fuel Subsidies Data: 2023 Update (IMF staff estimates; published Aug 2023, so 2023 and later values were estimated before the year ended)",https://climatedata.imf.org/datasets/d48cfd2124954fb0900cef95f2db2724_0,2026-10-06
ES,Fossil Fuel Subsidies - Total Implicit and Explicit,2016,1.17846844244175,"Black et al. 2023, IMF Fossil Fuel Subsidies Data: 2023 Update (IMF staff estimates; published Aug 2023, so 2023 and later values were estimated before the year ended)",https://climatedata.imf.org/datasets/d48cfd2124954fb0900cef95f2db2724_0,2026-10-06
ES,Fossil Fuel Subsidies - Total Implicit and Explicit,2017,1.35210069263814,"Black et al. 2023, IMF Fossil Fuel Subsidies Data: 2023 Update (IMF staff estimates; published Aug 2023, so 2023 and later values were estimated before the year ended)",https://climatedata.imf.org/datasets/d48cfd2124954fb0900cef95f2db2724_0,2026-10-06
ES,Fossil Fuel Subsidies - Total Implicit and Explicit,2018,1.41360584715839,"Black et al. 2023, IMF Fossil Fuel Subsidies Data: 2023 Update (IMF staff estimates; published Aug 2023, so 2023 and later values were estimated before the year ended)",https://climatedata.imf.org/datasets/d48cfd2124954fb0900cef95f2db2724_0,2026-10-06
ES,Fossil Fuel Subsidies - Total Implicit and Explicit,2019,1.3710200233892,"Black et al. 2023, IMF Fossil Fuel Subsidies Data: 2023 Update (IMF staff estimates; published Aug 2023, so 2023 and later values were estimated before the year ended)",https://climatedata.imf.org/datasets/d48cfd2124954fb0900cef95f2db2724_0,2026-10-06
ES,Fossil Fuel Subsidies - Total Implicit and Explicit,2020,0.883711390720465,"Black et al. 2023, IMF Fossil Fuel Subsidies Data: 2023 Update (IMF staff estimates; published Aug 2023, so 2023 and later values were estimated before the year ended)",https://climatedata.imf.org/datasets/d48cfd2124954fb0900cef95f2db2724_0,2026-10-06
ES,Fossil Fuel Subsidies - Total Implicit and Explicit,2021,1.59523680771049,"Black et al. 2023, IMF Fossil Fuel Subsidies Data: 2023 Update (IMF staff estimates; published Aug 2023, so 2023 and later values were estimated before the year ended)",https://climatedata.imf.org/datasets/d48cfd2124954fb0900cef95f2db2724_0,2026-10-06
ES,Fossil Fuel Subsidies - Total Implicit and Explicit,2022,1.70510698595193,"Black et al. 2023, IMF Fossil Fuel Subsidies Data: 2023 Update (IMF staff estimates; published Aug 2023, so 2023 and later values were estimated before the year ended)",https://climatedata.imf.org/datasets/d48cfd2124954fb0900cef95f2db2724_0,2026-10-06
ES,Fossil Fuel Subsidies - Total Implicit and Explicit,2023,1.85651329022196,"Black et al. 2023, IMF Fossil Fuel Subsidies Data: 2023 Update (IMF staff estimates; published Aug 2023, so 2023 and later values were estimated before the year ended)",https://climatedata.imf.org/datasets/d48cfd2124954fb0900cef95f2db2724_0,2026-10-06
ES,Fossil Fuel Subsidies - Total Implicit and Explicit,2024,1.75419022001705,"Black et al. 2023, IMF Fossil Fuel Subsidies Data: 2023 Update (IMF staff estimates; published Aug 2023, so 2023 and later values were estimated before the year ended)",https://climatedata.imf.org/datasets/d48cfd2124954fb0900cef95f2db2724_0,2026-10-06
ES,Fossil Fuel Subsidies - Total Implicit and Explicit,2025,1.67959946113114,"Black et al. 2023, IMF Fossil Fuel Subsidies Data: 2023 Update (IMF staff estimates; published Aug 2023, so 2023 and later values were estimated before the year ended)",https://climatedata.imf.org/datasets/d48cfd2124954fb0900cef95f2db2724_0,2026-10-06
ES,Implicit Fossil Fuel Subsidies - Total,2015,1.28493481581253,"Black et al. 2023, IMF Fossil Fuel Subsidies Data: 2023 Update (IMF staff estimates; published Aug 2023, so 2023 and later values were estimated before the year ended)",https://climatedata.imf.org/datasets/d48cfd2124954fb0900cef95f2db2724_0,2026-10-06
ES,Implicit Fossil Fuel Subsidies - Total,2016,1.15315921792433,"Black et al. 2023, IMF Fossil Fuel Subsidies Data: 2023 Update (IMF staff estimates; published Aug 2023, so 2023 and later values were estimated before the year ended)",https://climatedata.imf.org/datasets/d48cfd2124954fb0900cef95f2db2724_0,2026-10-06
ES,Implicit Fossil Fuel Subsidies - Total,2017,1.33041036389852,"Black et al. 2023, IMF Fossil Fuel Subsidies Data: 2023 Update (IMF staff estimates; published Aug 2023, so 2023 and later values were estimated before the year ended)",https://climatedata.imf.org/datasets/d48cfd2124954fb0900cef95f2db2724_0,2026-10-06
ES,Implicit Fossil Fuel Subsidies - Total,2018,1.39212206991787,"Black et al. 2023, IMF Fossil Fuel Subsidies Data: 2023 Update (IMF staff estimates; published Aug 2023, so 2023 and later values were estimated before the year ended)",https://climatedata.imf.org/datasets/d48cfd2124954fb0900cef95f2db2724_0,2026-10-06
ES,Implicit Fossil Fuel Subsidies - Total,2019,1.35154420732001,"Black et al. 2023, IMF Fossil Fuel Subsidies Data: 2023 Update (IMF staff estimates; published Aug 2023, so 2023 and later values were estimated before the year ended)",https://climatedata.imf.org/datasets/d48cfd2124954fb0900cef95f2db2724_0,2026-10-06
ES,Implicit Fossil Fuel Subsidies - Total,2020,0.865816399059775,"Black et al. 2023, IMF Fossil Fuel Subsidies Data: 2023 Update (IMF staff estimates; published Aug 2023, so 2023 and later values were estimated before the year ended)",https://climatedata.imf.org/datasets/d48cfd2124954fb0900cef95f2db2724_0,2026-10-06
ES,Implicit Fossil Fuel Subsidies - Total,2021,1.48580928395772,"Black et al. 2023, IMF Fossil Fuel Subsidies Data: 2023 Update (IMF staff estimates; published Aug 2023, so 2023 and later values were estimated before the year ended)",https://climatedata.imf.org/datasets/d48cfd2124954fb0900cef95f2db2724_0,2026-10-06
ES,Implicit Fossil Fuel Subsidies - Total,2022,1.64183461557402,"Black et al. 2023, IMF Fossil Fuel Subsidies Data: 2023 Update (IMF staff estimates; published Aug 2023, so 2023 and later values were estimated before the year ended)",https://climatedata.imf.org/datasets/d48cfd2124954fb0900cef95f2db2724_0,2026-10-06
ES,Implicit Fossil Fuel Subsidies - Total,2023,1.59414279106339,"Black et al. 2023, IMF Fossil Fuel Subsidies Data: 2023 Update (IMF staff estimates; published Aug 2023, so 2023 and later values were estimated before the year ended)",https://climatedata.imf.org/datasets/d48cfd2124954fb0900cef95f2db2724_0,2026-10-06
ES,Implicit Fossil Fuel Subsidies - Total,2024,1.57702481958248,"Black et al. 2023, IMF Fossil Fuel Subsidies Data: 2023 Update (IMF staff estimates; published Aug 2023, so 2023 and later values were estimated before the year ended)",https://climatedata.imf.org/datasets/d48cfd2124954fb0900cef95f2db2724_0,2026-10-06
ES,Implicit Fossil Fuel Subsidies - Total,2025,1.57471257865429,"Black et al. 2023, IMF Fossil Fuel Subsidies Data: 2023 Update (IMF staff estimates; published Aug 2023, so 2023 and later values were estimated before the year ended)",https://climatedata.imf.org/datasets/d48cfd2124954fb0900cef95f2db2724_0,2026-10-06
SE,Explicit Fossil Fuel Subsidies - Total,2015,4.20554837990753,"Black et al. 2023, IMF Fossil Fuel Subsidies Data: 2023 Update (IMF staff estimates; published Aug 2023, so 2023 and later values were estimated before the year ended)",https://climatedata.imf.org/datasets/d48cfd2124954fb0900cef95f2db2724_0,2026-10-06
SE,Explicit Fossil Fuel Subsidies - Total,2016,3.43592951367216,"Black et al. 2023, IMF Fossil Fuel Subsidies Data: 2023 Update (IMF staff estimates; published Aug 2023, so 2023 and later values were estimated before the year ended)",https://climatedata.imf.org/datasets/d48cfd2124954fb0900cef95f2db2724_0,2026-10-06
SE,Explicit Fossil Fuel Subsidies - Total,2017,2.66515798241598,"Black et al. 2023, IMF Fossil Fuel Subsidies Data: 2023 Update (IMF staff estimates; published Aug 2023, so 2023 and later values were estimated before the year ended)",https://climatedata.imf.org/datasets/d48cfd2124954fb0900cef95f2db2724_0,2026-10-06
SE,Explicit Fossil Fuel Subsidies - Total,2018,0,"Black et al. 2023, IMF Fossil Fuel Subsidies Data: 2023 Update (IMF staff estimates; published Aug 2023, so 2023 and later values were estimated before the year ended)",https://climatedata.imf.org/datasets/d48cfd2124954fb0900cef95f2db2724_0,2026-10-06
SE,Explicit Fossil Fuel Subsidies - Total,2019,0.0963680420848277,"Black et al. 2023, IMF Fossil Fuel Subsidies Data: 2023 Update (IMF staff estimates; published Aug 2023, so 2023 and later values were estimated before the year ended)",https://climatedata.imf.org/datasets/d48cfd2124954fb0900cef95f2db2724_0,2026-10-06
SE,Explicit Fossil Fuel Subsidies - Total,2020,0.239230278543428,"Black et al. 2023, IMF Fossil Fuel Subsidies Data: 2023 Update (IMF staff estimates; published Aug 2023, so 2023 and later values were estimated before the year ended)",https://climatedata.imf.org/datasets/d48cfd2124954fb0900cef95f2db2724_0,2026-10-06
SE,Explicit Fossil Fuel Subsidies - Total,2021,0.136113174788375,"Black et al. 2023, IMF Fossil Fuel Subsidies Data: 2023 Update (IMF staff estimates; published Aug 2023, so 2023 and later values were estimated before the year ended)",https://climatedata.imf.org/datasets/d48cfd2124954fb0900cef95f2db2724_0,2026-10-06
SE,Explicit Fossil Fuel Subsidies - Total,2022,0.129624704402261,"Black et al. 2023, IMF Fossil Fuel Subsidies Data: 2023 Update (IMF staff estimates; published Aug 2023, so 2023 and later values were estimated before the year ended)",https://climatedata.imf.org/datasets/d48cfd2124954fb0900cef95f2db2724_0,2026-10-06
SE,Explicit Fossil Fuel Subsidies - Total,2023,0.124010690845019,"Black et al. 2023, IMF Fossil Fuel Subsidies Data: 2023 Update (IMF staff estimates; published Aug 2023, so 2023 and later values were estimated before the year ended)",https://climatedata.imf.org/datasets/d48cfd2124954fb0900cef95f2db2724_0,2026-10-06
SE,Explicit Fossil Fuel Subsidies - Total,2024,0.122328969164235,"Black et al. 2023, IMF Fossil Fuel Subsidies Data: 2023 Update (IMF staff estimates; published Aug 2023, so 2023 and later values were estimated before the year ended)",https://climatedata.imf.org/datasets/d48cfd2124954fb0900cef95f2db2724_0,2026-10-06
SE,Explicit Fossil Fuel Subsidies - Total,2025,0.12094084885624,"Black et al. 2023, IMF Fossil Fuel Subsidies Data: 2023 Update (IMF staff estimates; published Aug 2023, so 2023 and later values were estimated before the year ended)",https://climatedata.imf.org/datasets/d48cfd2124954fb0900cef95f2db2724_0,2026-10-06
SE,Fossil Fuel Subsidies - Total Implicit and Explicit,2015,4.29546101815774,"Black et al. 2023, IMF Fossil Fuel Subsidies Data: 2023 Update (IMF staff estimates; published Aug 2023, so 2023 and later values were estimated before the year ended)",https://climatedata.imf.org/datasets/d48cfd2124954fb0900cef95f2db2724_0,2026-10-06
SE,Fossil Fuel Subsidies - Total Implicit and Explicit,2016,3.5246527297326,"Black et al. 2023, IMF Fossil Fuel Subsidies Data: 2023 Update (IMF staff estimates; published Aug 2023, so 2023 and later values were estimated before the year ended)",https://climatedata.imf.org/datasets/d48cfd2124954fb0900cef95f2db2724_0,2026-10-06
SE,Fossil Fuel Subsidies - Total Implicit and Explicit,2017,2.75502268552325,"Black et al. 2023, IMF Fossil Fuel Subsidies Data: 2023 Update (IMF staff estimates; published Aug 2023, so 2023 and later values were estimated before the year ended)",https://climatedata.imf.org/datasets/d48cfd2124954fb0900cef95f2db2724_0,2026-10-06
SE,Fossil Fuel Subsidies - Total Implicit and Explicit,2018,0.0986889299099959,"Black et al. 2023, IMF Fossil Fuel Subsidies Data: 2023 Update (IMF staff estimates; published Aug 2023, so 2023 and later values were estimated before the year ended)",https://climatedata.imf.org/datasets/d48cfd2124954fb0900cef95f2db2724_0,2026-10-06
SE,Fossil Fuel Subsidies - Total Implicit and Explicit,2019,0.276893209338291,"Black et al. 2023, IMF Fossil Fuel Subsidies Data: 2023 Update (IMF staff estimates; published Aug 2023, so 2023 and later values were estimated before the year ended)",https://climatedata.imf.org/datasets/d48cfd2124954fb0900cef95f2db2724_0,2026-10-06
SE,Fossil Fuel Subsidies - Total Implicit and Explicit,2020,0.344204900534619,"Black et al. 2023, IMF Fossil Fuel Subsidies Data: 2023 Update (IMF staff estimates; published Aug 2023, so 2023 and later values were estimated before the year ended)",https://climatedata.imf.org/datasets/d48cfd2124954fb0900cef95f2db2724_0,2026-10-06
SE,Fossil Fuel Subsidies - Total Implicit and Explicit,2021,0.240838408020397,"Black et al. 2023, IMF Fossil Fuel Subsidies Data: 2023 Update (IMF staff estimates; published Aug 2023, so 2023 and later values were estimated before the year ended)",https://climatedata.imf.org/datasets/d48cfd2124954fb0900cef95f2db2724_0,2026-10-06
SE,Fossil Fuel Subsidies - Total Implicit and Explicit,2022,0.314874681034604,"Black et al. 2023, IMF Fossil Fuel Subsidies Data: 2023 Update (IMF staff estimates; published Aug 2023, so 2023 and later values were estimated before the year ended)",https://climatedata.imf.org/datasets/d48cfd2124954fb0900cef95f2db2724_0,2026-10-06
SE,Fossil Fuel Subsidies - Total Implicit and Explicit,2023,0.249185966756588,"Black et al. 2023, IMF Fossil Fuel Subsidies Data: 2023 Update (IMF staff estimates; published Aug 2023, so 2023 and later values were estimated before the year ended)",https://climatedata.imf.org/datasets/d48cfd2124954fb0900cef95f2db2724_0,2026-10-06
SE,Fossil Fuel Subsidies - Total Implicit and Explicit,2024,0.275879703509319,"Black et al. 2023, IMF Fossil Fuel Subsidies Data: 2023 Update (IMF staff estimates; published Aug 2023, so 2023 and later values were estimated before the year ended)",https://climatedata.imf.org/datasets/d48cfd2124954fb0900cef95f2db2724_0,2026-10-06
SE,Fossil Fuel Subsidies - Total Implicit and Explicit,2025,0.293027186895145,"Black et al. 2023, IMF Fossil Fuel Subsidies Data: 2023 Update (IMF staff estimates; published Aug 2023, so 2023 and later values were estimated before the year ended)",https://climatedata.imf.org/datasets/d48cfd2124954fb0900cef95f2db2724_0,2026-10-06
SE,Implicit Fossil Fuel Subsidies - Total,2015,0.0899126383902952,"Black et al. 2023, IMF Fossil Fuel Subsidies Data: 2023 Update (IMF staff estimates; published Aug 2023, so 2023 and later values were estimated before the year ended)",https://climatedata.imf.org/datasets/d48cfd2124954fb0900cef95f2db2724_0,2026-10-06
SE,Implicit Fossil Fuel Subsidies - Total,2016,0.0887232157659441,"Black et al. 2023, IMF Fossil Fuel Subsidies Data: 2023 Update (IMF staff estimates; published Aug 2023, so 2023 and later values were estimated before the year ended)",https://climatedata.imf.org/datasets/d48cfd2124954fb0900cef95f2db2724_0,2026-10-06
SE,Implicit Fossil Fuel Subsidies - Total,2017,0.0898647036456634,"Black et al. 2023, IMF Fossil Fuel Subsidies Data: 2023 Update (IMF staff estimates; published Aug 2023, so 2023 and later values were estimated before the year ended)",https://climatedata.imf.org/datasets/d48cfd2124954fb0900cef95f2db2724_0,2026-10-06
SE,Implicit Fossil Fuel Subsidies - Total,2018,0.0986889299099959,"Black et al. 2023, IMF Fossil Fuel Subsidies Data: 2023 Update (IMF staff estimates; published Aug 2023, so 2023 and later values were estimated before the year ended)",https://climatedata.imf.org/datasets/d48cfd2124954fb0900cef95f2db2724_0,2026-10-06
SE,Implicit Fossil Fuel Subsidies - Total,2019,0.18052516715475,"Black et al. 2023, IMF Fossil Fuel Subsidies Data: 2023 Update (IMF staff estimates; published Aug 2023, so 2023 and later values were estimated before the year ended)",https://climatedata.imf.org/datasets/d48cfd2124954fb0900cef95f2db2724_0,2026-10-06
SE,Implicit Fossil Fuel Subsidies - Total,2020,0.10497462194074,"Black et al. 2023, IMF Fossil Fuel Subsidies Data: 2023 Update (IMF staff estimates; published Aug 2023, so 2023 and later values were estimated before the year ended)",https://climatedata.imf.org/datasets/d48cfd2124954fb0900cef95f2db2724_0,2026-10-06
SE,Implicit Fossil Fuel Subsidies - Total,2021,0.104725233232022,"Black et al. 2023, IMF Fossil Fuel Subsidies Data: 2023 Update (IMF staff estimates; published Aug 2023, so 2023 and later values were estimated before the year ended)",https://climatedata.imf.org/datasets/d48cfd2124954fb0900cef95f2db2724_0,2026-10-06
SE,Implicit Fossil Fuel Subsidies - Total,2022,0.185249976679141,"Black et al. 2023, IMF Fossil Fuel Subsidies Data: 2023 Update (IMF staff estimates; published Aug 2023, so 2023 and later values were estimated before the year ended)",https://climatedata.imf.org/datasets/d48cfd2124954fb0900cef95f2db2724_0,2026-10-06
SE,Implicit Fossil Fuel Subsidies - Total,2023,0.125175275974051,"Black et al. 2023, IMF Fossil Fuel Subsidies Data: 2023 Update (IMF staff estimates; published Aug 2023, so 2023 and later values were estimated before the year ended)",https://climatedata.imf.org/datasets/d48cfd2124954fb0900cef95f2db2724_0,2026-10-06
SE,Implicit Fossil Fuel Subsidies - Total,2024,0.153550734345084,"Black et al. 2023, IMF Fossil Fuel Subsidies Data: 2023 Update (IMF staff estimates; published Aug 2023, so 2023 and later values were estimated before the year ended)",https://climatedata.imf.org/datasets/d48cfd2124954fb0900cef95f2db2724_0,2026-10-06
SE,Implicit Fossil Fuel Subsidies - Total,2025,0.17208633809869,"Black et al. 2023, IMF Fossil Fuel Subsidies Data: 2023 Update (IMF staff estimates; published Aug 2023, so 2023 and later values were estimated before the year ended)",https://climatedata.imf.org/datasets/d48cfd2124954fb0900cef95f2db2724_0,2026-10-06
