{"type":"FeatureCollection","features":[{"type":"Feature","properties":{"zone":"protected","area_km2_utm33n":4137.6,"source":"EEA Natura 2000 (2024 release): union of 18 marine sites, land removed (OSM)"},"geometry":{"type":"MultiPolygon","coordinates":[[[[14.34,35.69988],[14.34015,35.69988],[14.34015,35.66],[14.46,35.66],[14.46,35.65988],[14.46015,35.65988],[14.46015,35.41988],[14.33755,35.41999],[14.16341,35.41975],[14.14841,35.42662],[14.13569,35.43286],[14.1291,35.43628],[14.12074,35.44076],[14.11339,35.44487],[14.10613,35.44908],[14.09895,35.4534],[14.09188,35.45781],[14.08489,35.46233],[14.07739,35.46736],[14.0706,35.47207],[14.06458,35.47639],[14.06469,35.55312],[14.14,35.55289],[14.14,35.62],[14.18,35.7],[14.34,35.7],[14.34,35.69988]]],[[[13.7828,35.97805],[14.08278,35.77429],[14.04067,35.73618],[13.73973,35.9402],[13.7828,35.97805]]],[[[14.13038,35.981],[14.25447,35.81006],[14.37699,35.74273],[14.37699,35.70847],[14.07281,35.87659],[14.03412,35.89808],[13.86936,36.04465],[13.94999,36.10887],[13.9917,36.07415],[14.10014,36.11491],[14.10014,36.1399],[14.14023,36.13994],[14.14022,36.21986],[14.22019,36.29984],[14.30017,36.29985],[14.38015,36.21988],[14.38016,36.1399],[14.46017,36.05989],[14.46017,36.01745],[14.50015,36.00303],[14.50015,36.13988],[14.74015,36.13987],[14.74015,36.05987],[14.66015,35.97988],[14.51312,35.97988],[14.51323,35.93661],[14.49559,35.92318],[14.49538,35.92343],[14.49407,35.92371],[14.49349,35.92364],[14.49351,35.92358],[14.49363,35.92359],[14.49357,35.92351],[14.49321,35.92363],[14.493,35.92356],[14.49303,35.92369],[14.49319,35.92382],[14.49308,35.92391],[14.493,35.92386],[14.49276,35.92395],[14.49287,35.92414],[14.49329,35.92435],[14.49362,35.9243],[14.4932,35.92452],[14.49329,35.9245],[14.49347,35.92462],[14.4937,35.92448],[14.49385,35.92451],[14.49392,35.92463],[14.49379,35.92479],[14.49362,35.92479],[14.49361,35.92494],[14.49379,35.9249],[14.49399,35.92469],[14.49408,35.92485],[14.4939,35.92515],[14.49405,35.92515],[14.49407,35.92497],[14.49422,35.92496],[14.49466,35.92539],[14.49444,35.9256],[14.49487,35.92574],[14.49494,35.92583],[14.49503,35.9257],[14.49512,35.9258],[14.49521,35.92595],[14.49511,35.92622],[14.4953,35.92619],[14.49539,35.92627],[14.49547,35.92623],[14.4954,35.92615],[14.49551,35.92617],[14.49569,35.92669],[14.49549,35.92701],[14.49475,35.92703],[14.49426,35.92686],[14.49425,35.92674],[14.49434,35.92669],[14.49426,35.92659],[14.49405,35.92659],[14.49407,35.92625],[14.49382,35.92609],[14.49348,35.9262],[14.49323,35.92606],[14.49295,35.92602],[14.49286,35.92624],[14.49277,35.92627],[14.49273,35.92617],[14.49224,35.92646],[14.49158,35.92662],[14.4905,35.92632],[14.48969,35.92624],[14.48946,35.92611],[14.489,35.92555],[14.48882,35.92555],[14.48868,35.92538],[14.48823,35.92555],[14.48805,35.92571],[14.48777,35.92612],[14.48769,35.92649],[14.48804,35.92666],[14.48821,35.92668],[14.48831,35.9266],[14.48831,35.92668],[14.48878,35.92692],[14.48889,35.92685],[14.48911,35.92694],[14.48908,35.927],[14.4894,35.92709],[14.48991,35.92721],[14.48996,35.92715],[14.48992,35.92722],[14.49005,35.9273],[14.49013,35.92723],[14.49007,35.92731],[14.49018,35.92739],[14.49053,35.92753],[14.49059,35.92745],[14.49065,35.92747],[14.49058,35.92756],[14.49063,35.9276],[14.49083,35.92774],[14.49107,35.92778],[14.49126,35.92801],[14.49159,35.928],[14.49244,35.92832],[14.49255,35.92843],[14.49274,35.92908],[14.49201,35.92975],[14.49184,35.92977],[14.49141,35.93017],[14.49109,35.9306],[14.49054,35.93065],[14.48969,35.93037],[14.48921,35.9304],[14.48858,35.93087],[14.48836,35.93124],[14.48822,35.9313],[14.48813,35.9315],[14.48795,35.93161],[14.48775,35.93167],[14.48736,35.93161],[14.48717,35.93169],[14.48662,35.93147],[14.48579,35.93156],[14.48597,35.93161],[14.48593,35.93172],[14.48559,35.9316],[14.48545,35.93179],[14.48577,35.93186],[14.48485,35.93257],[14.48478,35.93272],[14.48357,35.93352],[14.48329,35.93361],[14.483,35.93363],[14.48293,35.93355],[14.48254,35.93363],[14.48158,35.93404],[14.48137,35.93402],[14.4811,35.93384],[14.48118,35.93407],[14.48133,35.93411],[14.48146,35.93436],[14.48138,35.93458],[14.48151,35.93477],[14.48169,35.93581],[14.48154,35.93627],[14.48046,35.93669],[14.48033,35.93668],[14.48035,35.93678],[14.48019,35.93684],[14.4801,35.93678],[14.48,35.93681],[14.47955,35.93711],[14.47955,35.93702],[14.47933,35.93702],[14.47909,35.93713],[14.47883,35.93697],[14.47861,35.93695],[14.47807,35.93706],[14.47761,35.93706],[14.4775,35.93742],[14.47703,35.93779],[14.47637,35.93798],[14.47583,35.93794],[14.47563,35.93804],[14.47531,35.93804],[14.47516,35.93796],[14.47506,35.93804],[14.47497,35.93801],[14.47492,35.93788],[14.47477,35.93791],[14.47448,35.93768],[14.47388,35.93739],[14.47333,35.93743],[14.47321,35.9373],[14.4731,35.93741],[14.47276,35.93735],[14.47233,35.93745],[14.47229,35.93754],[14.4717,35.93717],[14.4716,35.93676],[14.47117,35.93648],[14.47099,35.93611],[14.47085,35.93625],[14.47007,35.9361],[14.46995,35.93619],[14.47006,35.93642],[14.4697,35.93659],[14.46953,35.9365],[14.46953,35.93641],[14.46924,35.93631],[14.469,35.93635],[14.46864,35.93653],[14.46868,35.93664],[14.46859,35.93657],[14.46846,35.93669],[14.46816,35.93664],[14.4679,35.93669],[14.46754,35.93653],[14.46748,35.93654],[14.46765,35.93668],[14.46741,35.9367],[14.4673,35.93651],[14.46662,35.93663],[14.46666,35.93672],[14.46653,35.93679],[14.46623,35.93673],[14.46588,35.93687],[14.46542,35.93678],[14.46487,35.93692],[14.46457,35.93684],[14.46445,35.93698],[14.46421,35.937],[14.46397,35.93692],[14.46374,35.93708],[14.46355,35.93704],[14.46331,35.93715],[14.46309,35.93702],[14.46298,35.9372],[14.46258,35.93709],[14.46245,35.93714],[14.46238,35.93727],[14.4622,35.93729],[14.4622,35.93736],[14.46111,35.93761],[14.45998,35.93812],[14.45964,35.93795],[14.45932,35.93798],[14.45919,35.93825],[14.45929,35.93834],[14.45907,35.93839],[14.4592,35.93853],[14.45922,35.93882],[14.45935,35.93891],[14.45938,35.93913],[14.45918,35.93905],[14.45895,35.93914],[14.4592,35.9394],[14.45938,35.94007],[14.45906,35.9401],[14.45909,35.94015],[14.45887,35.94037],[14.45872,35.94033],[14.4587,35.94042],[14.45849,35.94041],[14.45801,35.94169],[14.4575,35.94128],[14.45713,35.94054],[14.45697,35.94041],[14.45687,35.94052],[14.4568,35.94047],[14.45693,35.94035],[14.45646,35.94007],[14.45598,35.94008],[14.45599,35.94024],[14.4558,35.94027],[14.45544,35.94007],[14.45521,35.9402],[14.45504,35.94136],[14.45478,35.94132],[14.45472,35.94141],[14.455,35.94156],[14.45489,35.94223],[14.45531,35.94361],[14.45579,35.94415],[14.45543,35.94467],[14.45518,35.94537],[14.45515,35.94605],[14.45523,35.94609],[14.45513,35.94606],[14.45482,35.94626],[14.45508,35.94653],[14.45472,35.94697],[14.45483,35.94717],[14.4546,35.94706],[14.45448,35.94708],[14.45316,35.94759],[14.45271,35.94747],[14.45209,35.94714],[14.45178,35.94686],[14.45162,35.94643],[14.4523,35.94455],[14.45184,35.94385],[14.45094,35.94317],[14.45047,35.94311],[14.45001,35.9432],[14.44989,35.94338],[14.44976,35.94411],[14.44945,35.94455],[14.44892,35.9459],[14.44891,35.94631],[14.44883,35.94643],[14.44856,35.9467],[14.44772,35.9471],[14.44676,35.94733],[14.44601,35.94809],[14.44605,35.94856],[14.44612,35.94852],[14.44605,35.9486],[14.44617,35.94859],[14.44613,35.94869],[14.44623,35.94882],[14.44674,35.94915],[14.44686,35.94913],[14.44691,35.9492],[14.44696,35.94915],[14.44708,35.94925],[14.44701,35.94931],[14.44716,35.94955],[14.44594,35.95007],[14.44597,35.95016],[14.44567,35.95034],[14.4455,35.95042],[14.44542,35.95038],[14.4454,35.95046],[14.44535,35.95042],[14.44528,35.95052],[14.44506,35.95054],[14.44403,35.95196],[14.44354,35.95191],[14.44273,35.95167],[14.44265,35.95172],[14.44263,35.95165],[14.44211,35.95153],[14.4411,35.95185],[14.44003,35.95249],[14.43899,35.95342],[14.43753,35.95414],[14.43676,35.95427],[14.43589,35.95418],[14.43513,35.95421],[14.43503,35.95425],[14.43505,35.95433],[14.43463,35.95451],[14.43357,35.95482],[14.43306,35.95485],[14.43261,35.95451],[14.43246,35.95425],[14.43235,35.95314],[14.43216,35.95263],[14.43087,35.95148],[14.42961,35.95054],[14.42847,35.9495],[14.42835,35.94881],[14.4281,35.94862],[14.42758,35.94874],[14.427,35.94871],[14.42632,35.9486],[14.42606,35.94847],[14.42544,35.94878],[14.42589,35.94853],[14.42571,35.94839],[14.42435,35.94909],[14.42345,35.94827],[14.42237,35.94666],[14.42211,35.94645],[14.42194,35.94606],[14.42158,35.94554],[14.42137,35.945],[14.42124,35.9449],[14.42247,35.94777],[14.42296,35.94854],[14.4239,35.94924],[14.42408,35.94955],[14.42403,35.94957],[14.42427,35.94985],[14.42414,35.94991],[14.42463,35.95063],[14.42483,35.95067],[14.42479,35.95077],[14.42465,35.95078],[14.4248,35.95139],[14.42499,35.95139],[14.42501,35.95157],[14.4247,35.9525],[14.42486,35.95256],[14.42469,35.95251],[14.42456,35.95284],[14.42464,35.95288],[14.42453,35.95297],[14.42475,35.95305],[14.42451,35.95304],[14.42445,35.95333],[14.42433,35.95344],[14.42432,35.95356],[14.42443,35.95357],[14.42432,35.95357],[14.42432,35.95418],[14.42448,35.95419],[14.42432,35.95419],[14.42431,35.95443],[14.42443,35.95451],[14.42438,35.95462],[14.42467,35.9553],[14.42462,35.95572],[14.4247,35.9556],[14.4248,35.95574],[14.42476,35.9558],[14.42486,35.95577],[14.42484,35.95584],[14.42512,35.95615],[14.42579,35.95669],[14.42638,35.957],[14.42647,35.95719],[14.42583,35.95849],[14.42582,35.9588],[14.42607,35.95935],[14.42651,35.95962],[14.42709,35.95981],[14.42797,35.95951],[14.4295,35.95935],[14.42997,35.95962],[14.4302,35.95988],[14.43019,35.96019],[14.42999,35.96036],[14.42923,35.96053],[14.42842,35.96086],[14.42826,35.96089],[14.42807,35.96068],[14.42815,35.96052],[14.42777,35.96028],[14.42769,35.96011],[14.42747,35.9601],[14.42721,35.96031],[14.42662,35.96006],[14.4255,35.96006],[14.42439,35.95984],[14.42384,35.95965],[14.42269,35.95906],[14.42228,35.95893],[14.42186,35.9586],[14.42049,35.95789],[14.41963,35.95777],[14.41851,35.95734],[14.41783,35.95716],[14.41743,35.95675],[14.41785,35.95636],[14.4178,35.95611],[14.41774,35.956],[14.41743,35.95591],[14.41698,35.95555],[14.41695,35.95542],[14.41712,35.95492],[14.41703,35.95471],[14.41706,35.95441],[14.41692,35.95413],[14.41653,35.95383],[14.41627,35.95383],[14.41623,35.9537],[14.41602,35.9538],[14.41583,35.95376],[14.41562,35.95357],[14.41515,35.95362],[14.41488,35.95355],[14.41444,35.9526],[14.41427,35.95236],[14.414,35.95218],[14.41371,35.95212],[14.41367,35.95218],[14.41319,35.95224],[14.4126,35.95266],[14.41231,35.95303],[14.41205,35.9531],[14.41146,35.9529],[14.41124,35.95299],[14.41103,35.95287],[14.41079,35.95299],[14.40867,35.95253],[14.40883,35.95215],[14.40793,35.95194],[14.40771,35.95185],[14.40711,35.95142],[14.40717,35.95138],[14.4079,35.95189],[14.40852,35.95204],[14.40856,35.9511],[14.40846,35.95103],[14.40849,35.95077],[14.40857,35.95089],[14.4086,35.95041],[14.40851,35.95015],[14.40805,35.94992],[14.40705,35.94974],[14.40671,35.94988],[14.40647,35.95013],[14.40638,35.95002],[14.40631,35.94947],[14.40564,35.94913],[14.4054,35.9492],[14.40551,35.94895],[14.4059,35.94919],[14.40616,35.9492],[14.40618,35.94912],[14.40597,35.94901],[14.40583,35.94908],[14.40553,35.94884],[14.40545,35.9489],[14.40534,35.94879],[14.40528,35.94906],[14.40519,35.949],[14.40526,35.94889],[14.40521,35.94882],[14.40505,35.94888],[14.40447,35.94951],[14.40447,35.94963],[14.40431,35.94966],[14.40405,35.94993],[14.40383,35.94997],[14.40282,35.94978],[14.40192,35.94929],[14.40217,35.94957],[14.40211,35.94963],[14.40191,35.94963],[14.40136,35.94942],[14.40095,35.94941],[14.40078,35.94952],[14.40054,35.9495],[14.40039,35.94969],[14.39974,35.94938],[14.39934,35.94978],[14.39954,35.9501],[14.39996,35.95041],[14.39979,35.9505],[14.39996,35.95061],[14.39974,35.95072],[14.39952,35.9506],[14.3995,35.95067],[14.39943,35.95059],[14.39857,35.95045],[14.39838,35.95038],[14.39838,35.9503],[14.39772,35.95013],[14.39794,35.94988],[14.39773,35.94968],[14.39773,35.94945],[14.397,35.94922],[14.39698,35.94929],[14.39688,35.94917],[14.39677,35.94921],[14.3968,35.94915],[14.39668,35.94916],[14.39655,35.94906],[14.39657,35.94899],[14.3963,35.94884],[14.39576,35.9487],[14.39496,35.94835],[14.39492,35.94841],[14.39454,35.94825],[14.39443,35.9483],[14.39426,35.94823],[14.39422,35.94814],[14.39395,35.94807],[14.39382,35.94813],[14.39363,35.94808],[14.393,35.94837],[14.39289,35.94825],[14.39242,35.94806],[14.39232,35.9481],[14.3923,35.94801],[14.39155,35.94771],[14.39171,35.94733],[14.39125,35.94714],[14.391,35.94726],[14.39076,35.94718],[14.39034,35.94717],[14.38982,35.94737],[14.3896,35.94736],[14.3896,35.94731],[14.38979,35.94732],[14.39067,35.94705],[14.39053,35.94683],[14.39061,35.94678],[14.39016,35.94631],[14.39029,35.94637],[14.39024,35.94624],[14.38992,35.94603],[14.38949,35.94594],[14.38905,35.94596],[14.38902,35.94606],[14.389,35.94597],[14.38791,35.94605],[14.38793,35.94609],[14.38743,35.94602],[14.38552,35.94509],[14.38561,35.9452],[14.3853,35.94507],[14.38479,35.94516],[14.38336,35.94621],[14.38318,35.94718],[14.38355,35.94758],[14.38426,35.94794],[14.38457,35.94837],[14.38482,35.94848],[14.38526,35.94899],[14.3854,35.94886],[14.38555,35.94897],[14.38561,35.94894],[14.38548,35.94916],[14.38582,35.94954],[14.3861,35.94966],[14.38631,35.94994],[14.38723,35.9504],[14.3883,35.95078],[14.38824,35.95051],[14.38833,35.95051],[14.38844,35.95078],[14.38903,35.95119],[14.38878,35.95135],[14.3889,35.95167],[14.38968,35.95257],[14.38951,35.95256],[14.38844,35.952],[14.38837,35.95245],[14.389,35.9531],[14.39075,35.95437],[14.39063,35.95482],[14.39084,35.95522],[14.39104,35.95522],[14.39146,35.9559],[14.39156,35.95595],[14.3915,35.95597],[14.39157,35.95668],[14.391,35.95747],[14.3901,35.95747],[14.3899,35.95771],[14.38983,35.95795],[14.38988,35.95828],[14.38999,35.9583],[14.38999,35.95842],[14.38977,35.95843],[14.38989,35.95887],[14.3904,35.95923],[14.39076,35.95934],[14.39173,35.95942],[14.39212,35.9592],[14.39242,35.95889],[14.39237,35.9588],[14.39326,35.95841],[14.3945,35.958],[14.39544,35.95801],[14.39577,35.95811],[14.39578,35.95821],[14.396,35.95819],[14.39643,35.95834],[14.39612,35.95868],[14.39679,35.95921],[14.39701,35.95948],[14.39709,35.95984],[14.39643,35.95962],[14.39574,35.96019],[14.39581,35.96029],[14.39572,35.96043],[14.39559,35.96038],[14.39532,35.96086],[14.39585,35.96165],[14.39658,35.96195],[14.39691,35.96264],[14.39725,35.9628],[14.39756,35.96334],[14.39787,35.96353],[14.39792,35.96373],[14.39786,35.96388],[14.39736,35.96395],[14.39702,35.96414],[14.39692,35.96463],[14.39677,35.96475],[14.39675,35.96505],[14.39614,35.96534],[14.3963,35.96552],[14.39592,35.96577],[14.39556,35.96579],[14.39543,35.96616],[14.39548,35.96634],[14.39565,35.96642],[14.39599,35.96642],[14.39618,35.96669],[14.39637,35.96679],[14.3964,35.96692],[14.3967,35.96701],[14.39692,35.96719],[14.39663,35.96731],[14.397,35.96743],[14.39687,35.96755],[14.39726,35.96783],[14.39657,35.96767],[14.39615,35.96774],[14.396,35.96758],[14.39586,35.96762],[14.39556,35.96754],[14.39493,35.96803],[14.39454,35.96817],[14.39381,35.96773],[14.39309,35.96757],[14.39265,35.96771],[14.39208,35.96738],[14.39198,35.96743],[14.3921,35.96766],[14.39183,35.96798],[14.39131,35.96801],[14.39118,35.96798],[14.39106,35.96782],[14.39091,35.96783],[14.39074,35.96793],[14.39071,35.96829],[14.39056,35.96834],[14.39032,35.96825],[14.39004,35.96831],[14.38984,35.96812],[14.38939,35.96814],[14.38927,35.96796],[14.38899,35.96784],[14.38871,35.96785],[14.38781,35.96756],[14.38688,35.96917],[14.38648,35.9692],[14.38614,35.96961],[14.38535,35.96971],[14.38478,35.96943],[14.38459,35.96948],[14.38365,35.96874],[14.38358,35.96859],[14.3837,35.96837],[14.38361,35.96822],[14.38252,35.96775],[14.38192,35.96783],[14.381,35.96819],[14.38029,35.96955],[14.37967,35.96967],[14.37959,35.96975],[14.37925,35.97078],[14.37934,35.97126],[14.37942,35.97133],[14.37939,35.97147],[14.37927,35.97147],[14.37758,35.97115],[14.37748,35.97103],[14.37728,35.97101],[14.37734,35.97086],[14.37708,35.97067],[14.37706,35.97053],[14.37638,35.97033],[14.37611,35.97033],[14.37588,35.97019],[14.37579,35.97026],[14.375,35.9699],[14.37377,35.96956],[14.37173,35.96907],[14.37145,35.96908],[14.37101,35.96894],[14.37078,35.96879],[14.36933,35.96847],[14.36867,35.96822],[14.36816,35.96819],[14.36765,35.9678],[14.36716,35.968],[14.36682,35.96784],[14.3668,35.9679],[14.3667,35.96784],[14.36655,35.96789],[14.3666,35.96777],[14.36535,35.96735],[14.36474,35.96732],[14.36451,35.96722],[14.3645,35.96729],[14.36421,35.96719],[14.36419,35.96727],[14.36401,35.96722],[14.36388,35.96728],[14.36241,35.96697],[14.36224,35.96696],[14.36219,35.96705],[14.36172,35.96698],[14.36154,35.96703],[14.3616,35.96696],[14.36134,35.96693],[14.36058,35.96722],[14.36065,35.96704],[14.36053,35.96714],[14.36018,35.96712],[14.36009,35.96719],[14.35993,35.96703],[14.35992,35.9671],[14.35975,35.96715],[14.35893,35.96705],[14.35875,35.9671],[14.35875,35.967],[14.35826,35.96687],[14.35798,35.96689],[14.35798,35.96677],[14.35779,35.96678],[14.35774,35.96667],[14.35729,35.96677],[14.35718,35.96693],[14.35705,35.96691],[14.35707,35.96679],[14.35697,35.96688],[14.3568,35.96689],[14.3569,35.96678],[14.3568,35.96674],[14.35649,35.96711],[14.35663,35.96687],[14.35622,35.96653],[14.35611,35.96659],[14.3556,35.9661],[14.35353,35.96625],[14.35302,35.96666],[14.35241,35.96734],[14.35245,35.96783],[14.35164,35.9684],[14.35106,35.9692],[14.351,35.96918],[14.35093,35.96928],[14.35078,35.96967],[14.3505,35.96993],[14.35006,35.971],[14.34996,35.97137],[14.34994,35.9734],[14.35016,35.97357],[14.3511,35.974],[14.35153,35.97435],[14.35168,35.97434],[14.35185,35.97452],[14.35243,35.97482],[14.35265,35.97483],[14.35262,35.9749],[14.35244,35.97485],[14.35253,35.97527],[14.3531,35.9757],[14.35413,35.9756],[14.35417,35.97547],[14.3545,35.97567],[14.35594,35.97625],[14.35713,35.97702],[14.35719,35.97726],[14.35695,35.97718],[14.35648,35.9773],[14.35655,35.97762],[14.35667,35.97777],[14.3569,35.97779],[14.35723,35.97769],[14.35746,35.97747],[14.35806,35.97776],[14.35812,35.97787],[14.3579,35.9779],[14.35823,35.97802],[14.35855,35.97837],[14.35874,35.97848],[14.35902,35.97844],[14.35915,35.9786],[14.35933,35.97857],[14.35947,35.97868],[14.3594,35.97876],[14.35945,35.97884],[14.35963,35.9788],[14.36021,35.97905],[14.36035,35.97941],[14.36052,35.97959],[14.36132,35.98019],[14.36157,35.98015],[14.36195,35.98028],[14.36189,35.98035],[14.36214,35.98079],[14.3633,35.98124],[14.36345,35.9815],[14.36382,35.98154],[14.36411,35.98183],[14.36406,35.98188],[14.36417,35.98199],[14.36396,35.98304],[14.36458,35.98353],[14.36456,35.98387],[14.36465,35.98397],[14.36487,35.98407],[14.36506,35.98401],[14.36532,35.98416],[14.36544,35.98407],[14.36572,35.98417],[14.36581,35.98434],[14.36572,35.98439],[14.366,35.98454],[14.36606,35.98451],[14.36602,35.98457],[14.3662,35.98471],[14.36637,35.98475],[14.36674,35.98503],[14.36714,35.98505],[14.36868,35.98537],[14.369,35.98526],[14.36969,35.98521],[14.36996,35.9851],[14.3704,35.98523],[14.37057,35.98512],[14.37053,35.985],[14.3709,35.98495],[14.37092,35.9851],[14.37111,35.98499],[14.37156,35.98519],[14.37156,35.98526],[14.37222,35.9857],[14.37253,35.9858],[14.37295,35.98571],[14.37321,35.9859],[14.37338,35.98586],[14.3732,35.98608],[14.37297,35.98601],[14.37285,35.98605],[14.3729,35.98609],[14.37327,35.98609],[14.37349,35.98591],[14.3736,35.98598],[14.37373,35.98596],[14.37402,35.98619],[14.37439,35.98629],[14.37455,35.98648],[14.37513,35.98683],[14.37572,35.98702],[14.37606,35.98738],[14.3762,35.98767],[14.37615,35.98778],[14.37626,35.98783],[14.37615,35.9879],[14.37617,35.98804],[14.37636,35.98823],[14.37621,35.98864],[14.37609,35.9887],[14.37636,35.98881],[14.37636,35.98887],[14.37618,35.9889],[14.37605,35.98882],[14.37595,35.98898],[14.37601,35.98905],[14.37452,35.9904],[14.3743,35.99063],[14.37438,35.99068],[14.37431,35.99075],[14.37401,35.99071],[14.3732,35.99105],[14.37299,35.99129],[14.37262,35.99143],[14.37249,35.99186],[14.37269,35.99218],[14.37268,35.99231],[14.37251,35.99245],[14.37209,35.99244],[14.37187,35.99281],[14.37195,35.99301],[14.37215,35.99297],[14.37229,35.99303],[14.37229,35.99319],[14.37168,35.99371],[14.37172,35.99388],[14.37153,35.99392],[14.37161,35.99418],[14.3714,35.99412],[14.37133,35.99417],[14.37138,35.99424],[14.37123,35.99424],[14.37108,35.99438],[14.37124,35.99463],[14.37119,35.99483],[14.37092,35.99497],[14.37089,35.99516],[14.37071,35.99534],[14.3703,35.99557],[14.37038,35.99601],[14.37005,35.99619],[14.36989,35.99612],[14.36974,35.99615],[14.36965,35.99642],[14.36936,35.99677],[14.36915,35.99686],[14.36903,35.99679],[14.36876,35.99681],[14.36864,35.9971],[14.3683,35.99743],[14.36826,35.99757],[14.3684,35.99772],[14.36837,35.99784],[14.36764,35.99832],[14.36735,35.99835],[14.36697,35.99829],[14.36675,35.998],[14.36661,35.99725],[14.36669,35.99695],[14.36684,35.99687],[14.36681,35.99677],[14.367,35.99634],[14.36692,35.99613],[14.36664,35.99611],[14.36623,35.99622],[14.36549,35.9966],[14.36533,35.99658],[14.36529,35.99669],[14.3651,35.99665],[14.36511,35.99679],[14.36488,35.99691],[14.36478,35.99689],[14.36477,35.99698],[14.36453,35.99707],[14.36359,35.99728],[14.36311,35.9971],[14.36235,35.99646],[14.36178,35.99629],[14.36192,35.99587],[14.36188,35.99545],[14.36217,35.99419],[14.3626,35.99376],[14.36383,35.99356],[14.36488,35.99321],[14.36525,35.99299],[14.36534,35.99278],[14.36528,35.99251],[14.36499,35.99196],[14.36402,35.99152],[14.364,35.99142],[14.36387,35.99134],[14.36365,35.99141],[14.36367,35.99152],[14.3635,35.99148],[14.36347,35.99159],[14.3631,35.99178],[14.36299,35.99176],[14.36274,35.99195],[14.36226,35.99198],[14.36218,35.99209],[14.36206,35.99206],[14.3621,35.99198],[14.36189,35.99202],[14.3616,35.9918],[14.36174,35.99197],[14.36122,35.99196],[14.36111,35.99176],[14.36102,35.99193],[14.36058,35.99193],[14.36041,35.99179],[14.36054,35.99169],[14.36039,35.99165],[14.36043,35.99172],[14.36031,35.99174],[14.36032,35.99159],[14.36023,35.9917],[14.35977,35.99145],[14.35974,35.99134],[14.35987,35.99115],[14.35968,35.99114],[14.35955,35.99082],[14.35962,35.99054],[14.35947,35.99051],[14.3595,35.99037],[14.35938,35.99026],[14.35931,35.99028],[14.3595,35.98983],[14.35945,35.98979],[14.35884,35.98953],[14.35821,35.98942],[14.35795,35.98953],[14.35757,35.9895],[14.3574,35.98922],[14.35669,35.98931],[14.35607,35.98948],[14.3559,35.98989],[14.35581,35.98991],[14.3557,35.99013],[14.35588,35.99013],[14.35588,35.9902],[14.35572,35.9902],[14.35582,35.99074],[14.35569,35.99095],[14.35579,35.99102],[14.35559,35.99113],[14.35542,35.9914],[14.35431,35.99183],[14.35383,35.99192],[14.3535,35.9919],[14.35254,35.99145],[14.35241,35.99078],[14.3525,35.99076],[14.35218,35.98994],[14.35202,35.98914],[14.35221,35.98924],[14.35201,35.98894],[14.35195,35.988],[14.35173,35.98752],[14.35187,35.98712],[14.35151,35.98685],[14.351,35.9867],[14.35075,35.9867],[14.35023,35.9871],[14.35023,35.98703],[14.35009,35.98712],[14.34987,35.98728],[14.3499,35.98745],[14.34951,35.9878],[14.3491,35.98805],[14.349,35.98808],[14.34886,35.98797],[14.34884,35.98805],[14.34876,35.98791],[14.34866,35.98792],[14.34864,35.98816],[14.34858,35.98815],[14.34836,35.98796],[14.34858,35.98837],[14.34808,35.98833],[14.34752,35.98811],[14.34746,35.9882],[14.34724,35.98819],[14.34715,35.98827],[14.34668,35.98817],[14.34601,35.98835],[14.34575,35.98825],[14.34646,35.98772],[14.34649,35.98761],[14.34635,35.98758],[14.34642,35.98753],[14.34638,35.98746],[14.34618,35.98749],[14.34618,35.98717],[14.34664,35.98692],[14.34645,35.98689],[14.34654,35.98667],[14.34687,35.98635],[14.34658,35.98602],[14.34599,35.98588],[14.3458,35.98596],[14.34514,35.98654],[14.34494,35.98638],[14.34503,35.98667],[14.34492,35.98678],[14.34439,35.98653],[14.34424,35.98657],[14.3442,35.98672],[14.34465,35.9873],[14.34457,35.98735],[14.34428,35.98702],[14.34381,35.98696],[14.34342,35.98677],[14.34238,35.98716],[14.34082,35.98714],[14.34027,35.98695],[14.34015,35.98698],[14.34017,35.98693],[14.33997,35.98691],[14.33936,35.98665],[14.33887,35.98626],[14.33831,35.98623],[14.33813,35.98599],[14.338,35.98594],[14.33785,35.986],[14.33776,35.98632],[14.33715,35.98683],[14.33597,35.98735],[14.33425,35.98755],[14.33363,35.98752],[14.33259,35.98737],[14.33216,35.98713],[14.33183,35.98721],[14.33152,35.9871],[14.33115,35.98741],[14.33106,35.98741],[14.33092,35.98735],[14.33089,35.98713],[14.33054,35.98705],[14.33028,35.98709],[14.32967,35.98738],[14.32967,35.98755],[14.32988,35.98755],[14.32989,35.98829],[14.32935,35.98877],[14.32939,35.98881],[14.32929,35.9889],[14.32922,35.98889],[14.32998,35.9895],[14.32987,35.98953],[14.32913,35.98899],[14.32884,35.98934],[14.3287,35.98934],[14.32857,35.98948],[14.32936,35.99006],[14.32926,35.99015],[14.32983,35.99059],[14.3298,35.9907],[14.32959,35.99074],[14.32945,35.99066],[14.32818,35.98974],[14.32815,35.98957],[14.32795,35.98941],[14.32775,35.98942],[14.32796,35.98912],[14.32786,35.98909],[14.32784,35.98894],[14.32777,35.9889],[14.32771,35.98896],[14.32754,35.98871],[14.32762,35.98868],[14.32796,35.98881],[14.32807,35.9887],[14.32796,35.98796],[14.32774,35.98788],[14.32785,35.98771],[14.32761,35.98774],[14.32731,35.98745],[14.32711,35.98735],[14.32694,35.98741],[14.32681,35.98726],[14.32691,35.98726],[14.327,35.98702],[14.32713,35.98709],[14.32717,35.98702],[14.32724,35.98704],[14.32733,35.98711],[14.32755,35.98707],[14.32764,35.98685],[14.32796,35.98672],[14.32828,35.9867],[14.32817,35.98664],[14.32834,35.98649],[14.329,35.98645],[14.32906,35.98625],[14.33015,35.98627],[14.3302,35.98609],[14.33044,35.98609],[14.33058,35.98618],[14.33113,35.98604],[14.33194,35.9857],[14.33224,35.98569],[14.33304,35.98498],[14.33333,35.98497],[14.33362,35.98468],[14.3339,35.98462],[14.33407,35.98442],[14.33415,35.98384],[14.33395,35.98393],[14.33379,35.98385],[14.33395,35.98371],[14.33377,35.98341],[14.33356,35.98332],[14.33342,35.9831],[14.33298,35.98273],[14.33292,35.98282],[14.33285,35.98278],[14.33289,35.98267],[14.3328,35.98263],[14.33271,35.98217],[14.33224,35.98195],[14.33196,35.98194],[14.33172,35.98213],[14.33161,35.98211],[14.33134,35.98229],[14.3313,35.98236],[14.33141,35.98246],[14.33116,35.98264],[14.33099,35.98259],[14.33078,35.98277],[14.33054,35.98246],[14.33039,35.98243],[14.33041,35.98252],[14.3303,35.98252],[14.33029,35.98263],[14.33016,35.98265],[14.32981,35.98248],[14.32963,35.98205],[14.3294,35.982],[14.32946,35.9819],[14.32918,35.98176],[14.32833,35.98075],[14.32812,35.98034],[14.32806,35.97999],[14.32795,35.9799],[14.32797,35.97975],[14.32758,35.97937],[14.32734,35.97925],[14.32736,35.97919],[14.32711,35.97897],[14.32713,35.97883],[14.32697,35.97868],[14.32636,35.97866],[14.32624,35.97825],[14.32611,35.97816],[14.32581,35.97833],[14.32551,35.97815],[14.32534,35.97836],[14.3252,35.9783],[14.32514,35.97817],[14.32506,35.97822],[14.32511,35.97837],[14.32482,35.97838],[14.3247,35.9785],[14.32414,35.97852],[14.32277,35.97766],[14.32288,35.97753],[14.32268,35.9774],[14.32273,35.97718],[14.32264,35.97678],[14.32196,35.9767],[14.32175,35.97628],[14.32155,35.97614],[14.32163,35.97597],[14.32138,35.97492],[14.32137,35.97416],[14.32119,35.97382],[14.32084,35.97367],[14.32082,35.97321],[14.3207,35.97299],[14.32075,35.97287],[14.31978,35.97186],[14.31932,35.97176],[14.31891,35.97154],[14.31902,35.97143],[14.31964,35.97135],[14.32002,35.97142],[14.31961,35.97109],[14.31969,35.971],[14.31956,35.97077],[14.31967,35.97059],[14.31978,35.97057],[14.31983,35.97036],[14.32029,35.97019],[14.32078,35.96974],[14.32084,35.96959],[14.32138,35.96925],[14.32149,35.96928],[14.32161,35.96918],[14.32177,35.96929],[14.32186,35.96927],[14.32183,35.96901],[14.32204,35.96862],[14.32448,35.9685],[14.32514,35.9684],[14.32573,35.96843],[14.32583,35.96853],[14.32584,35.96842],[14.32605,35.96842],[14.32649,35.96849],[14.32683,35.96877],[14.32838,35.96951],[14.32895,35.96964],[14.33009,35.96979],[14.33206,35.96982],[14.33246,35.96967],[14.33263,35.96967],[14.33292,35.96981],[14.3335,35.96968],[14.33448,35.96971],[14.33469,35.96974],[14.33503,35.97004],[14.3353,35.97017],[14.33524,35.97011],[14.33531,35.96998],[14.33499,35.96974],[14.33547,35.96949],[14.33595,35.96953],[14.33601,35.96963],[14.33621,35.96967],[14.3366,35.96932],[14.33675,35.96874],[14.33644,35.96844],[14.33603,35.9682],[14.33611,35.96804],[14.33626,35.96804],[14.3365,35.96788],[14.33684,35.96792],[14.33673,35.96773],[14.33661,35.96775],[14.33663,35.96766],[14.33712,35.96764],[14.33719,35.96758],[14.33695,35.9676],[14.33665,35.96742],[14.3367,35.9673],[14.33683,35.96739],[14.3368,35.96706],[14.33693,35.96694],[14.3368,35.96691],[14.33672,35.96676],[14.33712,35.96607],[14.33779,35.96547],[14.33806,35.96466],[14.33772,35.96457],[14.33778,35.96442],[14.33769,35.96419],[14.3377,35.96365],[14.33761,35.96353],[14.33773,35.96335],[14.33764,35.96274],[14.33613,35.96237],[14.33595,35.96256],[14.33574,35.96237],[14.33563,35.9624],[14.33566,35.96219],[14.3355,35.96219],[14.33563,35.9618],[14.33586,35.96155],[14.33592,35.96154],[14.33591,35.96162],[14.33598,35.96154],[14.33623,35.96149],[14.3367,35.96124],[14.3367,35.96116],[14.33684,35.96116],[14.33777,35.96066],[14.33777,35.96056],[14.33809,35.96057],[14.33814,35.9605],[14.33863,35.96057],[14.3386,35.96044],[14.33896,35.96041],[14.33903,35.96057],[14.33997,35.96053],[14.34056,35.96062],[14.34059,35.96053],[14.34103,35.96066],[14.34128,35.96057],[14.3413,35.96065],[14.34138,35.96066],[14.34156,35.9605],[14.34157,35.96014],[14.34144,35.96004],[14.34129,35.95996],[14.34099,35.95996],[14.34052,35.95977],[14.34012,35.96014],[14.34006,35.9601],[14.34045,35.95972],[14.3396,35.95949],[14.33918,35.95926],[14.33898,35.95897],[14.33785,35.95842],[14.33779,35.95833],[14.33789,35.95819],[14.33843,35.95818],[14.3385,35.95795],[14.33863,35.95785],[14.33876,35.95789],[14.33873,35.95797],[14.33892,35.958],[14.33915,35.95742],[14.33921,35.95698],[14.33882,35.95664],[14.33881,35.95634],[14.33863,35.95627],[14.33856,35.95606],[14.3384,35.956],[14.33848,35.95556],[14.33867,35.95552],[14.33952,35.95499],[14.33958,35.95461],[14.33967,35.95462],[14.33961,35.95449],[14.34022,35.95475],[14.34088,35.95484],[14.34166,35.9546],[14.34167,35.95419],[14.34133,35.95379],[14.34122,35.95342],[14.34126,35.95325],[14.34083,35.95305],[14.34087,35.9529],[14.34079,35.95283],[14.34089,35.95278],[14.34079,35.95267],[14.34078,35.95229],[14.34049,35.95204],[14.34061,35.9519],[14.34058,35.95179],[14.34022,35.95177],[14.34005,35.9519],[14.33947,35.95191],[14.3387,35.95156],[14.33865,35.9516],[14.33821,35.95133],[14.338,35.95134],[14.33791,35.95113],[14.33763,35.95088],[14.33774,35.95049],[14.33766,35.95035],[14.33776,35.95033],[14.33779,35.9502],[14.33764,35.95002],[14.3378,35.94993],[14.33798,35.94996],[14.33802,35.94984],[14.33827,35.94969],[14.33841,35.94972],[14.33849,35.94947],[14.33835,35.94929],[14.33805,35.94932],[14.33785,35.94926],[14.33781,35.94916],[14.33773,35.94919],[14.33763,35.94904],[14.33704,35.94862],[14.33695,35.94865],[14.33698,35.94855],[14.33646,35.9479],[14.33608,35.94769],[14.33617,35.94677],[14.33591,35.94677],[14.33577,35.94669],[14.33579,35.94656],[14.33599,35.94623],[14.33651,35.94611],[14.33652,35.94602],[14.3365,35.94583],[14.33637,35.94579],[14.33628,35.94563],[14.33641,35.94552],[14.33613,35.9454],[14.33626,35.94523],[14.33603,35.94478],[14.3352,35.94455],[14.33516,35.94467],[14.33502,35.9447],[14.33486,35.94462],[14.33481,35.94448],[14.3342,35.94444],[14.33357,35.94415],[14.33328,35.9446],[14.33312,35.94458],[14.33252,35.94474],[14.33192,35.94467],[14.33179,35.94451],[14.3317,35.94456],[14.33157,35.94449],[14.33139,35.94426],[14.33105,35.94403],[14.33023,35.94365],[14.33005,35.94341],[14.32945,35.94351],[14.32947,35.94342],[14.32911,35.9432],[14.32915,35.94314],[14.32887,35.94283],[14.32884,35.94263],[14.3285,35.94245],[14.3286,35.94238],[14.32851,35.94215],[14.32855,35.94201],[14.32912,35.94181],[14.32896,35.94105],[14.32915,35.94084],[14.32907,35.94077],[14.32885,35.94081],[14.3285,35.94065],[14.3285,35.94057],[14.32864,35.94051],[14.32852,35.94033],[14.32873,35.94023],[14.32914,35.93962],[14.33013,35.93905],[14.33021,35.9391],[14.33042,35.939],[14.33065,35.93902],[14.33107,35.93862],[14.33083,35.93836],[14.33069,35.93831],[14.3308,35.93812],[14.33146,35.93805],[14.33178,35.93793],[14.33189,35.93797],[14.33211,35.93766],[14.33229,35.93787],[14.33216,35.938],[14.33212,35.93825],[14.33222,35.93838],[14.3328,35.93863],[14.33364,35.9382],[14.33371,35.93809],[14.33395,35.93818],[14.33443,35.93816],[14.33458,35.93807],[14.33475,35.93826],[14.33473,35.93854],[14.33479,35.93856],[14.33542,35.93842],[14.33544,35.93821],[14.33534,35.93821],[14.33527,35.93811],[14.33558,35.93785],[14.33585,35.93775],[14.33605,35.93778],[14.33602,35.93767],[14.33618,35.93773],[14.33657,35.93754],[14.33694,35.93753],[14.33699,35.93724],[14.33716,35.93727],[14.33712,35.93709],[14.33729,35.93717],[14.33726,35.93728],[14.33833,35.93696],[14.33856,35.93601],[14.33869,35.93585],[14.3387,35.93543],[14.33922,35.93503],[14.33915,35.93493],[14.33921,35.93488],[14.33939,35.93479],[14.33946,35.93488],[14.3395,35.93481],[14.33973,35.93479],[14.34025,35.9346],[14.34041,35.9345],[14.3404,35.93442],[14.34054,35.93439],[14.3407,35.93466],[14.34229,35.9347],[14.34272,35.93445],[14.34301,35.93467],[14.34327,35.93463],[14.3432,35.93448],[14.34329,35.93463],[14.34348,35.9346],[14.34417,35.93378],[14.34446,35.93299],[14.3444,35.93281],[14.34388,35.93256],[14.34372,35.93234],[14.34315,35.93191],[14.34303,35.93189],[14.34301,35.93178],[14.34293,35.93179],[14.34305,35.9317],[14.34305,35.9316],[14.34294,35.93161],[14.34296,35.9315],[14.34304,35.93153],[14.3431,35.93147],[14.34307,35.9312],[14.34293,35.93106],[14.34292,35.9309],[14.343,35.93078],[14.34293,35.93073],[14.34308,35.93059],[14.34304,35.93054],[14.34345,35.93039],[14.34354,35.93043],[14.34363,35.93031],[14.34383,35.93029],[14.34408,35.93013],[14.34421,35.93016],[14.34445,35.93],[14.34478,35.92998],[14.34493,35.92985],[14.3449,35.92932],[14.34448,35.92868],[14.34367,35.92812],[14.34319,35.92793],[14.34286,35.9281],[14.34223,35.92828],[14.34194,35.92848],[14.34195,35.92854],[14.34219,35.92843],[14.34223,35.92851],[14.34196,35.92862],[14.34197,35.92869],[14.34172,35.92864],[14.34118,35.92878],[14.34125,35.92862],[14.34096,35.92869],[14.34083,35.92858],[14.3407,35.92865],[14.34035,35.92868],[14.34048,35.92854],[14.34042,35.92847],[14.34025,35.92869],[14.33991,35.92844],[14.33945,35.92837],[14.33941,35.92819],[14.33921,35.92818],[14.33924,35.9281],[14.33912,35.928],[14.33922,35.92801],[14.33904,35.92793],[14.3392,35.92792],[14.33925,35.92785],[14.33903,35.92769],[14.33909,35.92757],[14.33901,35.92731],[14.33915,35.92729],[14.33917,35.92719],[14.33903,35.92704],[14.33913,35.92704],[14.33916,35.92712],[14.33924,35.92695],[14.33914,35.9269],[14.33935,35.92676],[14.33935,35.92654],[14.33947,35.92659],[14.33964,35.92646],[14.33958,35.92639],[14.33965,35.92636],[14.33979,35.92649],[14.33988,35.92646],[14.34022,35.92612],[14.34018,35.92603],[14.34031,35.92614],[14.34027,35.92625],[14.34035,35.92631],[14.34087,35.92605],[14.34098,35.92607],[14.34099,35.92618],[14.34108,35.92617],[14.34112,35.92627],[14.34131,35.92621],[14.3413,35.92635],[14.34145,35.92632],[14.34163,35.92647],[14.34184,35.92647],[14.3418,35.92669],[14.34206,35.9269],[14.34249,35.927],[14.34252,35.92713],[14.34262,35.92712],[14.34256,35.92703],[14.34263,35.92702],[14.3428,35.92715],[14.34306,35.9271],[14.34356,35.92675],[14.34357,35.92648],[14.34337,35.92616],[14.34379,35.92614],[14.34361,35.92593],[14.34366,35.92579],[14.34303,35.92561],[14.34292,35.92533],[14.34305,35.92522],[14.34327,35.92543],[14.34384,35.92571],[14.344,35.92533],[14.34378,35.92515],[14.34363,35.92483],[14.34335,35.92475],[14.34329,35.92457],[14.34309,35.92447],[14.34299,35.92367],[14.34302,35.92325],[14.34346,35.92309],[14.34352,35.92302],[14.34337,35.92295],[14.34365,35.92262],[14.34359,35.92257],[14.34369,35.92259],[14.34366,35.92252],[14.34383,35.92246],[14.34371,35.92237],[14.34376,35.92227],[14.34421,35.922],[14.34411,35.92181],[14.34385,35.92176],[14.34375,35.92159],[14.34384,35.92148],[14.34413,35.92145],[14.3441,35.92129],[14.34373,35.92142],[14.34367,35.92138],[14.34378,35.92115],[14.34405,35.9211],[14.34396,35.92087],[14.34368,35.92071],[14.34223,35.92024],[14.3417,35.92021],[14.3404,35.92094],[14.33999,35.9214],[14.34008,35.92158],[14.3398,35.92216],[14.33909,35.92259],[14.33877,35.92267],[14.3388,35.92274],[14.33865,35.92272],[14.33847,35.92282],[14.33843,35.92276],[14.33745,35.92278],[14.33735,35.92288],[14.33724,35.92278],[14.33659,35.92262],[14.33663,35.92274],[14.33645,35.92267],[14.33633,35.92275],[14.33637,35.92252],[14.33615,35.92215],[14.33566,35.92229],[14.33552,35.92279],[14.33559,35.92287],[14.3355,35.92292],[14.33535,35.9228],[14.3351,35.92294],[14.3351,35.92304],[14.33494,35.92297],[14.33474,35.92301],[14.33458,35.9229],[14.33444,35.92263],[14.33397,35.92227],[14.33375,35.92212],[14.33367,35.9222],[14.33359,35.92213],[14.33361,35.92203],[14.33344,35.92191],[14.33328,35.92198],[14.33335,35.92173],[14.33311,35.92139],[14.33318,35.92135],[14.33311,35.92089],[14.33321,35.92068],[14.33353,35.92047],[14.33361,35.92032],[14.33337,35.92025],[14.33297,35.91993],[14.33291,35.91961],[14.33313,35.91933],[14.33285,35.91907],[14.33263,35.91872],[14.33264,35.91838],[14.3329,35.91798],[14.33296,35.91764],[14.33278,35.91763],[14.33266,35.91754],[14.33251,35.91728],[14.33245,35.91681],[14.3329,35.91602],[14.3328,35.91583],[14.33259,35.91568],[14.3327,35.91556],[14.33261,35.91542],[14.33279,35.9154],[14.33285,35.91527],[14.33277,35.91521],[14.33295,35.91523],[14.33318,35.91504],[14.3335,35.91496],[14.33356,35.91485],[14.33333,35.91425],[14.3337,35.91397],[14.33372,35.91387],[14.33386,35.91391],[14.33381,35.91388],[14.33401,35.91385],[14.33429,35.91385],[14.33435,35.91398],[14.3347,35.91412],[14.33556,35.91421],[14.33569,35.91384],[14.33553,35.91365],[14.33563,35.91351],[14.33557,35.91342],[14.33573,35.91328],[14.33547,35.91318],[14.33548,35.9131],[14.33564,35.91308],[14.33566,35.91301],[14.33568,35.91279],[14.33552,35.91265],[14.33559,35.91255],[14.33591,35.9123],[14.3363,35.91222],[14.3365,35.91206],[14.33687,35.91205],[14.33753,35.91173],[14.33762,35.91161],[14.33771,35.91166],[14.33842,35.9113],[14.33835,35.91094],[14.33825,35.91096],[14.33822,35.91078],[14.33837,35.91044],[14.3383,35.91037],[14.33848,35.91023],[14.33848,35.91003],[14.33859,35.91001],[14.33843,35.90997],[14.33891,35.90982],[14.33903,35.90969],[14.33888,35.90944],[14.33872,35.90937],[14.33852,35.90888],[14.33844,35.90879],[14.33837,35.90882],[14.33834,35.90858],[14.33843,35.90861],[14.33863,35.90838],[14.33863,35.90826],[14.33882,35.90824],[14.33892,35.9081],[14.33903,35.9082],[14.33917,35.90811],[14.33943,35.9082],[14.34008,35.90823],[14.34061,35.90796],[14.34079,35.9076],[14.34062,35.90734],[14.34065,35.90718],[14.34097,35.90684],[14.34108,35.9064],[14.34089,35.9062],[14.34087,35.90605],[14.34071,35.906],[14.33981,35.90613],[14.33921,35.90611],[14.33867,35.90598],[14.33671,35.90573],[14.33535,35.90575],[14.33452,35.90569],[14.3339,35.90592],[14.33238,35.90615],[14.33203,35.90615],[14.33118,35.9064],[14.32995,35.90662],[14.32937,35.90684],[14.32883,35.90684],[14.32833,35.90666],[14.32811,35.90646],[14.32831,35.90621],[14.32843,35.90503],[14.32871,35.90487],[14.32906,35.90482],[14.32933,35.90469],[14.33008,35.90408],[14.33056,35.90355],[14.3309,35.90291],[14.33151,35.9026],[14.33156,35.90205],[14.33094,35.9013],[14.33105,35.90124],[14.33103,35.901],[14.33056,35.90073],[14.3305,35.90062],[14.33046,35.90028],[14.33089,35.9002],[14.33009,35.89994],[14.32986,35.89963],[14.32899,35.89913],[14.32895,35.89892],[14.32927,35.89888],[14.32925,35.89875],[14.32894,35.89876],[14.3287,35.89867],[14.32859,35.89841],[14.32867,35.89819],[14.32969,35.89624],[14.32895,35.89692],[14.32887,35.89684],[14.32902,35.89623],[14.32946,35.89576],[14.33064,35.89495],[14.33111,35.89482],[14.33136,35.89467],[14.33137,35.89456],[14.3317,35.89416],[14.3331,35.89314],[14.33345,35.89298],[14.33438,35.89198],[14.33474,35.89142],[14.33521,35.89043],[14.33546,35.88966],[14.33586,35.88895],[14.33606,35.88826],[14.3362,35.88804],[14.33635,35.88797],[14.3368,35.88637],[14.33715,35.88549],[14.33709,35.88458],[14.33669,35.88247],[14.33624,35.88098],[14.33636,35.87973],[14.33645,35.87957],[14.33686,35.87925],[14.33735,35.87906],[14.33872,35.87751],[14.33976,35.87675],[14.34005,35.87637],[14.34039,35.87567],[14.34059,35.87554],[14.34117,35.87554],[14.34174,35.87432],[14.34179,35.87369],[14.34191,35.87349],[14.34218,35.87337],[14.34246,35.87335],[14.34316,35.87345],[14.3439,35.87339],[14.34396,35.87316],[14.34388,35.87293],[14.34404,35.87275],[14.3462,35.87145],[14.34662,35.87102],[14.34701,35.87078],[14.34764,35.87065],[14.34778,35.87069],[14.34788,35.87061],[14.34934,35.87065],[14.34952,35.87049],[14.34952,35.87028],[14.35025,35.87032],[14.35046,35.8705],[14.35071,35.87056],[14.35146,35.87047],[14.35254,35.87022],[14.35373,35.87027],[14.35402,35.87036],[14.35442,35.87023],[14.35451,35.86999],[14.35445,35.86984],[14.35426,35.86963],[14.35412,35.86929],[14.35377,35.86895],[14.3534,35.86884],[14.35297,35.86851],[14.35262,35.86835],[14.35234,35.86826],[14.35186,35.86827],[14.35172,35.8682],[14.35181,35.86799],[14.35189,35.86805],[14.35218,35.86795],[14.35243,35.86769],[14.35257,35.86724],[14.35296,35.86702],[14.35332,35.86697],[14.35395,35.86667],[14.35431,35.86668],[14.35468,35.86679],[14.35531,35.86674],[14.35638,35.86633],[14.35664,35.8663],[14.35757,35.86547],[14.35779,35.86518],[14.35775,35.86498],[14.35809,35.86452],[14.35859,35.86442],[14.3591,35.86442],[14.35928,35.86407],[14.3595,35.86389],[14.36119,35.86263],[14.36125,35.86244],[14.36187,35.86177],[14.36206,35.86137],[14.36195,35.86076],[14.36204,35.86046],[14.36234,35.86015],[14.36312,35.85969],[14.36342,35.85933],[14.36373,35.85915],[14.36452,35.85889],[14.36479,35.85871],[14.3662,35.8582],[14.36747,35.85742],[14.36803,35.8573],[14.36874,35.85698],[14.36965,35.8563],[14.3704,35.85541],[14.37075,35.85453],[14.37126,35.85386],[14.37166,35.8537],[14.37288,35.85347],[14.37302,35.85356],[14.37369,35.85338],[14.37445,35.85311],[14.37561,35.85248],[14.37694,35.85144],[14.37709,35.85147],[14.37766,35.85113],[14.37796,35.8508],[14.37855,35.8504],[14.37888,35.85011],[14.37924,35.84958],[14.37948,35.84957],[14.37964,35.84922],[14.37976,35.84916],[14.37978,35.84894],[14.37992,35.84872],[14.3802,35.84854],[14.38111,35.84859],[14.38258,35.84898],[14.38332,35.84904],[14.38423,35.84862],[14.38456,35.84854],[14.38505,35.84816],[14.38494,35.84802],[14.38526,35.84781],[14.38551,35.8475],[14.3857,35.84741],[14.38612,35.84745],[14.38711,35.84683],[14.39041,35.84574],[14.39112,35.84542],[14.3915,35.84515],[14.39238,35.84424],[14.39325,35.84383],[14.39391,35.84377],[14.39471,35.84358],[14.39603,35.84294],[14.3964,35.84192],[14.39635,35.84129],[14.39607,35.84084],[14.39561,35.84053],[14.3955,35.84028],[14.39613,35.83952],[14.39596,35.83917],[14.39605,35.83898],[14.39599,35.83886],[14.39611,35.83879],[14.39615,35.83852],[14.39623,35.83848],[14.39689,35.83839],[14.3977,35.83814],[14.39864,35.83801],[14.39982,35.83814],[14.40008,35.8378],[14.4006,35.83759],[14.40129,35.8369],[14.40146,35.8366],[14.40211,35.8361],[14.40446,35.83594],[14.40539,35.8357],[14.40654,35.8356],[14.40679,35.83562],[14.40691,35.83571],[14.40703,35.83573],[14.40709,35.83557],[14.40772,35.83554],[14.40858,35.83507],[14.40965,35.83492],[14.41024,35.83475],[14.4109,35.83474],[14.41166,35.83432],[14.41218,35.83411],[14.41312,35.83406],[14.4137,35.83411],[14.41399,35.83425],[14.41434,35.8342],[14.41458,35.83426],[14.41572,35.8338],[14.41587,35.83365],[14.41485,35.83393],[14.41463,35.83391],[14.41459,35.83371],[14.41472,35.83365],[14.41576,35.83348],[14.41563,35.83322],[14.41572,35.83277],[14.41539,35.83238],[14.41517,35.83245],[14.4148,35.83236],[14.41448,35.83218],[14.41428,35.832],[14.41421,35.83171],[14.41442,35.83154],[14.41503,35.83141],[14.41527,35.83123],[14.41538,35.831],[14.415,35.8308],[14.41524,35.83019],[14.41546,35.82997],[14.41596,35.83003],[14.41617,35.82957],[14.41656,35.82935],[14.41663,35.82917],[14.41657,35.82873],[14.41674,35.8285],[14.41659,35.82807],[14.41722,35.82809],[14.41761,35.828],[14.41816,35.82808],[14.4181,35.82803],[14.41839,35.82802],[14.41846,35.82793],[14.41834,35.82789],[14.4183,35.82779],[14.41851,35.82779],[14.41841,35.82772],[14.41904,35.82753],[14.41994,35.8277],[14.42014,35.82766],[14.42014,35.82774],[14.42041,35.82764],[14.42067,35.82768],[14.42195,35.82753],[14.42271,35.8273],[14.42298,35.82704],[14.42281,35.82699],[14.42256,35.82673],[14.42258,35.82656],[14.42345,35.82662],[14.42398,35.82685],[14.42341,35.82681],[14.42336,35.82692],[14.42356,35.82705],[14.42395,35.82703],[14.42426,35.82687],[14.42465,35.82699],[14.42478,35.82708],[14.42451,35.82708],[14.42436,35.82728],[14.42476,35.82743],[14.42494,35.82743],[14.42518,35.82727],[14.42533,35.82712],[14.42546,35.82678],[14.42663,35.82658],[14.42704,35.82687],[14.42713,35.82715],[14.42774,35.82706],[14.42791,35.82732],[14.42805,35.82725],[14.42799,35.8271],[14.4284,35.82698],[14.42824,35.82657],[14.42842,35.82629],[14.42895,35.82597],[14.42922,35.82596],[14.42936,35.82603],[14.4294,35.82614],[14.43011,35.82625],[14.43021,35.826],[14.43044,35.82587],[14.43085,35.82634],[14.43103,35.82601],[14.43133,35.82605],[14.43152,35.82596],[14.43168,35.82597],[14.43136,35.82574],[14.43174,35.82558],[14.4322,35.82576],[14.43239,35.8261],[14.43334,35.82595],[14.43391,35.8257],[14.43409,35.82571],[14.4342,35.82587],[14.43575,35.82509],[14.43524,35.82514],[14.43483,35.82487],[14.43472,35.82472],[14.43517,35.82467],[14.43558,35.82471],[14.43607,35.82439],[14.43611,35.82425],[14.43602,35.8242],[14.43609,35.82408],[14.43601,35.82383],[14.43579,35.82391],[14.43582,35.82372],[14.43551,35.82384],[14.4355,35.82371],[14.43601,35.82354],[14.43605,35.82343],[14.43639,35.82336],[14.43625,35.82364],[14.43654,35.82379],[14.43672,35.82371],[14.43669,35.8234],[14.43685,35.82331],[14.4371,35.82367],[14.43725,35.82366],[14.43733,35.82355],[14.43747,35.82354],[14.4377,35.82323],[14.43777,35.8229],[14.43813,35.82264],[14.4382,35.82243],[14.43851,35.82236],[14.43864,35.82245],[14.43847,35.82311],[14.43858,35.82313],[14.43939,35.82283],[14.4394,35.82295],[14.43895,35.82319],[14.43867,35.82353],[14.43941,35.82334],[14.44039,35.82345],[14.44112,35.82337],[14.44179,35.82314],[14.44222,35.82283],[14.44277,35.82261],[14.44318,35.82204],[14.44467,35.82147],[14.44482,35.8215],[14.44496,35.82166],[14.4446,35.82191],[14.44494,35.82214],[14.4454,35.8222],[14.44538,35.82214],[14.44586,35.82197],[14.4461,35.82175],[14.44609,35.82163],[14.4459,35.8215],[14.44599,35.82148],[14.44585,35.82118],[14.4465,35.8212],[14.44639,35.82104],[14.44656,35.82088],[14.44731,35.82052],[14.44818,35.82027],[14.44846,35.82012],[14.44858,35.81997],[14.44905,35.81978],[14.44949,35.81975],[14.44978,35.81957],[14.45,35.81963],[14.45,35.81977],[14.45008,35.81978],[14.45084,35.81945],[14.45122,35.81963],[14.45145,35.8203],[14.45205,35.82085],[14.45205,35.82101],[14.45219,35.82117],[14.45235,35.82126],[14.45216,35.82113],[14.45206,35.82087],[14.4521,35.82067],[14.4516,35.82005],[14.45157,35.81949],[14.45185,35.81925],[14.45203,35.81927],[14.45243,35.81907],[14.4531,35.81899],[14.45335,35.81905],[14.45338,35.81896],[14.45368,35.81887],[14.45392,35.81889],[14.45424,35.81918],[14.45474,35.81942],[14.45485,35.81926],[14.45511,35.81924],[14.45565,35.8194],[14.45568,35.81968],[14.45544,35.81992],[14.45535,35.82028],[14.45542,35.82045],[14.45611,35.82028],[14.45628,35.82017],[14.45658,35.82016],[14.45654,35.82056],[14.45661,35.8208],[14.45686,35.82106],[14.45655,35.82125],[14.45652,35.82137],[14.45662,35.82154],[14.45682,35.82146],[14.45679,35.8218],[14.4569,35.82205],[14.45743,35.82168],[14.45765,35.82179],[14.45788,35.82177],[14.4581,35.82163],[14.45809,35.82151],[14.45824,35.82148],[14.4585,35.82163],[14.45846,35.82201],[14.45848,35.82202],[14.45877,35.82165],[14.45863,35.82145],[14.4586,35.82111],[14.45886,35.82085],[14.45911,35.82025],[14.45958,35.81986],[14.45998,35.81986],[14.46024,35.81998],[14.46169,35.82011],[14.46188,35.82018],[14.4628,35.82021],[14.4635,35.8198],[14.46421,35.81981],[14.4653,35.81968],[14.46545,35.8196],[14.46526,35.81932],[14.46569,35.81919],[14.46598,35.81847],[14.46624,35.81823],[14.46628,35.81792],[14.46663,35.81783],[14.46666,35.81758],[14.46685,35.81746],[14.46798,35.81725],[14.46887,35.81622],[14.46926,35.8162],[14.46972,35.8158],[14.47114,35.81519],[14.47156,35.8151],[14.47169,35.81497],[14.47181,35.81498],[14.47206,35.81519],[14.47232,35.81505],[14.47249,35.81505],[14.47261,35.81524],[14.47254,35.81537],[14.47266,35.81519],[14.47289,35.8151],[14.47311,35.81516],[14.47306,35.8153],[14.47331,35.81495],[14.47378,35.81459],[14.47428,35.81457],[14.47451,35.81431],[14.47514,35.814],[14.47602,35.81413],[14.47629,35.81396],[14.47708,35.81398],[14.47758,35.81411],[14.47787,35.81454],[14.47844,35.81455],[14.47854,35.81462],[14.47946,35.8144],[14.47946,35.81433],[14.47984,35.81421],[14.47998,35.81428],[14.48004,35.81453],[14.48024,35.81456],[14.4807,35.81483],[14.48103,35.81491],[14.48126,35.81487],[14.48166,35.81505],[14.48209,35.81503],[14.48232,35.81511],[14.48214,35.81497],[14.4823,35.81494],[14.48218,35.81492],[14.48219,35.81483],[14.4823,35.81488],[14.48324,35.81449],[14.48353,35.81418],[14.48425,35.81386],[14.48427,35.81361],[14.48444,35.81342],[14.48561,35.81345],[14.48581,35.81338],[14.48592,35.81346],[14.48786,35.81361],[14.48836,35.81384],[14.4891,35.814],[14.48997,35.81361],[14.49042,35.81381],[14.49119,35.81384],[14.49289,35.81368],[14.49391,35.8139],[14.49451,35.81382],[14.49568,35.81352],[14.49594,35.81324],[14.49645,35.81308],[14.49664,35.81315],[14.49671,35.81328],[14.49697,35.81335],[14.49819,35.81297],[14.49941,35.81244],[14.49978,35.81203],[14.50081,35.81147],[14.50147,35.81139],[14.50222,35.81112],[14.50266,35.81106],[14.50333,35.81067],[14.50374,35.8106],[14.50403,35.81036],[14.50561,35.80973],[14.50649,35.8092],[14.50847,35.80829],[14.50881,35.80826],[14.50894,35.80845],[14.50917,35.80837],[14.50971,35.80845],[14.51021,35.80802],[14.51039,35.80747],[14.51219,35.80693],[14.51248,35.80689],[14.51324,35.80697],[14.51368,35.80684],[14.51428,35.80685],[14.51467,35.80676],[14.51501,35.80656],[14.51531,35.80655],[14.51551,35.80641],[14.51552,35.80614],[14.51574,35.80634],[14.51608,35.80623],[14.51671,35.80641],[14.51697,35.80625],[14.51746,35.80626],[14.51763,35.80634],[14.51765,35.80645],[14.51891,35.80682],[14.51942,35.80691],[14.5211,35.80699],[14.52138,35.8071],[14.52165,35.807],[14.52175,35.80717],[14.52223,35.80729],[14.52341,35.80727],[14.5242,35.80701],[14.52447,35.80699],[14.52473,35.80676],[14.52583,35.80684],[14.52636,35.80669],[14.52697,35.80682],[14.52734,35.80704],[14.52766,35.80709],[14.52787,35.80696],[14.52812,35.80714],[14.5285,35.80722],[14.52863,35.8072],[14.5288,35.80703],[14.52868,35.80666],[14.52874,35.80658],[14.5291,35.80656],[14.52938,35.80675],[14.52974,35.80679],[14.53001,35.80658],[14.53022,35.80657],[14.53026,35.80654],[14.53018,35.80652],[14.53046,35.80627],[14.53082,35.80644],[14.53069,35.80656],[14.53137,35.80674],[14.53176,35.8071],[14.53232,35.80721],[14.53326,35.80762],[14.53332,35.80776],[14.53353,35.80785],[14.53364,35.80786],[14.5337,35.80772],[14.53382,35.80777],[14.53404,35.8076],[14.53459,35.8077],[14.5353,35.80744],[14.53605,35.80785],[14.53607,35.80796],[14.5367,35.80842],[14.53712,35.80854],[14.53719,35.80889],[14.53727,35.80895],[14.53789,35.80883],[14.53803,35.80887],[14.53807,35.80899],[14.53832,35.80907],[14.53849,35.80922],[14.53831,35.80934],[14.5392,35.80958],[14.53912,35.81059],[14.53893,35.81108],[14.5387,35.81139],[14.53875,35.81146],[14.53896,35.81135],[14.53974,35.81016],[14.53997,35.81014],[14.54076,35.8103],[14.5414,35.81056],[14.54237,35.81111],[14.543,35.81134],[14.54317,35.81147],[14.54291,35.81179],[14.5425,35.81207],[14.54284,35.81224],[14.58015,35.81986],[14.58015,35.93988],[14.82015,35.93987],[14.82015,35.85987],[14.94015,35.85987],[14.94015,35.73987],[14.82015,35.73987],[14.58018,35.73986],[14.38016,35.73986],[14.30016,35.81987],[14.30015,35.93996],[14.18015,35.93988],[14.10014,36.01989],[14.10014,36.08096],[14.01978,36.05075],[14.04071,36.05861],[14.13038,35.981]],[[14.31682,35.93996],[14.31682,35.93996],[14.31544,35.93996],[14.31682,35.93996]],[[14.27726,36.01611],[14.27806,36.01622],[14.27815,36.0164],[14.27833,36.0165],[14.27884,36.01618],[14.27899,36.01597],[14.27923,36.01582],[14.27944,36.01583],[14.27982,36.01635],[14.2796,36.01646],[14.27957,36.01684],[14.28023,36.0169],[14.27993,36.01703],[14.2799,36.01712],[14.28,36.01779],[14.28015,36.01793],[14.28181,36.01782],[14.28324,36.0176],[14.28468,36.01751],[14.28469,36.01744],[14.28478,36.01752],[14.28505,36.01749],[14.28538,36.0176],[14.28559,36.01752],[14.28594,36.01784],[14.28633,36.01799],[14.28672,36.01805],[14.28729,36.01831],[14.28742,36.01863],[14.28771,36.01875],[14.28794,36.01934],[14.28823,36.01938],[14.28842,36.0195],[14.28834,36.0192],[14.28835,36.01911],[14.28845,36.01908],[14.28917,36.0197],[14.29023,36.02001],[14.29049,36.01983],[14.29056,36.01947],[14.29096,36.01959],[14.29107,36.01951],[14.29119,36.0191],[14.29097,36.01893],[14.29017,36.01866],[14.28987,36.01848],[14.28983,36.01836],[14.29077,36.01825],[14.29136,36.0183],[14.29175,36.01856],[14.29205,36.01899],[14.29201,36.01909],[14.29175,36.01901],[14.29164,36.01915],[14.29175,36.01939],[14.29205,36.0197],[14.29259,36.01982],[14.29254,36.01963],[14.29295,36.01982],[14.29349,36.01977],[14.2941,36.02024],[14.29465,36.02052],[14.29579,36.02088],[14.29689,36.02107],[14.29697,36.02137],[14.29689,36.02151],[14.29723,36.02175],[14.29737,36.02169],[14.29755,36.02196],[14.29752,36.02214],[14.30081,36.02442],[14.30127,36.02464],[14.302,36.02478],[14.30209,36.02487],[14.30198,36.02509],[14.30116,36.02488],[14.30055,36.0246],[14.29976,36.02405],[14.29966,36.02414],[14.2989,36.02362],[14.29875,36.02374],[14.29863,36.02366],[14.29842,36.02392],[14.29924,36.02488],[14.29901,36.02507],[14.2979,36.0242],[14.29801,36.02396],[14.29771,36.02376],[14.29723,36.02419],[14.29705,36.02418],[14.2969,36.02444],[14.29691,36.02457],[14.29712,36.02454],[14.29712,36.02461],[14.29705,36.02462],[14.29692,36.02493],[14.29693,36.02519],[14.29743,36.02511],[14.29744,36.02516],[14.29696,36.02524],[14.29688,36.02538],[14.29736,36.02594],[14.2982,36.02621],[14.29826,36.0261],[14.29838,36.02629],[14.29862,36.02624],[14.29863,36.02653],[14.29886,36.02669],[14.29922,36.0267],[14.29928,36.02654],[14.29954,36.02649],[14.29971,36.02663],[14.29984,36.0266],[14.29995,36.02667],[14.29995,36.02677],[14.30017,36.02677],[14.30019,36.02685],[14.30001,36.02687],[14.30045,36.02696],[14.30049,36.0269],[14.30152,36.02722],[14.30187,36.02723],[14.30212,36.02699],[14.30178,36.02601],[14.30191,36.0259],[14.30242,36.02715],[14.30254,36.02715],[14.30325,36.02681],[14.30346,36.02715],[14.30508,36.02731],[14.30513,36.0271],[14.30524,36.02707],[14.30513,36.02698],[14.30519,36.02678],[14.30504,36.02663],[14.30538,36.02643],[14.30649,36.02636],[14.30743,36.02619],[14.3091,36.0264],[14.31106,36.02676],[14.31193,36.02667],[14.31341,36.02677],[14.31352,36.02667],[14.31426,36.02666],[14.31512,36.02655],[14.3153,36.02621],[14.31572,36.02619],[14.31598,36.0263],[14.31581,36.02619],[14.31538,36.02607],[14.31537,36.02597],[14.31597,36.02582],[14.31638,36.02601],[14.31641,36.02638],[14.31679,36.02641],[14.31783,36.02634],[14.31775,36.02608],[14.31722,36.02584],[14.31809,36.02566],[14.31846,36.0258],[14.31856,36.02579],[14.3185,36.02568],[14.3187,36.02565],[14.31927,36.02585],[14.31931,36.02573],[14.32054,36.02574],[14.32126,36.02604],[14.3216,36.02626],[14.32163,36.02638],[14.32124,36.02647],[14.32058,36.02648],[14.32074,36.02662],[14.32098,36.02661],[14.32117,36.02669],[14.32167,36.02659],[14.32188,36.02664],[14.32184,36.02669],[14.32196,36.0267],[14.32199,36.02664],[14.32223,36.02672],[14.32233,36.02718],[14.32228,36.02752],[14.32218,36.02767],[14.3224,36.02796],[14.32249,36.02796],[14.32249,36.0279],[14.32336,36.02786],[14.32406,36.02812],[14.3251,36.02805],[14.32509,36.02815],[14.32537,36.02812],[14.32528,36.02829],[14.32552,36.02813],[14.32668,36.02802],[14.32728,36.02815],[14.3277,36.02812],[14.32783,36.02819],[14.32768,36.02825],[14.32766,36.02844],[14.32747,36.02861],[14.32764,36.02861],[14.32777,36.02876],[14.32789,36.02858],[14.32804,36.02863],[14.3282,36.02879],[14.32806,36.02893],[14.32812,36.029],[14.32799,36.02906],[14.32813,36.02904],[14.3283,36.02913],[14.32913,36.02875],[14.32954,36.02915],[14.32954,36.02949],[14.32936,36.02952],[14.32948,36.02968],[14.3301,36.02993],[14.33028,36.0299],[14.33064,36.03005],[14.33079,36.03002],[14.3309,36.03018],[14.33136,36.03041],[14.33167,36.03041],[14.33172,36.03034],[14.33182,36.03042],[14.33193,36.03035],[14.33214,36.03035],[14.33252,36.03053],[14.33269,36.03049],[14.33277,36.03056],[14.33283,36.03049],[14.33284,36.03058],[14.33269,36.03072],[14.333,36.03084],[14.33334,36.03077],[14.33352,36.03064],[14.33351,36.03075],[14.33441,36.03031],[14.33433,36.03044],[14.33448,36.03047],[14.33443,36.03061],[14.33423,36.03067],[14.33437,36.03072],[14.33453,36.03093],[14.33354,36.0312],[14.33361,36.03139],[14.33478,36.0311],[14.33571,36.0317],[14.33573,36.03211],[14.33585,36.03219],[14.33613,36.03219],[14.33634,36.03244],[14.33643,36.03285],[14.3362,36.03368],[14.33611,36.03453],[14.33579,36.03538],[14.33493,36.03617],[14.33492,36.0363],[14.33433,36.0372],[14.33327,36.03865],[14.33269,36.03869],[14.33265,36.03876],[14.3328,36.0389],[14.33268,36.03911],[14.33159,36.03983],[14.33127,36.03991],[14.33,36.04093],[14.32982,36.04095],[14.3299,36.04126],[14.32996,36.04126],[14.32952,36.04179],[14.32865,36.04247],[14.32815,36.0425],[14.3279,36.04266],[14.3279,36.04273],[14.32814,36.04276],[14.3276,36.04338],[14.32674,36.04417],[14.32645,36.04429],[14.32641,36.04457],[14.32567,36.04489],[14.32497,36.04563],[14.32418,36.04607],[14.32393,36.0461],[14.32388,36.04614],[14.32395,36.04647],[14.32308,36.04693],[14.32288,36.047],[14.32274,36.04694],[14.32288,36.04746],[14.32165,36.0491],[14.32147,36.04917],[14.32151,36.04925],[14.32088,36.04975],[14.32039,36.04985],[14.32037,36.05],[14.32019,36.05005],[14.31991,36.04998],[14.31851,36.05019],[14.31722,36.04981],[14.31716,36.04953],[14.317,36.04935],[14.31687,36.04941],[14.31686,36.04901],[14.31644,36.04896],[14.31648,36.04901],[14.31616,36.04919],[14.31606,36.04938],[14.31576,36.04961],[14.31563,36.04996],[14.31556,36.04991],[14.31534,36.04998],[14.31463,36.05],[14.31419,36.05028],[14.31417,36.05037],[14.31454,36.0507],[14.31458,36.05116],[14.31405,36.05143],[14.31314,36.0517],[14.31297,36.05195],[14.31269,36.05204],[14.31248,36.05221],[14.31249,36.0523],[14.31235,36.05227],[14.31193,36.05267],[14.31186,36.05289],[14.31229,36.0533],[14.31235,36.05347],[14.31247,36.0535],[14.31235,36.05357],[14.31215,36.05397],[14.31174,36.05421],[14.31224,36.05504],[14.31184,36.05527],[14.31197,36.0557],[14.31177,36.05636],[14.31199,36.05658],[14.31177,36.05715],[14.31195,36.05723],[14.31162,36.05728],[14.31124,36.05754],[14.31126,36.05789],[14.31116,36.05819],[14.31094,36.05837],[14.31092,36.05849],[14.31052,36.05861],[14.3104,36.05874],[14.31046,36.05889],[14.31006,36.05895],[14.31027,36.05899],[14.31017,36.05913],[14.30993,36.05908],[14.30983,36.0592],[14.30962,36.05913],[14.30941,36.05926],[14.30828,36.05915],[14.30814,36.05921],[14.30792,36.0591],[14.30759,36.05906],[14.30716,36.05909],[14.30701,36.05903],[14.30685,36.05913],[14.30663,36.059],[14.30628,36.05899],[14.30568,36.05845],[14.30519,36.05826],[14.30512,36.05815],[14.30445,36.05781],[14.30435,36.05786],[14.30405,36.0576],[14.30375,36.05762],[14.30374,36.05775],[14.30351,36.05773],[14.30329,36.05751],[14.30302,36.05758],[14.30302,36.05768],[14.30282,36.05755],[14.30256,36.05758],[14.30231,36.05737],[14.30154,36.05723],[14.30108,36.05691],[14.30005,36.05726],[14.29999,36.05773],[14.29977,36.05771],[14.29947,36.0579],[14.29933,36.05814],[14.29936,36.05825],[14.29919,36.05832],[14.29902,36.05903],[14.29872,36.05929],[14.29827,36.05925],[14.29793,36.0596],[14.2978,36.05991],[14.29738,36.06022],[14.29711,36.06029],[14.29672,36.06053],[14.2965,36.0604],[14.29614,36.06047],[14.29599,36.06064],[14.29613,36.0607],[14.2962,36.06087],[14.29541,36.06096],[14.29501,36.06123],[14.29477,36.06115],[14.29431,36.06139],[14.29409,36.06163],[14.29392,36.06163],[14.29369,36.06178],[14.29365,36.06206],[14.29337,36.06235],[14.29292,36.06325],[14.29257,36.06359],[14.2927,36.06373],[14.29277,36.06419],[14.29264,36.06437],[14.29246,36.06438],[14.29244,36.06445],[14.29223,36.06452],[14.29227,36.06475],[14.2919,36.06485],[14.29181,36.0648],[14.2916,36.06488],[14.29173,36.06493],[14.29165,36.06499],[14.29147,36.06494],[14.29132,36.06503],[14.29107,36.06529],[14.29105,36.06554],[14.29092,36.06563],[14.29071,36.06562],[14.2907,36.06547],[14.29058,36.06539],[14.29033,36.06542],[14.29009,36.06553],[14.28991,36.06549],[14.28973,36.06569],[14.28933,36.06573],[14.28937,36.06582],[14.28912,36.06566],[14.28902,36.06572],[14.28899,36.06561],[14.28876,36.06547],[14.28876,36.06537],[14.2885,36.06516],[14.2883,36.06516],[14.28825,36.06506],[14.28809,36.06509],[14.28803,36.0648],[14.28762,36.06478],[14.28779,36.06476],[14.28781,36.06462],[14.28764,36.06456],[14.28767,36.06448],[14.28747,36.06423],[14.28757,36.06403],[14.28738,36.06363],[14.28688,36.06317],[14.28678,36.0629],[14.28649,36.0627],[14.28636,36.0627],[14.28629,36.06213],[14.28615,36.06202],[14.28561,36.06195],[14.28501,36.06176],[14.2837,36.06183],[14.28297,36.06166],[14.28185,36.06165],[14.28158,36.06196],[14.28145,36.06197],[14.28119,36.06221],[14.28021,36.06271],[14.28004,36.06288],[14.27935,36.0628],[14.27923,36.0632],[14.27871,36.06348],[14.27859,36.06394],[14.27842,36.06416],[14.27826,36.06417],[14.27805,36.06432],[14.27792,36.06472],[14.27779,36.06482],[14.27735,36.06491],[14.27685,36.06473],[14.27681,36.06466],[14.27665,36.06467],[14.27663,36.06475],[14.27624,36.06495],[14.27569,36.06507],[14.27548,36.06532],[14.2749,36.06555],[14.27392,36.06538],[14.27356,36.06592],[14.27317,36.06631],[14.27298,36.06636],[14.27279,36.06652],[14.27274,36.0664],[14.27267,36.06645],[14.27252,36.06639],[14.27238,36.06683],[14.27223,36.06686],[14.27217,36.067],[14.27202,36.06706],[14.27195,36.0674],[14.27184,36.06747],[14.27169,36.06802],[14.27168,36.06818],[14.27177,36.06829],[14.27164,36.06877],[14.27142,36.06905],[14.2713,36.06977],[14.27093,36.07002],[14.27071,36.07028],[14.27058,36.07035],[14.27039,36.07029],[14.27006,36.07047],[14.26991,36.07087],[14.26996,36.07123],[14.2694,36.07169],[14.26876,36.07175],[14.26832,36.07192],[14.26808,36.07222],[14.26782,36.07292],[14.26755,36.07317],[14.26715,36.07327],[14.26651,36.07322],[14.26625,36.07312],[14.26604,36.07292],[14.26527,36.07279],[14.26494,36.07301],[14.2647,36.07335],[14.2646,36.07372],[14.26465,36.07387],[14.26421,36.07379],[14.26383,36.07388],[14.2635,36.07383],[14.26363,36.07399],[14.26409,36.07415],[14.26407,36.07425],[14.26361,36.07421],[14.26335,36.07408],[14.26329,36.07383],[14.26247,36.07401],[14.26248,36.07395],[14.26227,36.07395],[14.26231,36.07372],[14.26097,36.07327],[14.26128,36.07288],[14.26124,36.07272],[14.26076,36.07273],[14.26031,36.0726],[14.26035,36.07256],[14.26066,36.07266],[14.26079,36.07262],[14.26084,36.07251],[14.2606,36.07216],[14.26047,36.07215],[14.26034,36.07226],[14.2604,36.07249],[14.26014,36.07194],[14.26037,36.0718],[14.26009,36.07143],[14.25933,36.07122],[14.25899,36.07132],[14.25901,36.07141],[14.25885,36.07137],[14.25821,36.07161],[14.25801,36.07275],[14.25816,36.07327],[14.2582,36.07398],[14.25857,36.07452],[14.25847,36.07503],[14.25875,36.07501],[14.25875,36.07506],[14.2583,36.07516],[14.25818,36.07528],[14.25835,36.07547],[14.25802,36.07561],[14.25812,36.07587],[14.25749,36.07628],[14.2568,36.07647],[14.25646,36.07645],[14.25596,36.07656],[14.25581,36.07673],[14.25526,36.07694],[14.25453,36.07693],[14.25381,36.07674],[14.25368,36.07691],[14.25342,36.07692],[14.2533,36.0766],[14.25319,36.07662],[14.25293,36.07642],[14.25243,36.07626],[14.25225,36.07634],[14.2519,36.0767],[14.25182,36.07701],[14.25186,36.0771],[14.25204,36.07708],[14.25217,36.07734],[14.25202,36.07748],[14.25192,36.07748],[14.25176,36.07773],[14.25118,36.07804],[14.25092,36.07841],[14.25103,36.07921],[14.25138,36.07947],[14.25167,36.07956],[14.25217,36.07955],[14.25197,36.07973],[14.25203,36.07991],[14.25193,36.08004],[14.25129,36.08005],[14.25101,36.07999],[14.2508,36.07985],[14.25055,36.07983],[14.25013,36.07991],[14.25018,36.07998],[14.25007,36.08004],[14.24974,36.08009],[14.2492,36.07994],[14.24861,36.07992],[14.24842,36.07998],[14.24828,36.07992],[14.24827,36.07982],[14.24845,36.07939],[14.24845,36.07913],[14.24875,36.07867],[14.24853,36.07854],[14.24799,36.07847],[14.24777,36.07853],[14.24759,36.07871],[14.24756,36.07885],[14.24764,36.07887],[14.24751,36.07912],[14.24756,36.0793],[14.24763,36.0793],[14.24758,36.07969],[14.24716,36.08017],[14.24696,36.08011],[14.24658,36.07966],[14.24618,36.0801],[14.24587,36.08002],[14.24517,36.08014],[14.24411,36.08008],[14.2427,36.08055],[14.24213,36.08055],[14.24126,36.0808],[14.2407,36.08075],[14.23963,36.08087],[14.23821,36.08126],[14.23787,36.08147],[14.23751,36.08145],[14.23717,36.08165],[14.23699,36.08189],[14.23649,36.08197],[14.23647,36.08222],[14.23634,36.08231],[14.23616,36.08215],[14.23595,36.08216],[14.23558,36.08167],[14.23525,36.08144],[14.23519,36.08132],[14.23538,36.08119],[14.23517,36.08108],[14.23382,36.08127],[14.23345,36.08152],[14.23242,36.0819],[14.23132,36.08217],[14.231,36.0821],[14.2311,36.08192],[14.23125,36.08184],[14.23117,36.08174],[14.23073,36.08169],[14.23027,36.08181],[14.2302,36.08131],[14.22939,36.0802],[14.22891,36.07979],[14.22859,36.07927],[14.22861,36.07892],[14.22845,36.07875],[14.22838,36.07876],[14.22847,36.07927],[14.22877,36.07987],[14.22909,36.08013],[14.22926,36.08043],[14.22924,36.08053],[14.22902,36.08066],[14.22804,36.08074],[14.2274,36.08059],[14.2266,36.0806],[14.22595,36.0808],[14.22405,36.08166],[14.22283,36.08194],[14.22272,36.0816],[14.22279,36.08083],[14.22267,36.08033],[14.22253,36.08015],[14.22191,36.07988],[14.22143,36.07985],[14.22114,36.07974],[14.22057,36.07979],[14.22036,36.07971],[14.21994,36.07977],[14.21958,36.07964],[14.21894,36.07962],[14.21821,36.07982],[14.2175,36.08022],[14.21661,36.08049],[14.21648,36.08008],[14.21469,36.08001],[14.21393,36.08009],[14.21335,36.08],[14.21309,36.07978],[14.21293,36.0794],[14.21296,36.07976],[14.21288,36.07985],[14.21256,36.07974],[14.21064,36.07977],[14.20975,36.07956],[14.20819,36.07943],[14.20622,36.07892],[14.20602,36.07879],[14.20506,36.0785],[14.20415,36.07836],[14.20351,36.07844],[14.20294,36.07828],[14.2024,36.07784],[14.2022,36.07755],[14.20204,36.0773],[14.2021,36.07718],[14.20196,36.0768],[14.20165,36.07624],[14.2014,36.07601],[14.20119,36.07586],[14.20089,36.07576],[14.20069,36.07582],[14.2002,36.07557],[14.19932,36.07493],[14.19899,36.07449],[14.19852,36.07426],[14.19835,36.07428],[14.19835,36.07416],[14.19824,36.07414],[14.19789,36.07417],[14.19735,36.07455],[14.19673,36.07474],[14.19651,36.07469],[14.19635,36.07476],[14.19511,36.07476],[14.19473,36.07456],[14.19371,36.07452],[14.19371,36.07434],[14.19341,36.07404],[14.19268,36.07383],[14.19142,36.07409],[14.19104,36.07426],[14.19055,36.07431],[14.19033,36.07431],[14.18999,36.07417],[14.18921,36.07414],[14.18814,36.07422],[14.18788,36.07421],[14.18775,36.07413],[14.1869,36.07437],[14.18648,36.07462],[14.1855,36.07456],[14.18511,36.07424],[14.18477,36.07416],[14.18457,36.07398],[14.18446,36.0733],[14.18393,36.0723],[14.18406,36.07134],[14.18386,36.07124],[14.18381,36.07112],[14.18393,36.07078],[14.18393,36.07026],[14.18375,36.06975],[14.18347,36.06936],[14.18403,36.06859],[14.18411,36.06811],[14.18406,36.06795],[14.18419,36.0679],[14.18448,36.06734],[14.18506,36.06671],[14.18506,36.06657],[14.18502,36.06649],[14.1849,36.06652],[14.1847,36.06628],[14.18447,36.06556],[14.18413,36.06523],[14.1841,36.06504],[14.18416,36.06497],[14.18427,36.06498],[14.18447,36.0646],[14.18465,36.0645],[14.1852,36.06432],[14.18602,36.06441],[14.18634,36.06433],[14.1868,36.06409],[14.18726,36.06371],[14.18734,36.06376],[14.18753,36.0637],[14.18764,36.06374],[14.1877,36.06384],[14.18753,36.06385],[14.18749,36.06393],[14.1878,36.06398],[14.18793,36.06386],[14.18833,36.064],[14.18864,36.06399],[14.18881,36.0639],[14.18899,36.064],[14.18913,36.06396],[14.18969,36.06356],[14.18992,36.0632],[14.19034,36.06302],[14.1906,36.06271],[14.19068,36.06249],[14.19125,36.06195],[14.19126,36.06136],[14.19136,36.06123],[14.19157,36.0612],[14.19168,36.06083],[14.19156,36.06024],[14.19139,36.06007],[14.19117,36.05943],[14.19095,36.05918],[14.1914,36.05877],[14.19213,36.0577],[14.19215,36.05687],[14.19169,36.05622],[14.19141,36.05599],[14.19136,36.05583],[14.19117,36.05574],[14.19095,36.05544],[14.19041,36.05499],[14.1902,36.05502],[14.18978,36.05486],[14.18916,36.05475],[14.18902,36.0542],[14.18858,36.05397],[14.18846,36.05374],[14.18815,36.0537],[14.188,36.05357],[14.18813,36.05342],[14.18865,36.05335],[14.1888,36.05323],[14.18884,36.05306],[14.18811,36.05288],[14.18845,36.05289],[14.18847,36.05277],[14.18842,36.05267],[14.18801,36.05252],[14.18828,36.05202],[14.18867,36.05186],[14.1885,36.05164],[14.18857,36.05137],[14.18893,36.05116],[14.18907,36.05098],[14.1897,36.05092],[14.18986,36.05083],[14.19015,36.0506],[14.1903,36.05011],[14.19029,36.04957],[14.19004,36.04913],[14.18987,36.049],[14.18979,36.04875],[14.18959,36.04866],[14.18924,36.04822],[14.18821,36.04804],[14.18869,36.04781],[14.18918,36.04807],[14.18932,36.04804],[14.19006,36.0483],[14.19071,36.04827],[14.19128,36.04811],[14.19203,36.04824],[14.19251,36.04787],[14.19275,36.0474],[14.19282,36.04692],[14.19326,36.04689],[14.19314,36.04671],[14.19316,36.04649],[14.19332,36.04619],[14.19317,36.04585],[14.19318,36.04575],[14.1933,36.0457],[14.19282,36.04556],[14.19263,36.04537],[14.19217,36.04528],[14.19134,36.04538],[14.19042,36.04537],[14.18954,36.04561],[14.18945,36.04554],[14.18934,36.04525],[14.18956,36.04418],[14.18939,36.04367],[14.18961,36.0433],[14.18928,36.04186],[14.18968,36.04048],[14.18969,36.03994],[14.18938,36.0398],[14.18937,36.03969],[14.18866,36.03955],[14.18856,36.03899],[14.18841,36.03886],[14.18822,36.0384],[14.18791,36.03802],[14.18781,36.03796],[14.1874,36.03806],[14.18709,36.03708],[14.18607,36.03681],[14.18595,36.03656],[14.18615,36.03629],[14.18618,36.03604],[14.18699,36.03564],[14.18764,36.03511],[14.18771,36.03491],[14.18796,36.03471],[14.18907,36.03416],[14.19056,36.0339],[14.19115,36.03386],[14.19125,36.03392],[14.19173,36.03377],[14.19191,36.03387],[14.19327,36.03306],[14.19389,36.03296],[14.19454,36.03319],[14.19463,36.03334],[14.19581,36.03353],[14.19668,36.03358],[14.19794,36.03347],[14.19898,36.03351],[14.19959,36.03368],[14.2,36.03413],[14.20027,36.03423],[14.2022,36.03447],[14.20342,36.0343],[14.20393,36.03382],[14.20408,36.03375],[14.20429,36.03377],[14.20455,36.03359],[14.20471,36.03361],[14.20573,36.03319],[14.20596,36.03322],[14.20706,36.03311],[14.20742,36.0332],[14.20776,36.0332],[14.20935,36.03307],[14.20933,36.03279],[14.20953,36.03251],[14.20915,36.03243],[14.20914,36.03226],[14.20976,36.03179],[14.21041,36.03144],[14.21045,36.03128],[14.21073,36.03127],[14.21089,36.03118],[14.21081,36.03105],[14.21084,36.03084],[14.21122,36.03082],[14.21087,36.03068],[14.21109,36.03062],[14.21176,36.03076],[14.21215,36.03065],[14.21248,36.03074],[14.21258,36.03069],[14.21287,36.03082],[14.21311,36.03051],[14.21333,36.03002],[14.21357,36.02979],[14.21352,36.02933],[14.21391,36.02929],[14.21494,36.03017],[14.21589,36.03008],[14.21633,36.03025],[14.21644,36.03053],[14.217,36.03047],[14.21743,36.02985],[14.21593,36.02943],[14.21525,36.02933],[14.2151,36.02927],[14.21489,36.02896],[14.21481,36.0287],[14.21522,36.02812],[14.21575,36.0277],[14.21602,36.02726],[14.21554,36.02764],[14.21499,36.02785],[14.21464,36.02808],[14.21432,36.02814],[14.21325,36.02793],[14.2122,36.02788],[14.212,36.02783],[14.21199,36.02773],[14.21274,36.027],[14.21279,36.02683],[14.21343,36.02666],[14.21356,36.02657],[14.21376,36.02612],[14.21412,36.02606],[14.21448,36.02586],[14.21457,36.02562],[14.2153,36.0247],[14.21566,36.0244],[14.2158,36.02374],[14.21628,36.02368],[14.21694,36.02342],[14.21718,36.02344],[14.21734,36.02376],[14.21789,36.02378],[14.21844,36.02371],[14.21881,36.02345],[14.21902,36.023],[14.21902,36.02281],[14.21887,36.02266],[14.21849,36.02254],[14.21814,36.02233],[14.21802,36.02204],[14.21879,36.0209],[14.21906,36.02094],[14.21922,36.02111],[14.21952,36.0212],[14.21977,36.02114],[14.22034,36.02116],[14.22063,36.0211],[14.22083,36.02097],[14.22134,36.02038],[14.22166,36.02033],[14.2217,36.02027],[14.22215,36.02027],[14.22358,36.02073],[14.22426,36.02084],[14.22434,36.021],[14.22428,36.02115],[14.22465,36.02115],[14.2249,36.02133],[14.22521,36.02141],[14.22526,36.02134],[14.2251,36.02119],[14.22682,36.02167],[14.22767,36.02166],[14.22799,36.02179],[14.22917,36.02157],[14.22978,36.02138],[14.23028,36.0211],[14.23017,36.02102],[14.23022,36.02091],[14.23055,36.02083],[14.2313,36.02101],[14.23195,36.02107],[14.23261,36.02092],[14.23285,36.0207],[14.233,36.02038],[14.23282,36.02],[14.23287,36.01989],[14.23357,36.02005],[14.23425,36.01993],[14.23516,36.01994],[14.23572,36.01969],[14.2362,36.01931],[14.23644,36.01921],[14.23667,36.01927],[14.23709,36.01906],[14.23779,36.01928],[14.2386,36.01921],[14.23938,36.01906],[14.23974,36.01913],[14.2401,36.01909],[14.24039,36.01929],[14.24088,36.01919],[14.24098,36.01901],[14.2412,36.01892],[14.24235,36.01932],[14.2426,36.01934],[14.24407,36.01914],[14.24505,36.01881],[14.24521,36.01884],[14.24665,36.01864],[14.24817,36.01865],[14.2498,36.01834],[14.25117,36.01836],[14.25199,36.01793],[14.25219,36.01797],[14.25263,36.01792],[14.25335,36.01755],[14.25357,36.01724],[14.25374,36.01678],[14.25362,36.01625],[14.25352,36.01612],[14.25366,36.01606],[14.25361,36.01591],[14.25374,36.01572],[14.25369,36.01548],[14.25386,36.01535],[14.25361,36.01516],[14.25378,36.01493],[14.25368,36.01478],[14.25376,36.01471],[14.25488,36.01436],[14.25509,36.01417],[14.25564,36.01391],[14.25571,36.01369],[14.25597,36.01381],[14.25612,36.01378],[14.2564,36.01398],[14.25706,36.0142],[14.25713,36.01416],[14.2575,36.01424],[14.25784,36.01399],[14.25889,36.01424],[14.25899,36.01419],[14.25925,36.01365],[14.25948,36.0136],[14.25952,36.0135],[14.26004,36.01318],[14.26067,36.01245],[14.26072,36.01218],[14.26056,36.01203],[14.26102,36.01187],[14.261,36.01168],[14.26114,36.01154],[14.26152,36.01141],[14.26205,36.0114],[14.26241,36.01188],[14.26247,36.01233],[14.2626,36.01245],[14.26314,36.01268],[14.26364,36.01308],[14.26376,36.01327],[14.26585,36.01396],[14.26642,36.01405],[14.26769,36.01448],[14.26844,36.01465],[14.2698,36.01521],[14.27026,36.01521],[14.27064,36.01564],[14.27144,36.01593],[14.27179,36.01597],[14.27185,36.01602],[14.27182,36.0163],[14.27204,36.01644],[14.27267,36.01647],[14.27275,36.0166],[14.27246,36.01674],[14.27186,36.01692],[14.27135,36.01717],[14.27099,36.01718],[14.27138,36.01722],[14.27203,36.01704],[14.27216,36.01707],[14.27232,36.0172],[14.27255,36.01763],[14.27244,36.01789],[14.27217,36.01808],[14.27219,36.01854],[14.27206,36.01923],[14.27187,36.01945],[14.27142,36.01962],[14.27126,36.01983],[14.27121,36.02023],[14.27147,36.0204],[14.2717,36.02037],[14.27198,36.01995],[14.27241,36.01965],[14.2724,36.01947],[14.27253,36.01934],[14.27246,36.01918],[14.27263,36.01845],[14.2733,36.01803],[14.27337,36.01783],[14.27327,36.01749],[14.27331,36.01729],[14.27411,36.01694],[14.27455,36.01692],[14.27641,36.01656],[14.27675,36.01644],[14.27726,36.01611]],[[14.40674,35.96743],[14.40534,35.96733],[14.40087,35.96624],[14.40092,35.96631],[14.40073,35.96635],[14.40075,35.96622],[14.40056,35.96622],[14.40026,35.9661],[14.39929,35.96534],[14.39909,35.96531],[14.39899,35.96512],[14.39874,35.96503],[14.39876,35.96479],[14.39853,35.96447],[14.39867,35.96411],[14.399,35.96393],[14.39941,35.96394],[14.40018,35.96412],[14.40108,35.96423],[14.40151,35.96444],[14.40179,35.96475],[14.40213,35.96487],[14.40237,35.96506],[14.40242,35.9652],[14.40267,35.9653],[14.4028,35.96545],[14.40282,35.96572],[14.40269,35.96577],[14.40248,35.96605],[14.40269,35.9661],[14.40312,35.96639],[14.40426,35.96633],[14.40424,35.96614],[14.40442,35.96613],[14.40436,35.96608],[14.40554,35.96615],[14.40592,35.96627],[14.40628,35.96618],[14.4066,35.96624],[14.40753,35.96617],[14.40747,35.96651],[14.40761,35.96652],[14.40752,35.96662],[14.40755,35.96687],[14.40748,35.96691],[14.40748,35.96744],[14.40691,35.96744],[14.40687,35.96749],[14.40674,35.96743]],[[14.40013,35.96619],[14.40017,35.96616],[14.40017,35.96621],[14.40013,35.96619]],[[14.35127,36.00878],[14.35121,36.00886],[14.35111,36.00886],[14.3512,36.00873],[14.35127,36.00878]],[[14.35088,36.00949],[14.3508,36.00948],[14.35079,36.00947],[14.35085,36.00943],[14.35088,36.00949]],[[14.35086,36.00885],[14.35086,36.00901],[14.35081,36.00903],[14.3507,36.00892],[14.35086,36.00885]],[[14.35067,36.0099],[14.35073,36.00991],[14.35079,36.00993],[14.3507,36.00997],[14.35067,36.0099]],[[14.35066,36.00997],[14.35071,36.01011],[14.35056,36.01044],[14.35025,36.01069],[14.35016,36.01087],[14.34978,36.01098],[14.34919,36.01146],[14.3487,36.012],[14.34868,36.01222],[14.34845,36.01241],[14.34848,36.01267],[14.34839,36.01278],[14.34817,36.013],[14.34771,36.01322],[14.34711,36.01422],[14.34692,36.01427],[14.34594,36.01495],[14.34575,36.01494],[14.34557,36.01508],[14.34536,36.01504],[14.34529,36.01493],[14.34478,36.01555],[14.34439,36.01578],[14.34417,36.01571],[14.34256,36.01554],[14.34225,36.01568],[14.34153,36.01647],[14.34032,36.01691],[14.34082,36.01712],[14.34015,36.01801],[14.3408,36.0182],[14.34063,36.01887],[14.33976,36.01912],[14.3398,36.01925],[14.33962,36.01942],[14.33874,36.01932],[14.33896,36.01953],[14.33894,36.01971],[14.33912,36.01976],[14.33903,36.01995],[14.33885,36.02006],[14.33816,36.0199],[14.33814,36.01998],[14.33824,36.02008],[14.338,36.02007],[14.33729,36.01974],[14.33773,36.01949],[14.33771,36.01939],[14.33824,36.01913],[14.33846,36.01845],[14.33833,36.01835],[14.3385,36.01821],[14.3382,36.01818],[14.33802,36.01787],[14.33797,36.01743],[14.33787,36.01741],[14.33782,36.01689],[14.3379,36.01689],[14.33791,36.01661],[14.33726,36.01631],[14.33635,36.01645],[14.33631,36.01766],[14.33607,36.01818],[14.33559,36.01835],[14.33543,36.01831],[14.33519,36.01841],[14.33519,36.01836],[14.33481,36.01845],[14.33458,36.01861],[14.33419,36.01865],[14.33398,36.01879],[14.33394,36.01869],[14.33369,36.01871],[14.33327,36.01894],[14.33256,36.01962],[14.33243,36.01956],[14.33221,36.0196],[14.33212,36.01949],[14.33158,36.01947],[14.3313,36.01954],[14.33127,36.01937],[14.33153,36.01882],[14.33151,36.01858],[14.33115,36.01815],[14.33089,36.01805],[14.33093,36.01797],[14.33081,36.01797],[14.33068,36.01784],[14.33062,36.01766],[14.33064,36.0176],[14.33072,36.01761],[14.33032,36.01732],[14.33033,36.01724],[14.33041,36.01723],[14.33004,36.01679],[14.32979,36.01665],[14.32972,36.01639],[14.32955,36.01633],[14.32948,36.01634],[14.32929,36.01684],[14.32887,36.01666],[14.329,36.01698],[14.32891,36.0172],[14.32902,36.01738],[14.32889,36.01772],[14.32876,36.01783],[14.32883,36.01802],[14.32874,36.0181],[14.32898,36.0188],[14.3289,36.0192],[14.32877,36.01931],[14.32877,36.01946],[14.32866,36.01948],[14.32865,36.01961],[14.3282,36.0193],[14.32776,36.01881],[14.32842,36.01963],[14.32799,36.01965],[14.32631,36.01799],[14.32549,36.01757],[14.325,36.01812],[14.32493,36.01838],[14.32471,36.01825],[14.32462,36.01798],[14.32452,36.01818],[14.32456,36.01835],[14.32441,36.01855],[14.32408,36.01857],[14.32385,36.01879],[14.32359,36.01861],[14.3234,36.01858],[14.32346,36.01844],[14.3234,36.01835],[14.32304,36.01831],[14.32279,36.01775],[14.32244,36.01741],[14.32349,36.01627],[14.32432,36.01615],[14.32415,36.01573],[14.32425,36.0156],[14.32431,36.01561],[14.32429,36.01572],[14.32439,36.01568],[14.32449,36.01543],[14.32419,36.01521],[14.32404,36.01524],[14.32394,36.01518],[14.32371,36.01485],[14.32375,36.01479],[14.32394,36.01501],[14.32399,36.01504],[14.32376,36.01466],[14.32413,36.01432],[14.32397,36.01429],[14.32429,36.01406],[14.324,36.0138],[14.32388,36.01346],[14.32447,36.01228],[14.32536,36.01168],[14.32558,36.01142],[14.32634,36.01087],[14.32712,36.0105],[14.32676,36.01052],[14.32644,36.01035],[14.32658,36.01004],[14.3268,36.00994],[14.32708,36.00957],[14.32761,36.0096],[14.3283,36.01071],[14.32847,36.0105],[14.32864,36.01],[14.32875,36.00997],[14.32836,36.00974],[14.32839,36.00963],[14.32884,36.00946],[14.32949,36.00943],[14.32973,36.00902],[14.32972,36.00889],[14.32883,36.00811],[14.32878,36.00714],[14.32847,36.00672],[14.32717,36.00641],[14.32702,36.00626],[14.32702,36.00612],[14.32644,36.0048],[14.32575,36.00452],[14.32545,36.0045],[14.32535,36.00432],[14.32487,36.00421],[14.32476,36.00406],[14.32454,36.00397],[14.32441,36.00381],[14.32447,36.00377],[14.32935,36.00438],[14.32963,36.00434],[14.32986,36.00444],[14.33104,36.00458],[14.33183,36.00437],[14.33232,36.0041],[14.33267,36.00406],[14.33522,36.00478],[14.33516,36.00542],[14.33647,36.00511],[14.33679,36.00493],[14.33774,36.00474],[14.34053,36.00525],[14.34121,36.00526],[14.3415,36.00532],[14.34155,36.0054],[14.34176,36.00538],[14.34241,36.00557],[14.34407,36.00588],[14.3448,36.00613],[14.34494,36.00621],[14.34491,36.00628],[14.34527,36.0064],[14.34541,36.00661],[14.34581,36.00647],[14.34681,36.00629],[14.34678,36.00623],[14.34687,36.00618],[14.34723,36.00611],[14.34782,36.00634],[14.34851,36.00639],[14.34861,36.00644],[14.34892,36.00701],[14.34911,36.00704],[14.34909,36.00723],[14.34934,36.00756],[14.34964,36.00776],[14.34989,36.00829],[14.35033,36.00888],[14.35043,36.00888],[14.3504,36.00898],[14.35063,36.00954],[14.35066,36.00997]],[[14.35063,36.00914],[14.3506,36.00908],[14.35064,36.00908],[14.35063,36.00914]],[[14.35049,36.0091],[14.35056,36.00913],[14.3505,36.00914],[14.35049,36.0091]],[[14.35051,36.01057],[14.35044,36.01065],[14.35045,36.01056],[14.35051,36.01057]],[[14.34997,36.00831],[14.35,36.00821],[14.35001,36.00831],[14.34997,36.00831]],[[14.34983,36.01125],[14.34985,36.01118],[14.34988,36.01121],[14.34983,36.01125]],[[14.3495,36.01152],[14.34938,36.0116],[14.34926,36.01155],[14.34946,36.0114],[14.3495,36.01152]],[[14.34893,36.01248],[14.34894,36.01238],[14.34899,36.0124],[14.34893,36.01248]],[[14.34043,36.01917],[14.34043,36.01929],[14.34024,36.01929],[14.3401,36.01941],[14.34019,36.01924],[14.34043,36.01917]],[[14.33937,36.01951],[14.33931,36.01965],[14.33917,36.01962],[14.33926,36.01946],[14.33937,36.01951]],[[14.33723,36.0199],[14.33716,36.01993],[14.33711,36.01989],[14.33724,36.01987],[14.33727,36.01992],[14.3372,36.01996],[14.33723,36.0199]],[[14.32892,36.00866],[14.32892,36.00845],[14.32935,36.00868],[14.32928,36.00881],[14.3291,36.00885],[14.32892,36.00866]],[[14.32668,36.00554],[14.32657,36.00551],[14.32665,36.00546],[14.32673,36.00549],[14.32668,36.00554]],[[14.32649,36.00587],[14.32663,36.00588],[14.32663,36.00594],[14.32658,36.00593],[14.32649,36.00587]],[[14.32607,36.01058],[14.32576,36.01084],[14.32499,36.01121],[14.32449,36.01116],[14.32402,36.01077],[14.32405,36.01066],[14.32418,36.01058],[14.32515,36.01055],[14.32555,36.01038],[14.32599,36.01049],[14.32607,36.01058]],[[14.32435,36.01878],[14.32436,36.01869],[14.32454,36.01866],[14.32452,36.01873],[14.32435,36.01878]],[[14.32367,36.01128],[14.32379,36.01156],[14.32347,36.01169],[14.32315,36.01134],[14.32313,36.01107],[14.32323,36.01104],[14.32367,36.01128]],[[14.32308,36.01206],[14.32307,36.01201],[14.32333,36.01198],[14.32327,36.01206],[14.32308,36.01206]],[[14.32302,36.01192],[14.32304,36.01185],[14.32323,36.01188],[14.32311,36.01192],[14.32302,36.01192]],[[14.31901,36.01182],[14.32012,36.01261],[14.32109,36.01315],[14.32124,36.01309],[14.32133,36.01295],[14.32161,36.013],[14.32148,36.0128],[14.32146,36.01246],[14.32198,36.01242],[14.32224,36.01248],[14.3223,36.0122],[14.3225,36.0121],[14.323,36.01218],[14.32314,36.01228],[14.32317,36.0124],[14.32228,36.01372],[14.32219,36.0137],[14.32209,36.01399],[14.32165,36.01442],[14.3214,36.01491],[14.32124,36.01499],[14.32097,36.01505],[14.32067,36.01503],[14.32045,36.01491],[14.32035,36.01494],[14.31936,36.01445],[14.31893,36.01436],[14.31854,36.01436],[14.31788,36.01466],[14.31742,36.01477],[14.31723,36.01475],[14.31718,36.01422],[14.31747,36.01356],[14.31764,36.01267],[14.31856,36.01209],[14.31861,36.01198],[14.31879,36.01195],[14.31882,36.01176],[14.31901,36.01182]],[[14.32268,36.01188],[14.32279,36.01182],[14.32286,36.01188],[14.32285,36.0119],[14.32268,36.01188]],[[14.32275,36.01193],[14.32275,36.01197],[14.32267,36.01192],[14.32275,36.01193]],[[14.18919,36.04612],[14.18903,36.04705],[14.18894,36.04711],[14.18915,36.04739],[14.18912,36.04746],[14.18884,36.04751],[14.18873,36.04722],[14.18844,36.04707],[14.18839,36.04691],[14.18823,36.0469],[14.18819,36.04681],[14.18827,36.04669],[14.18858,36.0466],[14.18868,36.04639],[14.18882,36.04632],[14.18887,36.0464],[14.18893,36.04638],[14.18919,36.04612]],[[14.41252,35.78741],[14.4125,35.78747],[14.41246,35.78744],[14.41252,35.78741]],[[14.41252,35.78729],[14.41246,35.78731],[14.4125,35.78728],[14.41252,35.78729]],[[14.41236,35.78731],[14.41234,35.78736],[14.41234,35.78731],[14.41236,35.78731]],[[14.41224,35.78701],[14.41221,35.78705],[14.41221,35.78697],[14.41224,35.78701]],[[14.41219,35.78699],[14.41219,35.787],[14.41219,35.787],[14.41219,35.78699]],[[14.41217,35.78703],[14.41213,35.78699],[14.41216,35.78697],[14.41217,35.78703]],[[14.40964,35.78825],[14.40922,35.78831],[14.40899,35.78812],[14.40883,35.78811],[14.40877,35.7882],[14.40874,35.788],[14.40857,35.78805],[14.40855,35.78784],[14.40841,35.78786],[14.40835,35.78796],[14.40822,35.78793],[14.40818,35.7878],[14.40827,35.78769],[14.40813,35.78745],[14.40824,35.78719],[14.40811,35.78702],[14.40823,35.78692],[14.40831,35.78701],[14.40855,35.78651],[14.40873,35.7866],[14.40876,35.78646],[14.40893,35.78641],[14.40901,35.7866],[14.40922,35.7864],[14.40926,35.78654],[14.40965,35.78658],[14.40972,35.78642],[14.4099,35.78645],[14.41008,35.78633],[14.41013,35.78638],[14.41031,35.78635],[14.4105,35.78617],[14.41055,35.78628],[14.41065,35.78627],[14.41071,35.78619],[14.41064,35.78617],[14.41074,35.7861],[14.41089,35.78628],[14.41095,35.78614],[14.411,35.78628],[14.4111,35.78625],[14.4112,35.78639],[14.41136,35.78642],[14.41138,35.78662],[14.41159,35.78662],[14.41158,35.78675],[14.41176,35.78676],[14.4118,35.78698],[14.41199,35.78703],[14.41202,35.78727],[14.41214,35.78726],[14.41198,35.78761],[14.41188,35.78763],[14.41192,35.78768],[14.41181,35.78784],[14.41167,35.7877],[14.4114,35.78781],[14.41119,35.788],[14.41107,35.78799],[14.41103,35.78807],[14.41048,35.7883],[14.41038,35.78825],[14.41028,35.78834],[14.41017,35.78829],[14.40998,35.78832],[14.40981,35.78815],[14.40968,35.78815],[14.40964,35.78825]],[[14.41211,35.78766],[14.41204,35.78772],[14.41208,35.78765],[14.41211,35.78766]],[[14.41184,35.7868],[14.41183,35.78671],[14.41187,35.78671],[14.41184,35.7868]],[[14.41185,35.78641],[14.41182,35.78647],[14.41175,35.78641],[14.41185,35.78641]],[[14.41142,35.78638],[14.41139,35.78643],[14.41139,35.78638],[14.41142,35.78638]],[[14.41018,35.78846],[14.41008,35.78847],[14.41012,35.78836],[14.41022,35.78837],[14.41018,35.78846]],[[14.40996,35.78635],[14.40988,35.78632],[14.40988,35.78631],[14.40994,35.78628],[14.40996,35.78635]],[[14.40966,35.78643],[14.40957,35.78644],[14.40964,35.78636],[14.40966,35.78643]],[[14.409,35.78644],[14.40904,35.7865],[14.40902,35.7865],[14.409,35.78644]],[[14.40868,35.78826],[14.40862,35.78832],[14.4086,35.7883],[14.40868,35.78826]],[[14.40848,35.78634],[14.40863,35.78625],[14.40861,35.78634],[14.40848,35.78634]],[[14.40845,35.78641],[14.40855,35.78642],[14.40844,35.78648],[14.40845,35.78641]],[[14.40847,35.78658],[14.40838,35.78655],[14.40851,35.78651],[14.4085,35.78653],[14.40847,35.78658]],[[14.40835,35.78655],[14.40828,35.78661],[14.40822,35.78659],[14.40824,35.78655],[14.40835,35.78655]],[[14.4083,35.78806],[14.40827,35.78805],[14.40832,35.78802],[14.4083,35.78806]],[[14.40803,35.78773],[14.40799,35.78778],[14.40797,35.78771],[14.40803,35.78773]],[[14.40751,35.78635],[14.40756,35.78638],[14.4074,35.78662],[14.4071,35.78677],[14.40672,35.78679],[14.40646,35.78668],[14.40663,35.78644],[14.40699,35.78624],[14.40726,35.78627],[14.40761,35.7862],[14.40751,35.78635]],[[14.40578,35.78701],[14.40568,35.78704],[14.40575,35.78698],[14.40578,35.78701]]],[[[14.21067,36.03129],[14.21068,36.03129],[14.21068,36.03129],[14.21067,36.03129]]],[[[14.32396,36.01504],[14.32396,36.01504],[14.32396,36.01504],[14.32396,36.01504]]],[[[13.78015,36.13988],[13.74015,36.09988],[13.70015,36.09988],[13.70015,36.17988],[13.78015,36.17988],[13.78015,36.13988]]],[[[13.72103,36.25452],[13.72638,36.26341],[13.73092,36.27053],[13.73472,36.27626],[13.73887,36.28227],[13.74333,36.28848],[13.94499,36.17357],[13.92223,36.13363],[13.71831,36.24983],[13.72103,36.25452]]],[[[14.66015,35.49987],[14.86015,35.49987],[14.86015,35.48037],[14.83671,35.46746],[14.80909,35.4541],[14.78031,35.4418],[14.75569,35.43154],[14.72597,35.42097],[14.72282,35.41998],[14.70015,35.41987],[14.54015,35.53988],[14.54015,35.57988],[14.66015,35.57987],[14.66015,35.49987]]]]}},{"type":"Feature","properties":{"zone":"territorial_sea","area_km2_utm33n":3835.5,"source":"Marine Regions, Territorial Seas (12NM) v4, 2023, doi:10.14284/633"},"geometry":{"type":"Polygon","coordinates":[[[14.23397,36.28255],[14.23585,36.28244],[14.23681,36.28244],[14.23816,36.28245],[14.23889,36.28245],[14.24161,36.28245],[14.24222,36.28245],[14.24384,36.28242],[14.24755,36.28233],[14.24848,36.28229],[14.2523,36.28208],[14.253,36.28204],[14.25612,36.28177],[14.25837,36.28156],[14.25977,36.2814],[14.26024,36.28135],[14.26089,36.28129],[14.26299,36.28107],[14.26381,36.281],[14.26676,36.28076],[14.26806,36.28065],[14.26886,36.28063],[14.27092,36.28043],[14.27214,36.28031],[14.27406,36.28011],[14.27492,36.28002],[14.27875,36.27954],[14.2809,36.27925],[14.28184,36.27912],[14.28326,36.27891],[14.28545,36.27858],[14.28728,36.27838],[14.29041,36.27802],[14.29254,36.27774],[14.29481,36.27744],[14.29749,36.27703],[14.30279,36.27617],[14.30806,36.27523],[14.3133,36.27418],[14.31852,36.27305],[14.3237,36.27182],[14.32885,36.2705],[14.33396,36.2691],[14.33645,36.26838],[14.33866,36.26771],[14.34221,36.2666],[14.34397,36.26604],[14.34542,36.26557],[14.34791,36.26473],[14.34994,36.26402],[14.35081,36.26371],[14.35307,36.26291],[14.35792,36.26124],[14.35897,36.26088],[14.36737,36.25791],[14.37576,36.25495],[14.38415,36.25198],[14.39254,36.24902],[14.40092,36.24606],[14.40933,36.24309],[14.41252,36.24192],[14.41887,36.2395],[14.42513,36.23694],[14.4313,36.23423],[14.43429,36.23287],[14.43668,36.23172],[14.44129,36.22945],[14.44584,36.2271],[14.45032,36.22466],[14.45473,36.22215],[14.45908,36.21956],[14.46336,36.21689],[14.46756,36.21415],[14.46956,36.21281],[14.4707,36.21203],[14.47282,36.21055],[14.47387,36.20981],[14.48109,36.20465],[14.4883,36.1995],[14.49551,36.19435],[14.50272,36.1892],[14.50993,36.18405],[14.51714,36.1789],[14.52435,36.17375],[14.53156,36.1686],[14.53877,36.16345],[14.54598,36.1583],[14.55319,36.15315],[14.5604,36.148],[14.56761,36.14285],[14.57482,36.1377],[14.58203,36.13255],[14.58924,36.1274],[14.59645,36.12225],[14.60366,36.1171],[14.61087,36.11195],[14.61808,36.1068],[14.62529,36.10165],[14.6325,36.0965],[14.63971,36.09135],[14.64693,36.0862],[14.64802,36.08541],[14.65396,36.08106],[14.65626,36.07942],[14.65883,36.07767],[14.66088,36.07624],[14.66796,36.07121],[14.67503,36.06617],[14.68211,36.06114],[14.68918,36.0561],[14.69625,36.05107],[14.70333,36.04603],[14.70652,36.04363],[14.70703,36.04329],[14.7086,36.04224],[14.70893,36.04201],[14.70976,36.04145],[14.71175,36.04011],[14.71273,36.03944],[14.71348,36.03892],[14.71727,36.03588],[14.72066,36.03366],[14.72129,36.03323],[14.72173,36.03292],[14.7228,36.03218],[14.72423,36.03116],[14.72546,36.03028],[14.72697,36.02918],[14.72773,36.02862],[14.72839,36.02814],[14.7297,36.02715],[14.73104,36.02613],[14.73219,36.02524],[14.73306,36.02456],[14.73373,36.02404],[14.7354,36.02271],[14.73683,36.02156],[14.73781,36.02075],[14.73933,36.01948],[14.74211,36.01712],[14.74473,36.01483],[14.74621,36.01347],[14.74865,36.01149],[14.75241,36.0083],[14.75599,36.00498],[14.7567,36.00428],[14.76013,36.0009],[14.76432,35.9968],[14.76849,35.9925],[14.77338,35.98716],[14.77551,35.98476],[14.77969,35.97991],[14.78369,35.97495],[14.7875,35.96991],[14.78929,35.96746],[14.79067,35.96546],[14.79325,35.96162],[14.79572,35.95774],[14.79809,35.95381],[14.80035,35.94984],[14.80251,35.94584],[14.80455,35.94179],[14.80649,35.93771],[14.80738,35.93578],[14.80832,35.9336],[14.81003,35.92946],[14.81164,35.92529],[14.81313,35.92108],[14.81451,35.91686],[14.81577,35.91261],[14.81692,35.90834],[14.81796,35.90405],[14.81842,35.90202],[14.81932,35.89713],[14.81982,35.89387],[14.82039,35.89034],[14.82073,35.88735],[14.82117,35.88428],[14.82148,35.88176],[14.82155,35.88116],[14.8217,35.87992],[14.82191,35.87771],[14.82197,35.877],[14.82227,35.87396],[14.82246,35.87171],[14.8225,35.87109],[14.82266,35.86746],[14.82275,35.86371],[14.82277,35.86301],[14.82278,35.86239],[14.82279,35.86103],[14.82275,35.85877],[14.82265,35.85545],[14.82263,35.8547],[14.8226,35.85387],[14.82241,35.85067],[14.82217,35.84757],[14.8221,35.84676],[14.82205,35.84613],[14.82192,35.84482],[14.82183,35.84397],[14.82158,35.84179],[14.82126,35.83934],[14.82117,35.83869],[14.82108,35.83806],[14.82089,35.83676],[14.82069,35.83549],[14.82031,35.83326],[14.81994,35.83124],[14.81982,35.83055],[14.8196,35.82942],[14.81939,35.82833],[14.81861,35.82412],[14.8184,35.82304],[14.8171,35.81644],[14.81677,35.81487],[14.81639,35.81332],[14.81621,35.81227],[14.81607,35.81139],[14.8156,35.80876],[14.81498,35.80564],[14.81429,35.80286],[14.81376,35.80075],[14.81343,35.79934],[14.81256,35.79557],[14.80969,35.78586],[14.80818,35.78166],[14.80655,35.77749],[14.80482,35.77336],[14.80397,35.77141],[14.80215,35.76759],[14.80006,35.7637],[14.79977,35.76316],[14.79922,35.76199],[14.79614,35.75657],[14.79433,35.75278],[14.79182,35.74791],[14.79077,35.74577],[14.78975,35.74375],[14.78924,35.74278],[14.78883,35.742],[14.78717,35.7389],[14.78562,35.73612],[14.7838,35.73298],[14.78301,35.73172],[14.78243,35.7307],[14.7782,35.72391],[14.77615,35.72092],[14.77517,35.71952],[14.77374,35.71755],[14.77095,35.71381],[14.76806,35.71013],[14.76507,35.7065],[14.76198,35.70293],[14.75881,35.6994],[14.75641,35.69683],[14.75391,35.69433],[14.752,35.69254],[14.7507,35.69125],[14.749,35.68959],[14.74738,35.68805],[14.74678,35.68749],[14.74623,35.68697],[14.74487,35.68572],[14.74412,35.68504],[14.74251,35.68358],[14.7407,35.68198],[14.73924,35.68072],[14.73768,35.67939],[14.73541,35.6775],[14.73352,35.67595],[14.73261,35.67522],[14.73088,35.67386],[14.72775,35.67146],[14.72419,35.66883],[14.72046,35.66618],[14.71866,35.66492],[14.71651,35.66349],[14.71233,35.66076],[14.70807,35.6581],[14.70375,35.65552],[14.69936,35.65302],[14.6949,35.65059],[14.69039,35.64825],[14.6858,35.64599],[14.68355,35.6449],[14.68158,35.64399],[14.67827,35.6425],[14.67728,35.64206],[14.67571,35.64137],[14.67405,35.64065],[14.66925,35.63861],[14.66848,35.63829],[14.66526,35.63661],[14.65991,35.63406],[14.65584,35.63223],[14.65172,35.63046],[14.64757,35.62876],[14.64548,35.62792],[14.63809,35.62503],[14.63533,35.62398],[14.6298,35.62195],[14.6242,35.62003],[14.61855,35.61823],[14.61576,35.61737],[14.61319,35.61663],[14.60812,35.61523],[14.60301,35.61392],[14.59787,35.6127],[14.59529,35.61211],[14.59457,35.61195],[14.59198,35.61141],[14.58678,35.61038],[14.58154,35.60943],[14.57629,35.60858],[14.57368,35.60818],[14.57102,35.60782],[14.56572,35.60716],[14.55764,35.60638],[14.55239,35.60553],[14.54376,35.60414],[14.53513,35.60275],[14.5265,35.60135],[14.51788,35.59996],[14.50925,35.59857],[14.50062,35.59717],[14.49199,35.59578],[14.48398,35.59449],[14.48201,35.59399],[14.47687,35.59277],[14.47169,35.59164],[14.46649,35.5906],[14.46127,35.58966],[14.45602,35.58881],[14.45341,35.58841],[14.45074,35.58805],[14.44545,35.58739],[14.44015,35.58682],[14.43482,35.58634],[14.42949,35.58596],[14.42415,35.58568],[14.4188,35.58549],[14.41345,35.58539],[14.41077,35.58537],[14.40816,35.58539],[14.40294,35.58548],[14.39773,35.58566],[14.39252,35.58593],[14.38991,35.58609],[14.38882,35.58617],[14.38609,35.58638],[14.38064,35.58686],[14.3752,35.58744],[14.36978,35.58812],[14.36705,35.58849],[14.36444,35.58888],[14.35919,35.58974],[14.35396,35.59068],[14.34876,35.59172],[14.33928,35.59394],[14.33819,35.59423],[14.3359,35.5948],[14.33274,35.59561],[14.33021,35.59629],[14.32828,35.59682],[14.32684,35.59723],[14.32608,35.59745],[14.32446,35.59791],[14.32337,35.59823],[14.32232,35.59855],[14.31995,35.59928],[14.31605,35.60052],[14.31042,35.60244],[14.30984,35.60265],[14.30874,35.60306],[14.30808,35.60331],[14.30729,35.60361],[14.30471,35.6046],[14.30184,35.60564],[14.29982,35.60639],[14.29924,35.60662],[14.29612,35.60781],[14.2886,35.61093],[14.28497,35.61258],[14.28309,35.61344],[14.28087,35.61451],[14.27632,35.61676],[14.27184,35.61908],[14.26741,35.62149],[14.26305,35.62397],[14.25876,35.62652],[14.25454,35.62916],[14.25038,35.63186],[14.24832,35.63324],[14.24754,35.63377],[14.24552,35.63518],[14.24142,35.6381],[14.23743,35.64107],[14.23356,35.64409],[14.22976,35.64718],[14.22605,35.65033],[14.22243,35.65355],[14.21889,35.65683],[14.21706,35.65856],[14.21565,35.65996],[14.21271,35.66292],[14.20984,35.66592],[14.20704,35.66897],[14.20431,35.67207],[14.20165,35.6752],[14.19907,35.67838],[14.19656,35.68159],[14.19532,35.68321],[14.19001,35.69031],[14.18468,35.69742],[14.17936,35.70453],[14.17404,35.71164],[14.16872,35.71875],[14.1634,35.72586],[14.15808,35.73297],[14.15276,35.74008],[14.14744,35.74719],[14.14212,35.7543],[14.1368,35.7614],[14.13619,35.76222],[14.13356,35.76524],[14.13092,35.76846],[14.13,35.76944],[14.12432,35.77535],[14.1183,35.78163],[14.11228,35.78791],[14.10626,35.79419],[14.10024,35.80046],[14.09422,35.80674],[14.0882,35.81302],[14.08218,35.8193],[14.07616,35.82557],[14.07014,35.83185],[14.06412,35.83813],[14.0581,35.84441],[14.05208,35.85068],[14.04606,35.85696],[14.04004,35.86324],[14.03402,35.86951],[14.028,35.87579],[14.02198,35.88207],[14.01596,35.88835],[14.00994,35.89462],[14.00548,35.89928],[14.00328,35.90124],[13.99973,35.90452],[13.9979,35.90625],[13.99627,35.90786],[13.9929,35.91127],[13.98962,35.91473],[13.98643,35.91825],[13.98334,35.92183],[13.98034,35.92546],[13.97744,35.92914],[13.97464,35.93287],[13.9732,35.93485],[13.97195,35.93666],[13.96935,35.94048],[13.96686,35.94436],[13.96447,35.94827],[13.96218,35.95223],[13.96001,35.95623],[13.95794,35.96027],[13.95598,35.96434],[13.95497,35.96649],[13.95313,35.97092],[13.951,35.97644],[13.94912,35.98184],[13.94825,35.98462],[13.94749,35.98681],[13.94673,35.98919],[13.94563,35.99297],[13.94516,35.99488],[13.94498,35.99557],[13.94467,35.99684],[13.94396,35.99978],[13.94322,36.00271],[13.94277,36.00495],[13.94195,36.00925],[13.94132,36.0136],[13.94111,36.01503],[13.94084,36.01669],[13.94021,36.02301],[13.94009,36.02424],[13.94004,36.02484],[13.93978,36.02836],[13.93967,36.02989],[13.93954,36.03128],[13.93943,36.03315],[13.93899,36.03922],[13.9385,36.04182],[13.9379,36.04613],[13.93703,36.05408],[13.93682,36.05625],[13.93646,36.06059],[13.93621,36.06493],[13.93608,36.06928],[13.93604,36.07158],[13.93607,36.07364],[13.93617,36.07801],[13.93639,36.08238],[13.93673,36.08674],[13.93719,36.0911],[13.93776,36.09544],[13.93845,36.09978],[13.93926,36.1041],[13.93971,36.10638],[13.94018,36.10843],[13.94123,36.11276],[13.9424,36.11707],[13.94368,36.12136],[13.94435,36.1235],[13.94539,36.12665],[13.9461,36.12874],[13.94759,36.1329],[13.94918,36.13703],[13.95089,36.14114],[13.95182,36.14329],[13.95271,36.14523],[13.95465,36.14931],[13.9567,36.15335],[13.95886,36.15736],[13.96113,36.16132],[13.9635,36.16525],[13.96598,36.16913],[13.96857,36.17297],[13.96995,36.17497],[13.97125,36.17676],[13.97404,36.1805],[13.97693,36.1842],[13.97992,36.18784],[13.983,36.19142],[13.98618,36.19495],[13.98946,36.19843],[13.99282,36.20184],[13.99461,36.20361],[13.99628,36.2052],[13.99983,36.20849],[14.00347,36.21172],[14.00719,36.21488],[14.011,36.21798],[14.01489,36.22101],[14.01886,36.22397],[14.02292,36.22686],[14.02504,36.22834],[14.02704,36.22967],[14.03125,36.23242],[14.03552,36.23508],[14.03987,36.23767],[14.04429,36.24019],[14.04877,36.24262],[14.05332,36.24497],[14.05793,36.24725],[14.06032,36.2484],[14.0626,36.24944],[14.06733,36.25155],[14.07212,36.25357],[14.07695,36.25551],[14.08184,36.25736],[14.08678,36.25912],[14.09177,36.2608],[14.0968,36.26239],[14.09937,36.26318],[14.10187,36.26389],[14.10698,36.2653],[14.11213,36.26662],[14.11731,36.26784],[14.12386,36.26923],[14.12931,36.27014],[14.13125,36.27062],[14.13556,36.27154],[14.13997,36.27235],[14.14656,36.2736],[14.14841,36.27401],[14.14922,36.27418],[14.15153,36.27465],[14.15236,36.27481],[14.15358,36.27504],[14.15614,36.27552],[14.15803,36.27587],[14.16197,36.27654],[14.16431,36.27691],[14.16485,36.27699],[14.16595,36.27716],[14.16753,36.27741],[14.16909,36.27747],[14.17104,36.27785],[14.17154,36.27791],[14.17349,36.27821],[14.17397,36.27829],[14.17514,36.27849],[14.17614,36.27865],[14.17734,36.27885],[14.1789,36.27909],[14.1801,36.27925],[14.18295,36.27962],[14.18423,36.27978],[14.18825,36.28021],[14.18959,36.28034],[14.1917,36.28069],[14.19261,36.28079],[14.19394,36.28091],[14.19448,36.28096],[14.1955,36.28105],[14.1994,36.28138],[14.20297,36.28164],[14.20508,36.28177],[14.20631,36.28184],[14.20685,36.28187],[14.2084,36.28194],[14.21113,36.28206],[14.21368,36.28215],[14.21469,36.28217],[14.21655,36.28221],[14.21724,36.28222],[14.21807,36.28224],[14.22288,36.28226],[14.22458,36.28235],[14.22949,36.28249],[14.23158,36.28252],[14.23397,36.28255]],[[14.23167,36.08236],[14.22329,36.0819],[14.22301,36.082],[14.22287,36.08188],[14.22261,36.08186],[14.21268,36.08039],[14.20931,36.08005],[14.20696,36.07944],[14.20331,36.07881],[14.18547,36.07489],[14.18545,36.07486],[14.18397,36.07486],[14.18292,36.0717],[14.18377,36.06375],[14.18427,36.06361],[14.18634,36.03782],[14.18603,36.03745],[14.1867,36.03516],[14.1868,36.03516],[14.18847,36.03447],[14.336,35.88024],[14.3359,35.87933],[14.3397,35.8754],[14.40528,35.78747],[14.40589,35.78706],[14.40656,35.78683],[14.40793,35.78683],[14.40791,35.78671],[14.40816,35.78634],[14.40968,35.78588],[14.41077,35.78581],[14.41159,35.78706],[14.41155,35.78712],[14.52701,35.80576],[14.53104,35.80558],[14.53176,35.80573],[14.53917,35.80863],[14.54109,35.80996],[14.56089,35.81858],[14.56225,35.81983],[14.57228,35.83988],[14.57281,35.84007],[14.5726,35.84053],[14.57275,35.84083],[14.57644,35.86064],[14.57654,35.86115],[14.57655,35.86115],[14.57655,35.86116],[14.57667,35.86178],[14.57511,35.86689],[14.57568,35.86702],[14.57584,35.86734],[14.57094,35.87267],[14.56265,35.87998],[14.56212,35.88016],[14.55153,35.88768],[14.55092,35.88847],[14.55009,35.88871],[14.49133,35.93047],[14.31067,36.05933],[14.25189,36.08008],[14.23888,36.08175],[14.23683,36.08225],[14.23587,36.0821],[14.23167,36.08236]]]}},{"type":"Feature","properties":{"zone":"fmz","area_km2_utm33n":11491.6,"source":"Rebuilt from Marine Regions 12NM v4: 25 nm from the baselines, excluding land and internal waters"},"geometry":{"type":"Polygon","coordinates":[[[13.67238,36.02181],[13.67179,36.02648],[13.67088,36.03443],[13.67063,36.03677],[13.67041,36.03894],[13.6702,36.04129],[13.66982,36.04563],[13.66947,36.05032],[13.66921,36.05467],[13.66899,36.05937],[13.66885,36.06372],[13.66878,36.06621],[13.66874,36.06851],[13.66871,36.07323],[13.66873,36.07529],[13.66876,36.07752],[13.66885,36.08189],[13.66901,36.08663],[13.66922,36.09099],[13.6695,36.09572],[13.66983,36.10009],[13.67024,36.10481],[13.67068,36.10917],[13.67122,36.11388],[13.67178,36.11823],[13.67245,36.12293],[13.67313,36.12727],[13.67392,36.13196],[13.67471,36.13629],[13.67518,36.13876],[13.67564,36.14104],[13.67663,36.14573],[13.67709,36.14778],[13.6776,36.14999],[13.67864,36.15433],[13.67982,36.15901],[13.68098,36.16332],[13.68229,36.16798],[13.68356,36.17227],[13.68426,36.17459],[13.68492,36.17673],[13.68566,36.17904],[13.68668,36.1822],[13.68744,36.18447],[13.68814,36.18655],[13.68893,36.18881],[13.6904,36.19297],[13.69205,36.19747],[13.69363,36.20161],[13.69541,36.20607],[13.6971,36.21018],[13.69809,36.21252],[13.69901,36.21468],[13.70098,36.21911],[13.70186,36.22105],[13.70284,36.22314],[13.70477,36.22723],[13.70692,36.23163],[13.70896,36.23568],[13.71123,36.24004],[13.71338,36.24405],[13.71576,36.24837],[13.71802,36.25234],[13.72053,36.25662],[13.72289,36.26055],[13.72551,36.26479],[13.72798,36.26867],[13.73071,36.27286],[13.73328,36.2767],[13.73476,36.27888],[13.73615,36.28089],[13.73905,36.285],[13.74035,36.28679],[13.74176,36.28872],[13.74454,36.29247],[13.74761,36.2965],[13.75049,36.3002],[13.75367,36.30418],[13.75665,36.30782],[13.75993,36.31174],[13.76301,36.31533],[13.76639,36.31919],[13.76957,36.32273],[13.77306,36.32653],[13.77633,36.33001],[13.77993,36.33375],[13.78329,36.33717],[13.78521,36.3391],[13.78699,36.34087],[13.79073,36.3445],[13.79241,36.34609],[13.79423,36.34781],[13.79778,36.35111],[13.80167,36.35464],[13.8053,36.35788],[13.80929,36.36135],[13.81301,36.36452],[13.81709,36.36792],[13.8209,36.37102],[13.82507,36.37434],[13.82896,36.37738],[13.83322,36.38063],[13.83719,36.38359],[13.84154,36.38676],[13.84559,36.38966],[13.84788,36.39127],[13.85,36.39276],[13.85448,36.39581],[13.85648,36.39715],[13.85867,36.39859],[13.86287,36.40134],[13.86747,36.40428],[13.87175,36.40695],[13.87642,36.4098],[13.88077,36.4124],[13.88552,36.41517],[13.88995,36.41769],[13.89477,36.42037],[13.89926,36.42281],[13.90416,36.42541],[13.90871,36.42777],[13.91368,36.43028],[13.91829,36.43256],[13.92088,36.43382],[13.92327,36.43497],[13.92834,36.43735],[13.93062,36.43839],[13.93311,36.43951],[13.93784,36.44163],[13.943,36.44387],[13.9478,36.4459],[13.95302,36.44805],[13.95787,36.44999],[13.96314,36.45205],[13.96804,36.45391],[13.97338,36.45587],[13.97833,36.45764],[13.98371,36.45951],[13.98871,36.46119],[13.99414,36.46296],[13.99918,36.46456],[14.00197,36.46542],[14.00456,36.46621],[14.01006,36.46784],[14.01256,36.46855],[14.01527,36.46931],[14.0204,36.47073],[14.02597,36.47221],[14.03113,36.47353],[14.03673,36.47491],[14.04193,36.47614],[14.04901,36.47773],[14.05557,36.47913],[14.06271,36.48056],[14.06555,36.48107],[14.06667,36.48131],[14.07613,36.48319],[14.07968,36.48384],[14.08133,36.48416],[14.08373,36.48466],[14.08604,36.48513],[14.08855,36.48562],[14.08938,36.48579],[14.0907,36.48604],[14.09192,36.48627],[14.09325,36.48653],[14.09582,36.487],[14.09631,36.4871],[14.09821,36.48745],[14.10249,36.48821],[14.10644,36.48888],[14.11072,36.48959],[14.11307,36.48996],[14.11365,36.49005],[14.11419,36.49013],[14.11477,36.49022],[14.11587,36.49039],[14.11748,36.49064],[14.12348,36.49147],[14.12435,36.49162],[14.12555,36.49181],[14.12705,36.49204],[14.12861,36.49228],[14.13354,36.493],[14.13474,36.49317],[14.1378,36.49358],[14.14066,36.49395],[14.14221,36.49414],[14.14349,36.4943],[14.14808,36.49483],[14.15199,36.49535],[14.15868,36.49608],[14.15959,36.49618],[14.16103,36.49632],[14.16236,36.49645],[14.16379,36.49658],[14.16434,36.49663],[14.16545,36.49673],[14.16647,36.49682],[14.16756,36.49691],[14.17148,36.49724],[14.17535,36.49755],[14.17892,36.49781],[14.1828,36.49807],[14.18492,36.4982],[14.18625,36.49828],[14.18747,36.49834],[14.1888,36.49842],[14.18935,36.49845],[14.19103,36.49853],[14.19258,36.49861],[14.19427,36.49868],[14.197,36.4988],[14.19977,36.4989],[14.20234,36.49899],[14.20511,36.49908],[14.20612,36.4991],[14.20814,36.49915],[14.21001,36.49918],[14.21077,36.4992],[14.21229,36.49923],[14.21532,36.49926],[14.21992,36.49939],[14.22525,36.4995],[14.22735,36.49953],[14.22984,36.49956],[14.23568,36.49958],[14.24153,36.4995],[14.24171,36.4995],[14.24309,36.49949],[14.2437,36.49949],[14.24781,36.49945],[14.24944,36.49942],[14.25227,36.49936],[14.25598,36.49926],[14.26301,36.49901],[14.26394,36.49897],[14.26616,36.49886],[14.27,36.49865],[14.27415,36.4984],[14.27485,36.49836],[14.28069,36.49792],[14.28381,36.49766],[14.28795,36.49729],[14.29021,36.49707],[14.29214,36.49687],[14.29305,36.49678],[14.29485,36.49666],[14.30117,36.4961],[14.30323,36.4959],[14.30461,36.49576],[14.30641,36.49558],[14.30833,36.49538],[14.31041,36.49516],[14.31127,36.49506],[14.31544,36.49457],[14.31928,36.4941],[14.32341,36.49356],[14.32881,36.49283],[14.33219,36.49241],[14.33432,36.49214],[14.33679,36.49182],[14.33907,36.49151],[14.34445,36.49074],[14.34714,36.49033],[14.35005,36.48987],[14.35536,36.48901],[14.3611,36.48804],[14.36638,36.48708],[14.37209,36.486],[14.37735,36.48496],[14.38302,36.48378],[14.38825,36.48264],[14.3939,36.48136],[14.39909,36.48013],[14.4047,36.47875],[14.40986,36.47743],[14.41543,36.47595],[14.42055,36.47453],[14.42327,36.47377],[14.42577,36.47306],[14.43087,36.47156],[14.43307,36.47089],[14.43546,36.47015],[14.43902,36.46904],[14.44093,36.46843],[14.44269,36.46787],[14.4446,36.46725],[14.44605,36.46678],[14.44876,36.46588],[14.45126,36.46503],[14.45396,36.46411],[14.45599,36.4634],[14.46404,36.4606],[14.46522,36.46019],[14.46636,36.45979],[14.47476,36.45682],[14.48314,36.45386],[14.49153,36.45089],[14.49991,36.44793],[14.50829,36.44497],[14.5167,36.442],[14.52017,36.44075],[14.52338,36.43957],[14.52683,36.43828],[14.53319,36.43586],[14.54003,36.43315],[14.54631,36.43058],[14.55305,36.42772],[14.55923,36.42501],[14.56249,36.42355],[14.56548,36.42219],[14.57131,36.41947],[14.57371,36.41832],[14.57629,36.41706],[14.58091,36.41478],[14.58587,36.41227],[14.59042,36.40991],[14.59532,36.40731],[14.59981,36.40487],[14.60463,36.40218],[14.60906,36.39967],[14.61381,36.3969],[14.61816,36.3943],[14.62283,36.39145],[14.62711,36.38877],[14.63171,36.38584],[14.63591,36.38309],[14.63809,36.38165],[14.6401,36.38031],[14.6435,36.378],[14.64464,36.37721],[14.64588,36.37635],[14.64799,36.37487],[14.64914,36.37407],[14.65019,36.37333],[14.65133,36.37252],[14.65854,36.36736],[14.66573,36.36221],[14.67292,36.35707],[14.68012,36.35192],[14.68731,36.34678],[14.6945,36.34163],[14.70169,36.33649],[14.70888,36.33134],[14.71607,36.3262],[14.72327,36.32105],[14.73046,36.31591],[14.73765,36.31076],[14.74484,36.30562],[14.75203,36.30047],[14.75922,36.29533],[14.76642,36.29018],[14.77361,36.28504],[14.7808,36.27989],[14.78799,36.27475],[14.79518,36.2696],[14.80238,36.26446],[14.80957,36.25931],[14.81676,36.25417],[14.82397,36.24901],[14.82515,36.24816],[14.82624,36.24737],[14.82742,36.24651],[14.83126,36.24369],[14.83326,36.24232],[14.83531,36.24089],[14.83753,36.23933],[14.8446,36.23429],[14.85165,36.22926],[14.85871,36.22423],[14.86576,36.2192],[14.87281,36.21417],[14.87989,36.20913],[14.88237,36.2073],[14.88331,36.20667],[14.88379,36.20634],[14.88478,36.20567],[14.88515,36.20541],[14.8859,36.2049],[14.89135,36.20107],[14.89603,36.19759],[14.89656,36.19722],[14.89762,36.19647],[14.89878,36.19566],[14.90022,36.19464],[14.90155,36.19369],[14.90278,36.1928],[14.90411,36.19184],[14.90561,36.19075],[14.90644,36.19014],[14.90721,36.18958],[14.90803,36.18897],[14.90869,36.18848],[14.91012,36.18741],[14.91144,36.18642],[14.91286,36.18535],[14.9142,36.18433],[14.91545,36.18336],[14.9166,36.18247],[14.91785,36.18151],[14.91871,36.18083],[14.91944,36.18026],[14.92011,36.17973],[14.92083,36.17916],[14.9225,36.17783],[14.92405,36.17659],[14.92547,36.17544],[14.927,36.17419],[14.92799,36.17338],[14.92964,36.17201],[14.93116,36.17074],[14.93279,36.16936],[14.93558,36.16699],[14.93842,36.16454],[14.9397,36.16341],[14.94216,36.16131],[14.94581,36.15821],[14.94983,36.15471],[14.95376,36.15114],[14.95734,36.14781],[14.96193,36.14342],[14.96264,36.14272],[14.96341,36.14196],[14.96629,36.13911],[14.96993,36.13555],[14.97452,36.13093],[14.97869,36.12662],[14.98312,36.12191],[14.988,36.11656],[14.99033,36.11397],[14.99246,36.11156],[14.99474,36.10894],[14.99891,36.10408],[15.00333,36.09876],[15.00731,36.09381],[15.01153,36.08838],[15.01534,36.08333],[15.0173,36.08069],[15.01909,36.07823],[15.02251,36.0734],[15.02389,36.07139],[15.02536,36.06921],[15.02793,36.06537],[15.03066,36.06119],[15.03312,36.0573],[15.03573,36.05306],[15.03809,36.04913],[15.04059,36.04485],[15.04284,36.04088],[15.04522,36.03656],[15.04737,36.03255],[15.04963,36.02819],[15.05166,36.02414],[15.05381,36.01973],[15.05574,36.01565],[15.05671,36.01356],[15.0576,36.01162],[15.05956,36.00716],[15.06049,36.00498],[15.06148,36.00262],[15.06319,35.99847],[15.06497,35.99397],[15.06657,35.98979],[15.06823,35.98525],[15.06971,35.98105],[15.07125,35.97648],[15.07261,35.97225],[15.07403,35.96766],[15.07528,35.96341],[15.07658,35.95879],[15.07771,35.95451],[15.07888,35.94988],[15.07991,35.94558],[15.08041,35.94339],[15.08087,35.94136],[15.08239,35.93387],[15.08327,35.92898],[15.08415,35.92368],[15.08453,35.92109],[15.08498,35.91825],[15.08557,35.91422],[15.08607,35.91019],[15.08612,35.90967],[15.08621,35.90906],[15.08664,35.90573],[15.08694,35.90321],[15.08702,35.90256],[15.08709,35.90195],[15.08717,35.90129],[15.08731,35.90006],[15.08769,35.89635],[15.08787,35.89433],[15.08821,35.89077],[15.08843,35.88816],[15.08861,35.88591],[15.08878,35.88347],[15.08882,35.88286],[15.08904,35.87892],[15.08919,35.87529],[15.08932,35.87135],[15.08939,35.8676],[15.08941,35.86684],[15.08942,35.86614],[15.08943,35.86538],[15.08943,35.86476],[15.08945,35.86329],[15.08945,35.86193],[15.08942,35.85801],[15.08938,35.85575],[15.08931,35.8533],[15.08921,35.84998],[15.08918,35.84918],[15.08915,35.84843],[15.08912,35.84763],[15.08908,35.84679],[15.08891,35.84333],[15.08871,35.84013],[15.08846,35.83667],[15.08821,35.83357],[15.08814,35.83269],[15.08807,35.83187],[15.08799,35.83099],[15.08793,35.83036],[15.0878,35.82895],[15.08767,35.82764],[15.08752,35.82622],[15.08743,35.82537],[15.08716,35.82301],[15.0869,35.82083],[15.0866,35.81847],[15.08627,35.81603],[15.08617,35.81532],[15.08608,35.81467],[15.08598,35.81396],[15.08589,35.81334],[15.08569,35.81192],[15.08549,35.81061],[15.08527,35.8092],[15.08507,35.80793],[15.08467,35.80552],[15.08429,35.80329],[15.08385,35.80089],[15.08347,35.79886],[15.08334,35.79814],[15.08321,35.79745],[15.08198,35.79102],[15.08187,35.79045],[15.08166,35.78937],[15.08143,35.7882],[15.0801,35.7816],[15.07975,35.7799],[15.07942,35.77832],[15.07939,35.77819],[15.07922,35.77727],[15.07857,35.77389],[15.07794,35.77077],[15.077,35.76635],[15.07594,35.76194],[15.07541,35.75985],[15.07494,35.75794],[15.07426,35.75507],[15.07293,35.74977],[15.07145,35.7445],[15.06855,35.73479],[15.0669,35.72954],[15.06508,35.72434],[15.06356,35.72014],[15.06185,35.71562],[15.06021,35.71146],[15.05837,35.70696],[15.05663,35.70283],[15.05572,35.70072],[15.05487,35.69877],[15.052,35.69252],[15.05017,35.68871],[15.0481,35.68452],[15.04592,35.68037],[15.04495,35.67857],[15.04353,35.67579],[15.04069,35.67064],[15.03957,35.6684],[15.03792,35.66522],[15.0377,35.66477],[15.0366,35.66259],[15.03557,35.66057],[15.03444,35.65839],[15.03393,35.65742],[15.03348,35.65657],[15.03307,35.65579],[15.03261,35.65494],[15.03095,35.65185],[15.02929,35.64883],[15.02774,35.64606],[15.02602,35.64306],[15.02419,35.63992],[15.02269,35.63739],[15.02132,35.63512],[15.01941,35.63201],[15.01516,35.62523],[15.01282,35.62158],[15.01039,35.61797],[15.00834,35.61497],[15.00729,35.61346],[15.00631,35.61206],[15.0037,35.60842],[15.00226,35.60645],[15.00068,35.60432],[14.99788,35.60059],[14.9948,35.59658],[14.9919,35.5929],[14.98872,35.58895],[14.98572,35.58532],[14.98243,35.58142],[14.97934,35.57785],[14.97594,35.57402],[14.97276,35.5705],[14.97019,35.56771],[14.96779,35.56514],[14.96248,35.55965],[14.95997,35.55715],[14.95555,35.55288],[14.95454,35.55188],[14.95284,35.55023],[14.95086,35.54832],[14.94924,35.54678],[14.94746,35.54511],[14.94686,35.54455],[14.94626,35.54399],[14.94571,35.54348],[14.9451,35.54292],[14.94374,35.54167],[14.94293,35.54092],[14.94218,35.54024],[14.94136,35.5395],[14.93976,35.53805],[14.9378,35.5363],[14.93599,35.5347],[14.93401,35.53297],[14.93255,35.53171],[14.93087,35.53027],[14.9293,35.52894],[14.92759,35.52751],[14.92533,35.52562],[14.9233,35.52394],[14.92141,35.5224],[14.91935,35.52074],[14.91843,35.52001],[14.91657,35.51854],[14.91484,35.51718],[14.91295,35.51572],[14.90982,35.51332],[14.906,35.51045],[14.90245,35.50782],[14.89856,35.50501],[14.89484,35.50237],[14.89289,35.501],[14.89109,35.49974],[14.88682,35.49683],[14.88467,35.4954],[14.88233,35.49386],[14.87815,35.49113],[14.87358,35.48822],[14.86933,35.48557],[14.86469,35.48274],[14.86037,35.48016],[14.85565,35.47742],[14.85126,35.47492],[14.84648,35.47226],[14.84202,35.46984],[14.83718,35.46727],[14.83267,35.46494],[14.82776,35.46245],[14.82319,35.46019],[14.82076,35.45901],[14.81851,35.45793],[14.81394,35.45577],[14.81197,35.45486],[14.80983,35.45389],[14.80653,35.4524],[14.80545,35.45192],[14.80445,35.45148],[14.80338,35.451],[14.80181,35.45031],[14.80002,35.44953],[14.79957,35.44933],[14.79905,35.44908],[14.79371,35.44654],[14.78789,35.44384],[14.78382,35.44201],[14.7794,35.44007],[14.77529,35.43831],[14.77082,35.43643],[14.76668,35.43473],[14.76443,35.43382],[14.76235,35.43299],[14.76009,35.43209],[14.7527,35.4292],[14.74974,35.42806],[14.74699,35.42702],[14.744,35.42591],[14.73848,35.42389],[14.73246,35.42175],[14.72688,35.41984],[14.7208,35.41783],[14.71516,35.41603],[14.71216,35.41508],[14.70937,35.41423],[14.70357,35.4125],[14.701,35.41177],[14.69821,35.41098],[14.69316,35.40958],[14.68766,35.40812],[14.68256,35.40681],[14.67703,35.40544],[14.6719,35.40423],[14.66912,35.40358],[14.66654,35.40299],[14.66376,35.40237],[14.66304,35.40221],[14.66024,35.40162],[14.65765,35.40108],[14.65484,35.4005],[14.64965,35.39947],[14.64401,35.3984],[14.6388,35.39746],[14.63313,35.39649],[14.62789,35.39564],[14.62508,35.39519],[14.62248,35.3948],[14.61678,35.39398],[14.61412,35.39362],[14.61124,35.39325],[14.60596,35.39258],[14.59956,35.39187],[14.59518,35.39117],[14.58655,35.38978],[14.57792,35.38838],[14.56929,35.38699],[14.56066,35.3856],[14.55203,35.3842],[14.54664,35.38333],[14.5453,35.38303],[14.54014,35.3819],[14.53453,35.38073],[14.52935,35.3797],[14.52371,35.37863],[14.5185,35.37769],[14.51284,35.37672],[14.5076,35.37587],[14.50479,35.37543],[14.50219,35.37503],[14.4965,35.37421],[14.49384,35.37385],[14.49095,35.37348],[14.48568,35.37282],[14.47995,35.37215],[14.47466,35.37158],[14.46892,35.37102],[14.46361,35.37054],[14.45785,35.37008],[14.45254,35.3697],[14.44677,35.36934],[14.44144,35.36906],[14.43567,35.3688],[14.43034,35.36861],[14.42456,35.36846],[14.41922,35.36836],[14.41633,35.36833],[14.41366,35.3683],[14.40795,35.3683],[14.40535,35.36832],[14.40253,35.36836],[14.39732,35.36845],[14.39168,35.3686],[14.38648,35.36878],[14.38085,35.36902],[14.37565,35.3693],[14.37284,35.36945],[14.37024,35.36961],[14.36743,35.3698],[14.36635,35.36987],[14.36339,35.37009],[14.36067,35.3703],[14.35772,35.37055],[14.35229,35.37103],[14.3464,35.3716],[14.34098,35.37218],[14.33511,35.37286],[14.3297,35.37353],[14.32675,35.37391],[14.32402,35.37428],[14.31826,35.37511],[14.31566,35.37551],[14.31285,35.37595],[14.30761,35.3768],[14.30195,35.37777],[14.29674,35.37871],[14.29111,35.37978],[14.28592,35.38081],[14.28075,35.38189],[14.27562,35.38305],[14.26616,35.38526],[14.26038,35.38668],[14.25701,35.38754],[14.25636,35.3877],[14.2532,35.38851],[14.25046,35.38923],[14.24793,35.38991],[14.24519,35.39065],[14.24327,35.39118],[14.24172,35.39161],[14.24028,35.39202],[14.23871,35.39247],[14.23794,35.39269],[14.2376,35.39279],[14.23599,35.39325],[14.23478,35.3936],[14.23369,35.39392],[14.23228,35.39434],[14.23123,35.39465],[14.22863,35.39544],[14.22626,35.39617],[14.22371,35.39698],[14.21982,35.39821],[14.21371,35.40023],[14.2081,35.40214],[14.20206,35.40428],[14.20148,35.40449],[14.20028,35.40493],[14.19918,35.40534],[14.19799,35.40578],[14.19733,35.40603],[14.19648,35.40635],[14.19569,35.40665],[14.19484,35.40698],[14.19453,35.40709],[14.19395,35.4073],[14.19176,35.40811],[14.18975,35.40886],[14.18763,35.40966],[14.18394,35.41106],[14.17575,35.41433],[14.16824,35.41745],[14.16018,35.42094],[14.15655,35.42258],[14.15452,35.42351],[14.15265,35.42437],[14.14822,35.42646],[14.146,35.42753],[14.14361,35.4287],[14.13907,35.43094],[14.13418,35.43341],[14.1297,35.43573],[14.12488,35.43828],[14.12046,35.44068],[14.11571,35.44332],[14.11136,35.4458],[14.10668,35.44852],[14.10239,35.45107],[14.09778,35.45388],[14.09356,35.4565],[14.08903,35.45939],[14.08488,35.46209],[14.08263,35.46357],[14.08057,35.46494],[14.07832,35.46645],[14.07755,35.46698],[14.07516,35.46862],[14.07314,35.47003],[14.07095,35.47157],[14.06685,35.47449],[14.06249,35.47766],[14.05851,35.48063],[14.05424,35.48388],[14.05036,35.48689],[14.04621,35.49019],[14.04241,35.49327],[14.03835,35.49664],[14.03464,35.49979],[14.03066,35.50323],[14.02704,35.50645],[14.02315,35.50996],[14.01961,35.51324],[14.01762,35.5151],[14.0158,35.51682],[14.01229,35.52021],[14.01088,35.5216],[14.00936,35.52312],[14.00642,35.52607],[14.00327,35.5293],[14.00039,35.5323],[13.99732,35.53557],[13.99451,35.53862],[13.99151,35.54194],[13.98878,35.54503],[13.98586,35.5484],[13.9832,35.55153],[13.98035,35.55494],[13.97776,35.55811],[13.975,35.56157],[13.97249,35.56478],[13.97113,35.56652],[13.9699,35.56814],[13.96856,35.56989],[13.96324,35.57698],[13.95789,35.5841],[13.95255,35.59122],[13.9472,35.59833],[13.94185,35.60545],[13.93651,35.61257],[13.93116,35.61968],[13.92581,35.6268],[13.92047,35.63392],[13.91512,35.64103],[13.9146,35.64173],[13.90877,35.64779],[13.90273,35.65408],[13.89669,35.66036],[13.89064,35.66665],[13.8846,35.67293],[13.87856,35.67921],[13.87252,35.6855],[13.86647,35.69178],[13.86043,35.69807],[13.85439,35.70435],[13.84835,35.71063],[13.8423,35.71692],[13.83626,35.7232],[13.83022,35.72949],[13.82418,35.73577],[13.81813,35.74205],[13.81209,35.74834],[13.80605,35.75462],[13.80099,35.75988],[13.79985,35.76093],[13.79786,35.76279],[13.79602,35.76452],[13.79227,35.76814],[13.79064,35.76975],[13.78888,35.7715],[13.78551,35.7749],[13.7819,35.77861],[13.77862,35.78207],[13.77511,35.78585],[13.77192,35.78936],[13.76851,35.7932],[13.76542,35.79677],[13.76212,35.80067],[13.75911,35.80429],[13.75592,35.80825],[13.75301,35.81192],[13.74992,35.81593],[13.74712,35.81966],[13.74554,35.82179],[13.74409,35.82376],[13.74116,35.82785],[13.7399,35.82966],[13.73855,35.83162],[13.73595,35.83544],[13.73318,35.83961],[13.73068,35.84347],[13.72803,35.84769],[13.72563,35.8516],[13.72309,35.85586],[13.7208,35.85981],[13.71837,35.86412],[13.71618,35.86811],[13.71387,35.87246],[13.71179,35.87649],[13.7096,35.88087],[13.70763,35.88494],[13.70652,35.88727],[13.70551,35.88942],[13.70235,35.89653],[13.7005,35.90095],[13.69855,35.90575],[13.69641,35.91128],[13.69426,35.91709],[13.69236,35.92248],[13.69041,35.92833],[13.6903,35.92869],[13.68913,35.93217],[13.68836,35.93455],[13.68711,35.93863],[13.68599,35.9424],[13.68392,35.94998],[13.68331,35.9524],[13.68303,35.9535],[13.68265,35.95504],[13.68218,35.95699],[13.68169,35.95891],[13.68072,35.96289],[13.67984,35.96689],[13.67938,35.96913],[13.67889,35.97156],[13.67806,35.97586],[13.67673,35.98363],[13.67623,35.98703],[13.67589,35.98916],[13.6752,35.99396],[13.67463,35.99877],[13.67398,36.00509],[13.67384,36.00645],[13.67372,36.00769],[13.67369,36.00806],[13.67363,36.00865],[13.6734,36.01139],[13.67316,36.0144],[13.67296,36.01679],[13.67281,36.01877],[13.67238,36.02181]],[[14.23167,36.08236],[14.22329,36.0819],[14.22301,36.082],[14.22287,36.08188],[14.22261,36.08186],[14.21268,36.08039],[14.20931,36.08005],[14.20696,36.07944],[14.20331,36.07881],[14.18547,36.07489],[14.18545,36.07486],[14.18397,36.07486],[14.18292,36.0717],[14.18377,36.06375],[14.18427,36.06361],[14.18634,36.03782],[14.18603,36.03745],[14.1867,36.03516],[14.1868,36.03516],[14.18847,36.03447],[14.336,35.88024],[14.3359,35.87933],[14.3397,35.8754],[14.40528,35.78747],[14.40589,35.78706],[14.40656,35.78683],[14.40793,35.78683],[14.40791,35.78671],[14.40816,35.78634],[14.40968,35.78588],[14.41077,35.78581],[14.41159,35.78706],[14.41155,35.78712],[14.52701,35.80576],[14.53104,35.80558],[14.53176,35.80573],[14.53917,35.80863],[14.54109,35.80996],[14.56089,35.81858],[14.56225,35.81983],[14.57228,35.83988],[14.57281,35.84007],[14.5726,35.84053],[14.57275,35.84083],[14.57644,35.86064],[14.57654,35.86115],[14.57655,35.86115],[14.57655,35.86116],[14.57667,35.86178],[14.57511,35.86689],[14.57568,35.86702],[14.57584,35.86734],[14.57094,35.87267],[14.56265,35.87998],[14.56212,35.88016],[14.55153,35.88768],[14.55092,35.88847],[14.55009,35.88871],[14.49133,35.93047],[14.31067,36.05933],[14.25189,36.08008],[14.23888,36.08175],[14.23683,36.08225],[14.23587,36.0821],[14.23167,36.08236]]]}},{"type":"Feature","properties":{"zone":"within_25nm","area_km2_utm33n":11691.3,"source":"As fmz, but including internal waters"},"geometry":{"type":"Polygon","coordinates":[[[13.67238,36.02181],[13.67179,36.02648],[13.67088,36.03443],[13.67063,36.03677],[13.67041,36.03894],[13.6702,36.04129],[13.66982,36.04563],[13.66947,36.05032],[13.66921,36.05467],[13.66899,36.05937],[13.66885,36.06372],[13.66878,36.06621],[13.66874,36.06851],[13.66871,36.07323],[13.66873,36.07529],[13.66876,36.07752],[13.66885,36.08189],[13.66901,36.08663],[13.66922,36.09099],[13.6695,36.09572],[13.66983,36.10009],[13.67024,36.10481],[13.67068,36.10917],[13.67122,36.11388],[13.67178,36.11823],[13.67245,36.12293],[13.67313,36.12727],[13.67392,36.13196],[13.67471,36.13629],[13.67518,36.13876],[13.67564,36.14104],[13.67663,36.14573],[13.67709,36.14778],[13.6776,36.14999],[13.67864,36.15433],[13.67982,36.15901],[13.68098,36.16332],[13.68229,36.16798],[13.68356,36.17227],[13.68426,36.17459],[13.68492,36.17673],[13.68566,36.17904],[13.68668,36.1822],[13.68744,36.18447],[13.68814,36.18655],[13.68893,36.18881],[13.6904,36.19297],[13.69205,36.19747],[13.69363,36.20161],[13.69541,36.20607],[13.6971,36.21018],[13.69809,36.21252],[13.69901,36.21468],[13.70098,36.21911],[13.70186,36.22105],[13.70284,36.22314],[13.70477,36.22723],[13.70692,36.23163],[13.70896,36.23568],[13.71123,36.24004],[13.71338,36.24405],[13.71576,36.24837],[13.71802,36.25234],[13.72053,36.25662],[13.72289,36.26055],[13.72551,36.26479],[13.72798,36.26867],[13.73071,36.27286],[13.73328,36.2767],[13.73476,36.27888],[13.73615,36.28089],[13.73905,36.285],[13.74035,36.28679],[13.74176,36.28872],[13.74454,36.29247],[13.74761,36.2965],[13.75049,36.3002],[13.75367,36.30418],[13.75665,36.30782],[13.75993,36.31174],[13.76301,36.31533],[13.76639,36.31919],[13.76957,36.32273],[13.77306,36.32653],[13.77633,36.33001],[13.77993,36.33375],[13.78329,36.33717],[13.78521,36.3391],[13.78699,36.34087],[13.79073,36.3445],[13.79241,36.34609],[13.79423,36.34781],[13.79778,36.35111],[13.80167,36.35464],[13.8053,36.35788],[13.80929,36.36135],[13.81301,36.36452],[13.81709,36.36792],[13.8209,36.37102],[13.82507,36.37434],[13.82896,36.37738],[13.83322,36.38063],[13.83719,36.38359],[13.84154,36.38676],[13.84559,36.38966],[13.84788,36.39127],[13.85,36.39276],[13.85448,36.39581],[13.85648,36.39715],[13.85867,36.39859],[13.86287,36.40134],[13.86747,36.40428],[13.87175,36.40695],[13.87642,36.4098],[13.88077,36.4124],[13.88552,36.41517],[13.88995,36.41769],[13.89477,36.42037],[13.89926,36.42281],[13.90416,36.42541],[13.90871,36.42777],[13.91368,36.43028],[13.91829,36.43256],[13.92088,36.43382],[13.92327,36.43497],[13.92834,36.43735],[13.93062,36.43839],[13.93311,36.43951],[13.93784,36.44163],[13.943,36.44387],[13.9478,36.4459],[13.95302,36.44805],[13.95787,36.44999],[13.96314,36.45205],[13.96804,36.45391],[13.97338,36.45587],[13.97833,36.45764],[13.98371,36.45951],[13.98871,36.46119],[13.99414,36.46296],[13.99918,36.46456],[14.00197,36.46542],[14.00456,36.46621],[14.01006,36.46784],[14.01256,36.46855],[14.01527,36.46931],[14.0204,36.47073],[14.02597,36.47221],[14.03113,36.47353],[14.03673,36.47491],[14.04193,36.47614],[14.04901,36.47773],[14.05557,36.47913],[14.06271,36.48056],[14.06555,36.48107],[14.06667,36.48131],[14.07613,36.48319],[14.07968,36.48384],[14.08133,36.48416],[14.08373,36.48466],[14.08604,36.48513],[14.08855,36.48562],[14.08938,36.48579],[14.0907,36.48604],[14.09192,36.48627],[14.09325,36.48653],[14.09582,36.487],[14.09631,36.4871],[14.09821,36.48745],[14.10249,36.48821],[14.10644,36.48888],[14.11072,36.48959],[14.11307,36.48996],[14.11365,36.49005],[14.11419,36.49013],[14.11477,36.49022],[14.11587,36.49039],[14.11748,36.49064],[14.12348,36.49147],[14.12435,36.49162],[14.12555,36.49181],[14.12705,36.49204],[14.12861,36.49228],[14.13354,36.493],[14.13474,36.49317],[14.1378,36.49358],[14.14066,36.49395],[14.14221,36.49414],[14.14349,36.4943],[14.14808,36.49483],[14.15199,36.49535],[14.15868,36.49608],[14.15959,36.49618],[14.16103,36.49632],[14.16236,36.49645],[14.16379,36.49658],[14.16434,36.49663],[14.16545,36.49673],[14.16647,36.49682],[14.16756,36.49691],[14.17148,36.49724],[14.17535,36.49755],[14.17892,36.49781],[14.1828,36.49807],[14.18492,36.4982],[14.18625,36.49828],[14.18747,36.49834],[14.1888,36.49842],[14.18935,36.49845],[14.19103,36.49853],[14.19258,36.49861],[14.19427,36.49868],[14.197,36.4988],[14.19977,36.4989],[14.20234,36.49899],[14.20511,36.49908],[14.20612,36.4991],[14.20814,36.49915],[14.21001,36.49918],[14.21077,36.4992],[14.21229,36.49923],[14.21532,36.49926],[14.21992,36.49939],[14.22525,36.4995],[14.22735,36.49953],[14.22984,36.49956],[14.23568,36.49958],[14.24153,36.4995],[14.24171,36.4995],[14.24309,36.49949],[14.2437,36.49949],[14.24781,36.49945],[14.24944,36.49942],[14.25227,36.49936],[14.25598,36.49926],[14.26301,36.49901],[14.26394,36.49897],[14.26616,36.49886],[14.27,36.49865],[14.27415,36.4984],[14.27485,36.49836],[14.28069,36.49792],[14.28381,36.49766],[14.28795,36.49729],[14.29021,36.49707],[14.29214,36.49687],[14.29305,36.49678],[14.29485,36.49666],[14.30117,36.4961],[14.30323,36.4959],[14.30461,36.49576],[14.30641,36.49558],[14.30833,36.49538],[14.31041,36.49516],[14.31127,36.49506],[14.31544,36.49457],[14.31928,36.4941],[14.32341,36.49356],[14.32881,36.49283],[14.33219,36.49241],[14.33432,36.49214],[14.33679,36.49182],[14.33907,36.49151],[14.34445,36.49074],[14.34714,36.49033],[14.35005,36.48987],[14.35536,36.48901],[14.3611,36.48804],[14.36638,36.48708],[14.37209,36.486],[14.37735,36.48496],[14.38302,36.48378],[14.38825,36.48264],[14.3939,36.48136],[14.39909,36.48013],[14.4047,36.47875],[14.40986,36.47743],[14.41543,36.47595],[14.42055,36.47453],[14.42327,36.47377],[14.42577,36.47306],[14.43087,36.47156],[14.43307,36.47089],[14.43546,36.47015],[14.43902,36.46904],[14.44093,36.46843],[14.44269,36.46787],[14.4446,36.46725],[14.44605,36.46678],[14.44876,36.46588],[14.45126,36.46503],[14.45396,36.46411],[14.45599,36.4634],[14.46404,36.4606],[14.46522,36.46019],[14.46636,36.45979],[14.47476,36.45682],[14.48314,36.45386],[14.49153,36.45089],[14.49991,36.44793],[14.50829,36.44497],[14.5167,36.442],[14.52017,36.44075],[14.52338,36.43957],[14.52683,36.43828],[14.53319,36.43586],[14.54003,36.43315],[14.54631,36.43058],[14.55305,36.42772],[14.55923,36.42501],[14.56249,36.42355],[14.56548,36.42219],[14.57131,36.41947],[14.57371,36.41832],[14.57629,36.41706],[14.58091,36.41478],[14.58587,36.41227],[14.59042,36.40991],[14.59532,36.40731],[14.59981,36.40487],[14.60463,36.40218],[14.60906,36.39967],[14.61381,36.3969],[14.61816,36.3943],[14.62283,36.39145],[14.62711,36.38877],[14.63171,36.38584],[14.63591,36.38309],[14.63809,36.38165],[14.6401,36.38031],[14.6435,36.378],[14.64464,36.37721],[14.64588,36.37635],[14.64799,36.37487],[14.64914,36.37407],[14.65019,36.37333],[14.65133,36.37252],[14.65854,36.36736],[14.66573,36.36221],[14.67292,36.35707],[14.68012,36.35192],[14.68731,36.34678],[14.6945,36.34163],[14.70169,36.33649],[14.70888,36.33134],[14.71607,36.3262],[14.72327,36.32105],[14.73046,36.31591],[14.73765,36.31076],[14.74484,36.30562],[14.75203,36.30047],[14.75922,36.29533],[14.76642,36.29018],[14.77361,36.28504],[14.7808,36.27989],[14.78799,36.27475],[14.79518,36.2696],[14.80238,36.26446],[14.80957,36.25931],[14.81676,36.25417],[14.82397,36.24901],[14.82515,36.24816],[14.82624,36.24737],[14.82742,36.24651],[14.83126,36.24369],[14.83326,36.24232],[14.83531,36.24089],[14.83753,36.23933],[14.8446,36.23429],[14.85165,36.22926],[14.85871,36.22423],[14.86576,36.2192],[14.87281,36.21417],[14.87989,36.20913],[14.88237,36.2073],[14.88331,36.20667],[14.88379,36.20634],[14.88478,36.20567],[14.88515,36.20541],[14.8859,36.2049],[14.89135,36.20107],[14.89603,36.19759],[14.89656,36.19722],[14.89762,36.19647],[14.89878,36.19566],[14.90022,36.19464],[14.90155,36.19369],[14.90278,36.1928],[14.90411,36.19184],[14.90561,36.19075],[14.90644,36.19014],[14.90721,36.18958],[14.90803,36.18897],[14.90869,36.18848],[14.91012,36.18741],[14.91144,36.18642],[14.91286,36.18535],[14.9142,36.18433],[14.91545,36.18336],[14.9166,36.18247],[14.91785,36.18151],[14.91871,36.18083],[14.91944,36.18026],[14.92011,36.17973],[14.92083,36.17916],[14.9225,36.17783],[14.92405,36.17659],[14.92547,36.17544],[14.927,36.17419],[14.92799,36.17338],[14.92964,36.17201],[14.93116,36.17074],[14.93279,36.16936],[14.93558,36.16699],[14.93842,36.16454],[14.9397,36.16341],[14.94216,36.16131],[14.94581,36.15821],[14.94983,36.15471],[14.95376,36.15114],[14.95734,36.14781],[14.96193,36.14342],[14.96264,36.14272],[14.96341,36.14196],[14.96629,36.13911],[14.96993,36.13555],[14.97452,36.13093],[14.97869,36.12662],[14.98312,36.12191],[14.988,36.11656],[14.99033,36.11397],[14.99246,36.11156],[14.99474,36.10894],[14.99891,36.10408],[15.00333,36.09876],[15.00731,36.09381],[15.01153,36.08838],[15.01534,36.08333],[15.0173,36.08069],[15.01909,36.07823],[15.02251,36.0734],[15.02389,36.07139],[15.02536,36.06921],[15.02793,36.06537],[15.03066,36.06119],[15.03312,36.0573],[15.03573,36.05306],[15.03809,36.04913],[15.04059,36.04485],[15.04284,36.04088],[15.04522,36.03656],[15.04737,36.03255],[15.04963,36.02819],[15.05166,36.02414],[15.05381,36.01973],[15.05574,36.01565],[15.05671,36.01356],[15.0576,36.01162],[15.05956,36.00716],[15.06049,36.00498],[15.06148,36.00262],[15.06319,35.99847],[15.06497,35.99397],[15.06657,35.98979],[15.06823,35.98525],[15.06971,35.98105],[15.07125,35.97648],[15.07261,35.97225],[15.07403,35.96766],[15.07528,35.96341],[15.07658,35.95879],[15.07771,35.95451],[15.07888,35.94988],[15.07991,35.94558],[15.08041,35.94339],[15.08087,35.94136],[15.08239,35.93387],[15.08327,35.92898],[15.08415,35.92368],[15.08453,35.92109],[15.08498,35.91825],[15.08557,35.91422],[15.08607,35.91019],[15.08612,35.90967],[15.08621,35.90906],[15.08664,35.90573],[15.08694,35.90321],[15.08702,35.90256],[15.08709,35.90195],[15.08717,35.90129],[15.08731,35.90006],[15.08769,35.89635],[15.08787,35.89433],[15.08821,35.89077],[15.08843,35.88816],[15.08861,35.88591],[15.08878,35.88347],[15.08882,35.88286],[15.08904,35.87892],[15.08919,35.87529],[15.08932,35.87135],[15.08939,35.8676],[15.08941,35.86684],[15.08942,35.86614],[15.08943,35.86538],[15.08943,35.86476],[15.08945,35.86329],[15.08945,35.86193],[15.08942,35.85801],[15.08938,35.85575],[15.08931,35.8533],[15.08921,35.84998],[15.08918,35.84918],[15.08915,35.84843],[15.08912,35.84763],[15.08908,35.84679],[15.08891,35.84333],[15.08871,35.84013],[15.08846,35.83667],[15.08821,35.83357],[15.08814,35.83269],[15.08807,35.83187],[15.08799,35.83099],[15.08793,35.83036],[15.0878,35.82895],[15.08767,35.82764],[15.08752,35.82622],[15.08743,35.82537],[15.08716,35.82301],[15.0869,35.82083],[15.0866,35.81847],[15.08627,35.81603],[15.08617,35.81532],[15.08608,35.81467],[15.08598,35.81396],[15.08589,35.81334],[15.08569,35.81192],[15.08549,35.81061],[15.08527,35.8092],[15.08507,35.80793],[15.08467,35.80552],[15.08429,35.80329],[15.08385,35.80089],[15.08347,35.79886],[15.08334,35.79814],[15.08321,35.79745],[15.08198,35.79102],[15.08187,35.79045],[15.08166,35.78937],[15.08143,35.7882],[15.0801,35.7816],[15.07975,35.7799],[15.07942,35.77832],[15.07939,35.77819],[15.07922,35.77727],[15.07857,35.77389],[15.07794,35.77077],[15.077,35.76635],[15.07594,35.76194],[15.07541,35.75985],[15.07494,35.75794],[15.07426,35.75507],[15.07293,35.74977],[15.07145,35.7445],[15.06855,35.73479],[15.0669,35.72954],[15.06508,35.72434],[15.06356,35.72014],[15.06185,35.71562],[15.06021,35.71146],[15.05837,35.70696],[15.05663,35.70283],[15.05572,35.70072],[15.05487,35.69877],[15.052,35.69252],[15.05017,35.68871],[15.0481,35.68452],[15.04592,35.68037],[15.04495,35.67857],[15.04353,35.67579],[15.04069,35.67064],[15.03957,35.6684],[15.03792,35.66522],[15.0377,35.66477],[15.0366,35.66259],[15.03557,35.66057],[15.03444,35.65839],[15.03393,35.65742],[15.03348,35.65657],[15.03307,35.65579],[15.03261,35.65494],[15.03095,35.65185],[15.02929,35.64883],[15.02774,35.64606],[15.02602,35.64306],[15.02419,35.63992],[15.02269,35.63739],[15.02132,35.63512],[15.01941,35.63201],[15.01516,35.62523],[15.01282,35.62158],[15.01039,35.61797],[15.00834,35.61497],[15.00729,35.61346],[15.00631,35.61206],[15.0037,35.60842],[15.00226,35.60645],[15.00068,35.60432],[14.99788,35.60059],[14.9948,35.59658],[14.9919,35.5929],[14.98872,35.58895],[14.98572,35.58532],[14.98243,35.58142],[14.97934,35.57785],[14.97594,35.57402],[14.97276,35.5705],[14.97019,35.56771],[14.96779,35.56514],[14.96248,35.55965],[14.95997,35.55715],[14.95555,35.55288],[14.95454,35.55188],[14.95284,35.55023],[14.95086,35.54832],[14.94924,35.54678],[14.94746,35.54511],[14.94686,35.54455],[14.94626,35.54399],[14.94571,35.54348],[14.9451,35.54292],[14.94374,35.54167],[14.94293,35.54092],[14.94218,35.54024],[14.94136,35.5395],[14.93976,35.53805],[14.9378,35.5363],[14.93599,35.5347],[14.93401,35.53297],[14.93255,35.53171],[14.93087,35.53027],[14.9293,35.52894],[14.92759,35.52751],[14.92533,35.52562],[14.9233,35.52394],[14.92141,35.5224],[14.91935,35.52074],[14.91843,35.52001],[14.91657,35.51854],[14.91484,35.51718],[14.91295,35.51572],[14.90982,35.51332],[14.906,35.51045],[14.90245,35.50782],[14.89856,35.50501],[14.89484,35.50237],[14.89289,35.501],[14.89109,35.49974],[14.88682,35.49683],[14.88467,35.4954],[14.88233,35.49386],[14.87815,35.49113],[14.87358,35.48822],[14.86933,35.48557],[14.86469,35.48274],[14.86037,35.48016],[14.85565,35.47742],[14.85126,35.47492],[14.84648,35.47226],[14.84202,35.46984],[14.83718,35.46727],[14.83267,35.46494],[14.82776,35.46245],[14.82319,35.46019],[14.82076,35.45901],[14.81851,35.45793],[14.81394,35.45577],[14.81197,35.45486],[14.80983,35.45389],[14.80653,35.4524],[14.80545,35.45192],[14.80445,35.45148],[14.80338,35.451],[14.80181,35.45031],[14.80002,35.44953],[14.79957,35.44933],[14.79905,35.44908],[14.79371,35.44654],[14.78789,35.44384],[14.78382,35.44201],[14.7794,35.44007],[14.77529,35.43831],[14.77082,35.43643],[14.76668,35.43473],[14.76443,35.43382],[14.76235,35.43299],[14.76009,35.43209],[14.7527,35.4292],[14.74974,35.42806],[14.74699,35.42702],[14.744,35.42591],[14.73848,35.42389],[14.73246,35.42175],[14.72688,35.41984],[14.7208,35.41783],[14.71516,35.41603],[14.71216,35.41508],[14.70937,35.41423],[14.70357,35.4125],[14.701,35.41177],[14.69821,35.41098],[14.69316,35.40958],[14.68766,35.40812],[14.68256,35.40681],[14.67703,35.40544],[14.6719,35.40423],[14.66912,35.40358],[14.66654,35.40299],[14.66376,35.40237],[14.66304,35.40221],[14.66024,35.40162],[14.65765,35.40108],[14.65484,35.4005],[14.64965,35.39947],[14.64401,35.3984],[14.6388,35.39746],[14.63313,35.39649],[14.62789,35.39564],[14.62508,35.39519],[14.62248,35.3948],[14.61678,35.39398],[14.61412,35.39362],[14.61124,35.39325],[14.60596,35.39258],[14.59956,35.39187],[14.59518,35.39117],[14.58655,35.38978],[14.57792,35.38838],[14.56929,35.38699],[14.56066,35.3856],[14.55203,35.3842],[14.54664,35.38333],[14.5453,35.38303],[14.54014,35.3819],[14.53453,35.38073],[14.52935,35.3797],[14.52371,35.37863],[14.5185,35.37769],[14.51284,35.37672],[14.5076,35.37587],[14.50479,35.37543],[14.50219,35.37503],[14.4965,35.37421],[14.49384,35.37385],[14.49095,35.37348],[14.48568,35.37282],[14.47995,35.37215],[14.47466,35.37158],[14.46892,35.37102],[14.46361,35.37054],[14.45785,35.37008],[14.45254,35.3697],[14.44677,35.36934],[14.44144,35.36906],[14.43567,35.3688],[14.43034,35.36861],[14.42456,35.36846],[14.41922,35.36836],[14.41633,35.36833],[14.41366,35.3683],[14.40795,35.3683],[14.40535,35.36832],[14.40253,35.36836],[14.39732,35.36845],[14.39168,35.3686],[14.38648,35.36878],[14.38085,35.36902],[14.37565,35.3693],[14.37284,35.36945],[14.37024,35.36961],[14.36743,35.3698],[14.36635,35.36987],[14.36339,35.37009],[14.36067,35.3703],[14.35772,35.37055],[14.35229,35.37103],[14.3464,35.3716],[14.34098,35.37218],[14.33511,35.37286],[14.3297,35.37353],[14.32675,35.37391],[14.32402,35.37428],[14.31826,35.37511],[14.31566,35.37551],[14.31285,35.37595],[14.30761,35.3768],[14.30195,35.37777],[14.29674,35.37871],[14.29111,35.37978],[14.28592,35.38081],[14.28075,35.38189],[14.27562,35.38305],[14.26616,35.38526],[14.26038,35.38668],[14.25701,35.38754],[14.25636,35.3877],[14.2532,35.38851],[14.25046,35.38923],[14.24793,35.38991],[14.24519,35.39065],[14.24327,35.39118],[14.24172,35.39161],[14.24028,35.39202],[14.23871,35.39247],[14.23794,35.39269],[14.2376,35.39279],[14.23599,35.39325],[14.23478,35.3936],[14.23369,35.39392],[14.23228,35.39434],[14.23123,35.39465],[14.22863,35.39544],[14.22626,35.39617],[14.22371,35.39698],[14.21982,35.39821],[14.21371,35.40023],[14.2081,35.40214],[14.20206,35.40428],[14.20148,35.40449],[14.20028,35.40493],[14.19918,35.40534],[14.19799,35.40578],[14.19733,35.40603],[14.19648,35.40635],[14.19569,35.40665],[14.19484,35.40698],[14.19453,35.40709],[14.19395,35.4073],[14.19176,35.40811],[14.18975,35.40886],[14.18763,35.40966],[14.18394,35.41106],[14.17575,35.41433],[14.16824,35.41745],[14.16018,35.42094],[14.15655,35.42258],[14.15452,35.42351],[14.15265,35.42437],[14.14822,35.42646],[14.146,35.42753],[14.14361,35.4287],[14.13907,35.43094],[14.13418,35.43341],[14.1297,35.43573],[14.12488,35.43828],[14.12046,35.44068],[14.11571,35.44332],[14.11136,35.4458],[14.10668,35.44852],[14.10239,35.45107],[14.09778,35.45388],[14.09356,35.4565],[14.08903,35.45939],[14.08488,35.46209],[14.08263,35.46357],[14.08057,35.46494],[14.07832,35.46645],[14.07755,35.46698],[14.07516,35.46862],[14.07314,35.47003],[14.07095,35.47157],[14.06685,35.47449],[14.06249,35.47766],[14.05851,35.48063],[14.05424,35.48388],[14.05036,35.48689],[14.04621,35.49019],[14.04241,35.49327],[14.03835,35.49664],[14.03464,35.49979],[14.03066,35.50323],[14.02704,35.50645],[14.02315,35.50996],[14.01961,35.51324],[14.01762,35.5151],[14.0158,35.51682],[14.01229,35.52021],[14.01088,35.5216],[14.00936,35.52312],[14.00642,35.52607],[14.00327,35.5293],[14.00039,35.5323],[13.99732,35.53557],[13.99451,35.53862],[13.99151,35.54194],[13.98878,35.54503],[13.98586,35.5484],[13.9832,35.55153],[13.98035,35.55494],[13.97776,35.55811],[13.975,35.56157],[13.97249,35.56478],[13.97113,35.56652],[13.9699,35.56814],[13.96856,35.56989],[13.96324,35.57698],[13.95789,35.5841],[13.95255,35.59122],[13.9472,35.59833],[13.94185,35.60545],[13.93651,35.61257],[13.93116,35.61968],[13.92581,35.6268],[13.92047,35.63392],[13.91512,35.64103],[13.9146,35.64173],[13.90877,35.64779],[13.90273,35.65408],[13.89669,35.66036],[13.89064,35.66665],[13.8846,35.67293],[13.87856,35.67921],[13.87252,35.6855],[13.86647,35.69178],[13.86043,35.69807],[13.85439,35.70435],[13.84835,35.71063],[13.8423,35.71692],[13.83626,35.7232],[13.83022,35.72949],[13.82418,35.73577],[13.81813,35.74205],[13.81209,35.74834],[13.80605,35.75462],[13.80099,35.75988],[13.79985,35.76093],[13.79786,35.76279],[13.79602,35.76452],[13.79227,35.76814],[13.79064,35.76975],[13.78888,35.7715],[13.78551,35.7749],[13.7819,35.77861],[13.77862,35.78207],[13.77511,35.78585],[13.77192,35.78936],[13.76851,35.7932],[13.76542,35.79677],[13.76212,35.80067],[13.75911,35.80429],[13.75592,35.80825],[13.75301,35.81192],[13.74992,35.81593],[13.74712,35.81966],[13.74554,35.82179],[13.74409,35.82376],[13.74116,35.82785],[13.7399,35.82966],[13.73855,35.83162],[13.73595,35.83544],[13.73318,35.83961],[13.73068,35.84347],[13.72803,35.84769],[13.72563,35.8516],[13.72309,35.85586],[13.7208,35.85981],[13.71837,35.86412],[13.71618,35.86811],[13.71387,35.87246],[13.71179,35.87649],[13.7096,35.88087],[13.70763,35.88494],[13.70652,35.88727],[13.70551,35.88942],[13.70235,35.89653],[13.7005,35.90095],[13.69855,35.90575],[13.69641,35.91128],[13.69426,35.91709],[13.69236,35.92248],[13.69041,35.92833],[13.6903,35.92869],[13.68913,35.93217],[13.68836,35.93455],[13.68711,35.93863],[13.68599,35.9424],[13.68392,35.94998],[13.68331,35.9524],[13.68303,35.9535],[13.68265,35.95504],[13.68218,35.95699],[13.68169,35.95891],[13.68072,35.96289],[13.67984,35.96689],[13.67938,35.96913],[13.67889,35.97156],[13.67806,35.97586],[13.67673,35.98363],[13.67623,35.98703],[13.67589,35.98916],[13.6752,35.99396],[13.67463,35.99877],[13.67398,36.00509],[13.67384,36.00645],[13.67372,36.00769],[13.67369,36.00806],[13.67363,36.00865],[13.6734,36.01139],[13.67316,36.0144],[13.67296,36.01679],[13.67281,36.01877],[13.67238,36.02181]],[[14.40838,35.78684],[14.41061,35.78675],[14.41173,35.78768],[14.41078,35.78806],[14.40885,35.788],[14.40813,35.78749],[14.40838,35.78684]],[[14.54078,35.83018],[14.54179,35.8299],[14.54212,35.82997],[14.54237,35.82992],[14.54242,35.82973],[14.54273,35.82969],[14.54303,35.82957],[14.54315,35.82944],[14.54364,35.82989],[14.54392,35.82997],[14.54422,35.8297],[14.5445,35.82965],[14.5447,35.82928],[14.5448,35.82951],[14.5448,35.82981],[14.54469,35.82993],[14.54472,35.83013],[14.54481,35.83023],[14.54529,35.83045],[14.54559,35.83052],[14.54528,35.83081],[14.54594,35.83148],[14.54631,35.83168],[14.54643,35.83191],[14.54645,35.83214],[14.54664,35.83236],[14.54664,35.83252],[14.54622,35.83296],[14.54572,35.83319],[14.54522,35.83322],[14.54511,35.83343],[14.54505,35.83383],[14.54523,35.83432],[14.54556,35.83487],[14.54576,35.83481],[14.54589,35.83507],[14.5458,35.83543],[14.546,35.83557],[14.54658,35.83575],[14.54666,35.8358],[14.54667,35.83591],[14.54662,35.83601],[14.54652,35.83603],[14.54642,35.83596],[14.54645,35.83589],[14.54576,35.83566],[14.54574,35.83575],[14.54592,35.8359],[14.54572,35.83578],[14.54565,35.83584],[14.54587,35.83603],[14.54583,35.83607],[14.54558,35.83586],[14.54551,35.83592],[14.54571,35.83608],[14.54568,35.83611],[14.54546,35.83604],[14.54501,35.83629],[14.54502,35.83637],[14.54481,35.83638],[14.54482,35.83644],[14.54503,35.83642],[14.54504,35.83649],[14.54464,35.83651],[14.54467,35.8368],[14.54499,35.83679],[14.54501,35.83701],[14.54478,35.83703],[14.5448,35.83725],[14.54493,35.83746],[14.54467,35.83772],[14.54465,35.83753],[14.5446,35.83753],[14.54457,35.83772],[14.54435,35.83792],[14.54435,35.83799],[14.54461,35.83815],[14.54457,35.83819],[14.5444,35.83809],[14.54429,35.83811],[14.54422,35.83829],[14.54425,35.83813],[14.5442,35.83811],[14.54413,35.83826],[14.54411,35.83815],[14.54387,35.83868],[14.54393,35.83889],[14.54399,35.83892],[14.54417,35.83885],[14.5442,35.83888],[14.54399,35.83897],[14.54401,35.83901],[14.54411,35.83896],[14.544,35.83903],[14.54472,35.8402],[14.54498,35.84016],[14.545,35.84019],[14.54477,35.84028],[14.54492,35.84028],[14.5448,35.84033],[14.54519,35.84092],[14.54562,35.84108],[14.54564,35.84116],[14.54568,35.84109],[14.54595,35.8411],[14.54596,35.84116],[14.54602,35.84114],[14.546,35.84108],[14.54656,35.84094],[14.5466,35.84089],[14.54648,35.84066],[14.54655,35.84072],[14.54805,35.84009],[14.54784,35.83975],[14.54825,35.83956],[14.54813,35.83932],[14.54767,35.83945],[14.54748,35.8392],[14.54673,35.83965],[14.54619,35.83986],[14.54605,35.83971],[14.54731,35.839],[14.54837,35.83899],[14.54863,35.8389],[14.5487,35.83877],[14.54962,35.83856],[14.54974,35.83848],[14.55,35.83794],[14.55091,35.83732],[14.55102,35.83708],[14.55092,35.83701],[14.55103,35.83705],[14.55217,35.83504],[14.55107,35.83469],[14.55099,35.83458],[14.55113,35.83451],[14.55202,35.83473],[14.55234,35.8347],[14.55257,35.8343],[14.55473,35.83186],[14.55538,35.83222],[14.55557,35.83202],[14.55473,35.83152],[14.55514,35.83047],[14.55484,35.82958],[14.55491,35.82926],[14.55521,35.82891],[14.55609,35.82855],[14.55686,35.82803],[14.55698,35.82778],[14.55698,35.82744],[14.55709,35.82711],[14.55701,35.82662],[14.55688,35.8265],[14.55688,35.82608],[14.55668,35.82597],[14.5562,35.82504],[14.55603,35.82481],[14.55624,35.82405],[14.55645,35.82362],[14.55683,35.82357],[14.55709,35.82338],[14.5578,35.82314],[14.55802,35.82293],[14.55842,35.82198],[14.55871,35.82091],[14.55861,35.82059],[14.55862,35.82035],[14.55896,35.81922],[14.55909,35.81901],[14.55952,35.81909],[14.55969,35.81905],[14.55994,35.8192],[14.56023,35.81917],[14.56031,35.81944],[14.56054,35.8193],[14.5607,35.81928],[14.56119,35.81965],[14.56231,35.81979],[14.56233,35.81999],[14.56224,35.82034],[14.56174,35.82064],[14.5611,35.82123],[14.56125,35.82149],[14.5617,35.82171],[14.56183,35.82144],[14.56202,35.82137],[14.56225,35.82146],[14.56243,35.82206],[14.56237,35.82247],[14.56212,35.82261],[14.56135,35.82275],[14.56012,35.82327],[14.56004,35.82363],[14.55949,35.82436],[14.55972,35.82439],[14.56022,35.82413],[14.56055,35.82436],[14.56073,35.82427],[14.56094,35.82398],[14.56134,35.8238],[14.5614,35.82393],[14.56161,35.82383],[14.56177,35.82385],[14.56264,35.82422],[14.56272,35.82469],[14.56264,35.82476],[14.56264,35.82489],[14.56284,35.82506],[14.56297,35.8255],[14.56282,35.8258],[14.56339,35.82635],[14.56387,35.82728],[14.56378,35.82743],[14.56397,35.8276],[14.56389,35.82779],[14.56362,35.82776],[14.56357,35.82789],[14.56311,35.82805],[14.56323,35.82813],[14.56344,35.8281],[14.56427,35.82843],[14.56433,35.82888],[14.56351,35.82943],[14.56233,35.82968],[14.56208,35.83017],[14.56212,35.83047],[14.56189,35.83053],[14.56159,35.83046],[14.56185,35.83091],[14.56144,35.83111],[14.56241,35.83114],[14.56289,35.83199],[14.56297,35.83241],[14.56221,35.8329],[14.56197,35.83295],[14.56195,35.833],[14.56233,35.83303],[14.56244,35.83317],[14.56251,35.83309],[14.56271,35.83326],[14.5628,35.83327],[14.56285,35.83323],[14.56281,35.83307],[14.56298,35.83301],[14.56304,35.83291],[14.56331,35.83287],[14.56329,35.83296],[14.56378,35.83346],[14.56354,35.83394],[14.56398,35.83436],[14.564,35.83496],[14.56283,35.83506],[14.56126,35.8349],[14.5598,35.83581],[14.55943,35.83651],[14.55963,35.83775],[14.56031,35.83848],[14.56062,35.83864],[14.56156,35.83863],[14.56222,35.83872],[14.56355,35.83797],[14.56399,35.83743],[14.56415,35.83738],[14.56419,35.83719],[14.56465,35.83699],[14.56483,35.83712],[14.5647,35.83723],[14.56488,35.83735],[14.56473,35.8377],[14.5646,35.83782],[14.56463,35.83799],[14.5645,35.83819],[14.56469,35.83824],[14.56465,35.83831],[14.56426,35.83814],[14.56278,35.83882],[14.56203,35.84037],[14.56145,35.84098],[14.56155,35.84144],[14.56194,35.8418],[14.56307,35.84189],[14.56375,35.84273],[14.5647,35.84286],[14.56667,35.84205],[14.56718,35.8415],[14.56787,35.84159],[14.56792,35.84117],[14.56812,35.8412],[14.56827,35.84087],[14.56823,35.84068],[14.56834,35.84043],[14.5686,35.84044],[14.56853,35.84054],[14.56884,35.84064],[14.5691,35.84059],[14.56904,35.83982],[14.56976,35.83928],[14.57043,35.83929],[14.57067,35.8394],[14.57126,35.84027],[14.57197,35.84032],[14.57273,35.84077],[14.57268,35.84086],[14.57245,35.84101],[14.5724,35.84112],[14.57248,35.84118],[14.57243,35.84131],[14.57193,35.8415],[14.5716,35.8417],[14.57206,35.84221],[14.57153,35.84235],[14.57111,35.84235],[14.57079,35.84249],[14.57084,35.84253],[14.57077,35.84257],[14.57051,35.84264],[14.57047,35.8427],[14.57079,35.84282],[14.57082,35.843],[14.5692,35.84276],[14.56901,35.84277],[14.56873,35.8429],[14.56868,35.84309],[14.56872,35.8433],[14.56962,35.84387],[14.5688,35.84377],[14.56742,35.84511],[14.56748,35.84551],[14.56803,35.8464],[14.56829,35.84702],[14.56868,35.84745],[14.56884,35.84784],[14.56946,35.84831],[14.56943,35.84849],[14.57034,35.84905],[14.57218,35.8496],[14.5722,35.84976],[14.57144,35.84972],[14.57134,35.84997],[14.57013,35.84996],[14.57041,35.85024],[14.57022,35.85027],[14.56991,35.85014],[14.56974,35.84999],[14.56911,35.84982],[14.56872,35.8498],[14.56862,35.84997],[14.56884,35.85001],[14.56902,35.85011],[14.56915,35.85034],[14.569,35.85037],[14.56812,35.85019],[14.56752,35.85],[14.56718,35.85001],[14.56706,35.85013],[14.56746,35.85028],[14.56653,35.85027],[14.56564,35.85002],[14.56528,35.84984],[14.56508,35.84985],[14.56488,35.84999],[14.56455,35.85049],[14.56409,35.8508],[14.56422,35.85088],[14.56406,35.85083],[14.56349,35.85158],[14.56328,35.85176],[14.56326,35.85188],[14.56335,35.85191],[14.56396,35.85194],[14.56335,35.85196],[14.56328,35.85269],[14.56376,35.85257],[14.56378,35.85261],[14.56312,35.85276],[14.56323,35.85323],[14.56321,35.85361],[14.56328,35.85359],[14.56347,35.85404],[14.56357,35.854],[14.56398,35.85453],[14.56406,35.85449],[14.564,35.85457],[14.5641,35.85454],[14.56407,35.85459],[14.56436,35.85474],[14.56449,35.85466],[14.56538,35.85476],[14.56555,35.85484],[14.56564,35.85511],[14.56584,35.85512],[14.56596,35.85502],[14.56649,35.85488],[14.56697,35.85493],[14.56729,35.85484],[14.56741,35.85488],[14.56742,35.85497],[14.56755,35.85492],[14.56794,35.8553],[14.56753,35.85524],[14.56749,35.85538],[14.56779,35.85559],[14.56833,35.8558],[14.56863,35.85678],[14.5688,35.85702],[14.56925,35.85719],[14.56986,35.8572],[14.57004,35.85734],[14.57,35.85747],[14.5701,35.85747],[14.5702,35.85746],[14.57034,35.85723],[14.57061,35.85709],[14.57075,35.8571],[14.57098,35.85695],[14.57134,35.85698],[14.57141,35.85703],[14.57134,35.8571],[14.57144,35.85718],[14.57134,35.85775],[14.57144,35.85795],[14.57141,35.85802],[14.57149,35.85817],[14.57172,35.85834],[14.57165,35.85839],[14.57168,35.85845],[14.57204,35.85868],[14.57199,35.85876],[14.57207,35.85872],[14.57234,35.85894],[14.5727,35.85904],[14.57293,35.85926],[14.57298,35.85925],[14.57301,35.8593],[14.5729,35.85928],[14.57295,35.85936],[14.57322,35.85948],[14.57305,35.85957],[14.57315,35.85963],[14.57318,35.85974],[14.57311,35.85975],[14.57317,35.85983],[14.57325,35.85981],[14.57328,35.85986],[14.5732,35.85987],[14.57336,35.85998],[14.57356,35.85995],[14.57418,35.86052],[14.57427,35.86051],[14.57514,35.86086],[14.57588,35.86071],[14.5763,35.86076],[14.5763,35.86121],[14.57649,35.86133],[14.57635,35.86166],[14.57595,35.86164],[14.57591,35.86136],[14.57562,35.86133],[14.57541,35.86155],[14.57512,35.86146],[14.57461,35.86155],[14.57392,35.86194],[14.57374,35.86232],[14.57379,35.86234],[14.57354,35.86278],[14.57327,35.86283],[14.57296,35.86324],[14.57322,35.8632],[14.57324,35.86329],[14.57284,35.86349],[14.57246,35.86335],[14.57247,35.86353],[14.57221,35.86354],[14.57215,35.8636],[14.57206,35.86356],[14.57209,35.86365],[14.5717,35.86391],[14.5715,35.86427],[14.57122,35.86451],[14.57097,35.86463],[14.57075,35.86459],[14.57067,35.86461],[14.57075,35.86465],[14.57071,35.86467],[14.57033,35.8647],[14.56956,35.8649],[14.56893,35.86496],[14.56856,35.86491],[14.56836,35.86506],[14.56831,35.86522],[14.56825,35.86521],[14.56831,35.86505],[14.56687,35.86391],[14.56649,35.86372],[14.56594,35.86362],[14.56384,35.86367],[14.56358,35.86383],[14.56365,35.86377],[14.56361,35.86373],[14.56352,35.86377],[14.56344,35.86368],[14.56306,35.86358],[14.56267,35.86323],[14.56237,35.86312],[14.56199,35.86317],[14.56175,35.8633],[14.56171,35.86356],[14.5619,35.86374],[14.5618,35.86374],[14.56241,35.86441],[14.56247,35.86437],[14.56251,35.8644],[14.56242,35.86446],[14.56339,35.86548],[14.5639,35.86539],[14.56388,35.86527],[14.56395,35.86544],[14.564,35.86543],[14.56398,35.86524],[14.56404,35.86531],[14.56427,35.86528],[14.56429,35.86521],[14.5643,35.86534],[14.56433,35.86521],[14.56438,35.8652],[14.56439,35.86526],[14.56531,35.86513],[14.56527,35.86489],[14.56532,35.86489],[14.5654,35.86515],[14.56571,35.86522],[14.56639,35.86566],[14.56637,35.86585],[14.56691,35.86619],[14.56702,35.86619],[14.56719,35.86643],[14.56771,35.86664],[14.5678,35.86655],[14.56827,35.86667],[14.5684,35.86684],[14.56941,35.86666],[14.56987,35.86646],[14.57075,35.86657],[14.57107,35.86674],[14.57153,35.86668],[14.57179,35.86685],[14.57224,35.86695],[14.57215,35.86707],[14.57246,35.86706],[14.5728,35.86697],[14.57358,35.86695],[14.5753,35.86718],[14.57509,35.86737],[14.57517,35.86757],[14.57344,35.86905],[14.57276,35.86923],[14.57251,35.86957],[14.57219,35.86958],[14.57216,35.86967],[14.57197,35.86969],[14.57214,35.86979],[14.57215,35.86998],[14.57188,35.87034],[14.57162,35.87043],[14.57179,35.87056],[14.57149,35.87074],[14.57105,35.87252],[14.56926,35.87349],[14.56902,35.87409],[14.568,35.87461],[14.56737,35.87545],[14.56657,35.87595],[14.56598,35.87602],[14.56601,35.8761],[14.56618,35.87616],[14.56627,35.87637],[14.56597,35.87681],[14.5656,35.87707],[14.56547,35.87727],[14.56527,35.87728],[14.56517,35.87744],[14.56486,35.87754],[14.56464,35.87744],[14.56444,35.87719],[14.56423,35.87726],[14.56413,35.87753],[14.56446,35.87772],[14.56464,35.87809],[14.56406,35.87872],[14.56363,35.87875],[14.56222,35.87987],[14.56129,35.87987],[14.56112,35.88004],[14.56123,35.88009],[14.56125,35.8803],[14.56124,35.88045],[14.56109,35.88058],[14.56089,35.88065],[14.5606,35.88056],[14.56011,35.88078],[14.55984,35.8808],[14.55971,35.88096],[14.55927,35.88091],[14.55896,35.88121],[14.55918,35.88129],[14.55904,35.88135],[14.55889,35.88125],[14.55877,35.88135],[14.55851,35.88126],[14.55865,35.88146],[14.55857,35.88153],[14.55842,35.88149],[14.55816,35.88119],[14.55779,35.88121],[14.55761,35.88104],[14.5574,35.88103],[14.55717,35.88113],[14.55725,35.88141],[14.55751,35.88151],[14.55734,35.88167],[14.55724,35.88168],[14.55731,35.88178],[14.55683,35.88222],[14.55662,35.88217],[14.55666,35.88236],[14.55644,35.88245],[14.55636,35.88272],[14.55592,35.88269],[14.5562,35.88302],[14.55584,35.88378],[14.55604,35.88402],[14.55599,35.88408],[14.55577,35.88397],[14.55569,35.88403],[14.55579,35.8842],[14.55566,35.88441],[14.55486,35.88434],[14.55434,35.88476],[14.55394,35.88468],[14.55329,35.88499],[14.55333,35.8851],[14.55292,35.88531],[14.55248,35.88511],[14.55253,35.88535],[14.55239,35.88529],[14.55232,35.88538],[14.55269,35.88577],[14.55223,35.8865],[14.5519,35.88672],[14.55203,35.88681],[14.55202,35.8869],[14.55194,35.88692],[14.55201,35.88699],[14.55188,35.88711],[14.55188,35.8872],[14.55171,35.88728],[14.55177,35.88737],[14.55149,35.8876],[14.55119,35.88765],[14.55113,35.88793],[14.55098,35.8882],[14.5491,35.88848],[14.54878,35.88834],[14.54878,35.88864],[14.54873,35.88867],[14.54853,35.88865],[14.54849,35.88873],[14.54825,35.88862],[14.54803,35.88867],[14.54791,35.88888],[14.54692,35.88905],[14.54627,35.8895],[14.54612,35.89025],[14.54585,35.89043],[14.54532,35.89066],[14.54424,35.89134],[14.54373,35.89184],[14.54333,35.89179],[14.54316,35.89197],[14.54302,35.89232],[14.54268,35.89241],[14.54235,35.89328],[14.54048,35.89421],[14.54016,35.8943],[14.53971,35.89431],[14.53937,35.89439],[14.53945,35.89462],[14.53852,35.8951],[14.53853,35.89531],[14.53842,35.89541],[14.53799,35.89533],[14.53778,35.89518],[14.53763,35.89518],[14.53764,35.89541],[14.53754,35.89542],[14.53657,35.89445],[14.53631,35.89462],[14.5357,35.89407],[14.53549,35.89421],[14.53552,35.89445],[14.53528,35.89502],[14.53541,35.89522],[14.53512,35.89537],[14.53478,35.89538],[14.53474,35.89522],[14.53438,35.8956],[14.53436,35.89571],[14.53405,35.8958],[14.53364,35.89588],[14.53359,35.89568],[14.53309,35.89583],[14.53315,35.89601],[14.53328,35.89601],[14.53334,35.89613],[14.53328,35.89634],[14.53268,35.89638],[14.53254,35.89607],[14.53223,35.89612],[14.53198,35.89601],[14.53205,35.89642],[14.53106,35.89628],[14.53105,35.89635],[14.53094,35.89626],[14.53083,35.89641],[14.531,35.89698],[14.5309,35.8971],[14.53067,35.89711],[14.5306,35.8974],[14.52999,35.89758],[14.5294,35.89754],[14.52915,35.89742],[14.52897,35.89745],[14.52911,35.89758],[14.52902,35.89774],[14.52915,35.89791],[14.52869,35.89805],[14.52775,35.89741],[14.52782,35.89731],[14.5277,35.89723],[14.5275,35.89726],[14.52741,35.89739],[14.5275,35.89769],[14.52699,35.89787],[14.52694,35.89813],[14.52654,35.89837],[14.52641,35.89829],[14.52594,35.89866],[14.52549,35.89878],[14.52532,35.8989],[14.52489,35.89884],[14.52431,35.89895],[14.52409,35.89889],[14.52405,35.89881],[14.52377,35.89885],[14.52355,35.89872],[14.52341,35.89853],[14.52351,35.89818],[14.52364,35.89816],[14.5237,35.89811],[14.52365,35.89806],[14.52377,35.89802],[14.52376,35.89796],[14.52394,35.89793],[14.52393,35.89787],[14.52406,35.8978],[14.52448,35.89766],[14.52458,35.89754],[14.52472,35.89757],[14.52477,35.89752],[14.52473,35.89741],[14.52502,35.89688],[14.52534,35.89687],[14.52597,35.89658],[14.526,35.89652],[14.52548,35.89622],[14.52558,35.89614],[14.52588,35.89612],[14.52604,35.89617],[14.52615,35.89603],[14.52604,35.89596],[14.5261,35.89587],[14.52598,35.89581],[14.52614,35.89567],[14.52607,35.89551],[14.52647,35.89506],[14.52657,35.89509],[14.52672,35.89503],[14.52702,35.89477],[14.52722,35.89446],[14.52698,35.89438],[14.52739,35.89411],[14.52752,35.89392],[14.52777,35.8938],[14.52776,35.89359],[14.52763,35.89323],[14.52751,35.8931],[14.52743,35.89307],[14.52741,35.89312],[14.52738,35.89305],[14.52719,35.89298],[14.52718,35.89303],[14.52687,35.89305],[14.5264,35.89329],[14.52588,35.8934],[14.52567,35.89323],[14.52508,35.89397],[14.52508,35.89404],[14.52493,35.89419],[14.5247,35.89426],[14.52439,35.89412],[14.5236,35.89324],[14.52325,35.89311],[14.52311,35.89295],[14.52292,35.89286],[14.5227,35.89261],[14.52267,35.89243],[14.52286,35.89211],[14.52309,35.8921],[14.52305,35.89201],[14.5232,35.89196],[14.52324,35.89203],[14.52334,35.89192],[14.52351,35.89196],[14.52367,35.89186],[14.52363,35.89159],[14.52377,35.8912],[14.52473,35.89028],[14.52532,35.8901],[14.52637,35.88924],[14.52725,35.88877],[14.52725,35.88869],[14.52611,35.8876],[14.52611,35.88768],[14.52598,35.8878],[14.52586,35.88771],[14.52581,35.88775],[14.52578,35.88778],[14.5259,35.88787],[14.52577,35.888],[14.52568,35.88798],[14.52601,35.88821],[14.52589,35.88819],[14.52548,35.88843],[14.52518,35.88885],[14.52433,35.88898],[14.52436,35.88903],[14.52454,35.88903],[14.52432,35.88907],[14.52424,35.88899],[14.52287,35.88922],[14.52228,35.88954],[14.52192,35.88983],[14.52176,35.88983],[14.52199,35.8899],[14.52158,35.88988],[14.52118,35.89003],[14.52095,35.8903],[14.52059,35.89058],[14.52046,35.89078],[14.52036,35.89078],[14.51991,35.891],[14.51976,35.89117],[14.51967,35.89129],[14.51966,35.89146],[14.5195,35.89164],[14.51953,35.89173],[14.51946,35.89189],[14.51929,35.89193],[14.51921,35.89204],[14.51911,35.892],[14.51904,35.89209],[14.51923,35.89235],[14.51916,35.89254],[14.51887,35.89276],[14.51839,35.89295],[14.51777,35.89312],[14.51764,35.8931],[14.51685,35.89279],[14.51678,35.89273],[14.51695,35.89264],[14.51692,35.89259],[14.51674,35.89267],[14.51674,35.89246],[14.51666,35.89242],[14.51664,35.89232],[14.51759,35.89184],[14.51766,35.89176],[14.51757,35.89165],[14.51736,35.89191],[14.51724,35.89194],[14.51715,35.89188],[14.51753,35.89151],[14.5187,35.89078],[14.51881,35.89088],[14.51914,35.89058],[14.51927,35.89102],[14.5196,35.89123],[14.51975,35.89102],[14.51933,35.89065],[14.51925,35.89046],[14.5198,35.8892],[14.51961,35.88914],[14.51972,35.88889],[14.51991,35.88896],[14.51993,35.88891],[14.52068,35.88711],[14.52089,35.88676],[14.5213,35.88554],[14.5213,35.88548],[14.5211,35.88543],[14.52117,35.88525],[14.5209,35.88459],[14.52075,35.88463],[14.5206,35.88395],[14.52047,35.88396],[14.52044,35.88376],[14.52036,35.88377],[14.52033,35.88361],[14.52054,35.88359],[14.52039,35.88288],[14.52026,35.88282],[14.52014,35.88153],[14.52006,35.88137],[14.51989,35.88138],[14.52,35.88284],[14.51988,35.8829],[14.51985,35.88424],[14.51991,35.88466],[14.52018,35.88538],[14.52,35.88598],[14.51947,35.88643],[14.51872,35.88737],[14.5177,35.88832],[14.51744,35.88882],[14.51752,35.8888],[14.51757,35.88891],[14.51694,35.88968],[14.51629,35.89004],[14.51511,35.89042],[14.51409,35.89105],[14.51365,35.89078],[14.51362,35.89066],[14.514,35.88956],[14.51414,35.88936],[14.51399,35.88927],[14.51638,35.88628],[14.51614,35.88613],[14.51601,35.88622],[14.51594,35.88614],[14.51655,35.88508],[14.51759,35.88451],[14.51744,35.88433],[14.51702,35.88455],[14.51695,35.8845],[14.51727,35.88405],[14.5175,35.88323],[14.51789,35.88303],[14.5177,35.88278],[14.51764,35.88278],[14.51764,35.88168],[14.51682,35.88092],[14.51637,35.88088],[14.51632,35.88101],[14.51617,35.88104],[14.51602,35.88098],[14.51595,35.88072],[14.51562,35.88078],[14.51565,35.88092],[14.51556,35.88092],[14.51573,35.88186],[14.51567,35.88188],[14.51573,35.8822],[14.5158,35.88222],[14.51571,35.88298],[14.51339,35.88647],[14.51323,35.88651],[14.51319,35.88637],[14.51257,35.8861],[14.51249,35.88614],[14.51236,35.88611],[14.51208,35.88625],[14.51197,35.88624],[14.51178,35.88652],[14.50745,35.88463],[14.50682,35.88557],[14.50609,35.88529],[14.50629,35.885],[14.50622,35.88438],[14.50594,35.88406],[14.50573,35.88419],[14.50567,35.88409],[14.50588,35.88398],[14.50573,35.88381],[14.50552,35.88392],[14.50558,35.88361],[14.5053,35.88334],[14.5048,35.88299],[14.50437,35.88335],[14.5041,35.88333],[14.50291,35.88238],[14.50285,35.8819],[14.50373,35.87926],[14.5036,35.87924],[14.50362,35.87912],[14.50113,35.87859],[14.50069,35.87795],[14.50022,35.87817],[14.50076,35.87904],[14.49813,35.88021],[14.49728,35.87897],[14.49696,35.8788],[14.49679,35.87882],[14.49671,35.87895],[14.49657,35.87898],[14.49659,35.87909],[14.49684,35.87925],[14.49657,35.87957],[14.49638,35.87946],[14.49597,35.8799],[14.49636,35.88014],[14.49626,35.88025],[14.49667,35.88051],[14.49663,35.88054],[14.49802,35.88119],[14.49869,35.88134],[14.49954,35.88135],[14.50008,35.88115],[14.50052,35.88079],[14.50098,35.8806],[14.50098,35.88046],[14.50111,35.88039],[14.50142,35.88049],[14.50155,35.88078],[14.50154,35.88107],[14.50056,35.88233],[14.50071,35.88241],[14.50063,35.88252],[14.50046,35.88244],[14.49961,35.88386],[14.49947,35.88396],[14.49925,35.88398],[14.49919,35.88374],[14.49909,35.88368],[14.49775,35.88397],[14.4977,35.88405],[14.49772,35.88459],[14.49787,35.8851],[14.50021,35.88466],[14.50004,35.88491],[14.50021,35.88499],[14.50026,35.88491],[14.50085,35.88512],[14.50114,35.88537],[14.50184,35.88479],[14.50567,35.88788],[14.50595,35.88764],[14.50612,35.88765],[14.50609,35.88792],[14.50689,35.88799],[14.50727,35.88865],[14.50745,35.88858],[14.50752,35.88869],[14.50734,35.88912],[14.50801,35.89001],[14.50959,35.89105],[14.50962,35.89087],[14.50901,35.89049],[14.50778,35.88914],[14.50757,35.88882],[14.50772,35.8886],[14.50974,35.89083],[14.51017,35.89232],[14.51036,35.89243],[14.51047,35.89233],[14.51222,35.89336],[14.51213,35.89348],[14.51243,35.89364],[14.51249,35.8936],[14.51307,35.894],[14.51315,35.89397],[14.51357,35.89456],[14.51371,35.89459],[14.5139,35.89495],[14.5139,35.89522],[14.51438,35.89595],[14.51486,35.89623],[14.5159,35.8966],[14.51715,35.89683],[14.5171,35.89693],[14.51763,35.89694],[14.5178,35.89705],[14.51815,35.89705],[14.51844,35.89712],[14.51838,35.89729],[14.51846,35.89728],[14.51856,35.89738],[14.51854,35.8976],[14.51844,35.89766],[14.51845,35.89787],[14.51869,35.89852],[14.51851,35.89864],[14.51862,35.89916],[14.51871,35.89937],[14.51887,35.8995],[14.51887,35.89964],[14.51895,35.89957],[14.51906,35.89966],[14.51921,35.90005],[14.51931,35.90006],[14.51939,35.90033],[14.51918,35.90054],[14.51937,35.90058],[14.51947,35.90073],[14.51917,35.90094],[14.51919,35.901],[14.51935,35.90098],[14.51938,35.90127],[14.51952,35.9014],[14.51947,35.90149],[14.51992,35.90182],[14.51993,35.90203],[14.52004,35.90209],[14.51976,35.9022],[14.51982,35.90227],[14.52024,35.90224],[14.5205,35.90248],[14.52052,35.9026],[14.52066,35.90273],[14.52062,35.90293],[14.52021,35.90328],[14.5194,35.90351],[14.51816,35.90357],[14.51752,35.9035],[14.51715,35.90335],[14.51689,35.90314],[14.51682,35.90298],[14.51688,35.90293],[14.51651,35.90206],[14.51605,35.90175],[14.51565,35.90158],[14.51556,35.90162],[14.51534,35.90154],[14.51472,35.9018],[14.51465,35.9019],[14.5145,35.90196],[14.5141,35.9026],[14.51376,35.9026],[14.51277,35.90241],[14.51236,35.90223],[14.51173,35.90163],[14.51168,35.90165],[14.51097,35.901],[14.51066,35.90116],[14.51015,35.90078],[14.51,35.90052],[14.51029,35.90048],[14.51028,35.90042],[14.50998,35.90046],[14.50996,35.90022],[14.50962,35.90016],[14.50895,35.90045],[14.50856,35.90057],[14.50846,35.90054],[14.50832,35.90048],[14.50812,35.90023],[14.50734,35.89961],[14.50662,35.89934],[14.50563,35.8991],[14.50522,35.89859],[14.50484,35.89853],[14.5048,35.89843],[14.50452,35.89836],[14.50346,35.89784],[14.5036,35.89762],[14.50363,35.89767],[14.50351,35.89781],[14.5041,35.8981],[14.5045,35.89789],[14.50402,35.89744],[14.5038,35.89756],[14.50397,35.89743],[14.50389,35.89737],[14.50351,35.89727],[14.50349,35.89721],[14.5034,35.89729],[14.50314,35.89713],[14.50312,35.89706],[14.50308,35.8971],[14.50274,35.897],[14.50255,35.89689],[14.50266,35.89675],[14.50254,35.89669],[14.50241,35.89683],[14.50182,35.89647],[14.50149,35.89581],[14.50053,35.89478],[14.4998,35.89456],[14.4985,35.89433],[14.49843,35.89446],[14.49808,35.89433],[14.498,35.89386],[14.49765,35.89338],[14.4976,35.89301],[14.49748,35.89289],[14.4971,35.89294],[14.497,35.89303],[14.49759,35.89608],[14.49757,35.89629],[14.49732,35.8965],[14.49605,35.89656],[14.49541,35.89641],[14.49463,35.89604],[14.49414,35.89602],[14.49414,35.89593],[14.49408,35.89592],[14.49407,35.89601],[14.49387,35.896],[14.49384,35.89608],[14.49354,35.89604],[14.49354,35.89599],[14.49274,35.89577],[14.49278,35.89569],[14.49257,35.8956],[14.4926,35.89555],[14.49131,35.89497],[14.49095,35.89505],[14.4905,35.89615],[14.49055,35.89629],[14.49211,35.89671],[14.49214,35.89662],[14.49296,35.89683],[14.49281,35.89688],[14.49375,35.89724],[14.49382,35.89712],[14.49529,35.89768],[14.49583,35.89772],[14.49899,35.8975],[14.49988,35.89723],[14.49987,35.8967],[14.5,35.89662],[14.50006,35.89667],[14.50005,35.8971],[14.50021,35.8973],[14.50023,35.8975],[14.50032,35.89757],[14.50046,35.89844],[14.50069,35.8989],[14.50073,35.89936],[14.50084,35.8994],[14.50089,35.89951],[14.50085,35.89962],[14.50075,35.89967],[14.50061,35.89999],[14.50036,35.90023],[14.49977,35.90052],[14.49777,35.90087],[14.49687,35.90133],[14.49618,35.90189],[14.49595,35.90218],[14.49575,35.90267],[14.49571,35.903],[14.4956,35.90299],[14.49564,35.90377],[14.49593,35.90443],[14.49713,35.90531],[14.49736,35.90575],[14.49816,35.90657],[14.4987,35.90674],[14.49906,35.90703],[14.49922,35.90739],[14.49937,35.9075],[14.50209,35.90818],[14.50302,35.90848],[14.50423,35.90873],[14.50514,35.90871],[14.5054,35.9086],[14.50569,35.90837],[14.50568,35.9083],[14.5058,35.9083],[14.50649,35.90803],[14.508,35.90693],[14.50891,35.90671],[14.50898,35.90646],[14.50965,35.90632],[14.50996,35.90639],[14.51068,35.906],[14.51072,35.90604],[14.51085,35.90599],[14.5109,35.90587],[14.511,35.90586],[14.511,35.90579],[14.51108,35.90581],[14.51115,35.90562],[14.51131,35.90563],[14.51129,35.90554],[14.51153,35.90553],[14.51151,35.90545],[14.51178,35.90538],[14.51203,35.90558],[14.5119,35.90532],[14.51223,35.90528],[14.51307,35.9054],[14.51313,35.9055],[14.51293,35.90549],[14.5129,35.90556],[14.51337,35.90578],[14.51342,35.90568],[14.51331,35.90564],[14.51338,35.90559],[14.51332,35.90548],[14.51382,35.90568],[14.51386,35.90578],[14.514,35.90581],[14.5141,35.90576],[14.51412,35.90582],[14.51443,35.90577],[14.51431,35.90587],[14.51443,35.90596],[14.51459,35.90597],[14.51484,35.90609],[14.51496,35.90628],[14.5149,35.90641],[14.51502,35.90646],[14.51492,35.90652],[14.51494,35.90667],[14.51477,35.90688],[14.51483,35.90704],[14.51517,35.90702],[14.51521,35.90709],[14.51467,35.90739],[14.5144,35.90737],[14.5144,35.90751],[14.51388,35.90759],[14.51359,35.90785],[14.51321,35.90781],[14.51256,35.90805],[14.51267,35.90815],[14.51261,35.90825],[14.51205,35.90816],[14.51176,35.90827],[14.51183,35.9084],[14.51219,35.90853],[14.51222,35.90867],[14.5117,35.90874],[14.5116,35.90899],[14.51131,35.90886],[14.5112,35.90894],[14.51104,35.90892],[14.511,35.90907],[14.51114,35.9092],[14.51135,35.90966],[14.51068,35.91017],[14.51057,35.91038],[14.51062,35.91044],[14.51038,35.91058],[14.51044,35.91075],[14.51013,35.91109],[14.50962,35.91119],[14.50973,35.91123],[14.50968,35.9113],[14.50873,35.91136],[14.50845,35.91145],[14.50821,35.91132],[14.50712,35.9117],[14.50705,35.9122],[14.50714,35.91224],[14.50714,35.91243],[14.50755,35.91246],[14.50754,35.91259],[14.50703,35.91257],[14.5071,35.91269],[14.50709,35.91288],[14.50701,35.91291],[14.50701,35.91319],[14.5072,35.9134],[14.50709,35.91364],[14.50741,35.9138],[14.50796,35.91357],[14.50817,35.91389],[14.50803,35.91432],[14.50806,35.91441],[14.50776,35.91445],[14.50776,35.91456],[14.507,35.91458],[14.50685,35.91499],[14.50706,35.91521],[14.50696,35.91532],[14.50632,35.91538],[14.50619,35.91549],[14.50512,35.9157],[14.50476,35.91565],[14.50469,35.91576],[14.50479,35.91589],[14.50464,35.91584],[14.50418,35.91599],[14.5045,35.91614],[14.5047,35.9161],[14.50492,35.91622],[14.50418,35.91654],[14.50348,35.91672],[14.50309,35.91669],[14.50279,35.91688],[14.5022,35.91697],[14.50146,35.91724],[14.50143,35.91721],[14.50153,35.91714],[14.50143,35.91707],[14.50136,35.91708],[14.50135,35.91718],[14.50113,35.91718],[14.50109,35.91724],[14.50128,35.91728],[14.50118,35.91741],[14.50096,35.91744],[14.50052,35.91777],[14.50035,35.91781],[14.50021,35.91795],[14.50014,35.91795],[14.50014,35.91788],[14.49994,35.91792],[14.49992,35.91796],[14.50006,35.91804],[14.4997,35.91821],[14.49959,35.91839],[14.49939,35.91853],[14.49924,35.91854],[14.49888,35.9189],[14.49811,35.91796],[14.49791,35.91782],[14.49778,35.91748],[14.49782,35.9173],[14.4978,35.9172],[14.49773,35.9172],[14.49784,35.91698],[14.4978,35.91692],[14.49765,35.91698],[14.49775,35.9169],[14.49764,35.91684],[14.49772,35.91645],[14.49769,35.91613],[14.4978,35.91599],[14.49763,35.91569],[14.49769,35.91562],[14.49761,35.91549],[14.49768,35.91538],[14.49759,35.91527],[14.49741,35.91516],[14.4973,35.91526],[14.49708,35.91519],[14.49707,35.91538],[14.49706,35.91528],[14.497,35.91528],[14.49698,35.9155],[14.49703,35.9156],[14.49692,35.91553],[14.49697,35.91527],[14.49677,35.91526],[14.49677,35.91514],[14.4967,35.91511],[14.49646,35.91508],[14.49615,35.91516],[14.49591,35.91539],[14.49557,35.91549],[14.49549,35.91551],[14.49546,35.91538],[14.49526,35.91551],[14.49516,35.91536],[14.49496,35.91549],[14.49481,35.91535],[14.49494,35.91527],[14.49479,35.9152],[14.4947,35.91506],[14.49458,35.91508],[14.49456,35.91499],[14.49463,35.91499],[14.4945,35.91471],[14.49456,35.91472],[14.4943,35.91435],[14.49414,35.91445],[14.49366,35.91452],[14.49355,35.9147],[14.49362,35.91472],[14.49366,35.91492],[14.49377,35.91494],[14.49376,35.91548],[14.49346,35.91548],[14.49342,35.91555],[14.49384,35.91603],[14.49393,35.91623],[14.49392,35.91649],[14.49407,35.91654],[14.49384,35.91707],[14.49366,35.91713],[14.49338,35.91744],[14.49278,35.91793],[14.49272,35.91791],[14.49218,35.91841],[14.49165,35.91876],[14.49091,35.91912],[14.49063,35.91913],[14.4903,35.91899],[14.49011,35.91906],[14.49008,35.9192],[14.49014,35.91934],[14.49041,35.9195],[14.49035,35.91958],[14.49044,35.91955],[14.49048,35.91965],[14.49054,35.91964],[14.49052,35.91958],[14.49076,35.91959],[14.49078,35.91967],[14.49091,35.91968],[14.49125,35.91967],[14.49133,35.91961],[14.49139,35.91969],[14.49147,35.91967],[14.49144,35.91956],[14.49153,35.91962],[14.49169,35.91962],[14.49202,35.9194],[14.49254,35.91926],[14.49292,35.91894],[14.49306,35.91893],[14.49289,35.91867],[14.49296,35.91864],[14.49313,35.91895],[14.49323,35.91901],[14.49402,35.9192],[14.49407,35.91906],[14.49461,35.91911],[14.49502,35.91943],[14.4953,35.9199],[14.4954,35.92057],[14.49485,35.92161],[14.4947,35.92153],[14.49478,35.92143],[14.49477,35.92127],[14.49446,35.92105],[14.49453,35.92101],[14.49467,35.92112],[14.49507,35.92073],[14.49505,35.92053],[14.49481,35.92036],[14.49458,35.92038],[14.49417,35.92075],[14.49431,35.9209],[14.49402,35.92086],[14.49396,35.92095],[14.49393,35.92086],[14.49358,35.92085],[14.4935,35.92091],[14.49327,35.92091],[14.49307,35.92074],[14.49278,35.92074],[14.49252,35.92094],[14.49252,35.92118],[14.49307,35.92163],[14.49324,35.92161],[14.49324,35.92149],[14.49356,35.92123],[14.49414,35.92123],[14.49437,35.9214],[14.49445,35.92186],[14.49473,35.92198],[14.49464,35.92203],[14.49467,35.92227],[14.49484,35.92237],[14.495,35.92235],[14.49509,35.92225],[14.49506,35.92198],[14.49497,35.92199],[14.49495,35.92194],[14.49514,35.92191],[14.49519,35.92167],[14.49556,35.92121],[14.49564,35.92123],[14.49536,35.9216],[14.49534,35.92177],[14.49539,35.92203],[14.49571,35.92236],[14.49559,35.92284],[14.49548,35.92294],[14.4955,35.92319],[14.49538,35.92343],[14.49441,35.92363],[14.4943,35.9236],[14.49407,35.92371],[14.49362,35.92364],[14.49367,35.92358],[14.49358,35.9235],[14.49321,35.92362],[14.49299,35.92356],[14.49303,35.92369],[14.49317,35.92378],[14.49312,35.92386],[14.49288,35.92386],[14.49276,35.92394],[14.49278,35.9241],[14.49329,35.92435],[14.4935,35.92428],[14.49359,35.92431],[14.49348,35.9244],[14.49318,35.92449],[14.49321,35.92453],[14.49329,35.92451],[14.49352,35.92467],[14.49358,35.92455],[14.49373,35.92448],[14.49377,35.92454],[14.49385,35.92451],[14.49392,35.92463],[14.49379,35.92479],[14.49362,35.92478],[14.4936,35.92497],[14.4938,35.92491],[14.49398,35.9247],[14.49408,35.92485],[14.49389,35.92516],[14.49409,35.92516],[14.49408,35.92501],[14.49417,35.92494],[14.49466,35.92544],[14.49443,35.92561],[14.49494,35.92583],[14.49507,35.92581],[14.49511,35.92623],[14.4955,35.9263],[14.49566,35.92671],[14.49551,35.927],[14.49511,35.92701],[14.49505,35.92688],[14.49478,35.92688],[14.49458,35.92698],[14.49426,35.92686],[14.49425,35.92674],[14.49435,35.92669],[14.49428,35.92658],[14.49408,35.92658],[14.49407,35.92618],[14.4938,35.92599],[14.49352,35.92602],[14.49352,35.92608],[14.49368,35.92615],[14.49356,35.92619],[14.49338,35.92609],[14.49295,35.926],[14.49284,35.92609],[14.49286,35.92624],[14.49278,35.92627],[14.49273,35.92617],[14.49206,35.92652],[14.49167,35.9266],[14.49044,35.9263],[14.48969,35.92624],[14.48901,35.92555],[14.48882,35.92555],[14.48868,35.92538],[14.48823,35.92555],[14.48805,35.92571],[14.48777,35.92612],[14.48769,35.92649],[14.48806,35.92668],[14.48826,35.92669],[14.48884,35.92695],[14.4889,35.92685],[14.48911,35.92694],[14.48907,35.92701],[14.48992,35.92722],[14.49014,35.92739],[14.49058,35.92756],[14.49078,35.92775],[14.49099,35.92775],[14.49113,35.92791],[14.49124,35.92792],[14.49122,35.928],[14.49133,35.92805],[14.49152,35.92801],[14.49245,35.92833],[14.49274,35.92908],[14.49201,35.92975],[14.49185,35.92976],[14.49143,35.93013],[14.49109,35.9306],[14.49086,35.93067],[14.49051,35.93064],[14.48965,35.93036],[14.48921,35.9304],[14.4884,35.93101],[14.48808,35.93152],[14.48776,35.93164],[14.48742,35.93159],[14.48721,35.93166],[14.48676,35.93144],[14.48612,35.93147],[14.48575,35.93155],[14.48598,35.93163],[14.48592,35.93169],[14.48559,35.9316],[14.48546,35.9317],[14.48545,35.93179],[14.48565,35.93182],[14.48573,35.9319],[14.48374,35.93342],[14.48222,35.93364],[14.48163,35.93403],[14.48109,35.93381],[14.48106,35.9339],[14.4814,35.93438],[14.48137,35.93464],[14.48149,35.93482],[14.48169,35.93581],[14.48154,35.93627],[14.48,35.93678],[14.47962,35.93702],[14.47935,35.93699],[14.47911,35.93708],[14.47873,35.9369],[14.47753,35.93702],[14.47734,35.93748],[14.47693,35.93777],[14.47656,35.93787],[14.47621,35.93796],[14.47584,35.93789],[14.47549,35.938],[14.47482,35.93786],[14.47405,35.9374],[14.47318,35.93726],[14.47303,35.93737],[14.4728,35.9373],[14.47227,35.93745],[14.47179,35.93719],[14.4717,35.93676],[14.4713,35.9365],[14.471,35.93607],[14.47086,35.9362],[14.47007,35.9361],[14.46995,35.93618],[14.47006,35.93642],[14.46971,35.93656],[14.46954,35.93641],[14.46924,35.93631],[14.469,35.93635],[14.46863,35.93654],[14.46868,35.93664],[14.4686,35.93655],[14.46857,35.93664],[14.46847,35.93668],[14.46815,35.93662],[14.46815,35.93666],[14.4679,35.93668],[14.46754,35.93653],[14.46748,35.93654],[14.46765,35.93668],[14.4674,35.93669],[14.4673,35.93651],[14.46662,35.93663],[14.46659,35.93667],[14.46667,35.93671],[14.46653,35.93679],[14.46623,35.93673],[14.46599,35.93678],[14.46591,35.93685],[14.46547,35.93677],[14.46487,35.93692],[14.46457,35.93684],[14.46445,35.93698],[14.46421,35.937],[14.46397,35.93692],[14.46374,35.93708],[14.46355,35.93704],[14.46331,35.93715],[14.46309,35.93702],[14.46304,35.93714],[14.46297,35.93712],[14.46298,35.9372],[14.46265,35.93715],[14.46258,35.93709],[14.4625,35.93717],[14.46245,35.93714],[14.46235,35.93729],[14.46221,35.93728],[14.46219,35.93735],[14.46111,35.93761],[14.46002,35.9381],[14.45969,35.93791],[14.45955,35.93789],[14.45932,35.93798],[14.45918,35.93825],[14.45929,35.93834],[14.45904,35.93836],[14.4592,35.93853],[14.45922,35.93882],[14.45938,35.93913],[14.45919,35.93905],[14.45897,35.93909],[14.45895,35.93914],[14.4592,35.9394],[14.45938,35.94007],[14.45907,35.94008],[14.45887,35.94037],[14.45872,35.94033],[14.45871,35.94041],[14.45865,35.94043],[14.45858,35.94035],[14.45849,35.94041],[14.45852,35.94045],[14.45801,35.94169],[14.45788,35.94165],[14.4575,35.94128],[14.45713,35.94052],[14.45699,35.9404],[14.45687,35.94052],[14.4568,35.94047],[14.45695,35.94033],[14.45688,35.94035],[14.45641,35.94004],[14.45618,35.94012],[14.45598,35.94008],[14.45599,35.94024],[14.4558,35.94027],[14.45544,35.94007],[14.45522,35.94019],[14.45502,35.94139],[14.45478,35.94131],[14.45472,35.94141],[14.455,35.94156],[14.45489,35.94223],[14.45531,35.94361],[14.45579,35.94415],[14.45543,35.94467],[14.45518,35.94537],[14.45518,35.94602],[14.45482,35.94627],[14.45508,35.94653],[14.4547,35.94699],[14.45483,35.94717],[14.45457,35.94705],[14.45322,35.94752],[14.45276,35.94749],[14.45178,35.94686],[14.45162,35.94643],[14.4523,35.94455],[14.45184,35.94385],[14.45094,35.94317],[14.45047,35.94311],[14.45001,35.9432],[14.44989,35.94338],[14.44976,35.94411],[14.44945,35.94455],[14.44892,35.9459],[14.44891,35.94631],[14.44849,35.94674],[14.44676,35.94733],[14.44601,35.94809],[14.44606,35.94872],[14.44695,35.94928],[14.44716,35.94955],[14.44515,35.95041],[14.44403,35.95196],[14.44211,35.95153],[14.44105,35.95187],[14.44008,35.95244],[14.43899,35.95342],[14.43753,35.95414],[14.43676,35.95427],[14.43589,35.95418],[14.43502,35.95422],[14.43504,35.95433],[14.43355,35.9548],[14.4332,35.95486],[14.43297,35.95478],[14.43261,35.95451],[14.43248,35.9542],[14.43229,35.95272],[14.43156,35.95188],[14.43062,35.95111],[14.42956,35.95049],[14.42858,35.94955],[14.4284,35.94929],[14.42835,35.94881],[14.42809,35.94861],[14.42792,35.9487],[14.42758,35.94874],[14.427,35.94871],[14.42632,35.9486],[14.42606,35.94847],[14.42544,35.94878],[14.42589,35.94853],[14.42571,35.94839],[14.42435,35.94909],[14.42344,35.94824],[14.42294,35.94758],[14.4219,35.94591],[14.4215,35.94515],[14.42133,35.94468],[14.42117,35.94474],[14.42111,35.94478],[14.42152,35.94547],[14.42202,35.9468],[14.42247,35.94777],[14.42296,35.94854],[14.4239,35.94924],[14.42408,35.94955],[14.42403,35.94957],[14.4241,35.94969],[14.42417,35.94966],[14.42427,35.94985],[14.42414,35.94991],[14.42463,35.95063],[14.42483,35.95067],[14.42479,35.95077],[14.42465,35.95077],[14.4248,35.9514],[14.42499,35.95139],[14.42501,35.95157],[14.42473,35.95245],[14.42459,35.95268],[14.42445,35.95333],[14.42433,35.95344],[14.42431,35.95443],[14.42443,35.95451],[14.42445,35.95459],[14.42438,35.95462],[14.42467,35.9553],[14.4246,35.95574],[14.42473,35.95563],[14.4248,35.95574],[14.42474,35.95576],[14.42477,35.95582],[14.42486,35.95577],[14.42484,35.95584],[14.42512,35.95615],[14.42579,35.95669],[14.42638,35.957],[14.42647,35.95719],[14.42592,35.9582],[14.42583,35.95849],[14.42582,35.9588],[14.42607,35.95935],[14.42651,35.95962],[14.42709,35.95981],[14.42799,35.95952],[14.4295,35.95935],[14.42997,35.95962],[14.43016,35.95994],[14.43013,35.96023],[14.42978,35.96041],[14.42921,35.96052],[14.42865,35.96079],[14.42826,35.96089],[14.42809,35.9607],[14.42815,35.96052],[14.42791,35.96039],[14.4277,35.96011],[14.42747,35.9601],[14.42727,35.9603],[14.42662,35.96006],[14.4257,35.96008],[14.42488,35.95997],[14.42397,35.95968],[14.42269,35.95906],[14.42228,35.95893],[14.42186,35.9586],[14.42053,35.9579],[14.4197,35.95775],[14.41851,35.95734],[14.41783,35.95716],[14.41747,35.9568],[14.41746,35.95666],[14.41787,35.95634],[14.41781,35.95612],[14.41772,35.95597],[14.41732,35.95583],[14.41715,35.95563],[14.41698,35.95555],[14.41695,35.95542],[14.41712,35.955],[14.41715,35.95451],[14.41701,35.95423],[14.41675,35.95394],[14.41654,35.95383],[14.41627,35.95383],[14.41627,35.95369],[14.41613,35.95371],[14.41602,35.9538],[14.41595,35.95374],[14.41583,35.95376],[14.41585,35.95367],[14.41562,35.95357],[14.41515,35.95362],[14.41488,35.95355],[14.41445,35.95262],[14.41427,35.95236],[14.414,35.95218],[14.41371,35.95212],[14.41367,35.95218],[14.41319,35.95224],[14.41258,35.95268],[14.41231,35.95303],[14.41205,35.9531],[14.41146,35.9529],[14.41124,35.95299],[14.41103,35.95287],[14.41079,35.95299],[14.40867,35.95253],[14.40883,35.95215],[14.40851,35.95209],[14.40856,35.9511],[14.40846,35.95103],[14.40849,35.95077],[14.40851,35.9509],[14.40857,35.95089],[14.4086,35.95041],[14.40851,35.95016],[14.40805,35.94992],[14.40706,35.94974],[14.40671,35.94988],[14.40647,35.95013],[14.40638,35.95002],[14.40636,35.94954],[14.4063,35.94946],[14.40564,35.94913],[14.4054,35.9492],[14.40551,35.94895],[14.4059,35.9492],[14.40616,35.9492],[14.40618,35.94908],[14.40597,35.94901],[14.40584,35.94908],[14.40553,35.94884],[14.40543,35.94889],[14.40534,35.94879],[14.40528,35.94906],[14.40521,35.94903],[14.40529,35.94892],[14.40521,35.94882],[14.40505,35.94888],[14.40475,35.94918],[14.40447,35.94951],[14.40447,35.94963],[14.40431,35.94966],[14.40405,35.94993],[14.40383,35.94997],[14.40283,35.94976],[14.40192,35.94929],[14.40184,35.94933],[14.40192,35.94933],[14.40217,35.94957],[14.40211,35.94963],[14.40196,35.94963],[14.40156,35.94943],[14.40075,35.94938],[14.40058,35.94945],[14.40039,35.94969],[14.39975,35.94938],[14.39929,35.94982],[14.39935,35.94997],[14.39993,35.95038],[14.39977,35.95052],[14.39992,35.95058],[14.39977,35.95068],[14.39926,35.95051],[14.39782,35.95017],[14.39775,35.95012],[14.39794,35.94988],[14.39773,35.94968],[14.39776,35.94941],[14.39696,35.94922],[14.3963,35.94884],[14.39576,35.9487],[14.39496,35.94835],[14.39376,35.94801],[14.39309,35.94833],[14.39155,35.94771],[14.39172,35.94747],[14.39171,35.94733],[14.39144,35.94725],[14.39127,35.94712],[14.391,35.94726],[14.39076,35.94718],[14.39035,35.94716],[14.38982,35.94737],[14.3896,35.94736],[14.3896,35.94731],[14.38979,35.94732],[14.39037,35.94709],[14.39067,35.94705],[14.39053,35.94683],[14.39061,35.94678],[14.39054,35.94677],[14.39015,35.94629],[14.39029,35.94637],[14.39023,35.94622],[14.38995,35.94603],[14.38948,35.94593],[14.38776,35.94606],[14.38743,35.94602],[14.3855,35.94508],[14.38561,35.9452],[14.3853,35.94506],[14.38492,35.94508],[14.38417,35.94555],[14.38333,35.94623],[14.38318,35.94718],[14.38355,35.94758],[14.38426,35.94794],[14.38453,35.94824],[14.38457,35.94837],[14.38482,35.94848],[14.38526,35.94899],[14.3854,35.94886],[14.38555,35.94897],[14.38561,35.94894],[14.38548,35.94916],[14.38583,35.94955],[14.3861,35.94966],[14.38631,35.94994],[14.38723,35.9504],[14.38821,35.95071],[14.38832,35.95082],[14.38838,35.95077],[14.38824,35.95051],[14.38833,35.95051],[14.38844,35.95078],[14.38903,35.95119],[14.38877,35.95135],[14.38891,35.95171],[14.38968,35.95257],[14.38951,35.95256],[14.3891,35.9523],[14.38871,35.95216],[14.38843,35.95199],[14.38834,35.95244],[14.389,35.9531],[14.39075,35.95437],[14.39063,35.95482],[14.39084,35.95523],[14.39104,35.95522],[14.39149,35.95595],[14.39157,35.95668],[14.391,35.95747],[14.39009,35.95745],[14.3899,35.95771],[14.38983,35.95795],[14.38989,35.95831],[14.38999,35.9583],[14.38999,35.95842],[14.38977,35.95843],[14.38989,35.95887],[14.39016,35.95904],[14.39026,35.95919],[14.39076,35.95934],[14.39172,35.95943],[14.39212,35.9592],[14.39242,35.95889],[14.39237,35.9588],[14.39449,35.95801],[14.39554,35.95802],[14.39577,35.95811],[14.39571,35.95821],[14.39593,35.9582],[14.39643,35.95834],[14.39609,35.95868],[14.39658,35.95902],[14.39701,35.95948],[14.39709,35.95984],[14.3965,35.95956],[14.39566,35.96027],[14.39532,35.96086],[14.39581,35.96169],[14.39618,35.96181],[14.39671,35.96218],[14.39684,35.96269],[14.39714,35.9628],[14.39738,35.96304],[14.39753,35.96339],[14.39772,35.9635],[14.39791,35.96373],[14.39786,35.96388],[14.39738,35.96394],[14.39694,35.96413],[14.39701,35.96438],[14.39675,35.96467],[14.39631,35.96486],[14.39614,35.96514],[14.39629,35.96527],[14.39605,35.96532],[14.39607,35.96538],[14.39617,35.96536],[14.3963,35.96552],[14.39592,35.96577],[14.3955,35.96578],[14.39537,35.9662],[14.39551,35.96644],[14.39607,35.96651],[14.39615,35.96658],[14.39617,35.96669],[14.39637,35.96679],[14.39641,35.96695],[14.3967,35.96701],[14.39692,35.96719],[14.39659,35.96732],[14.39695,35.96747],[14.3968,35.96754],[14.39704,35.96767],[14.39711,35.96782],[14.3966,35.96766],[14.39615,35.96774],[14.39598,35.96757],[14.39586,35.96762],[14.39578,35.9676],[14.39578,35.96754],[14.39556,35.96751],[14.39557,35.96757],[14.39533,35.96776],[14.39466,35.96817],[14.39431,35.96808],[14.39381,35.96773],[14.39309,35.96757],[14.39265,35.96771],[14.39205,35.96736],[14.39189,35.96738],[14.39206,35.96768],[14.39178,35.96793],[14.39131,35.96801],[14.39118,35.96798],[14.39106,35.96782],[14.3909,35.96783],[14.39063,35.96801],[14.3906,35.96814],[14.39021,35.96821],[14.3902,35.96832],[14.39004,35.96831],[14.38983,35.96812],[14.38964,35.96809],[14.38939,35.96814],[14.38929,35.96797],[14.38899,35.96784],[14.38871,35.96785],[14.38782,35.96754],[14.3872,35.96851],[14.38688,35.96917],[14.38648,35.9692],[14.38614,35.96961],[14.38535,35.96971],[14.38417,35.96913],[14.38363,35.96867],[14.38373,35.96832],[14.38341,35.96803],[14.3825,35.96775],[14.38192,35.96783],[14.38098,35.96819],[14.38029,35.96955],[14.37961,35.96968],[14.37925,35.97078],[14.37938,35.97147],[14.37758,35.97115],[14.37706,35.97053],[14.37403,35.9696],[14.37115,35.96894],[14.37078,35.96879],[14.36934,35.96845],[14.36874,35.96823],[14.36825,35.96821],[14.36765,35.9678],[14.36721,35.96797],[14.36539,35.96736],[14.36461,35.96728],[14.36459,35.96716],[14.3645,35.96714],[14.36452,35.96728],[14.36436,35.96726],[14.36422,35.96716],[14.36419,35.96727],[14.364,35.96722],[14.36388,35.96728],[14.36353,35.96716],[14.36321,35.9671],[14.36315,35.96715],[14.36241,35.96697],[14.36223,35.96696],[14.36223,35.96703],[14.36134,35.96693],[14.36061,35.96719],[14.36068,35.96705],[14.36064,35.96703],[14.36053,35.96714],[14.36019,35.9671],[14.3601,35.96719],[14.35993,35.96703],[14.35992,35.9671],[14.35983,35.96711],[14.35953,35.96704],[14.35885,35.96701],[14.35875,35.96709],[14.35875,35.967],[14.35821,35.96684],[14.35799,35.96689],[14.35798,35.96677],[14.35779,35.96673],[14.35775,35.96667],[14.35723,35.96678],[14.35718,35.96693],[14.35703,35.96689],[14.35707,35.96679],[14.35697,35.96688],[14.3568,35.96689],[14.3569,35.96678],[14.3568,35.96672],[14.35667,35.96689],[14.35622,35.96653],[14.35613,35.96659],[14.35561,35.9661],[14.35353,35.96625],[14.35352,35.96633],[14.35302,35.96666],[14.35241,35.96734],[14.35245,35.96783],[14.35161,35.96842],[14.35106,35.96917],[14.35091,35.96918],[14.35079,35.96927],[14.34997,35.97112],[14.34994,35.9734],[14.35016,35.97357],[14.3511,35.974],[14.35153,35.97435],[14.35168,35.97434],[14.35185,35.97452],[14.35243,35.97477],[14.35243,35.97482],[14.35265,35.97483],[14.35262,35.9749],[14.35244,35.97485],[14.35253,35.97527],[14.3531,35.9757],[14.35413,35.9756],[14.35417,35.97547],[14.3545,35.97567],[14.35576,35.97616],[14.35713,35.97702],[14.35719,35.97726],[14.35689,35.97716],[14.3564,35.97732],[14.35654,35.97774],[14.35671,35.9778],[14.35693,35.97779],[14.35731,35.97768],[14.35738,35.97749],[14.35751,35.97748],[14.35773,35.97765],[14.35806,35.97776],[14.35812,35.97787],[14.35789,35.9779],[14.35823,35.97802],[14.35838,35.97823],[14.35875,35.97854],[14.35887,35.97843],[14.35902,35.97844],[14.35916,35.97861],[14.35933,35.97857],[14.35947,35.97868],[14.35934,35.97875],[14.35943,35.97886],[14.35963,35.9788],[14.36021,35.97905],[14.36037,35.97948],[14.36107,35.98001],[14.36132,35.98019],[14.36157,35.98015],[14.36188,35.9803],[14.36181,35.98033],[14.36195,35.98049],[14.36196,35.98063],[14.3621,35.98078],[14.36276,35.98099],[14.36309,35.98121],[14.3633,35.98124],[14.36341,35.98149],[14.36382,35.98154],[14.36411,35.98183],[14.36406,35.98188],[14.36417,35.98199],[14.36396,35.98307],[14.36458,35.98353],[14.36456,35.98393],[14.36494,35.98411],[14.36519,35.98405],[14.36534,35.98418],[14.36544,35.98407],[14.36562,35.98424],[14.36575,35.98423],[14.36581,35.98434],[14.36574,35.98433],[14.36572,35.98439],[14.36584,35.98449],[14.3659,35.98445],[14.366,35.98454],[14.36606,35.98451],[14.36602,35.98457],[14.3662,35.98471],[14.36637,35.98475],[14.36674,35.98503],[14.36868,35.98537],[14.37021,35.98513],[14.37027,35.98522],[14.3704,35.98523],[14.37054,35.98518],[14.37064,35.98498],[14.3709,35.98495],[14.37092,35.9851],[14.37111,35.98505],[14.37111,35.985],[14.37156,35.98519],[14.37156,35.98525],[14.37222,35.9857],[14.37253,35.9858],[14.37298,35.98577],[14.37329,35.98594],[14.3732,35.98608],[14.37297,35.98601],[14.37285,35.98605],[14.37292,35.98611],[14.37334,35.98616],[14.37342,35.98613],[14.37331,35.98609],[14.37337,35.98602],[14.37373,35.98612],[14.37362,35.98606],[14.37365,35.98601],[14.37391,35.98616],[14.37402,35.9863],[14.37451,35.98645],[14.37504,35.98679],[14.37577,35.98708],[14.37581,35.98725],[14.37594,35.98727],[14.37606,35.98738],[14.37615,35.98764],[14.37615,35.98801],[14.37634,35.98833],[14.37618,35.98856],[14.37621,35.98864],[14.37613,35.98863],[14.37609,35.9887],[14.37623,35.98875],[14.37628,35.98886],[14.37606,35.98881],[14.37568,35.98936],[14.37475,35.99026],[14.37408,35.99068],[14.3732,35.99105],[14.37262,35.9914],[14.37249,35.99186],[14.37257,35.99225],[14.37214,35.99236],[14.37196,35.99257],[14.37187,35.99281],[14.37188,35.99302],[14.37204,35.99307],[14.3721,35.99301],[14.37229,35.99308],[14.37228,35.99316],[14.37208,35.9933],[14.37196,35.9935],[14.37147,35.99384],[14.37126,35.9941],[14.37136,35.99413],[14.37131,35.99417],[14.37119,35.99416],[14.37107,35.99434],[14.37117,35.99462],[14.37103,35.99485],[14.37095,35.99491],[14.37086,35.99487],[14.37077,35.99497],[14.37082,35.99502],[14.37051,35.99515],[14.37018,35.99557],[14.37031,35.99562],[14.37026,35.99577],[14.37035,35.99582],[14.37028,35.99598],[14.37006,35.99609],[14.36974,35.99607],[14.36947,35.9966],[14.36915,35.9968],[14.36907,35.9967],[14.36893,35.99678],[14.36882,35.9967],[14.36862,35.99687],[14.36862,35.99702],[14.36819,35.99736],[14.36817,35.99765],[14.36836,35.99774],[14.36832,35.99789],[14.36794,35.99798],[14.36782,35.9982],[14.36757,35.99828],[14.36715,35.99828],[14.36707,35.99824],[14.36711,35.99812],[14.36696,35.99822],[14.36675,35.998],[14.36665,35.99718],[14.36673,35.99697],[14.36692,35.99679],[14.36711,35.99631],[14.36707,35.99614],[14.36664,35.99611],[14.36625,35.99621],[14.36549,35.9966],[14.36533,35.99658],[14.36529,35.99669],[14.3651,35.99665],[14.36505,35.9967],[14.36511,35.99679],[14.36488,35.99691],[14.36478,35.99689],[14.36477,35.99698],[14.36453,35.99707],[14.36359,35.99728],[14.36311,35.9971],[14.3623,35.99642],[14.36187,35.99636],[14.36178,35.99629],[14.36193,35.99589],[14.36188,35.99545],[14.36201,35.99514],[14.36203,35.99478],[14.36217,35.99419],[14.36241,35.99388],[14.3626,35.99376],[14.36383,35.99356],[14.36453,35.99333],[14.36495,35.99319],[14.36534,35.99292],[14.36537,35.99255],[14.36523,35.99224],[14.36499,35.99196],[14.36387,35.99134],[14.36365,35.99141],[14.36367,35.99152],[14.3635,35.99148],[14.36347,35.99159],[14.36341,35.99158],[14.36335,35.99167],[14.3631,35.99178],[14.36299,35.99176],[14.36274,35.99195],[14.36244,35.99192],[14.36227,35.99197],[14.36218,35.99209],[14.36207,35.99206],[14.36213,35.99201],[14.36208,35.99194],[14.3619,35.99202],[14.36159,35.99179],[14.36174,35.99197],[14.36122,35.99196],[14.36113,35.99174],[14.36102,35.99193],[14.36057,35.99192],[14.36044,35.99178],[14.36056,35.99168],[14.36038,35.99164],[14.36043,35.99172],[14.36037,35.99175],[14.36032,35.99159],[14.36023,35.99168],[14.35977,35.99145],[14.35977,35.99131],[14.35987,35.99114],[14.35971,35.99117],[14.35956,35.9909],[14.35966,35.99055],[14.35951,35.99047],[14.35952,35.99033],[14.35941,35.99026],[14.35931,35.99028],[14.3595,35.98983],[14.35945,35.98979],[14.35871,35.98948],[14.3585,35.98948],[14.35824,35.98938],[14.35795,35.98953],[14.35759,35.98949],[14.35744,35.98922],[14.35669,35.98926],[14.35609,35.98942],[14.35598,35.98969],[14.35586,35.98979],[14.3559,35.98989],[14.35583,35.98987],[14.35569,35.99013],[14.35588,35.99013],[14.35588,35.9902],[14.35572,35.9902],[14.35579,35.99078],[14.35542,35.9914],[14.35478,35.99166],[14.35383,35.99192],[14.35345,35.99187],[14.35254,35.99145],[14.35241,35.99078],[14.35251,35.99078],[14.35236,35.99055],[14.35218,35.98994],[14.35214,35.98951],[14.35203,35.98932],[14.35206,35.98913],[14.35216,35.98924],[14.35222,35.98923],[14.35215,35.98917],[14.35215,35.989],[14.35202,35.98894],[14.35195,35.98788],[14.35173,35.98752],[14.3519,35.98733],[14.35185,35.987],[14.35119,35.98669],[14.35075,35.9867],[14.34987,35.98726],[14.3499,35.98745],[14.3491,35.98805],[14.3489,35.98799],[14.34873,35.98782],[14.34861,35.98798],[14.34864,35.98816],[14.3485,35.988],[14.34833,35.98795],[14.34858,35.98837],[14.34787,35.98824],[14.34749,35.98808],[14.34746,35.9882],[14.34661,35.98817],[14.34615,35.98833],[14.34577,35.98826],[14.34639,35.98784],[14.34653,35.98768],[14.34653,35.98761],[14.34637,35.98758],[14.34646,35.98751],[14.34639,35.98745],[14.34624,35.98752],[14.34618,35.98749],[14.34617,35.98727],[14.3462,35.98717],[14.34664,35.98692],[14.34653,35.98688],[14.34654,35.98667],[14.34688,35.98635],[14.34655,35.98599],[14.34603,35.98587],[14.3458,35.98596],[14.34514,35.98654],[14.34499,35.98635],[14.34494,35.98638],[14.34501,35.98656],[14.34496,35.98663],[14.34503,35.98667],[14.34492,35.98678],[14.34442,35.98652],[14.34424,35.98657],[14.34427,35.98663],[14.3442,35.98672],[14.34465,35.9873],[14.34457,35.98735],[14.34427,35.98697],[14.34381,35.98696],[14.34342,35.98677],[14.34234,35.98712],[14.34049,35.98702],[14.33936,35.98665],[14.33884,35.98623],[14.3383,35.9862],[14.33809,35.98591],[14.33785,35.986],[14.33776,35.98632],[14.33748,35.98658],[14.33597,35.98735],[14.33509,35.98739],[14.33443,35.98751],[14.33303,35.98747],[14.33216,35.98713],[14.33178,35.98718],[14.33152,35.98709],[14.33115,35.98741],[14.33094,35.98735],[14.33088,35.98708],[14.33066,35.98697],[14.33039,35.98695],[14.33007,35.98701],[14.32967,35.98717],[14.32967,35.98755],[14.32988,35.98755],[14.32989,35.98829],[14.32978,35.98827],[14.32929,35.98874],[14.32939,35.98881],[14.32929,35.9889],[14.32916,35.98885],[14.32997,35.98943],[14.32998,35.9895],[14.32987,35.98953],[14.32906,35.98894],[14.32914,35.98904],[14.32904,35.98913],[14.32894,35.98904],[14.32863,35.9893],[14.32871,35.98935],[14.32857,35.98948],[14.32936,35.99006],[14.32925,35.99015],[14.32976,35.9905],[14.32983,35.99059],[14.3298,35.9907],[14.32959,35.99074],[14.32945,35.99066],[14.32861,35.98999],[14.32818,35.98974],[14.32815,35.98957],[14.32801,35.9895],[14.32787,35.98931],[14.32786,35.98922],[14.32797,35.98913],[14.32785,35.98894],[14.3276,35.98882],[14.32755,35.98871],[14.32803,35.98883],[14.32812,35.98869],[14.32809,35.98823],[14.32795,35.98793],[14.32774,35.98788],[14.32785,35.98771],[14.32711,35.98735],[14.32695,35.9874],[14.32686,35.98736],[14.32702,35.98703],[14.32714,35.98709],[14.32724,35.98704],[14.32737,35.98716],[14.32742,35.98706],[14.32754,35.9871],[14.32762,35.98688],[14.32779,35.98686],[14.32802,35.98674],[14.32837,35.9867],[14.3284,35.98667],[14.32821,35.98662],[14.32837,35.9865],[14.32872,35.98647],[14.32887,35.98652],[14.32905,35.98643],[14.32906,35.98625],[14.33015,35.98627],[14.3302,35.98609],[14.33044,35.98609],[14.33065,35.98622],[14.33186,35.98576],[14.33229,35.98568],[14.33251,35.98541],[14.3332,35.98516],[14.3332,35.98506],[14.33351,35.98483],[14.33405,35.98453],[14.33415,35.98379],[14.33314,35.98269],[14.33289,35.98251],[14.33271,35.98217],[14.33219,35.98192],[14.33196,35.98194],[14.33178,35.98203],[14.33181,35.98207],[14.3317,35.98212],[14.33166,35.98208],[14.33134,35.98229],[14.3313,35.98236],[14.33141,35.98241],[14.33141,35.98246],[14.33119,35.98261],[14.33099,35.98259],[14.33077,35.98274],[14.33066,35.98246],[14.33035,35.98238],[14.33026,35.98264],[14.32987,35.9822],[14.32929,35.98178],[14.3284,35.98078],[14.32812,35.98034],[14.32795,35.97938],[14.32764,35.97933],[14.32731,35.97913],[14.32713,35.97896],[14.32713,35.97888],[14.32721,35.97886],[14.32696,35.97867],[14.32675,35.9787],[14.32638,35.97863],[14.3262,35.9781],[14.32585,35.97832],[14.32578,35.9783],[14.32563,35.9781],[14.32548,35.97814],[14.32543,35.9783],[14.32534,35.97834],[14.32528,35.97832],[14.32521,35.97812],[14.32498,35.97828],[14.32511,35.97837],[14.32481,35.97837],[14.32458,35.97848],[14.32414,35.97852],[14.32309,35.97781],[14.32277,35.97766],[14.32288,35.97753],[14.32264,35.97675],[14.32206,35.97674],[14.32168,35.97618],[14.32145,35.9753],[14.32157,35.97521],[14.32155,35.97397],[14.32122,35.97377],[14.32107,35.97376],[14.32083,35.97351],[14.32091,35.97304],[14.31977,35.97185],[14.31894,35.9716],[14.31891,35.97154],[14.31898,35.97145],[14.31964,35.97135],[14.32002,35.97142],[14.31979,35.97116],[14.31969,35.97083],[14.3197,35.97061],[14.3199,35.97055],[14.32112,35.96943],[14.32186,35.96927],[14.32183,35.96901],[14.32204,35.96862],[14.32573,35.96843],[14.3259,35.96862],[14.32584,35.96842],[14.32651,35.96851],[14.32684,35.96878],[14.32854,35.96959],[14.33009,35.96979],[14.33206,35.96982],[14.33256,35.9697],[14.33288,35.96984],[14.33469,35.96974],[14.33508,35.97008],[14.33546,35.9703],[14.33524,35.97011],[14.33534,35.96999],[14.33499,35.96974],[14.3355,35.96952],[14.33637,35.96971],[14.33661,35.96953],[14.33676,35.96919],[14.33687,35.96869],[14.33613,35.96818],[14.33647,35.9679],[14.33684,35.96792],[14.33686,35.96787],[14.33668,35.96766],[14.33698,35.96762],[14.33721,35.96768],[14.33727,35.96764],[14.33728,35.96757],[14.33721,35.96751],[14.33699,35.96756],[14.33684,35.9675],[14.33692,35.96721],[14.33684,35.96718],[14.33683,35.96706],[14.33693,35.96694],[14.33682,35.96677],[14.33682,35.96659],[14.33723,35.96596],[14.33779,35.96547],[14.3381,35.96467],[14.33772,35.96457],[14.33779,35.9644],[14.33769,35.96275],[14.33613,35.96237],[14.33598,35.96251],[14.3359,35.96252],[14.3356,35.96209],[14.3357,35.96186],[14.33584,35.96164],[14.33621,35.96151],[14.33793,35.96057],[14.34007,35.96057],[14.34056,35.96062],[14.3407,35.96054],[14.34103,35.96066],[14.34107,35.9606],[14.34123,35.96063],[14.34128,35.96057],[14.3413,35.96066],[14.3414,35.96071],[14.34158,35.96061],[14.34167,35.96047],[14.34169,35.96024],[14.34131,35.95992],[14.34107,35.95993],[14.34058,35.95972],[14.34012,35.96014],[14.34006,35.9601],[14.34045,35.95972],[14.33985,35.95953],[14.33924,35.95923],[14.33909,35.95895],[14.33789,35.95836],[14.33815,35.95822],[14.33853,35.95817],[14.33866,35.95795],[14.33907,35.95805],[14.3392,35.9579],[14.33899,35.95773],[14.33927,35.95743],[14.33927,35.95689],[14.33893,35.95667],[14.33894,35.9564],[14.33845,35.95588],[14.33859,35.95556],[14.33958,35.95499],[14.33972,35.95474],[14.33961,35.95449],[14.34027,35.95481],[14.34088,35.95484],[14.3417,35.95459],[14.34165,35.95395],[14.34133,35.9533],[14.34092,35.95293],[14.34067,35.95174],[14.34032,35.95169],[14.33996,35.95187],[14.33914,35.95177],[14.338,35.95123],[14.33767,35.95086],[14.33782,35.95005],[14.33857,35.94963],[14.3385,35.94929],[14.33799,35.94929],[14.33705,35.94864],[14.33646,35.9479],[14.33608,35.94769],[14.33608,35.94711],[14.33624,35.94646],[14.33654,35.94615],[14.33646,35.94559],[14.33634,35.94544],[14.33613,35.9454],[14.33618,35.94534],[14.33632,35.94534],[14.33603,35.94478],[14.33515,35.94454],[14.33516,35.94467],[14.33502,35.9447],[14.33482,35.94457],[14.33481,35.94448],[14.3342,35.94441],[14.33352,35.94413],[14.33328,35.94451],[14.33292,35.94467],[14.33237,35.94473],[14.33176,35.94448],[14.33093,35.94393],[14.33058,35.94383],[14.33005,35.9434],[14.32976,35.94348],[14.32957,35.94346],[14.32919,35.94321],[14.32855,35.94216],[14.32858,35.94198],[14.32884,35.94194],[14.32912,35.94181],[14.32896,35.94105],[14.32922,35.94077],[14.32884,35.94077],[14.3285,35.94065],[14.3285,35.94057],[14.32866,35.9405],[14.32864,35.94033],[14.32931,35.93953],[14.32996,35.93914],[14.33065,35.93902],[14.33108,35.93861],[14.33074,35.93827],[14.3308,35.93812],[14.33088,35.93816],[14.33146,35.93805],[14.33178,35.93793],[14.33189,35.93797],[14.33211,35.93766],[14.33229,35.93787],[14.33216,35.938],[14.33212,35.93825],[14.33222,35.93838],[14.3328,35.93863],[14.33352,35.93821],[14.33443,35.93816],[14.33458,35.93807],[14.33471,35.93825],[14.33473,35.93857],[14.33506,35.93849],[14.33535,35.93849],[14.33545,35.93843],[14.33547,35.93821],[14.33527,35.93811],[14.33533,35.93802],[14.33633,35.93768],[14.33654,35.93755],[14.33694,35.93753],[14.33699,35.93724],[14.33716,35.93727],[14.33712,35.93709],[14.33729,35.93717],[14.33726,35.93728],[14.33833,35.93696],[14.33835,35.93674],[14.33895,35.93519],[14.33924,35.93502],[14.33917,35.93494],[14.33939,35.93479],[14.33947,35.93489],[14.3405,35.9345],[14.34063,35.93454],[14.3407,35.93466],[14.341,35.93467],[14.34234,35.9347],[14.34272,35.93446],[14.34301,35.93467],[14.34356,35.93458],[14.34425,35.93371],[14.34445,35.93328],[14.34454,35.93286],[14.3439,35.93257],[14.34384,35.93241],[14.34361,35.9322],[14.3434,35.93215],[14.34345,35.93209],[14.34321,35.93201],[14.34324,35.93192],[14.34304,35.93189],[14.3431,35.93177],[14.34299,35.93172],[14.34307,35.93172],[14.34307,35.93158],[14.34294,35.93158],[14.34306,35.93155],[14.34311,35.93146],[14.34312,35.93135],[14.34303,35.93133],[14.3431,35.9313],[14.34311,35.93114],[14.34293,35.93106],[14.34301,35.93098],[14.34293,35.93087],[14.34302,35.93078],[14.34295,35.93075],[14.34312,35.93062],[14.34304,35.93054],[14.34345,35.93039],[14.34355,35.93044],[14.34363,35.93031],[14.34395,35.93029],[14.34398,35.9302],[14.34428,35.93015],[14.34445,35.93],[14.34488,35.92998],[14.34502,35.92993],[14.34505,35.92955],[14.34448,35.92868],[14.34344,35.92795],[14.34323,35.92791],[14.34286,35.9281],[14.34223,35.92828],[14.34194,35.92848],[14.34188,35.9286],[14.34174,35.92864],[14.3413,35.9287],[14.34126,35.92861],[14.34096,35.92869],[14.34083,35.92858],[14.3405,35.92869],[14.34035,35.92868],[14.34055,35.92848],[14.34042,35.92847],[14.34028,35.92868],[14.34016,35.92868],[14.3401,35.92856],[14.34001,35.92856],[14.33991,35.92844],[14.33955,35.9284],[14.33944,35.92813],[14.33926,35.9282],[14.33928,35.9281],[14.33919,35.92804],[14.33924,35.92801],[14.33907,35.92798],[14.33904,35.92793],[14.33909,35.92788],[14.3392,35.92792],[14.3393,35.92785],[14.33927,35.92778],[14.33903,35.92769],[14.33915,35.92756],[14.33906,35.92757],[14.33912,35.92747],[14.33919,35.92745],[14.33906,35.9274],[14.33901,35.92731],[14.33915,35.92729],[14.3392,35.92717],[14.33917,35.92709],[14.33925,35.92696],[14.33916,35.92689],[14.33939,35.92689],[14.33929,35.92682],[14.33929,35.92676],[14.33938,35.92678],[14.33944,35.92669],[14.33936,35.92662],[14.33938,35.92652],[14.33948,35.9266],[14.33952,35.92651],[14.33965,35.92646],[14.33959,35.92642],[14.33965,35.92636],[14.33982,35.92652],[14.34023,35.92613],[14.34031,35.92614],[14.34027,35.92625],[14.34036,35.92631],[14.34055,35.92626],[14.34087,35.92605],[14.34098,35.92607],[14.34099,35.92618],[14.34108,35.92617],[14.34113,35.92631],[14.34126,35.92626],[14.34132,35.92639],[14.34145,35.92632],[14.34163,35.92648],[14.3418,35.92646],[14.3418,35.92669],[14.34193,35.92674],[14.34207,35.9269],[14.34249,35.927],[14.3425,35.92715],[14.34274,35.92718],[14.34306,35.9271],[14.34331,35.927],[14.34361,35.9267],[14.34365,35.9266],[14.3436,35.92639],[14.34337,35.92616],[14.34391,35.92614],[14.34371,35.92608],[14.34361,35.92593],[14.34362,35.92586],[14.34373,35.92586],[14.34361,35.92571],[14.34303,35.92561],[14.34304,35.92548],[14.34295,35.92533],[14.34302,35.92521],[14.34339,35.92556],[14.34345,35.92554],[14.34384,35.92574],[14.34403,35.92555],[14.34406,35.92538],[14.34402,35.92525],[14.34357,35.92477],[14.3434,35.92478],[14.34341,35.92464],[14.34315,35.92448],[14.34302,35.92407],[14.34304,35.92326],[14.34326,35.92313],[14.34339,35.92316],[14.34355,35.92302],[14.34337,35.92295],[14.34347,35.92278],[14.34383,35.92246],[14.34371,35.92237],[14.34376,35.92227],[14.34422,35.92199],[14.3441,35.92178],[14.34385,35.92176],[14.34375,35.92159],[14.34384,35.92148],[14.3442,35.92144],[14.34413,35.92127],[14.34369,35.92142],[14.34367,35.92136],[14.3438,35.92115],[14.34405,35.9211],[14.34403,35.92081],[14.34361,35.9206],[14.34294,35.92046],[14.34254,35.92026],[14.3417,35.92021],[14.3404,35.92094],[14.33999,35.9214],[14.34002,35.92166],[14.33968,35.92227],[14.33856,35.92275],[14.33726,35.92278],[14.33653,35.92261],[14.33636,35.92274],[14.33637,35.92227],[14.33623,35.92212],[14.33566,35.92229],[14.3356,35.92263],[14.33545,35.92277],[14.33488,35.92294],[14.33468,35.92293],[14.33442,35.92261],[14.33348,35.92189],[14.33322,35.92156],[14.33312,35.9211],[14.33322,35.92068],[14.33353,35.92047],[14.33361,35.92032],[14.33331,35.92021],[14.33294,35.91973],[14.33313,35.91933],[14.33277,35.91884],[14.33269,35.91837],[14.33306,35.91802],[14.33306,35.91757],[14.33277,35.9176],[14.33251,35.91731],[14.33252,35.91699],[14.33272,35.91635],[14.33292,35.91606],[14.33268,35.91561],[14.33276,35.91544],[14.33302,35.91516],[14.3335,35.91496],[14.3336,35.91479],[14.33346,35.91456],[14.33343,35.91428],[14.3336,35.91408],[14.33405,35.91385],[14.33486,35.91419],[14.33564,35.91422],[14.33591,35.9123],[14.33726,35.91204],[14.33841,35.91142],[14.33845,35.91031],[14.33903,35.90969],[14.3384,35.90857],[14.33888,35.90819],[14.34013,35.90827],[14.34028,35.90823],[14.34029,35.90815],[14.34045,35.90808],[14.34048,35.90814],[14.34071,35.90788],[14.34079,35.9076],[14.34074,35.90728],[14.3408,35.90707],[14.34101,35.90683],[14.34113,35.90642],[14.34092,35.90617],[14.3409,35.90602],[14.34061,35.90594],[14.34017,35.90596],[14.33981,35.90613],[14.33931,35.90611],[14.33855,35.90595],[14.33677,35.90572],[14.33535,35.90575],[14.33449,35.90569],[14.33421,35.90584],[14.33238,35.90615],[14.33215,35.906],[14.33187,35.90624],[14.3299,35.90661],[14.32937,35.90684],[14.32838,35.90666],[14.3282,35.90655],[14.32814,35.90635],[14.32833,35.90624],[14.32833,35.90571],[14.32842,35.90546],[14.32838,35.90509],[14.32871,35.90487],[14.32902,35.90486],[14.32942,35.90464],[14.33039,35.90384],[14.33093,35.90291],[14.33151,35.9026],[14.33157,35.90198],[14.33096,35.90129],[14.33108,35.9013],[14.33103,35.901],[14.33054,35.9007],[14.33046,35.90028],[14.33099,35.90021],[14.33025,35.89996],[14.32989,35.89965],[14.32899,35.89913],[14.32895,35.89892],[14.32932,35.89888],[14.32925,35.89874],[14.32894,35.89876],[14.32887,35.89864],[14.3287,35.89867],[14.3286,35.8984],[14.32969,35.89624],[14.32893,35.89689],[14.32906,35.89615],[14.32946,35.89576],[14.33064,35.89495],[14.33141,35.89474],[14.3317,35.89416],[14.33221,35.89397],[14.33369,35.89287],[14.33479,35.89151],[14.33591,35.88912],[14.33623,35.88813],[14.33638,35.88824],[14.33653,35.88793],[14.33662,35.88737],[14.33732,35.88532],[14.33721,35.88444],[14.33651,35.88122],[14.33651,35.87981],[14.33772,35.87896],[14.33885,35.87764],[14.33895,35.87763],[14.33918,35.87737],[14.3394,35.87728],[14.33964,35.87706],[14.3403,35.87637],[14.34041,35.87593],[14.34059,35.87567],[14.34106,35.87551],[14.34119,35.87565],[14.34131,35.87559],[14.34145,35.87527],[14.34154,35.87521],[14.34168,35.87483],[14.34165,35.87473],[14.34202,35.87409],[14.34191,35.87362],[14.34205,35.87351],[14.3424,35.87344],[14.34334,35.87353],[14.34369,35.87348],[14.344,35.87356],[14.34433,35.87346],[14.34406,35.87298],[14.34438,35.87257],[14.34607,35.87162],[14.34701,35.87078],[14.34764,35.87065],[14.34778,35.87069],[14.34788,35.87061],[14.3481,35.87066],[14.34821,35.87061],[14.34892,35.87061],[14.34906,35.87069],[14.34957,35.87062],[14.34978,35.8703],[14.34991,35.87027],[14.35025,35.87032],[14.35029,35.8704],[14.35046,35.8705],[14.35071,35.87056],[14.35136,35.87045],[14.35162,35.8705],[14.35206,35.87033],[14.35252,35.87027],[14.35295,35.87029],[14.35317,35.87038],[14.35354,35.87034],[14.35388,35.87043],[14.35423,35.87045],[14.35441,35.87041],[14.35457,35.87025],[14.3545,35.86976],[14.35443,35.86958],[14.35394,35.86898],[14.35273,35.86828],[14.35225,35.86822],[14.35217,35.86817],[14.35193,35.8682],[14.35173,35.8681],[14.35221,35.86794],[14.35237,35.86775],[14.35251,35.86773],[14.35257,35.8674],[14.35267,35.86726],[14.35306,35.86705],[14.35378,35.86686],[14.35386,35.86674],[14.35423,35.86673],[14.35438,35.86682],[14.35496,35.86685],[14.35525,35.86681],[14.35602,35.86658],[14.3567,35.86633],[14.35697,35.86617],[14.35738,35.86581],[14.3578,35.86524],[14.35775,35.86498],[14.35809,35.86452],[14.3591,35.86442],[14.3595,35.86389],[14.36015,35.86346],[14.36075,35.86301],[14.36107,35.86267],[14.36119,35.86263],[14.36125,35.86244],[14.36187,35.86177],[14.36208,35.86134],[14.36195,35.86076],[14.36204,35.86046],[14.36234,35.86015],[14.36312,35.85969],[14.36342,35.85933],[14.36373,35.85915],[14.36452,35.85889],[14.36479,35.85871],[14.36485,35.85872],[14.3662,35.8582],[14.36712,35.85758],[14.36747,35.85742],[14.36803,35.8573],[14.36886,35.85693],[14.36971,35.85625],[14.3704,35.85541],[14.37075,35.85453],[14.37126,35.85386],[14.37166,35.8537],[14.37213,35.85365],[14.37288,35.85347],[14.37307,35.85359],[14.37489,35.85298],[14.377,35.85152],[14.37788,35.85105],[14.378,35.85086],[14.37875,35.85032],[14.37927,35.84964],[14.37952,35.84956],[14.37976,35.84923],[14.37978,35.84894],[14.37992,35.84872],[14.38018,35.84855],[14.38045,35.84859],[14.38068,35.84872],[14.38112,35.84864],[14.38134,35.84871],[14.38168,35.849],[14.3823,35.849],[14.38326,35.8491],[14.38458,35.84867],[14.38484,35.84836],[14.385,35.84829],[14.38506,35.84812],[14.38494,35.84802],[14.38526,35.84781],[14.38551,35.8475],[14.3857,35.84741],[14.38621,35.84746],[14.38683,35.84707],[14.38683,35.84698],[14.38711,35.84683],[14.39034,35.84584],[14.39087,35.8456],[14.39192,35.84485],[14.39238,35.84424],[14.39325,35.84383],[14.39391,35.84377],[14.39466,35.84362],[14.3962,35.84285],[14.39634,35.84253],[14.39633,35.84217],[14.39657,35.84139],[14.39603,35.84079],[14.39552,35.84038],[14.3955,35.84028],[14.39624,35.83938],[14.39599,35.83886],[14.39617,35.83876],[14.39615,35.83852],[14.39623,35.83848],[14.39689,35.83839],[14.39772,35.83817],[14.39864,35.83801],[14.39989,35.83815],[14.40064,35.83765],[14.40206,35.83614],[14.40216,35.83611],[14.40257,35.8362],[14.40475,35.836],[14.40505,35.83603],[14.40567,35.83582],[14.40663,35.83573],[14.40714,35.83578],[14.40699,35.83572],[14.40706,35.83566],[14.40759,35.83562],[14.4078,35.83555],[14.40844,35.83514],[14.41007,35.83486],[14.4108,35.83485],[14.41093,35.83476],[14.41126,35.83471],[14.41193,35.8343],[14.4128,35.83413],[14.4137,35.83416],[14.41395,35.83427],[14.41422,35.83421],[14.41457,35.83435],[14.41586,35.8338],[14.41603,35.83366],[14.41602,35.83358],[14.41493,35.83389],[14.4146,35.8338],[14.41495,35.83363],[14.41531,35.83363],[14.41595,35.83351],[14.41563,35.83322],[14.41573,35.83275],[14.41552,35.83242],[14.41483,35.83224],[14.41453,35.83183],[14.41463,35.83154],[14.41529,35.83132],[14.41541,35.8309],[14.41507,35.83082],[14.41531,35.83015],[14.41546,35.82997],[14.41603,35.83012],[14.41623,35.82983],[14.41617,35.82964],[14.41666,35.82946],[14.41677,35.82922],[14.41677,35.82891],[14.41664,35.82873],[14.41674,35.82864],[14.41674,35.82818],[14.41836,35.82807],[14.41867,35.82764],[14.41916,35.82755],[14.41941,35.82768],[14.41965,35.82766],[14.41985,35.82778],[14.42195,35.82753],[14.42271,35.8273],[14.42299,35.82703],[14.42281,35.82699],[14.42256,35.82673],[14.42258,35.82656],[14.42345,35.82662],[14.42398,35.82685],[14.42339,35.82681],[14.42336,35.82692],[14.42356,35.82705],[14.42374,35.82702],[14.42413,35.82712],[14.42421,35.82697],[14.42417,35.82692],[14.42426,35.82687],[14.42465,35.82699],[14.42478,35.82708],[14.42451,35.82708],[14.42436,35.82728],[14.42486,35.82748],[14.42546,35.82709],[14.42549,35.82685],[14.42571,35.82677],[14.42632,35.82676],[14.42644,35.8267],[14.42652,35.82675],[14.42669,35.82674],[14.42684,35.82688],[14.42697,35.8269],[14.42703,35.82709],[14.42719,35.82721],[14.42763,35.8271],[14.42781,35.82715],[14.42788,35.82732],[14.42802,35.82733],[14.42813,35.82706],[14.42843,35.82699],[14.42829,35.82657],[14.4285,35.82642],[14.42849,35.82628],[14.429,35.82601],[14.42935,35.82608],[14.42932,35.82641],[14.42942,35.82644],[14.42954,35.82638],[14.42957,35.82628],[14.42983,35.82621],[14.42993,35.82639],[14.43023,35.82633],[14.43021,35.82626],[14.43044,35.82587],[14.43085,35.82635],[14.43103,35.82601],[14.43128,35.82608],[14.43182,35.82597],[14.43144,35.82574],[14.43174,35.82558],[14.4322,35.82576],[14.43231,35.82612],[14.43239,35.82618],[14.43264,35.82617],[14.43327,35.82598],[14.4334,35.82602],[14.43396,35.82572],[14.43409,35.82571],[14.43419,35.8259],[14.43427,35.82589],[14.43446,35.82576],[14.43459,35.82578],[14.43509,35.8254],[14.43586,35.82508],[14.43579,35.825],[14.43529,35.82511],[14.43533,35.82502],[14.43512,35.82499],[14.43479,35.82483],[14.43472,35.82472],[14.43491,35.82469],[14.43504,35.82476],[14.43517,35.82467],[14.43521,35.82476],[14.43565,35.82476],[14.43632,35.82437],[14.43602,35.8242],[14.43603,35.82411],[14.43614,35.82404],[14.43602,35.82401],[14.43614,35.82395],[14.43609,35.82382],[14.4359,35.82384],[14.43579,35.82391],[14.43582,35.82372],[14.43551,35.82384],[14.4355,35.82371],[14.43601,35.82354],[14.43605,35.82343],[14.43639,35.82336],[14.43624,35.82366],[14.43657,35.82382],[14.43677,35.82376],[14.4368,35.82335],[14.43685,35.82331],[14.43691,35.82331],[14.43694,35.82346],[14.437,35.82347],[14.43705,35.82368],[14.43725,35.82366],[14.43733,35.82355],[14.43747,35.82354],[14.43754,35.82344],[14.43782,35.82326],[14.43785,35.82317],[14.43768,35.8231],[14.43777,35.82296],[14.43812,35.82268],[14.43822,35.82244],[14.43862,35.82247],[14.43844,35.82269],[14.43846,35.82278],[14.43827,35.8229],[14.43821,35.82306],[14.43816,35.82325],[14.43826,35.82329],[14.43844,35.82327],[14.43878,35.82306],[14.43938,35.82286],[14.4394,35.82295],[14.43902,35.8231],[14.43864,35.82357],[14.43952,35.82335],[14.4404,35.8235],[14.44123,35.82335],[14.44182,35.82313],[14.44212,35.82292],[14.44291,35.8226],[14.44318,35.82204],[14.44381,35.82187],[14.4447,35.82147],[14.44496,35.82166],[14.44453,35.82186],[14.44497,35.82216],[14.4455,35.82226],[14.44552,35.82222],[14.44538,35.82214],[14.44552,35.82215],[14.44576,35.822],[14.44609,35.822],[14.44631,35.82179],[14.44618,35.82171],[14.44587,35.8212],[14.44673,35.82127],[14.44644,35.82108],[14.44647,35.82099],[14.44676,35.8208],[14.44856,35.82013],[14.44856,35.82003],[14.4493,35.81974],[14.44945,35.81979],[14.44983,35.81957],[14.45,35.81963],[14.44998,35.81981],[14.45012,35.81979],[14.45024,35.81969],[14.45051,35.81965],[14.45085,35.81947],[14.45097,35.81947],[14.45122,35.81963],[14.45145,35.8203],[14.45205,35.82085],[14.45205,35.82101],[14.45219,35.82117],[14.45243,35.8213],[14.45225,35.82116],[14.45211,35.82086],[14.45214,35.82067],[14.45196,35.82052],[14.45189,35.82027],[14.45165,35.82008],[14.45159,35.81952],[14.45191,35.81925],[14.45206,35.81928],[14.45229,35.81914],[14.45269,35.81905],[14.45311,35.81901],[14.45315,35.81909],[14.45337,35.81911],[14.45344,35.81909],[14.45346,35.81894],[14.45356,35.81896],[14.45369,35.81889],[14.45383,35.81888],[14.45391,35.81897],[14.45392,35.81889],[14.45424,35.81918],[14.45474,35.81942],[14.45489,35.81927],[14.45522,35.81926],[14.45565,35.8194],[14.45559,35.81945],[14.45569,35.81958],[14.45545,35.81984],[14.4554,35.82014],[14.45524,35.82031],[14.45528,35.82048],[14.45553,35.82051],[14.45565,35.82041],[14.45597,35.8204],[14.45625,35.82019],[14.45658,35.82016],[14.45661,35.82027],[14.45654,35.82056],[14.45661,35.8208],[14.45686,35.82106],[14.45626,35.82118],[14.45622,35.82128],[14.45649,35.82136],[14.4565,35.82148],[14.45661,35.82155],[14.45682,35.82146],[14.45679,35.8218],[14.45686,35.82216],[14.45747,35.82169],[14.45767,35.82181],[14.45804,35.82176],[14.45824,35.82148],[14.4585,35.82163],[14.45845,35.82206],[14.45884,35.82162],[14.45868,35.82145],[14.45864,35.82117],[14.45938,35.82008],[14.45963,35.81991],[14.46039,35.82006],[14.46169,35.82011],[14.46206,35.82025],[14.46293,35.82023],[14.46344,35.82],[14.4635,35.81986],[14.4653,35.81972],[14.46553,35.81963],[14.46554,35.81944],[14.46544,35.81941],[14.46542,35.8193],[14.46563,35.81927],[14.46583,35.81914],[14.46583,35.81903],[14.46591,35.81904],[14.46596,35.81869],[14.46611,35.8185],[14.46604,35.81847],[14.46633,35.81828],[14.46633,35.81814],[14.46677,35.81779],[14.46682,35.81758],[14.46738,35.81745],[14.46761,35.81734],[14.46791,35.81735],[14.46829,35.81717],[14.46849,35.81692],[14.46851,35.81671],[14.46883,35.81637],[14.46904,35.81628],[14.46921,35.81632],[14.47001,35.81578],[14.47175,35.81509],[14.47204,35.81525],[14.47248,35.81512],[14.47259,35.81527],[14.47237,35.81559],[14.47245,35.81548],[14.47259,35.81542],[14.4728,35.81545],[14.47277,35.81521],[14.47305,35.81517],[14.47298,35.8154],[14.47309,35.81537],[14.4734,35.81493],[14.4736,35.81487],[14.47397,35.81463],[14.47427,35.81463],[14.4744,35.81457],[14.47453,35.81436],[14.47514,35.814],[14.47614,35.81421],[14.47643,35.81406],[14.47629,35.81404],[14.47629,35.81396],[14.47717,35.81406],[14.47741,35.81436],[14.47753,35.8144],[14.47756,35.81456],[14.47777,35.81462],[14.47825,35.81463],[14.47844,35.81455],[14.47858,35.81465],[14.47946,35.81446],[14.47946,35.81433],[14.47962,35.81426],[14.47985,35.81441],[14.4799,35.81455],[14.4806,35.81486],[14.48137,35.81509],[14.48214,35.8152],[14.48221,35.81514],[14.48237,35.81514],[14.48231,35.81506],[14.48235,35.81495],[14.48218,35.81492],[14.48219,35.81483],[14.4823,35.81488],[14.48293,35.81466],[14.48333,35.81446],[14.48332,35.81436],[14.48351,35.8142],[14.48424,35.81392],[14.48427,35.81361],[14.48444,35.81342],[14.48605,35.81346],[14.48703,35.81352],[14.48718,35.81362],[14.48786,35.81361],[14.48805,35.81376],[14.48907,35.81402],[14.48997,35.81361],[14.49033,35.8138],[14.49119,35.81384],[14.49289,35.81368],[14.4941,35.81395],[14.49515,35.81362],[14.49587,35.81353],[14.4961,35.81323],[14.49645,35.81308],[14.49667,35.81332],[14.49697,35.81335],[14.49807,35.81306],[14.49927,35.8126],[14.50073,35.81159],[14.50277,35.81114],[14.50299,35.81094],[14.50418,35.81049],[14.50595,35.80959],[14.50649,35.8092],[14.50839,35.80833],[14.50864,35.8084],[14.50878,35.80839],[14.50894,35.80849],[14.50938,35.80857],[14.50952,35.80848],[14.50988,35.80858],[14.51004,35.80853],[14.51001,35.80839],[14.51026,35.80793],[14.51039,35.80747],[14.51202,35.80702],[14.51219,35.80693],[14.51281,35.80692],[14.51308,35.80702],[14.51368,35.80684],[14.51422,35.80687],[14.51467,35.80676],[14.51501,35.80656],[14.51531,35.80655],[14.51551,35.80641],[14.51556,35.80628],[14.51548,35.8062],[14.51552,35.80614],[14.51574,35.80634],[14.51608,35.80623],[14.51671,35.80641],[14.51746,35.80626],[14.51763,35.80634],[14.51765,35.80645],[14.51892,35.80689],[14.52085,35.80697],[14.52138,35.8071],[14.52165,35.807],[14.52175,35.80717],[14.52237,35.80734],[14.52352,35.80731],[14.52424,35.80705],[14.52449,35.80703],[14.52483,35.80681],[14.52567,35.80689],[14.52636,35.80669],[14.52697,35.80682],[14.52719,35.807],[14.52771,35.80714],[14.52793,35.80703],[14.52821,35.80723],[14.52861,35.80731],[14.52874,35.80727],[14.52882,35.8071],[14.5287,35.80662],[14.52908,35.80656],[14.52934,35.80682],[14.52981,35.80684],[14.53013,35.80661],[14.53033,35.80656],[14.53031,35.80646],[14.53049,35.80632],[14.53082,35.80644],[14.53069,35.80656],[14.53137,35.80674],[14.53176,35.8071],[14.53231,35.80721],[14.53329,35.80765],[14.5333,35.80782],[14.53351,35.8079],[14.53364,35.80786],[14.5337,35.80772],[14.53388,35.8078],[14.53414,35.80762],[14.53441,35.80777],[14.53496,35.80762],[14.5353,35.80744],[14.53607,35.8079],[14.53607,35.80797],[14.5363,35.80812],[14.53634,35.80823],[14.53714,35.80865],[14.53716,35.80888],[14.53725,35.809],[14.53752,35.80901],[14.53803,35.80887],[14.53807,35.80901],[14.53829,35.80907],[14.53832,35.80916],[14.53849,35.80922],[14.53825,35.80926],[14.53835,35.80941],[14.53882,35.80948],[14.5391,35.8096],[14.5392,35.80958],[14.53912,35.81059],[14.53893,35.81108],[14.5387,35.81139],[14.5387,35.81152],[14.53897,35.81138],[14.53974,35.81016],[14.53997,35.81014],[14.54055,35.81026],[14.5414,35.81056],[14.54237,35.81111],[14.543,35.81134],[14.54317,35.81147],[14.54291,35.81179],[14.5425,35.81207],[14.54299,35.81232],[14.54298,35.81246],[14.54424,35.81351],[14.54423,35.81365],[14.54968,35.81795],[14.54968,35.81805],[14.54948,35.81814],[14.54393,35.81379],[14.5438,35.8139],[14.54302,35.81329],[14.54277,35.81351],[14.5423,35.81423],[14.54227,35.8145],[14.5429,35.81455],[14.54328,35.81481],[14.54302,35.81503],[14.54639,35.81768],[14.54636,35.81782],[14.54665,35.81805],[14.54681,35.81876],[14.54694,35.82051],[14.54663,35.82051],[14.5466,35.81867],[14.54127,35.82321],[14.53882,35.82129],[14.53882,35.82117],[14.54381,35.81692],[14.54349,35.81668],[14.54248,35.81634],[14.542,35.81597],[14.53348,35.82173],[14.53144,35.81973],[14.53112,35.81995],[14.53108,35.81983],[14.5308,35.81991],[14.53065,35.81987],[14.53027,35.82171],[14.53035,35.82173],[14.53033,35.8218],[14.53019,35.82177],[14.52996,35.82207],[14.52971,35.82263],[14.52978,35.82274],[14.52968,35.82305],[14.52943,35.82348],[14.52955,35.82435],[14.52946,35.82439],[14.52972,35.82535],[14.52992,35.82558],[14.53011,35.82568],[14.53042,35.8256],[14.5304,35.82546],[14.53027,35.82546],[14.53027,35.82542],[14.53046,35.82543],[14.53107,35.82528],[14.53114,35.82547],[14.53131,35.82553],[14.53154,35.82553],[14.53333,35.82628],[14.5337,35.82709],[14.5332,35.82787],[14.53323,35.82815],[14.53268,35.82948],[14.53217,35.82977],[14.53238,35.83016],[14.53242,35.83048],[14.53217,35.82987],[14.53164,35.8299],[14.53177,35.82987],[14.53176,35.82983],[14.5315,35.82981],[14.531,35.82967],[14.5309,35.82973],[14.53092,35.82967],[14.53083,35.8297],[14.53087,35.82963],[14.53051,35.82952],[14.53003,35.82993],[14.52989,35.83014],[14.53069,35.83094],[14.53093,35.83108],[14.531,35.83122],[14.5307,35.83148],[14.53054,35.83185],[14.53085,35.83233],[14.53171,35.83245],[14.53234,35.83238],[14.53227,35.83233],[14.53237,35.83232],[14.53244,35.83239],[14.53287,35.83228],[14.53357,35.83224],[14.53417,35.83194],[14.53439,35.83209],[14.53539,35.8325],[14.53743,35.83296],[14.53803,35.83303],[14.53837,35.83296],[14.53908,35.83212],[14.53937,35.83204],[14.53981,35.83134],[14.54078,35.83018]],[[14.49689,35.90438],[14.49626,35.90447],[14.49625,35.9043],[14.4964,35.90373],[14.4966,35.90347],[14.49711,35.90313],[14.4982,35.90321],[14.49906,35.9031],[14.49991,35.90288],[14.50065,35.90258],[14.50061,35.90253],[14.50305,35.90127],[14.50315,35.90136],[14.50504,35.90121],[14.50574,35.90159],[14.50606,35.90215],[14.50604,35.90239],[14.5061,35.90248],[14.50618,35.90243],[14.5061,35.90215],[14.50644,35.90277],[14.50671,35.90305],[14.50716,35.90336],[14.50805,35.90367],[14.50832,35.9037],[14.50775,35.90392],[14.50684,35.90463],[14.50589,35.90518],[14.50489,35.90532],[14.50254,35.90529],[14.50236,35.9054],[14.50219,35.90533],[14.50152,35.90524],[14.50079,35.90534],[14.50043,35.90543],[14.50043,35.9055],[14.49937,35.90542],[14.49937,35.90531],[14.49932,35.90531],[14.49929,35.90542],[14.49904,35.90536],[14.49841,35.90499],[14.49805,35.9049],[14.49808,35.9047],[14.49689,35.90438]],[[14.39875,35.96407],[14.40108,35.96424],[14.4023,35.96515],[14.40285,35.96556],[14.40247,35.96607],[14.40312,35.96639],[14.40747,35.9662],[14.40748,35.96744],[14.40593,35.96743],[14.40026,35.9661],[14.39882,35.96498],[14.39875,35.96407]],[[14.32842,36.01963],[14.32799,36.01965],[14.3263,36.01797],[14.32549,36.01757],[14.32483,36.01831],[14.32461,36.01786],[14.32385,36.01879],[14.32244,36.01741],[14.32358,36.01626],[14.32441,36.01618],[14.32458,36.01546],[14.32372,36.01488],[14.324,36.01505],[14.32379,36.01466],[14.32433,36.01412],[14.32394,36.01336],[14.32456,36.01221],[14.32714,36.0105],[14.3265,36.01033],[14.32705,36.00969],[14.32766,36.00974],[14.32833,36.01081],[14.32897,36.01018],[14.32842,36.00966],[14.32966,36.00946],[14.32989,36.00906],[14.32888,36.00808],[14.32874,36.00678],[14.3271,36.00632],[14.32643,36.00468],[14.32448,36.0038],[14.33109,36.00459],[14.3328,36.00408],[14.33522,36.00478],[14.33516,36.00543],[14.33782,36.00478],[14.34365,36.00578],[14.34539,36.00663],[14.34725,36.00618],[14.34857,36.00654],[14.35049,36.00908],[14.35069,36.01022],[14.34854,36.01199],[14.34705,36.01419],[14.34594,36.01495],[14.34525,36.0149],[14.3444,36.01573],[14.34241,36.01552],[14.3403,36.01691],[14.34082,36.01712],[14.3401,36.01802],[14.3408,36.01826],[14.34063,36.01887],[14.33871,36.01933],[14.33884,36.02003],[14.33734,36.01974],[14.33823,36.01919],[14.33855,36.01816],[14.33805,36.01791],[14.3379,36.01658],[14.33721,36.01628],[14.33635,36.01645],[14.33607,36.01818],[14.33353,36.01869],[14.33256,36.01962],[14.33215,36.01944],[14.33253,36.01923],[14.3313,36.01954],[14.33158,36.01866],[14.32954,36.01618],[14.32929,36.01684],[14.32883,36.01665],[14.32865,36.01961],[14.32765,36.01867],[14.32842,36.01963]],[[14.32174,36.0131],[14.32155,36.01242],[14.32235,36.01285],[14.3224,36.01216],[14.32317,36.0124],[14.32123,36.01496],[14.31861,36.01425],[14.31724,36.01476],[14.31771,36.01265],[14.31894,36.01184],[14.32103,36.01323],[14.32174,36.0131]],[[14.30649,36.02636],[14.30743,36.02619],[14.30837,36.02635],[14.3091,36.0264],[14.31115,36.02677],[14.31193,36.02667],[14.31351,36.0268],[14.31352,36.02667],[14.31419,36.02667],[14.31615,36.02641],[14.31581,36.02619],[14.31538,36.02607],[14.31537,36.02597],[14.31597,36.02582],[14.31611,36.02584],[14.31638,36.02601],[14.31635,36.02623],[14.31636,36.0263],[14.31645,36.0263],[14.31639,36.02635],[14.31644,36.02643],[14.31791,36.02637],[14.31783,36.02612],[14.3174,36.02582],[14.31779,36.02573],[14.31825,36.02569],[14.31829,36.02582],[14.3186,36.02579],[14.31857,36.02568],[14.31865,36.02568],[14.31877,36.02571],[14.31885,36.02584],[14.31889,36.02574],[14.31904,36.02574],[14.31928,36.02585],[14.31928,36.02574],[14.32054,36.02574],[14.32152,36.0262],[14.32155,36.02637],[14.32058,36.02648],[14.32074,36.02662],[14.32098,36.02661],[14.32117,36.02669],[14.32167,36.02659],[14.32188,36.02664],[14.32184,36.02669],[14.32223,36.02672],[14.3223,36.02714],[14.32228,36.02752],[14.32212,36.02772],[14.32236,36.02798],[14.3225,36.02796],[14.32249,36.0279],[14.32325,36.02787],[14.32328,36.02798],[14.32336,36.02786],[14.32376,36.02812],[14.32391,36.02815],[14.32491,36.02812],[14.32497,36.02805],[14.3251,36.02805],[14.32509,36.02815],[14.32531,36.02809],[14.32537,36.02812],[14.32518,36.02835],[14.32553,36.02814],[14.32668,36.02802],[14.32728,36.02815],[14.3277,36.02812],[14.32783,36.02819],[14.32769,36.02823],[14.32766,36.02844],[14.32747,36.02861],[14.32764,36.02861],[14.32777,36.02876],[14.32794,36.02857],[14.32804,36.02863],[14.3282,36.02879],[14.32806,36.02893],[14.32812,36.029],[14.32799,36.02906],[14.32813,36.02904],[14.3283,36.02913],[14.3288,36.02888],[14.32892,36.02889],[14.32913,36.02875],[14.32954,36.02915],[14.32955,36.02943],[14.32934,36.02949],[14.32946,36.02966],[14.32963,36.02978],[14.33013,36.02994],[14.33043,36.02994],[14.33136,36.03041],[14.33165,36.03045],[14.33172,36.03034],[14.33177,36.03046],[14.33194,36.03035],[14.33225,36.03038],[14.33223,36.03046],[14.33252,36.03053],[14.33269,36.03049],[14.33279,36.03058],[14.33283,36.03049],[14.3328,36.03064],[14.33266,36.03071],[14.33299,36.03084],[14.33338,36.03076],[14.33352,36.03064],[14.33351,36.03078],[14.33441,36.03031],[14.33443,36.03036],[14.33433,36.03044],[14.33448,36.03047],[14.33443,36.03061],[14.33422,36.03067],[14.33437,36.03072],[14.33453,36.03093],[14.33411,36.03097],[14.33368,36.03118],[14.33361,36.03112],[14.33352,36.03117],[14.33361,36.03139],[14.33391,36.03135],[14.33478,36.0311],[14.33571,36.0317],[14.33573,36.03211],[14.33585,36.03219],[14.33613,36.03219],[14.33634,36.03244],[14.33643,36.03285],[14.3362,36.03368],[14.33611,36.03453],[14.33579,36.03538],[14.33561,36.03548],[14.33512,36.03605],[14.33493,36.03617],[14.33492,36.0363],[14.33327,36.03865],[14.3327,36.03867],[14.33265,36.03876],[14.3328,36.0389],[14.33265,36.03908],[14.33159,36.03982],[14.33132,36.03987],[14.32982,36.04095],[14.32992,36.04132],[14.32956,36.04171],[14.32865,36.04247],[14.3281,36.0425],[14.32781,36.04272],[14.32814,36.04276],[14.32674,36.04417],[14.32645,36.04429],[14.32648,36.04451],[14.3257,36.04486],[14.32509,36.0455],[14.32418,36.04607],[14.32387,36.0461],[14.32395,36.04647],[14.32283,36.04701],[14.32268,36.04691],[14.32288,36.04746],[14.32156,36.04907],[14.32096,36.04966],[14.32006,36.04996],[14.3185,36.05019],[14.31827,36.05003],[14.31804,36.05003],[14.31722,36.04981],[14.31715,36.04964],[14.31718,36.04953],[14.31709,36.04952],[14.317,36.04935],[14.31688,36.0494],[14.31689,36.04899],[14.31644,36.04896],[14.31648,36.04901],[14.31616,36.04919],[14.31596,36.04948],[14.31576,36.04961],[14.31567,36.04974],[14.31568,36.04989],[14.31463,36.05],[14.31413,36.05032],[14.31457,36.05081],[14.31458,36.05116],[14.31409,36.05139],[14.31318,36.05167],[14.31199,36.05253],[14.31185,36.05288],[14.31229,36.0533],[14.31237,36.05353],[14.31215,36.05397],[14.31173,36.05421],[14.31224,36.05504],[14.31183,36.05524],[14.31197,36.0557],[14.31177,36.05636],[14.31199,36.05658],[14.31177,36.05715],[14.31189,36.05727],[14.31168,36.05724],[14.31122,36.05755],[14.31116,36.05819],[14.30941,36.05926],[14.30718,36.05902],[14.30639,36.05899],[14.30591,36.05856],[14.30405,36.0576],[14.30371,36.05762],[14.30374,36.05775],[14.30355,36.0577],[14.30329,36.05751],[14.30302,36.05756],[14.30302,36.05768],[14.30282,36.05755],[14.30263,36.05756],[14.30229,36.05735],[14.3016,36.05724],[14.3011,36.0569],[14.30005,36.05726],[14.29998,36.05737],[14.29999,36.05773],[14.2996,36.05769],[14.29919,36.05832],[14.29902,36.05903],[14.29869,36.05928],[14.29817,36.05924],[14.2977,36.05991],[14.29734,36.06018],[14.29696,36.06029],[14.29683,36.0602],[14.29642,36.06045],[14.29631,36.06037],[14.2961,36.06046],[14.29599,36.06053],[14.29593,36.06072],[14.29621,36.06085],[14.29531,36.06098],[14.29505,36.06115],[14.29472,36.06112],[14.29369,36.06178],[14.29274,36.06349],[14.29257,36.06359],[14.2927,36.06373],[14.29277,36.06419],[14.29267,36.06425],[14.29264,36.06437],[14.29246,36.06438],[14.29244,36.06445],[14.29223,36.06451],[14.29228,36.06474],[14.2919,36.06484],[14.29181,36.06479],[14.29158,36.06488],[14.29132,36.06503],[14.2912,36.06517],[14.29105,36.06522],[14.29096,36.06531],[14.29107,36.06543],[14.29105,36.06554],[14.2909,36.06563],[14.29076,36.0656],[14.29075,36.0655],[14.29058,36.06539],[14.28993,36.06546],[14.28973,36.06569],[14.28924,36.06572],[14.28865,36.06529],[14.28784,36.06462],[14.28734,36.06356],[14.28699,36.06321],[14.28668,36.06273],[14.28637,36.06267],[14.28629,36.06213],[14.28614,36.06202],[14.28561,36.06195],[14.28501,36.06176],[14.28377,36.06178],[14.2837,36.06183],[14.28297,36.06166],[14.28185,36.06165],[14.28119,36.06219],[14.2802,36.06272],[14.2801,36.06283],[14.27999,36.06287],[14.27935,36.0628],[14.27928,36.06313],[14.27871,36.06348],[14.27859,36.06394],[14.27805,36.06432],[14.27792,36.06472],[14.27779,36.06482],[14.27735,36.06491],[14.27685,36.06473],[14.27681,36.06466],[14.27665,36.06467],[14.27663,36.06475],[14.27569,36.06507],[14.27529,36.06538],[14.27489,36.06554],[14.27394,36.06535],[14.27317,36.06631],[14.27276,36.06637],[14.27254,36.06634],[14.27235,36.0667],[14.27195,36.06708],[14.27171,36.06774],[14.27164,36.06872],[14.27138,36.06909],[14.2713,36.06964],[14.27098,36.06991],[14.27071,36.07028],[14.27029,36.07028],[14.27007,36.07045],[14.26987,36.07072],[14.26987,36.07129],[14.26937,36.07169],[14.26887,36.07171],[14.26883,36.07167],[14.26843,36.07179],[14.26802,36.07222],[14.26782,36.07292],[14.26747,36.07313],[14.26715,36.07325],[14.26665,36.07322],[14.26641,36.07315],[14.26604,36.07292],[14.26527,36.07279],[14.26494,36.07301],[14.2647,36.07335],[14.2646,36.07372],[14.26465,36.07387],[14.2642,36.07379],[14.26383,36.07388],[14.2635,36.07383],[14.26363,36.07399],[14.26409,36.07415],[14.26407,36.07425],[14.26361,36.07421],[14.26338,36.07406],[14.2634,36.0739],[14.26331,36.07383],[14.26257,36.07399],[14.26242,36.07376],[14.26097,36.07327],[14.26128,36.07288],[14.26124,36.07271],[14.26076,36.07273],[14.26031,36.0726],[14.2603,36.07255],[14.26065,36.07266],[14.26079,36.07262],[14.26084,36.07251],[14.2606,36.07216],[14.26047,36.07215],[14.26033,36.07224],[14.2604,36.07249],[14.26014,36.07191],[14.26037,36.0718],[14.26009,36.07143],[14.25933,36.07122],[14.25899,36.07132],[14.25901,36.07141],[14.25889,36.07142],[14.25885,36.07137],[14.25821,36.07161],[14.25801,36.07275],[14.25808,36.07296],[14.25821,36.07406],[14.25832,36.07412],[14.25857,36.07452],[14.25842,36.07502],[14.25855,36.07503],[14.25857,36.07509],[14.25828,36.07514],[14.2583,36.07523],[14.25818,36.07528],[14.25835,36.07545],[14.25801,36.07557],[14.2581,36.07584],[14.25783,36.07598],[14.25769,36.07614],[14.25755,36.07616],[14.25724,36.07638],[14.2571,36.07637],[14.25679,36.07647],[14.25659,36.07642],[14.25597,36.07655],[14.25581,36.07672],[14.25529,36.07693],[14.25439,36.07689],[14.25377,36.07673],[14.25369,36.07686],[14.25342,36.07692],[14.2533,36.0766],[14.25316,36.07659],[14.25293,36.07642],[14.25243,36.07626],[14.25226,36.07633],[14.2519,36.07669],[14.25182,36.07701],[14.25186,36.0771],[14.25204,36.07708],[14.25217,36.07734],[14.25202,36.07748],[14.25192,36.07748],[14.25176,36.07773],[14.25108,36.07808],[14.25092,36.07841],[14.25092,36.07877],[14.25103,36.07921],[14.25138,36.07947],[14.25168,36.07956],[14.25217,36.07955],[14.25197,36.07973],[14.252,36.07997],[14.25192,36.08004],[14.25121,36.08003],[14.25116,36.07996],[14.25066,36.07982],[14.2502,36.07982],[14.25003,36.08002],[14.24974,36.08009],[14.2492,36.07994],[14.24833,36.07991],[14.24827,36.07982],[14.24845,36.07939],[14.24845,36.07913],[14.24875,36.07868],[14.24849,36.07851],[14.24809,36.07843],[14.24778,36.07851],[14.24759,36.07871],[14.24751,36.07912],[14.24762,36.07949],[14.24756,36.07971],[14.24716,36.08017],[14.24696,36.08011],[14.24659,36.07964],[14.24618,36.0801],[14.2459,36.08001],[14.24517,36.08014],[14.24407,36.08008],[14.24359,36.08029],[14.24332,36.0803],[14.24317,36.08042],[14.24251,36.08058],[14.24243,36.08052],[14.24202,36.08056],[14.2418,36.08061],[14.24162,36.08073],[14.24126,36.0808],[14.2407,36.08075],[14.23949,36.08089],[14.23836,36.08125],[14.23818,36.08126],[14.23787,36.08147],[14.23748,36.08145],[14.23691,36.08181],[14.23639,36.08192],[14.23634,36.08201],[14.23638,36.08215],[14.23614,36.082],[14.23599,36.08207],[14.23597,36.08191],[14.23585,36.08188],[14.23578,36.08172],[14.23552,36.08153],[14.23533,36.08151],[14.23538,36.08142],[14.23526,36.08132],[14.23542,36.08118],[14.2352,36.08107],[14.23486,36.08112],[14.23444,36.08107],[14.23368,36.08117],[14.23331,36.08153],[14.23258,36.08164],[14.23227,36.08186],[14.23188,36.08193],[14.2316,36.0821],[14.23121,36.08213],[14.23111,36.08207],[14.23137,36.08183],[14.23119,36.08165],[14.23058,36.08164],[14.2304,36.08172],[14.23026,36.0817],[14.23028,36.08138],[14.2301,36.08115],[14.23009,36.08104],[14.23,36.08104],[14.22985,36.08088],[14.22948,36.08027],[14.22894,36.07982],[14.22885,36.07953],[14.22859,36.07927],[14.22863,36.07891],[14.22845,36.07875],[14.22838,36.07876],[14.22848,36.07905],[14.2284,36.07917],[14.22846,36.07932],[14.22885,36.08002],[14.22917,36.08022],[14.22923,36.08049],[14.22895,36.08054],[14.22888,36.08064],[14.22852,36.08066],[14.22833,36.08059],[14.22798,36.08065],[14.22716,36.08043],[14.22637,36.08053],[14.22607,36.08061],[14.22556,36.08089],[14.22469,36.08122],[14.22411,36.08157],[14.22379,36.08164],[14.22346,36.08163],[14.22288,36.08179],[14.22278,36.08175],[14.22276,36.08164],[14.2229,36.08154],[14.22282,36.08142],[14.22288,36.08138],[14.22285,36.08122],[14.22276,36.08112],[14.22291,36.0809],[14.22276,36.08027],[14.22246,36.08001],[14.22208,36.07981],[14.22174,36.07983],[14.22132,36.07978],[14.22117,36.07967],[14.22088,36.07966],[14.22049,36.07975],[14.22047,36.07969],[14.22025,36.07962],[14.21998,36.07973],[14.21981,36.07962],[14.21962,36.07966],[14.21941,36.07956],[14.21898,36.07955],[14.21843,36.07964],[14.21769,36.08001],[14.21741,36.08021],[14.21728,36.08018],[14.21674,36.08046],[14.21668,36.08041],[14.21668,36.08014],[14.21653,36.08001],[14.21594,36.08001],[14.21576,36.07996],[14.2155,36.08001],[14.2147,36.07992],[14.21388,36.08007],[14.21373,36.07998],[14.21359,36.07999],[14.21358,36.07993],[14.21335,36.07995],[14.21332,36.07984],[14.21313,36.07983],[14.21304,36.07969],[14.21305,36.07955],[14.21295,36.07938],[14.2128,36.07877],[14.21266,36.07848],[14.21296,36.07976],[14.21284,36.0798],[14.21271,36.07967],[14.21056,36.07969],[14.20974,36.07954],[14.20961,36.07945],[14.20785,36.07934],[14.20766,36.0792],[14.20725,36.07915],[14.20674,36.07893],[14.20579,36.07874],[14.20557,36.07861],[14.20506,36.0785],[14.20415,36.07836],[14.20351,36.07844],[14.20294,36.07828],[14.2024,36.07784],[14.2022,36.07755],[14.20204,36.0773],[14.2021,36.07718],[14.20196,36.0768],[14.20164,36.07623],[14.2014,36.07601],[14.20119,36.07586],[14.20089,36.07576],[14.20069,36.07582],[14.20052,36.07568],[14.2002,36.07557],[14.1992,36.0748],[14.19899,36.07449],[14.19851,36.07424],[14.19835,36.07428],[14.19835,36.07416],[14.19824,36.07414],[14.19789,36.07417],[14.19735,36.07455],[14.19673,36.07474],[14.19651,36.07469],[14.19635,36.07476],[14.19511,36.07476],[14.19489,36.0747],[14.19473,36.07456],[14.19419,36.07458],[14.19416,36.07453],[14.19387,36.07456],[14.19371,36.07452],[14.19371,36.07434],[14.19341,36.07404],[14.19268,36.07383],[14.19236,36.07393],[14.19156,36.074],[14.19075,36.0742],[14.19055,36.07431],[14.1904,36.07431],[14.19005,36.07417],[14.18921,36.07414],[14.18814,36.07422],[14.18788,36.07421],[14.18775,36.07413],[14.1869,36.07437],[14.18658,36.07456],[14.18574,36.07462],[14.1855,36.07456],[14.18496,36.07411],[14.18477,36.07416],[14.18457,36.07398],[14.18448,36.07372],[14.18446,36.0733],[14.18393,36.0723],[14.18395,36.07185],[14.18403,36.07171],[14.18398,36.0716],[14.18406,36.07134],[14.18395,36.07124],[14.18386,36.07124],[14.18381,36.07112],[14.18393,36.07078],[14.18393,36.07026],[14.18375,36.06975],[14.18347,36.06936],[14.18352,36.06921],[14.18403,36.06859],[14.18411,36.06811],[14.18406,36.06795],[14.18419,36.0679],[14.18448,36.06734],[14.18506,36.06671],[14.18506,36.06657],[14.18502,36.06649],[14.1849,36.06652],[14.1847,36.06628],[14.18447,36.06556],[14.18413,36.06523],[14.1841,36.06504],[14.18416,36.06497],[14.18427,36.06498],[14.18447,36.0646],[14.18465,36.0645],[14.1852,36.06432],[14.18602,36.06441],[14.18634,36.06433],[14.1868,36.06409],[14.18693,36.06393],[14.18702,36.06392],[14.18726,36.06371],[14.18734,36.06376],[14.18753,36.0637],[14.18764,36.06374],[14.1877,36.06384],[14.18753,36.06385],[14.18749,36.06394],[14.18788,36.06408],[14.18792,36.06405],[14.18781,36.06398],[14.18793,36.06386],[14.18813,36.0639],[14.18827,36.06401],[14.18864,36.06399],[14.18881,36.0639],[14.18897,36.06394],[14.18899,36.064],[14.18913,36.06396],[14.18969,36.06356],[14.18992,36.0632],[14.19014,36.06306],[14.19034,36.06302],[14.1906,36.06271],[14.19068,36.06249],[14.19125,36.06195],[14.19126,36.06136],[14.19136,36.06123],[14.19162,36.06119],[14.19175,36.06079],[14.19164,36.06059],[14.1916,36.06025],[14.19141,36.06],[14.19124,36.0595],[14.19095,36.05918],[14.1914,36.05877],[14.19217,36.05769],[14.19221,36.05707],[14.19215,36.05687],[14.19158,36.05607],[14.19147,36.05599],[14.19138,36.0558],[14.19121,36.05572],[14.19078,36.05526],[14.19063,36.05524],[14.19053,36.05507],[14.19037,36.05496],[14.1902,36.05502],[14.18987,36.05493],[14.18975,36.05484],[14.18957,36.05486],[14.18916,36.05475],[14.18907,36.05459],[14.18907,36.0542],[14.18858,36.05397],[14.18855,36.05372],[14.18865,36.05346],[14.18879,36.05333],[14.18884,36.05306],[14.18811,36.05288],[14.18845,36.05289],[14.18847,36.05277],[14.18842,36.05267],[14.18808,36.05259],[14.18804,36.05251],[14.18817,36.05238],[14.18827,36.05206],[14.18848,36.05205],[14.18863,36.05197],[14.18869,36.0518],[14.18852,36.0517],[14.18858,36.05137],[14.18866,36.05136],[14.18869,36.05126],[14.18892,36.05121],[14.18906,36.05103],[14.18976,36.05092],[14.19015,36.0506],[14.1903,36.0502],[14.1903,36.04961],[14.19024,36.04936],[14.18993,36.04894],[14.18993,36.04884],[14.18924,36.04822],[14.18823,36.04808],[14.18868,36.04782],[14.18909,36.04806],[14.1895,36.04812],[14.18998,36.0483],[14.19036,36.04834],[14.19129,36.04814],[14.19171,36.04824],[14.19207,36.04824],[14.19249,36.0479],[14.19274,36.04741],[14.19283,36.04693],[14.19303,36.04689],[14.19313,36.04695],[14.19328,36.04692],[14.19314,36.04671],[14.19316,36.04649],[14.19334,36.04625],[14.19317,36.04585],[14.19318,36.04575],[14.1933,36.0457],[14.19287,36.04557],[14.19279,36.04542],[14.19262,36.04534],[14.19217,36.04528],[14.19134,36.04538],[14.19071,36.0453],[14.18978,36.04551],[14.1897,36.04558],[14.18957,36.04558],[14.18945,36.04544],[14.18934,36.04525],[14.18935,36.04513],[14.18953,36.04465],[14.18968,36.04455],[14.18975,36.04443],[14.18975,36.0443],[14.18954,36.04388],[14.18959,36.04351],[14.18963,36.04342],[14.18978,36.04337],[14.18957,36.04318],[14.18958,36.04256],[14.18949,36.0424],[14.18956,36.04216],[14.18942,36.04209],[14.18937,36.04186],[14.18952,36.04094],[14.18968,36.04048],[14.18973,36.03996],[14.18938,36.0398],[14.18937,36.03969],[14.18866,36.03955],[14.18855,36.03924],[14.18863,36.03916],[14.18856,36.03899],[14.18841,36.03886],[14.18822,36.0384],[14.18791,36.03802],[14.18781,36.03796],[14.1874,36.03806],[14.18725,36.03778],[14.18724,36.03748],[14.18709,36.03708],[14.18607,36.03681],[14.18595,36.03656],[14.18615,36.03629],[14.18618,36.03604],[14.18699,36.03564],[14.18764,36.03511],[14.18771,36.03491],[14.18796,36.03471],[14.18907,36.03416],[14.19056,36.0339],[14.19115,36.03386],[14.19125,36.03392],[14.19173,36.03377],[14.19191,36.03387],[14.19327,36.03306],[14.19389,36.03296],[14.19412,36.03309],[14.19454,36.03319],[14.19463,36.03334],[14.1963,36.03362],[14.19794,36.03347],[14.19898,36.03351],[14.19959,36.03368],[14.2,36.03413],[14.20027,36.03423],[14.20139,36.03433],[14.2022,36.03447],[14.20342,36.0343],[14.20393,36.03382],[14.20408,36.03375],[14.20429,36.03377],[14.20455,36.03359],[14.20471,36.03361],[14.20573,36.03319],[14.20596,36.03322],[14.20706,36.03311],[14.20742,36.0332],[14.20756,36.03316],[14.20776,36.0332],[14.20935,36.03307],[14.2096,36.03253],[14.20915,36.03243],[14.20914,36.03226],[14.20976,36.03179],[14.21089,36.03118],[14.2109,36.0311],[14.21081,36.03105],[14.21084,36.03084],[14.21122,36.03082],[14.21087,36.03068],[14.21109,36.03062],[14.21176,36.03076],[14.21215,36.03065],[14.21248,36.03074],[14.21258,36.03069],[14.21287,36.03082],[14.21371,36.02976],[14.21364,36.02957],[14.21349,36.02946],[14.21354,36.0294],[14.21379,36.02937],[14.21393,36.0293],[14.21496,36.03019],[14.2151,36.03024],[14.2156,36.03021],[14.21567,36.03009],[14.21601,36.03011],[14.21631,36.03025],[14.21642,36.03048],[14.21643,36.03073],[14.21687,36.03055],[14.21692,36.03057],[14.21744,36.02985],[14.21669,36.02968],[14.2162,36.02947],[14.21525,36.02933],[14.2151,36.02927],[14.21489,36.02896],[14.21481,36.0287],[14.21498,36.02856],[14.21522,36.02812],[14.21581,36.02769],[14.21604,36.0272],[14.21547,36.02767],[14.21496,36.02786],[14.21464,36.02808],[14.21432,36.02814],[14.21322,36.02791],[14.21269,36.02794],[14.21226,36.02784],[14.21216,36.02772],[14.21233,36.02742],[14.2128,36.02705],[14.2128,36.02697],[14.2132,36.02679],[14.21332,36.02683],[14.21364,36.02658],[14.21375,36.02621],[14.21394,36.02614],[14.21409,36.02617],[14.21432,36.02605],[14.21459,36.02578],[14.2146,36.02565],[14.21526,36.02478],[14.21547,36.02472],[14.21577,36.02441],[14.2158,36.02374],[14.21597,36.02369],[14.21628,36.02378],[14.21646,36.02374],[14.21671,36.02361],[14.21684,36.02346],[14.21711,36.02343],[14.21731,36.02383],[14.21773,36.02385],[14.21821,36.02377],[14.21829,36.02386],[14.2184,36.02386],[14.21887,36.02358],[14.21903,36.02336],[14.21895,36.02318],[14.2191,36.02283],[14.21903,36.0227],[14.21867,36.02253],[14.21847,36.02252],[14.21811,36.0223],[14.21813,36.02217],[14.21802,36.02204],[14.21815,36.02176],[14.21825,36.02176],[14.2184,36.02159],[14.21853,36.02125],[14.21882,36.021],[14.21887,36.02088],[14.21906,36.02094],[14.2192,36.02113],[14.21963,36.02131],[14.21977,36.02114],[14.22012,36.02128],[14.22038,36.02129],[14.2208,36.02114],[14.22098,36.02075],[14.22134,36.02038],[14.22158,36.02036],[14.22189,36.02025],[14.22215,36.02027],[14.22255,36.02047],[14.22284,36.0205],[14.22381,36.02091],[14.22414,36.02089],[14.22423,36.02099],[14.22416,36.0213],[14.22445,36.02115],[14.22481,36.02124],[14.22503,36.02145],[14.22519,36.02144],[14.22526,36.02134],[14.22511,36.02126],[14.2251,36.02119],[14.22568,36.0213],[14.22682,36.02167],[14.22767,36.02166],[14.22799,36.02179],[14.22917,36.02157],[14.22992,36.02133],[14.23028,36.0211],[14.23017,36.02102],[14.23022,36.02091],[14.23055,36.02083],[14.2313,36.02101],[14.23199,36.02107],[14.23222,36.02098],[14.23273,36.02093],[14.23301,36.02082],[14.23313,36.02059],[14.23299,36.0202],[14.23282,36.02],[14.23287,36.01989],[14.23305,36.0199],[14.23351,36.02006],[14.23397,36.02004],[14.23425,36.01993],[14.23442,36.01997],[14.23516,36.01994],[14.23572,36.01969],[14.2362,36.01931],[14.23635,36.0193],[14.23644,36.01921],[14.23667,36.01927],[14.23684,36.01914],[14.23709,36.01906],[14.23738,36.01911],[14.23779,36.01928],[14.2386,36.01921],[14.23938,36.01906],[14.23974,36.01913],[14.2401,36.01909],[14.24039,36.01929],[14.24067,36.01927],[14.24088,36.01919],[14.24098,36.01901],[14.2412,36.01892],[14.24235,36.01932],[14.24273,36.01937],[14.24407,36.01914],[14.24475,36.01895],[14.24505,36.01881],[14.24521,36.01884],[14.24665,36.01864],[14.24817,36.01865],[14.2498,36.01834],[14.25043,36.01834],[14.25082,36.0184],[14.25117,36.01836],[14.25178,36.01809],[14.25199,36.01793],[14.25219,36.01797],[14.25278,36.0179],[14.2532,36.01772],[14.25361,36.01734],[14.25379,36.01689],[14.25362,36.01625],[14.25352,36.01612],[14.25366,36.01606],[14.25361,36.01591],[14.25374,36.01572],[14.25369,36.01548],[14.25389,36.01533],[14.25361,36.01516],[14.25372,36.01509],[14.25378,36.01493],[14.25368,36.01478],[14.25376,36.01471],[14.25449,36.01452],[14.25488,36.01436],[14.25509,36.01417],[14.25563,36.01392],[14.25571,36.01369],[14.25597,36.01381],[14.25612,36.01378],[14.2564,36.01398],[14.25706,36.0142],[14.25713,36.01416],[14.2575,36.01424],[14.25784,36.01399],[14.25802,36.01401],[14.25848,36.01425],[14.25896,36.01425],[14.25925,36.01365],[14.25948,36.0136],[14.25952,36.0135],[14.2597,36.01341],[14.25982,36.01327],[14.26007,36.01316],[14.26063,36.01256],[14.26083,36.01222],[14.26061,36.01212],[14.26056,36.01203],[14.26108,36.01197],[14.26111,36.01187],[14.26104,36.01164],[14.26114,36.01154],[14.26144,36.01144],[14.2617,36.0115],[14.26202,36.01143],[14.26223,36.01174],[14.2623,36.01194],[14.26226,36.01209],[14.26243,36.01242],[14.26274,36.01264],[14.26293,36.01263],[14.26303,36.0127],[14.26328,36.01298],[14.26349,36.01308],[14.26373,36.0134],[14.26419,36.01346],[14.26446,36.01362],[14.26511,36.01381],[14.26525,36.01395],[14.26534,36.01393],[14.2652,36.01382],[14.2662,36.01407],[14.26643,36.01405],[14.26659,36.0141],[14.26664,36.01419],[14.26703,36.01422],[14.26782,36.01458],[14.26848,36.01473],[14.26922,36.01504],[14.26978,36.01521],[14.26983,36.01531],[14.27017,36.01525],[14.27026,36.01543],[14.27051,36.01559],[14.27049,36.01566],[14.27058,36.01575],[14.27107,36.0158],[14.27124,36.01597],[14.27131,36.01595],[14.27131,36.01603],[14.27172,36.01601],[14.27164,36.01605],[14.27169,36.01635],[14.27211,36.01656],[14.27261,36.01646],[14.2727,36.01654],[14.27244,36.01671],[14.27128,36.01713],[14.27084,36.01718],[14.27124,36.01725],[14.27177,36.01715],[14.27203,36.01704],[14.27214,36.01707],[14.27242,36.01741],[14.27252,36.01764],[14.27243,36.01786],[14.27212,36.01805],[14.2722,36.01826],[14.27218,36.01855],[14.27193,36.01938],[14.27172,36.01952],[14.27135,36.01964],[14.27135,36.01973],[14.27121,36.01987],[14.27121,36.02023],[14.27147,36.0204],[14.27172,36.02037],[14.272,36.01994],[14.27231,36.01979],[14.27241,36.01968],[14.27241,36.01948],[14.27255,36.01933],[14.27248,36.01913],[14.27264,36.01843],[14.27283,36.01829],[14.27302,36.01827],[14.27332,36.01803],[14.27339,36.01779],[14.27327,36.01749],[14.27331,36.01729],[14.27391,36.01701],[14.27529,36.01682],[14.2757,36.01668],[14.27593,36.01669],[14.27641,36.01656],[14.27678,36.01643],[14.27726,36.01611],[14.27806,36.01622],[14.27815,36.0164],[14.27833,36.0165],[14.27852,36.0164],[14.2786,36.01628],[14.27884,36.01618],[14.27901,36.01597],[14.27923,36.01582],[14.27944,36.01583],[14.27982,36.01635],[14.2796,36.01646],[14.27957,36.01684],[14.28019,36.0169],[14.27994,36.017],[14.2799,36.01714],[14.27996,36.01727],[14.27996,36.01784],[14.28015,36.01793],[14.28083,36.01785],[14.28181,36.01782],[14.28324,36.0176],[14.28468,36.01751],[14.28469,36.01744],[14.28478,36.01752],[14.28495,36.01754],[14.28505,36.01749],[14.28516,36.01757],[14.28538,36.0176],[14.28559,36.01752],[14.28595,36.01784],[14.28636,36.018],[14.28672,36.01805],[14.28729,36.01831],[14.28742,36.01863],[14.2875,36.01871],[14.28771,36.01875],[14.28794,36.01935],[14.28826,36.0194],[14.2885,36.01955],[14.2884,36.01942],[14.28835,36.01916],[14.28846,36.01909],[14.2892,36.01973],[14.28975,36.01992],[14.29023,36.02001],[14.29041,36.01994],[14.29056,36.01975],[14.29052,36.01958],[14.29061,36.01945],[14.29096,36.01959],[14.29107,36.01951],[14.2912,36.01932],[14.29125,36.01911],[14.29116,36.01898],[14.29017,36.01864],[14.28983,36.01842],[14.28983,36.01836],[14.28993,36.01831],[14.29011,36.01836],[14.29077,36.01825],[14.29125,36.01827],[14.29157,36.01841],[14.29175,36.01856],[14.29205,36.01899],[14.29201,36.01909],[14.29176,36.01901],[14.29164,36.01915],[14.29175,36.01939],[14.29205,36.0197],[14.29256,36.01983],[14.29262,36.01981],[14.29254,36.01963],[14.29295,36.01982],[14.29339,36.01974],[14.29349,36.01977],[14.2941,36.02024],[14.29465,36.02052],[14.29579,36.02088],[14.29689,36.02107],[14.29697,36.02137],[14.29689,36.02151],[14.29723,36.02175],[14.29737,36.02169],[14.29755,36.02196],[14.29756,36.02203],[14.29748,36.02207],[14.29752,36.02214],[14.30081,36.02442],[14.30127,36.02464],[14.302,36.02478],[14.30209,36.02487],[14.30206,36.02504],[14.30198,36.02509],[14.30116,36.02488],[14.30055,36.0246],[14.29978,36.02403],[14.29966,36.02414],[14.2989,36.02362],[14.29875,36.02374],[14.29864,36.02365],[14.29851,36.02378],[14.29855,36.02383],[14.29842,36.02392],[14.29924,36.02488],[14.29905,36.02507],[14.29791,36.0242],[14.29802,36.02397],[14.29771,36.02375],[14.29723,36.02419],[14.29713,36.02412],[14.29705,36.02418],[14.29689,36.02447],[14.29684,36.02507],[14.29693,36.02521],[14.29743,36.02511],[14.29744,36.02516],[14.2969,36.02525],[14.29687,36.02538],[14.29723,36.02572],[14.29736,36.02594],[14.29821,36.02621],[14.29826,36.0261],[14.29838,36.02629],[14.29851,36.02629],[14.29854,36.02621],[14.29862,36.02624],[14.29857,36.02635],[14.29863,36.02653],[14.29887,36.02669],[14.29922,36.0267],[14.29928,36.02654],[14.29954,36.02649],[14.29971,36.02663],[14.29984,36.0266],[14.29995,36.02667],[14.29995,36.02677],[14.30017,36.02677],[14.30019,36.02685],[14.30006,36.02683],[14.30001,36.02687],[14.30045,36.02696],[14.30049,36.0269],[14.30157,36.02724],[14.30187,36.02723],[14.30203,36.02701],[14.30213,36.02699],[14.3018,36.026],[14.30191,36.0259],[14.302,36.026],[14.30234,36.02711],[14.30248,36.02718],[14.30325,36.02681],[14.30346,36.02715],[14.30528,36.02733],[14.30518,36.02675],[14.30504,36.02663],[14.30538,36.02643],[14.30649,36.02636]]]}},{"type":"Feature","properties":{"zone":"eez","area_km2_utm33n":52890.5,"source":"Marine Regions, Maritime Boundaries and EEZ (200NM) v12, 2023, doi:10.14284/632"},"geometry":{"type":"Polygon","coordinates":[[[17.49726,35.06441],[17.32031,34.96318],[17.21941,34.90736],[17.14625,34.86645],[16.87724,34.72995],[16.70318,34.65175],[16.49747,34.56194],[16.35888,34.51138],[16.35869,34.51131],[16.3585,34.51124],[16.35831,34.51117],[16.35812,34.5111],[16.35793,34.51103],[16.35774,34.51096],[16.35755,34.5109],[16.35736,34.51083],[16.35717,34.51076],[16.35698,34.51069],[16.26012,34.47529],[16.08605,34.41621],[15.81705,34.33721],[15.64299,34.2975],[15.59417,34.28668],[15.4531,34.25467],[15.44329,34.25316],[15.19992,34.21518],[15.18455,34.21329],[15.17098,34.21414],[15.16667,34.49806],[14.81861,34.52222],[14.62333,34.53833],[14.52472,34.55194],[14.39833,34.56861],[14.26028,34.58889],[14.08722,34.61722],[14.07083,34.61972],[13.93583,34.65444],[13.87528,34.66944],[13.83333,34.67944],[13.7531,34.69647],[13.6634,35.06083],[13.66338,35.06091],[13.66336,35.06098],[13.66334,35.06106],[13.66333,35.06113],[13.66331,35.06121],[13.66329,35.06128],[13.66327,35.06136],[13.66325,35.06143],[13.66323,35.06151],[13.66321,35.06158],[13.64633,35.12974],[13.68389,35.15361],[13.61,35.25],[13.60823,35.28351],[13.61305,35.35694],[13.61606,35.40155],[13.61677,35.41349],[13.61739,35.42539],[13.6179,35.43723],[13.61831,35.44902],[13.61862,35.46076],[13.61884,35.47245],[13.61888,35.47642],[13.6186,35.48144],[13.61703,35.50353],[13.61513,35.5254],[13.6129,35.54705],[13.61032,35.56848],[13.60742,35.58969],[13.60417,35.61068],[13.60145,35.62649],[13.58021,35.72894],[13.57901,35.73478],[13.55293,35.862],[13.54325,35.9093],[13.54273,35.91184],[13.53163,35.96572],[13.52255,36.01313],[13.52081,36.02092],[13.5074,36.07873],[13.50037,36.10906],[13.49598,36.12803],[13.48661,36.16855],[13.47282,36.22821],[13.44724,36.33713],[13.41697,36.46754],[13.42854,36.47024],[13.44462,36.47388],[13.45547,36.47627],[13.52161,36.48711],[13.60859,36.49847],[13.69301,36.50654],[13.77487,36.5113],[13.83436,36.5124],[13.87337,36.51231],[13.93094,36.51094],[14.00515,36.50581],[14.06244,36.49909],[14.0745,36.49786],[14.07699,36.49761],[14.12766,36.49007],[14.14724,36.48737],[14.15271,36.48632],[14.20222,36.47396],[14.23514,36.46601],[14.24697,36.46314],[14.28318,36.45455],[14.32389,36.44484],[14.38664,36.43079],[14.39485,36.42828],[14.41393,36.42204],[14.4328,36.41546],[14.43474,36.41474],[14.44005,36.41281],[14.44538,36.4109],[14.45072,36.40903],[14.45159,36.40872],[14.45602,36.40709],[14.46134,36.40517],[14.46667,36.40328],[14.47038,36.40198],[14.472,36.40138],[14.47731,36.39945],[14.47864,36.39897],[14.48258,36.39745],[14.48786,36.39545],[14.50514,36.38899],[14.51895,36.38383],[14.52449,36.38176],[14.5418,36.37507],[14.55833,36.36866],[14.6094,36.3487],[14.62523,36.34191],[14.62968,36.34001],[14.64147,36.33523],[14.64942,36.3317],[14.66937,36.32333],[14.67351,36.32168],[14.68923,36.31486],[14.70556,36.30815],[14.70921,36.30652],[14.72909,36.29808],[14.73762,36.29464],[14.74898,36.28966],[14.76163,36.2844],[14.76889,36.28125],[14.77766,36.27764],[14.7888,36.27285],[14.80173,36.26758],[14.80874,36.26447],[14.82867,36.25609],[14.83378,36.25404],[14.84172,36.2506],[14.84949,36.24729],[14.85732,36.24402],[14.86519,36.2408],[14.86585,36.24054],[14.87293,36.23746],[14.8807,36.23415],[14.88851,36.23088],[14.89257,36.22921],[14.89793,36.22711],[14.92128,36.21718],[14.93,36.21359],[14.98446,36.18942],[15.0516,36.16036],[15.50099,35.9688],[15.5093,35.96523],[15.51762,35.96162],[15.52566,35.95812],[15.52597,35.95799],[15.53431,35.95436],[15.54268,35.95069],[15.55106,35.94699],[15.55947,35.94326],[15.5679,35.9395],[15.57635,35.9357],[15.58482,35.93186],[16.17648,35.66186],[16.96933,35.30567],[16.9804,35.30068],[16.9915,35.29566],[17.00263,35.29063],[17.01378,35.28558],[17.02496,35.28051],[17.03616,35.27543],[17.04738,35.27032],[17.05863,35.2652],[17.06991,35.26006],[17.08121,35.2549],[17.49726,35.06441]],[[14.54255,35.81096],[14.54381,35.81554],[14.54632,35.81467],[14.54978,35.81735],[14.54985,35.81801],[14.54704,35.81698],[14.54648,35.81902],[14.54285,35.8217],[14.5392,35.82133],[14.54247,35.81697],[14.53969,35.81762],[14.53455,35.82179],[14.5309,35.8201],[14.52828,35.82469],[14.52821,35.82505],[14.53344,35.82633],[14.53245,35.82964],[14.53066,35.83],[14.53102,35.83203],[14.53788,35.8329],[14.54163,35.82954],[14.54499,35.8298],[14.54532,35.82998],[14.54664,35.83222],[14.54418,35.83917],[14.5446,35.83953],[14.54948,35.83842],[14.55115,35.83719],[14.55659,35.8272],[14.55622,35.82389],[14.55862,35.81898],[14.56053,35.81845],[14.56088,35.82103],[14.56293,35.82142],[14.56055,35.82354],[14.56244,35.8235],[14.56401,35.82672],[14.56227,35.83085],[14.56404,35.83413],[14.5602,35.83553],[14.56013,35.83815],[14.5628,35.83863],[14.56188,35.84041],[14.56412,35.84202],[14.56678,35.84148],[14.56932,35.83884],[14.57281,35.84007],[14.57185,35.84215],[14.56775,35.84513],[14.57107,35.84934],[14.56434,35.85074],[14.56364,35.85219],[14.56454,35.85404],[14.57155,35.85691],[14.57421,35.85937],[14.57452,35.85937],[14.57655,35.86115],[14.56988,35.86476],[14.56943,35.8649],[14.5618,35.86325],[14.56298,35.86468],[14.56611,35.86467],[14.56783,35.86616],[14.57098,35.86593],[14.57568,35.86702],[14.57584,35.86734],[14.57094,35.87267],[14.56265,35.87998],[14.55666,35.88193],[14.55581,35.88441],[14.55306,35.88572],[14.55092,35.88847],[14.54606,35.88988],[14.54126,35.89416],[14.52957,35.89754],[14.52725,35.89679],[14.52343,35.89952],[14.52356,35.89612],[14.5264,35.89383],[14.52295,35.89208],[14.52667,35.88855],[14.52158,35.88956],[14.51885,35.89183],[14.52047,35.88651],[14.51735,35.8892],[14.51361,35.8901],[14.51693,35.88324],[14.51651,35.88177],[14.51237,35.88696],[14.50628,35.8852],[14.50298,35.88264],[14.50139,35.88245],[14.50071,35.88279],[14.50054,35.88419],[14.50903,35.88902],[14.51443,35.89623],[14.5184,35.89719],[14.51987,35.90305],[14.51551,35.90184],[14.51241,35.90216],[14.49846,35.89433],[14.49827,35.89629],[14.5003,35.89741],[14.50034,35.89921],[14.49665,35.90267],[14.50392,35.90099],[14.50646,35.90213],[14.50698,35.90444],[14.50304,35.90566],[14.49778,35.90517],[14.49831,35.90678],[14.50332,35.90841],[14.51128,35.9056],[14.51552,35.90645],[14.51139,35.90853],[14.50759,35.91223],[14.50807,35.91435],[14.50371,35.91681],[14.49903,35.9185],[14.49761,35.91554],[14.4955,35.91518],[14.49274,35.91774],[14.4954,35.91894],[14.49536,35.92282],[14.49432,35.92355],[14.49535,35.926],[14.491,35.9267],[14.49259,35.92938],[14.4826,35.93406],[14.48176,35.93647],[14.47519,35.93855],[14.47054,35.93616],[14.46117,35.93781],[14.45835,35.94176],[14.45584,35.94055],[14.45549,35.94525],[14.45379,35.94785],[14.45195,35.94733],[14.45204,35.94448],[14.4501,35.94407],[14.44465,35.95184],[14.44117,35.95226],[14.43698,35.95444],[14.43288,35.95469],[14.42879,35.94958],[14.42377,35.9474],[14.42184,35.94448],[14.42501,35.95072],[14.42627,35.95945],[14.43004,35.95932],[14.43019,35.96049],[14.42571,35.96062],[14.42485,35.96045],[14.42045,35.95866],[14.42008,35.9585],[14.41747,35.95673],[14.41645,35.9544],[14.41406,35.9534],[14.4091,35.95255],[14.40872,35.95033],[14.40839,35.95022],[14.40093,35.94944],[14.39905,35.95082],[14.38987,35.94654],[14.38427,35.94548],[14.38382,35.94572],[14.38359,35.9469],[14.38914,35.95107],[14.39153,35.9552],[14.3918,35.95571],[14.39116,35.95885],[14.39449,35.95793],[14.39679,35.9587],[14.39613,35.96158],[14.398,35.96316],[14.39606,35.96583],[14.39779,35.96785],[14.38929,35.9684],[14.38577,35.97009],[14.38182,35.9686],[14.3785,35.97141],[14.36746,35.96813],[14.36662,35.96798],[14.35527,35.96667],[14.35398,35.96666],[14.35216,35.96746],[14.3504,35.97028],[14.35048,35.97291],[14.35814,35.97661],[14.36439,35.98116],[14.36484,35.98304],[14.36732,35.98457],[14.37214,35.98464],[14.37667,35.9873],[14.3768,35.98758],[14.37548,35.98974],[14.37234,35.99121],[14.37241,35.99373],[14.37008,35.99635],[14.36754,35.99872],[14.36713,35.99887],[14.36674,35.99632],[14.36354,35.99745],[14.36317,35.99733],[14.36187,35.99577],[14.36192,35.99405],[14.36216,35.99364],[14.36479,35.99208],[14.36045,35.99216],[14.35822,35.98968],[14.35284,35.99177],[14.35158,35.98719],[14.35126,35.98697],[14.34916,35.98828],[14.34604,35.98831],[14.34604,35.98608],[14.34232,35.98739],[14.33845,35.98642],[14.33387,35.98765],[14.33015,35.98722],[14.32952,35.98733],[14.3288,35.98791],[14.32966,35.99],[14.32802,35.98984],[14.32771,35.9862],[14.33296,35.9846],[14.33294,35.98312],[14.32937,35.98246],[14.32717,35.97906],[14.32314,35.97805],[14.31896,35.97119],[14.31885,35.97059],[14.31957,35.9696],[14.32309,35.9681],[14.32403,35.96798],[14.32849,35.969],[14.33586,35.96887],[14.33743,35.96446],[14.33492,35.96275],[14.336,35.96095],[14.33879,35.9597],[14.33738,35.9587],[14.33859,35.95689],[14.33803,35.9552],[14.34099,35.95367],[14.34097,35.95326],[14.33788,35.95138],[14.33581,35.94813],[14.3359,35.94517],[14.32917,35.94376],[14.32841,35.94155],[14.32842,35.94101],[14.33015,35.93789],[14.33054,35.9377],[14.33781,35.93621],[14.33983,35.93374],[14.34429,35.93369],[14.34283,35.93093],[14.34484,35.92907],[14.33947,35.92872],[14.3387,35.92812],[14.33855,35.92706],[14.33917,35.9258],[14.34326,35.92569],[14.34328,35.92091],[14.34159,35.92035],[14.33851,35.92276],[14.33613,35.92324],[14.33465,35.92301],[14.333,35.92167],[14.33207,35.91852],[14.33324,35.91364],[14.33775,35.91069],[14.33766,35.90918],[14.33854,35.90777],[14.3404,35.90681],[14.34033,35.90652],[14.3373,35.906],[14.32773,35.90658],[14.32763,35.9062],[14.32983,35.90212],[14.32869,35.89634],[14.33378,35.8924],[14.33426,35.89157],[14.33655,35.88541],[14.3359,35.87933],[14.34186,35.87318],[14.34475,35.87113],[14.34731,35.87006],[14.35355,35.86942],[14.35217,35.86707],[14.35763,35.86474],[14.36138,35.85937],[14.36148,35.85938],[14.36309,35.85774],[14.37166,35.85187],[14.37534,35.8509],[14.38026,35.84655],[14.38061,35.84636],[14.38893,35.84476],[14.38953,35.84448],[14.39401,35.84174],[14.39638,35.83764],[14.40016,35.83744],[14.40271,35.83505],[14.404,35.83574],[14.41406,35.83343],[14.41593,35.82888],[14.41939,35.82704],[14.43329,35.82555],[14.43832,35.82209],[14.44103,35.82264],[14.4518,35.81855],[14.45718,35.81961],[14.46531,35.81835],[14.47497,35.81368],[14.48224,35.81497],[14.48616,35.81313],[14.49394,35.81331],[14.51253,35.80642],[14.53104,35.80558],[14.53176,35.80573],[14.53917,35.80863],[14.54255,35.81096]],[[14.41099,35.78804],[14.40935,35.78828],[14.40806,35.78759],[14.40791,35.78671],[14.40816,35.78634],[14.40968,35.78588],[14.41077,35.78581],[14.41159,35.78706],[14.41099,35.78804]],[[14.39879,35.96409],[14.4003,35.9636],[14.40104,35.96373],[14.4038,35.96565],[14.40804,35.96627],[14.40816,35.96761],[14.39944,35.96593],[14.39879,35.96409]],[[14.33939,36.02018],[14.3383,36.02046],[14.33748,36.02005],[14.33724,36.01744],[14.33159,36.01977],[14.33022,36.01821],[14.32885,36.01973],[14.3232,36.01893],[14.32285,36.01881],[14.32182,36.01716],[14.32386,36.0155],[14.32458,36.01173],[14.32892,36.00845],[14.32384,36.00336],[14.32724,36.00355],[14.33374,36.00367],[14.3352,36.00487],[14.34917,36.0059],[14.34963,36.00612],[14.35158,36.00934],[14.35148,36.00964],[14.35041,36.01105],[14.34827,36.01348],[14.34124,36.01682],[14.34076,36.01748],[14.34064,36.01933],[14.33939,36.02018]],[[14.26153,36.0106],[14.26449,36.01308],[14.2729,36.01677],[14.27905,36.01567],[14.28056,36.01718],[14.2864,36.01722],[14.28927,36.01923],[14.29358,36.01935],[14.30115,36.02391],[14.29988,36.02483],[14.30027,36.02614],[14.30428,36.02667],[14.30793,36.02563],[14.31219,36.02646],[14.32122,36.02504],[14.32386,36.02749],[14.3288,36.02807],[14.33058,36.02956],[14.33541,36.03072],[14.33731,36.03218],[14.33659,36.03516],[14.33644,36.03516],[14.33356,36.03901],[14.32198,36.04963],[14.3189,36.05042],[14.31492,36.04975],[14.3114,36.0588],[14.30605,36.05923],[14.3012,36.05745],[14.29802,36.06042],[14.29413,36.06206],[14.29291,36.06454],[14.29046,36.06607],[14.28836,36.06594],[14.28532,36.06155],[14.28283,36.06114],[14.27844,36.06338],[14.27757,36.06498],[14.274,36.06603],[14.26805,36.07319],[14.26155,36.07425],[14.26011,36.07214],[14.25899,36.072],[14.25852,36.07213],[14.25842,36.07619],[14.25296,36.07711],[14.25168,36.07798],[14.25265,36.07933],[14.25182,36.08005],[14.24455,36.08039],[14.23683,36.08225],[14.23417,36.08183],[14.23217,36.08226],[14.23096,36.08217],[14.22728,36.08052],[14.22301,36.082],[14.22077,36.08],[14.21761,36.08088],[14.20931,36.08005],[14.20185,36.0781],[14.19743,36.07485],[14.18397,36.07486],[14.18292,36.0717],[14.18377,36.06375],[14.18977,36.06206],[14.19109,36.05777],[14.18718,36.05302],[14.18809,36.05056],[14.18979,36.04975],[14.18759,36.04793],[14.18871,36.04057],[14.18603,36.03745],[14.1867,36.03516],[14.1868,36.03516],[14.1941,36.03214],[14.19849,36.03349],[14.20313,36.03339],[14.20521,36.03195],[14.20889,36.03149],[14.2116,36.02944],[14.2116,36.0272],[14.21592,36.02273],[14.21861,36.02055],[14.2206,36.02088],[14.22238,36.01928],[14.2228,36.0192],[14.22893,36.02088],[14.23372,36.01906],[14.25183,36.0173],[14.25491,36.01367],[14.25956,36.01282],[14.26153,36.0106]],[[14.31754,36.01267],[14.31875,36.01188],[14.32163,36.01211],[14.32328,36.01092],[14.32369,36.01104],[14.32336,36.01225],[14.32089,36.01486],[14.31709,36.01446],[14.31754,36.01267]]]}},{"type":"Feature","properties":{"zone":"eu_marine_waters","area_km2_utm33n":75483.5,"source":"EEA, Marine waters used in MSFD v1.0 (2020), Malta, type 'Area designated for hydrocarbon exploration and exploitation' (map-service version, simplified)"},"geometry":{"type":"Polygon","coordinates":[[[14.7638,36.29174],[18.07612,34.79879],[17.81147,34.49991],[17.76944,34.45212],[17.2661,34.39044],[15.41605,34.1821],[15.16606,34.19654],[15.16606,34.49681],[14.39769,34.56736],[13.83267,34.67819],[13.83267,34.35494],[13.02433,34.56543],[12.79252,35.31997],[12.89518,35.45921],[12.85431,35.63737],[12.98532,35.65478],[13.08918,35.71861],[13.15033,35.86655],[13.0761,36.02088],[12.90402,36.09144],[12.70111,36.05175],[12.60161,35.95209],[12.58079,36.19668],[12.94931,36.3388],[13.49932,36.4888],[13.911,36.55214],[14.14349,36.49416],[14.7638,36.29174]],[[14.49098,35.93057],[14.42817,35.96084],[14.38476,35.94515],[14.39707,35.96774],[14.35023,35.97027],[14.36803,35.99817],[14.32969,35.99049],[14.33642,35.87977],[14.41671,35.82814],[14.5306,35.80632],[14.53062,35.80633],[14.53064,35.80634],[14.53531,35.80745],[14.53534,35.80745],[14.53541,35.80747],[14.53551,35.80752],[14.5456,35.84116],[14.56227,35.81984],[14.56227,35.81986],[14.56227,35.81986],[14.57274,35.8408],[14.57275,35.84081],[14.57275,35.84082],[14.57276,35.84085],[14.57275,35.84086],[14.57645,35.86061],[14.57645,35.86064],[14.57645,35.86069],[14.57667,35.86176],[14.57667,35.86182],[14.57665,35.86184],[14.57665,35.86184],[14.57499,35.86733],[14.57497,35.86741],[14.57478,35.86759],[14.57102,35.87204],[14.57096,35.87216],[14.57075,35.87241],[14.5707,35.87246],[14.57055,35.87261],[14.57045,35.87271],[14.57029,35.87281],[14.56431,35.87823],[14.5643,35.87823],[14.56412,35.87839],[14.56231,35.88001],[14.56227,35.88006],[14.56224,35.88009],[14.56219,35.88011],[14.52296,35.89938],[14.49681,35.87881],[14.52553,35.90263],[14.49096,35.89502],[14.51524,35.90699],[14.49116,35.93044],[14.49113,35.93048],[14.49113,35.93048],[14.49107,35.93051],[14.49106,35.93052],[14.49105,35.93055],[14.49102,35.93057],[14.491,35.93057],[14.49098,35.93057]],[[14.23153,36.08236],[14.22264,36.08186],[14.22264,36.08186],[14.22258,36.08186],[14.22256,36.08186],[14.22255,36.08185],[14.22255,36.08185],[14.22255,36.08185],[14.21204,36.08029],[14.21202,36.0803],[14.2118,36.08033],[14.21179,36.08033],[14.21161,36.08031],[14.21154,36.0803],[14.2114,36.08028],[14.21126,36.08026],[14.21104,36.08023],[14.21097,36.08021],[14.21082,36.08019],[14.21072,36.08017],[14.21056,36.08013],[14.21053,36.08012],[14.21035,36.08008],[14.21003,36.08001],[14.20984,36.07998],[14.2097,36.07997],[14.20968,36.07997],[14.2092,36.07996],[14.20904,36.07995],[14.20889,36.07994],[14.20882,36.07992],[14.20868,36.0799],[14.2086,36.07988],[14.20848,36.07984],[14.20826,36.07978],[14.20802,36.07971],[14.20765,36.0796],[14.20743,36.07954],[14.20723,36.07948],[14.20372,36.07888],[14.20354,36.07888],[14.20345,36.07888],[14.20345,36.07888],[14.20323,36.07886],[14.20316,36.07885],[14.20293,36.07875],[14.20288,36.07871],[14.18665,36.07515],[14.18626,36.07516],[14.18618,36.07516],[14.18604,36.07515],[14.18597,36.07514],[14.18586,36.07512],[14.18584,36.07511],[14.18573,36.07507],[14.18567,36.07504],[14.18554,36.07496],[14.18543,36.07487],[14.18533,36.07477],[14.18518,36.07458],[14.18507,36.07439],[14.18501,36.0743],[14.18487,36.07401],[14.18476,36.07379],[14.18467,36.07361],[14.18459,36.07346],[14.18452,36.07334],[14.1844,36.07311],[14.18424,36.07266],[14.18422,36.07254],[14.1842,36.07236],[14.1842,36.07234],[14.18419,36.07217],[14.18417,36.07195],[14.18382,36.06992],[14.18379,36.06988],[14.18373,36.06973],[14.18376,36.0696],[14.18379,36.06957],[14.18644,36.03663],[14.18644,36.03662],[14.18642,36.03659],[14.18643,36.03654],[14.18659,36.03641],[14.26196,36.01141],[14.3359,36.03231],[14.31088,36.05918],[14.31071,36.05932],[14.31065,36.05936],[14.31046,36.05944],[14.31041,36.05945],[14.31033,36.05947],[14.31025,36.05948],[14.25201,36.08004],[14.25199,36.08006],[14.25194,36.08007],[14.25171,36.08012],[14.25157,36.08013],[14.23656,36.08205],[14.23647,36.08208],[14.2364,36.08208],[14.23634,36.08207],[14.23176,36.08236],[14.2317,36.08236],[14.2316,36.08237],[14.2316,36.08237],[14.2316,36.08237],[14.23153,36.08236]]]}}]}