geo,tra_meas,schedule,tra_cov,year,value,flag,eurostat_updated,query_url,retrieved
MT,PAS_CRD,NSCHED,INTL,2015,280794,,2026-10-02T23:00:00+0200,https://ec.europa.eu/eurostat/api/dissemination/statistics/1.0/data/avia_paoc?geo=MT&unit=PAS&tra_meas=PAS_CRD&tra_meas=PAS_CRD_ARR&tra_meas=PAS_CRD_DEP&freq=A&sinceTimePeriod=2015,2026-10-05
MT,PAS_CRD,NSCHED,INTL,2016,209230,,2026-10-02T23:00:00+0200,https://ec.europa.eu/eurostat/api/dissemination/statistics/1.0/data/avia_paoc?geo=MT&unit=PAS&tra_meas=PAS_CRD&tra_meas=PAS_CRD_ARR&tra_meas=PAS_CRD_DEP&freq=A&sinceTimePeriod=2015,2026-10-05
MT,PAS_CRD,NSCHED,INTL,2017,205321,,2026-10-02T23:00:00+0200,https://ec.europa.eu/eurostat/api/dissemination/statistics/1.0/data/avia_paoc?geo=MT&unit=PAS&tra_meas=PAS_CRD&tra_meas=PAS_CRD_ARR&tra_meas=PAS_CRD_DEP&freq=A&sinceTimePeriod=2015,2026-10-05
MT,PAS_CRD,NSCHED,INTL,2018,213166,,2026-10-02T23:00:00+0200,https://ec.europa.eu/eurostat/api/dissemination/statistics/1.0/data/avia_paoc?geo=MT&unit=PAS&tra_meas=PAS_CRD&tra_meas=PAS_CRD_ARR&tra_meas=PAS_CRD_DEP&freq=A&sinceTimePeriod=2015,2026-10-05
MT,PAS_CRD,NSCHED,INTL,2019,194961,,2026-10-02T23:00:00+0200,https://ec.europa.eu/eurostat/api/dissemination/statistics/1.0/data/avia_paoc?geo=MT&unit=PAS&tra_meas=PAS_CRD&tra_meas=PAS_CRD_ARR&tra_meas=PAS_CRD_DEP&freq=A&sinceTimePeriod=2015,2026-10-05
MT,PAS_CRD,NSCHED,INTL,2020,33205,,2026-10-02T23:00:00+0200,https://ec.europa.eu/eurostat/api/dissemination/statistics/1.0/data/avia_paoc?geo=MT&unit=PAS&tra_meas=PAS_CRD&tra_meas=PAS_CRD_ARR&tra_meas=PAS_CRD_DEP&freq=A&sinceTimePeriod=2015,2026-10-05
MT,PAS_CRD,NSCHED,INTL,2021,41776,,2026-10-02T23:00:00+0200,https://ec.europa.eu/eurostat/api/dissemination/statistics/1.0/data/avia_paoc?geo=MT&unit=PAS&tra_meas=PAS_CRD&tra_meas=PAS_CRD_ARR&tra_meas=PAS_CRD_DEP&freq=A&sinceTimePeriod=2015,2026-10-05
MT,PAS_CRD,NSCHED,INTL,2022,137781,,2026-10-02T23:00:00+0200,https://ec.europa.eu/eurostat/api/dissemination/statistics/1.0/data/avia_paoc?geo=MT&unit=PAS&tra_meas=PAS_CRD&tra_meas=PAS_CRD_ARR&tra_meas=PAS_CRD_DEP&freq=A&sinceTimePeriod=2015,2026-10-05
MT,PAS_CRD,NSCHED,INTL,2023,193358,,2026-10-02T23:00:00+0200,https://ec.europa.eu/eurostat/api/dissemination/statistics/1.0/data/avia_paoc?geo=MT&unit=PAS&tra_meas=PAS_CRD&tra_meas=PAS_CRD_ARR&tra_meas=PAS_CRD_DEP&freq=A&sinceTimePeriod=2015,2026-10-05
MT,PAS_CRD,NSCHED,INTL,2024,180056,,2026-10-02T23:00:00+0200,https://ec.europa.eu/eurostat/api/dissemination/statistics/1.0/data/avia_paoc?geo=MT&unit=PAS&tra_meas=PAS_CRD&tra_meas=PAS_CRD_ARR&tra_meas=PAS_CRD_DEP&freq=A&sinceTimePeriod=2015,2026-10-05
MT,PAS_CRD,NSCHED,INTL,2025,212815,,2026-10-02T23:00:00+0200,https://ec.europa.eu/eurostat/api/dissemination/statistics/1.0/data/avia_paoc?geo=MT&unit=PAS&tra_meas=PAS_CRD&tra_meas=PAS_CRD_ARR&tra_meas=PAS_CRD_DEP&freq=A&sinceTimePeriod=2015,2026-10-05
MT,PAS_CRD,NSCHED,INTL_IEU27_2007,2015,225126,,2026-10-02T23:00:00+0200,https://ec.europa.eu/eurostat/api/dissemination/statistics/1.0/data/avia_paoc?geo=MT&unit=PAS&tra_meas=PAS_CRD&tra_meas=PAS_CRD_ARR&tra_meas=PAS_CRD_DEP&freq=A&sinceTimePeriod=2015,2026-10-05
MT,PAS_CRD,NSCHED,INTL_IEU27_2007,2016,167868,,2026-10-02T23:00:00+0200,https://ec.europa.eu/eurostat/api/dissemination/statistics/1.0/data/avia_paoc?geo=MT&unit=PAS&tra_meas=PAS_CRD&tra_meas=PAS_CRD_ARR&tra_meas=PAS_CRD_DEP&freq=A&sinceTimePeriod=2015,2026-10-05
MT,PAS_CRD,NSCHED,INTL_IEU27_2007,2017,169026,,2026-10-02T23:00:00+0200,https://ec.europa.eu/eurostat/api/dissemination/statistics/1.0/data/avia_paoc?geo=MT&unit=PAS&tra_meas=PAS_CRD&tra_meas=PAS_CRD_ARR&tra_meas=PAS_CRD_DEP&freq=A&sinceTimePeriod=2015,2026-10-05
MT,PAS_CRD,NSCHED,INTL_IEU27_2007,2018,199580,,2026-10-02T23:00:00+0200,https://ec.europa.eu/eurostat/api/dissemination/statistics/1.0/data/avia_paoc?geo=MT&unit=PAS&tra_meas=PAS_CRD&tra_meas=PAS_CRD_ARR&tra_meas=PAS_CRD_DEP&freq=A&sinceTimePeriod=2015,2026-10-05
MT,PAS_CRD,NSCHED,INTL_IEU27_2007,2019,176870,,2026-10-02T23:00:00+0200,https://ec.europa.eu/eurostat/api/dissemination/statistics/1.0/data/avia_paoc?geo=MT&unit=PAS&tra_meas=PAS_CRD&tra_meas=PAS_CRD_ARR&tra_meas=PAS_CRD_DEP&freq=A&sinceTimePeriod=2015,2026-10-05
MT,PAS_CRD,NSCHED,INTL_IEU27_2020,2015,130779,,2026-10-02T23:00:00+0200,https://ec.europa.eu/eurostat/api/dissemination/statistics/1.0/data/avia_paoc?geo=MT&unit=PAS&tra_meas=PAS_CRD&tra_meas=PAS_CRD_ARR&tra_meas=PAS_CRD_DEP&freq=A&sinceTimePeriod=2015,2026-10-05
MT,PAS_CRD,NSCHED,INTL_IEU27_2020,2016,117340,,2026-10-02T23:00:00+0200,https://ec.europa.eu/eurostat/api/dissemination/statistics/1.0/data/avia_paoc?geo=MT&unit=PAS&tra_meas=PAS_CRD&tra_meas=PAS_CRD_ARR&tra_meas=PAS_CRD_DEP&freq=A&sinceTimePeriod=2015,2026-10-05
MT,PAS_CRD,NSCHED,INTL_IEU27_2020,2017,109830,,2026-10-02T23:00:00+0200,https://ec.europa.eu/eurostat/api/dissemination/statistics/1.0/data/avia_paoc?geo=MT&unit=PAS&tra_meas=PAS_CRD&tra_meas=PAS_CRD_ARR&tra_meas=PAS_CRD_DEP&freq=A&sinceTimePeriod=2015,2026-10-05
MT,PAS_CRD,NSCHED,INTL_IEU27_2020,2018,141255,,2026-10-02T23:00:00+0200,https://ec.europa.eu/eurostat/api/dissemination/statistics/1.0/data/avia_paoc?geo=MT&unit=PAS&tra_meas=PAS_CRD&tra_meas=PAS_CRD_ARR&tra_meas=PAS_CRD_DEP&freq=A&sinceTimePeriod=2015,2026-10-05
MT,PAS_CRD,NSCHED,INTL_IEU27_2020,2019,112868,,2026-10-02T23:00:00+0200,https://ec.europa.eu/eurostat/api/dissemination/statistics/1.0/data/avia_paoc?geo=MT&unit=PAS&tra_meas=PAS_CRD&tra_meas=PAS_CRD_ARR&tra_meas=PAS_CRD_DEP&freq=A&sinceTimePeriod=2015,2026-10-05
MT,PAS_CRD,NSCHED,INTL_IEU27_2020,2020,24076,,2026-10-02T23:00:00+0200,https://ec.europa.eu/eurostat/api/dissemination/statistics/1.0/data/avia_paoc?geo=MT&unit=PAS&tra_meas=PAS_CRD&tra_meas=PAS_CRD_ARR&tra_meas=PAS_CRD_DEP&freq=A&sinceTimePeriod=2015,2026-10-05
MT,PAS_CRD,NSCHED,INTL_IEU27_2020,2021,29773,,2026-10-02T23:00:00+0200,https://ec.europa.eu/eurostat/api/dissemination/statistics/1.0/data/avia_paoc?geo=MT&unit=PAS&tra_meas=PAS_CRD&tra_meas=PAS_CRD_ARR&tra_meas=PAS_CRD_DEP&freq=A&sinceTimePeriod=2015,2026-10-05
MT,PAS_CRD,NSCHED,INTL_IEU27_2020,2022,70180,,2026-10-02T23:00:00+0200,https://ec.europa.eu/eurostat/api/dissemination/statistics/1.0/data/avia_paoc?geo=MT&unit=PAS&tra_meas=PAS_CRD&tra_meas=PAS_CRD_ARR&tra_meas=PAS_CRD_DEP&freq=A&sinceTimePeriod=2015,2026-10-05
MT,PAS_CRD,NSCHED,INTL_IEU27_2020,2023,89130,,2026-10-02T23:00:00+0200,https://ec.europa.eu/eurostat/api/dissemination/statistics/1.0/data/avia_paoc?geo=MT&unit=PAS&tra_meas=PAS_CRD&tra_meas=PAS_CRD_ARR&tra_meas=PAS_CRD_DEP&freq=A&sinceTimePeriod=2015,2026-10-05
MT,PAS_CRD,NSCHED,INTL_IEU27_2020,2024,72145,,2026-10-02T23:00:00+0200,https://ec.europa.eu/eurostat/api/dissemination/statistics/1.0/data/avia_paoc?geo=MT&unit=PAS&tra_meas=PAS_CRD&tra_meas=PAS_CRD_ARR&tra_meas=PAS_CRD_DEP&freq=A&sinceTimePeriod=2015,2026-10-05
MT,PAS_CRD,NSCHED,INTL_IEU27_2020,2025,90829,,2026-10-02T23:00:00+0200,https://ec.europa.eu/eurostat/api/dissemination/statistics/1.0/data/avia_paoc?geo=MT&unit=PAS&tra_meas=PAS_CRD&tra_meas=PAS_CRD_ARR&tra_meas=PAS_CRD_DEP&freq=A&sinceTimePeriod=2015,2026-10-05
MT,PAS_CRD,NSCHED,INTL_IEU28,2015,228772,,2026-10-02T23:00:00+0200,https://ec.europa.eu/eurostat/api/dissemination/statistics/1.0/data/avia_paoc?geo=MT&unit=PAS&tra_meas=PAS_CRD&tra_meas=PAS_CRD_ARR&tra_meas=PAS_CRD_DEP&freq=A&sinceTimePeriod=2015,2026-10-05
MT,PAS_CRD,NSCHED,INTL_IEU28,2016,171757,,2026-10-02T23:00:00+0200,https://ec.europa.eu/eurostat/api/dissemination/statistics/1.0/data/avia_paoc?geo=MT&unit=PAS&tra_meas=PAS_CRD&tra_meas=PAS_CRD_ARR&tra_meas=PAS_CRD_DEP&freq=A&sinceTimePeriod=2015,2026-10-05
MT,PAS_CRD,NSCHED,INTL_IEU28,2017,173337,,2026-10-02T23:00:00+0200,https://ec.europa.eu/eurostat/api/dissemination/statistics/1.0/data/avia_paoc?geo=MT&unit=PAS&tra_meas=PAS_CRD&tra_meas=PAS_CRD_ARR&tra_meas=PAS_CRD_DEP&freq=A&sinceTimePeriod=2015,2026-10-05
MT,PAS_CRD,NSCHED,INTL_IEU28,2018,203416,,2026-10-02T23:00:00+0200,https://ec.europa.eu/eurostat/api/dissemination/statistics/1.0/data/avia_paoc?geo=MT&unit=PAS&tra_meas=PAS_CRD&tra_meas=PAS_CRD_ARR&tra_meas=PAS_CRD_DEP&freq=A&sinceTimePeriod=2015,2026-10-05
MT,PAS_CRD,NSCHED,INTL_IEU28,2019,180408,,2026-10-02T23:00:00+0200,https://ec.europa.eu/eurostat/api/dissemination/statistics/1.0/data/avia_paoc?geo=MT&unit=PAS&tra_meas=PAS_CRD&tra_meas=PAS_CRD_ARR&tra_meas=PAS_CRD_DEP&freq=A&sinceTimePeriod=2015,2026-10-05
MT,PAS_CRD,NSCHED,INTL_XEU27_2007,2015,55668,,2026-10-02T23:00:00+0200,https://ec.europa.eu/eurostat/api/dissemination/statistics/1.0/data/avia_paoc?geo=MT&unit=PAS&tra_meas=PAS_CRD&tra_meas=PAS_CRD_ARR&tra_meas=PAS_CRD_DEP&freq=A&sinceTimePeriod=2015,2026-10-05
MT,PAS_CRD,NSCHED,INTL_XEU27_2007,2016,41362,,2026-10-02T23:00:00+0200,https://ec.europa.eu/eurostat/api/dissemination/statistics/1.0/data/avia_paoc?geo=MT&unit=PAS&tra_meas=PAS_CRD&tra_meas=PAS_CRD_ARR&tra_meas=PAS_CRD_DEP&freq=A&sinceTimePeriod=2015,2026-10-05
MT,PAS_CRD,NSCHED,INTL_XEU27_2007,2017,36295,,2026-10-02T23:00:00+0200,https://ec.europa.eu/eurostat/api/dissemination/statistics/1.0/data/avia_paoc?geo=MT&unit=PAS&tra_meas=PAS_CRD&tra_meas=PAS_CRD_ARR&tra_meas=PAS_CRD_DEP&freq=A&sinceTimePeriod=2015,2026-10-05
MT,PAS_CRD,NSCHED,INTL_XEU27_2007,2018,13586,,2026-10-02T23:00:00+0200,https://ec.europa.eu/eurostat/api/dissemination/statistics/1.0/data/avia_paoc?geo=MT&unit=PAS&tra_meas=PAS_CRD&tra_meas=PAS_CRD_ARR&tra_meas=PAS_CRD_DEP&freq=A&sinceTimePeriod=2015,2026-10-05
MT,PAS_CRD,NSCHED,INTL_XEU27_2007,2019,18091,,2026-10-02T23:00:00+0200,https://ec.europa.eu/eurostat/api/dissemination/statistics/1.0/data/avia_paoc?geo=MT&unit=PAS&tra_meas=PAS_CRD&tra_meas=PAS_CRD_ARR&tra_meas=PAS_CRD_DEP&freq=A&sinceTimePeriod=2015,2026-10-05
MT,PAS_CRD,NSCHED,INTL_XEU27_2020,2015,150015,,2026-10-02T23:00:00+0200,https://ec.europa.eu/eurostat/api/dissemination/statistics/1.0/data/avia_paoc?geo=MT&unit=PAS&tra_meas=PAS_CRD&tra_meas=PAS_CRD_ARR&tra_meas=PAS_CRD_DEP&freq=A&sinceTimePeriod=2015,2026-10-05
MT,PAS_CRD,NSCHED,INTL_XEU27_2020,2016,91890,,2026-10-02T23:00:00+0200,https://ec.europa.eu/eurostat/api/dissemination/statistics/1.0/data/avia_paoc?geo=MT&unit=PAS&tra_meas=PAS_CRD&tra_meas=PAS_CRD_ARR&tra_meas=PAS_CRD_DEP&freq=A&sinceTimePeriod=2015,2026-10-05
MT,PAS_CRD,NSCHED,INTL_XEU27_2020,2017,95491,,2026-10-02T23:00:00+0200,https://ec.europa.eu/eurostat/api/dissemination/statistics/1.0/data/avia_paoc?geo=MT&unit=PAS&tra_meas=PAS_CRD&tra_meas=PAS_CRD_ARR&tra_meas=PAS_CRD_DEP&freq=A&sinceTimePeriod=2015,2026-10-05
MT,PAS_CRD,NSCHED,INTL_XEU27_2020,2018,71911,,2026-10-02T23:00:00+0200,https://ec.europa.eu/eurostat/api/dissemination/statistics/1.0/data/avia_paoc?geo=MT&unit=PAS&tra_meas=PAS_CRD&tra_meas=PAS_CRD_ARR&tra_meas=PAS_CRD_DEP&freq=A&sinceTimePeriod=2015,2026-10-05
MT,PAS_CRD,NSCHED,INTL_XEU27_2020,2019,82093,,2026-10-02T23:00:00+0200,https://ec.europa.eu/eurostat/api/dissemination/statistics/1.0/data/avia_paoc?geo=MT&unit=PAS&tra_meas=PAS_CRD&tra_meas=PAS_CRD_ARR&tra_meas=PAS_CRD_DEP&freq=A&sinceTimePeriod=2015,2026-10-05
MT,PAS_CRD,NSCHED,INTL_XEU27_2020,2020,9129,,2026-10-02T23:00:00+0200,https://ec.europa.eu/eurostat/api/dissemination/statistics/1.0/data/avia_paoc?geo=MT&unit=PAS&tra_meas=PAS_CRD&tra_meas=PAS_CRD_ARR&tra_meas=PAS_CRD_DEP&freq=A&sinceTimePeriod=2015,2026-10-05
MT,PAS_CRD,NSCHED,INTL_XEU27_2020,2021,12003,,2026-10-02T23:00:00+0200,https://ec.europa.eu/eurostat/api/dissemination/statistics/1.0/data/avia_paoc?geo=MT&unit=PAS&tra_meas=PAS_CRD&tra_meas=PAS_CRD_ARR&tra_meas=PAS_CRD_DEP&freq=A&sinceTimePeriod=2015,2026-10-05
MT,PAS_CRD,NSCHED,INTL_XEU27_2020,2022,67601,,2026-10-02T23:00:00+0200,https://ec.europa.eu/eurostat/api/dissemination/statistics/1.0/data/avia_paoc?geo=MT&unit=PAS&tra_meas=PAS_CRD&tra_meas=PAS_CRD_ARR&tra_meas=PAS_CRD_DEP&freq=A&sinceTimePeriod=2015,2026-10-05
MT,PAS_CRD,NSCHED,INTL_XEU27_2020,2023,104228,,2026-10-02T23:00:00+0200,https://ec.europa.eu/eurostat/api/dissemination/statistics/1.0/data/avia_paoc?geo=MT&unit=PAS&tra_meas=PAS_CRD&tra_meas=PAS_CRD_ARR&tra_meas=PAS_CRD_DEP&freq=A&sinceTimePeriod=2015,2026-10-05
MT,PAS_CRD,NSCHED,INTL_XEU27_2020,2024,107911,,2026-10-02T23:00:00+0200,https://ec.europa.eu/eurostat/api/dissemination/statistics/1.0/data/avia_paoc?geo=MT&unit=PAS&tra_meas=PAS_CRD&tra_meas=PAS_CRD_ARR&tra_meas=PAS_CRD_DEP&freq=A&sinceTimePeriod=2015,2026-10-05
MT,PAS_CRD,NSCHED,INTL_XEU27_2020,2025,121986,,2026-10-02T23:00:00+0200,https://ec.europa.eu/eurostat/api/dissemination/statistics/1.0/data/avia_paoc?geo=MT&unit=PAS&tra_meas=PAS_CRD&tra_meas=PAS_CRD_ARR&tra_meas=PAS_CRD_DEP&freq=A&sinceTimePeriod=2015,2026-10-05
MT,PAS_CRD,NSCHED,INTL_XEU28,2015,52022,,2026-10-02T23:00:00+0200,https://ec.europa.eu/eurostat/api/dissemination/statistics/1.0/data/avia_paoc?geo=MT&unit=PAS&tra_meas=PAS_CRD&tra_meas=PAS_CRD_ARR&tra_meas=PAS_CRD_DEP&freq=A&sinceTimePeriod=2015,2026-10-05
MT,PAS_CRD,NSCHED,INTL_XEU28,2016,37473,,2026-10-02T23:00:00+0200,https://ec.europa.eu/eurostat/api/dissemination/statistics/1.0/data/avia_paoc?geo=MT&unit=PAS&tra_meas=PAS_CRD&tra_meas=PAS_CRD_ARR&tra_meas=PAS_CRD_DEP&freq=A&sinceTimePeriod=2015,2026-10-05
MT,PAS_CRD,NSCHED,INTL_XEU28,2017,31984,,2026-10-02T23:00:00+0200,https://ec.europa.eu/eurostat/api/dissemination/statistics/1.0/data/avia_paoc?geo=MT&unit=PAS&tra_meas=PAS_CRD&tra_meas=PAS_CRD_ARR&tra_meas=PAS_CRD_DEP&freq=A&sinceTimePeriod=2015,2026-10-05
MT,PAS_CRD,NSCHED,INTL_XEU28,2018,9750,,2026-10-02T23:00:00+0200,https://ec.europa.eu/eurostat/api/dissemination/statistics/1.0/data/avia_paoc?geo=MT&unit=PAS&tra_meas=PAS_CRD&tra_meas=PAS_CRD_ARR&tra_meas=PAS_CRD_DEP&freq=A&sinceTimePeriod=2015,2026-10-05
MT,PAS_CRD,NSCHED,INTL_XEU28,2019,14553,,2026-10-02T23:00:00+0200,https://ec.europa.eu/eurostat/api/dissemination/statistics/1.0/data/avia_paoc?geo=MT&unit=PAS&tra_meas=PAS_CRD&tra_meas=PAS_CRD_ARR&tra_meas=PAS_CRD_DEP&freq=A&sinceTimePeriod=2015,2026-10-05
MT,PAS_CRD,NSCHED,NAT,2015,259,,2026-10-02T23:00:00+0200,https://ec.europa.eu/eurostat/api/dissemination/statistics/1.0/data/avia_paoc?geo=MT&unit=PAS&tra_meas=PAS_CRD&tra_meas=PAS_CRD_ARR&tra_meas=PAS_CRD_DEP&freq=A&sinceTimePeriod=2015,2026-10-05
MT,PAS_CRD,NSCHED,NAT,2016,346,,2026-10-02T23:00:00+0200,https://ec.europa.eu/eurostat/api/dissemination/statistics/1.0/data/avia_paoc?geo=MT&unit=PAS&tra_meas=PAS_CRD&tra_meas=PAS_CRD_ARR&tra_meas=PAS_CRD_DEP&freq=A&sinceTimePeriod=2015,2026-10-05
MT,PAS_CRD,NSCHED,NAT,2017,7,,2026-10-02T23:00:00+0200,https://ec.europa.eu/eurostat/api/dissemination/statistics/1.0/data/avia_paoc?geo=MT&unit=PAS&tra_meas=PAS_CRD&tra_meas=PAS_CRD_ARR&tra_meas=PAS_CRD_DEP&freq=A&sinceTimePeriod=2015,2026-10-05
MT,PAS_CRD,NSCHED,NAT,2018,360,,2026-10-02T23:00:00+0200,https://ec.europa.eu/eurostat/api/dissemination/statistics/1.0/data/avia_paoc?geo=MT&unit=PAS&tra_meas=PAS_CRD&tra_meas=PAS_CRD_ARR&tra_meas=PAS_CRD_DEP&freq=A&sinceTimePeriod=2015,2026-10-05
MT,PAS_CRD,NSCHED,NAT,2019,170,,2026-10-02T23:00:00+0200,https://ec.europa.eu/eurostat/api/dissemination/statistics/1.0/data/avia_paoc?geo=MT&unit=PAS&tra_meas=PAS_CRD&tra_meas=PAS_CRD_ARR&tra_meas=PAS_CRD_DEP&freq=A&sinceTimePeriod=2015,2026-10-05
MT,PAS_CRD,NSCHED,NAT,2020,0,,2026-10-02T23:00:00+0200,https://ec.europa.eu/eurostat/api/dissemination/statistics/1.0/data/avia_paoc?geo=MT&unit=PAS&tra_meas=PAS_CRD&tra_meas=PAS_CRD_ARR&tra_meas=PAS_CRD_DEP&freq=A&sinceTimePeriod=2015,2026-10-05
MT,PAS_CRD,NSCHED,NAT,2021,0,,2026-10-02T23:00:00+0200,https://ec.europa.eu/eurostat/api/dissemination/statistics/1.0/data/avia_paoc?geo=MT&unit=PAS&tra_meas=PAS_CRD&tra_meas=PAS_CRD_ARR&tra_meas=PAS_CRD_DEP&freq=A&sinceTimePeriod=2015,2026-10-05
MT,PAS_CRD,NSCHED,NAT,2022,0,,2026-10-02T23:00:00+0200,https://ec.europa.eu/eurostat/api/dissemination/statistics/1.0/data/avia_paoc?geo=MT&unit=PAS&tra_meas=PAS_CRD&tra_meas=PAS_CRD_ARR&tra_meas=PAS_CRD_DEP&freq=A&sinceTimePeriod=2015,2026-10-05
MT,PAS_CRD,NSCHED,NAT,2023,0,,2026-10-02T23:00:00+0200,https://ec.europa.eu/eurostat/api/dissemination/statistics/1.0/data/avia_paoc?geo=MT&unit=PAS&tra_meas=PAS_CRD&tra_meas=PAS_CRD_ARR&tra_meas=PAS_CRD_DEP&freq=A&sinceTimePeriod=2015,2026-10-05
MT,PAS_CRD,NSCHED,NAT,2024,0,,2026-10-02T23:00:00+0200,https://ec.europa.eu/eurostat/api/dissemination/statistics/1.0/data/avia_paoc?geo=MT&unit=PAS&tra_meas=PAS_CRD&tra_meas=PAS_CRD_ARR&tra_meas=PAS_CRD_DEP&freq=A&sinceTimePeriod=2015,2026-10-05
MT,PAS_CRD,NSCHED,NAT,2025,0,,2026-10-02T23:00:00+0200,https://ec.europa.eu/eurostat/api/dissemination/statistics/1.0/data/avia_paoc?geo=MT&unit=PAS&tra_meas=PAS_CRD&tra_meas=PAS_CRD_ARR&tra_meas=PAS_CRD_DEP&freq=A&sinceTimePeriod=2015,2026-10-05
MT,PAS_CRD,NSCHED,TOTAL,2015,281053,,2026-10-02T23:00:00+0200,https://ec.europa.eu/eurostat/api/dissemination/statistics/1.0/data/avia_paoc?geo=MT&unit=PAS&tra_meas=PAS_CRD&tra_meas=PAS_CRD_ARR&tra_meas=PAS_CRD_DEP&freq=A&sinceTimePeriod=2015,2026-10-05
MT,PAS_CRD,NSCHED,TOTAL,2016,209576,,2026-10-02T23:00:00+0200,https://ec.europa.eu/eurostat/api/dissemination/statistics/1.0/data/avia_paoc?geo=MT&unit=PAS&tra_meas=PAS_CRD&tra_meas=PAS_CRD_ARR&tra_meas=PAS_CRD_DEP&freq=A&sinceTimePeriod=2015,2026-10-05
MT,PAS_CRD,NSCHED,TOTAL,2017,205328,,2026-10-02T23:00:00+0200,https://ec.europa.eu/eurostat/api/dissemination/statistics/1.0/data/avia_paoc?geo=MT&unit=PAS&tra_meas=PAS_CRD&tra_meas=PAS_CRD_ARR&tra_meas=PAS_CRD_DEP&freq=A&sinceTimePeriod=2015,2026-10-05
MT,PAS_CRD,NSCHED,TOTAL,2018,213526,,2026-10-02T23:00:00+0200,https://ec.europa.eu/eurostat/api/dissemination/statistics/1.0/data/avia_paoc?geo=MT&unit=PAS&tra_meas=PAS_CRD&tra_meas=PAS_CRD_ARR&tra_meas=PAS_CRD_DEP&freq=A&sinceTimePeriod=2015,2026-10-05
MT,PAS_CRD,NSCHED,TOTAL,2019,195131,,2026-10-02T23:00:00+0200,https://ec.europa.eu/eurostat/api/dissemination/statistics/1.0/data/avia_paoc?geo=MT&unit=PAS&tra_meas=PAS_CRD&tra_meas=PAS_CRD_ARR&tra_meas=PAS_CRD_DEP&freq=A&sinceTimePeriod=2015,2026-10-05
MT,PAS_CRD,NSCHED,TOTAL,2020,33205,,2026-10-02T23:00:00+0200,https://ec.europa.eu/eurostat/api/dissemination/statistics/1.0/data/avia_paoc?geo=MT&unit=PAS&tra_meas=PAS_CRD&tra_meas=PAS_CRD_ARR&tra_meas=PAS_CRD_DEP&freq=A&sinceTimePeriod=2015,2026-10-05
MT,PAS_CRD,NSCHED,TOTAL,2021,41776,,2026-10-02T23:00:00+0200,https://ec.europa.eu/eurostat/api/dissemination/statistics/1.0/data/avia_paoc?geo=MT&unit=PAS&tra_meas=PAS_CRD&tra_meas=PAS_CRD_ARR&tra_meas=PAS_CRD_DEP&freq=A&sinceTimePeriod=2015,2026-10-05
MT,PAS_CRD,NSCHED,TOTAL,2022,137781,,2026-10-02T23:00:00+0200,https://ec.europa.eu/eurostat/api/dissemination/statistics/1.0/data/avia_paoc?geo=MT&unit=PAS&tra_meas=PAS_CRD&tra_meas=PAS_CRD_ARR&tra_meas=PAS_CRD_DEP&freq=A&sinceTimePeriod=2015,2026-10-05
MT,PAS_CRD,NSCHED,TOTAL,2023,193358,,2026-10-02T23:00:00+0200,https://ec.europa.eu/eurostat/api/dissemination/statistics/1.0/data/avia_paoc?geo=MT&unit=PAS&tra_meas=PAS_CRD&tra_meas=PAS_CRD_ARR&tra_meas=PAS_CRD_DEP&freq=A&sinceTimePeriod=2015,2026-10-05
MT,PAS_CRD,NSCHED,TOTAL,2024,180056,,2026-10-02T23:00:00+0200,https://ec.europa.eu/eurostat/api/dissemination/statistics/1.0/data/avia_paoc?geo=MT&unit=PAS&tra_meas=PAS_CRD&tra_meas=PAS_CRD_ARR&tra_meas=PAS_CRD_DEP&freq=A&sinceTimePeriod=2015,2026-10-05
MT,PAS_CRD,NSCHED,TOTAL,2025,212815,,2026-10-02T23:00:00+0200,https://ec.europa.eu/eurostat/api/dissemination/statistics/1.0/data/avia_paoc?geo=MT&unit=PAS&tra_meas=PAS_CRD&tra_meas=PAS_CRD_ARR&tra_meas=PAS_CRD_DEP&freq=A&sinceTimePeriod=2015,2026-10-05
MT,PAS_CRD,SCHED,INTL,2015,4338504,,2026-10-02T23:00:00+0200,https://ec.europa.eu/eurostat/api/dissemination/statistics/1.0/data/avia_paoc?geo=MT&unit=PAS&tra_meas=PAS_CRD&tra_meas=PAS_CRD_ARR&tra_meas=PAS_CRD_DEP&freq=A&sinceTimePeriod=2015,2026-10-05
MT,PAS_CRD,SCHED,INTL,2016,4870870,,2026-10-02T23:00:00+0200,https://ec.europa.eu/eurostat/api/dissemination/statistics/1.0/data/avia_paoc?geo=MT&unit=PAS&tra_meas=PAS_CRD&tra_meas=PAS_CRD_ARR&tra_meas=PAS_CRD_DEP&freq=A&sinceTimePeriod=2015,2026-10-05
MT,PAS_CRD,SCHED,INTL,2017,5802403,,2026-10-02T23:00:00+0200,https://ec.europa.eu/eurostat/api/dissemination/statistics/1.0/data/avia_paoc?geo=MT&unit=PAS&tra_meas=PAS_CRD&tra_meas=PAS_CRD_ARR&tra_meas=PAS_CRD_DEP&freq=A&sinceTimePeriod=2015,2026-10-05
MT,PAS_CRD,SCHED,INTL,2018,6592291,,2026-10-02T23:00:00+0200,https://ec.europa.eu/eurostat/api/dissemination/statistics/1.0/data/avia_paoc?geo=MT&unit=PAS&tra_meas=PAS_CRD&tra_meas=PAS_CRD_ARR&tra_meas=PAS_CRD_DEP&freq=A&sinceTimePeriod=2015,2026-10-05
MT,PAS_CRD,SCHED,INTL,2019,7123226,,2026-10-02T23:00:00+0200,https://ec.europa.eu/eurostat/api/dissemination/statistics/1.0/data/avia_paoc?geo=MT&unit=PAS&tra_meas=PAS_CRD&tra_meas=PAS_CRD_ARR&tra_meas=PAS_CRD_DEP&freq=A&sinceTimePeriod=2015,2026-10-05
MT,PAS_CRD,SCHED,INTL,2020,1719240,,2026-10-02T23:00:00+0200,https://ec.europa.eu/eurostat/api/dissemination/statistics/1.0/data/avia_paoc?geo=MT&unit=PAS&tra_meas=PAS_CRD&tra_meas=PAS_CRD_ARR&tra_meas=PAS_CRD_DEP&freq=A&sinceTimePeriod=2015,2026-10-05
MT,PAS_CRD,SCHED,INTL,2021,2506136,,2026-10-02T23:00:00+0200,https://ec.europa.eu/eurostat/api/dissemination/statistics/1.0/data/avia_paoc?geo=MT&unit=PAS&tra_meas=PAS_CRD&tra_meas=PAS_CRD_ARR&tra_meas=PAS_CRD_DEP&freq=A&sinceTimePeriod=2015,2026-10-05
MT,PAS_CRD,SCHED,INTL,2022,5723816,,2026-10-02T23:00:00+0200,https://ec.europa.eu/eurostat/api/dissemination/statistics/1.0/data/avia_paoc?geo=MT&unit=PAS&tra_meas=PAS_CRD&tra_meas=PAS_CRD_ARR&tra_meas=PAS_CRD_DEP&freq=A&sinceTimePeriod=2015,2026-10-05
MT,PAS_CRD,SCHED,INTL,2023,7620133,,2026-10-02T23:00:00+0200,https://ec.europa.eu/eurostat/api/dissemination/statistics/1.0/data/avia_paoc?geo=MT&unit=PAS&tra_meas=PAS_CRD&tra_meas=PAS_CRD_ARR&tra_meas=PAS_CRD_DEP&freq=A&sinceTimePeriod=2015,2026-10-05
MT,PAS_CRD,SCHED,INTL,2024,8788183,,2026-10-02T23:00:00+0200,https://ec.europa.eu/eurostat/api/dissemination/statistics/1.0/data/avia_paoc?geo=MT&unit=PAS&tra_meas=PAS_CRD&tra_meas=PAS_CRD_ARR&tra_meas=PAS_CRD_DEP&freq=A&sinceTimePeriod=2015,2026-10-05
MT,PAS_CRD,SCHED,INTL,2025,9858157,,2026-10-02T23:00:00+0200,https://ec.europa.eu/eurostat/api/dissemination/statistics/1.0/data/avia_paoc?geo=MT&unit=PAS&tra_meas=PAS_CRD&tra_meas=PAS_CRD_ARR&tra_meas=PAS_CRD_DEP&freq=A&sinceTimePeriod=2015,2026-10-05
MT,PAS_CRD,SCHED,INTL_IEU27_2007,2015,3959621,,2026-10-02T23:00:00+0200,https://ec.europa.eu/eurostat/api/dissemination/statistics/1.0/data/avia_paoc?geo=MT&unit=PAS&tra_meas=PAS_CRD&tra_meas=PAS_CRD_ARR&tra_meas=PAS_CRD_DEP&freq=A&sinceTimePeriod=2015,2026-10-05
MT,PAS_CRD,SCHED,INTL_IEU27_2007,2016,4476429,,2026-10-02T23:00:00+0200,https://ec.europa.eu/eurostat/api/dissemination/statistics/1.0/data/avia_paoc?geo=MT&unit=PAS&tra_meas=PAS_CRD&tra_meas=PAS_CRD_ARR&tra_meas=PAS_CRD_DEP&freq=A&sinceTimePeriod=2015,2026-10-05
MT,PAS_CRD,SCHED,INTL_IEU27_2007,2017,5323784,,2026-10-02T23:00:00+0200,https://ec.europa.eu/eurostat/api/dissemination/statistics/1.0/data/avia_paoc?geo=MT&unit=PAS&tra_meas=PAS_CRD&tra_meas=PAS_CRD_ARR&tra_meas=PAS_CRD_DEP&freq=A&sinceTimePeriod=2015,2026-10-05
MT,PAS_CRD,SCHED,INTL_IEU27_2007,2018,5975380,,2026-10-02T23:00:00+0200,https://ec.europa.eu/eurostat/api/dissemination/statistics/1.0/data/avia_paoc?geo=MT&unit=PAS&tra_meas=PAS_CRD&tra_meas=PAS_CRD_ARR&tra_meas=PAS_CRD_DEP&freq=A&sinceTimePeriod=2015,2026-10-05
MT,PAS_CRD,SCHED,INTL_IEU27_2007,2019,6365945,,2026-10-02T23:00:00+0200,https://ec.europa.eu/eurostat/api/dissemination/statistics/1.0/data/avia_paoc?geo=MT&unit=PAS&tra_meas=PAS_CRD&tra_meas=PAS_CRD_ARR&tra_meas=PAS_CRD_DEP&freq=A&sinceTimePeriod=2015,2026-10-05
MT,PAS_CRD,SCHED,INTL_IEU27_2020,2015,2772210,,2026-10-02T23:00:00+0200,https://ec.europa.eu/eurostat/api/dissemination/statistics/1.0/data/avia_paoc?geo=MT&unit=PAS&tra_meas=PAS_CRD&tra_meas=PAS_CRD_ARR&tra_meas=PAS_CRD_DEP&freq=A&sinceTimePeriod=2015,2026-10-05
MT,PAS_CRD,SCHED,INTL_IEU27_2020,2016,3176279,,2026-10-02T23:00:00+0200,https://ec.europa.eu/eurostat/api/dissemination/statistics/1.0/data/avia_paoc?geo=MT&unit=PAS&tra_meas=PAS_CRD&tra_meas=PAS_CRD_ARR&tra_meas=PAS_CRD_DEP&freq=A&sinceTimePeriod=2015,2026-10-05
MT,PAS_CRD,SCHED,INTL_IEU27_2020,2017,3912136,,2026-10-02T23:00:00+0200,https://ec.europa.eu/eurostat/api/dissemination/statistics/1.0/data/avia_paoc?geo=MT&unit=PAS&tra_meas=PAS_CRD&tra_meas=PAS_CRD_ARR&tra_meas=PAS_CRD_DEP&freq=A&sinceTimePeriod=2015,2026-10-05
MT,PAS_CRD,SCHED,INTL_IEU27_2020,2018,4364796,,2026-10-02T23:00:00+0200,https://ec.europa.eu/eurostat/api/dissemination/statistics/1.0/data/avia_paoc?geo=MT&unit=PAS&tra_meas=PAS_CRD&tra_meas=PAS_CRD_ARR&tra_meas=PAS_CRD_DEP&freq=A&sinceTimePeriod=2015,2026-10-05
MT,PAS_CRD,SCHED,INTL_IEU27_2020,2019,4722191,,2026-10-02T23:00:00+0200,https://ec.europa.eu/eurostat/api/dissemination/statistics/1.0/data/avia_paoc?geo=MT&unit=PAS&tra_meas=PAS_CRD&tra_meas=PAS_CRD_ARR&tra_meas=PAS_CRD_DEP&freq=A&sinceTimePeriod=2015,2026-10-05
MT,PAS_CRD,SCHED,INTL_IEU27_2020,2020,1219448,,2026-10-02T23:00:00+0200,https://ec.europa.eu/eurostat/api/dissemination/statistics/1.0/data/avia_paoc?geo=MT&unit=PAS&tra_meas=PAS_CRD&tra_meas=PAS_CRD_ARR&tra_meas=PAS_CRD_DEP&freq=A&sinceTimePeriod=2015,2026-10-05
MT,PAS_CRD,SCHED,INTL_IEU27_2020,2021,1843817,,2026-10-02T23:00:00+0200,https://ec.europa.eu/eurostat/api/dissemination/statistics/1.0/data/avia_paoc?geo=MT&unit=PAS&tra_meas=PAS_CRD&tra_meas=PAS_CRD_ARR&tra_meas=PAS_CRD_DEP&freq=A&sinceTimePeriod=2015,2026-10-05
MT,PAS_CRD,SCHED,INTL_IEU27_2020,2022,4222675,,2026-10-02T23:00:00+0200,https://ec.europa.eu/eurostat/api/dissemination/statistics/1.0/data/avia_paoc?geo=MT&unit=PAS&tra_meas=PAS_CRD&tra_meas=PAS_CRD_ARR&tra_meas=PAS_CRD_DEP&freq=A&sinceTimePeriod=2015,2026-10-05
MT,PAS_CRD,SCHED,INTL_IEU27_2020,2023,5568193,,2026-10-02T23:00:00+0200,https://ec.europa.eu/eurostat/api/dissemination/statistics/1.0/data/avia_paoc?geo=MT&unit=PAS&tra_meas=PAS_CRD&tra_meas=PAS_CRD_ARR&tra_meas=PAS_CRD_DEP&freq=A&sinceTimePeriod=2015,2026-10-05
MT,PAS_CRD,SCHED,INTL_IEU27_2020,2024,6378287,,2026-10-02T23:00:00+0200,https://ec.europa.eu/eurostat/api/dissemination/statistics/1.0/data/avia_paoc?geo=MT&unit=PAS&tra_meas=PAS_CRD&tra_meas=PAS_CRD_ARR&tra_meas=PAS_CRD_DEP&freq=A&sinceTimePeriod=2015,2026-10-05
MT,PAS_CRD,SCHED,INTL_IEU27_2020,2025,7042463,,2026-10-02T23:00:00+0200,https://ec.europa.eu/eurostat/api/dissemination/statistics/1.0/data/avia_paoc?geo=MT&unit=PAS&tra_meas=PAS_CRD&tra_meas=PAS_CRD_ARR&tra_meas=PAS_CRD_DEP&freq=A&sinceTimePeriod=2015,2026-10-05
MT,PAS_CRD,SCHED,INTL_IEU28,2015,3959621,,2026-10-02T23:00:00+0200,https://ec.europa.eu/eurostat/api/dissemination/statistics/1.0/data/avia_paoc?geo=MT&unit=PAS&tra_meas=PAS_CRD&tra_meas=PAS_CRD_ARR&tra_meas=PAS_CRD_DEP&freq=A&sinceTimePeriod=2015,2026-10-05
MT,PAS_CRD,SCHED,INTL_IEU28,2016,4476429,,2026-10-02T23:00:00+0200,https://ec.europa.eu/eurostat/api/dissemination/statistics/1.0/data/avia_paoc?geo=MT&unit=PAS&tra_meas=PAS_CRD&tra_meas=PAS_CRD_ARR&tra_meas=PAS_CRD_DEP&freq=A&sinceTimePeriod=2015,2026-10-05
MT,PAS_CRD,SCHED,INTL_IEU28,2017,5323784,,2026-10-02T23:00:00+0200,https://ec.europa.eu/eurostat/api/dissemination/statistics/1.0/data/avia_paoc?geo=MT&unit=PAS&tra_meas=PAS_CRD&tra_meas=PAS_CRD_ARR&tra_meas=PAS_CRD_DEP&freq=A&sinceTimePeriod=2015,2026-10-05
MT,PAS_CRD,SCHED,INTL_IEU28,2018,5975380,,2026-10-02T23:00:00+0200,https://ec.europa.eu/eurostat/api/dissemination/statistics/1.0/data/avia_paoc?geo=MT&unit=PAS&tra_meas=PAS_CRD&tra_meas=PAS_CRD_ARR&tra_meas=PAS_CRD_DEP&freq=A&sinceTimePeriod=2015,2026-10-05
MT,PAS_CRD,SCHED,INTL_IEU28,2019,6365945,,2026-10-02T23:00:00+0200,https://ec.europa.eu/eurostat/api/dissemination/statistics/1.0/data/avia_paoc?geo=MT&unit=PAS&tra_meas=PAS_CRD&tra_meas=PAS_CRD_ARR&tra_meas=PAS_CRD_DEP&freq=A&sinceTimePeriod=2015,2026-10-05
MT,PAS_CRD,SCHED,INTL_XEU27_2007,2015,378883,,2026-10-02T23:00:00+0200,https://ec.europa.eu/eurostat/api/dissemination/statistics/1.0/data/avia_paoc?geo=MT&unit=PAS&tra_meas=PAS_CRD&tra_meas=PAS_CRD_ARR&tra_meas=PAS_CRD_DEP&freq=A&sinceTimePeriod=2015,2026-10-05
MT,PAS_CRD,SCHED,INTL_XEU27_2007,2016,394441,,2026-10-02T23:00:00+0200,https://ec.europa.eu/eurostat/api/dissemination/statistics/1.0/data/avia_paoc?geo=MT&unit=PAS&tra_meas=PAS_CRD&tra_meas=PAS_CRD_ARR&tra_meas=PAS_CRD_DEP&freq=A&sinceTimePeriod=2015,2026-10-05
MT,PAS_CRD,SCHED,INTL_XEU27_2007,2017,478619,,2026-10-02T23:00:00+0200,https://ec.europa.eu/eurostat/api/dissemination/statistics/1.0/data/avia_paoc?geo=MT&unit=PAS&tra_meas=PAS_CRD&tra_meas=PAS_CRD_ARR&tra_meas=PAS_CRD_DEP&freq=A&sinceTimePeriod=2015,2026-10-05
MT,PAS_CRD,SCHED,INTL_XEU27_2007,2018,616911,,2026-10-02T23:00:00+0200,https://ec.europa.eu/eurostat/api/dissemination/statistics/1.0/data/avia_paoc?geo=MT&unit=PAS&tra_meas=PAS_CRD&tra_meas=PAS_CRD_ARR&tra_meas=PAS_CRD_DEP&freq=A&sinceTimePeriod=2015,2026-10-05
MT,PAS_CRD,SCHED,INTL_XEU27_2007,2019,757281,,2026-10-02T23:00:00+0200,https://ec.europa.eu/eurostat/api/dissemination/statistics/1.0/data/avia_paoc?geo=MT&unit=PAS&tra_meas=PAS_CRD&tra_meas=PAS_CRD_ARR&tra_meas=PAS_CRD_DEP&freq=A&sinceTimePeriod=2015,2026-10-05
MT,PAS_CRD,SCHED,INTL_XEU27_2020,2015,1566294,,2026-10-02T23:00:00+0200,https://ec.europa.eu/eurostat/api/dissemination/statistics/1.0/data/avia_paoc?geo=MT&unit=PAS&tra_meas=PAS_CRD&tra_meas=PAS_CRD_ARR&tra_meas=PAS_CRD_DEP&freq=A&sinceTimePeriod=2015,2026-10-05
MT,PAS_CRD,SCHED,INTL_XEU27_2020,2016,1694591,,2026-10-02T23:00:00+0200,https://ec.europa.eu/eurostat/api/dissemination/statistics/1.0/data/avia_paoc?geo=MT&unit=PAS&tra_meas=PAS_CRD&tra_meas=PAS_CRD_ARR&tra_meas=PAS_CRD_DEP&freq=A&sinceTimePeriod=2015,2026-10-05
MT,PAS_CRD,SCHED,INTL_XEU27_2020,2017,1890267,,2026-10-02T23:00:00+0200,https://ec.europa.eu/eurostat/api/dissemination/statistics/1.0/data/avia_paoc?geo=MT&unit=PAS&tra_meas=PAS_CRD&tra_meas=PAS_CRD_ARR&tra_meas=PAS_CRD_DEP&freq=A&sinceTimePeriod=2015,2026-10-05
MT,PAS_CRD,SCHED,INTL_XEU27_2020,2018,2227495,,2026-10-02T23:00:00+0200,https://ec.europa.eu/eurostat/api/dissemination/statistics/1.0/data/avia_paoc?geo=MT&unit=PAS&tra_meas=PAS_CRD&tra_meas=PAS_CRD_ARR&tra_meas=PAS_CRD_DEP&freq=A&sinceTimePeriod=2015,2026-10-05
MT,PAS_CRD,SCHED,INTL_XEU27_2020,2019,2401035,,2026-10-02T23:00:00+0200,https://ec.europa.eu/eurostat/api/dissemination/statistics/1.0/data/avia_paoc?geo=MT&unit=PAS&tra_meas=PAS_CRD&tra_meas=PAS_CRD_ARR&tra_meas=PAS_CRD_DEP&freq=A&sinceTimePeriod=2015,2026-10-05
MT,PAS_CRD,SCHED,INTL_XEU27_2020,2020,499792,,2026-10-02T23:00:00+0200,https://ec.europa.eu/eurostat/api/dissemination/statistics/1.0/data/avia_paoc?geo=MT&unit=PAS&tra_meas=PAS_CRD&tra_meas=PAS_CRD_ARR&tra_meas=PAS_CRD_DEP&freq=A&sinceTimePeriod=2015,2026-10-05
MT,PAS_CRD,SCHED,INTL_XEU27_2020,2021,662319,,2026-10-02T23:00:00+0200,https://ec.europa.eu/eurostat/api/dissemination/statistics/1.0/data/avia_paoc?geo=MT&unit=PAS&tra_meas=PAS_CRD&tra_meas=PAS_CRD_ARR&tra_meas=PAS_CRD_DEP&freq=A&sinceTimePeriod=2015,2026-10-05
MT,PAS_CRD,SCHED,INTL_XEU27_2020,2022,1501141,,2026-10-02T23:00:00+0200,https://ec.europa.eu/eurostat/api/dissemination/statistics/1.0/data/avia_paoc?geo=MT&unit=PAS&tra_meas=PAS_CRD&tra_meas=PAS_CRD_ARR&tra_meas=PAS_CRD_DEP&freq=A&sinceTimePeriod=2015,2026-10-05
MT,PAS_CRD,SCHED,INTL_XEU27_2020,2023,2051940,,2026-10-02T23:00:00+0200,https://ec.europa.eu/eurostat/api/dissemination/statistics/1.0/data/avia_paoc?geo=MT&unit=PAS&tra_meas=PAS_CRD&tra_meas=PAS_CRD_ARR&tra_meas=PAS_CRD_DEP&freq=A&sinceTimePeriod=2015,2026-10-05
MT,PAS_CRD,SCHED,INTL_XEU27_2020,2024,2409896,,2026-10-02T23:00:00+0200,https://ec.europa.eu/eurostat/api/dissemination/statistics/1.0/data/avia_paoc?geo=MT&unit=PAS&tra_meas=PAS_CRD&tra_meas=PAS_CRD_ARR&tra_meas=PAS_CRD_DEP&freq=A&sinceTimePeriod=2015,2026-10-05
MT,PAS_CRD,SCHED,INTL_XEU27_2020,2025,2815694,,2026-10-02T23:00:00+0200,https://ec.europa.eu/eurostat/api/dissemination/statistics/1.0/data/avia_paoc?geo=MT&unit=PAS&tra_meas=PAS_CRD&tra_meas=PAS_CRD_ARR&tra_meas=PAS_CRD_DEP&freq=A&sinceTimePeriod=2015,2026-10-05
MT,PAS_CRD,SCHED,INTL_XEU28,2015,378883,,2026-10-02T23:00:00+0200,https://ec.europa.eu/eurostat/api/dissemination/statistics/1.0/data/avia_paoc?geo=MT&unit=PAS&tra_meas=PAS_CRD&tra_meas=PAS_CRD_ARR&tra_meas=PAS_CRD_DEP&freq=A&sinceTimePeriod=2015,2026-10-05
MT,PAS_CRD,SCHED,INTL_XEU28,2016,394441,,2026-10-02T23:00:00+0200,https://ec.europa.eu/eurostat/api/dissemination/statistics/1.0/data/avia_paoc?geo=MT&unit=PAS&tra_meas=PAS_CRD&tra_meas=PAS_CRD_ARR&tra_meas=PAS_CRD_DEP&freq=A&sinceTimePeriod=2015,2026-10-05
MT,PAS_CRD,SCHED,INTL_XEU28,2017,478619,,2026-10-02T23:00:00+0200,https://ec.europa.eu/eurostat/api/dissemination/statistics/1.0/data/avia_paoc?geo=MT&unit=PAS&tra_meas=PAS_CRD&tra_meas=PAS_CRD_ARR&tra_meas=PAS_CRD_DEP&freq=A&sinceTimePeriod=2015,2026-10-05
MT,PAS_CRD,SCHED,INTL_XEU28,2018,616911,,2026-10-02T23:00:00+0200,https://ec.europa.eu/eurostat/api/dissemination/statistics/1.0/data/avia_paoc?geo=MT&unit=PAS&tra_meas=PAS_CRD&tra_meas=PAS_CRD_ARR&tra_meas=PAS_CRD_DEP&freq=A&sinceTimePeriod=2015,2026-10-05
MT,PAS_CRD,SCHED,INTL_XEU28,2019,757281,,2026-10-02T23:00:00+0200,https://ec.europa.eu/eurostat/api/dissemination/statistics/1.0/data/avia_paoc?geo=MT&unit=PAS&tra_meas=PAS_CRD&tra_meas=PAS_CRD_ARR&tra_meas=PAS_CRD_DEP&freq=A&sinceTimePeriod=2015,2026-10-05
MT,PAS_CRD,SCHED,NAT,2015,0,,2026-10-02T23:00:00+0200,https://ec.europa.eu/eurostat/api/dissemination/statistics/1.0/data/avia_paoc?geo=MT&unit=PAS&tra_meas=PAS_CRD&tra_meas=PAS_CRD_ARR&tra_meas=PAS_CRD_DEP&freq=A&sinceTimePeriod=2015,2026-10-05
MT,PAS_CRD,SCHED,NAT,2016,0,,2026-10-02T23:00:00+0200,https://ec.europa.eu/eurostat/api/dissemination/statistics/1.0/data/avia_paoc?geo=MT&unit=PAS&tra_meas=PAS_CRD&tra_meas=PAS_CRD_ARR&tra_meas=PAS_CRD_DEP&freq=A&sinceTimePeriod=2015,2026-10-05
MT,PAS_CRD,SCHED,NAT,2017,0,,2026-10-02T23:00:00+0200,https://ec.europa.eu/eurostat/api/dissemination/statistics/1.0/data/avia_paoc?geo=MT&unit=PAS&tra_meas=PAS_CRD&tra_meas=PAS_CRD_ARR&tra_meas=PAS_CRD_DEP&freq=A&sinceTimePeriod=2015,2026-10-05
MT,PAS_CRD,SCHED,NAT,2018,0,,2026-10-02T23:00:00+0200,https://ec.europa.eu/eurostat/api/dissemination/statistics/1.0/data/avia_paoc?geo=MT&unit=PAS&tra_meas=PAS_CRD&tra_meas=PAS_CRD_ARR&tra_meas=PAS_CRD_DEP&freq=A&sinceTimePeriod=2015,2026-10-05
MT,PAS_CRD,SCHED,NAT,2019,0,,2026-10-02T23:00:00+0200,https://ec.europa.eu/eurostat/api/dissemination/statistics/1.0/data/avia_paoc?geo=MT&unit=PAS&tra_meas=PAS_CRD&tra_meas=PAS_CRD_ARR&tra_meas=PAS_CRD_DEP&freq=A&sinceTimePeriod=2015,2026-10-05
MT,PAS_CRD,SCHED,NAT,2020,0,,2026-10-02T23:00:00+0200,https://ec.europa.eu/eurostat/api/dissemination/statistics/1.0/data/avia_paoc?geo=MT&unit=PAS&tra_meas=PAS_CRD&tra_meas=PAS_CRD_ARR&tra_meas=PAS_CRD_DEP&freq=A&sinceTimePeriod=2015,2026-10-05
MT,PAS_CRD,SCHED,NAT,2021,0,,2026-10-02T23:00:00+0200,https://ec.europa.eu/eurostat/api/dissemination/statistics/1.0/data/avia_paoc?geo=MT&unit=PAS&tra_meas=PAS_CRD&tra_meas=PAS_CRD_ARR&tra_meas=PAS_CRD_DEP&freq=A&sinceTimePeriod=2015,2026-10-05
MT,PAS_CRD,SCHED,NAT,2022,0,,2026-10-02T23:00:00+0200,https://ec.europa.eu/eurostat/api/dissemination/statistics/1.0/data/avia_paoc?geo=MT&unit=PAS&tra_meas=PAS_CRD&tra_meas=PAS_CRD_ARR&tra_meas=PAS_CRD_DEP&freq=A&sinceTimePeriod=2015,2026-10-05
MT,PAS_CRD,SCHED,NAT,2023,0,,2026-10-02T23:00:00+0200,https://ec.europa.eu/eurostat/api/dissemination/statistics/1.0/data/avia_paoc?geo=MT&unit=PAS&tra_meas=PAS_CRD&tra_meas=PAS_CRD_ARR&tra_meas=PAS_CRD_DEP&freq=A&sinceTimePeriod=2015,2026-10-05
MT,PAS_CRD,SCHED,NAT,2024,0,,2026-10-02T23:00:00+0200,https://ec.europa.eu/eurostat/api/dissemination/statistics/1.0/data/avia_paoc?geo=MT&unit=PAS&tra_meas=PAS_CRD&tra_meas=PAS_CRD_ARR&tra_meas=PAS_CRD_DEP&freq=A&sinceTimePeriod=2015,2026-10-05
MT,PAS_CRD,SCHED,NAT,2025,0,,2026-10-02T23:00:00+0200,https://ec.europa.eu/eurostat/api/dissemination/statistics/1.0/data/avia_paoc?geo=MT&unit=PAS&tra_meas=PAS_CRD&tra_meas=PAS_CRD_ARR&tra_meas=PAS_CRD_DEP&freq=A&sinceTimePeriod=2015,2026-10-05
MT,PAS_CRD,SCHED,TOTAL,2015,4338504,,2026-10-02T23:00:00+0200,https://ec.europa.eu/eurostat/api/dissemination/statistics/1.0/data/avia_paoc?geo=MT&unit=PAS&tra_meas=PAS_CRD&tra_meas=PAS_CRD_ARR&tra_meas=PAS_CRD_DEP&freq=A&sinceTimePeriod=2015,2026-10-05
MT,PAS_CRD,SCHED,TOTAL,2016,4870870,,2026-10-02T23:00:00+0200,https://ec.europa.eu/eurostat/api/dissemination/statistics/1.0/data/avia_paoc?geo=MT&unit=PAS&tra_meas=PAS_CRD&tra_meas=PAS_CRD_ARR&tra_meas=PAS_CRD_DEP&freq=A&sinceTimePeriod=2015,2026-10-05
MT,PAS_CRD,SCHED,TOTAL,2017,5802403,,2026-10-02T23:00:00+0200,https://ec.europa.eu/eurostat/api/dissemination/statistics/1.0/data/avia_paoc?geo=MT&unit=PAS&tra_meas=PAS_CRD&tra_meas=PAS_CRD_ARR&tra_meas=PAS_CRD_DEP&freq=A&sinceTimePeriod=2015,2026-10-05
MT,PAS_CRD,SCHED,TOTAL,2018,6592291,,2026-10-02T23:00:00+0200,https://ec.europa.eu/eurostat/api/dissemination/statistics/1.0/data/avia_paoc?geo=MT&unit=PAS&tra_meas=PAS_CRD&tra_meas=PAS_CRD_ARR&tra_meas=PAS_CRD_DEP&freq=A&sinceTimePeriod=2015,2026-10-05
MT,PAS_CRD,SCHED,TOTAL,2019,7123226,,2026-10-02T23:00:00+0200,https://ec.europa.eu/eurostat/api/dissemination/statistics/1.0/data/avia_paoc?geo=MT&unit=PAS&tra_meas=PAS_CRD&tra_meas=PAS_CRD_ARR&tra_meas=PAS_CRD_DEP&freq=A&sinceTimePeriod=2015,2026-10-05
MT,PAS_CRD,SCHED,TOTAL,2020,1719240,,2026-10-02T23:00:00+0200,https://ec.europa.eu/eurostat/api/dissemination/statistics/1.0/data/avia_paoc?geo=MT&unit=PAS&tra_meas=PAS_CRD&tra_meas=PAS_CRD_ARR&tra_meas=PAS_CRD_DEP&freq=A&sinceTimePeriod=2015,2026-10-05
MT,PAS_CRD,SCHED,TOTAL,2021,2506136,,2026-10-02T23:00:00+0200,https://ec.europa.eu/eurostat/api/dissemination/statistics/1.0/data/avia_paoc?geo=MT&unit=PAS&tra_meas=PAS_CRD&tra_meas=PAS_CRD_ARR&tra_meas=PAS_CRD_DEP&freq=A&sinceTimePeriod=2015,2026-10-05
MT,PAS_CRD,SCHED,TOTAL,2022,5723816,,2026-10-02T23:00:00+0200,https://ec.europa.eu/eurostat/api/dissemination/statistics/1.0/data/avia_paoc?geo=MT&unit=PAS&tra_meas=PAS_CRD&tra_meas=PAS_CRD_ARR&tra_meas=PAS_CRD_DEP&freq=A&sinceTimePeriod=2015,2026-10-05
MT,PAS_CRD,SCHED,TOTAL,2023,7620133,,2026-10-02T23:00:00+0200,https://ec.europa.eu/eurostat/api/dissemination/statistics/1.0/data/avia_paoc?geo=MT&unit=PAS&tra_meas=PAS_CRD&tra_meas=PAS_CRD_ARR&tra_meas=PAS_CRD_DEP&freq=A&sinceTimePeriod=2015,2026-10-05
MT,PAS_CRD,SCHED,TOTAL,2024,8788183,,2026-10-02T23:00:00+0200,https://ec.europa.eu/eurostat/api/dissemination/statistics/1.0/data/avia_paoc?geo=MT&unit=PAS&tra_meas=PAS_CRD&tra_meas=PAS_CRD_ARR&tra_meas=PAS_CRD_DEP&freq=A&sinceTimePeriod=2015,2026-10-05
MT,PAS_CRD,SCHED,TOTAL,2025,9858157,,2026-10-02T23:00:00+0200,https://ec.europa.eu/eurostat/api/dissemination/statistics/1.0/data/avia_paoc?geo=MT&unit=PAS&tra_meas=PAS_CRD&tra_meas=PAS_CRD_ARR&tra_meas=PAS_CRD_DEP&freq=A&sinceTimePeriod=2015,2026-10-05
MT,PAS_CRD,TOTAL,INTL,2015,4619298,,2026-10-02T23:00:00+0200,https://ec.europa.eu/eurostat/api/dissemination/statistics/1.0/data/avia_paoc?geo=MT&unit=PAS&tra_meas=PAS_CRD&tra_meas=PAS_CRD_ARR&tra_meas=PAS_CRD_DEP&freq=A&sinceTimePeriod=2015,2026-10-05
MT,PAS_CRD,TOTAL,INTL,2016,5080100,,2026-10-02T23:00:00+0200,https://ec.europa.eu/eurostat/api/dissemination/statistics/1.0/data/avia_paoc?geo=MT&unit=PAS&tra_meas=PAS_CRD&tra_meas=PAS_CRD_ARR&tra_meas=PAS_CRD_DEP&freq=A&sinceTimePeriod=2015,2026-10-05
MT,PAS_CRD,TOTAL,INTL,2017,6007724,,2026-10-02T23:00:00+0200,https://ec.europa.eu/eurostat/api/dissemination/statistics/1.0/data/avia_paoc?geo=MT&unit=PAS&tra_meas=PAS_CRD&tra_meas=PAS_CRD_ARR&tra_meas=PAS_CRD_DEP&freq=A&sinceTimePeriod=2015,2026-10-05
MT,PAS_CRD,TOTAL,INTL,2018,6805457,,2026-10-02T23:00:00+0200,https://ec.europa.eu/eurostat/api/dissemination/statistics/1.0/data/avia_paoc?geo=MT&unit=PAS&tra_meas=PAS_CRD&tra_meas=PAS_CRD_ARR&tra_meas=PAS_CRD_DEP&freq=A&sinceTimePeriod=2015,2026-10-05
MT,PAS_CRD,TOTAL,INTL,2019,7318187,,2026-10-02T23:00:00+0200,https://ec.europa.eu/eurostat/api/dissemination/statistics/1.0/data/avia_paoc?geo=MT&unit=PAS&tra_meas=PAS_CRD&tra_meas=PAS_CRD_ARR&tra_meas=PAS_CRD_DEP&freq=A&sinceTimePeriod=2015,2026-10-05
MT,PAS_CRD,TOTAL,INTL,2020,1752445,,2026-10-02T23:00:00+0200,https://ec.europa.eu/eurostat/api/dissemination/statistics/1.0/data/avia_paoc?geo=MT&unit=PAS&tra_meas=PAS_CRD&tra_meas=PAS_CRD_ARR&tra_meas=PAS_CRD_DEP&freq=A&sinceTimePeriod=2015,2026-10-05
MT,PAS_CRD,TOTAL,INTL,2021,2547912,,2026-10-02T23:00:00+0200,https://ec.europa.eu/eurostat/api/dissemination/statistics/1.0/data/avia_paoc?geo=MT&unit=PAS&tra_meas=PAS_CRD&tra_meas=PAS_CRD_ARR&tra_meas=PAS_CRD_DEP&freq=A&sinceTimePeriod=2015,2026-10-05
MT,PAS_CRD,TOTAL,INTL,2022,5861597,,2026-10-02T23:00:00+0200,https://ec.europa.eu/eurostat/api/dissemination/statistics/1.0/data/avia_paoc?geo=MT&unit=PAS&tra_meas=PAS_CRD&tra_meas=PAS_CRD_ARR&tra_meas=PAS_CRD_DEP&freq=A&sinceTimePeriod=2015,2026-10-05
MT,PAS_CRD,TOTAL,INTL,2023,7813491,,2026-10-02T23:00:00+0200,https://ec.europa.eu/eurostat/api/dissemination/statistics/1.0/data/avia_paoc?geo=MT&unit=PAS&tra_meas=PAS_CRD&tra_meas=PAS_CRD_ARR&tra_meas=PAS_CRD_DEP&freq=A&sinceTimePeriod=2015,2026-10-05
MT,PAS_CRD,TOTAL,INTL,2024,8968239,,2026-10-02T23:00:00+0200,https://ec.europa.eu/eurostat/api/dissemination/statistics/1.0/data/avia_paoc?geo=MT&unit=PAS&tra_meas=PAS_CRD&tra_meas=PAS_CRD_ARR&tra_meas=PAS_CRD_DEP&freq=A&sinceTimePeriod=2015,2026-10-05
MT,PAS_CRD,TOTAL,INTL,2025,10070972,,2026-10-02T23:00:00+0200,https://ec.europa.eu/eurostat/api/dissemination/statistics/1.0/data/avia_paoc?geo=MT&unit=PAS&tra_meas=PAS_CRD&tra_meas=PAS_CRD_ARR&tra_meas=PAS_CRD_DEP&freq=A&sinceTimePeriod=2015,2026-10-05
MT,PAS_CRD,TOTAL,INTL_IEU27_2007,2015,4184747,,2026-10-02T23:00:00+0200,https://ec.europa.eu/eurostat/api/dissemination/statistics/1.0/data/avia_paoc?geo=MT&unit=PAS&tra_meas=PAS_CRD&tra_meas=PAS_CRD_ARR&tra_meas=PAS_CRD_DEP&freq=A&sinceTimePeriod=2015,2026-10-05
MT,PAS_CRD,TOTAL,INTL_IEU27_2007,2016,4644297,,2026-10-02T23:00:00+0200,https://ec.europa.eu/eurostat/api/dissemination/statistics/1.0/data/avia_paoc?geo=MT&unit=PAS&tra_meas=PAS_CRD&tra_meas=PAS_CRD_ARR&tra_meas=PAS_CRD_DEP&freq=A&sinceTimePeriod=2015,2026-10-05
MT,PAS_CRD,TOTAL,INTL_IEU27_2007,2017,5492810,,2026-10-02T23:00:00+0200,https://ec.europa.eu/eurostat/api/dissemination/statistics/1.0/data/avia_paoc?geo=MT&unit=PAS&tra_meas=PAS_CRD&tra_meas=PAS_CRD_ARR&tra_meas=PAS_CRD_DEP&freq=A&sinceTimePeriod=2015,2026-10-05
MT,PAS_CRD,TOTAL,INTL_IEU27_2007,2018,6174960,,2026-10-02T23:00:00+0200,https://ec.europa.eu/eurostat/api/dissemination/statistics/1.0/data/avia_paoc?geo=MT&unit=PAS&tra_meas=PAS_CRD&tra_meas=PAS_CRD_ARR&tra_meas=PAS_CRD_DEP&freq=A&sinceTimePeriod=2015,2026-10-05
MT,PAS_CRD,TOTAL,INTL_IEU27_2007,2019,6542815,,2026-10-02T23:00:00+0200,https://ec.europa.eu/eurostat/api/dissemination/statistics/1.0/data/avia_paoc?geo=MT&unit=PAS&tra_meas=PAS_CRD&tra_meas=PAS_CRD_ARR&tra_meas=PAS_CRD_DEP&freq=A&sinceTimePeriod=2015,2026-10-05
MT,PAS_CRD,TOTAL,INTL_IEU27_2020,2015,2902989,,2026-10-02T23:00:00+0200,https://ec.europa.eu/eurostat/api/dissemination/statistics/1.0/data/avia_paoc?geo=MT&unit=PAS&tra_meas=PAS_CRD&tra_meas=PAS_CRD_ARR&tra_meas=PAS_CRD_DEP&freq=A&sinceTimePeriod=2015,2026-10-05
MT,PAS_CRD,TOTAL,INTL_IEU27_2020,2016,3293619,,2026-10-02T23:00:00+0200,https://ec.europa.eu/eurostat/api/dissemination/statistics/1.0/data/avia_paoc?geo=MT&unit=PAS&tra_meas=PAS_CRD&tra_meas=PAS_CRD_ARR&tra_meas=PAS_CRD_DEP&freq=A&sinceTimePeriod=2015,2026-10-05
MT,PAS_CRD,TOTAL,INTL_IEU27_2020,2017,4021966,,2026-10-02T23:00:00+0200,https://ec.europa.eu/eurostat/api/dissemination/statistics/1.0/data/avia_paoc?geo=MT&unit=PAS&tra_meas=PAS_CRD&tra_meas=PAS_CRD_ARR&tra_meas=PAS_CRD_DEP&freq=A&sinceTimePeriod=2015,2026-10-05
MT,PAS_CRD,TOTAL,INTL_IEU27_2020,2018,4506051,,2026-10-02T23:00:00+0200,https://ec.europa.eu/eurostat/api/dissemination/statistics/1.0/data/avia_paoc?geo=MT&unit=PAS&tra_meas=PAS_CRD&tra_meas=PAS_CRD_ARR&tra_meas=PAS_CRD_DEP&freq=A&sinceTimePeriod=2015,2026-10-05
MT,PAS_CRD,TOTAL,INTL_IEU27_2020,2019,4835059,,2026-10-02T23:00:00+0200,https://ec.europa.eu/eurostat/api/dissemination/statistics/1.0/data/avia_paoc?geo=MT&unit=PAS&tra_meas=PAS_CRD&tra_meas=PAS_CRD_ARR&tra_meas=PAS_CRD_DEP&freq=A&sinceTimePeriod=2015,2026-10-05
MT,PAS_CRD,TOTAL,INTL_IEU27_2020,2020,1243524,,2026-10-02T23:00:00+0200,https://ec.europa.eu/eurostat/api/dissemination/statistics/1.0/data/avia_paoc?geo=MT&unit=PAS&tra_meas=PAS_CRD&tra_meas=PAS_CRD_ARR&tra_meas=PAS_CRD_DEP&freq=A&sinceTimePeriod=2015,2026-10-05
MT,PAS_CRD,TOTAL,INTL_IEU27_2020,2021,1873590,,2026-10-02T23:00:00+0200,https://ec.europa.eu/eurostat/api/dissemination/statistics/1.0/data/avia_paoc?geo=MT&unit=PAS&tra_meas=PAS_CRD&tra_meas=PAS_CRD_ARR&tra_meas=PAS_CRD_DEP&freq=A&sinceTimePeriod=2015,2026-10-05
MT,PAS_CRD,TOTAL,INTL_IEU27_2020,2022,4292855,,2026-10-02T23:00:00+0200,https://ec.europa.eu/eurostat/api/dissemination/statistics/1.0/data/avia_paoc?geo=MT&unit=PAS&tra_meas=PAS_CRD&tra_meas=PAS_CRD_ARR&tra_meas=PAS_CRD_DEP&freq=A&sinceTimePeriod=2015,2026-10-05
MT,PAS_CRD,TOTAL,INTL_IEU27_2020,2023,5657323,,2026-10-02T23:00:00+0200,https://ec.europa.eu/eurostat/api/dissemination/statistics/1.0/data/avia_paoc?geo=MT&unit=PAS&tra_meas=PAS_CRD&tra_meas=PAS_CRD_ARR&tra_meas=PAS_CRD_DEP&freq=A&sinceTimePeriod=2015,2026-10-05
MT,PAS_CRD,TOTAL,INTL_IEU27_2020,2024,6450432,,2026-10-02T23:00:00+0200,https://ec.europa.eu/eurostat/api/dissemination/statistics/1.0/data/avia_paoc?geo=MT&unit=PAS&tra_meas=PAS_CRD&tra_meas=PAS_CRD_ARR&tra_meas=PAS_CRD_DEP&freq=A&sinceTimePeriod=2015,2026-10-05
MT,PAS_CRD,TOTAL,INTL_IEU27_2020,2025,7133292,,2026-10-02T23:00:00+0200,https://ec.europa.eu/eurostat/api/dissemination/statistics/1.0/data/avia_paoc?geo=MT&unit=PAS&tra_meas=PAS_CRD&tra_meas=PAS_CRD_ARR&tra_meas=PAS_CRD_DEP&freq=A&sinceTimePeriod=2015,2026-10-05
MT,PAS_CRD,TOTAL,INTL_IEU28,2015,4188393,,2026-10-02T23:00:00+0200,https://ec.europa.eu/eurostat/api/dissemination/statistics/1.0/data/avia_paoc?geo=MT&unit=PAS&tra_meas=PAS_CRD&tra_meas=PAS_CRD_ARR&tra_meas=PAS_CRD_DEP&freq=A&sinceTimePeriod=2015,2026-10-05
MT,PAS_CRD,TOTAL,INTL_IEU28,2016,4648186,,2026-10-02T23:00:00+0200,https://ec.europa.eu/eurostat/api/dissemination/statistics/1.0/data/avia_paoc?geo=MT&unit=PAS&tra_meas=PAS_CRD&tra_meas=PAS_CRD_ARR&tra_meas=PAS_CRD_DEP&freq=A&sinceTimePeriod=2015,2026-10-05
MT,PAS_CRD,TOTAL,INTL_IEU28,2017,5497121,,2026-10-02T23:00:00+0200,https://ec.europa.eu/eurostat/api/dissemination/statistics/1.0/data/avia_paoc?geo=MT&unit=PAS&tra_meas=PAS_CRD&tra_meas=PAS_CRD_ARR&tra_meas=PAS_CRD_DEP&freq=A&sinceTimePeriod=2015,2026-10-05
MT,PAS_CRD,TOTAL,INTL_IEU28,2018,6178796,,2026-10-02T23:00:00+0200,https://ec.europa.eu/eurostat/api/dissemination/statistics/1.0/data/avia_paoc?geo=MT&unit=PAS&tra_meas=PAS_CRD&tra_meas=PAS_CRD_ARR&tra_meas=PAS_CRD_DEP&freq=A&sinceTimePeriod=2015,2026-10-05
MT,PAS_CRD,TOTAL,INTL_IEU28,2019,6546353,,2026-10-02T23:00:00+0200,https://ec.europa.eu/eurostat/api/dissemination/statistics/1.0/data/avia_paoc?geo=MT&unit=PAS&tra_meas=PAS_CRD&tra_meas=PAS_CRD_ARR&tra_meas=PAS_CRD_DEP&freq=A&sinceTimePeriod=2015,2026-10-05
MT,PAS_CRD,TOTAL,INTL_XEU27_2007,2015,434551,,2026-10-02T23:00:00+0200,https://ec.europa.eu/eurostat/api/dissemination/statistics/1.0/data/avia_paoc?geo=MT&unit=PAS&tra_meas=PAS_CRD&tra_meas=PAS_CRD_ARR&tra_meas=PAS_CRD_DEP&freq=A&sinceTimePeriod=2015,2026-10-05
MT,PAS_CRD,TOTAL,INTL_XEU27_2007,2016,435803,,2026-10-02T23:00:00+0200,https://ec.europa.eu/eurostat/api/dissemination/statistics/1.0/data/avia_paoc?geo=MT&unit=PAS&tra_meas=PAS_CRD&tra_meas=PAS_CRD_ARR&tra_meas=PAS_CRD_DEP&freq=A&sinceTimePeriod=2015,2026-10-05
MT,PAS_CRD,TOTAL,INTL_XEU27_2007,2017,514914,,2026-10-02T23:00:00+0200,https://ec.europa.eu/eurostat/api/dissemination/statistics/1.0/data/avia_paoc?geo=MT&unit=PAS&tra_meas=PAS_CRD&tra_meas=PAS_CRD_ARR&tra_meas=PAS_CRD_DEP&freq=A&sinceTimePeriod=2015,2026-10-05
MT,PAS_CRD,TOTAL,INTL_XEU27_2007,2018,630497,,2026-10-02T23:00:00+0200,https://ec.europa.eu/eurostat/api/dissemination/statistics/1.0/data/avia_paoc?geo=MT&unit=PAS&tra_meas=PAS_CRD&tra_meas=PAS_CRD_ARR&tra_meas=PAS_CRD_DEP&freq=A&sinceTimePeriod=2015,2026-10-05
MT,PAS_CRD,TOTAL,INTL_XEU27_2007,2019,775372,,2026-10-02T23:00:00+0200,https://ec.europa.eu/eurostat/api/dissemination/statistics/1.0/data/avia_paoc?geo=MT&unit=PAS&tra_meas=PAS_CRD&tra_meas=PAS_CRD_ARR&tra_meas=PAS_CRD_DEP&freq=A&sinceTimePeriod=2015,2026-10-05
MT,PAS_CRD,TOTAL,INTL_XEU27_2020,2015,1716309,,2026-10-02T23:00:00+0200,https://ec.europa.eu/eurostat/api/dissemination/statistics/1.0/data/avia_paoc?geo=MT&unit=PAS&tra_meas=PAS_CRD&tra_meas=PAS_CRD_ARR&tra_meas=PAS_CRD_DEP&freq=A&sinceTimePeriod=2015,2026-10-05
MT,PAS_CRD,TOTAL,INTL_XEU27_2020,2016,1786481,,2026-10-02T23:00:00+0200,https://ec.europa.eu/eurostat/api/dissemination/statistics/1.0/data/avia_paoc?geo=MT&unit=PAS&tra_meas=PAS_CRD&tra_meas=PAS_CRD_ARR&tra_meas=PAS_CRD_DEP&freq=A&sinceTimePeriod=2015,2026-10-05
MT,PAS_CRD,TOTAL,INTL_XEU27_2020,2017,1985758,,2026-10-02T23:00:00+0200,https://ec.europa.eu/eurostat/api/dissemination/statistics/1.0/data/avia_paoc?geo=MT&unit=PAS&tra_meas=PAS_CRD&tra_meas=PAS_CRD_ARR&tra_meas=PAS_CRD_DEP&freq=A&sinceTimePeriod=2015,2026-10-05
MT,PAS_CRD,TOTAL,INTL_XEU27_2020,2018,2299406,,2026-10-02T23:00:00+0200,https://ec.europa.eu/eurostat/api/dissemination/statistics/1.0/data/avia_paoc?geo=MT&unit=PAS&tra_meas=PAS_CRD&tra_meas=PAS_CRD_ARR&tra_meas=PAS_CRD_DEP&freq=A&sinceTimePeriod=2015,2026-10-05
MT,PAS_CRD,TOTAL,INTL_XEU27_2020,2019,2483128,,2026-10-02T23:00:00+0200,https://ec.europa.eu/eurostat/api/dissemination/statistics/1.0/data/avia_paoc?geo=MT&unit=PAS&tra_meas=PAS_CRD&tra_meas=PAS_CRD_ARR&tra_meas=PAS_CRD_DEP&freq=A&sinceTimePeriod=2015,2026-10-05
MT,PAS_CRD,TOTAL,INTL_XEU27_2020,2020,508921,,2026-10-02T23:00:00+0200,https://ec.europa.eu/eurostat/api/dissemination/statistics/1.0/data/avia_paoc?geo=MT&unit=PAS&tra_meas=PAS_CRD&tra_meas=PAS_CRD_ARR&tra_meas=PAS_CRD_DEP&freq=A&sinceTimePeriod=2015,2026-10-05
MT,PAS_CRD,TOTAL,INTL_XEU27_2020,2021,674322,,2026-10-02T23:00:00+0200,https://ec.europa.eu/eurostat/api/dissemination/statistics/1.0/data/avia_paoc?geo=MT&unit=PAS&tra_meas=PAS_CRD&tra_meas=PAS_CRD_ARR&tra_meas=PAS_CRD_DEP&freq=A&sinceTimePeriod=2015,2026-10-05
MT,PAS_CRD,TOTAL,INTL_XEU27_2020,2022,1568742,,2026-10-02T23:00:00+0200,https://ec.europa.eu/eurostat/api/dissemination/statistics/1.0/data/avia_paoc?geo=MT&unit=PAS&tra_meas=PAS_CRD&tra_meas=PAS_CRD_ARR&tra_meas=PAS_CRD_DEP&freq=A&sinceTimePeriod=2015,2026-10-05
MT,PAS_CRD,TOTAL,INTL_XEU27_2020,2023,2156168,,2026-10-02T23:00:00+0200,https://ec.europa.eu/eurostat/api/dissemination/statistics/1.0/data/avia_paoc?geo=MT&unit=PAS&tra_meas=PAS_CRD&tra_meas=PAS_CRD_ARR&tra_meas=PAS_CRD_DEP&freq=A&sinceTimePeriod=2015,2026-10-05
MT,PAS_CRD,TOTAL,INTL_XEU27_2020,2024,2517807,,2026-10-02T23:00:00+0200,https://ec.europa.eu/eurostat/api/dissemination/statistics/1.0/data/avia_paoc?geo=MT&unit=PAS&tra_meas=PAS_CRD&tra_meas=PAS_CRD_ARR&tra_meas=PAS_CRD_DEP&freq=A&sinceTimePeriod=2015,2026-10-05
MT,PAS_CRD,TOTAL,INTL_XEU27_2020,2025,2937680,,2026-10-02T23:00:00+0200,https://ec.europa.eu/eurostat/api/dissemination/statistics/1.0/data/avia_paoc?geo=MT&unit=PAS&tra_meas=PAS_CRD&tra_meas=PAS_CRD_ARR&tra_meas=PAS_CRD_DEP&freq=A&sinceTimePeriod=2015,2026-10-05
MT,PAS_CRD,TOTAL,INTL_XEU28,2015,430905,,2026-10-02T23:00:00+0200,https://ec.europa.eu/eurostat/api/dissemination/statistics/1.0/data/avia_paoc?geo=MT&unit=PAS&tra_meas=PAS_CRD&tra_meas=PAS_CRD_ARR&tra_meas=PAS_CRD_DEP&freq=A&sinceTimePeriod=2015,2026-10-05
MT,PAS_CRD,TOTAL,INTL_XEU28,2016,431914,,2026-10-02T23:00:00+0200,https://ec.europa.eu/eurostat/api/dissemination/statistics/1.0/data/avia_paoc?geo=MT&unit=PAS&tra_meas=PAS_CRD&tra_meas=PAS_CRD_ARR&tra_meas=PAS_CRD_DEP&freq=A&sinceTimePeriod=2015,2026-10-05
MT,PAS_CRD,TOTAL,INTL_XEU28,2017,510603,,2026-10-02T23:00:00+0200,https://ec.europa.eu/eurostat/api/dissemination/statistics/1.0/data/avia_paoc?geo=MT&unit=PAS&tra_meas=PAS_CRD&tra_meas=PAS_CRD_ARR&tra_meas=PAS_CRD_DEP&freq=A&sinceTimePeriod=2015,2026-10-05
MT,PAS_CRD,TOTAL,INTL_XEU28,2018,626661,,2026-10-02T23:00:00+0200,https://ec.europa.eu/eurostat/api/dissemination/statistics/1.0/data/avia_paoc?geo=MT&unit=PAS&tra_meas=PAS_CRD&tra_meas=PAS_CRD_ARR&tra_meas=PAS_CRD_DEP&freq=A&sinceTimePeriod=2015,2026-10-05
MT,PAS_CRD,TOTAL,INTL_XEU28,2019,771834,,2026-10-02T23:00:00+0200,https://ec.europa.eu/eurostat/api/dissemination/statistics/1.0/data/avia_paoc?geo=MT&unit=PAS&tra_meas=PAS_CRD&tra_meas=PAS_CRD_ARR&tra_meas=PAS_CRD_DEP&freq=A&sinceTimePeriod=2015,2026-10-05
MT,PAS_CRD,TOTAL,NAT,2015,259,,2026-10-02T23:00:00+0200,https://ec.europa.eu/eurostat/api/dissemination/statistics/1.0/data/avia_paoc?geo=MT&unit=PAS&tra_meas=PAS_CRD&tra_meas=PAS_CRD_ARR&tra_meas=PAS_CRD_DEP&freq=A&sinceTimePeriod=2015,2026-10-05
MT,PAS_CRD,TOTAL,NAT,2016,346,,2026-10-02T23:00:00+0200,https://ec.europa.eu/eurostat/api/dissemination/statistics/1.0/data/avia_paoc?geo=MT&unit=PAS&tra_meas=PAS_CRD&tra_meas=PAS_CRD_ARR&tra_meas=PAS_CRD_DEP&freq=A&sinceTimePeriod=2015,2026-10-05
MT,PAS_CRD,TOTAL,NAT,2017,7,,2026-10-02T23:00:00+0200,https://ec.europa.eu/eurostat/api/dissemination/statistics/1.0/data/avia_paoc?geo=MT&unit=PAS&tra_meas=PAS_CRD&tra_meas=PAS_CRD_ARR&tra_meas=PAS_CRD_DEP&freq=A&sinceTimePeriod=2015,2026-10-05
MT,PAS_CRD,TOTAL,NAT,2018,360,,2026-10-02T23:00:00+0200,https://ec.europa.eu/eurostat/api/dissemination/statistics/1.0/data/avia_paoc?geo=MT&unit=PAS&tra_meas=PAS_CRD&tra_meas=PAS_CRD_ARR&tra_meas=PAS_CRD_DEP&freq=A&sinceTimePeriod=2015,2026-10-05
MT,PAS_CRD,TOTAL,NAT,2019,170,,2026-10-02T23:00:00+0200,https://ec.europa.eu/eurostat/api/dissemination/statistics/1.0/data/avia_paoc?geo=MT&unit=PAS&tra_meas=PAS_CRD&tra_meas=PAS_CRD_ARR&tra_meas=PAS_CRD_DEP&freq=A&sinceTimePeriod=2015,2026-10-05
MT,PAS_CRD,TOTAL,NAT,2020,0,,2026-10-02T23:00:00+0200,https://ec.europa.eu/eurostat/api/dissemination/statistics/1.0/data/avia_paoc?geo=MT&unit=PAS&tra_meas=PAS_CRD&tra_meas=PAS_CRD_ARR&tra_meas=PAS_CRD_DEP&freq=A&sinceTimePeriod=2015,2026-10-05
MT,PAS_CRD,TOTAL,NAT,2021,0,,2026-10-02T23:00:00+0200,https://ec.europa.eu/eurostat/api/dissemination/statistics/1.0/data/avia_paoc?geo=MT&unit=PAS&tra_meas=PAS_CRD&tra_meas=PAS_CRD_ARR&tra_meas=PAS_CRD_DEP&freq=A&sinceTimePeriod=2015,2026-10-05
MT,PAS_CRD,TOTAL,NAT,2022,0,,2026-10-02T23:00:00+0200,https://ec.europa.eu/eurostat/api/dissemination/statistics/1.0/data/avia_paoc?geo=MT&unit=PAS&tra_meas=PAS_CRD&tra_meas=PAS_CRD_ARR&tra_meas=PAS_CRD_DEP&freq=A&sinceTimePeriod=2015,2026-10-05
MT,PAS_CRD,TOTAL,NAT,2023,0,,2026-10-02T23:00:00+0200,https://ec.europa.eu/eurostat/api/dissemination/statistics/1.0/data/avia_paoc?geo=MT&unit=PAS&tra_meas=PAS_CRD&tra_meas=PAS_CRD_ARR&tra_meas=PAS_CRD_DEP&freq=A&sinceTimePeriod=2015,2026-10-05
MT,PAS_CRD,TOTAL,NAT,2024,0,,2026-10-02T23:00:00+0200,https://ec.europa.eu/eurostat/api/dissemination/statistics/1.0/data/avia_paoc?geo=MT&unit=PAS&tra_meas=PAS_CRD&tra_meas=PAS_CRD_ARR&tra_meas=PAS_CRD_DEP&freq=A&sinceTimePeriod=2015,2026-10-05
MT,PAS_CRD,TOTAL,NAT,2025,0,,2026-10-02T23:00:00+0200,https://ec.europa.eu/eurostat/api/dissemination/statistics/1.0/data/avia_paoc?geo=MT&unit=PAS&tra_meas=PAS_CRD&tra_meas=PAS_CRD_ARR&tra_meas=PAS_CRD_DEP&freq=A&sinceTimePeriod=2015,2026-10-05
MT,PAS_CRD,TOTAL,TOTAL,2015,4619557,,2026-10-02T23:00:00+0200,https://ec.europa.eu/eurostat/api/dissemination/statistics/1.0/data/avia_paoc?geo=MT&unit=PAS&tra_meas=PAS_CRD&tra_meas=PAS_CRD_ARR&tra_meas=PAS_CRD_DEP&freq=A&sinceTimePeriod=2015,2026-10-05
MT,PAS_CRD,TOTAL,TOTAL,2016,5080446,,2026-10-02T23:00:00+0200,https://ec.europa.eu/eurostat/api/dissemination/statistics/1.0/data/avia_paoc?geo=MT&unit=PAS&tra_meas=PAS_CRD&tra_meas=PAS_CRD_ARR&tra_meas=PAS_CRD_DEP&freq=A&sinceTimePeriod=2015,2026-10-05
MT,PAS_CRD,TOTAL,TOTAL,2017,6007731,,2026-10-02T23:00:00+0200,https://ec.europa.eu/eurostat/api/dissemination/statistics/1.0/data/avia_paoc?geo=MT&unit=PAS&tra_meas=PAS_CRD&tra_meas=PAS_CRD_ARR&tra_meas=PAS_CRD_DEP&freq=A&sinceTimePeriod=2015,2026-10-05
MT,PAS_CRD,TOTAL,TOTAL,2018,6805817,,2026-10-02T23:00:00+0200,https://ec.europa.eu/eurostat/api/dissemination/statistics/1.0/data/avia_paoc?geo=MT&unit=PAS&tra_meas=PAS_CRD&tra_meas=PAS_CRD_ARR&tra_meas=PAS_CRD_DEP&freq=A&sinceTimePeriod=2015,2026-10-05
MT,PAS_CRD,TOTAL,TOTAL,2019,7318357,,2026-10-02T23:00:00+0200,https://ec.europa.eu/eurostat/api/dissemination/statistics/1.0/data/avia_paoc?geo=MT&unit=PAS&tra_meas=PAS_CRD&tra_meas=PAS_CRD_ARR&tra_meas=PAS_CRD_DEP&freq=A&sinceTimePeriod=2015,2026-10-05
MT,PAS_CRD,TOTAL,TOTAL,2020,1752445,,2026-10-02T23:00:00+0200,https://ec.europa.eu/eurostat/api/dissemination/statistics/1.0/data/avia_paoc?geo=MT&unit=PAS&tra_meas=PAS_CRD&tra_meas=PAS_CRD_ARR&tra_meas=PAS_CRD_DEP&freq=A&sinceTimePeriod=2015,2026-10-05
MT,PAS_CRD,TOTAL,TOTAL,2021,2547912,,2026-10-02T23:00:00+0200,https://ec.europa.eu/eurostat/api/dissemination/statistics/1.0/data/avia_paoc?geo=MT&unit=PAS&tra_meas=PAS_CRD&tra_meas=PAS_CRD_ARR&tra_meas=PAS_CRD_DEP&freq=A&sinceTimePeriod=2015,2026-10-05
MT,PAS_CRD,TOTAL,TOTAL,2022,5861597,,2026-10-02T23:00:00+0200,https://ec.europa.eu/eurostat/api/dissemination/statistics/1.0/data/avia_paoc?geo=MT&unit=PAS&tra_meas=PAS_CRD&tra_meas=PAS_CRD_ARR&tra_meas=PAS_CRD_DEP&freq=A&sinceTimePeriod=2015,2026-10-05
MT,PAS_CRD,TOTAL,TOTAL,2023,7813491,,2026-10-02T23:00:00+0200,https://ec.europa.eu/eurostat/api/dissemination/statistics/1.0/data/avia_paoc?geo=MT&unit=PAS&tra_meas=PAS_CRD&tra_meas=PAS_CRD_ARR&tra_meas=PAS_CRD_DEP&freq=A&sinceTimePeriod=2015,2026-10-05
MT,PAS_CRD,TOTAL,TOTAL,2024,8968239,,2026-10-02T23:00:00+0200,https://ec.europa.eu/eurostat/api/dissemination/statistics/1.0/data/avia_paoc?geo=MT&unit=PAS&tra_meas=PAS_CRD&tra_meas=PAS_CRD_ARR&tra_meas=PAS_CRD_DEP&freq=A&sinceTimePeriod=2015,2026-10-05
MT,PAS_CRD,TOTAL,TOTAL,2025,10070972,,2026-10-02T23:00:00+0200,https://ec.europa.eu/eurostat/api/dissemination/statistics/1.0/data/avia_paoc?geo=MT&unit=PAS&tra_meas=PAS_CRD&tra_meas=PAS_CRD_ARR&tra_meas=PAS_CRD_DEP&freq=A&sinceTimePeriod=2015,2026-10-05
MT,PAS_CRD,UNK,INTL,2023,0,,2026-10-02T23:00:00+0200,https://ec.europa.eu/eurostat/api/dissemination/statistics/1.0/data/avia_paoc?geo=MT&unit=PAS&tra_meas=PAS_CRD&tra_meas=PAS_CRD_ARR&tra_meas=PAS_CRD_DEP&freq=A&sinceTimePeriod=2015,2026-10-05
MT,PAS_CRD,UNK,INTL,2024,0,,2026-10-02T23:00:00+0200,https://ec.europa.eu/eurostat/api/dissemination/statistics/1.0/data/avia_paoc?geo=MT&unit=PAS&tra_meas=PAS_CRD&tra_meas=PAS_CRD_ARR&tra_meas=PAS_CRD_DEP&freq=A&sinceTimePeriod=2015,2026-10-05
MT,PAS_CRD,UNK,INTL,2025,0,,2026-10-02T23:00:00+0200,https://ec.europa.eu/eurostat/api/dissemination/statistics/1.0/data/avia_paoc?geo=MT&unit=PAS&tra_meas=PAS_CRD&tra_meas=PAS_CRD_ARR&tra_meas=PAS_CRD_DEP&freq=A&sinceTimePeriod=2015,2026-10-05
MT,PAS_CRD,UNK,INTL_IEU27_2020,2023,0,,2026-10-02T23:00:00+0200,https://ec.europa.eu/eurostat/api/dissemination/statistics/1.0/data/avia_paoc?geo=MT&unit=PAS&tra_meas=PAS_CRD&tra_meas=PAS_CRD_ARR&tra_meas=PAS_CRD_DEP&freq=A&sinceTimePeriod=2015,2026-10-05
MT,PAS_CRD,UNK,INTL_IEU27_2020,2024,0,,2026-10-02T23:00:00+0200,https://ec.europa.eu/eurostat/api/dissemination/statistics/1.0/data/avia_paoc?geo=MT&unit=PAS&tra_meas=PAS_CRD&tra_meas=PAS_CRD_ARR&tra_meas=PAS_CRD_DEP&freq=A&sinceTimePeriod=2015,2026-10-05
MT,PAS_CRD,UNK,INTL_IEU27_2020,2025,0,,2026-10-02T23:00:00+0200,https://ec.europa.eu/eurostat/api/dissemination/statistics/1.0/data/avia_paoc?geo=MT&unit=PAS&tra_meas=PAS_CRD&tra_meas=PAS_CRD_ARR&tra_meas=PAS_CRD_DEP&freq=A&sinceTimePeriod=2015,2026-10-05
MT,PAS_CRD,UNK,INTL_XEU27_2020,2023,0,,2026-10-02T23:00:00+0200,https://ec.europa.eu/eurostat/api/dissemination/statistics/1.0/data/avia_paoc?geo=MT&unit=PAS&tra_meas=PAS_CRD&tra_meas=PAS_CRD_ARR&tra_meas=PAS_CRD_DEP&freq=A&sinceTimePeriod=2015,2026-10-05
MT,PAS_CRD,UNK,INTL_XEU27_2020,2024,0,,2026-10-02T23:00:00+0200,https://ec.europa.eu/eurostat/api/dissemination/statistics/1.0/data/avia_paoc?geo=MT&unit=PAS&tra_meas=PAS_CRD&tra_meas=PAS_CRD_ARR&tra_meas=PAS_CRD_DEP&freq=A&sinceTimePeriod=2015,2026-10-05
MT,PAS_CRD,UNK,INTL_XEU27_2020,2025,0,,2026-10-02T23:00:00+0200,https://ec.europa.eu/eurostat/api/dissemination/statistics/1.0/data/avia_paoc?geo=MT&unit=PAS&tra_meas=PAS_CRD&tra_meas=PAS_CRD_ARR&tra_meas=PAS_CRD_DEP&freq=A&sinceTimePeriod=2015,2026-10-05
MT,PAS_CRD,UNK,NAT,2023,0,,2026-10-02T23:00:00+0200,https://ec.europa.eu/eurostat/api/dissemination/statistics/1.0/data/avia_paoc?geo=MT&unit=PAS&tra_meas=PAS_CRD&tra_meas=PAS_CRD_ARR&tra_meas=PAS_CRD_DEP&freq=A&sinceTimePeriod=2015,2026-10-05
MT,PAS_CRD,UNK,NAT,2024,0,,2026-10-02T23:00:00+0200,https://ec.europa.eu/eurostat/api/dissemination/statistics/1.0/data/avia_paoc?geo=MT&unit=PAS&tra_meas=PAS_CRD&tra_meas=PAS_CRD_ARR&tra_meas=PAS_CRD_DEP&freq=A&sinceTimePeriod=2015,2026-10-05
MT,PAS_CRD,UNK,NAT,2025,0,,2026-10-02T23:00:00+0200,https://ec.europa.eu/eurostat/api/dissemination/statistics/1.0/data/avia_paoc?geo=MT&unit=PAS&tra_meas=PAS_CRD&tra_meas=PAS_CRD_ARR&tra_meas=PAS_CRD_DEP&freq=A&sinceTimePeriod=2015,2026-10-05
MT,PAS_CRD,UNK,TOTAL,2023,0,,2026-10-02T23:00:00+0200,https://ec.europa.eu/eurostat/api/dissemination/statistics/1.0/data/avia_paoc?geo=MT&unit=PAS&tra_meas=PAS_CRD&tra_meas=PAS_CRD_ARR&tra_meas=PAS_CRD_DEP&freq=A&sinceTimePeriod=2015,2026-10-05
MT,PAS_CRD,UNK,TOTAL,2024,0,,2026-10-02T23:00:00+0200,https://ec.europa.eu/eurostat/api/dissemination/statistics/1.0/data/avia_paoc?geo=MT&unit=PAS&tra_meas=PAS_CRD&tra_meas=PAS_CRD_ARR&tra_meas=PAS_CRD_DEP&freq=A&sinceTimePeriod=2015,2026-10-05
MT,PAS_CRD,UNK,TOTAL,2025,0,,2026-10-02T23:00:00+0200,https://ec.europa.eu/eurostat/api/dissemination/statistics/1.0/data/avia_paoc?geo=MT&unit=PAS&tra_meas=PAS_CRD&tra_meas=PAS_CRD_ARR&tra_meas=PAS_CRD_DEP&freq=A&sinceTimePeriod=2015,2026-10-05
MT,PAS_CRD_ARR,NSCHED,INTL,2015,138315,,2026-10-02T23:00:00+0200,https://ec.europa.eu/eurostat/api/dissemination/statistics/1.0/data/avia_paoc?geo=MT&unit=PAS&tra_meas=PAS_CRD&tra_meas=PAS_CRD_ARR&tra_meas=PAS_CRD_DEP&freq=A&sinceTimePeriod=2015,2026-10-05
MT,PAS_CRD_ARR,NSCHED,INTL,2016,104633,,2026-10-02T23:00:00+0200,https://ec.europa.eu/eurostat/api/dissemination/statistics/1.0/data/avia_paoc?geo=MT&unit=PAS&tra_meas=PAS_CRD&tra_meas=PAS_CRD_ARR&tra_meas=PAS_CRD_DEP&freq=A&sinceTimePeriod=2015,2026-10-05
MT,PAS_CRD_ARR,NSCHED,INTL,2017,103142,,2026-10-02T23:00:00+0200,https://ec.europa.eu/eurostat/api/dissemination/statistics/1.0/data/avia_paoc?geo=MT&unit=PAS&tra_meas=PAS_CRD&tra_meas=PAS_CRD_ARR&tra_meas=PAS_CRD_DEP&freq=A&sinceTimePeriod=2015,2026-10-05
MT,PAS_CRD_ARR,NSCHED,INTL,2018,105781,,2026-10-02T23:00:00+0200,https://ec.europa.eu/eurostat/api/dissemination/statistics/1.0/data/avia_paoc?geo=MT&unit=PAS&tra_meas=PAS_CRD&tra_meas=PAS_CRD_ARR&tra_meas=PAS_CRD_DEP&freq=A&sinceTimePeriod=2015,2026-10-05
MT,PAS_CRD_ARR,NSCHED,INTL,2019,96886,,2026-10-02T23:00:00+0200,https://ec.europa.eu/eurostat/api/dissemination/statistics/1.0/data/avia_paoc?geo=MT&unit=PAS&tra_meas=PAS_CRD&tra_meas=PAS_CRD_ARR&tra_meas=PAS_CRD_DEP&freq=A&sinceTimePeriod=2015,2026-10-05
MT,PAS_CRD_ARR,NSCHED,INTL,2020,11630,,2026-10-02T23:00:00+0200,https://ec.europa.eu/eurostat/api/dissemination/statistics/1.0/data/avia_paoc?geo=MT&unit=PAS&tra_meas=PAS_CRD&tra_meas=PAS_CRD_ARR&tra_meas=PAS_CRD_DEP&freq=A&sinceTimePeriod=2015,2026-10-05
MT,PAS_CRD_ARR,NSCHED,INTL,2021,20631,,2026-10-02T23:00:00+0200,https://ec.europa.eu/eurostat/api/dissemination/statistics/1.0/data/avia_paoc?geo=MT&unit=PAS&tra_meas=PAS_CRD&tra_meas=PAS_CRD_ARR&tra_meas=PAS_CRD_DEP&freq=A&sinceTimePeriod=2015,2026-10-05
MT,PAS_CRD_ARR,NSCHED,INTL,2022,69422,,2026-10-02T23:00:00+0200,https://ec.europa.eu/eurostat/api/dissemination/statistics/1.0/data/avia_paoc?geo=MT&unit=PAS&tra_meas=PAS_CRD&tra_meas=PAS_CRD_ARR&tra_meas=PAS_CRD_DEP&freq=A&sinceTimePeriod=2015,2026-10-05
MT,PAS_CRD_ARR,NSCHED,INTL,2023,96124,,2026-10-02T23:00:00+0200,https://ec.europa.eu/eurostat/api/dissemination/statistics/1.0/data/avia_paoc?geo=MT&unit=PAS&tra_meas=PAS_CRD&tra_meas=PAS_CRD_ARR&tra_meas=PAS_CRD_DEP&freq=A&sinceTimePeriod=2015,2026-10-05
MT,PAS_CRD_ARR,NSCHED,INTL,2024,91318,,2026-10-02T23:00:00+0200,https://ec.europa.eu/eurostat/api/dissemination/statistics/1.0/data/avia_paoc?geo=MT&unit=PAS&tra_meas=PAS_CRD&tra_meas=PAS_CRD_ARR&tra_meas=PAS_CRD_DEP&freq=A&sinceTimePeriod=2015,2026-10-05
MT,PAS_CRD_ARR,NSCHED,INTL,2025,106526,,2026-10-02T23:00:00+0200,https://ec.europa.eu/eurostat/api/dissemination/statistics/1.0/data/avia_paoc?geo=MT&unit=PAS&tra_meas=PAS_CRD&tra_meas=PAS_CRD_ARR&tra_meas=PAS_CRD_DEP&freq=A&sinceTimePeriod=2015,2026-10-05
MT,PAS_CRD_ARR,NSCHED,INTL_IEU27_2007,2015,110460,,2026-10-02T23:00:00+0200,https://ec.europa.eu/eurostat/api/dissemination/statistics/1.0/data/avia_paoc?geo=MT&unit=PAS&tra_meas=PAS_CRD&tra_meas=PAS_CRD_ARR&tra_meas=PAS_CRD_DEP&freq=A&sinceTimePeriod=2015,2026-10-05
MT,PAS_CRD_ARR,NSCHED,INTL_IEU27_2007,2016,83783,,2026-10-02T23:00:00+0200,https://ec.europa.eu/eurostat/api/dissemination/statistics/1.0/data/avia_paoc?geo=MT&unit=PAS&tra_meas=PAS_CRD&tra_meas=PAS_CRD_ARR&tra_meas=PAS_CRD_DEP&freq=A&sinceTimePeriod=2015,2026-10-05
MT,PAS_CRD_ARR,NSCHED,INTL_IEU27_2007,2017,84897,,2026-10-02T23:00:00+0200,https://ec.europa.eu/eurostat/api/dissemination/statistics/1.0/data/avia_paoc?geo=MT&unit=PAS&tra_meas=PAS_CRD&tra_meas=PAS_CRD_ARR&tra_meas=PAS_CRD_DEP&freq=A&sinceTimePeriod=2015,2026-10-05
MT,PAS_CRD_ARR,NSCHED,INTL_IEU27_2007,2018,98935,,2026-10-02T23:00:00+0200,https://ec.europa.eu/eurostat/api/dissemination/statistics/1.0/data/avia_paoc?geo=MT&unit=PAS&tra_meas=PAS_CRD&tra_meas=PAS_CRD_ARR&tra_meas=PAS_CRD_DEP&freq=A&sinceTimePeriod=2015,2026-10-05
MT,PAS_CRD_ARR,NSCHED,INTL_IEU27_2007,2019,87702,,2026-10-02T23:00:00+0200,https://ec.europa.eu/eurostat/api/dissemination/statistics/1.0/data/avia_paoc?geo=MT&unit=PAS&tra_meas=PAS_CRD&tra_meas=PAS_CRD_ARR&tra_meas=PAS_CRD_DEP&freq=A&sinceTimePeriod=2015,2026-10-05
MT,PAS_CRD_ARR,NSCHED,INTL_IEU27_2020,2015,65484,,2026-10-02T23:00:00+0200,https://ec.europa.eu/eurostat/api/dissemination/statistics/1.0/data/avia_paoc?geo=MT&unit=PAS&tra_meas=PAS_CRD&tra_meas=PAS_CRD_ARR&tra_meas=PAS_CRD_DEP&freq=A&sinceTimePeriod=2015,2026-10-05
MT,PAS_CRD_ARR,NSCHED,INTL_IEU27_2020,2016,58425,,2026-10-02T23:00:00+0200,https://ec.europa.eu/eurostat/api/dissemination/statistics/1.0/data/avia_paoc?geo=MT&unit=PAS&tra_meas=PAS_CRD&tra_meas=PAS_CRD_ARR&tra_meas=PAS_CRD_DEP&freq=A&sinceTimePeriod=2015,2026-10-05
MT,PAS_CRD_ARR,NSCHED,INTL_IEU27_2020,2017,55262,,2026-10-02T23:00:00+0200,https://ec.europa.eu/eurostat/api/dissemination/statistics/1.0/data/avia_paoc?geo=MT&unit=PAS&tra_meas=PAS_CRD&tra_meas=PAS_CRD_ARR&tra_meas=PAS_CRD_DEP&freq=A&sinceTimePeriod=2015,2026-10-05
MT,PAS_CRD_ARR,NSCHED,INTL_IEU27_2020,2018,69926,,2026-10-02T23:00:00+0200,https://ec.europa.eu/eurostat/api/dissemination/statistics/1.0/data/avia_paoc?geo=MT&unit=PAS&tra_meas=PAS_CRD&tra_meas=PAS_CRD_ARR&tra_meas=PAS_CRD_DEP&freq=A&sinceTimePeriod=2015,2026-10-05
MT,PAS_CRD_ARR,NSCHED,INTL_IEU27_2020,2019,56115,,2026-10-02T23:00:00+0200,https://ec.europa.eu/eurostat/api/dissemination/statistics/1.0/data/avia_paoc?geo=MT&unit=PAS&tra_meas=PAS_CRD&tra_meas=PAS_CRD_ARR&tra_meas=PAS_CRD_DEP&freq=A&sinceTimePeriod=2015,2026-10-05
MT,PAS_CRD_ARR,NSCHED,INTL_IEU27_2020,2020,8138,,2026-10-02T23:00:00+0200,https://ec.europa.eu/eurostat/api/dissemination/statistics/1.0/data/avia_paoc?geo=MT&unit=PAS&tra_meas=PAS_CRD&tra_meas=PAS_CRD_ARR&tra_meas=PAS_CRD_DEP&freq=A&sinceTimePeriod=2015,2026-10-05
MT,PAS_CRD_ARR,NSCHED,INTL_IEU27_2020,2021,14996,,2026-10-02T23:00:00+0200,https://ec.europa.eu/eurostat/api/dissemination/statistics/1.0/data/avia_paoc?geo=MT&unit=PAS&tra_meas=PAS_CRD&tra_meas=PAS_CRD_ARR&tra_meas=PAS_CRD_DEP&freq=A&sinceTimePeriod=2015,2026-10-05
MT,PAS_CRD_ARR,NSCHED,INTL_IEU27_2020,2022,34964,,2026-10-02T23:00:00+0200,https://ec.europa.eu/eurostat/api/dissemination/statistics/1.0/data/avia_paoc?geo=MT&unit=PAS&tra_meas=PAS_CRD&tra_meas=PAS_CRD_ARR&tra_meas=PAS_CRD_DEP&freq=A&sinceTimePeriod=2015,2026-10-05
MT,PAS_CRD_ARR,NSCHED,INTL_IEU27_2020,2023,43754,,2026-10-02T23:00:00+0200,https://ec.europa.eu/eurostat/api/dissemination/statistics/1.0/data/avia_paoc?geo=MT&unit=PAS&tra_meas=PAS_CRD&tra_meas=PAS_CRD_ARR&tra_meas=PAS_CRD_DEP&freq=A&sinceTimePeriod=2015,2026-10-05
MT,PAS_CRD_ARR,NSCHED,INTL_IEU27_2020,2024,36504,,2026-10-02T23:00:00+0200,https://ec.europa.eu/eurostat/api/dissemination/statistics/1.0/data/avia_paoc?geo=MT&unit=PAS&tra_meas=PAS_CRD&tra_meas=PAS_CRD_ARR&tra_meas=PAS_CRD_DEP&freq=A&sinceTimePeriod=2015,2026-10-05
MT,PAS_CRD_ARR,NSCHED,INTL_IEU27_2020,2025,44736,,2026-10-02T23:00:00+0200,https://ec.europa.eu/eurostat/api/dissemination/statistics/1.0/data/avia_paoc?geo=MT&unit=PAS&tra_meas=PAS_CRD&tra_meas=PAS_CRD_ARR&tra_meas=PAS_CRD_DEP&freq=A&sinceTimePeriod=2015,2026-10-05
MT,PAS_CRD_ARR,NSCHED,INTL_IEU28,2015,112332,,2026-10-02T23:00:00+0200,https://ec.europa.eu/eurostat/api/dissemination/statistics/1.0/data/avia_paoc?geo=MT&unit=PAS&tra_meas=PAS_CRD&tra_meas=PAS_CRD_ARR&tra_meas=PAS_CRD_DEP&freq=A&sinceTimePeriod=2015,2026-10-05
MT,PAS_CRD_ARR,NSCHED,INTL_IEU28,2016,85750,,2026-10-02T23:00:00+0200,https://ec.europa.eu/eurostat/api/dissemination/statistics/1.0/data/avia_paoc?geo=MT&unit=PAS&tra_meas=PAS_CRD&tra_meas=PAS_CRD_ARR&tra_meas=PAS_CRD_DEP&freq=A&sinceTimePeriod=2015,2026-10-05
MT,PAS_CRD_ARR,NSCHED,INTL_IEU28,2017,87075,,2026-10-02T23:00:00+0200,https://ec.europa.eu/eurostat/api/dissemination/statistics/1.0/data/avia_paoc?geo=MT&unit=PAS&tra_meas=PAS_CRD&tra_meas=PAS_CRD_ARR&tra_meas=PAS_CRD_DEP&freq=A&sinceTimePeriod=2015,2026-10-05
MT,PAS_CRD_ARR,NSCHED,INTL_IEU28,2018,100837,,2026-10-02T23:00:00+0200,https://ec.europa.eu/eurostat/api/dissemination/statistics/1.0/data/avia_paoc?geo=MT&unit=PAS&tra_meas=PAS_CRD&tra_meas=PAS_CRD_ARR&tra_meas=PAS_CRD_DEP&freq=A&sinceTimePeriod=2015,2026-10-05
MT,PAS_CRD_ARR,NSCHED,INTL_IEU28,2019,89478,,2026-10-02T23:00:00+0200,https://ec.europa.eu/eurostat/api/dissemination/statistics/1.0/data/avia_paoc?geo=MT&unit=PAS&tra_meas=PAS_CRD&tra_meas=PAS_CRD_ARR&tra_meas=PAS_CRD_DEP&freq=A&sinceTimePeriod=2015,2026-10-05
MT,PAS_CRD_ARR,NSCHED,INTL_XEU27_2007,2015,27855,,2026-10-02T23:00:00+0200,https://ec.europa.eu/eurostat/api/dissemination/statistics/1.0/data/avia_paoc?geo=MT&unit=PAS&tra_meas=PAS_CRD&tra_meas=PAS_CRD_ARR&tra_meas=PAS_CRD_DEP&freq=A&sinceTimePeriod=2015,2026-10-05
MT,PAS_CRD_ARR,NSCHED,INTL_XEU27_2007,2016,20850,,2026-10-02T23:00:00+0200,https://ec.europa.eu/eurostat/api/dissemination/statistics/1.0/data/avia_paoc?geo=MT&unit=PAS&tra_meas=PAS_CRD&tra_meas=PAS_CRD_ARR&tra_meas=PAS_CRD_DEP&freq=A&sinceTimePeriod=2015,2026-10-05
MT,PAS_CRD_ARR,NSCHED,INTL_XEU27_2007,2017,18245,,2026-10-02T23:00:00+0200,https://ec.europa.eu/eurostat/api/dissemination/statistics/1.0/data/avia_paoc?geo=MT&unit=PAS&tra_meas=PAS_CRD&tra_meas=PAS_CRD_ARR&tra_meas=PAS_CRD_DEP&freq=A&sinceTimePeriod=2015,2026-10-05
MT,PAS_CRD_ARR,NSCHED,INTL_XEU27_2007,2018,6846,,2026-10-02T23:00:00+0200,https://ec.europa.eu/eurostat/api/dissemination/statistics/1.0/data/avia_paoc?geo=MT&unit=PAS&tra_meas=PAS_CRD&tra_meas=PAS_CRD_ARR&tra_meas=PAS_CRD_DEP&freq=A&sinceTimePeriod=2015,2026-10-05
MT,PAS_CRD_ARR,NSCHED,INTL_XEU27_2007,2019,9184,,2026-10-02T23:00:00+0200,https://ec.europa.eu/eurostat/api/dissemination/statistics/1.0/data/avia_paoc?geo=MT&unit=PAS&tra_meas=PAS_CRD&tra_meas=PAS_CRD_ARR&tra_meas=PAS_CRD_DEP&freq=A&sinceTimePeriod=2015,2026-10-05
MT,PAS_CRD_ARR,NSCHED,INTL_XEU27_2020,2015,72831,,2026-10-02T23:00:00+0200,https://ec.europa.eu/eurostat/api/dissemination/statistics/1.0/data/avia_paoc?geo=MT&unit=PAS&tra_meas=PAS_CRD&tra_meas=PAS_CRD_ARR&tra_meas=PAS_CRD_DEP&freq=A&sinceTimePeriod=2015,2026-10-05
MT,PAS_CRD_ARR,NSCHED,INTL_XEU27_2020,2016,46208,,2026-10-02T23:00:00+0200,https://ec.europa.eu/eurostat/api/dissemination/statistics/1.0/data/avia_paoc?geo=MT&unit=PAS&tra_meas=PAS_CRD&tra_meas=PAS_CRD_ARR&tra_meas=PAS_CRD_DEP&freq=A&sinceTimePeriod=2015,2026-10-05
MT,PAS_CRD_ARR,NSCHED,INTL_XEU27_2020,2017,47880,,2026-10-02T23:00:00+0200,https://ec.europa.eu/eurostat/api/dissemination/statistics/1.0/data/avia_paoc?geo=MT&unit=PAS&tra_meas=PAS_CRD&tra_meas=PAS_CRD_ARR&tra_meas=PAS_CRD_DEP&freq=A&sinceTimePeriod=2015,2026-10-05
MT,PAS_CRD_ARR,NSCHED,INTL_XEU27_2020,2018,35855,,2026-10-02T23:00:00+0200,https://ec.europa.eu/eurostat/api/dissemination/statistics/1.0/data/avia_paoc?geo=MT&unit=PAS&tra_meas=PAS_CRD&tra_meas=PAS_CRD_ARR&tra_meas=PAS_CRD_DEP&freq=A&sinceTimePeriod=2015,2026-10-05
MT,PAS_CRD_ARR,NSCHED,INTL_XEU27_2020,2019,40771,,2026-10-02T23:00:00+0200,https://ec.europa.eu/eurostat/api/dissemination/statistics/1.0/data/avia_paoc?geo=MT&unit=PAS&tra_meas=PAS_CRD&tra_meas=PAS_CRD_ARR&tra_meas=PAS_CRD_DEP&freq=A&sinceTimePeriod=2015,2026-10-05
MT,PAS_CRD_ARR,NSCHED,INTL_XEU27_2020,2020,3492,,2026-10-02T23:00:00+0200,https://ec.europa.eu/eurostat/api/dissemination/statistics/1.0/data/avia_paoc?geo=MT&unit=PAS&tra_meas=PAS_CRD&tra_meas=PAS_CRD_ARR&tra_meas=PAS_CRD_DEP&freq=A&sinceTimePeriod=2015,2026-10-05
MT,PAS_CRD_ARR,NSCHED,INTL_XEU27_2020,2021,5635,,2026-10-02T23:00:00+0200,https://ec.europa.eu/eurostat/api/dissemination/statistics/1.0/data/avia_paoc?geo=MT&unit=PAS&tra_meas=PAS_CRD&tra_meas=PAS_CRD_ARR&tra_meas=PAS_CRD_DEP&freq=A&sinceTimePeriod=2015,2026-10-05
MT,PAS_CRD_ARR,NSCHED,INTL_XEU27_2020,2022,34458,,2026-10-02T23:00:00+0200,https://ec.europa.eu/eurostat/api/dissemination/statistics/1.0/data/avia_paoc?geo=MT&unit=PAS&tra_meas=PAS_CRD&tra_meas=PAS_CRD_ARR&tra_meas=PAS_CRD_DEP&freq=A&sinceTimePeriod=2015,2026-10-05
MT,PAS_CRD_ARR,NSCHED,INTL_XEU27_2020,2023,52370,,2026-10-02T23:00:00+0200,https://ec.europa.eu/eurostat/api/dissemination/statistics/1.0/data/avia_paoc?geo=MT&unit=PAS&tra_meas=PAS_CRD&tra_meas=PAS_CRD_ARR&tra_meas=PAS_CRD_DEP&freq=A&sinceTimePeriod=2015,2026-10-05
MT,PAS_CRD_ARR,NSCHED,INTL_XEU27_2020,2024,54814,,2026-10-02T23:00:00+0200,https://ec.europa.eu/eurostat/api/dissemination/statistics/1.0/data/avia_paoc?geo=MT&unit=PAS&tra_meas=PAS_CRD&tra_meas=PAS_CRD_ARR&tra_meas=PAS_CRD_DEP&freq=A&sinceTimePeriod=2015,2026-10-05
MT,PAS_CRD_ARR,NSCHED,INTL_XEU27_2020,2025,61790,,2026-10-02T23:00:00+0200,https://ec.europa.eu/eurostat/api/dissemination/statistics/1.0/data/avia_paoc?geo=MT&unit=PAS&tra_meas=PAS_CRD&tra_meas=PAS_CRD_ARR&tra_meas=PAS_CRD_DEP&freq=A&sinceTimePeriod=2015,2026-10-05
MT,PAS_CRD_ARR,NSCHED,INTL_XEU28,2015,25983,,2026-10-02T23:00:00+0200,https://ec.europa.eu/eurostat/api/dissemination/statistics/1.0/data/avia_paoc?geo=MT&unit=PAS&tra_meas=PAS_CRD&tra_meas=PAS_CRD_ARR&tra_meas=PAS_CRD_DEP&freq=A&sinceTimePeriod=2015,2026-10-05
MT,PAS_CRD_ARR,NSCHED,INTL_XEU28,2016,18883,,2026-10-02T23:00:00+0200,https://ec.europa.eu/eurostat/api/dissemination/statistics/1.0/data/avia_paoc?geo=MT&unit=PAS&tra_meas=PAS_CRD&tra_meas=PAS_CRD_ARR&tra_meas=PAS_CRD_DEP&freq=A&sinceTimePeriod=2015,2026-10-05
MT,PAS_CRD_ARR,NSCHED,INTL_XEU28,2017,16067,,2026-10-02T23:00:00+0200,https://ec.europa.eu/eurostat/api/dissemination/statistics/1.0/data/avia_paoc?geo=MT&unit=PAS&tra_meas=PAS_CRD&tra_meas=PAS_CRD_ARR&tra_meas=PAS_CRD_DEP&freq=A&sinceTimePeriod=2015,2026-10-05
MT,PAS_CRD_ARR,NSCHED,INTL_XEU28,2018,4944,,2026-10-02T23:00:00+0200,https://ec.europa.eu/eurostat/api/dissemination/statistics/1.0/data/avia_paoc?geo=MT&unit=PAS&tra_meas=PAS_CRD&tra_meas=PAS_CRD_ARR&tra_meas=PAS_CRD_DEP&freq=A&sinceTimePeriod=2015,2026-10-05
MT,PAS_CRD_ARR,NSCHED,INTL_XEU28,2019,7408,,2026-10-02T23:00:00+0200,https://ec.europa.eu/eurostat/api/dissemination/statistics/1.0/data/avia_paoc?geo=MT&unit=PAS&tra_meas=PAS_CRD&tra_meas=PAS_CRD_ARR&tra_meas=PAS_CRD_DEP&freq=A&sinceTimePeriod=2015,2026-10-05
MT,PAS_CRD_ARR,NSCHED,NAT,2015,259,,2026-10-02T23:00:00+0200,https://ec.europa.eu/eurostat/api/dissemination/statistics/1.0/data/avia_paoc?geo=MT&unit=PAS&tra_meas=PAS_CRD&tra_meas=PAS_CRD_ARR&tra_meas=PAS_CRD_DEP&freq=A&sinceTimePeriod=2015,2026-10-05
MT,PAS_CRD_ARR,NSCHED,NAT,2016,173,,2026-10-02T23:00:00+0200,https://ec.europa.eu/eurostat/api/dissemination/statistics/1.0/data/avia_paoc?geo=MT&unit=PAS&tra_meas=PAS_CRD&tra_meas=PAS_CRD_ARR&tra_meas=PAS_CRD_DEP&freq=A&sinceTimePeriod=2015,2026-10-05
MT,PAS_CRD_ARR,NSCHED,NAT,2017,7,,2026-10-02T23:00:00+0200,https://ec.europa.eu/eurostat/api/dissemination/statistics/1.0/data/avia_paoc?geo=MT&unit=PAS&tra_meas=PAS_CRD&tra_meas=PAS_CRD_ARR&tra_meas=PAS_CRD_DEP&freq=A&sinceTimePeriod=2015,2026-10-05
MT,PAS_CRD_ARR,NSCHED,NAT,2018,346,,2026-10-02T23:00:00+0200,https://ec.europa.eu/eurostat/api/dissemination/statistics/1.0/data/avia_paoc?geo=MT&unit=PAS&tra_meas=PAS_CRD&tra_meas=PAS_CRD_ARR&tra_meas=PAS_CRD_DEP&freq=A&sinceTimePeriod=2015,2026-10-05
MT,PAS_CRD_ARR,NSCHED,NAT,2019,162,,2026-10-02T23:00:00+0200,https://ec.europa.eu/eurostat/api/dissemination/statistics/1.0/data/avia_paoc?geo=MT&unit=PAS&tra_meas=PAS_CRD&tra_meas=PAS_CRD_ARR&tra_meas=PAS_CRD_DEP&freq=A&sinceTimePeriod=2015,2026-10-05
MT,PAS_CRD_ARR,NSCHED,NAT,2020,0,,2026-10-02T23:00:00+0200,https://ec.europa.eu/eurostat/api/dissemination/statistics/1.0/data/avia_paoc?geo=MT&unit=PAS&tra_meas=PAS_CRD&tra_meas=PAS_CRD_ARR&tra_meas=PAS_CRD_DEP&freq=A&sinceTimePeriod=2015,2026-10-05
MT,PAS_CRD_ARR,NSCHED,NAT,2021,0,,2026-10-02T23:00:00+0200,https://ec.europa.eu/eurostat/api/dissemination/statistics/1.0/data/avia_paoc?geo=MT&unit=PAS&tra_meas=PAS_CRD&tra_meas=PAS_CRD_ARR&tra_meas=PAS_CRD_DEP&freq=A&sinceTimePeriod=2015,2026-10-05
MT,PAS_CRD_ARR,NSCHED,NAT,2022,0,,2026-10-02T23:00:00+0200,https://ec.europa.eu/eurostat/api/dissemination/statistics/1.0/data/avia_paoc?geo=MT&unit=PAS&tra_meas=PAS_CRD&tra_meas=PAS_CRD_ARR&tra_meas=PAS_CRD_DEP&freq=A&sinceTimePeriod=2015,2026-10-05
MT,PAS_CRD_ARR,NSCHED,NAT,2023,0,,2026-10-02T23:00:00+0200,https://ec.europa.eu/eurostat/api/dissemination/statistics/1.0/data/avia_paoc?geo=MT&unit=PAS&tra_meas=PAS_CRD&tra_meas=PAS_CRD_ARR&tra_meas=PAS_CRD_DEP&freq=A&sinceTimePeriod=2015,2026-10-05
MT,PAS_CRD_ARR,NSCHED,NAT,2024,0,,2026-10-02T23:00:00+0200,https://ec.europa.eu/eurostat/api/dissemination/statistics/1.0/data/avia_paoc?geo=MT&unit=PAS&tra_meas=PAS_CRD&tra_meas=PAS_CRD_ARR&tra_meas=PAS_CRD_DEP&freq=A&sinceTimePeriod=2015,2026-10-05
MT,PAS_CRD_ARR,NSCHED,NAT,2025,0,,2026-10-02T23:00:00+0200,https://ec.europa.eu/eurostat/api/dissemination/statistics/1.0/data/avia_paoc?geo=MT&unit=PAS&tra_meas=PAS_CRD&tra_meas=PAS_CRD_ARR&tra_meas=PAS_CRD_DEP&freq=A&sinceTimePeriod=2015,2026-10-05
MT,PAS_CRD_ARR,NSCHED,TOTAL,2015,138574,,2026-10-02T23:00:00+0200,https://ec.europa.eu/eurostat/api/dissemination/statistics/1.0/data/avia_paoc?geo=MT&unit=PAS&tra_meas=PAS_CRD&tra_meas=PAS_CRD_ARR&tra_meas=PAS_CRD_DEP&freq=A&sinceTimePeriod=2015,2026-10-05
MT,PAS_CRD_ARR,NSCHED,TOTAL,2016,104806,,2026-10-02T23:00:00+0200,https://ec.europa.eu/eurostat/api/dissemination/statistics/1.0/data/avia_paoc?geo=MT&unit=PAS&tra_meas=PAS_CRD&tra_meas=PAS_CRD_ARR&tra_meas=PAS_CRD_DEP&freq=A&sinceTimePeriod=2015,2026-10-05
MT,PAS_CRD_ARR,NSCHED,TOTAL,2017,103149,,2026-10-02T23:00:00+0200,https://ec.europa.eu/eurostat/api/dissemination/statistics/1.0/data/avia_paoc?geo=MT&unit=PAS&tra_meas=PAS_CRD&tra_meas=PAS_CRD_ARR&tra_meas=PAS_CRD_DEP&freq=A&sinceTimePeriod=2015,2026-10-05
MT,PAS_CRD_ARR,NSCHED,TOTAL,2018,106127,,2026-10-02T23:00:00+0200,https://ec.europa.eu/eurostat/api/dissemination/statistics/1.0/data/avia_paoc?geo=MT&unit=PAS&tra_meas=PAS_CRD&tra_meas=PAS_CRD_ARR&tra_meas=PAS_CRD_DEP&freq=A&sinceTimePeriod=2015,2026-10-05
MT,PAS_CRD_ARR,NSCHED,TOTAL,2019,97048,,2026-10-02T23:00:00+0200,https://ec.europa.eu/eurostat/api/dissemination/statistics/1.0/data/avia_paoc?geo=MT&unit=PAS&tra_meas=PAS_CRD&tra_meas=PAS_CRD_ARR&tra_meas=PAS_CRD_DEP&freq=A&sinceTimePeriod=2015,2026-10-05
MT,PAS_CRD_ARR,NSCHED,TOTAL,2020,11630,,2026-10-02T23:00:00+0200,https://ec.europa.eu/eurostat/api/dissemination/statistics/1.0/data/avia_paoc?geo=MT&unit=PAS&tra_meas=PAS_CRD&tra_meas=PAS_CRD_ARR&tra_meas=PAS_CRD_DEP&freq=A&sinceTimePeriod=2015,2026-10-05
MT,PAS_CRD_ARR,NSCHED,TOTAL,2021,20631,,2026-10-02T23:00:00+0200,https://ec.europa.eu/eurostat/api/dissemination/statistics/1.0/data/avia_paoc?geo=MT&unit=PAS&tra_meas=PAS_CRD&tra_meas=PAS_CRD_ARR&tra_meas=PAS_CRD_DEP&freq=A&sinceTimePeriod=2015,2026-10-05
MT,PAS_CRD_ARR,NSCHED,TOTAL,2022,69422,,2026-10-02T23:00:00+0200,https://ec.europa.eu/eurostat/api/dissemination/statistics/1.0/data/avia_paoc?geo=MT&unit=PAS&tra_meas=PAS_CRD&tra_meas=PAS_CRD_ARR&tra_meas=PAS_CRD_DEP&freq=A&sinceTimePeriod=2015,2026-10-05
MT,PAS_CRD_ARR,NSCHED,TOTAL,2023,96124,,2026-10-02T23:00:00+0200,https://ec.europa.eu/eurostat/api/dissemination/statistics/1.0/data/avia_paoc?geo=MT&unit=PAS&tra_meas=PAS_CRD&tra_meas=PAS_CRD_ARR&tra_meas=PAS_CRD_DEP&freq=A&sinceTimePeriod=2015,2026-10-05
MT,PAS_CRD_ARR,NSCHED,TOTAL,2024,91318,,2026-10-02T23:00:00+0200,https://ec.europa.eu/eurostat/api/dissemination/statistics/1.0/data/avia_paoc?geo=MT&unit=PAS&tra_meas=PAS_CRD&tra_meas=PAS_CRD_ARR&tra_meas=PAS_CRD_DEP&freq=A&sinceTimePeriod=2015,2026-10-05
MT,PAS_CRD_ARR,NSCHED,TOTAL,2025,106526,,2026-10-02T23:00:00+0200,https://ec.europa.eu/eurostat/api/dissemination/statistics/1.0/data/avia_paoc?geo=MT&unit=PAS&tra_meas=PAS_CRD&tra_meas=PAS_CRD_ARR&tra_meas=PAS_CRD_DEP&freq=A&sinceTimePeriod=2015,2026-10-05
MT,PAS_CRD_ARR,SCHED,INTL,2015,2172171,,2026-10-02T23:00:00+0200,https://ec.europa.eu/eurostat/api/dissemination/statistics/1.0/data/avia_paoc?geo=MT&unit=PAS&tra_meas=PAS_CRD&tra_meas=PAS_CRD_ARR&tra_meas=PAS_CRD_DEP&freq=A&sinceTimePeriod=2015,2026-10-05
MT,PAS_CRD_ARR,SCHED,INTL,2016,2437292,,2026-10-02T23:00:00+0200,https://ec.europa.eu/eurostat/api/dissemination/statistics/1.0/data/avia_paoc?geo=MT&unit=PAS&tra_meas=PAS_CRD&tra_meas=PAS_CRD_ARR&tra_meas=PAS_CRD_DEP&freq=A&sinceTimePeriod=2015,2026-10-05
MT,PAS_CRD_ARR,SCHED,INTL,2017,2905460,,2026-10-02T23:00:00+0200,https://ec.europa.eu/eurostat/api/dissemination/statistics/1.0/data/avia_paoc?geo=MT&unit=PAS&tra_meas=PAS_CRD&tra_meas=PAS_CRD_ARR&tra_meas=PAS_CRD_DEP&freq=A&sinceTimePeriod=2015,2026-10-05
MT,PAS_CRD_ARR,SCHED,INTL,2018,3297748,,2026-10-02T23:00:00+0200,https://ec.europa.eu/eurostat/api/dissemination/statistics/1.0/data/avia_paoc?geo=MT&unit=PAS&tra_meas=PAS_CRD&tra_meas=PAS_CRD_ARR&tra_meas=PAS_CRD_DEP&freq=A&sinceTimePeriod=2015,2026-10-05
MT,PAS_CRD_ARR,SCHED,INTL,2019,3565450,,2026-10-02T23:00:00+0200,https://ec.europa.eu/eurostat/api/dissemination/statistics/1.0/data/avia_paoc?geo=MT&unit=PAS&tra_meas=PAS_CRD&tra_meas=PAS_CRD_ARR&tra_meas=PAS_CRD_DEP&freq=A&sinceTimePeriod=2015,2026-10-05
MT,PAS_CRD_ARR,SCHED,INTL,2020,857085,,2026-10-02T23:00:00+0200,https://ec.europa.eu/eurostat/api/dissemination/statistics/1.0/data/avia_paoc?geo=MT&unit=PAS&tra_meas=PAS_CRD&tra_meas=PAS_CRD_ARR&tra_meas=PAS_CRD_DEP&freq=A&sinceTimePeriod=2015,2026-10-05
MT,PAS_CRD_ARR,SCHED,INTL,2021,1258975,,2026-10-02T23:00:00+0200,https://ec.europa.eu/eurostat/api/dissemination/statistics/1.0/data/avia_paoc?geo=MT&unit=PAS&tra_meas=PAS_CRD&tra_meas=PAS_CRD_ARR&tra_meas=PAS_CRD_DEP&freq=A&sinceTimePeriod=2015,2026-10-05
MT,PAS_CRD_ARR,SCHED,INTL,2022,2871787,,2026-10-02T23:00:00+0200,https://ec.europa.eu/eurostat/api/dissemination/statistics/1.0/data/avia_paoc?geo=MT&unit=PAS&tra_meas=PAS_CRD&tra_meas=PAS_CRD_ARR&tra_meas=PAS_CRD_DEP&freq=A&sinceTimePeriod=2015,2026-10-05
MT,PAS_CRD_ARR,SCHED,INTL,2023,3820025,,2026-10-02T23:00:00+0200,https://ec.europa.eu/eurostat/api/dissemination/statistics/1.0/data/avia_paoc?geo=MT&unit=PAS&tra_meas=PAS_CRD&tra_meas=PAS_CRD_ARR&tra_meas=PAS_CRD_DEP&freq=A&sinceTimePeriod=2015,2026-10-05
MT,PAS_CRD_ARR,SCHED,INTL,2024,4395555,,2026-10-02T23:00:00+0200,https://ec.europa.eu/eurostat/api/dissemination/statistics/1.0/data/avia_paoc?geo=MT&unit=PAS&tra_meas=PAS_CRD&tra_meas=PAS_CRD_ARR&tra_meas=PAS_CRD_DEP&freq=A&sinceTimePeriod=2015,2026-10-05
MT,PAS_CRD_ARR,SCHED,INTL,2025,4938258,,2026-10-02T23:00:00+0200,https://ec.europa.eu/eurostat/api/dissemination/statistics/1.0/data/avia_paoc?geo=MT&unit=PAS&tra_meas=PAS_CRD&tra_meas=PAS_CRD_ARR&tra_meas=PAS_CRD_DEP&freq=A&sinceTimePeriod=2015,2026-10-05
MT,PAS_CRD_ARR,SCHED,INTL_IEU27_2007,2015,1982586,,2026-10-02T23:00:00+0200,https://ec.europa.eu/eurostat/api/dissemination/statistics/1.0/data/avia_paoc?geo=MT&unit=PAS&tra_meas=PAS_CRD&tra_meas=PAS_CRD_ARR&tra_meas=PAS_CRD_DEP&freq=A&sinceTimePeriod=2015,2026-10-05
MT,PAS_CRD_ARR,SCHED,INTL_IEU27_2007,2016,2239756,,2026-10-02T23:00:00+0200,https://ec.europa.eu/eurostat/api/dissemination/statistics/1.0/data/avia_paoc?geo=MT&unit=PAS&tra_meas=PAS_CRD&tra_meas=PAS_CRD_ARR&tra_meas=PAS_CRD_DEP&freq=A&sinceTimePeriod=2015,2026-10-05
MT,PAS_CRD_ARR,SCHED,INTL_IEU27_2007,2017,2667926,,2026-10-02T23:00:00+0200,https://ec.europa.eu/eurostat/api/dissemination/statistics/1.0/data/avia_paoc?geo=MT&unit=PAS&tra_meas=PAS_CRD&tra_meas=PAS_CRD_ARR&tra_meas=PAS_CRD_DEP&freq=A&sinceTimePeriod=2015,2026-10-05
MT,PAS_CRD_ARR,SCHED,INTL_IEU27_2007,2018,2991435,,2026-10-02T23:00:00+0200,https://ec.europa.eu/eurostat/api/dissemination/statistics/1.0/data/avia_paoc?geo=MT&unit=PAS&tra_meas=PAS_CRD&tra_meas=PAS_CRD_ARR&tra_meas=PAS_CRD_DEP&freq=A&sinceTimePeriod=2015,2026-10-05
MT,PAS_CRD_ARR,SCHED,INTL_IEU27_2007,2019,3186263,,2026-10-02T23:00:00+0200,https://ec.europa.eu/eurostat/api/dissemination/statistics/1.0/data/avia_paoc?geo=MT&unit=PAS&tra_meas=PAS_CRD&tra_meas=PAS_CRD_ARR&tra_meas=PAS_CRD_DEP&freq=A&sinceTimePeriod=2015,2026-10-05
MT,PAS_CRD_ARR,SCHED,INTL_IEU27_2020,2015,1385936,,2026-10-02T23:00:00+0200,https://ec.europa.eu/eurostat/api/dissemination/statistics/1.0/data/avia_paoc?geo=MT&unit=PAS&tra_meas=PAS_CRD&tra_meas=PAS_CRD_ARR&tra_meas=PAS_CRD_DEP&freq=A&sinceTimePeriod=2015,2026-10-05
MT,PAS_CRD_ARR,SCHED,INTL_IEU27_2020,2016,1589069,,2026-10-02T23:00:00+0200,https://ec.europa.eu/eurostat/api/dissemination/statistics/1.0/data/avia_paoc?geo=MT&unit=PAS&tra_meas=PAS_CRD&tra_meas=PAS_CRD_ARR&tra_meas=PAS_CRD_DEP&freq=A&sinceTimePeriod=2015,2026-10-05
MT,PAS_CRD_ARR,SCHED,INTL_IEU27_2020,2017,1961830,,2026-10-02T23:00:00+0200,https://ec.europa.eu/eurostat/api/dissemination/statistics/1.0/data/avia_paoc?geo=MT&unit=PAS&tra_meas=PAS_CRD&tra_meas=PAS_CRD_ARR&tra_meas=PAS_CRD_DEP&freq=A&sinceTimePeriod=2015,2026-10-05
MT,PAS_CRD_ARR,SCHED,INTL_IEU27_2020,2018,2186647,,2026-10-02T23:00:00+0200,https://ec.europa.eu/eurostat/api/dissemination/statistics/1.0/data/avia_paoc?geo=MT&unit=PAS&tra_meas=PAS_CRD&tra_meas=PAS_CRD_ARR&tra_meas=PAS_CRD_DEP&freq=A&sinceTimePeriod=2015,2026-10-05
MT,PAS_CRD_ARR,SCHED,INTL_IEU27_2020,2019,2364510,,2026-10-02T23:00:00+0200,https://ec.europa.eu/eurostat/api/dissemination/statistics/1.0/data/avia_paoc?geo=MT&unit=PAS&tra_meas=PAS_CRD&tra_meas=PAS_CRD_ARR&tra_meas=PAS_CRD_DEP&freq=A&sinceTimePeriod=2015,2026-10-05
MT,PAS_CRD_ARR,SCHED,INTL_IEU27_2020,2020,608865,,2026-10-02T23:00:00+0200,https://ec.europa.eu/eurostat/api/dissemination/statistics/1.0/data/avia_paoc?geo=MT&unit=PAS&tra_meas=PAS_CRD&tra_meas=PAS_CRD_ARR&tra_meas=PAS_CRD_DEP&freq=A&sinceTimePeriod=2015,2026-10-05
MT,PAS_CRD_ARR,SCHED,INTL_IEU27_2020,2021,926050,,2026-10-02T23:00:00+0200,https://ec.europa.eu/eurostat/api/dissemination/statistics/1.0/data/avia_paoc?geo=MT&unit=PAS&tra_meas=PAS_CRD&tra_meas=PAS_CRD_ARR&tra_meas=PAS_CRD_DEP&freq=A&sinceTimePeriod=2015,2026-10-05
MT,PAS_CRD_ARR,SCHED,INTL_IEU27_2020,2022,2114764,,2026-10-02T23:00:00+0200,https://ec.europa.eu/eurostat/api/dissemination/statistics/1.0/data/avia_paoc?geo=MT&unit=PAS&tra_meas=PAS_CRD&tra_meas=PAS_CRD_ARR&tra_meas=PAS_CRD_DEP&freq=A&sinceTimePeriod=2015,2026-10-05
MT,PAS_CRD_ARR,SCHED,INTL_IEU27_2020,2023,2787169,,2026-10-02T23:00:00+0200,https://ec.europa.eu/eurostat/api/dissemination/statistics/1.0/data/avia_paoc?geo=MT&unit=PAS&tra_meas=PAS_CRD&tra_meas=PAS_CRD_ARR&tra_meas=PAS_CRD_DEP&freq=A&sinceTimePeriod=2015,2026-10-05
MT,PAS_CRD_ARR,SCHED,INTL_IEU27_2020,2024,3187792,,2026-10-02T23:00:00+0200,https://ec.europa.eu/eurostat/api/dissemination/statistics/1.0/data/avia_paoc?geo=MT&unit=PAS&tra_meas=PAS_CRD&tra_meas=PAS_CRD_ARR&tra_meas=PAS_CRD_DEP&freq=A&sinceTimePeriod=2015,2026-10-05
MT,PAS_CRD_ARR,SCHED,INTL_IEU27_2020,2025,3524953,,2026-10-02T23:00:00+0200,https://ec.europa.eu/eurostat/api/dissemination/statistics/1.0/data/avia_paoc?geo=MT&unit=PAS&tra_meas=PAS_CRD&tra_meas=PAS_CRD_ARR&tra_meas=PAS_CRD_DEP&freq=A&sinceTimePeriod=2015,2026-10-05
MT,PAS_CRD_ARR,SCHED,INTL_IEU28,2015,1982586,,2026-10-02T23:00:00+0200,https://ec.europa.eu/eurostat/api/dissemination/statistics/1.0/data/avia_paoc?geo=MT&unit=PAS&tra_meas=PAS_CRD&tra_meas=PAS_CRD_ARR&tra_meas=PAS_CRD_DEP&freq=A&sinceTimePeriod=2015,2026-10-05
MT,PAS_CRD_ARR,SCHED,INTL_IEU28,2016,2239756,,2026-10-02T23:00:00+0200,https://ec.europa.eu/eurostat/api/dissemination/statistics/1.0/data/avia_paoc?geo=MT&unit=PAS&tra_meas=PAS_CRD&tra_meas=PAS_CRD_ARR&tra_meas=PAS_CRD_DEP&freq=A&sinceTimePeriod=2015,2026-10-05
MT,PAS_CRD_ARR,SCHED,INTL_IEU28,2017,2667926,,2026-10-02T23:00:00+0200,https://ec.europa.eu/eurostat/api/dissemination/statistics/1.0/data/avia_paoc?geo=MT&unit=PAS&tra_meas=PAS_CRD&tra_meas=PAS_CRD_ARR&tra_meas=PAS_CRD_DEP&freq=A&sinceTimePeriod=2015,2026-10-05
MT,PAS_CRD_ARR,SCHED,INTL_IEU28,2018,2991435,,2026-10-02T23:00:00+0200,https://ec.europa.eu/eurostat/api/dissemination/statistics/1.0/data/avia_paoc?geo=MT&unit=PAS&tra_meas=PAS_CRD&tra_meas=PAS_CRD_ARR&tra_meas=PAS_CRD_DEP&freq=A&sinceTimePeriod=2015,2026-10-05
MT,PAS_CRD_ARR,SCHED,INTL_IEU28,2019,3186263,,2026-10-02T23:00:00+0200,https://ec.europa.eu/eurostat/api/dissemination/statistics/1.0/data/avia_paoc?geo=MT&unit=PAS&tra_meas=PAS_CRD&tra_meas=PAS_CRD_ARR&tra_meas=PAS_CRD_DEP&freq=A&sinceTimePeriod=2015,2026-10-05
MT,PAS_CRD_ARR,SCHED,INTL_XEU27_2007,2015,189585,,2026-10-02T23:00:00+0200,https://ec.europa.eu/eurostat/api/dissemination/statistics/1.0/data/avia_paoc?geo=MT&unit=PAS&tra_meas=PAS_CRD&tra_meas=PAS_CRD_ARR&tra_meas=PAS_CRD_DEP&freq=A&sinceTimePeriod=2015,2026-10-05
MT,PAS_CRD_ARR,SCHED,INTL_XEU27_2007,2016,197536,,2026-10-02T23:00:00+0200,https://ec.europa.eu/eurostat/api/dissemination/statistics/1.0/data/avia_paoc?geo=MT&unit=PAS&tra_meas=PAS_CRD&tra_meas=PAS_CRD_ARR&tra_meas=PAS_CRD_DEP&freq=A&sinceTimePeriod=2015,2026-10-05
MT,PAS_CRD_ARR,SCHED,INTL_XEU27_2007,2017,237534,,2026-10-02T23:00:00+0200,https://ec.europa.eu/eurostat/api/dissemination/statistics/1.0/data/avia_paoc?geo=MT&unit=PAS&tra_meas=PAS_CRD&tra_meas=PAS_CRD_ARR&tra_meas=PAS_CRD_DEP&freq=A&sinceTimePeriod=2015,2026-10-05
MT,PAS_CRD_ARR,SCHED,INTL_XEU27_2007,2018,306313,,2026-10-02T23:00:00+0200,https://ec.europa.eu/eurostat/api/dissemination/statistics/1.0/data/avia_paoc?geo=MT&unit=PAS&tra_meas=PAS_CRD&tra_meas=PAS_CRD_ARR&tra_meas=PAS_CRD_DEP&freq=A&sinceTimePeriod=2015,2026-10-05
MT,PAS_CRD_ARR,SCHED,INTL_XEU27_2007,2019,379187,,2026-10-02T23:00:00+0200,https://ec.europa.eu/eurostat/api/dissemination/statistics/1.0/data/avia_paoc?geo=MT&unit=PAS&tra_meas=PAS_CRD&tra_meas=PAS_CRD_ARR&tra_meas=PAS_CRD_DEP&freq=A&sinceTimePeriod=2015,2026-10-05
MT,PAS_CRD_ARR,SCHED,INTL_XEU27_2020,2015,786235,,2026-10-02T23:00:00+0200,https://ec.europa.eu/eurostat/api/dissemination/statistics/1.0/data/avia_paoc?geo=MT&unit=PAS&tra_meas=PAS_CRD&tra_meas=PAS_CRD_ARR&tra_meas=PAS_CRD_DEP&freq=A&sinceTimePeriod=2015,2026-10-05
MT,PAS_CRD_ARR,SCHED,INTL_XEU27_2020,2016,848223,,2026-10-02T23:00:00+0200,https://ec.europa.eu/eurostat/api/dissemination/statistics/1.0/data/avia_paoc?geo=MT&unit=PAS&tra_meas=PAS_CRD&tra_meas=PAS_CRD_ARR&tra_meas=PAS_CRD_DEP&freq=A&sinceTimePeriod=2015,2026-10-05
MT,PAS_CRD_ARR,SCHED,INTL_XEU27_2020,2017,943630,,2026-10-02T23:00:00+0200,https://ec.europa.eu/eurostat/api/dissemination/statistics/1.0/data/avia_paoc?geo=MT&unit=PAS&tra_meas=PAS_CRD&tra_meas=PAS_CRD_ARR&tra_meas=PAS_CRD_DEP&freq=A&sinceTimePeriod=2015,2026-10-05
MT,PAS_CRD_ARR,SCHED,INTL_XEU27_2020,2018,1111101,,2026-10-02T23:00:00+0200,https://ec.europa.eu/eurostat/api/dissemination/statistics/1.0/data/avia_paoc?geo=MT&unit=PAS&tra_meas=PAS_CRD&tra_meas=PAS_CRD_ARR&tra_meas=PAS_CRD_DEP&freq=A&sinceTimePeriod=2015,2026-10-05
MT,PAS_CRD_ARR,SCHED,INTL_XEU27_2020,2019,1200940,,2026-10-02T23:00:00+0200,https://ec.europa.eu/eurostat/api/dissemination/statistics/1.0/data/avia_paoc?geo=MT&unit=PAS&tra_meas=PAS_CRD&tra_meas=PAS_CRD_ARR&tra_meas=PAS_CRD_DEP&freq=A&sinceTimePeriod=2015,2026-10-05
MT,PAS_CRD_ARR,SCHED,INTL_XEU27_2020,2020,248220,,2026-10-02T23:00:00+0200,https://ec.europa.eu/eurostat/api/dissemination/statistics/1.0/data/avia_paoc?geo=MT&unit=PAS&tra_meas=PAS_CRD&tra_meas=PAS_CRD_ARR&tra_meas=PAS_CRD_DEP&freq=A&sinceTimePeriod=2015,2026-10-05
MT,PAS_CRD_ARR,SCHED,INTL_XEU27_2020,2021,332925,,2026-10-02T23:00:00+0200,https://ec.europa.eu/eurostat/api/dissemination/statistics/1.0/data/avia_paoc?geo=MT&unit=PAS&tra_meas=PAS_CRD&tra_meas=PAS_CRD_ARR&tra_meas=PAS_CRD_DEP&freq=A&sinceTimePeriod=2015,2026-10-05
MT,PAS_CRD_ARR,SCHED,INTL_XEU27_2020,2022,757023,,2026-10-02T23:00:00+0200,https://ec.europa.eu/eurostat/api/dissemination/statistics/1.0/data/avia_paoc?geo=MT&unit=PAS&tra_meas=PAS_CRD&tra_meas=PAS_CRD_ARR&tra_meas=PAS_CRD_DEP&freq=A&sinceTimePeriod=2015,2026-10-05
MT,PAS_CRD_ARR,SCHED,INTL_XEU27_2020,2023,1032856,,2026-10-02T23:00:00+0200,https://ec.europa.eu/eurostat/api/dissemination/statistics/1.0/data/avia_paoc?geo=MT&unit=PAS&tra_meas=PAS_CRD&tra_meas=PAS_CRD_ARR&tra_meas=PAS_CRD_DEP&freq=A&sinceTimePeriod=2015,2026-10-05
MT,PAS_CRD_ARR,SCHED,INTL_XEU27_2020,2024,1207763,,2026-10-02T23:00:00+0200,https://ec.europa.eu/eurostat/api/dissemination/statistics/1.0/data/avia_paoc?geo=MT&unit=PAS&tra_meas=PAS_CRD&tra_meas=PAS_CRD_ARR&tra_meas=PAS_CRD_DEP&freq=A&sinceTimePeriod=2015,2026-10-05
MT,PAS_CRD_ARR,SCHED,INTL_XEU27_2020,2025,1413305,,2026-10-02T23:00:00+0200,https://ec.europa.eu/eurostat/api/dissemination/statistics/1.0/data/avia_paoc?geo=MT&unit=PAS&tra_meas=PAS_CRD&tra_meas=PAS_CRD_ARR&tra_meas=PAS_CRD_DEP&freq=A&sinceTimePeriod=2015,2026-10-05
MT,PAS_CRD_ARR,SCHED,INTL_XEU28,2015,189585,,2026-10-02T23:00:00+0200,https://ec.europa.eu/eurostat/api/dissemination/statistics/1.0/data/avia_paoc?geo=MT&unit=PAS&tra_meas=PAS_CRD&tra_meas=PAS_CRD_ARR&tra_meas=PAS_CRD_DEP&freq=A&sinceTimePeriod=2015,2026-10-05
MT,PAS_CRD_ARR,SCHED,INTL_XEU28,2016,197536,,2026-10-02T23:00:00+0200,https://ec.europa.eu/eurostat/api/dissemination/statistics/1.0/data/avia_paoc?geo=MT&unit=PAS&tra_meas=PAS_CRD&tra_meas=PAS_CRD_ARR&tra_meas=PAS_CRD_DEP&freq=A&sinceTimePeriod=2015,2026-10-05
MT,PAS_CRD_ARR,SCHED,INTL_XEU28,2017,237534,,2026-10-02T23:00:00+0200,https://ec.europa.eu/eurostat/api/dissemination/statistics/1.0/data/avia_paoc?geo=MT&unit=PAS&tra_meas=PAS_CRD&tra_meas=PAS_CRD_ARR&tra_meas=PAS_CRD_DEP&freq=A&sinceTimePeriod=2015,2026-10-05
MT,PAS_CRD_ARR,SCHED,INTL_XEU28,2018,306313,,2026-10-02T23:00:00+0200,https://ec.europa.eu/eurostat/api/dissemination/statistics/1.0/data/avia_paoc?geo=MT&unit=PAS&tra_meas=PAS_CRD&tra_meas=PAS_CRD_ARR&tra_meas=PAS_CRD_DEP&freq=A&sinceTimePeriod=2015,2026-10-05
MT,PAS_CRD_ARR,SCHED,INTL_XEU28,2019,379187,,2026-10-02T23:00:00+0200,https://ec.europa.eu/eurostat/api/dissemination/statistics/1.0/data/avia_paoc?geo=MT&unit=PAS&tra_meas=PAS_CRD&tra_meas=PAS_CRD_ARR&tra_meas=PAS_CRD_DEP&freq=A&sinceTimePeriod=2015,2026-10-05
MT,PAS_CRD_ARR,SCHED,NAT,2015,0,,2026-10-02T23:00:00+0200,https://ec.europa.eu/eurostat/api/dissemination/statistics/1.0/data/avia_paoc?geo=MT&unit=PAS&tra_meas=PAS_CRD&tra_meas=PAS_CRD_ARR&tra_meas=PAS_CRD_DEP&freq=A&sinceTimePeriod=2015,2026-10-05
MT,PAS_CRD_ARR,SCHED,NAT,2016,0,,2026-10-02T23:00:00+0200,https://ec.europa.eu/eurostat/api/dissemination/statistics/1.0/data/avia_paoc?geo=MT&unit=PAS&tra_meas=PAS_CRD&tra_meas=PAS_CRD_ARR&tra_meas=PAS_CRD_DEP&freq=A&sinceTimePeriod=2015,2026-10-05
MT,PAS_CRD_ARR,SCHED,NAT,2017,0,,2026-10-02T23:00:00+0200,https://ec.europa.eu/eurostat/api/dissemination/statistics/1.0/data/avia_paoc?geo=MT&unit=PAS&tra_meas=PAS_CRD&tra_meas=PAS_CRD_ARR&tra_meas=PAS_CRD_DEP&freq=A&sinceTimePeriod=2015,2026-10-05
MT,PAS_CRD_ARR,SCHED,NAT,2018,0,,2026-10-02T23:00:00+0200,https://ec.europa.eu/eurostat/api/dissemination/statistics/1.0/data/avia_paoc?geo=MT&unit=PAS&tra_meas=PAS_CRD&tra_meas=PAS_CRD_ARR&tra_meas=PAS_CRD_DEP&freq=A&sinceTimePeriod=2015,2026-10-05
MT,PAS_CRD_ARR,SCHED,NAT,2019,0,,2026-10-02T23:00:00+0200,https://ec.europa.eu/eurostat/api/dissemination/statistics/1.0/data/avia_paoc?geo=MT&unit=PAS&tra_meas=PAS_CRD&tra_meas=PAS_CRD_ARR&tra_meas=PAS_CRD_DEP&freq=A&sinceTimePeriod=2015,2026-10-05
MT,PAS_CRD_ARR,SCHED,NAT,2020,0,,2026-10-02T23:00:00+0200,https://ec.europa.eu/eurostat/api/dissemination/statistics/1.0/data/avia_paoc?geo=MT&unit=PAS&tra_meas=PAS_CRD&tra_meas=PAS_CRD_ARR&tra_meas=PAS_CRD_DEP&freq=A&sinceTimePeriod=2015,2026-10-05
MT,PAS_CRD_ARR,SCHED,NAT,2021,0,,2026-10-02T23:00:00+0200,https://ec.europa.eu/eurostat/api/dissemination/statistics/1.0/data/avia_paoc?geo=MT&unit=PAS&tra_meas=PAS_CRD&tra_meas=PAS_CRD_ARR&tra_meas=PAS_CRD_DEP&freq=A&sinceTimePeriod=2015,2026-10-05
MT,PAS_CRD_ARR,SCHED,NAT,2022,0,,2026-10-02T23:00:00+0200,https://ec.europa.eu/eurostat/api/dissemination/statistics/1.0/data/avia_paoc?geo=MT&unit=PAS&tra_meas=PAS_CRD&tra_meas=PAS_CRD_ARR&tra_meas=PAS_CRD_DEP&freq=A&sinceTimePeriod=2015,2026-10-05
MT,PAS_CRD_ARR,SCHED,NAT,2023,0,,2026-10-02T23:00:00+0200,https://ec.europa.eu/eurostat/api/dissemination/statistics/1.0/data/avia_paoc?geo=MT&unit=PAS&tra_meas=PAS_CRD&tra_meas=PAS_CRD_ARR&tra_meas=PAS_CRD_DEP&freq=A&sinceTimePeriod=2015,2026-10-05
MT,PAS_CRD_ARR,SCHED,NAT,2024,0,,2026-10-02T23:00:00+0200,https://ec.europa.eu/eurostat/api/dissemination/statistics/1.0/data/avia_paoc?geo=MT&unit=PAS&tra_meas=PAS_CRD&tra_meas=PAS_CRD_ARR&tra_meas=PAS_CRD_DEP&freq=A&sinceTimePeriod=2015,2026-10-05
MT,PAS_CRD_ARR,SCHED,NAT,2025,0,,2026-10-02T23:00:00+0200,https://ec.europa.eu/eurostat/api/dissemination/statistics/1.0/data/avia_paoc?geo=MT&unit=PAS&tra_meas=PAS_CRD&tra_meas=PAS_CRD_ARR&tra_meas=PAS_CRD_DEP&freq=A&sinceTimePeriod=2015,2026-10-05
MT,PAS_CRD_ARR,SCHED,TOTAL,2015,2172171,,2026-10-02T23:00:00+0200,https://ec.europa.eu/eurostat/api/dissemination/statistics/1.0/data/avia_paoc?geo=MT&unit=PAS&tra_meas=PAS_CRD&tra_meas=PAS_CRD_ARR&tra_meas=PAS_CRD_DEP&freq=A&sinceTimePeriod=2015,2026-10-05
MT,PAS_CRD_ARR,SCHED,TOTAL,2016,2437292,,2026-10-02T23:00:00+0200,https://ec.europa.eu/eurostat/api/dissemination/statistics/1.0/data/avia_paoc?geo=MT&unit=PAS&tra_meas=PAS_CRD&tra_meas=PAS_CRD_ARR&tra_meas=PAS_CRD_DEP&freq=A&sinceTimePeriod=2015,2026-10-05
MT,PAS_CRD_ARR,SCHED,TOTAL,2017,2905460,,2026-10-02T23:00:00+0200,https://ec.europa.eu/eurostat/api/dissemination/statistics/1.0/data/avia_paoc?geo=MT&unit=PAS&tra_meas=PAS_CRD&tra_meas=PAS_CRD_ARR&tra_meas=PAS_CRD_DEP&freq=A&sinceTimePeriod=2015,2026-10-05
MT,PAS_CRD_ARR,SCHED,TOTAL,2018,3297748,,2026-10-02T23:00:00+0200,https://ec.europa.eu/eurostat/api/dissemination/statistics/1.0/data/avia_paoc?geo=MT&unit=PAS&tra_meas=PAS_CRD&tra_meas=PAS_CRD_ARR&tra_meas=PAS_CRD_DEP&freq=A&sinceTimePeriod=2015,2026-10-05
MT,PAS_CRD_ARR,SCHED,TOTAL,2019,3565450,,2026-10-02T23:00:00+0200,https://ec.europa.eu/eurostat/api/dissemination/statistics/1.0/data/avia_paoc?geo=MT&unit=PAS&tra_meas=PAS_CRD&tra_meas=PAS_CRD_ARR&tra_meas=PAS_CRD_DEP&freq=A&sinceTimePeriod=2015,2026-10-05
MT,PAS_CRD_ARR,SCHED,TOTAL,2020,857085,,2026-10-02T23:00:00+0200,https://ec.europa.eu/eurostat/api/dissemination/statistics/1.0/data/avia_paoc?geo=MT&unit=PAS&tra_meas=PAS_CRD&tra_meas=PAS_CRD_ARR&tra_meas=PAS_CRD_DEP&freq=A&sinceTimePeriod=2015,2026-10-05
MT,PAS_CRD_ARR,SCHED,TOTAL,2021,1258975,,2026-10-02T23:00:00+0200,https://ec.europa.eu/eurostat/api/dissemination/statistics/1.0/data/avia_paoc?geo=MT&unit=PAS&tra_meas=PAS_CRD&tra_meas=PAS_CRD_ARR&tra_meas=PAS_CRD_DEP&freq=A&sinceTimePeriod=2015,2026-10-05
MT,PAS_CRD_ARR,SCHED,TOTAL,2022,2871787,,2026-10-02T23:00:00+0200,https://ec.europa.eu/eurostat/api/dissemination/statistics/1.0/data/avia_paoc?geo=MT&unit=PAS&tra_meas=PAS_CRD&tra_meas=PAS_CRD_ARR&tra_meas=PAS_CRD_DEP&freq=A&sinceTimePeriod=2015,2026-10-05
MT,PAS_CRD_ARR,SCHED,TOTAL,2023,3820025,,2026-10-02T23:00:00+0200,https://ec.europa.eu/eurostat/api/dissemination/statistics/1.0/data/avia_paoc?geo=MT&unit=PAS&tra_meas=PAS_CRD&tra_meas=PAS_CRD_ARR&tra_meas=PAS_CRD_DEP&freq=A&sinceTimePeriod=2015,2026-10-05
MT,PAS_CRD_ARR,SCHED,TOTAL,2024,4395555,,2026-10-02T23:00:00+0200,https://ec.europa.eu/eurostat/api/dissemination/statistics/1.0/data/avia_paoc?geo=MT&unit=PAS&tra_meas=PAS_CRD&tra_meas=PAS_CRD_ARR&tra_meas=PAS_CRD_DEP&freq=A&sinceTimePeriod=2015,2026-10-05
MT,PAS_CRD_ARR,SCHED,TOTAL,2025,4938258,,2026-10-02T23:00:00+0200,https://ec.europa.eu/eurostat/api/dissemination/statistics/1.0/data/avia_paoc?geo=MT&unit=PAS&tra_meas=PAS_CRD&tra_meas=PAS_CRD_ARR&tra_meas=PAS_CRD_DEP&freq=A&sinceTimePeriod=2015,2026-10-05
MT,PAS_CRD_ARR,TOTAL,INTL,2015,2310486,,2026-10-02T23:00:00+0200,https://ec.europa.eu/eurostat/api/dissemination/statistics/1.0/data/avia_paoc?geo=MT&unit=PAS&tra_meas=PAS_CRD&tra_meas=PAS_CRD_ARR&tra_meas=PAS_CRD_DEP&freq=A&sinceTimePeriod=2015,2026-10-05
MT,PAS_CRD_ARR,TOTAL,INTL,2016,2541925,,2026-10-02T23:00:00+0200,https://ec.europa.eu/eurostat/api/dissemination/statistics/1.0/data/avia_paoc?geo=MT&unit=PAS&tra_meas=PAS_CRD&tra_meas=PAS_CRD_ARR&tra_meas=PAS_CRD_DEP&freq=A&sinceTimePeriod=2015,2026-10-05
MT,PAS_CRD_ARR,TOTAL,INTL,2017,3008602,,2026-10-02T23:00:00+0200,https://ec.europa.eu/eurostat/api/dissemination/statistics/1.0/data/avia_paoc?geo=MT&unit=PAS&tra_meas=PAS_CRD&tra_meas=PAS_CRD_ARR&tra_meas=PAS_CRD_DEP&freq=A&sinceTimePeriod=2015,2026-10-05
MT,PAS_CRD_ARR,TOTAL,INTL,2018,3403529,,2026-10-02T23:00:00+0200,https://ec.europa.eu/eurostat/api/dissemination/statistics/1.0/data/avia_paoc?geo=MT&unit=PAS&tra_meas=PAS_CRD&tra_meas=PAS_CRD_ARR&tra_meas=PAS_CRD_DEP&freq=A&sinceTimePeriod=2015,2026-10-05
MT,PAS_CRD_ARR,TOTAL,INTL,2019,3662336,,2026-10-02T23:00:00+0200,https://ec.europa.eu/eurostat/api/dissemination/statistics/1.0/data/avia_paoc?geo=MT&unit=PAS&tra_meas=PAS_CRD&tra_meas=PAS_CRD_ARR&tra_meas=PAS_CRD_DEP&freq=A&sinceTimePeriod=2015,2026-10-05
MT,PAS_CRD_ARR,TOTAL,INTL,2020,868715,,2026-10-02T23:00:00+0200,https://ec.europa.eu/eurostat/api/dissemination/statistics/1.0/data/avia_paoc?geo=MT&unit=PAS&tra_meas=PAS_CRD&tra_meas=PAS_CRD_ARR&tra_meas=PAS_CRD_DEP&freq=A&sinceTimePeriod=2015,2026-10-05
MT,PAS_CRD_ARR,TOTAL,INTL,2021,1279606,,2026-10-02T23:00:00+0200,https://ec.europa.eu/eurostat/api/dissemination/statistics/1.0/data/avia_paoc?geo=MT&unit=PAS&tra_meas=PAS_CRD&tra_meas=PAS_CRD_ARR&tra_meas=PAS_CRD_DEP&freq=A&sinceTimePeriod=2015,2026-10-05
MT,PAS_CRD_ARR,TOTAL,INTL,2022,2941209,,2026-10-02T23:00:00+0200,https://ec.europa.eu/eurostat/api/dissemination/statistics/1.0/data/avia_paoc?geo=MT&unit=PAS&tra_meas=PAS_CRD&tra_meas=PAS_CRD_ARR&tra_meas=PAS_CRD_DEP&freq=A&sinceTimePeriod=2015,2026-10-05
MT,PAS_CRD_ARR,TOTAL,INTL,2023,3916149,,2026-10-02T23:00:00+0200,https://ec.europa.eu/eurostat/api/dissemination/statistics/1.0/data/avia_paoc?geo=MT&unit=PAS&tra_meas=PAS_CRD&tra_meas=PAS_CRD_ARR&tra_meas=PAS_CRD_DEP&freq=A&sinceTimePeriod=2015,2026-10-05
MT,PAS_CRD_ARR,TOTAL,INTL,2024,4486873,,2026-10-02T23:00:00+0200,https://ec.europa.eu/eurostat/api/dissemination/statistics/1.0/data/avia_paoc?geo=MT&unit=PAS&tra_meas=PAS_CRD&tra_meas=PAS_CRD_ARR&tra_meas=PAS_CRD_DEP&freq=A&sinceTimePeriod=2015,2026-10-05
MT,PAS_CRD_ARR,TOTAL,INTL,2025,5044784,,2026-10-02T23:00:00+0200,https://ec.europa.eu/eurostat/api/dissemination/statistics/1.0/data/avia_paoc?geo=MT&unit=PAS&tra_meas=PAS_CRD&tra_meas=PAS_CRD_ARR&tra_meas=PAS_CRD_DEP&freq=A&sinceTimePeriod=2015,2026-10-05
MT,PAS_CRD_ARR,TOTAL,INTL_IEU27_2007,2015,2093046,,2026-10-02T23:00:00+0200,https://ec.europa.eu/eurostat/api/dissemination/statistics/1.0/data/avia_paoc?geo=MT&unit=PAS&tra_meas=PAS_CRD&tra_meas=PAS_CRD_ARR&tra_meas=PAS_CRD_DEP&freq=A&sinceTimePeriod=2015,2026-10-05
MT,PAS_CRD_ARR,TOTAL,INTL_IEU27_2007,2016,2323539,,2026-10-02T23:00:00+0200,https://ec.europa.eu/eurostat/api/dissemination/statistics/1.0/data/avia_paoc?geo=MT&unit=PAS&tra_meas=PAS_CRD&tra_meas=PAS_CRD_ARR&tra_meas=PAS_CRD_DEP&freq=A&sinceTimePeriod=2015,2026-10-05
MT,PAS_CRD_ARR,TOTAL,INTL_IEU27_2007,2017,2752823,,2026-10-02T23:00:00+0200,https://ec.europa.eu/eurostat/api/dissemination/statistics/1.0/data/avia_paoc?geo=MT&unit=PAS&tra_meas=PAS_CRD&tra_meas=PAS_CRD_ARR&tra_meas=PAS_CRD_DEP&freq=A&sinceTimePeriod=2015,2026-10-05
MT,PAS_CRD_ARR,TOTAL,INTL_IEU27_2007,2018,3090370,,2026-10-02T23:00:00+0200,https://ec.europa.eu/eurostat/api/dissemination/statistics/1.0/data/avia_paoc?geo=MT&unit=PAS&tra_meas=PAS_CRD&tra_meas=PAS_CRD_ARR&tra_meas=PAS_CRD_DEP&freq=A&sinceTimePeriod=2015,2026-10-05
MT,PAS_CRD_ARR,TOTAL,INTL_IEU27_2007,2019,3273965,,2026-10-02T23:00:00+0200,https://ec.europa.eu/eurostat/api/dissemination/statistics/1.0/data/avia_paoc?geo=MT&unit=PAS&tra_meas=PAS_CRD&tra_meas=PAS_CRD_ARR&tra_meas=PAS_CRD_DEP&freq=A&sinceTimePeriod=2015,2026-10-05
MT,PAS_CRD_ARR,TOTAL,INTL_IEU27_2020,2015,1451420,,2026-10-02T23:00:00+0200,https://ec.europa.eu/eurostat/api/dissemination/statistics/1.0/data/avia_paoc?geo=MT&unit=PAS&tra_meas=PAS_CRD&tra_meas=PAS_CRD_ARR&tra_meas=PAS_CRD_DEP&freq=A&sinceTimePeriod=2015,2026-10-05
MT,PAS_CRD_ARR,TOTAL,INTL_IEU27_2020,2016,1647494,,2026-10-02T23:00:00+0200,https://ec.europa.eu/eurostat/api/dissemination/statistics/1.0/data/avia_paoc?geo=MT&unit=PAS&tra_meas=PAS_CRD&tra_meas=PAS_CRD_ARR&tra_meas=PAS_CRD_DEP&freq=A&sinceTimePeriod=2015,2026-10-05
MT,PAS_CRD_ARR,TOTAL,INTL_IEU27_2020,2017,2017092,,2026-10-02T23:00:00+0200,https://ec.europa.eu/eurostat/api/dissemination/statistics/1.0/data/avia_paoc?geo=MT&unit=PAS&tra_meas=PAS_CRD&tra_meas=PAS_CRD_ARR&tra_meas=PAS_CRD_DEP&freq=A&sinceTimePeriod=2015,2026-10-05
MT,PAS_CRD_ARR,TOTAL,INTL_IEU27_2020,2018,2256573,,2026-10-02T23:00:00+0200,https://ec.europa.eu/eurostat/api/dissemination/statistics/1.0/data/avia_paoc?geo=MT&unit=PAS&tra_meas=PAS_CRD&tra_meas=PAS_CRD_ARR&tra_meas=PAS_CRD_DEP&freq=A&sinceTimePeriod=2015,2026-10-05
MT,PAS_CRD_ARR,TOTAL,INTL_IEU27_2020,2019,2420625,,2026-10-02T23:00:00+0200,https://ec.europa.eu/eurostat/api/dissemination/statistics/1.0/data/avia_paoc?geo=MT&unit=PAS&tra_meas=PAS_CRD&tra_meas=PAS_CRD_ARR&tra_meas=PAS_CRD_DEP&freq=A&sinceTimePeriod=2015,2026-10-05
MT,PAS_CRD_ARR,TOTAL,INTL_IEU27_2020,2020,617003,,2026-10-02T23:00:00+0200,https://ec.europa.eu/eurostat/api/dissemination/statistics/1.0/data/avia_paoc?geo=MT&unit=PAS&tra_meas=PAS_CRD&tra_meas=PAS_CRD_ARR&tra_meas=PAS_CRD_DEP&freq=A&sinceTimePeriod=2015,2026-10-05
MT,PAS_CRD_ARR,TOTAL,INTL_IEU27_2020,2021,941046,,2026-10-02T23:00:00+0200,https://ec.europa.eu/eurostat/api/dissemination/statistics/1.0/data/avia_paoc?geo=MT&unit=PAS&tra_meas=PAS_CRD&tra_meas=PAS_CRD_ARR&tra_meas=PAS_CRD_DEP&freq=A&sinceTimePeriod=2015,2026-10-05
MT,PAS_CRD_ARR,TOTAL,INTL_IEU27_2020,2022,2149728,,2026-10-02T23:00:00+0200,https://ec.europa.eu/eurostat/api/dissemination/statistics/1.0/data/avia_paoc?geo=MT&unit=PAS&tra_meas=PAS_CRD&tra_meas=PAS_CRD_ARR&tra_meas=PAS_CRD_DEP&freq=A&sinceTimePeriod=2015,2026-10-05
MT,PAS_CRD_ARR,TOTAL,INTL_IEU27_2020,2023,2830923,,2026-10-02T23:00:00+0200,https://ec.europa.eu/eurostat/api/dissemination/statistics/1.0/data/avia_paoc?geo=MT&unit=PAS&tra_meas=PAS_CRD&tra_meas=PAS_CRD_ARR&tra_meas=PAS_CRD_DEP&freq=A&sinceTimePeriod=2015,2026-10-05
MT,PAS_CRD_ARR,TOTAL,INTL_IEU27_2020,2024,3224296,,2026-10-02T23:00:00+0200,https://ec.europa.eu/eurostat/api/dissemination/statistics/1.0/data/avia_paoc?geo=MT&unit=PAS&tra_meas=PAS_CRD&tra_meas=PAS_CRD_ARR&tra_meas=PAS_CRD_DEP&freq=A&sinceTimePeriod=2015,2026-10-05
MT,PAS_CRD_ARR,TOTAL,INTL_IEU27_2020,2025,3569689,,2026-10-02T23:00:00+0200,https://ec.europa.eu/eurostat/api/dissemination/statistics/1.0/data/avia_paoc?geo=MT&unit=PAS&tra_meas=PAS_CRD&tra_meas=PAS_CRD_ARR&tra_meas=PAS_CRD_DEP&freq=A&sinceTimePeriod=2015,2026-10-05
MT,PAS_CRD_ARR,TOTAL,INTL_IEU28,2015,2094918,,2026-10-02T23:00:00+0200,https://ec.europa.eu/eurostat/api/dissemination/statistics/1.0/data/avia_paoc?geo=MT&unit=PAS&tra_meas=PAS_CRD&tra_meas=PAS_CRD_ARR&tra_meas=PAS_CRD_DEP&freq=A&sinceTimePeriod=2015,2026-10-05
MT,PAS_CRD_ARR,TOTAL,INTL_IEU28,2016,2325506,,2026-10-02T23:00:00+0200,https://ec.europa.eu/eurostat/api/dissemination/statistics/1.0/data/avia_paoc?geo=MT&unit=PAS&tra_meas=PAS_CRD&tra_meas=PAS_CRD_ARR&tra_meas=PAS_CRD_DEP&freq=A&sinceTimePeriod=2015,2026-10-05
MT,PAS_CRD_ARR,TOTAL,INTL_IEU28,2017,2755001,,2026-10-02T23:00:00+0200,https://ec.europa.eu/eurostat/api/dissemination/statistics/1.0/data/avia_paoc?geo=MT&unit=PAS&tra_meas=PAS_CRD&tra_meas=PAS_CRD_ARR&tra_meas=PAS_CRD_DEP&freq=A&sinceTimePeriod=2015,2026-10-05
MT,PAS_CRD_ARR,TOTAL,INTL_IEU28,2018,3092272,,2026-10-02T23:00:00+0200,https://ec.europa.eu/eurostat/api/dissemination/statistics/1.0/data/avia_paoc?geo=MT&unit=PAS&tra_meas=PAS_CRD&tra_meas=PAS_CRD_ARR&tra_meas=PAS_CRD_DEP&freq=A&sinceTimePeriod=2015,2026-10-05
MT,PAS_CRD_ARR,TOTAL,INTL_IEU28,2019,3275741,,2026-10-02T23:00:00+0200,https://ec.europa.eu/eurostat/api/dissemination/statistics/1.0/data/avia_paoc?geo=MT&unit=PAS&tra_meas=PAS_CRD&tra_meas=PAS_CRD_ARR&tra_meas=PAS_CRD_DEP&freq=A&sinceTimePeriod=2015,2026-10-05
MT,PAS_CRD_ARR,TOTAL,INTL_XEU27_2007,2015,217440,,2026-10-02T23:00:00+0200,https://ec.europa.eu/eurostat/api/dissemination/statistics/1.0/data/avia_paoc?geo=MT&unit=PAS&tra_meas=PAS_CRD&tra_meas=PAS_CRD_ARR&tra_meas=PAS_CRD_DEP&freq=A&sinceTimePeriod=2015,2026-10-05
MT,PAS_CRD_ARR,TOTAL,INTL_XEU27_2007,2016,218386,,2026-10-02T23:00:00+0200,https://ec.europa.eu/eurostat/api/dissemination/statistics/1.0/data/avia_paoc?geo=MT&unit=PAS&tra_meas=PAS_CRD&tra_meas=PAS_CRD_ARR&tra_meas=PAS_CRD_DEP&freq=A&sinceTimePeriod=2015,2026-10-05
MT,PAS_CRD_ARR,TOTAL,INTL_XEU27_2007,2017,255779,,2026-10-02T23:00:00+0200,https://ec.europa.eu/eurostat/api/dissemination/statistics/1.0/data/avia_paoc?geo=MT&unit=PAS&tra_meas=PAS_CRD&tra_meas=PAS_CRD_ARR&tra_meas=PAS_CRD_DEP&freq=A&sinceTimePeriod=2015,2026-10-05
MT,PAS_CRD_ARR,TOTAL,INTL_XEU27_2007,2018,313159,,2026-10-02T23:00:00+0200,https://ec.europa.eu/eurostat/api/dissemination/statistics/1.0/data/avia_paoc?geo=MT&unit=PAS&tra_meas=PAS_CRD&tra_meas=PAS_CRD_ARR&tra_meas=PAS_CRD_DEP&freq=A&sinceTimePeriod=2015,2026-10-05
MT,PAS_CRD_ARR,TOTAL,INTL_XEU27_2007,2019,388371,,2026-10-02T23:00:00+0200,https://ec.europa.eu/eurostat/api/dissemination/statistics/1.0/data/avia_paoc?geo=MT&unit=PAS&tra_meas=PAS_CRD&tra_meas=PAS_CRD_ARR&tra_meas=PAS_CRD_DEP&freq=A&sinceTimePeriod=2015,2026-10-05
MT,PAS_CRD_ARR,TOTAL,INTL_XEU27_2020,2015,859066,,2026-10-02T23:00:00+0200,https://ec.europa.eu/eurostat/api/dissemination/statistics/1.0/data/avia_paoc?geo=MT&unit=PAS&tra_meas=PAS_CRD&tra_meas=PAS_CRD_ARR&tra_meas=PAS_CRD_DEP&freq=A&sinceTimePeriod=2015,2026-10-05
MT,PAS_CRD_ARR,TOTAL,INTL_XEU27_2020,2016,894431,,2026-10-02T23:00:00+0200,https://ec.europa.eu/eurostat/api/dissemination/statistics/1.0/data/avia_paoc?geo=MT&unit=PAS&tra_meas=PAS_CRD&tra_meas=PAS_CRD_ARR&tra_meas=PAS_CRD_DEP&freq=A&sinceTimePeriod=2015,2026-10-05
MT,PAS_CRD_ARR,TOTAL,INTL_XEU27_2020,2017,991510,,2026-10-02T23:00:00+0200,https://ec.europa.eu/eurostat/api/dissemination/statistics/1.0/data/avia_paoc?geo=MT&unit=PAS&tra_meas=PAS_CRD&tra_meas=PAS_CRD_ARR&tra_meas=PAS_CRD_DEP&freq=A&sinceTimePeriod=2015,2026-10-05
MT,PAS_CRD_ARR,TOTAL,INTL_XEU27_2020,2018,1146956,,2026-10-02T23:00:00+0200,https://ec.europa.eu/eurostat/api/dissemination/statistics/1.0/data/avia_paoc?geo=MT&unit=PAS&tra_meas=PAS_CRD&tra_meas=PAS_CRD_ARR&tra_meas=PAS_CRD_DEP&freq=A&sinceTimePeriod=2015,2026-10-05
MT,PAS_CRD_ARR,TOTAL,INTL_XEU27_2020,2019,1241711,,2026-10-02T23:00:00+0200,https://ec.europa.eu/eurostat/api/dissemination/statistics/1.0/data/avia_paoc?geo=MT&unit=PAS&tra_meas=PAS_CRD&tra_meas=PAS_CRD_ARR&tra_meas=PAS_CRD_DEP&freq=A&sinceTimePeriod=2015,2026-10-05
MT,PAS_CRD_ARR,TOTAL,INTL_XEU27_2020,2020,251712,,2026-10-02T23:00:00+0200,https://ec.europa.eu/eurostat/api/dissemination/statistics/1.0/data/avia_paoc?geo=MT&unit=PAS&tra_meas=PAS_CRD&tra_meas=PAS_CRD_ARR&tra_meas=PAS_CRD_DEP&freq=A&sinceTimePeriod=2015,2026-10-05
MT,PAS_CRD_ARR,TOTAL,INTL_XEU27_2020,2021,338560,,2026-10-02T23:00:00+0200,https://ec.europa.eu/eurostat/api/dissemination/statistics/1.0/data/avia_paoc?geo=MT&unit=PAS&tra_meas=PAS_CRD&tra_meas=PAS_CRD_ARR&tra_meas=PAS_CRD_DEP&freq=A&sinceTimePeriod=2015,2026-10-05
MT,PAS_CRD_ARR,TOTAL,INTL_XEU27_2020,2022,791481,,2026-10-02T23:00:00+0200,https://ec.europa.eu/eurostat/api/dissemination/statistics/1.0/data/avia_paoc?geo=MT&unit=PAS&tra_meas=PAS_CRD&tra_meas=PAS_CRD_ARR&tra_meas=PAS_CRD_DEP&freq=A&sinceTimePeriod=2015,2026-10-05
MT,PAS_CRD_ARR,TOTAL,INTL_XEU27_2020,2023,1085226,,2026-10-02T23:00:00+0200,https://ec.europa.eu/eurostat/api/dissemination/statistics/1.0/data/avia_paoc?geo=MT&unit=PAS&tra_meas=PAS_CRD&tra_meas=PAS_CRD_ARR&tra_meas=PAS_CRD_DEP&freq=A&sinceTimePeriod=2015,2026-10-05
MT,PAS_CRD_ARR,TOTAL,INTL_XEU27_2020,2024,1262577,,2026-10-02T23:00:00+0200,https://ec.europa.eu/eurostat/api/dissemination/statistics/1.0/data/avia_paoc?geo=MT&unit=PAS&tra_meas=PAS_CRD&tra_meas=PAS_CRD_ARR&tra_meas=PAS_CRD_DEP&freq=A&sinceTimePeriod=2015,2026-10-05
MT,PAS_CRD_ARR,TOTAL,INTL_XEU27_2020,2025,1475095,,2026-10-02T23:00:00+0200,https://ec.europa.eu/eurostat/api/dissemination/statistics/1.0/data/avia_paoc?geo=MT&unit=PAS&tra_meas=PAS_CRD&tra_meas=PAS_CRD_ARR&tra_meas=PAS_CRD_DEP&freq=A&sinceTimePeriod=2015,2026-10-05
MT,PAS_CRD_ARR,TOTAL,INTL_XEU28,2015,215568,,2026-10-02T23:00:00+0200,https://ec.europa.eu/eurostat/api/dissemination/statistics/1.0/data/avia_paoc?geo=MT&unit=PAS&tra_meas=PAS_CRD&tra_meas=PAS_CRD_ARR&tra_meas=PAS_CRD_DEP&freq=A&sinceTimePeriod=2015,2026-10-05
MT,PAS_CRD_ARR,TOTAL,INTL_XEU28,2016,216419,,2026-10-02T23:00:00+0200,https://ec.europa.eu/eurostat/api/dissemination/statistics/1.0/data/avia_paoc?geo=MT&unit=PAS&tra_meas=PAS_CRD&tra_meas=PAS_CRD_ARR&tra_meas=PAS_CRD_DEP&freq=A&sinceTimePeriod=2015,2026-10-05
MT,PAS_CRD_ARR,TOTAL,INTL_XEU28,2017,253601,,2026-10-02T23:00:00+0200,https://ec.europa.eu/eurostat/api/dissemination/statistics/1.0/data/avia_paoc?geo=MT&unit=PAS&tra_meas=PAS_CRD&tra_meas=PAS_CRD_ARR&tra_meas=PAS_CRD_DEP&freq=A&sinceTimePeriod=2015,2026-10-05
MT,PAS_CRD_ARR,TOTAL,INTL_XEU28,2018,311257,,2026-10-02T23:00:00+0200,https://ec.europa.eu/eurostat/api/dissemination/statistics/1.0/data/avia_paoc?geo=MT&unit=PAS&tra_meas=PAS_CRD&tra_meas=PAS_CRD_ARR&tra_meas=PAS_CRD_DEP&freq=A&sinceTimePeriod=2015,2026-10-05
MT,PAS_CRD_ARR,TOTAL,INTL_XEU28,2019,386595,,2026-10-02T23:00:00+0200,https://ec.europa.eu/eurostat/api/dissemination/statistics/1.0/data/avia_paoc?geo=MT&unit=PAS&tra_meas=PAS_CRD&tra_meas=PAS_CRD_ARR&tra_meas=PAS_CRD_DEP&freq=A&sinceTimePeriod=2015,2026-10-05
MT,PAS_CRD_ARR,TOTAL,NAT,2015,259,,2026-10-02T23:00:00+0200,https://ec.europa.eu/eurostat/api/dissemination/statistics/1.0/data/avia_paoc?geo=MT&unit=PAS&tra_meas=PAS_CRD&tra_meas=PAS_CRD_ARR&tra_meas=PAS_CRD_DEP&freq=A&sinceTimePeriod=2015,2026-10-05
MT,PAS_CRD_ARR,TOTAL,NAT,2016,173,,2026-10-02T23:00:00+0200,https://ec.europa.eu/eurostat/api/dissemination/statistics/1.0/data/avia_paoc?geo=MT&unit=PAS&tra_meas=PAS_CRD&tra_meas=PAS_CRD_ARR&tra_meas=PAS_CRD_DEP&freq=A&sinceTimePeriod=2015,2026-10-05
MT,PAS_CRD_ARR,TOTAL,NAT,2017,7,,2026-10-02T23:00:00+0200,https://ec.europa.eu/eurostat/api/dissemination/statistics/1.0/data/avia_paoc?geo=MT&unit=PAS&tra_meas=PAS_CRD&tra_meas=PAS_CRD_ARR&tra_meas=PAS_CRD_DEP&freq=A&sinceTimePeriod=2015,2026-10-05
MT,PAS_CRD_ARR,TOTAL,NAT,2018,346,,2026-10-02T23:00:00+0200,https://ec.europa.eu/eurostat/api/dissemination/statistics/1.0/data/avia_paoc?geo=MT&unit=PAS&tra_meas=PAS_CRD&tra_meas=PAS_CRD_ARR&tra_meas=PAS_CRD_DEP&freq=A&sinceTimePeriod=2015,2026-10-05
MT,PAS_CRD_ARR,TOTAL,NAT,2019,162,,2026-10-02T23:00:00+0200,https://ec.europa.eu/eurostat/api/dissemination/statistics/1.0/data/avia_paoc?geo=MT&unit=PAS&tra_meas=PAS_CRD&tra_meas=PAS_CRD_ARR&tra_meas=PAS_CRD_DEP&freq=A&sinceTimePeriod=2015,2026-10-05
MT,PAS_CRD_ARR,TOTAL,NAT,2020,0,,2026-10-02T23:00:00+0200,https://ec.europa.eu/eurostat/api/dissemination/statistics/1.0/data/avia_paoc?geo=MT&unit=PAS&tra_meas=PAS_CRD&tra_meas=PAS_CRD_ARR&tra_meas=PAS_CRD_DEP&freq=A&sinceTimePeriod=2015,2026-10-05
MT,PAS_CRD_ARR,TOTAL,NAT,2021,0,,2026-10-02T23:00:00+0200,https://ec.europa.eu/eurostat/api/dissemination/statistics/1.0/data/avia_paoc?geo=MT&unit=PAS&tra_meas=PAS_CRD&tra_meas=PAS_CRD_ARR&tra_meas=PAS_CRD_DEP&freq=A&sinceTimePeriod=2015,2026-10-05
MT,PAS_CRD_ARR,TOTAL,NAT,2022,0,,2026-10-02T23:00:00+0200,https://ec.europa.eu/eurostat/api/dissemination/statistics/1.0/data/avia_paoc?geo=MT&unit=PAS&tra_meas=PAS_CRD&tra_meas=PAS_CRD_ARR&tra_meas=PAS_CRD_DEP&freq=A&sinceTimePeriod=2015,2026-10-05
MT,PAS_CRD_ARR,TOTAL,NAT,2023,0,,2026-10-02T23:00:00+0200,https://ec.europa.eu/eurostat/api/dissemination/statistics/1.0/data/avia_paoc?geo=MT&unit=PAS&tra_meas=PAS_CRD&tra_meas=PAS_CRD_ARR&tra_meas=PAS_CRD_DEP&freq=A&sinceTimePeriod=2015,2026-10-05
MT,PAS_CRD_ARR,TOTAL,NAT,2024,0,,2026-10-02T23:00:00+0200,https://ec.europa.eu/eurostat/api/dissemination/statistics/1.0/data/avia_paoc?geo=MT&unit=PAS&tra_meas=PAS_CRD&tra_meas=PAS_CRD_ARR&tra_meas=PAS_CRD_DEP&freq=A&sinceTimePeriod=2015,2026-10-05
MT,PAS_CRD_ARR,TOTAL,NAT,2025,0,,2026-10-02T23:00:00+0200,https://ec.europa.eu/eurostat/api/dissemination/statistics/1.0/data/avia_paoc?geo=MT&unit=PAS&tra_meas=PAS_CRD&tra_meas=PAS_CRD_ARR&tra_meas=PAS_CRD_DEP&freq=A&sinceTimePeriod=2015,2026-10-05
MT,PAS_CRD_ARR,TOTAL,TOTAL,2015,2310745,,2026-10-02T23:00:00+0200,https://ec.europa.eu/eurostat/api/dissemination/statistics/1.0/data/avia_paoc?geo=MT&unit=PAS&tra_meas=PAS_CRD&tra_meas=PAS_CRD_ARR&tra_meas=PAS_CRD_DEP&freq=A&sinceTimePeriod=2015,2026-10-05
MT,PAS_CRD_ARR,TOTAL,TOTAL,2016,2542098,,2026-10-02T23:00:00+0200,https://ec.europa.eu/eurostat/api/dissemination/statistics/1.0/data/avia_paoc?geo=MT&unit=PAS&tra_meas=PAS_CRD&tra_meas=PAS_CRD_ARR&tra_meas=PAS_CRD_DEP&freq=A&sinceTimePeriod=2015,2026-10-05
MT,PAS_CRD_ARR,TOTAL,TOTAL,2017,3008609,,2026-10-02T23:00:00+0200,https://ec.europa.eu/eurostat/api/dissemination/statistics/1.0/data/avia_paoc?geo=MT&unit=PAS&tra_meas=PAS_CRD&tra_meas=PAS_CRD_ARR&tra_meas=PAS_CRD_DEP&freq=A&sinceTimePeriod=2015,2026-10-05
MT,PAS_CRD_ARR,TOTAL,TOTAL,2018,3403875,,2026-10-02T23:00:00+0200,https://ec.europa.eu/eurostat/api/dissemination/statistics/1.0/data/avia_paoc?geo=MT&unit=PAS&tra_meas=PAS_CRD&tra_meas=PAS_CRD_ARR&tra_meas=PAS_CRD_DEP&freq=A&sinceTimePeriod=2015,2026-10-05
MT,PAS_CRD_ARR,TOTAL,TOTAL,2019,3662498,,2026-10-02T23:00:00+0200,https://ec.europa.eu/eurostat/api/dissemination/statistics/1.0/data/avia_paoc?geo=MT&unit=PAS&tra_meas=PAS_CRD&tra_meas=PAS_CRD_ARR&tra_meas=PAS_CRD_DEP&freq=A&sinceTimePeriod=2015,2026-10-05
MT,PAS_CRD_ARR,TOTAL,TOTAL,2020,868715,,2026-10-02T23:00:00+0200,https://ec.europa.eu/eurostat/api/dissemination/statistics/1.0/data/avia_paoc?geo=MT&unit=PAS&tra_meas=PAS_CRD&tra_meas=PAS_CRD_ARR&tra_meas=PAS_CRD_DEP&freq=A&sinceTimePeriod=2015,2026-10-05
MT,PAS_CRD_ARR,TOTAL,TOTAL,2021,1279606,,2026-10-02T23:00:00+0200,https://ec.europa.eu/eurostat/api/dissemination/statistics/1.0/data/avia_paoc?geo=MT&unit=PAS&tra_meas=PAS_CRD&tra_meas=PAS_CRD_ARR&tra_meas=PAS_CRD_DEP&freq=A&sinceTimePeriod=2015,2026-10-05
MT,PAS_CRD_ARR,TOTAL,TOTAL,2022,2941209,,2026-10-02T23:00:00+0200,https://ec.europa.eu/eurostat/api/dissemination/statistics/1.0/data/avia_paoc?geo=MT&unit=PAS&tra_meas=PAS_CRD&tra_meas=PAS_CRD_ARR&tra_meas=PAS_CRD_DEP&freq=A&sinceTimePeriod=2015,2026-10-05
MT,PAS_CRD_ARR,TOTAL,TOTAL,2023,3916149,,2026-10-02T23:00:00+0200,https://ec.europa.eu/eurostat/api/dissemination/statistics/1.0/data/avia_paoc?geo=MT&unit=PAS&tra_meas=PAS_CRD&tra_meas=PAS_CRD_ARR&tra_meas=PAS_CRD_DEP&freq=A&sinceTimePeriod=2015,2026-10-05
MT,PAS_CRD_ARR,TOTAL,TOTAL,2024,4486873,,2026-10-02T23:00:00+0200,https://ec.europa.eu/eurostat/api/dissemination/statistics/1.0/data/avia_paoc?geo=MT&unit=PAS&tra_meas=PAS_CRD&tra_meas=PAS_CRD_ARR&tra_meas=PAS_CRD_DEP&freq=A&sinceTimePeriod=2015,2026-10-05
MT,PAS_CRD_ARR,TOTAL,TOTAL,2025,5044784,,2026-10-02T23:00:00+0200,https://ec.europa.eu/eurostat/api/dissemination/statistics/1.0/data/avia_paoc?geo=MT&unit=PAS&tra_meas=PAS_CRD&tra_meas=PAS_CRD_ARR&tra_meas=PAS_CRD_DEP&freq=A&sinceTimePeriod=2015,2026-10-05
MT,PAS_CRD_ARR,UNK,INTL,2023,0,,2026-10-02T23:00:00+0200,https://ec.europa.eu/eurostat/api/dissemination/statistics/1.0/data/avia_paoc?geo=MT&unit=PAS&tra_meas=PAS_CRD&tra_meas=PAS_CRD_ARR&tra_meas=PAS_CRD_DEP&freq=A&sinceTimePeriod=2015,2026-10-05
MT,PAS_CRD_ARR,UNK,INTL,2024,0,,2026-10-02T23:00:00+0200,https://ec.europa.eu/eurostat/api/dissemination/statistics/1.0/data/avia_paoc?geo=MT&unit=PAS&tra_meas=PAS_CRD&tra_meas=PAS_CRD_ARR&tra_meas=PAS_CRD_DEP&freq=A&sinceTimePeriod=2015,2026-10-05
MT,PAS_CRD_ARR,UNK,INTL,2025,0,,2026-10-02T23:00:00+0200,https://ec.europa.eu/eurostat/api/dissemination/statistics/1.0/data/avia_paoc?geo=MT&unit=PAS&tra_meas=PAS_CRD&tra_meas=PAS_CRD_ARR&tra_meas=PAS_CRD_DEP&freq=A&sinceTimePeriod=2015,2026-10-05
MT,PAS_CRD_ARR,UNK,INTL_IEU27_2020,2023,0,,2026-10-02T23:00:00+0200,https://ec.europa.eu/eurostat/api/dissemination/statistics/1.0/data/avia_paoc?geo=MT&unit=PAS&tra_meas=PAS_CRD&tra_meas=PAS_CRD_ARR&tra_meas=PAS_CRD_DEP&freq=A&sinceTimePeriod=2015,2026-10-05
MT,PAS_CRD_ARR,UNK,INTL_IEU27_2020,2024,0,,2026-10-02T23:00:00+0200,https://ec.europa.eu/eurostat/api/dissemination/statistics/1.0/data/avia_paoc?geo=MT&unit=PAS&tra_meas=PAS_CRD&tra_meas=PAS_CRD_ARR&tra_meas=PAS_CRD_DEP&freq=A&sinceTimePeriod=2015,2026-10-05
MT,PAS_CRD_ARR,UNK,INTL_IEU27_2020,2025,0,,2026-10-02T23:00:00+0200,https://ec.europa.eu/eurostat/api/dissemination/statistics/1.0/data/avia_paoc?geo=MT&unit=PAS&tra_meas=PAS_CRD&tra_meas=PAS_CRD_ARR&tra_meas=PAS_CRD_DEP&freq=A&sinceTimePeriod=2015,2026-10-05
MT,PAS_CRD_ARR,UNK,INTL_XEU27_2020,2023,0,,2026-10-02T23:00:00+0200,https://ec.europa.eu/eurostat/api/dissemination/statistics/1.0/data/avia_paoc?geo=MT&unit=PAS&tra_meas=PAS_CRD&tra_meas=PAS_CRD_ARR&tra_meas=PAS_CRD_DEP&freq=A&sinceTimePeriod=2015,2026-10-05
MT,PAS_CRD_ARR,UNK,INTL_XEU27_2020,2024,0,,2026-10-02T23:00:00+0200,https://ec.europa.eu/eurostat/api/dissemination/statistics/1.0/data/avia_paoc?geo=MT&unit=PAS&tra_meas=PAS_CRD&tra_meas=PAS_CRD_ARR&tra_meas=PAS_CRD_DEP&freq=A&sinceTimePeriod=2015,2026-10-05
MT,PAS_CRD_ARR,UNK,INTL_XEU27_2020,2025,0,,2026-10-02T23:00:00+0200,https://ec.europa.eu/eurostat/api/dissemination/statistics/1.0/data/avia_paoc?geo=MT&unit=PAS&tra_meas=PAS_CRD&tra_meas=PAS_CRD_ARR&tra_meas=PAS_CRD_DEP&freq=A&sinceTimePeriod=2015,2026-10-05
MT,PAS_CRD_ARR,UNK,NAT,2023,0,,2026-10-02T23:00:00+0200,https://ec.europa.eu/eurostat/api/dissemination/statistics/1.0/data/avia_paoc?geo=MT&unit=PAS&tra_meas=PAS_CRD&tra_meas=PAS_CRD_ARR&tra_meas=PAS_CRD_DEP&freq=A&sinceTimePeriod=2015,2026-10-05
MT,PAS_CRD_ARR,UNK,NAT,2024,0,,2026-10-02T23:00:00+0200,https://ec.europa.eu/eurostat/api/dissemination/statistics/1.0/data/avia_paoc?geo=MT&unit=PAS&tra_meas=PAS_CRD&tra_meas=PAS_CRD_ARR&tra_meas=PAS_CRD_DEP&freq=A&sinceTimePeriod=2015,2026-10-05
MT,PAS_CRD_ARR,UNK,NAT,2025,0,,2026-10-02T23:00:00+0200,https://ec.europa.eu/eurostat/api/dissemination/statistics/1.0/data/avia_paoc?geo=MT&unit=PAS&tra_meas=PAS_CRD&tra_meas=PAS_CRD_ARR&tra_meas=PAS_CRD_DEP&freq=A&sinceTimePeriod=2015,2026-10-05
MT,PAS_CRD_ARR,UNK,TOTAL,2023,0,,2026-10-02T23:00:00+0200,https://ec.europa.eu/eurostat/api/dissemination/statistics/1.0/data/avia_paoc?geo=MT&unit=PAS&tra_meas=PAS_CRD&tra_meas=PAS_CRD_ARR&tra_meas=PAS_CRD_DEP&freq=A&sinceTimePeriod=2015,2026-10-05
MT,PAS_CRD_ARR,UNK,TOTAL,2024,0,,2026-10-02T23:00:00+0200,https://ec.europa.eu/eurostat/api/dissemination/statistics/1.0/data/avia_paoc?geo=MT&unit=PAS&tra_meas=PAS_CRD&tra_meas=PAS_CRD_ARR&tra_meas=PAS_CRD_DEP&freq=A&sinceTimePeriod=2015,2026-10-05
MT,PAS_CRD_ARR,UNK,TOTAL,2025,0,,2026-10-02T23:00:00+0200,https://ec.europa.eu/eurostat/api/dissemination/statistics/1.0/data/avia_paoc?geo=MT&unit=PAS&tra_meas=PAS_CRD&tra_meas=PAS_CRD_ARR&tra_meas=PAS_CRD_DEP&freq=A&sinceTimePeriod=2015,2026-10-05
MT,PAS_CRD_DEP,NSCHED,INTL,2015,142479,,2026-10-02T23:00:00+0200,https://ec.europa.eu/eurostat/api/dissemination/statistics/1.0/data/avia_paoc?geo=MT&unit=PAS&tra_meas=PAS_CRD&tra_meas=PAS_CRD_ARR&tra_meas=PAS_CRD_DEP&freq=A&sinceTimePeriod=2015,2026-10-05
MT,PAS_CRD_DEP,NSCHED,INTL,2016,104597,,2026-10-02T23:00:00+0200,https://ec.europa.eu/eurostat/api/dissemination/statistics/1.0/data/avia_paoc?geo=MT&unit=PAS&tra_meas=PAS_CRD&tra_meas=PAS_CRD_ARR&tra_meas=PAS_CRD_DEP&freq=A&sinceTimePeriod=2015,2026-10-05
MT,PAS_CRD_DEP,NSCHED,INTL,2017,102179,,2026-10-02T23:00:00+0200,https://ec.europa.eu/eurostat/api/dissemination/statistics/1.0/data/avia_paoc?geo=MT&unit=PAS&tra_meas=PAS_CRD&tra_meas=PAS_CRD_ARR&tra_meas=PAS_CRD_DEP&freq=A&sinceTimePeriod=2015,2026-10-05
MT,PAS_CRD_DEP,NSCHED,INTL,2018,107385,,2026-10-02T23:00:00+0200,https://ec.europa.eu/eurostat/api/dissemination/statistics/1.0/data/avia_paoc?geo=MT&unit=PAS&tra_meas=PAS_CRD&tra_meas=PAS_CRD_ARR&tra_meas=PAS_CRD_DEP&freq=A&sinceTimePeriod=2015,2026-10-05
MT,PAS_CRD_DEP,NSCHED,INTL,2019,98075,,2026-10-02T23:00:00+0200,https://ec.europa.eu/eurostat/api/dissemination/statistics/1.0/data/avia_paoc?geo=MT&unit=PAS&tra_meas=PAS_CRD&tra_meas=PAS_CRD_ARR&tra_meas=PAS_CRD_DEP&freq=A&sinceTimePeriod=2015,2026-10-05
MT,PAS_CRD_DEP,NSCHED,INTL,2020,21575,,2026-10-02T23:00:00+0200,https://ec.europa.eu/eurostat/api/dissemination/statistics/1.0/data/avia_paoc?geo=MT&unit=PAS&tra_meas=PAS_CRD&tra_meas=PAS_CRD_ARR&tra_meas=PAS_CRD_DEP&freq=A&sinceTimePeriod=2015,2026-10-05
MT,PAS_CRD_DEP,NSCHED,INTL,2021,21145,,2026-10-02T23:00:00+0200,https://ec.europa.eu/eurostat/api/dissemination/statistics/1.0/data/avia_paoc?geo=MT&unit=PAS&tra_meas=PAS_CRD&tra_meas=PAS_CRD_ARR&tra_meas=PAS_CRD_DEP&freq=A&sinceTimePeriod=2015,2026-10-05
MT,PAS_CRD_DEP,NSCHED,INTL,2022,68359,,2026-10-02T23:00:00+0200,https://ec.europa.eu/eurostat/api/dissemination/statistics/1.0/data/avia_paoc?geo=MT&unit=PAS&tra_meas=PAS_CRD&tra_meas=PAS_CRD_ARR&tra_meas=PAS_CRD_DEP&freq=A&sinceTimePeriod=2015,2026-10-05
MT,PAS_CRD_DEP,NSCHED,INTL,2023,97234,,2026-10-02T23:00:00+0200,https://ec.europa.eu/eurostat/api/dissemination/statistics/1.0/data/avia_paoc?geo=MT&unit=PAS&tra_meas=PAS_CRD&tra_meas=PAS_CRD_ARR&tra_meas=PAS_CRD_DEP&freq=A&sinceTimePeriod=2015,2026-10-05
MT,PAS_CRD_DEP,NSCHED,INTL,2024,88738,,2026-10-02T23:00:00+0200,https://ec.europa.eu/eurostat/api/dissemination/statistics/1.0/data/avia_paoc?geo=MT&unit=PAS&tra_meas=PAS_CRD&tra_meas=PAS_CRD_ARR&tra_meas=PAS_CRD_DEP&freq=A&sinceTimePeriod=2015,2026-10-05
MT,PAS_CRD_DEP,NSCHED,INTL,2025,106289,,2026-10-02T23:00:00+0200,https://ec.europa.eu/eurostat/api/dissemination/statistics/1.0/data/avia_paoc?geo=MT&unit=PAS&tra_meas=PAS_CRD&tra_meas=PAS_CRD_ARR&tra_meas=PAS_CRD_DEP&freq=A&sinceTimePeriod=2015,2026-10-05
MT,PAS_CRD_DEP,NSCHED,INTL_IEU27_2007,2015,114666,,2026-10-02T23:00:00+0200,https://ec.europa.eu/eurostat/api/dissemination/statistics/1.0/data/avia_paoc?geo=MT&unit=PAS&tra_meas=PAS_CRD&tra_meas=PAS_CRD_ARR&tra_meas=PAS_CRD_DEP&freq=A&sinceTimePeriod=2015,2026-10-05
MT,PAS_CRD_DEP,NSCHED,INTL_IEU27_2007,2016,84085,,2026-10-02T23:00:00+0200,https://ec.europa.eu/eurostat/api/dissemination/statistics/1.0/data/avia_paoc?geo=MT&unit=PAS&tra_meas=PAS_CRD&tra_meas=PAS_CRD_ARR&tra_meas=PAS_CRD_DEP&freq=A&sinceTimePeriod=2015,2026-10-05
MT,PAS_CRD_DEP,NSCHED,INTL_IEU27_2007,2017,84129,,2026-10-02T23:00:00+0200,https://ec.europa.eu/eurostat/api/dissemination/statistics/1.0/data/avia_paoc?geo=MT&unit=PAS&tra_meas=PAS_CRD&tra_meas=PAS_CRD_ARR&tra_meas=PAS_CRD_DEP&freq=A&sinceTimePeriod=2015,2026-10-05
MT,PAS_CRD_DEP,NSCHED,INTL_IEU27_2007,2018,100645,,2026-10-02T23:00:00+0200,https://ec.europa.eu/eurostat/api/dissemination/statistics/1.0/data/avia_paoc?geo=MT&unit=PAS&tra_meas=PAS_CRD&tra_meas=PAS_CRD_ARR&tra_meas=PAS_CRD_DEP&freq=A&sinceTimePeriod=2015,2026-10-05
MT,PAS_CRD_DEP,NSCHED,INTL_IEU27_2007,2019,89168,,2026-10-02T23:00:00+0200,https://ec.europa.eu/eurostat/api/dissemination/statistics/1.0/data/avia_paoc?geo=MT&unit=PAS&tra_meas=PAS_CRD&tra_meas=PAS_CRD_ARR&tra_meas=PAS_CRD_DEP&freq=A&sinceTimePeriod=2015,2026-10-05
MT,PAS_CRD_DEP,NSCHED,INTL_IEU27_2020,2015,65295,,2026-10-02T23:00:00+0200,https://ec.europa.eu/eurostat/api/dissemination/statistics/1.0/data/avia_paoc?geo=MT&unit=PAS&tra_meas=PAS_CRD&tra_meas=PAS_CRD_ARR&tra_meas=PAS_CRD_DEP&freq=A&sinceTimePeriod=2015,2026-10-05
MT,PAS_CRD_DEP,NSCHED,INTL_IEU27_2020,2016,58915,,2026-10-02T23:00:00+0200,https://ec.europa.eu/eurostat/api/dissemination/statistics/1.0/data/avia_paoc?geo=MT&unit=PAS&tra_meas=PAS_CRD&tra_meas=PAS_CRD_ARR&tra_meas=PAS_CRD_DEP&freq=A&sinceTimePeriod=2015,2026-10-05
MT,PAS_CRD_DEP,NSCHED,INTL_IEU27_2020,2017,54568,,2026-10-02T23:00:00+0200,https://ec.europa.eu/eurostat/api/dissemination/statistics/1.0/data/avia_paoc?geo=MT&unit=PAS&tra_meas=PAS_CRD&tra_meas=PAS_CRD_ARR&tra_meas=PAS_CRD_DEP&freq=A&sinceTimePeriod=2015,2026-10-05
MT,PAS_CRD_DEP,NSCHED,INTL_IEU27_2020,2018,71329,,2026-10-02T23:00:00+0200,https://ec.europa.eu/eurostat/api/dissemination/statistics/1.0/data/avia_paoc?geo=MT&unit=PAS&tra_meas=PAS_CRD&tra_meas=PAS_CRD_ARR&tra_meas=PAS_CRD_DEP&freq=A&sinceTimePeriod=2015,2026-10-05
MT,PAS_CRD_DEP,NSCHED,INTL_IEU27_2020,2019,56753,,2026-10-02T23:00:00+0200,https://ec.europa.eu/eurostat/api/dissemination/statistics/1.0/data/avia_paoc?geo=MT&unit=PAS&tra_meas=PAS_CRD&tra_meas=PAS_CRD_ARR&tra_meas=PAS_CRD_DEP&freq=A&sinceTimePeriod=2015,2026-10-05
MT,PAS_CRD_DEP,NSCHED,INTL_IEU27_2020,2020,15938,,2026-10-02T23:00:00+0200,https://ec.europa.eu/eurostat/api/dissemination/statistics/1.0/data/avia_paoc?geo=MT&unit=PAS&tra_meas=PAS_CRD&tra_meas=PAS_CRD_ARR&tra_meas=PAS_CRD_DEP&freq=A&sinceTimePeriod=2015,2026-10-05
MT,PAS_CRD_DEP,NSCHED,INTL_IEU27_2020,2021,14777,,2026-10-02T23:00:00+0200,https://ec.europa.eu/eurostat/api/dissemination/statistics/1.0/data/avia_paoc?geo=MT&unit=PAS&tra_meas=PAS_CRD&tra_meas=PAS_CRD_ARR&tra_meas=PAS_CRD_DEP&freq=A&sinceTimePeriod=2015,2026-10-05
MT,PAS_CRD_DEP,NSCHED,INTL_IEU27_2020,2022,35216,,2026-10-02T23:00:00+0200,https://ec.europa.eu/eurostat/api/dissemination/statistics/1.0/data/avia_paoc?geo=MT&unit=PAS&tra_meas=PAS_CRD&tra_meas=PAS_CRD_ARR&tra_meas=PAS_CRD_DEP&freq=A&sinceTimePeriod=2015,2026-10-05
MT,PAS_CRD_DEP,NSCHED,INTL_IEU27_2020,2023,45376,,2026-10-02T23:00:00+0200,https://ec.europa.eu/eurostat/api/dissemination/statistics/1.0/data/avia_paoc?geo=MT&unit=PAS&tra_meas=PAS_CRD&tra_meas=PAS_CRD_ARR&tra_meas=PAS_CRD_DEP&freq=A&sinceTimePeriod=2015,2026-10-05
MT,PAS_CRD_DEP,NSCHED,INTL_IEU27_2020,2024,35641,,2026-10-02T23:00:00+0200,https://ec.europa.eu/eurostat/api/dissemination/statistics/1.0/data/avia_paoc?geo=MT&unit=PAS&tra_meas=PAS_CRD&tra_meas=PAS_CRD_ARR&tra_meas=PAS_CRD_DEP&freq=A&sinceTimePeriod=2015,2026-10-05
MT,PAS_CRD_DEP,NSCHED,INTL_IEU27_2020,2025,46093,,2026-10-02T23:00:00+0200,https://ec.europa.eu/eurostat/api/dissemination/statistics/1.0/data/avia_paoc?geo=MT&unit=PAS&tra_meas=PAS_CRD&tra_meas=PAS_CRD_ARR&tra_meas=PAS_CRD_DEP&freq=A&sinceTimePeriod=2015,2026-10-05
MT,PAS_CRD_DEP,NSCHED,INTL_IEU28,2015,116440,,2026-10-02T23:00:00+0200,https://ec.europa.eu/eurostat/api/dissemination/statistics/1.0/data/avia_paoc?geo=MT&unit=PAS&tra_meas=PAS_CRD&tra_meas=PAS_CRD_ARR&tra_meas=PAS_CRD_DEP&freq=A&sinceTimePeriod=2015,2026-10-05
MT,PAS_CRD_DEP,NSCHED,INTL_IEU28,2016,86007,,2026-10-02T23:00:00+0200,https://ec.europa.eu/eurostat/api/dissemination/statistics/1.0/data/avia_paoc?geo=MT&unit=PAS&tra_meas=PAS_CRD&tra_meas=PAS_CRD_ARR&tra_meas=PAS_CRD_DEP&freq=A&sinceTimePeriod=2015,2026-10-05
MT,PAS_CRD_DEP,NSCHED,INTL_IEU28,2017,86262,,2026-10-02T23:00:00+0200,https://ec.europa.eu/eurostat/api/dissemination/statistics/1.0/data/avia_paoc?geo=MT&unit=PAS&tra_meas=PAS_CRD&tra_meas=PAS_CRD_ARR&tra_meas=PAS_CRD_DEP&freq=A&sinceTimePeriod=2015,2026-10-05
MT,PAS_CRD_DEP,NSCHED,INTL_IEU28,2018,102579,,2026-10-02T23:00:00+0200,https://ec.europa.eu/eurostat/api/dissemination/statistics/1.0/data/avia_paoc?geo=MT&unit=PAS&tra_meas=PAS_CRD&tra_meas=PAS_CRD_ARR&tra_meas=PAS_CRD_DEP&freq=A&sinceTimePeriod=2015,2026-10-05
MT,PAS_CRD_DEP,NSCHED,INTL_IEU28,2019,90930,,2026-10-02T23:00:00+0200,https://ec.europa.eu/eurostat/api/dissemination/statistics/1.0/data/avia_paoc?geo=MT&unit=PAS&tra_meas=PAS_CRD&tra_meas=PAS_CRD_ARR&tra_meas=PAS_CRD_DEP&freq=A&sinceTimePeriod=2015,2026-10-05
MT,PAS_CRD_DEP,NSCHED,INTL_XEU27_2007,2015,27813,,2026-10-02T23:00:00+0200,https://ec.europa.eu/eurostat/api/dissemination/statistics/1.0/data/avia_paoc?geo=MT&unit=PAS&tra_meas=PAS_CRD&tra_meas=PAS_CRD_ARR&tra_meas=PAS_CRD_DEP&freq=A&sinceTimePeriod=2015,2026-10-05
MT,PAS_CRD_DEP,NSCHED,INTL_XEU27_2007,2016,20512,,2026-10-02T23:00:00+0200,https://ec.europa.eu/eurostat/api/dissemination/statistics/1.0/data/avia_paoc?geo=MT&unit=PAS&tra_meas=PAS_CRD&tra_meas=PAS_CRD_ARR&tra_meas=PAS_CRD_DEP&freq=A&sinceTimePeriod=2015,2026-10-05
MT,PAS_CRD_DEP,NSCHED,INTL_XEU27_2007,2017,18050,,2026-10-02T23:00:00+0200,https://ec.europa.eu/eurostat/api/dissemination/statistics/1.0/data/avia_paoc?geo=MT&unit=PAS&tra_meas=PAS_CRD&tra_meas=PAS_CRD_ARR&tra_meas=PAS_CRD_DEP&freq=A&sinceTimePeriod=2015,2026-10-05
MT,PAS_CRD_DEP,NSCHED,INTL_XEU27_2007,2018,6740,,2026-10-02T23:00:00+0200,https://ec.europa.eu/eurostat/api/dissemination/statistics/1.0/data/avia_paoc?geo=MT&unit=PAS&tra_meas=PAS_CRD&tra_meas=PAS_CRD_ARR&tra_meas=PAS_CRD_DEP&freq=A&sinceTimePeriod=2015,2026-10-05
MT,PAS_CRD_DEP,NSCHED,INTL_XEU27_2007,2019,8907,,2026-10-02T23:00:00+0200,https://ec.europa.eu/eurostat/api/dissemination/statistics/1.0/data/avia_paoc?geo=MT&unit=PAS&tra_meas=PAS_CRD&tra_meas=PAS_CRD_ARR&tra_meas=PAS_CRD_DEP&freq=A&sinceTimePeriod=2015,2026-10-05
MT,PAS_CRD_DEP,NSCHED,INTL_XEU27_2020,2015,77184,,2026-10-02T23:00:00+0200,https://ec.europa.eu/eurostat/api/dissemination/statistics/1.0/data/avia_paoc?geo=MT&unit=PAS&tra_meas=PAS_CRD&tra_meas=PAS_CRD_ARR&tra_meas=PAS_CRD_DEP&freq=A&sinceTimePeriod=2015,2026-10-05
MT,PAS_CRD_DEP,NSCHED,INTL_XEU27_2020,2016,45682,,2026-10-02T23:00:00+0200,https://ec.europa.eu/eurostat/api/dissemination/statistics/1.0/data/avia_paoc?geo=MT&unit=PAS&tra_meas=PAS_CRD&tra_meas=PAS_CRD_ARR&tra_meas=PAS_CRD_DEP&freq=A&sinceTimePeriod=2015,2026-10-05
MT,PAS_CRD_DEP,NSCHED,INTL_XEU27_2020,2017,47611,,2026-10-02T23:00:00+0200,https://ec.europa.eu/eurostat/api/dissemination/statistics/1.0/data/avia_paoc?geo=MT&unit=PAS&tra_meas=PAS_CRD&tra_meas=PAS_CRD_ARR&tra_meas=PAS_CRD_DEP&freq=A&sinceTimePeriod=2015,2026-10-05
MT,PAS_CRD_DEP,NSCHED,INTL_XEU27_2020,2018,36056,,2026-10-02T23:00:00+0200,https://ec.europa.eu/eurostat/api/dissemination/statistics/1.0/data/avia_paoc?geo=MT&unit=PAS&tra_meas=PAS_CRD&tra_meas=PAS_CRD_ARR&tra_meas=PAS_CRD_DEP&freq=A&sinceTimePeriod=2015,2026-10-05
MT,PAS_CRD_DEP,NSCHED,INTL_XEU27_2020,2019,41322,,2026-10-02T23:00:00+0200,https://ec.europa.eu/eurostat/api/dissemination/statistics/1.0/data/avia_paoc?geo=MT&unit=PAS&tra_meas=PAS_CRD&tra_meas=PAS_CRD_ARR&tra_meas=PAS_CRD_DEP&freq=A&sinceTimePeriod=2015,2026-10-05
MT,PAS_CRD_DEP,NSCHED,INTL_XEU27_2020,2020,5637,,2026-10-02T23:00:00+0200,https://ec.europa.eu/eurostat/api/dissemination/statistics/1.0/data/avia_paoc?geo=MT&unit=PAS&tra_meas=PAS_CRD&tra_meas=PAS_CRD_ARR&tra_meas=PAS_CRD_DEP&freq=A&sinceTimePeriod=2015,2026-10-05
MT,PAS_CRD_DEP,NSCHED,INTL_XEU27_2020,2021,6368,,2026-10-02T23:00:00+0200,https://ec.europa.eu/eurostat/api/dissemination/statistics/1.0/data/avia_paoc?geo=MT&unit=PAS&tra_meas=PAS_CRD&tra_meas=PAS_CRD_ARR&tra_meas=PAS_CRD_DEP&freq=A&sinceTimePeriod=2015,2026-10-05
MT,PAS_CRD_DEP,NSCHED,INTL_XEU27_2020,2022,33143,,2026-10-02T23:00:00+0200,https://ec.europa.eu/eurostat/api/dissemination/statistics/1.0/data/avia_paoc?geo=MT&unit=PAS&tra_meas=PAS_CRD&tra_meas=PAS_CRD_ARR&tra_meas=PAS_CRD_DEP&freq=A&sinceTimePeriod=2015,2026-10-05
MT,PAS_CRD_DEP,NSCHED,INTL_XEU27_2020,2023,51858,,2026-10-02T23:00:00+0200,https://ec.europa.eu/eurostat/api/dissemination/statistics/1.0/data/avia_paoc?geo=MT&unit=PAS&tra_meas=PAS_CRD&tra_meas=PAS_CRD_ARR&tra_meas=PAS_CRD_DEP&freq=A&sinceTimePeriod=2015,2026-10-05
MT,PAS_CRD_DEP,NSCHED,INTL_XEU27_2020,2024,53097,,2026-10-02T23:00:00+0200,https://ec.europa.eu/eurostat/api/dissemination/statistics/1.0/data/avia_paoc?geo=MT&unit=PAS&tra_meas=PAS_CRD&tra_meas=PAS_CRD_ARR&tra_meas=PAS_CRD_DEP&freq=A&sinceTimePeriod=2015,2026-10-05
MT,PAS_CRD_DEP,NSCHED,INTL_XEU27_2020,2025,60196,,2026-10-02T23:00:00+0200,https://ec.europa.eu/eurostat/api/dissemination/statistics/1.0/data/avia_paoc?geo=MT&unit=PAS&tra_meas=PAS_CRD&tra_meas=PAS_CRD_ARR&tra_meas=PAS_CRD_DEP&freq=A&sinceTimePeriod=2015,2026-10-05
MT,PAS_CRD_DEP,NSCHED,INTL_XEU28,2015,26039,,2026-10-02T23:00:00+0200,https://ec.europa.eu/eurostat/api/dissemination/statistics/1.0/data/avia_paoc?geo=MT&unit=PAS&tra_meas=PAS_CRD&tra_meas=PAS_CRD_ARR&tra_meas=PAS_CRD_DEP&freq=A&sinceTimePeriod=2015,2026-10-05
MT,PAS_CRD_DEP,NSCHED,INTL_XEU28,2016,18590,,2026-10-02T23:00:00+0200,https://ec.europa.eu/eurostat/api/dissemination/statistics/1.0/data/avia_paoc?geo=MT&unit=PAS&tra_meas=PAS_CRD&tra_meas=PAS_CRD_ARR&tra_meas=PAS_CRD_DEP&freq=A&sinceTimePeriod=2015,2026-10-05
MT,PAS_CRD_DEP,NSCHED,INTL_XEU28,2017,15917,,2026-10-02T23:00:00+0200,https://ec.europa.eu/eurostat/api/dissemination/statistics/1.0/data/avia_paoc?geo=MT&unit=PAS&tra_meas=PAS_CRD&tra_meas=PAS_CRD_ARR&tra_meas=PAS_CRD_DEP&freq=A&sinceTimePeriod=2015,2026-10-05
MT,PAS_CRD_DEP,NSCHED,INTL_XEU28,2018,4806,,2026-10-02T23:00:00+0200,https://ec.europa.eu/eurostat/api/dissemination/statistics/1.0/data/avia_paoc?geo=MT&unit=PAS&tra_meas=PAS_CRD&tra_meas=PAS_CRD_ARR&tra_meas=PAS_CRD_DEP&freq=A&sinceTimePeriod=2015,2026-10-05
MT,PAS_CRD_DEP,NSCHED,INTL_XEU28,2019,7145,,2026-10-02T23:00:00+0200,https://ec.europa.eu/eurostat/api/dissemination/statistics/1.0/data/avia_paoc?geo=MT&unit=PAS&tra_meas=PAS_CRD&tra_meas=PAS_CRD_ARR&tra_meas=PAS_CRD_DEP&freq=A&sinceTimePeriod=2015,2026-10-05
MT,PAS_CRD_DEP,NSCHED,NAT,2015,259,,2026-10-02T23:00:00+0200,https://ec.europa.eu/eurostat/api/dissemination/statistics/1.0/data/avia_paoc?geo=MT&unit=PAS&tra_meas=PAS_CRD&tra_meas=PAS_CRD_ARR&tra_meas=PAS_CRD_DEP&freq=A&sinceTimePeriod=2015,2026-10-05
MT,PAS_CRD_DEP,NSCHED,NAT,2016,173,,2026-10-02T23:00:00+0200,https://ec.europa.eu/eurostat/api/dissemination/statistics/1.0/data/avia_paoc?geo=MT&unit=PAS&tra_meas=PAS_CRD&tra_meas=PAS_CRD_ARR&tra_meas=PAS_CRD_DEP&freq=A&sinceTimePeriod=2015,2026-10-05
MT,PAS_CRD_DEP,NSCHED,NAT,2017,7,,2026-10-02T23:00:00+0200,https://ec.europa.eu/eurostat/api/dissemination/statistics/1.0/data/avia_paoc?geo=MT&unit=PAS&tra_meas=PAS_CRD&tra_meas=PAS_CRD_ARR&tra_meas=PAS_CRD_DEP&freq=A&sinceTimePeriod=2015,2026-10-05
MT,PAS_CRD_DEP,NSCHED,NAT,2018,346,,2026-10-02T23:00:00+0200,https://ec.europa.eu/eurostat/api/dissemination/statistics/1.0/data/avia_paoc?geo=MT&unit=PAS&tra_meas=PAS_CRD&tra_meas=PAS_CRD_ARR&tra_meas=PAS_CRD_DEP&freq=A&sinceTimePeriod=2015,2026-10-05
MT,PAS_CRD_DEP,NSCHED,NAT,2019,170,,2026-10-02T23:00:00+0200,https://ec.europa.eu/eurostat/api/dissemination/statistics/1.0/data/avia_paoc?geo=MT&unit=PAS&tra_meas=PAS_CRD&tra_meas=PAS_CRD_ARR&tra_meas=PAS_CRD_DEP&freq=A&sinceTimePeriod=2015,2026-10-05
MT,PAS_CRD_DEP,NSCHED,NAT,2020,0,,2026-10-02T23:00:00+0200,https://ec.europa.eu/eurostat/api/dissemination/statistics/1.0/data/avia_paoc?geo=MT&unit=PAS&tra_meas=PAS_CRD&tra_meas=PAS_CRD_ARR&tra_meas=PAS_CRD_DEP&freq=A&sinceTimePeriod=2015,2026-10-05
MT,PAS_CRD_DEP,NSCHED,NAT,2021,0,,2026-10-02T23:00:00+0200,https://ec.europa.eu/eurostat/api/dissemination/statistics/1.0/data/avia_paoc?geo=MT&unit=PAS&tra_meas=PAS_CRD&tra_meas=PAS_CRD_ARR&tra_meas=PAS_CRD_DEP&freq=A&sinceTimePeriod=2015,2026-10-05
MT,PAS_CRD_DEP,NSCHED,NAT,2022,0,,2026-10-02T23:00:00+0200,https://ec.europa.eu/eurostat/api/dissemination/statistics/1.0/data/avia_paoc?geo=MT&unit=PAS&tra_meas=PAS_CRD&tra_meas=PAS_CRD_ARR&tra_meas=PAS_CRD_DEP&freq=A&sinceTimePeriod=2015,2026-10-05
MT,PAS_CRD_DEP,NSCHED,NAT,2023,0,,2026-10-02T23:00:00+0200,https://ec.europa.eu/eurostat/api/dissemination/statistics/1.0/data/avia_paoc?geo=MT&unit=PAS&tra_meas=PAS_CRD&tra_meas=PAS_CRD_ARR&tra_meas=PAS_CRD_DEP&freq=A&sinceTimePeriod=2015,2026-10-05
MT,PAS_CRD_DEP,NSCHED,NAT,2024,0,,2026-10-02T23:00:00+0200,https://ec.europa.eu/eurostat/api/dissemination/statistics/1.0/data/avia_paoc?geo=MT&unit=PAS&tra_meas=PAS_CRD&tra_meas=PAS_CRD_ARR&tra_meas=PAS_CRD_DEP&freq=A&sinceTimePeriod=2015,2026-10-05
MT,PAS_CRD_DEP,NSCHED,NAT,2025,0,,2026-10-02T23:00:00+0200,https://ec.europa.eu/eurostat/api/dissemination/statistics/1.0/data/avia_paoc?geo=MT&unit=PAS&tra_meas=PAS_CRD&tra_meas=PAS_CRD_ARR&tra_meas=PAS_CRD_DEP&freq=A&sinceTimePeriod=2015,2026-10-05
MT,PAS_CRD_DEP,NSCHED,TOTAL,2015,142738,,2026-10-02T23:00:00+0200,https://ec.europa.eu/eurostat/api/dissemination/statistics/1.0/data/avia_paoc?geo=MT&unit=PAS&tra_meas=PAS_CRD&tra_meas=PAS_CRD_ARR&tra_meas=PAS_CRD_DEP&freq=A&sinceTimePeriod=2015,2026-10-05
MT,PAS_CRD_DEP,NSCHED,TOTAL,2016,104770,,2026-10-02T23:00:00+0200,https://ec.europa.eu/eurostat/api/dissemination/statistics/1.0/data/avia_paoc?geo=MT&unit=PAS&tra_meas=PAS_CRD&tra_meas=PAS_CRD_ARR&tra_meas=PAS_CRD_DEP&freq=A&sinceTimePeriod=2015,2026-10-05
MT,PAS_CRD_DEP,NSCHED,TOTAL,2017,102186,,2026-10-02T23:00:00+0200,https://ec.europa.eu/eurostat/api/dissemination/statistics/1.0/data/avia_paoc?geo=MT&unit=PAS&tra_meas=PAS_CRD&tra_meas=PAS_CRD_ARR&tra_meas=PAS_CRD_DEP&freq=A&sinceTimePeriod=2015,2026-10-05
MT,PAS_CRD_DEP,NSCHED,TOTAL,2018,107731,,2026-10-02T23:00:00+0200,https://ec.europa.eu/eurostat/api/dissemination/statistics/1.0/data/avia_paoc?geo=MT&unit=PAS&tra_meas=PAS_CRD&tra_meas=PAS_CRD_ARR&tra_meas=PAS_CRD_DEP&freq=A&sinceTimePeriod=2015,2026-10-05
MT,PAS_CRD_DEP,NSCHED,TOTAL,2019,98245,,2026-10-02T23:00:00+0200,https://ec.europa.eu/eurostat/api/dissemination/statistics/1.0/data/avia_paoc?geo=MT&unit=PAS&tra_meas=PAS_CRD&tra_meas=PAS_CRD_ARR&tra_meas=PAS_CRD_DEP&freq=A&sinceTimePeriod=2015,2026-10-05
MT,PAS_CRD_DEP,NSCHED,TOTAL,2020,21575,,2026-10-02T23:00:00+0200,https://ec.europa.eu/eurostat/api/dissemination/statistics/1.0/data/avia_paoc?geo=MT&unit=PAS&tra_meas=PAS_CRD&tra_meas=PAS_CRD_ARR&tra_meas=PAS_CRD_DEP&freq=A&sinceTimePeriod=2015,2026-10-05
MT,PAS_CRD_DEP,NSCHED,TOTAL,2021,21145,,2026-10-02T23:00:00+0200,https://ec.europa.eu/eurostat/api/dissemination/statistics/1.0/data/avia_paoc?geo=MT&unit=PAS&tra_meas=PAS_CRD&tra_meas=PAS_CRD_ARR&tra_meas=PAS_CRD_DEP&freq=A&sinceTimePeriod=2015,2026-10-05
MT,PAS_CRD_DEP,NSCHED,TOTAL,2022,68359,,2026-10-02T23:00:00+0200,https://ec.europa.eu/eurostat/api/dissemination/statistics/1.0/data/avia_paoc?geo=MT&unit=PAS&tra_meas=PAS_CRD&tra_meas=PAS_CRD_ARR&tra_meas=PAS_CRD_DEP&freq=A&sinceTimePeriod=2015,2026-10-05
MT,PAS_CRD_DEP,NSCHED,TOTAL,2023,97234,,2026-10-02T23:00:00+0200,https://ec.europa.eu/eurostat/api/dissemination/statistics/1.0/data/avia_paoc?geo=MT&unit=PAS&tra_meas=PAS_CRD&tra_meas=PAS_CRD_ARR&tra_meas=PAS_CRD_DEP&freq=A&sinceTimePeriod=2015,2026-10-05
MT,PAS_CRD_DEP,NSCHED,TOTAL,2024,88738,,2026-10-02T23:00:00+0200,https://ec.europa.eu/eurostat/api/dissemination/statistics/1.0/data/avia_paoc?geo=MT&unit=PAS&tra_meas=PAS_CRD&tra_meas=PAS_CRD_ARR&tra_meas=PAS_CRD_DEP&freq=A&sinceTimePeriod=2015,2026-10-05
MT,PAS_CRD_DEP,NSCHED,TOTAL,2025,106289,,2026-10-02T23:00:00+0200,https://ec.europa.eu/eurostat/api/dissemination/statistics/1.0/data/avia_paoc?geo=MT&unit=PAS&tra_meas=PAS_CRD&tra_meas=PAS_CRD_ARR&tra_meas=PAS_CRD_DEP&freq=A&sinceTimePeriod=2015,2026-10-05
MT,PAS_CRD_DEP,SCHED,INTL,2015,2166333,,2026-10-02T23:00:00+0200,https://ec.europa.eu/eurostat/api/dissemination/statistics/1.0/data/avia_paoc?geo=MT&unit=PAS&tra_meas=PAS_CRD&tra_meas=PAS_CRD_ARR&tra_meas=PAS_CRD_DEP&freq=A&sinceTimePeriod=2015,2026-10-05
MT,PAS_CRD_DEP,SCHED,INTL,2016,2433578,,2026-10-02T23:00:00+0200,https://ec.europa.eu/eurostat/api/dissemination/statistics/1.0/data/avia_paoc?geo=MT&unit=PAS&tra_meas=PAS_CRD&tra_meas=PAS_CRD_ARR&tra_meas=PAS_CRD_DEP&freq=A&sinceTimePeriod=2015,2026-10-05
MT,PAS_CRD_DEP,SCHED,INTL,2017,2896943,,2026-10-02T23:00:00+0200,https://ec.europa.eu/eurostat/api/dissemination/statistics/1.0/data/avia_paoc?geo=MT&unit=PAS&tra_meas=PAS_CRD&tra_meas=PAS_CRD_ARR&tra_meas=PAS_CRD_DEP&freq=A&sinceTimePeriod=2015,2026-10-05
MT,PAS_CRD_DEP,SCHED,INTL,2018,3294543,,2026-10-02T23:00:00+0200,https://ec.europa.eu/eurostat/api/dissemination/statistics/1.0/data/avia_paoc?geo=MT&unit=PAS&tra_meas=PAS_CRD&tra_meas=PAS_CRD_ARR&tra_meas=PAS_CRD_DEP&freq=A&sinceTimePeriod=2015,2026-10-05
MT,PAS_CRD_DEP,SCHED,INTL,2019,3557776,,2026-10-02T23:00:00+0200,https://ec.europa.eu/eurostat/api/dissemination/statistics/1.0/data/avia_paoc?geo=MT&unit=PAS&tra_meas=PAS_CRD&tra_meas=PAS_CRD_ARR&tra_meas=PAS_CRD_DEP&freq=A&sinceTimePeriod=2015,2026-10-05
MT,PAS_CRD_DEP,SCHED,INTL,2020,862155,,2026-10-02T23:00:00+0200,https://ec.europa.eu/eurostat/api/dissemination/statistics/1.0/data/avia_paoc?geo=MT&unit=PAS&tra_meas=PAS_CRD&tra_meas=PAS_CRD_ARR&tra_meas=PAS_CRD_DEP&freq=A&sinceTimePeriod=2015,2026-10-05
MT,PAS_CRD_DEP,SCHED,INTL,2021,1247161,,2026-10-02T23:00:00+0200,https://ec.europa.eu/eurostat/api/dissemination/statistics/1.0/data/avia_paoc?geo=MT&unit=PAS&tra_meas=PAS_CRD&tra_meas=PAS_CRD_ARR&tra_meas=PAS_CRD_DEP&freq=A&sinceTimePeriod=2015,2026-10-05
MT,PAS_CRD_DEP,SCHED,INTL,2022,2852029,,2026-10-02T23:00:00+0200,https://ec.europa.eu/eurostat/api/dissemination/statistics/1.0/data/avia_paoc?geo=MT&unit=PAS&tra_meas=PAS_CRD&tra_meas=PAS_CRD_ARR&tra_meas=PAS_CRD_DEP&freq=A&sinceTimePeriod=2015,2026-10-05
MT,PAS_CRD_DEP,SCHED,INTL,2023,3800108,,2026-10-02T23:00:00+0200,https://ec.europa.eu/eurostat/api/dissemination/statistics/1.0/data/avia_paoc?geo=MT&unit=PAS&tra_meas=PAS_CRD&tra_meas=PAS_CRD_ARR&tra_meas=PAS_CRD_DEP&freq=A&sinceTimePeriod=2015,2026-10-05
MT,PAS_CRD_DEP,SCHED,INTL,2024,4392628,,2026-10-02T23:00:00+0200,https://ec.europa.eu/eurostat/api/dissemination/statistics/1.0/data/avia_paoc?geo=MT&unit=PAS&tra_meas=PAS_CRD&tra_meas=PAS_CRD_ARR&tra_meas=PAS_CRD_DEP&freq=A&sinceTimePeriod=2015,2026-10-05
MT,PAS_CRD_DEP,SCHED,INTL,2025,4919899,,2026-10-02T23:00:00+0200,https://ec.europa.eu/eurostat/api/dissemination/statistics/1.0/data/avia_paoc?geo=MT&unit=PAS&tra_meas=PAS_CRD&tra_meas=PAS_CRD_ARR&tra_meas=PAS_CRD_DEP&freq=A&sinceTimePeriod=2015,2026-10-05
MT,PAS_CRD_DEP,SCHED,INTL_IEU27_2007,2015,1977035,,2026-10-02T23:00:00+0200,https://ec.europa.eu/eurostat/api/dissemination/statistics/1.0/data/avia_paoc?geo=MT&unit=PAS&tra_meas=PAS_CRD&tra_meas=PAS_CRD_ARR&tra_meas=PAS_CRD_DEP&freq=A&sinceTimePeriod=2015,2026-10-05
MT,PAS_CRD_DEP,SCHED,INTL_IEU27_2007,2016,2236673,,2026-10-02T23:00:00+0200,https://ec.europa.eu/eurostat/api/dissemination/statistics/1.0/data/avia_paoc?geo=MT&unit=PAS&tra_meas=PAS_CRD&tra_meas=PAS_CRD_ARR&tra_meas=PAS_CRD_DEP&freq=A&sinceTimePeriod=2015,2026-10-05
MT,PAS_CRD_DEP,SCHED,INTL_IEU27_2007,2017,2655858,,2026-10-02T23:00:00+0200,https://ec.europa.eu/eurostat/api/dissemination/statistics/1.0/data/avia_paoc?geo=MT&unit=PAS&tra_meas=PAS_CRD&tra_meas=PAS_CRD_ARR&tra_meas=PAS_CRD_DEP&freq=A&sinceTimePeriod=2015,2026-10-05
MT,PAS_CRD_DEP,SCHED,INTL_IEU27_2007,2018,2983945,,2026-10-02T23:00:00+0200,https://ec.europa.eu/eurostat/api/dissemination/statistics/1.0/data/avia_paoc?geo=MT&unit=PAS&tra_meas=PAS_CRD&tra_meas=PAS_CRD_ARR&tra_meas=PAS_CRD_DEP&freq=A&sinceTimePeriod=2015,2026-10-05
MT,PAS_CRD_DEP,SCHED,INTL_IEU27_2007,2019,3179682,,2026-10-02T23:00:00+0200,https://ec.europa.eu/eurostat/api/dissemination/statistics/1.0/data/avia_paoc?geo=MT&unit=PAS&tra_meas=PAS_CRD&tra_meas=PAS_CRD_ARR&tra_meas=PAS_CRD_DEP&freq=A&sinceTimePeriod=2015,2026-10-05
MT,PAS_CRD_DEP,SCHED,INTL_IEU27_2020,2015,1386274,,2026-10-02T23:00:00+0200,https://ec.europa.eu/eurostat/api/dissemination/statistics/1.0/data/avia_paoc?geo=MT&unit=PAS&tra_meas=PAS_CRD&tra_meas=PAS_CRD_ARR&tra_meas=PAS_CRD_DEP&freq=A&sinceTimePeriod=2015,2026-10-05
MT,PAS_CRD_DEP,SCHED,INTL_IEU27_2020,2016,1587210,,2026-10-02T23:00:00+0200,https://ec.europa.eu/eurostat/api/dissemination/statistics/1.0/data/avia_paoc?geo=MT&unit=PAS&tra_meas=PAS_CRD&tra_meas=PAS_CRD_ARR&tra_meas=PAS_CRD_DEP&freq=A&sinceTimePeriod=2015,2026-10-05
MT,PAS_CRD_DEP,SCHED,INTL_IEU27_2020,2017,1950306,,2026-10-02T23:00:00+0200,https://ec.europa.eu/eurostat/api/dissemination/statistics/1.0/data/avia_paoc?geo=MT&unit=PAS&tra_meas=PAS_CRD&tra_meas=PAS_CRD_ARR&tra_meas=PAS_CRD_DEP&freq=A&sinceTimePeriod=2015,2026-10-05
MT,PAS_CRD_DEP,SCHED,INTL_IEU27_2020,2018,2178149,,2026-10-02T23:00:00+0200,https://ec.europa.eu/eurostat/api/dissemination/statistics/1.0/data/avia_paoc?geo=MT&unit=PAS&tra_meas=PAS_CRD&tra_meas=PAS_CRD_ARR&tra_meas=PAS_CRD_DEP&freq=A&sinceTimePeriod=2015,2026-10-05
MT,PAS_CRD_DEP,SCHED,INTL_IEU27_2020,2019,2357681,,2026-10-02T23:00:00+0200,https://ec.europa.eu/eurostat/api/dissemination/statistics/1.0/data/avia_paoc?geo=MT&unit=PAS&tra_meas=PAS_CRD&tra_meas=PAS_CRD_ARR&tra_meas=PAS_CRD_DEP&freq=A&sinceTimePeriod=2015,2026-10-05
MT,PAS_CRD_DEP,SCHED,INTL_IEU27_2020,2020,610583,,2026-10-02T23:00:00+0200,https://ec.europa.eu/eurostat/api/dissemination/statistics/1.0/data/avia_paoc?geo=MT&unit=PAS&tra_meas=PAS_CRD&tra_meas=PAS_CRD_ARR&tra_meas=PAS_CRD_DEP&freq=A&sinceTimePeriod=2015,2026-10-05
MT,PAS_CRD_DEP,SCHED,INTL_IEU27_2020,2021,917767,,2026-10-02T23:00:00+0200,https://ec.europa.eu/eurostat/api/dissemination/statistics/1.0/data/avia_paoc?geo=MT&unit=PAS&tra_meas=PAS_CRD&tra_meas=PAS_CRD_ARR&tra_meas=PAS_CRD_DEP&freq=A&sinceTimePeriod=2015,2026-10-05
MT,PAS_CRD_DEP,SCHED,INTL_IEU27_2020,2022,2107911,,2026-10-02T23:00:00+0200,https://ec.europa.eu/eurostat/api/dissemination/statistics/1.0/data/avia_paoc?geo=MT&unit=PAS&tra_meas=PAS_CRD&tra_meas=PAS_CRD_ARR&tra_meas=PAS_CRD_DEP&freq=A&sinceTimePeriod=2015,2026-10-05
MT,PAS_CRD_DEP,SCHED,INTL_IEU27_2020,2023,2781024,,2026-10-02T23:00:00+0200,https://ec.europa.eu/eurostat/api/dissemination/statistics/1.0/data/avia_paoc?geo=MT&unit=PAS&tra_meas=PAS_CRD&tra_meas=PAS_CRD_ARR&tra_meas=PAS_CRD_DEP&freq=A&sinceTimePeriod=2015,2026-10-05
MT,PAS_CRD_DEP,SCHED,INTL_IEU27_2020,2024,3190495,,2026-10-02T23:00:00+0200,https://ec.europa.eu/eurostat/api/dissemination/statistics/1.0/data/avia_paoc?geo=MT&unit=PAS&tra_meas=PAS_CRD&tra_meas=PAS_CRD_ARR&tra_meas=PAS_CRD_DEP&freq=A&sinceTimePeriod=2015,2026-10-05
MT,PAS_CRD_DEP,SCHED,INTL_IEU27_2020,2025,3517510,,2026-10-02T23:00:00+0200,https://ec.europa.eu/eurostat/api/dissemination/statistics/1.0/data/avia_paoc?geo=MT&unit=PAS&tra_meas=PAS_CRD&tra_meas=PAS_CRD_ARR&tra_meas=PAS_CRD_DEP&freq=A&sinceTimePeriod=2015,2026-10-05
MT,PAS_CRD_DEP,SCHED,INTL_IEU28,2015,1977035,,2026-10-02T23:00:00+0200,https://ec.europa.eu/eurostat/api/dissemination/statistics/1.0/data/avia_paoc?geo=MT&unit=PAS&tra_meas=PAS_CRD&tra_meas=PAS_CRD_ARR&tra_meas=PAS_CRD_DEP&freq=A&sinceTimePeriod=2015,2026-10-05
MT,PAS_CRD_DEP,SCHED,INTL_IEU28,2016,2236673,,2026-10-02T23:00:00+0200,https://ec.europa.eu/eurostat/api/dissemination/statistics/1.0/data/avia_paoc?geo=MT&unit=PAS&tra_meas=PAS_CRD&tra_meas=PAS_CRD_ARR&tra_meas=PAS_CRD_DEP&freq=A&sinceTimePeriod=2015,2026-10-05
MT,PAS_CRD_DEP,SCHED,INTL_IEU28,2017,2655858,,2026-10-02T23:00:00+0200,https://ec.europa.eu/eurostat/api/dissemination/statistics/1.0/data/avia_paoc?geo=MT&unit=PAS&tra_meas=PAS_CRD&tra_meas=PAS_CRD_ARR&tra_meas=PAS_CRD_DEP&freq=A&sinceTimePeriod=2015,2026-10-05
MT,PAS_CRD_DEP,SCHED,INTL_IEU28,2018,2983945,,2026-10-02T23:00:00+0200,https://ec.europa.eu/eurostat/api/dissemination/statistics/1.0/data/avia_paoc?geo=MT&unit=PAS&tra_meas=PAS_CRD&tra_meas=PAS_CRD_ARR&tra_meas=PAS_CRD_DEP&freq=A&sinceTimePeriod=2015,2026-10-05
MT,PAS_CRD_DEP,SCHED,INTL_IEU28,2019,3179682,,2026-10-02T23:00:00+0200,https://ec.europa.eu/eurostat/api/dissemination/statistics/1.0/data/avia_paoc?geo=MT&unit=PAS&tra_meas=PAS_CRD&tra_meas=PAS_CRD_ARR&tra_meas=PAS_CRD_DEP&freq=A&sinceTimePeriod=2015,2026-10-05
MT,PAS_CRD_DEP,SCHED,INTL_XEU27_2007,2015,189298,,2026-10-02T23:00:00+0200,https://ec.europa.eu/eurostat/api/dissemination/statistics/1.0/data/avia_paoc?geo=MT&unit=PAS&tra_meas=PAS_CRD&tra_meas=PAS_CRD_ARR&tra_meas=PAS_CRD_DEP&freq=A&sinceTimePeriod=2015,2026-10-05
MT,PAS_CRD_DEP,SCHED,INTL_XEU27_2007,2016,196905,,2026-10-02T23:00:00+0200,https://ec.europa.eu/eurostat/api/dissemination/statistics/1.0/data/avia_paoc?geo=MT&unit=PAS&tra_meas=PAS_CRD&tra_meas=PAS_CRD_ARR&tra_meas=PAS_CRD_DEP&freq=A&sinceTimePeriod=2015,2026-10-05
MT,PAS_CRD_DEP,SCHED,INTL_XEU27_2007,2017,241085,,2026-10-02T23:00:00+0200,https://ec.europa.eu/eurostat/api/dissemination/statistics/1.0/data/avia_paoc?geo=MT&unit=PAS&tra_meas=PAS_CRD&tra_meas=PAS_CRD_ARR&tra_meas=PAS_CRD_DEP&freq=A&sinceTimePeriod=2015,2026-10-05
MT,PAS_CRD_DEP,SCHED,INTL_XEU27_2007,2018,310598,,2026-10-02T23:00:00+0200,https://ec.europa.eu/eurostat/api/dissemination/statistics/1.0/data/avia_paoc?geo=MT&unit=PAS&tra_meas=PAS_CRD&tra_meas=PAS_CRD_ARR&tra_meas=PAS_CRD_DEP&freq=A&sinceTimePeriod=2015,2026-10-05
MT,PAS_CRD_DEP,SCHED,INTL_XEU27_2007,2019,378094,,2026-10-02T23:00:00+0200,https://ec.europa.eu/eurostat/api/dissemination/statistics/1.0/data/avia_paoc?geo=MT&unit=PAS&tra_meas=PAS_CRD&tra_meas=PAS_CRD_ARR&tra_meas=PAS_CRD_DEP&freq=A&sinceTimePeriod=2015,2026-10-05
MT,PAS_CRD_DEP,SCHED,INTL_XEU27_2020,2015,780059,,2026-10-02T23:00:00+0200,https://ec.europa.eu/eurostat/api/dissemination/statistics/1.0/data/avia_paoc?geo=MT&unit=PAS&tra_meas=PAS_CRD&tra_meas=PAS_CRD_ARR&tra_meas=PAS_CRD_DEP&freq=A&sinceTimePeriod=2015,2026-10-05
MT,PAS_CRD_DEP,SCHED,INTL_XEU27_2020,2016,846368,,2026-10-02T23:00:00+0200,https://ec.europa.eu/eurostat/api/dissemination/statistics/1.0/data/avia_paoc?geo=MT&unit=PAS&tra_meas=PAS_CRD&tra_meas=PAS_CRD_ARR&tra_meas=PAS_CRD_DEP&freq=A&sinceTimePeriod=2015,2026-10-05
MT,PAS_CRD_DEP,SCHED,INTL_XEU27_2020,2017,946637,,2026-10-02T23:00:00+0200,https://ec.europa.eu/eurostat/api/dissemination/statistics/1.0/data/avia_paoc?geo=MT&unit=PAS&tra_meas=PAS_CRD&tra_meas=PAS_CRD_ARR&tra_meas=PAS_CRD_DEP&freq=A&sinceTimePeriod=2015,2026-10-05
MT,PAS_CRD_DEP,SCHED,INTL_XEU27_2020,2018,1116394,,2026-10-02T23:00:00+0200,https://ec.europa.eu/eurostat/api/dissemination/statistics/1.0/data/avia_paoc?geo=MT&unit=PAS&tra_meas=PAS_CRD&tra_meas=PAS_CRD_ARR&tra_meas=PAS_CRD_DEP&freq=A&sinceTimePeriod=2015,2026-10-05
MT,PAS_CRD_DEP,SCHED,INTL_XEU27_2020,2019,1200095,,2026-10-02T23:00:00+0200,https://ec.europa.eu/eurostat/api/dissemination/statistics/1.0/data/avia_paoc?geo=MT&unit=PAS&tra_meas=PAS_CRD&tra_meas=PAS_CRD_ARR&tra_meas=PAS_CRD_DEP&freq=A&sinceTimePeriod=2015,2026-10-05
MT,PAS_CRD_DEP,SCHED,INTL_XEU27_2020,2020,251572,,2026-10-02T23:00:00+0200,https://ec.europa.eu/eurostat/api/dissemination/statistics/1.0/data/avia_paoc?geo=MT&unit=PAS&tra_meas=PAS_CRD&tra_meas=PAS_CRD_ARR&tra_meas=PAS_CRD_DEP&freq=A&sinceTimePeriod=2015,2026-10-05
MT,PAS_CRD_DEP,SCHED,INTL_XEU27_2020,2021,329394,,2026-10-02T23:00:00+0200,https://ec.europa.eu/eurostat/api/dissemination/statistics/1.0/data/avia_paoc?geo=MT&unit=PAS&tra_meas=PAS_CRD&tra_meas=PAS_CRD_ARR&tra_meas=PAS_CRD_DEP&freq=A&sinceTimePeriod=2015,2026-10-05
MT,PAS_CRD_DEP,SCHED,INTL_XEU27_2020,2022,744118,,2026-10-02T23:00:00+0200,https://ec.europa.eu/eurostat/api/dissemination/statistics/1.0/data/avia_paoc?geo=MT&unit=PAS&tra_meas=PAS_CRD&tra_meas=PAS_CRD_ARR&tra_meas=PAS_CRD_DEP&freq=A&sinceTimePeriod=2015,2026-10-05
MT,PAS_CRD_DEP,SCHED,INTL_XEU27_2020,2023,1019084,,2026-10-02T23:00:00+0200,https://ec.europa.eu/eurostat/api/dissemination/statistics/1.0/data/avia_paoc?geo=MT&unit=PAS&tra_meas=PAS_CRD&tra_meas=PAS_CRD_ARR&tra_meas=PAS_CRD_DEP&freq=A&sinceTimePeriod=2015,2026-10-05
MT,PAS_CRD_DEP,SCHED,INTL_XEU27_2020,2024,1202133,,2026-10-02T23:00:00+0200,https://ec.europa.eu/eurostat/api/dissemination/statistics/1.0/data/avia_paoc?geo=MT&unit=PAS&tra_meas=PAS_CRD&tra_meas=PAS_CRD_ARR&tra_meas=PAS_CRD_DEP&freq=A&sinceTimePeriod=2015,2026-10-05
MT,PAS_CRD_DEP,SCHED,INTL_XEU27_2020,2025,1402389,,2026-10-02T23:00:00+0200,https://ec.europa.eu/eurostat/api/dissemination/statistics/1.0/data/avia_paoc?geo=MT&unit=PAS&tra_meas=PAS_CRD&tra_meas=PAS_CRD_ARR&tra_meas=PAS_CRD_DEP&freq=A&sinceTimePeriod=2015,2026-10-05
MT,PAS_CRD_DEP,SCHED,INTL_XEU28,2015,189298,,2026-10-02T23:00:00+0200,https://ec.europa.eu/eurostat/api/dissemination/statistics/1.0/data/avia_paoc?geo=MT&unit=PAS&tra_meas=PAS_CRD&tra_meas=PAS_CRD_ARR&tra_meas=PAS_CRD_DEP&freq=A&sinceTimePeriod=2015,2026-10-05
MT,PAS_CRD_DEP,SCHED,INTL_XEU28,2016,196905,,2026-10-02T23:00:00+0200,https://ec.europa.eu/eurostat/api/dissemination/statistics/1.0/data/avia_paoc?geo=MT&unit=PAS&tra_meas=PAS_CRD&tra_meas=PAS_CRD_ARR&tra_meas=PAS_CRD_DEP&freq=A&sinceTimePeriod=2015,2026-10-05
MT,PAS_CRD_DEP,SCHED,INTL_XEU28,2017,241085,,2026-10-02T23:00:00+0200,https://ec.europa.eu/eurostat/api/dissemination/statistics/1.0/data/avia_paoc?geo=MT&unit=PAS&tra_meas=PAS_CRD&tra_meas=PAS_CRD_ARR&tra_meas=PAS_CRD_DEP&freq=A&sinceTimePeriod=2015,2026-10-05
MT,PAS_CRD_DEP,SCHED,INTL_XEU28,2018,310598,,2026-10-02T23:00:00+0200,https://ec.europa.eu/eurostat/api/dissemination/statistics/1.0/data/avia_paoc?geo=MT&unit=PAS&tra_meas=PAS_CRD&tra_meas=PAS_CRD_ARR&tra_meas=PAS_CRD_DEP&freq=A&sinceTimePeriod=2015,2026-10-05
MT,PAS_CRD_DEP,SCHED,INTL_XEU28,2019,378094,,2026-10-02T23:00:00+0200,https://ec.europa.eu/eurostat/api/dissemination/statistics/1.0/data/avia_paoc?geo=MT&unit=PAS&tra_meas=PAS_CRD&tra_meas=PAS_CRD_ARR&tra_meas=PAS_CRD_DEP&freq=A&sinceTimePeriod=2015,2026-10-05
MT,PAS_CRD_DEP,SCHED,NAT,2015,0,,2026-10-02T23:00:00+0200,https://ec.europa.eu/eurostat/api/dissemination/statistics/1.0/data/avia_paoc?geo=MT&unit=PAS&tra_meas=PAS_CRD&tra_meas=PAS_CRD_ARR&tra_meas=PAS_CRD_DEP&freq=A&sinceTimePeriod=2015,2026-10-05
MT,PAS_CRD_DEP,SCHED,NAT,2016,0,,2026-10-02T23:00:00+0200,https://ec.europa.eu/eurostat/api/dissemination/statistics/1.0/data/avia_paoc?geo=MT&unit=PAS&tra_meas=PAS_CRD&tra_meas=PAS_CRD_ARR&tra_meas=PAS_CRD_DEP&freq=A&sinceTimePeriod=2015,2026-10-05
MT,PAS_CRD_DEP,SCHED,NAT,2017,0,,2026-10-02T23:00:00+0200,https://ec.europa.eu/eurostat/api/dissemination/statistics/1.0/data/avia_paoc?geo=MT&unit=PAS&tra_meas=PAS_CRD&tra_meas=PAS_CRD_ARR&tra_meas=PAS_CRD_DEP&freq=A&sinceTimePeriod=2015,2026-10-05
MT,PAS_CRD_DEP,SCHED,NAT,2018,0,,2026-10-02T23:00:00+0200,https://ec.europa.eu/eurostat/api/dissemination/statistics/1.0/data/avia_paoc?geo=MT&unit=PAS&tra_meas=PAS_CRD&tra_meas=PAS_CRD_ARR&tra_meas=PAS_CRD_DEP&freq=A&sinceTimePeriod=2015,2026-10-05
MT,PAS_CRD_DEP,SCHED,NAT,2019,0,,2026-10-02T23:00:00+0200,https://ec.europa.eu/eurostat/api/dissemination/statistics/1.0/data/avia_paoc?geo=MT&unit=PAS&tra_meas=PAS_CRD&tra_meas=PAS_CRD_ARR&tra_meas=PAS_CRD_DEP&freq=A&sinceTimePeriod=2015,2026-10-05
MT,PAS_CRD_DEP,SCHED,NAT,2020,0,,2026-10-02T23:00:00+0200,https://ec.europa.eu/eurostat/api/dissemination/statistics/1.0/data/avia_paoc?geo=MT&unit=PAS&tra_meas=PAS_CRD&tra_meas=PAS_CRD_ARR&tra_meas=PAS_CRD_DEP&freq=A&sinceTimePeriod=2015,2026-10-05
MT,PAS_CRD_DEP,SCHED,NAT,2021,0,,2026-10-02T23:00:00+0200,https://ec.europa.eu/eurostat/api/dissemination/statistics/1.0/data/avia_paoc?geo=MT&unit=PAS&tra_meas=PAS_CRD&tra_meas=PAS_CRD_ARR&tra_meas=PAS_CRD_DEP&freq=A&sinceTimePeriod=2015,2026-10-05
MT,PAS_CRD_DEP,SCHED,NAT,2022,0,,2026-10-02T23:00:00+0200,https://ec.europa.eu/eurostat/api/dissemination/statistics/1.0/data/avia_paoc?geo=MT&unit=PAS&tra_meas=PAS_CRD&tra_meas=PAS_CRD_ARR&tra_meas=PAS_CRD_DEP&freq=A&sinceTimePeriod=2015,2026-10-05
MT,PAS_CRD_DEP,SCHED,NAT,2023,0,,2026-10-02T23:00:00+0200,https://ec.europa.eu/eurostat/api/dissemination/statistics/1.0/data/avia_paoc?geo=MT&unit=PAS&tra_meas=PAS_CRD&tra_meas=PAS_CRD_ARR&tra_meas=PAS_CRD_DEP&freq=A&sinceTimePeriod=2015,2026-10-05
MT,PAS_CRD_DEP,SCHED,NAT,2024,0,,2026-10-02T23:00:00+0200,https://ec.europa.eu/eurostat/api/dissemination/statistics/1.0/data/avia_paoc?geo=MT&unit=PAS&tra_meas=PAS_CRD&tra_meas=PAS_CRD_ARR&tra_meas=PAS_CRD_DEP&freq=A&sinceTimePeriod=2015,2026-10-05
MT,PAS_CRD_DEP,SCHED,NAT,2025,0,,2026-10-02T23:00:00+0200,https://ec.europa.eu/eurostat/api/dissemination/statistics/1.0/data/avia_paoc?geo=MT&unit=PAS&tra_meas=PAS_CRD&tra_meas=PAS_CRD_ARR&tra_meas=PAS_CRD_DEP&freq=A&sinceTimePeriod=2015,2026-10-05
MT,PAS_CRD_DEP,SCHED,TOTAL,2015,2166333,,2026-10-02T23:00:00+0200,https://ec.europa.eu/eurostat/api/dissemination/statistics/1.0/data/avia_paoc?geo=MT&unit=PAS&tra_meas=PAS_CRD&tra_meas=PAS_CRD_ARR&tra_meas=PAS_CRD_DEP&freq=A&sinceTimePeriod=2015,2026-10-05
MT,PAS_CRD_DEP,SCHED,TOTAL,2016,2433578,,2026-10-02T23:00:00+0200,https://ec.europa.eu/eurostat/api/dissemination/statistics/1.0/data/avia_paoc?geo=MT&unit=PAS&tra_meas=PAS_CRD&tra_meas=PAS_CRD_ARR&tra_meas=PAS_CRD_DEP&freq=A&sinceTimePeriod=2015,2026-10-05
MT,PAS_CRD_DEP,SCHED,TOTAL,2017,2896943,,2026-10-02T23:00:00+0200,https://ec.europa.eu/eurostat/api/dissemination/statistics/1.0/data/avia_paoc?geo=MT&unit=PAS&tra_meas=PAS_CRD&tra_meas=PAS_CRD_ARR&tra_meas=PAS_CRD_DEP&freq=A&sinceTimePeriod=2015,2026-10-05
MT,PAS_CRD_DEP,SCHED,TOTAL,2018,3294543,,2026-10-02T23:00:00+0200,https://ec.europa.eu/eurostat/api/dissemination/statistics/1.0/data/avia_paoc?geo=MT&unit=PAS&tra_meas=PAS_CRD&tra_meas=PAS_CRD_ARR&tra_meas=PAS_CRD_DEP&freq=A&sinceTimePeriod=2015,2026-10-05
MT,PAS_CRD_DEP,SCHED,TOTAL,2019,3557776,,2026-10-02T23:00:00+0200,https://ec.europa.eu/eurostat/api/dissemination/statistics/1.0/data/avia_paoc?geo=MT&unit=PAS&tra_meas=PAS_CRD&tra_meas=PAS_CRD_ARR&tra_meas=PAS_CRD_DEP&freq=A&sinceTimePeriod=2015,2026-10-05
MT,PAS_CRD_DEP,SCHED,TOTAL,2020,862155,,2026-10-02T23:00:00+0200,https://ec.europa.eu/eurostat/api/dissemination/statistics/1.0/data/avia_paoc?geo=MT&unit=PAS&tra_meas=PAS_CRD&tra_meas=PAS_CRD_ARR&tra_meas=PAS_CRD_DEP&freq=A&sinceTimePeriod=2015,2026-10-05
MT,PAS_CRD_DEP,SCHED,TOTAL,2021,1247161,,2026-10-02T23:00:00+0200,https://ec.europa.eu/eurostat/api/dissemination/statistics/1.0/data/avia_paoc?geo=MT&unit=PAS&tra_meas=PAS_CRD&tra_meas=PAS_CRD_ARR&tra_meas=PAS_CRD_DEP&freq=A&sinceTimePeriod=2015,2026-10-05
MT,PAS_CRD_DEP,SCHED,TOTAL,2022,2852029,,2026-10-02T23:00:00+0200,https://ec.europa.eu/eurostat/api/dissemination/statistics/1.0/data/avia_paoc?geo=MT&unit=PAS&tra_meas=PAS_CRD&tra_meas=PAS_CRD_ARR&tra_meas=PAS_CRD_DEP&freq=A&sinceTimePeriod=2015,2026-10-05
MT,PAS_CRD_DEP,SCHED,TOTAL,2023,3800108,,2026-10-02T23:00:00+0200,https://ec.europa.eu/eurostat/api/dissemination/statistics/1.0/data/avia_paoc?geo=MT&unit=PAS&tra_meas=PAS_CRD&tra_meas=PAS_CRD_ARR&tra_meas=PAS_CRD_DEP&freq=A&sinceTimePeriod=2015,2026-10-05
MT,PAS_CRD_DEP,SCHED,TOTAL,2024,4392628,,2026-10-02T23:00:00+0200,https://ec.europa.eu/eurostat/api/dissemination/statistics/1.0/data/avia_paoc?geo=MT&unit=PAS&tra_meas=PAS_CRD&tra_meas=PAS_CRD_ARR&tra_meas=PAS_CRD_DEP&freq=A&sinceTimePeriod=2015,2026-10-05
MT,PAS_CRD_DEP,SCHED,TOTAL,2025,4919899,,2026-10-02T23:00:00+0200,https://ec.europa.eu/eurostat/api/dissemination/statistics/1.0/data/avia_paoc?geo=MT&unit=PAS&tra_meas=PAS_CRD&tra_meas=PAS_CRD_ARR&tra_meas=PAS_CRD_DEP&freq=A&sinceTimePeriod=2015,2026-10-05
MT,PAS_CRD_DEP,TOTAL,INTL,2015,2308812,,2026-10-02T23:00:00+0200,https://ec.europa.eu/eurostat/api/dissemination/statistics/1.0/data/avia_paoc?geo=MT&unit=PAS&tra_meas=PAS_CRD&tra_meas=PAS_CRD_ARR&tra_meas=PAS_CRD_DEP&freq=A&sinceTimePeriod=2015,2026-10-05
MT,PAS_CRD_DEP,TOTAL,INTL,2016,2538175,,2026-10-02T23:00:00+0200,https://ec.europa.eu/eurostat/api/dissemination/statistics/1.0/data/avia_paoc?geo=MT&unit=PAS&tra_meas=PAS_CRD&tra_meas=PAS_CRD_ARR&tra_meas=PAS_CRD_DEP&freq=A&sinceTimePeriod=2015,2026-10-05
MT,PAS_CRD_DEP,TOTAL,INTL,2017,2999122,,2026-10-02T23:00:00+0200,https://ec.europa.eu/eurostat/api/dissemination/statistics/1.0/data/avia_paoc?geo=MT&unit=PAS&tra_meas=PAS_CRD&tra_meas=PAS_CRD_ARR&tra_meas=PAS_CRD_DEP&freq=A&sinceTimePeriod=2015,2026-10-05
MT,PAS_CRD_DEP,TOTAL,INTL,2018,3401928,,2026-10-02T23:00:00+0200,https://ec.europa.eu/eurostat/api/dissemination/statistics/1.0/data/avia_paoc?geo=MT&unit=PAS&tra_meas=PAS_CRD&tra_meas=PAS_CRD_ARR&tra_meas=PAS_CRD_DEP&freq=A&sinceTimePeriod=2015,2026-10-05
MT,PAS_CRD_DEP,TOTAL,INTL,2019,3655851,,2026-10-02T23:00:00+0200,https://ec.europa.eu/eurostat/api/dissemination/statistics/1.0/data/avia_paoc?geo=MT&unit=PAS&tra_meas=PAS_CRD&tra_meas=PAS_CRD_ARR&tra_meas=PAS_CRD_DEP&freq=A&sinceTimePeriod=2015,2026-10-05
MT,PAS_CRD_DEP,TOTAL,INTL,2020,883730,,2026-10-02T23:00:00+0200,https://ec.europa.eu/eurostat/api/dissemination/statistics/1.0/data/avia_paoc?geo=MT&unit=PAS&tra_meas=PAS_CRD&tra_meas=PAS_CRD_ARR&tra_meas=PAS_CRD_DEP&freq=A&sinceTimePeriod=2015,2026-10-05
MT,PAS_CRD_DEP,TOTAL,INTL,2021,1268306,,2026-10-02T23:00:00+0200,https://ec.europa.eu/eurostat/api/dissemination/statistics/1.0/data/avia_paoc?geo=MT&unit=PAS&tra_meas=PAS_CRD&tra_meas=PAS_CRD_ARR&tra_meas=PAS_CRD_DEP&freq=A&sinceTimePeriod=2015,2026-10-05
MT,PAS_CRD_DEP,TOTAL,INTL,2022,2920388,,2026-10-02T23:00:00+0200,https://ec.europa.eu/eurostat/api/dissemination/statistics/1.0/data/avia_paoc?geo=MT&unit=PAS&tra_meas=PAS_CRD&tra_meas=PAS_CRD_ARR&tra_meas=PAS_CRD_DEP&freq=A&sinceTimePeriod=2015,2026-10-05
MT,PAS_CRD_DEP,TOTAL,INTL,2023,3897342,,2026-10-02T23:00:00+0200,https://ec.europa.eu/eurostat/api/dissemination/statistics/1.0/data/avia_paoc?geo=MT&unit=PAS&tra_meas=PAS_CRD&tra_meas=PAS_CRD_ARR&tra_meas=PAS_CRD_DEP&freq=A&sinceTimePeriod=2015,2026-10-05
MT,PAS_CRD_DEP,TOTAL,INTL,2024,4481366,,2026-10-02T23:00:00+0200,https://ec.europa.eu/eurostat/api/dissemination/statistics/1.0/data/avia_paoc?geo=MT&unit=PAS&tra_meas=PAS_CRD&tra_meas=PAS_CRD_ARR&tra_meas=PAS_CRD_DEP&freq=A&sinceTimePeriod=2015,2026-10-05
MT,PAS_CRD_DEP,TOTAL,INTL,2025,5026188,,2026-10-02T23:00:00+0200,https://ec.europa.eu/eurostat/api/dissemination/statistics/1.0/data/avia_paoc?geo=MT&unit=PAS&tra_meas=PAS_CRD&tra_meas=PAS_CRD_ARR&tra_meas=PAS_CRD_DEP&freq=A&sinceTimePeriod=2015,2026-10-05
MT,PAS_CRD_DEP,TOTAL,INTL_IEU27_2007,2015,2091701,,2026-10-02T23:00:00+0200,https://ec.europa.eu/eurostat/api/dissemination/statistics/1.0/data/avia_paoc?geo=MT&unit=PAS&tra_meas=PAS_CRD&tra_meas=PAS_CRD_ARR&tra_meas=PAS_CRD_DEP&freq=A&sinceTimePeriod=2015,2026-10-05
MT,PAS_CRD_DEP,TOTAL,INTL_IEU27_2007,2016,2320758,,2026-10-02T23:00:00+0200,https://ec.europa.eu/eurostat/api/dissemination/statistics/1.0/data/avia_paoc?geo=MT&unit=PAS&tra_meas=PAS_CRD&tra_meas=PAS_CRD_ARR&tra_meas=PAS_CRD_DEP&freq=A&sinceTimePeriod=2015,2026-10-05
MT,PAS_CRD_DEP,TOTAL,INTL_IEU27_2007,2017,2739987,,2026-10-02T23:00:00+0200,https://ec.europa.eu/eurostat/api/dissemination/statistics/1.0/data/avia_paoc?geo=MT&unit=PAS&tra_meas=PAS_CRD&tra_meas=PAS_CRD_ARR&tra_meas=PAS_CRD_DEP&freq=A&sinceTimePeriod=2015,2026-10-05
MT,PAS_CRD_DEP,TOTAL,INTL_IEU27_2007,2018,3084590,,2026-10-02T23:00:00+0200,https://ec.europa.eu/eurostat/api/dissemination/statistics/1.0/data/avia_paoc?geo=MT&unit=PAS&tra_meas=PAS_CRD&tra_meas=PAS_CRD_ARR&tra_meas=PAS_CRD_DEP&freq=A&sinceTimePeriod=2015,2026-10-05
MT,PAS_CRD_DEP,TOTAL,INTL_IEU27_2007,2019,3268850,,2026-10-02T23:00:00+0200,https://ec.europa.eu/eurostat/api/dissemination/statistics/1.0/data/avia_paoc?geo=MT&unit=PAS&tra_meas=PAS_CRD&tra_meas=PAS_CRD_ARR&tra_meas=PAS_CRD_DEP&freq=A&sinceTimePeriod=2015,2026-10-05
MT,PAS_CRD_DEP,TOTAL,INTL_IEU27_2020,2015,1451569,,2026-10-02T23:00:00+0200,https://ec.europa.eu/eurostat/api/dissemination/statistics/1.0/data/avia_paoc?geo=MT&unit=PAS&tra_meas=PAS_CRD&tra_meas=PAS_CRD_ARR&tra_meas=PAS_CRD_DEP&freq=A&sinceTimePeriod=2015,2026-10-05
MT,PAS_CRD_DEP,TOTAL,INTL_IEU27_2020,2016,1646125,,2026-10-02T23:00:00+0200,https://ec.europa.eu/eurostat/api/dissemination/statistics/1.0/data/avia_paoc?geo=MT&unit=PAS&tra_meas=PAS_CRD&tra_meas=PAS_CRD_ARR&tra_meas=PAS_CRD_DEP&freq=A&sinceTimePeriod=2015,2026-10-05
MT,PAS_CRD_DEP,TOTAL,INTL_IEU27_2020,2017,2004874,,2026-10-02T23:00:00+0200,https://ec.europa.eu/eurostat/api/dissemination/statistics/1.0/data/avia_paoc?geo=MT&unit=PAS&tra_meas=PAS_CRD&tra_meas=PAS_CRD_ARR&tra_meas=PAS_CRD_DEP&freq=A&sinceTimePeriod=2015,2026-10-05
MT,PAS_CRD_DEP,TOTAL,INTL_IEU27_2020,2018,2249478,,2026-10-02T23:00:00+0200,https://ec.europa.eu/eurostat/api/dissemination/statistics/1.0/data/avia_paoc?geo=MT&unit=PAS&tra_meas=PAS_CRD&tra_meas=PAS_CRD_ARR&tra_meas=PAS_CRD_DEP&freq=A&sinceTimePeriod=2015,2026-10-05
MT,PAS_CRD_DEP,TOTAL,INTL_IEU27_2020,2019,2414434,,2026-10-02T23:00:00+0200,https://ec.europa.eu/eurostat/api/dissemination/statistics/1.0/data/avia_paoc?geo=MT&unit=PAS&tra_meas=PAS_CRD&tra_meas=PAS_CRD_ARR&tra_meas=PAS_CRD_DEP&freq=A&sinceTimePeriod=2015,2026-10-05
MT,PAS_CRD_DEP,TOTAL,INTL_IEU27_2020,2020,626521,,2026-10-02T23:00:00+0200,https://ec.europa.eu/eurostat/api/dissemination/statistics/1.0/data/avia_paoc?geo=MT&unit=PAS&tra_meas=PAS_CRD&tra_meas=PAS_CRD_ARR&tra_meas=PAS_CRD_DEP&freq=A&sinceTimePeriod=2015,2026-10-05
MT,PAS_CRD_DEP,TOTAL,INTL_IEU27_2020,2021,932544,,2026-10-02T23:00:00+0200,https://ec.europa.eu/eurostat/api/dissemination/statistics/1.0/data/avia_paoc?geo=MT&unit=PAS&tra_meas=PAS_CRD&tra_meas=PAS_CRD_ARR&tra_meas=PAS_CRD_DEP&freq=A&sinceTimePeriod=2015,2026-10-05
MT,PAS_CRD_DEP,TOTAL,INTL_IEU27_2020,2022,2143127,,2026-10-02T23:00:00+0200,https://ec.europa.eu/eurostat/api/dissemination/statistics/1.0/data/avia_paoc?geo=MT&unit=PAS&tra_meas=PAS_CRD&tra_meas=PAS_CRD_ARR&tra_meas=PAS_CRD_DEP&freq=A&sinceTimePeriod=2015,2026-10-05
MT,PAS_CRD_DEP,TOTAL,INTL_IEU27_2020,2023,2826400,,2026-10-02T23:00:00+0200,https://ec.europa.eu/eurostat/api/dissemination/statistics/1.0/data/avia_paoc?geo=MT&unit=PAS&tra_meas=PAS_CRD&tra_meas=PAS_CRD_ARR&tra_meas=PAS_CRD_DEP&freq=A&sinceTimePeriod=2015,2026-10-05
MT,PAS_CRD_DEP,TOTAL,INTL_IEU27_2020,2024,3226136,,2026-10-02T23:00:00+0200,https://ec.europa.eu/eurostat/api/dissemination/statistics/1.0/data/avia_paoc?geo=MT&unit=PAS&tra_meas=PAS_CRD&tra_meas=PAS_CRD_ARR&tra_meas=PAS_CRD_DEP&freq=A&sinceTimePeriod=2015,2026-10-05
MT,PAS_CRD_DEP,TOTAL,INTL_IEU27_2020,2025,3563603,,2026-10-02T23:00:00+0200,https://ec.europa.eu/eurostat/api/dissemination/statistics/1.0/data/avia_paoc?geo=MT&unit=PAS&tra_meas=PAS_CRD&tra_meas=PAS_CRD_ARR&tra_meas=PAS_CRD_DEP&freq=A&sinceTimePeriod=2015,2026-10-05
MT,PAS_CRD_DEP,TOTAL,INTL_IEU28,2015,2093475,,2026-10-02T23:00:00+0200,https://ec.europa.eu/eurostat/api/dissemination/statistics/1.0/data/avia_paoc?geo=MT&unit=PAS&tra_meas=PAS_CRD&tra_meas=PAS_CRD_ARR&tra_meas=PAS_CRD_DEP&freq=A&sinceTimePeriod=2015,2026-10-05
MT,PAS_CRD_DEP,TOTAL,INTL_IEU28,2016,2322680,,2026-10-02T23:00:00+0200,https://ec.europa.eu/eurostat/api/dissemination/statistics/1.0/data/avia_paoc?geo=MT&unit=PAS&tra_meas=PAS_CRD&tra_meas=PAS_CRD_ARR&tra_meas=PAS_CRD_DEP&freq=A&sinceTimePeriod=2015,2026-10-05
MT,PAS_CRD_DEP,TOTAL,INTL_IEU28,2017,2742120,,2026-10-02T23:00:00+0200,https://ec.europa.eu/eurostat/api/dissemination/statistics/1.0/data/avia_paoc?geo=MT&unit=PAS&tra_meas=PAS_CRD&tra_meas=PAS_CRD_ARR&tra_meas=PAS_CRD_DEP&freq=A&sinceTimePeriod=2015,2026-10-05
MT,PAS_CRD_DEP,TOTAL,INTL_IEU28,2018,3086524,,2026-10-02T23:00:00+0200,https://ec.europa.eu/eurostat/api/dissemination/statistics/1.0/data/avia_paoc?geo=MT&unit=PAS&tra_meas=PAS_CRD&tra_meas=PAS_CRD_ARR&tra_meas=PAS_CRD_DEP&freq=A&sinceTimePeriod=2015,2026-10-05
MT,PAS_CRD_DEP,TOTAL,INTL_IEU28,2019,3270612,,2026-10-02T23:00:00+0200,https://ec.europa.eu/eurostat/api/dissemination/statistics/1.0/data/avia_paoc?geo=MT&unit=PAS&tra_meas=PAS_CRD&tra_meas=PAS_CRD_ARR&tra_meas=PAS_CRD_DEP&freq=A&sinceTimePeriod=2015,2026-10-05
MT,PAS_CRD_DEP,TOTAL,INTL_XEU27_2007,2015,217111,,2026-10-02T23:00:00+0200,https://ec.europa.eu/eurostat/api/dissemination/statistics/1.0/data/avia_paoc?geo=MT&unit=PAS&tra_meas=PAS_CRD&tra_meas=PAS_CRD_ARR&tra_meas=PAS_CRD_DEP&freq=A&sinceTimePeriod=2015,2026-10-05
MT,PAS_CRD_DEP,TOTAL,INTL_XEU27_2007,2016,217417,,2026-10-02T23:00:00+0200,https://ec.europa.eu/eurostat/api/dissemination/statistics/1.0/data/avia_paoc?geo=MT&unit=PAS&tra_meas=PAS_CRD&tra_meas=PAS_CRD_ARR&tra_meas=PAS_CRD_DEP&freq=A&sinceTimePeriod=2015,2026-10-05
MT,PAS_CRD_DEP,TOTAL,INTL_XEU27_2007,2017,259135,,2026-10-02T23:00:00+0200,https://ec.europa.eu/eurostat/api/dissemination/statistics/1.0/data/avia_paoc?geo=MT&unit=PAS&tra_meas=PAS_CRD&tra_meas=PAS_CRD_ARR&tra_meas=PAS_CRD_DEP&freq=A&sinceTimePeriod=2015,2026-10-05
MT,PAS_CRD_DEP,TOTAL,INTL_XEU27_2007,2018,317338,,2026-10-02T23:00:00+0200,https://ec.europa.eu/eurostat/api/dissemination/statistics/1.0/data/avia_paoc?geo=MT&unit=PAS&tra_meas=PAS_CRD&tra_meas=PAS_CRD_ARR&tra_meas=PAS_CRD_DEP&freq=A&sinceTimePeriod=2015,2026-10-05
MT,PAS_CRD_DEP,TOTAL,INTL_XEU27_2007,2019,387001,,2026-10-02T23:00:00+0200,https://ec.europa.eu/eurostat/api/dissemination/statistics/1.0/data/avia_paoc?geo=MT&unit=PAS&tra_meas=PAS_CRD&tra_meas=PAS_CRD_ARR&tra_meas=PAS_CRD_DEP&freq=A&sinceTimePeriod=2015,2026-10-05
MT,PAS_CRD_DEP,TOTAL,INTL_XEU27_2020,2015,857243,,2026-10-02T23:00:00+0200,https://ec.europa.eu/eurostat/api/dissemination/statistics/1.0/data/avia_paoc?geo=MT&unit=PAS&tra_meas=PAS_CRD&tra_meas=PAS_CRD_ARR&tra_meas=PAS_CRD_DEP&freq=A&sinceTimePeriod=2015,2026-10-05
MT,PAS_CRD_DEP,TOTAL,INTL_XEU27_2020,2016,892050,,2026-10-02T23:00:00+0200,https://ec.europa.eu/eurostat/api/dissemination/statistics/1.0/data/avia_paoc?geo=MT&unit=PAS&tra_meas=PAS_CRD&tra_meas=PAS_CRD_ARR&tra_meas=PAS_CRD_DEP&freq=A&sinceTimePeriod=2015,2026-10-05
MT,PAS_CRD_DEP,TOTAL,INTL_XEU27_2020,2017,994248,,2026-10-02T23:00:00+0200,https://ec.europa.eu/eurostat/api/dissemination/statistics/1.0/data/avia_paoc?geo=MT&unit=PAS&tra_meas=PAS_CRD&tra_meas=PAS_CRD_ARR&tra_meas=PAS_CRD_DEP&freq=A&sinceTimePeriod=2015,2026-10-05
MT,PAS_CRD_DEP,TOTAL,INTL_XEU27_2020,2018,1152450,,2026-10-02T23:00:00+0200,https://ec.europa.eu/eurostat/api/dissemination/statistics/1.0/data/avia_paoc?geo=MT&unit=PAS&tra_meas=PAS_CRD&tra_meas=PAS_CRD_ARR&tra_meas=PAS_CRD_DEP&freq=A&sinceTimePeriod=2015,2026-10-05
MT,PAS_CRD_DEP,TOTAL,INTL_XEU27_2020,2019,1241417,,2026-10-02T23:00:00+0200,https://ec.europa.eu/eurostat/api/dissemination/statistics/1.0/data/avia_paoc?geo=MT&unit=PAS&tra_meas=PAS_CRD&tra_meas=PAS_CRD_ARR&tra_meas=PAS_CRD_DEP&freq=A&sinceTimePeriod=2015,2026-10-05
MT,PAS_CRD_DEP,TOTAL,INTL_XEU27_2020,2020,257209,,2026-10-02T23:00:00+0200,https://ec.europa.eu/eurostat/api/dissemination/statistics/1.0/data/avia_paoc?geo=MT&unit=PAS&tra_meas=PAS_CRD&tra_meas=PAS_CRD_ARR&tra_meas=PAS_CRD_DEP&freq=A&sinceTimePeriod=2015,2026-10-05
MT,PAS_CRD_DEP,TOTAL,INTL_XEU27_2020,2021,335762,,2026-10-02T23:00:00+0200,https://ec.europa.eu/eurostat/api/dissemination/statistics/1.0/data/avia_paoc?geo=MT&unit=PAS&tra_meas=PAS_CRD&tra_meas=PAS_CRD_ARR&tra_meas=PAS_CRD_DEP&freq=A&sinceTimePeriod=2015,2026-10-05
MT,PAS_CRD_DEP,TOTAL,INTL_XEU27_2020,2022,777261,,2026-10-02T23:00:00+0200,https://ec.europa.eu/eurostat/api/dissemination/statistics/1.0/data/avia_paoc?geo=MT&unit=PAS&tra_meas=PAS_CRD&tra_meas=PAS_CRD_ARR&tra_meas=PAS_CRD_DEP&freq=A&sinceTimePeriod=2015,2026-10-05
MT,PAS_CRD_DEP,TOTAL,INTL_XEU27_2020,2023,1070942,,2026-10-02T23:00:00+0200,https://ec.europa.eu/eurostat/api/dissemination/statistics/1.0/data/avia_paoc?geo=MT&unit=PAS&tra_meas=PAS_CRD&tra_meas=PAS_CRD_ARR&tra_meas=PAS_CRD_DEP&freq=A&sinceTimePeriod=2015,2026-10-05
MT,PAS_CRD_DEP,TOTAL,INTL_XEU27_2020,2024,1255230,,2026-10-02T23:00:00+0200,https://ec.europa.eu/eurostat/api/dissemination/statistics/1.0/data/avia_paoc?geo=MT&unit=PAS&tra_meas=PAS_CRD&tra_meas=PAS_CRD_ARR&tra_meas=PAS_CRD_DEP&freq=A&sinceTimePeriod=2015,2026-10-05
MT,PAS_CRD_DEP,TOTAL,INTL_XEU27_2020,2025,1462585,,2026-10-02T23:00:00+0200,https://ec.europa.eu/eurostat/api/dissemination/statistics/1.0/data/avia_paoc?geo=MT&unit=PAS&tra_meas=PAS_CRD&tra_meas=PAS_CRD_ARR&tra_meas=PAS_CRD_DEP&freq=A&sinceTimePeriod=2015,2026-10-05
MT,PAS_CRD_DEP,TOTAL,INTL_XEU28,2015,215337,,2026-10-02T23:00:00+0200,https://ec.europa.eu/eurostat/api/dissemination/statistics/1.0/data/avia_paoc?geo=MT&unit=PAS&tra_meas=PAS_CRD&tra_meas=PAS_CRD_ARR&tra_meas=PAS_CRD_DEP&freq=A&sinceTimePeriod=2015,2026-10-05
MT,PAS_CRD_DEP,TOTAL,INTL_XEU28,2016,215495,,2026-10-02T23:00:00+0200,https://ec.europa.eu/eurostat/api/dissemination/statistics/1.0/data/avia_paoc?geo=MT&unit=PAS&tra_meas=PAS_CRD&tra_meas=PAS_CRD_ARR&tra_meas=PAS_CRD_DEP&freq=A&sinceTimePeriod=2015,2026-10-05
MT,PAS_CRD_DEP,TOTAL,INTL_XEU28,2017,257002,,2026-10-02T23:00:00+0200,https://ec.europa.eu/eurostat/api/dissemination/statistics/1.0/data/avia_paoc?geo=MT&unit=PAS&tra_meas=PAS_CRD&tra_meas=PAS_CRD_ARR&tra_meas=PAS_CRD_DEP&freq=A&sinceTimePeriod=2015,2026-10-05
MT,PAS_CRD_DEP,TOTAL,INTL_XEU28,2018,315404,,2026-10-02T23:00:00+0200,https://ec.europa.eu/eurostat/api/dissemination/statistics/1.0/data/avia_paoc?geo=MT&unit=PAS&tra_meas=PAS_CRD&tra_meas=PAS_CRD_ARR&tra_meas=PAS_CRD_DEP&freq=A&sinceTimePeriod=2015,2026-10-05
MT,PAS_CRD_DEP,TOTAL,INTL_XEU28,2019,385239,,2026-10-02T23:00:00+0200,https://ec.europa.eu/eurostat/api/dissemination/statistics/1.0/data/avia_paoc?geo=MT&unit=PAS&tra_meas=PAS_CRD&tra_meas=PAS_CRD_ARR&tra_meas=PAS_CRD_DEP&freq=A&sinceTimePeriod=2015,2026-10-05
MT,PAS_CRD_DEP,TOTAL,NAT,2015,259,,2026-10-02T23:00:00+0200,https://ec.europa.eu/eurostat/api/dissemination/statistics/1.0/data/avia_paoc?geo=MT&unit=PAS&tra_meas=PAS_CRD&tra_meas=PAS_CRD_ARR&tra_meas=PAS_CRD_DEP&freq=A&sinceTimePeriod=2015,2026-10-05
MT,PAS_CRD_DEP,TOTAL,NAT,2016,173,,2026-10-02T23:00:00+0200,https://ec.europa.eu/eurostat/api/dissemination/statistics/1.0/data/avia_paoc?geo=MT&unit=PAS&tra_meas=PAS_CRD&tra_meas=PAS_CRD_ARR&tra_meas=PAS_CRD_DEP&freq=A&sinceTimePeriod=2015,2026-10-05
MT,PAS_CRD_DEP,TOTAL,NAT,2017,7,,2026-10-02T23:00:00+0200,https://ec.europa.eu/eurostat/api/dissemination/statistics/1.0/data/avia_paoc?geo=MT&unit=PAS&tra_meas=PAS_CRD&tra_meas=PAS_CRD_ARR&tra_meas=PAS_CRD_DEP&freq=A&sinceTimePeriod=2015,2026-10-05
MT,PAS_CRD_DEP,TOTAL,NAT,2018,346,,2026-10-02T23:00:00+0200,https://ec.europa.eu/eurostat/api/dissemination/statistics/1.0/data/avia_paoc?geo=MT&unit=PAS&tra_meas=PAS_CRD&tra_meas=PAS_CRD_ARR&tra_meas=PAS_CRD_DEP&freq=A&sinceTimePeriod=2015,2026-10-05
MT,PAS_CRD_DEP,TOTAL,NAT,2019,170,,2026-10-02T23:00:00+0200,https://ec.europa.eu/eurostat/api/dissemination/statistics/1.0/data/avia_paoc?geo=MT&unit=PAS&tra_meas=PAS_CRD&tra_meas=PAS_CRD_ARR&tra_meas=PAS_CRD_DEP&freq=A&sinceTimePeriod=2015,2026-10-05
MT,PAS_CRD_DEP,TOTAL,NAT,2020,0,,2026-10-02T23:00:00+0200,https://ec.europa.eu/eurostat/api/dissemination/statistics/1.0/data/avia_paoc?geo=MT&unit=PAS&tra_meas=PAS_CRD&tra_meas=PAS_CRD_ARR&tra_meas=PAS_CRD_DEP&freq=A&sinceTimePeriod=2015,2026-10-05
MT,PAS_CRD_DEP,TOTAL,NAT,2021,0,,2026-10-02T23:00:00+0200,https://ec.europa.eu/eurostat/api/dissemination/statistics/1.0/data/avia_paoc?geo=MT&unit=PAS&tra_meas=PAS_CRD&tra_meas=PAS_CRD_ARR&tra_meas=PAS_CRD_DEP&freq=A&sinceTimePeriod=2015,2026-10-05
MT,PAS_CRD_DEP,TOTAL,NAT,2022,0,,2026-10-02T23:00:00+0200,https://ec.europa.eu/eurostat/api/dissemination/statistics/1.0/data/avia_paoc?geo=MT&unit=PAS&tra_meas=PAS_CRD&tra_meas=PAS_CRD_ARR&tra_meas=PAS_CRD_DEP&freq=A&sinceTimePeriod=2015,2026-10-05
MT,PAS_CRD_DEP,TOTAL,NAT,2023,0,,2026-10-02T23:00:00+0200,https://ec.europa.eu/eurostat/api/dissemination/statistics/1.0/data/avia_paoc?geo=MT&unit=PAS&tra_meas=PAS_CRD&tra_meas=PAS_CRD_ARR&tra_meas=PAS_CRD_DEP&freq=A&sinceTimePeriod=2015,2026-10-05
MT,PAS_CRD_DEP,TOTAL,NAT,2024,0,,2026-10-02T23:00:00+0200,https://ec.europa.eu/eurostat/api/dissemination/statistics/1.0/data/avia_paoc?geo=MT&unit=PAS&tra_meas=PAS_CRD&tra_meas=PAS_CRD_ARR&tra_meas=PAS_CRD_DEP&freq=A&sinceTimePeriod=2015,2026-10-05
MT,PAS_CRD_DEP,TOTAL,NAT,2025,0,,2026-10-02T23:00:00+0200,https://ec.europa.eu/eurostat/api/dissemination/statistics/1.0/data/avia_paoc?geo=MT&unit=PAS&tra_meas=PAS_CRD&tra_meas=PAS_CRD_ARR&tra_meas=PAS_CRD_DEP&freq=A&sinceTimePeriod=2015,2026-10-05
MT,PAS_CRD_DEP,TOTAL,TOTAL,2015,2309071,,2026-10-02T23:00:00+0200,https://ec.europa.eu/eurostat/api/dissemination/statistics/1.0/data/avia_paoc?geo=MT&unit=PAS&tra_meas=PAS_CRD&tra_meas=PAS_CRD_ARR&tra_meas=PAS_CRD_DEP&freq=A&sinceTimePeriod=2015,2026-10-05
MT,PAS_CRD_DEP,TOTAL,TOTAL,2016,2538348,,2026-10-02T23:00:00+0200,https://ec.europa.eu/eurostat/api/dissemination/statistics/1.0/data/avia_paoc?geo=MT&unit=PAS&tra_meas=PAS_CRD&tra_meas=PAS_CRD_ARR&tra_meas=PAS_CRD_DEP&freq=A&sinceTimePeriod=2015,2026-10-05
MT,PAS_CRD_DEP,TOTAL,TOTAL,2017,2999129,,2026-10-02T23:00:00+0200,https://ec.europa.eu/eurostat/api/dissemination/statistics/1.0/data/avia_paoc?geo=MT&unit=PAS&tra_meas=PAS_CRD&tra_meas=PAS_CRD_ARR&tra_meas=PAS_CRD_DEP&freq=A&sinceTimePeriod=2015,2026-10-05
MT,PAS_CRD_DEP,TOTAL,TOTAL,2018,3402274,,2026-10-02T23:00:00+0200,https://ec.europa.eu/eurostat/api/dissemination/statistics/1.0/data/avia_paoc?geo=MT&unit=PAS&tra_meas=PAS_CRD&tra_meas=PAS_CRD_ARR&tra_meas=PAS_CRD_DEP&freq=A&sinceTimePeriod=2015,2026-10-05
MT,PAS_CRD_DEP,TOTAL,TOTAL,2019,3656021,,2026-10-02T23:00:00+0200,https://ec.europa.eu/eurostat/api/dissemination/statistics/1.0/data/avia_paoc?geo=MT&unit=PAS&tra_meas=PAS_CRD&tra_meas=PAS_CRD_ARR&tra_meas=PAS_CRD_DEP&freq=A&sinceTimePeriod=2015,2026-10-05
MT,PAS_CRD_DEP,TOTAL,TOTAL,2020,883730,,2026-10-02T23:00:00+0200,https://ec.europa.eu/eurostat/api/dissemination/statistics/1.0/data/avia_paoc?geo=MT&unit=PAS&tra_meas=PAS_CRD&tra_meas=PAS_CRD_ARR&tra_meas=PAS_CRD_DEP&freq=A&sinceTimePeriod=2015,2026-10-05
MT,PAS_CRD_DEP,TOTAL,TOTAL,2021,1268306,,2026-10-02T23:00:00+0200,https://ec.europa.eu/eurostat/api/dissemination/statistics/1.0/data/avia_paoc?geo=MT&unit=PAS&tra_meas=PAS_CRD&tra_meas=PAS_CRD_ARR&tra_meas=PAS_CRD_DEP&freq=A&sinceTimePeriod=2015,2026-10-05
MT,PAS_CRD_DEP,TOTAL,TOTAL,2022,2920388,,2026-10-02T23:00:00+0200,https://ec.europa.eu/eurostat/api/dissemination/statistics/1.0/data/avia_paoc?geo=MT&unit=PAS&tra_meas=PAS_CRD&tra_meas=PAS_CRD_ARR&tra_meas=PAS_CRD_DEP&freq=A&sinceTimePeriod=2015,2026-10-05
MT,PAS_CRD_DEP,TOTAL,TOTAL,2023,3897342,,2026-10-02T23:00:00+0200,https://ec.europa.eu/eurostat/api/dissemination/statistics/1.0/data/avia_paoc?geo=MT&unit=PAS&tra_meas=PAS_CRD&tra_meas=PAS_CRD_ARR&tra_meas=PAS_CRD_DEP&freq=A&sinceTimePeriod=2015,2026-10-05
MT,PAS_CRD_DEP,TOTAL,TOTAL,2024,4481366,,2026-10-02T23:00:00+0200,https://ec.europa.eu/eurostat/api/dissemination/statistics/1.0/data/avia_paoc?geo=MT&unit=PAS&tra_meas=PAS_CRD&tra_meas=PAS_CRD_ARR&tra_meas=PAS_CRD_DEP&freq=A&sinceTimePeriod=2015,2026-10-05
MT,PAS_CRD_DEP,TOTAL,TOTAL,2025,5026188,,2026-10-02T23:00:00+0200,https://ec.europa.eu/eurostat/api/dissemination/statistics/1.0/data/avia_paoc?geo=MT&unit=PAS&tra_meas=PAS_CRD&tra_meas=PAS_CRD_ARR&tra_meas=PAS_CRD_DEP&freq=A&sinceTimePeriod=2015,2026-10-05
MT,PAS_CRD_DEP,UNK,INTL,2023,0,,2026-10-02T23:00:00+0200,https://ec.europa.eu/eurostat/api/dissemination/statistics/1.0/data/avia_paoc?geo=MT&unit=PAS&tra_meas=PAS_CRD&tra_meas=PAS_CRD_ARR&tra_meas=PAS_CRD_DEP&freq=A&sinceTimePeriod=2015,2026-10-05
MT,PAS_CRD_DEP,UNK,INTL,2024,0,,2026-10-02T23:00:00+0200,https://ec.europa.eu/eurostat/api/dissemination/statistics/1.0/data/avia_paoc?geo=MT&unit=PAS&tra_meas=PAS_CRD&tra_meas=PAS_CRD_ARR&tra_meas=PAS_CRD_DEP&freq=A&sinceTimePeriod=2015,2026-10-05
MT,PAS_CRD_DEP,UNK,INTL,2025,0,,2026-10-02T23:00:00+0200,https://ec.europa.eu/eurostat/api/dissemination/statistics/1.0/data/avia_paoc?geo=MT&unit=PAS&tra_meas=PAS_CRD&tra_meas=PAS_CRD_ARR&tra_meas=PAS_CRD_DEP&freq=A&sinceTimePeriod=2015,2026-10-05
MT,PAS_CRD_DEP,UNK,INTL_IEU27_2020,2023,0,,2026-10-02T23:00:00+0200,https://ec.europa.eu/eurostat/api/dissemination/statistics/1.0/data/avia_paoc?geo=MT&unit=PAS&tra_meas=PAS_CRD&tra_meas=PAS_CRD_ARR&tra_meas=PAS_CRD_DEP&freq=A&sinceTimePeriod=2015,2026-10-05
MT,PAS_CRD_DEP,UNK,INTL_IEU27_2020,2024,0,,2026-10-02T23:00:00+0200,https://ec.europa.eu/eurostat/api/dissemination/statistics/1.0/data/avia_paoc?geo=MT&unit=PAS&tra_meas=PAS_CRD&tra_meas=PAS_CRD_ARR&tra_meas=PAS_CRD_DEP&freq=A&sinceTimePeriod=2015,2026-10-05
MT,PAS_CRD_DEP,UNK,INTL_IEU27_2020,2025,0,,2026-10-02T23:00:00+0200,https://ec.europa.eu/eurostat/api/dissemination/statistics/1.0/data/avia_paoc?geo=MT&unit=PAS&tra_meas=PAS_CRD&tra_meas=PAS_CRD_ARR&tra_meas=PAS_CRD_DEP&freq=A&sinceTimePeriod=2015,2026-10-05
MT,PAS_CRD_DEP,UNK,INTL_XEU27_2020,2023,0,,2026-10-02T23:00:00+0200,https://ec.europa.eu/eurostat/api/dissemination/statistics/1.0/data/avia_paoc?geo=MT&unit=PAS&tra_meas=PAS_CRD&tra_meas=PAS_CRD_ARR&tra_meas=PAS_CRD_DEP&freq=A&sinceTimePeriod=2015,2026-10-05
MT,PAS_CRD_DEP,UNK,INTL_XEU27_2020,2024,0,,2026-10-02T23:00:00+0200,https://ec.europa.eu/eurostat/api/dissemination/statistics/1.0/data/avia_paoc?geo=MT&unit=PAS&tra_meas=PAS_CRD&tra_meas=PAS_CRD_ARR&tra_meas=PAS_CRD_DEP&freq=A&sinceTimePeriod=2015,2026-10-05
MT,PAS_CRD_DEP,UNK,INTL_XEU27_2020,2025,0,,2026-10-02T23:00:00+0200,https://ec.europa.eu/eurostat/api/dissemination/statistics/1.0/data/avia_paoc?geo=MT&unit=PAS&tra_meas=PAS_CRD&tra_meas=PAS_CRD_ARR&tra_meas=PAS_CRD_DEP&freq=A&sinceTimePeriod=2015,2026-10-05
MT,PAS_CRD_DEP,UNK,NAT,2023,0,,2026-10-02T23:00:00+0200,https://ec.europa.eu/eurostat/api/dissemination/statistics/1.0/data/avia_paoc?geo=MT&unit=PAS&tra_meas=PAS_CRD&tra_meas=PAS_CRD_ARR&tra_meas=PAS_CRD_DEP&freq=A&sinceTimePeriod=2015,2026-10-05
MT,PAS_CRD_DEP,UNK,NAT,2024,0,,2026-10-02T23:00:00+0200,https://ec.europa.eu/eurostat/api/dissemination/statistics/1.0/data/avia_paoc?geo=MT&unit=PAS&tra_meas=PAS_CRD&tra_meas=PAS_CRD_ARR&tra_meas=PAS_CRD_DEP&freq=A&sinceTimePeriod=2015,2026-10-05
MT,PAS_CRD_DEP,UNK,NAT,2025,0,,2026-10-02T23:00:00+0200,https://ec.europa.eu/eurostat/api/dissemination/statistics/1.0/data/avia_paoc?geo=MT&unit=PAS&tra_meas=PAS_CRD&tra_meas=PAS_CRD_ARR&tra_meas=PAS_CRD_DEP&freq=A&sinceTimePeriod=2015,2026-10-05
MT,PAS_CRD_DEP,UNK,TOTAL,2023,0,,2026-10-02T23:00:00+0200,https://ec.europa.eu/eurostat/api/dissemination/statistics/1.0/data/avia_paoc?geo=MT&unit=PAS&tra_meas=PAS_CRD&tra_meas=PAS_CRD_ARR&tra_meas=PAS_CRD_DEP&freq=A&sinceTimePeriod=2015,2026-10-05
MT,PAS_CRD_DEP,UNK,TOTAL,2024,0,,2026-10-02T23:00:00+0200,https://ec.europa.eu/eurostat/api/dissemination/statistics/1.0/data/avia_paoc?geo=MT&unit=PAS&tra_meas=PAS_CRD&tra_meas=PAS_CRD_ARR&tra_meas=PAS_CRD_DEP&freq=A&sinceTimePeriod=2015,2026-10-05
MT,PAS_CRD_DEP,UNK,TOTAL,2025,0,,2026-10-02T23:00:00+0200,https://ec.europa.eu/eurostat/api/dissemination/statistics/1.0/data/avia_paoc?geo=MT&unit=PAS&tra_meas=PAS_CRD&tra_meas=PAS_CRD_ARR&tra_meas=PAS_CRD_DEP&freq=A&sinceTimePeriod=2015,2026-10-05
