Country Or Territory,NUTS Code,NUTS Name,Degree Of Urbanisation,Year,Air Pollutant,Data Aggregation Id,Scenario,Category,Outcome,Health Indicator,Sex,Description Of Age Group,Population,Affected Population,Area [km2],Air Pollution Average [ug/m3],Air Pollution Population Weighted Average [ug/m3],Value,Value - lower CI,Value - upper CI,Value for 100k Of Affected Population,Value for 100k Of Affected Population - lower CI,Value for 100k Of Affected Population - upper CI,source,retrieved,download_sha256
Albania,AL,Albania,All Areas (incl.unclassified),2005,PM2.5,P1Y,Baseline from WHO 2021 AQG,Mortality,All causes,Attributable deaths (AD),Total,>= 30 years of age,3038058,1488950,28724.8,18.6,26.6,6269,4846,6948,421.0,325.5,466.7,https://discomap.eea.europa.eu/App/AQViewer/index.html?fqn=Airquality_Dissem.ebd.countries_and_nuts,2026-10-06,88f9445e23b99f58079048967003353e91b5ff9150c52e8924256eb35e52d21d
Albania,AL,Albania,All Areas (incl.unclassified),2007,PM2.5,P1Y,Baseline from WHO 2021 AQG,Mortality,All causes,Attributable deaths (AD),Total,>= 30 years of age,3005811,1519447,28724.8,18.6,22.0,4844,3726,5383,318.9,245.3,354.3,https://discomap.eea.europa.eu/App/AQViewer/index.html?fqn=Airquality_Dissem.ebd.countries_and_nuts,2026-10-06,88f9445e23b99f58079048967003353e91b5ff9150c52e8924256eb35e52d21d
Albania,AL,Albania,All Areas (incl.unclassified),2008,PM2.5,P1Y,Baseline from WHO 2021 AQG,Mortality,All causes,Attributable deaths (AD),Total,>= 30 years of age,2985497,1534130,28724.8,15.0,20.0,4280,3287,4759,279.0,214.3,310.2,https://discomap.eea.europa.eu/App/AQViewer/index.html?fqn=Airquality_Dissem.ebd.countries_and_nuts,2026-10-06,88f9445e23b99f58079048967003353e91b5ff9150c52e8924256eb35e52d21d
Albania,AL,Albania,All Areas (incl.unclassified),2009,PM2.5,P1Y,Baseline from WHO 2021 AQG,Mortality,All causes,Attributable deaths (AD),Total,>= 30 years of age,2966603,1551522,28724.8,14.5,22.9,5099,3929,5660,328.7,253.2,364.9,https://discomap.eea.europa.eu/App/AQViewer/index.html?fqn=Airquality_Dissem.ebd.countries_and_nuts,2026-10-06,88f9445e23b99f58079048967003353e91b5ff9150c52e8924256eb35e52d21d
Albania,AL,Albania,All Areas (incl.unclassified),2010,PM2.5,P1Y,Baseline from WHO 2021 AQG,Mortality,All causes,Attributable deaths (AD),Total,>= 30 years of age,2951933,1571821,28724.8,12.5,26.9,6031,4673,6678,383.7,297.3,424.9,https://discomap.eea.europa.eu/App/AQViewer/index.html?fqn=Airquality_Dissem.ebd.countries_and_nuts,2026-10-06,88f9445e23b99f58079048967003353e91b5ff9150c52e8924256eb35e52d21d
Albania,AL,Albania,All Areas (incl.unclassified),2011,PM2.5,P1Y,Baseline from WHO 2021 AQG,Mortality,All causes,Attributable deaths (AD),Total,>= 30 years of age,2937054,1587969,28724.8,14.3,24.9,5572,4302,6180,350.9,270.9,389.2,https://discomap.eea.europa.eu/App/AQViewer/index.html?fqn=Airquality_Dissem.ebd.countries_and_nuts,2026-10-06,88f9445e23b99f58079048967003353e91b5ff9150c52e8924256eb35e52d21d
Albania,AL,Albania,All Areas (incl.unclassified),2012,PM2.5,P1Y,Baseline from WHO 2021 AQG,Mortality,All causes,Attributable deaths (AD),Total,>= 30 years of age,2935661,1611983,28724.8,14.1,22.2,4873,3752,5413,302.4,232.8,335.8,https://discomap.eea.europa.eu/App/AQViewer/index.html?fqn=Airquality_Dissem.ebd.countries_and_nuts,2026-10-06,88f9445e23b99f58079048967003353e91b5ff9150c52e8924256eb35e52d21d
Albania,AL,Albania,All Areas (incl.unclassified),2013,PM2.5,P1Y,Baseline from WHO 2021 AQG,Mortality,All causes,Attributable deaths (AD),Total,>= 30 years of age,2933154,1632654,28724.8,12.5,20.0,4233,3252,4705,259.3,199.2,288.2,https://discomap.eea.europa.eu/App/AQViewer/index.html?fqn=Airquality_Dissem.ebd.countries_and_nuts,2026-10-06,88f9445e23b99f58079048967003353e91b5ff9150c52e8924256eb35e52d21d
Albania,AL,Albania,All Areas (incl.unclassified),2014,PM2.5,P1Y,Baseline from WHO 2021 AQG,Mortality,All causes,Attributable deaths (AD),Total,>= 30 years of age,2930832,1655887,28724.8,13.4,16.5,3328,2547,3707,201.0,153.9,223.9,https://discomap.eea.europa.eu/App/AQViewer/index.html?fqn=Airquality_Dissem.ebd.countries_and_nuts,2026-10-06,88f9445e23b99f58079048967003353e91b5ff9150c52e8924256eb35e52d21d
Albania,AL,Albania,All Areas (incl.unclassified),2015,PM2.5,P1Y,Baseline from WHO 2021 AQG,Mortality,All causes,Attributable deaths (AD),Total,>= 30 years of age,2927319,1679036,28724.8,12.6,21.1,4692,3608,5213,279.5,214.9,310.5,https://discomap.eea.europa.eu/App/AQViewer/index.html?fqn=Airquality_Dissem.ebd.countries_and_nuts,2026-10-06,88f9445e23b99f58079048967003353e91b5ff9150c52e8924256eb35e52d21d
Albania,AL,Albania,All Areas (incl.unclassified),2016,PM2.5,P1Y,Baseline from WHO 2021 AQG,Mortality,All causes,Attributable deaths (AD),Total,>= 30 years of age,2920238,1698444,28724.8,12.8,23.7,5254,4054,5829,309.4,238.7,343.2,https://discomap.eea.europa.eu/App/AQViewer/index.html?fqn=Airquality_Dissem.ebd.countries_and_nuts,2026-10-06,88f9445e23b99f58079048967003353e91b5ff9150c52e8924256eb35e52d21d
Albania,AL,Albania,All Areas (incl.unclassified),2017,PM2.5,P1Y,Baseline from WHO 2021 AQG,Mortality,All causes,Attributable deaths (AD),Total,>= 30 years of age,2923972,1724633,28724.8,11.5,23.7,5433,4194,6026,315.0,243.2,349.4,https://discomap.eea.europa.eu/App/AQViewer/index.html?fqn=Airquality_Dissem.ebd.countries_and_nuts,2026-10-06,88f9445e23b99f58079048967003353e91b5ff9150c52e8924256eb35e52d21d
Albania,AL,Albania,All Areas (incl.unclassified),2018,PM2.5,P1Y,Baseline from WHO 2021 AQG,Mortality,All causes,Attributable deaths (AD),Total,>= 30 years of age,2920383,1747711,28724.8,12.0,22.4,5001,3855,5550,286.1,220.6,317.6,https://discomap.eea.europa.eu/App/AQViewer/index.html?fqn=Airquality_Dissem.ebd.countries_and_nuts,2026-10-06,88f9445e23b99f58079048967003353e91b5ff9150c52e8924256eb35e52d21d
Albania,AL,Albania,All Areas (incl.unclassified),2019,PM2.5,P1Y,Baseline from WHO 2021 AQG,Mortality,All causes,Attributable deaths (AD),Total,>= 30 years of age,2915046,1772215,28724.8,11.3,18.1,3840,2946,4272,216.7,166.3,241.1,https://discomap.eea.europa.eu/App/AQViewer/index.html?fqn=Airquality_Dissem.ebd.countries_and_nuts,2026-10-06,88f9445e23b99f58079048967003353e91b5ff9150c52e8924256eb35e52d21d
Albania,AL,Albania,All Areas (incl.unclassified),2020,PM2.5,P1Y,Baseline from WHO 2021 AQG,Mortality,All causes,Attributable deaths (AD),Total,>= 30 years of age,2900829,1794712,28724.8,10.2,16.1,3792,2902,4223,211.3,161.7,235.3,https://discomap.eea.europa.eu/App/AQViewer/index.html?fqn=Airquality_Dissem.ebd.countries_and_nuts,2026-10-06,88f9445e23b99f58079048967003353e91b5ff9150c52e8924256eb35e52d21d
Albania,AL,Albania,All Areas (incl.unclassified),2021,PM2.5,P1Y,Baseline from WHO 2021 AQG,Mortality,All causes,Attributable deaths (AD),Total,>= 30 years of age,2873140,1789891,28724.8,10.3,17.1,4840,3708,5388,270.4,207.2,301.0,https://discomap.eea.europa.eu/App/AQViewer/index.html?fqn=Airquality_Dissem.ebd.countries_and_nuts,2026-10-06,88f9445e23b99f58079048967003353e91b5ff9150c52e8924256eb35e52d21d
Albania,AL,Albania,All Areas (incl.unclassified),2022,PM2.5,P1Y,Baseline from WHO 2021 AQG,Mortality,All causes,Attributable deaths (AD),Total,>= 30 years of age,2793449,1722063,28724.8,9.5,16.4,3647,2793,4061,211.8,162.2,235.9,https://discomap.eea.europa.eu/App/AQViewer/index.html?fqn=Airquality_Dissem.ebd.countries_and_nuts,2026-10-06,88f9445e23b99f58079048967003353e91b5ff9150c52e8924256eb35e52d21d
Albania,AL,Albania,All Areas (incl.unclassified),2023,PM2.5,P1Y,Baseline from WHO 2021 AQG,Mortality,All causes,Attributable deaths (AD),Total,>= 30 years of age,2810532,1810972,28724.8,10.4,17.4,3551,2722,3952,196.1,150.3,218.3,https://discomap.eea.europa.eu/App/AQViewer/index.html?fqn=Airquality_Dissem.ebd.countries_and_nuts,2026-10-06,88f9445e23b99f58079048967003353e91b5ff9150c52e8924256eb35e52d21d
Andorra,AD,Andorra,All Areas (incl.unclassified),2005,PM2.5,P1Y,Baseline from WHO 2021 AQG,Mortality,All causes,Attributable deaths (AD),Total,>= 30 years of age,76871,50545,465.9,7.2,12.1,32,24,35,63.4,48.4,70.7,https://discomap.eea.europa.eu/App/AQViewer/index.html?fqn=Airquality_Dissem.ebd.countries_and_nuts,2026-10-06,88f9445e23b99f58079048967003353e91b5ff9150c52e8924256eb35e52d21d
Andorra,AD,Andorra,All Areas (incl.unclassified),2007,PM2.5,P1Y,Baseline from WHO 2021 AQG,Mortality,All causes,Attributable deaths (AD),Total,>= 30 years of age,81217,53385,465.9,8.1,13.2,37,28,42,70.8,54.1,79.0,https://discomap.eea.europa.eu/App/AQViewer/index.html?fqn=Airquality_Dissem.ebd.countries_and_nuts,2026-10-06,88f9445e23b99f58079048967003353e91b5ff9150c52e8924256eb35e52d21d
Andorra,AD,Andorra,All Areas (incl.unclassified),2008,PM2.5,P1Y,Baseline from WHO 2021 AQG,Mortality,All causes,Attributable deaths (AD),Total,>= 30 years of age,83131,55235,465.9,7.0,11.2,30,22,33,54.6,41.6,60.9,https://discomap.eea.europa.eu/App/AQViewer/index.html?fqn=Airquality_Dissem.ebd.countries_and_nuts,2026-10-06,88f9445e23b99f58079048967003353e91b5ff9150c52e8924256eb35e52d21d
Andorra,AD,Andorra,All Areas (incl.unclassified),2009,PM2.5,P1Y,Baseline from WHO 2021 AQG,Mortality,All causes,Attributable deaths (AD),Total,>= 30 years of age,84480,56793,465.9,6.0,11.8,33,25,37,58.8,44.9,65.6,https://discomap.eea.europa.eu/App/AQViewer/index.html?fqn=Airquality_Dissem.ebd.countries_and_nuts,2026-10-06,88f9445e23b99f58079048967003353e91b5ff9150c52e8924256eb35e52d21d
Andorra,AD,Andorra,All Areas (incl.unclassified),2010,PM2.5,P1Y,Baseline from WHO 2021 AQG,Mortality,All causes,Attributable deaths (AD),Total,>= 30 years of age,84078,57386,465.9,4.9,11.5,32,25,36,57.2,43.6,63.8,https://discomap.eea.europa.eu/App/AQViewer/index.html?fqn=Airquality_Dissem.ebd.countries_and_nuts,2026-10-06,88f9445e23b99f58079048967003353e91b5ff9150c52e8924256eb35e52d21d
Andorra,AD,Andorra,All Areas (incl.unclassified),2011,PM2.5,P1Y,Baseline from WHO 2021 AQG,Mortality,All causes,Attributable deaths (AD),Total,>= 30 years of age,78110,53053,465.9,5.8,13.1,36,27,40,68.6,52.4,76.4,https://discomap.eea.europa.eu/App/AQViewer/index.html?fqn=Airquality_Dissem.ebd.countries_and_nuts,2026-10-06,88f9445e23b99f58079048967003353e91b5ff9150c52e8924256eb35e52d21d
Andorra,AD,Andorra,All Areas (incl.unclassified),2012,PM2.5,P1Y,Baseline from WHO 2021 AQG,Mortality,All causes,Attributable deaths (AD),Total,>= 30 years of age,78111,53054,465.9,8.0,14.9,45,35,51,86.6,66.2,96.4,https://discomap.eea.europa.eu/App/AQViewer/index.html?fqn=Airquality_Dissem.ebd.countries_and_nuts,2026-10-06,88f9445e23b99f58079048967003353e91b5ff9150c52e8924256eb35e52d21d
Andorra,AD,Andorra,All Areas (incl.unclassified),2013,PM2.5,P1Y,Baseline from WHO 2021 AQG,Mortality,All causes,Attributable deaths (AD),Total,>= 30 years of age,76240,52030,465.9,6.3,10.5,25,19,28,49.0,37.3,54.7,https://discomap.eea.europa.eu/App/AQViewer/index.html?fqn=Airquality_Dissem.ebd.countries_and_nuts,2026-10-06,88f9445e23b99f58079048967003353e91b5ff9150c52e8924256eb35e52d21d
Andorra,AD,Andorra,All Areas (incl.unclassified),2014,PM2.5,P1Y,Baseline from WHO 2021 AQG,Mortality,All causes,Attributable deaths (AD),Total,>= 30 years of age,74735,47428,465.9,5.1,8.8,17,13,19,36.1,27.5,40.3,https://discomap.eea.europa.eu/App/AQViewer/index.html?fqn=Airquality_Dissem.ebd.countries_and_nuts,2026-10-06,88f9445e23b99f58079048967003353e91b5ff9150c52e8924256eb35e52d21d
Andorra,AD,Andorra,All Areas (incl.unclassified),2015,PM2.5,P1Y,Baseline from WHO 2021 AQG,Mortality,All causes,Attributable deaths (AD),Total,>= 30 years of age,73230,46592,465.9,5.2,11.2,28,21,31,60.8,46.4,67.8,https://discomap.eea.europa.eu/App/AQViewer/index.html?fqn=Airquality_Dissem.ebd.countries_and_nuts,2026-10-06,88f9445e23b99f58079048967003353e91b5ff9150c52e8924256eb35e52d21d
Andorra,AD,Andorra,All Areas (incl.unclassified),2016,PM2.5,P1Y,Baseline from WHO 2021 AQG,Mortality,All causes,Attributable deaths (AD),Total,>= 30 years of age,71729,45789,465.9,5.2,10.5,24,18,27,54.2,41.3,60.5,https://discomap.eea.europa.eu/App/AQViewer/index.html?fqn=Airquality_Dissem.ebd.countries_and_nuts,2026-10-06,88f9445e23b99f58079048967003353e91b5ff9150c52e8924256eb35e52d21d
Andorra,AD,Andorra,All Areas (incl.unclassified),2017,PM2.5,P1Y,Baseline from WHO 2021 AQG,Mortality,All causes,Attributable deaths (AD),Total,>= 30 years of age,73257,46954,465.9,6.7,11.4,29,22,32,62.6,47.7,69.9,https://discomap.eea.europa.eu/App/AQViewer/index.html?fqn=Airquality_Dissem.ebd.countries_and_nuts,2026-10-06,88f9445e23b99f58079048967003353e91b5ff9150c52e8924256eb35e52d21d
Andorra,AD,Andorra,All Areas (incl.unclassified),2018,PM2.5,P1Y,Baseline from WHO 2021 AQG,Mortality,All causes,Attributable deaths (AD),Total,>= 30 years of age,74790,48081,465.9,3.8,7.3,12,9,13,25.6,19.4,28.6,https://discomap.eea.europa.eu/App/AQViewer/index.html?fqn=Airquality_Dissem.ebd.countries_and_nuts,2026-10-06,88f9445e23b99f58079048967003353e91b5ff9150c52e8924256eb35e52d21d
Andorra,AD,Andorra,All Areas (incl.unclassified),2019,PM2.5,P1Y,Baseline from WHO 2021 AQG,Mortality,All causes,Attributable deaths (AD),Total,>= 30 years of age,76174,52953,465.9,4.3,9.4,22,16,24,41.7,31.7,46.5,https://discomap.eea.europa.eu/App/AQViewer/index.html?fqn=Airquality_Dissem.ebd.countries_and_nuts,2026-10-06,88f9445e23b99f58079048967003353e91b5ff9150c52e8924256eb35e52d21d
Andorra,AD,Andorra,All Areas (incl.unclassified),2020,PM2.5,P1Y,Baseline from WHO 2021 AQG,Mortality,All causes,Attributable deaths (AD),Total,>= 30 years of age,77540,50194,465.9,2.7,7.0,14,10,16,28.6,21.7,32.0,https://discomap.eea.europa.eu/App/AQViewer/index.html?fqn=Airquality_Dissem.ebd.countries_and_nuts,2026-10-06,88f9445e23b99f58079048967003353e91b5ff9150c52e8924256eb35e52d21d
Andorra,AD,Andorra,All Areas (incl.unclassified),2021,PM2.5,P1Y,Baseline from WHO 2021 AQG,Mortality,All causes,Attributable deaths (AD),Total,>= 30 years of age,78534,50984,465.9,3.7,7.4,14,11,16,28.4,21.6,31.8,https://discomap.eea.europa.eu/App/AQViewer/index.html?fqn=Airquality_Dissem.ebd.countries_and_nuts,2026-10-06,88f9445e23b99f58079048967003353e91b5ff9150c52e8924256eb35e52d21d
Andorra,AD,Andorra,All Areas (incl.unclassified),2022,PM2.5,P1Y,Baseline from WHO 2021 AQG,Mortality,All causes,Attributable deaths (AD),Total,>= 30 years of age,79531,51765,465.9,4.0,7.3,13,10,15,26.2,19.9,29.3,https://discomap.eea.europa.eu/App/AQViewer/index.html?fqn=Airquality_Dissem.ebd.countries_and_nuts,2026-10-06,88f9445e23b99f58079048967003353e91b5ff9150c52e8924256eb35e52d21d
Andorra,AD,Andorra,All Areas (incl.unclassified),2023,PM2.5,P1Y,Baseline from WHO 2021 AQG,Mortality,All causes,Attributable deaths (AD),Total,>= 30 years of age,81583,53237,465.9,3.4,5.9,6,4,7,11.8,8.9,13.2,https://discomap.eea.europa.eu/App/AQViewer/index.html?fqn=Airquality_Dissem.ebd.countries_and_nuts,2026-10-06,88f9445e23b99f58079048967003353e91b5ff9150c52e8924256eb35e52d21d
Austria,AT,Austria,All Areas (incl.unclassified),2005,PM2.5,P1Y,Baseline from WHO 2021 AQG,Mortality,All causes,Attributable deaths (AD),Total,>= 30 years of age,8201190,5359044,83903.8,13.1,18.8,7014,5383,7802,130.9,100.5,145.6,https://discomap.eea.europa.eu/App/AQViewer/index.html?fqn=Airquality_Dissem.ebd.countries_and_nuts,2026-10-06,88f9445e23b99f58079048967003353e91b5ff9150c52e8924256eb35e52d21d
Austria,AT,Austria,All Areas (incl.unclassified),2007,PM2.5,P1Y,Baseline from WHO 2021 AQG,Mortality,All causes,Attributable deaths (AD),Total,>= 30 years of age,8282806,5442737,83903.8,11.8,15.3,5305,4057,5911,97.5,74.5,108.6,https://discomap.eea.europa.eu/App/AQViewer/index.html?fqn=Airquality_Dissem.ebd.countries_and_nuts,2026-10-06,88f9445e23b99f58079048967003353e91b5ff9150c52e8924256eb35e52d21d
Austria,AT,Austria,All Areas (incl.unclassified),2008,PM2.5,P1Y,Baseline from WHO 2021 AQG,Mortality,All causes,Attributable deaths (AD),Total,>= 30 years of age,8307813,5471140,83903.8,12.1,16.3,5797,4437,6456,106.0,81.1,118.0,https://discomap.eea.europa.eu/App/AQViewer/index.html?fqn=Airquality_Dissem.ebd.countries_and_nuts,2026-10-06,88f9445e23b99f58079048967003353e91b5ff9150c52e8924256eb35e52d21d
Austria,AT,Austria,All Areas (incl.unclassified),2009,PM2.5,P1Y,Baseline from WHO 2021 AQG,Mortality,All causes,Attributable deaths (AD),Total,>= 30 years of age,8334815,5501978,83903.8,11.2,15.8,5744,4395,6398,104.4,79.9,116.3,https://discomap.eea.europa.eu/App/AQViewer/index.html?fqn=Airquality_Dissem.ebd.countries_and_nuts,2026-10-06,88f9445e23b99f58079048967003353e91b5ff9150c52e8924256eb35e52d21d
Austria,AT,Austria,All Areas (incl.unclassified),2010,PM2.5,P1Y,Baseline from WHO 2021 AQG,Mortality,All causes,Attributable deaths (AD),Total,>= 30 years of age,8351470,5529660,83903.8,12.6,17.6,6634,5085,7383,120.0,92.0,133.5,https://discomap.eea.europa.eu/App/AQViewer/index.html?fqn=Airquality_Dissem.ebd.countries_and_nuts,2026-10-06,88f9445e23b99f58079048967003353e91b5ff9150c52e8924256eb35e52d21d
Austria,AT,Austria,All Areas (incl.unclassified),2011,PM2.5,P1Y,Baseline from WHO 2021 AQG,Mortality,All causes,Attributable deaths (AD),Total,>= 30 years of age,8374997,5567321,83903.8,12.3,17.7,6589,5053,7332,118.4,90.8,131.7,https://discomap.eea.europa.eu/App/AQViewer/index.html?fqn=Airquality_Dissem.ebd.countries_and_nuts,2026-10-06,88f9445e23b99f58079048967003353e91b5ff9150c52e8924256eb35e52d21d
Austria,AT,Austria,All Areas (incl.unclassified),2012,PM2.5,P1Y,Baseline from WHO 2021 AQG,Mortality,All causes,Attributable deaths (AD),Total,>= 30 years of age,8407938,5613080,83903.8,10.3,14.7,5293,4047,5898,94.3,72.1,105.1,https://discomap.eea.europa.eu/App/AQViewer/index.html?fqn=Airquality_Dissem.ebd.countries_and_nuts,2026-10-06,88f9445e23b99f58079048967003353e91b5ff9150c52e8924256eb35e52d21d
Austria,AT,Austria,All Areas (incl.unclassified),2013,PM2.5,P1Y,Baseline from WHO 2021 AQG,Mortality,All causes,Attributable deaths (AD),Total,>= 30 years of age,8451680,5660616,83903.8,11.4,15.5,5767,4412,6424,101.9,78.0,113.5,https://discomap.eea.europa.eu/App/AQViewer/index.html?fqn=Airquality_Dissem.ebd.countries_and_nuts,2026-10-06,88f9445e23b99f58079048967003353e91b5ff9150c52e8924256eb35e52d21d
Austria,AT,Austria,All Areas (incl.unclassified),2014,PM2.5,P1Y,Baseline from WHO 2021 AQG,Mortality,All causes,Attributable deaths (AD),Total,>= 30 years of age,8507607,5714531,83903.8,9.2,12.7,4207,3211,4692,73.6,56.2,82.1,https://discomap.eea.europa.eu/App/AQViewer/index.html?fqn=Airquality_Dissem.ebd.countries_and_nuts,2026-10-06,88f9445e23b99f58079048967003353e91b5ff9150c52e8924256eb35e52d21d
Austria,AT,Austria,All Areas (incl.unclassified),2015,PM2.5,P1Y,Baseline from WHO 2021 AQG,Mortality,All causes,Attributable deaths (AD),Total,>= 30 years of age,8584756,5778734,83903.8,9.0,13.3,4826,3685,5382,83.5,63.8,93.1,https://discomap.eea.europa.eu/App/AQViewer/index.html?fqn=Airquality_Dissem.ebd.countries_and_nuts,2026-10-06,88f9445e23b99f58079048967003353e91b5ff9150c52e8924256eb35e52d21d
Austria,AT,Austria,All Areas (incl.unclassified),2016,PM2.5,P1Y,Baseline from WHO 2021 AQG,Mortality,All causes,Attributable deaths (AD),Total,>= 30 years of age,8700291,5846205,83903.8,8.1,11.9,3911,2982,4364,66.9,51.0,74.7,https://discomap.eea.europa.eu/App/AQViewer/index.html?fqn=Airquality_Dissem.ebd.countries_and_nuts,2026-10-06,88f9445e23b99f58079048967003353e91b5ff9150c52e8924256eb35e52d21d
Austria,AT,Austria,All Areas (incl.unclassified),2017,PM2.5,P1Y,Baseline from WHO 2021 AQG,Mortality,All causes,Attributable deaths (AD),Total,>= 30 years of age,8772691,5903511,83903.8,8.3,12.2,4184,3191,4667,70.9,54.1,79.1,https://discomap.eea.europa.eu/App/AQViewer/index.html?fqn=Airquality_Dissem.ebd.countries_and_nuts,2026-10-06,88f9445e23b99f58079048967003353e91b5ff9150c52e8924256eb35e52d21d
Austria,AT,Austria,All Areas (incl.unclassified),2018,PM2.5,P1Y,Baseline from WHO 2021 AQG,Mortality,All causes,Attributable deaths (AD),Total,>= 30 years of age,8822094,5955490,83903.8,9.3,13.5,4981,3804,5553,83.6,63.9,93.3,https://discomap.eea.europa.eu/App/AQViewer/index.html?fqn=Airquality_Dissem.ebd.countries_and_nuts,2026-10-06,88f9445e23b99f58079048967003353e91b5ff9150c52e8924256eb35e52d21d
Austria,AT,Austria,All Areas (incl.unclassified),2019,PM2.5,P1Y,Baseline from WHO 2021 AQG,Mortality,All causes,Attributable deaths (AD),Total,>= 30 years of age,8858606,6006493,83903.8,7.5,11.3,3694,2816,4122,61.5,46.9,68.6,https://discomap.eea.europa.eu/App/AQViewer/index.html?fqn=Airquality_Dissem.ebd.countries_and_nuts,2026-10-06,88f9445e23b99f58079048967003353e91b5ff9150c52e8924256eb35e52d21d
Austria,AT,Austria,All Areas (incl.unclassified),2020,PM2.5,P1Y,Baseline from WHO 2021 AQG,Mortality,All causes,Attributable deaths (AD),Total,>= 30 years of age,8900876,6060848,83903.8,6.6,9.8,3152,2399,3520,52.0,39.6,58.1,https://discomap.eea.europa.eu/App/AQViewer/index.html?fqn=Airquality_Dissem.ebd.countries_and_nuts,2026-10-06,88f9445e23b99f58079048967003353e91b5ff9150c52e8924256eb35e52d21d
Austria,AT,Austria,All Areas (incl.unclassified),2021,PM2.5,P1Y,Baseline from WHO 2021 AQG,Mortality,All causes,Attributable deaths (AD),Total,>= 30 years of age,8932490,6109612,83903.8,6.6,9.9,3185,2424,3557,52.1,39.7,58.2,https://discomap.eea.europa.eu/App/AQViewer/index.html?fqn=Airquality_Dissem.ebd.countries_and_nuts,2026-10-06,88f9445e23b99f58079048967003353e91b5ff9150c52e8924256eb35e52d21d
Austria,AT,Austria,All Areas (incl.unclassified),2022,PM2.5,P1Y,Baseline from WHO 2021 AQG,Mortality,All causes,Attributable deaths (AD),Total,>= 30 years of age,8978755,6158872,83903.8,7.1,10.1,3332,2537,3722,54.1,41.2,60.4,https://discomap.eea.europa.eu/App/AQViewer/index.html?fqn=Airquality_Dissem.ebd.countries_and_nuts,2026-10-06,88f9445e23b99f58079048967003353e91b5ff9150c52e8924256eb35e52d21d
Austria,AT,Austria,All Areas (incl.unclassified),2023,PM2.5,P1Y,Baseline from WHO 2021 AQG,Mortality,All causes,Attributable deaths (AD),Total,>= 30 years of age,9104598,6247989,83903.8,6.6,9.1,2608,1984,2914,41.8,31.8,46.7,https://discomap.eea.europa.eu/App/AQViewer/index.html?fqn=Airquality_Dissem.ebd.countries_and_nuts,2026-10-06,88f9445e23b99f58079048967003353e91b5ff9150c52e8924256eb35e52d21d
Belgium,BE,Belgium,All Areas (incl.unclassified),2005,PM2.5,P1Y,Baseline from WHO 2021 AQG,Mortality,All causes,Attributable deaths (AD),Total,>= 30 years of age,10438876,6729786,30646.4,16.6,18.4,9325,7149,10378,138.6,106.2,154.2,https://discomap.eea.europa.eu/App/AQViewer/index.html?fqn=Airquality_Dissem.ebd.countries_and_nuts,2026-10-06,88f9445e23b99f58079048967003353e91b5ff9150c52e8924256eb35e52d21d
Belgium,BE,Belgium,All Areas (incl.unclassified),2007,PM2.5,P1Y,Baseline from WHO 2021 AQG,Mortality,All causes,Attributable deaths (AD),Total,>= 30 years of age,10577510,6823378,30646.4,13.3,15.4,7132,5453,7948,104.5,79.9,116.5,https://discomap.eea.europa.eu/App/AQViewer/index.html?fqn=Airquality_Dissem.ebd.countries_and_nuts,2026-10-06,88f9445e23b99f58079048967003353e91b5ff9150c52e8924256eb35e52d21d
Belgium,BE,Belgium,All Areas (incl.unclassified),2008,PM2.5,P1Y,Baseline from WHO 2021 AQG,Mortality,All causes,Attributable deaths (AD),Total,>= 30 years of age,10659812,6882833,30646.4,15.3,17.1,8580,6570,9554,124.7,95.5,138.8,https://discomap.eea.europa.eu/App/AQViewer/index.html?fqn=Airquality_Dissem.ebd.countries_and_nuts,2026-10-06,88f9445e23b99f58079048967003353e91b5ff9150c52e8924256eb35e52d21d
Belgium,BE,Belgium,All Areas (incl.unclassified),2009,PM2.5,P1Y,Baseline from WHO 2021 AQG,Mortality,All causes,Attributable deaths (AD),Total,>= 30 years of age,10745984,6937850,30646.4,16.6,18.5,9471,7261,10539,136.5,104.7,151.9,https://discomap.eea.europa.eu/App/AQViewer/index.html?fqn=Airquality_Dissem.ebd.countries_and_nuts,2026-10-06,88f9445e23b99f58079048967003353e91b5ff9150c52e8924256eb35e52d21d
Belgium,BE,Belgium,All Areas (incl.unclassified),2010,PM2.5,P1Y,Baseline from WHO 2021 AQG,Mortality,All causes,Attributable deaths (AD),Total,>= 30 years of age,10832788,7000013,30646.4,16.9,18.8,9772,7494,10874,139.6,107.1,155.3,https://discomap.eea.europa.eu/App/AQViewer/index.html?fqn=Airquality_Dissem.ebd.countries_and_nuts,2026-10-06,88f9445e23b99f58079048967003353e91b5ff9150c52e8924256eb35e52d21d
Belgium,BE,Belgium,All Areas (incl.unclassified),2011,PM2.5,P1Y,Baseline from WHO 2021 AQG,Mortality,All causes,Attributable deaths (AD),Total,>= 30 years of age,10993440,7095210,30646.4,15.4,17.8,9002,6898,10022,126.9,97.2,141.3,https://discomap.eea.europa.eu/App/AQViewer/index.html?fqn=Airquality_Dissem.ebd.countries_and_nuts,2026-10-06,88f9445e23b99f58079048967003353e91b5ff9150c52e8924256eb35e52d21d
Belgium,BE,Belgium,All Areas (incl.unclassified),2012,PM2.5,P1Y,Baseline from WHO 2021 AQG,Mortality,All causes,Attributable deaths (AD),Total,>= 30 years of age,11068682,7151658,30646.4,13.5,15.8,8056,6162,8976,112.7,86.2,125.5,https://discomap.eea.europa.eu/App/AQViewer/index.html?fqn=Airquality_Dissem.ebd.countries_and_nuts,2026-10-06,88f9445e23b99f58079048967003353e91b5ff9150c52e8924256eb35e52d21d
Belgium,BE,Belgium,All Areas (incl.unclassified),2013,PM2.5,P1Y,Baseline from WHO 2021 AQG,Mortality,All causes,Attributable deaths (AD),Total,>= 30 years of age,11130756,7199000,30646.4,14.6,16.6,8621,6599,9603,119.8,91.7,133.4,https://discomap.eea.europa.eu/App/AQViewer/index.html?fqn=Airquality_Dissem.ebd.countries_and_nuts,2026-10-06,88f9445e23b99f58079048967003353e91b5ff9150c52e8924256eb35e52d21d
Belgium,BE,Belgium,All Areas (incl.unclassified),2014,PM2.5,P1Y,Baseline from WHO 2021 AQG,Mortality,All causes,Attributable deaths (AD),Total,>= 30 years of age,11173612,7235690,30646.4,11.6,13.6,6191,4726,6904,85.6,65.3,95.4,https://discomap.eea.europa.eu/App/AQViewer/index.html?fqn=Airquality_Dissem.ebd.countries_and_nuts,2026-10-06,88f9445e23b99f58079048967003353e91b5ff9150c52e8924256eb35e52d21d
Belgium,BE,Belgium,All Areas (incl.unclassified),2015,PM2.5,P1Y,Baseline from WHO 2021 AQG,Mortality,All causes,Attributable deaths (AD),Total,>= 30 years of age,11230028,7281791,30646.4,11.3,13.1,6175,4711,6889,84.8,64.7,94.6,https://discomap.eea.europa.eu/App/AQViewer/index.html?fqn=Airquality_Dissem.ebd.countries_and_nuts,2026-10-06,88f9445e23b99f58079048967003353e91b5ff9150c52e8924256eb35e52d21d
Belgium,BE,Belgium,All Areas (incl.unclassified),2016,PM2.5,P1Y,Baseline from WHO 2021 AQG,Mortality,All causes,Attributable deaths (AD),Total,>= 30 years of age,11303883,7327367,30646.4,10.8,12.7,5737,4375,6400,78.3,59.7,87.4,https://discomap.eea.europa.eu/App/AQViewer/index.html?fqn=Airquality_Dissem.ebd.countries_and_nuts,2026-10-06,88f9445e23b99f58079048967003353e91b5ff9150c52e8924256eb35e52d21d
Belgium,BE,Belgium,All Areas (incl.unclassified),2017,PM2.5,P1Y,Baseline from WHO 2021 AQG,Mortality,All causes,Attributable deaths (AD),Total,>= 30 years of age,11344525,7366612,30646.4,10.6,12.4,5649,4308,6303,76.7,58.5,85.6,https://discomap.eea.europa.eu/App/AQViewer/index.html?fqn=Airquality_Dissem.ebd.countries_and_nuts,2026-10-06,88f9445e23b99f58079048967003353e91b5ff9150c52e8924256eb35e52d21d
Belgium,BE,Belgium,All Areas (incl.unclassified),2018,PM2.5,P1Y,Baseline from WHO 2021 AQG,Mortality,All causes,Attributable deaths (AD),Total,>= 30 years of age,11391411,7411422,30646.4,11.0,12.7,5887,4491,6568,79.4,60.6,88.6,https://discomap.eea.europa.eu/App/AQViewer/index.html?fqn=Airquality_Dissem.ebd.countries_and_nuts,2026-10-06,88f9445e23b99f58079048967003353e91b5ff9150c52e8924256eb35e52d21d
Belgium,BE,Belgium,All Areas (incl.unclassified),2019,PM2.5,P1Y,Baseline from WHO 2021 AQG,Mortality,All causes,Attributable deaths (AD),Total,>= 30 years of age,11448357,7462915,30646.4,9.5,11.0,4514,3438,5040,60.5,46.1,67.5,https://discomap.eea.europa.eu/App/AQViewer/index.html?fqn=Airquality_Dissem.ebd.countries_and_nuts,2026-10-06,88f9445e23b99f58079048967003353e91b5ff9150c52e8924256eb35e52d21d
Belgium,BE,Belgium,All Areas (incl.unclassified),2020,PM2.5,P1Y,Baseline from WHO 2021 AQG,Mortality,All causes,Attributable deaths (AD),Total,>= 30 years of age,11515284,7522456,30646.4,7.9,9.3,3901,2966,4358,51.9,39.4,57.9,https://discomap.eea.europa.eu/App/AQViewer/index.html?fqn=Airquality_Dissem.ebd.countries_and_nuts,2026-10-06,88f9445e23b99f58079048967003353e91b5ff9150c52e8924256eb35e52d21d
Belgium,BE,Belgium,All Areas (incl.unclassified),2021,PM2.5,P1Y,Baseline from WHO 2021 AQG,Mortality,All causes,Attributable deaths (AD),Total,>= 30 years of age,11547584,7563687,30646.4,9.2,10.7,4454,3391,4974,58.9,44.8,65.8,https://discomap.eea.europa.eu/App/AQViewer/index.html?fqn=Airquality_Dissem.ebd.countries_and_nuts,2026-10-06,88f9445e23b99f58079048967003353e91b5ff9150c52e8924256eb35e52d21d
Belgium,BE,Belgium,All Areas (incl.unclassified),2022,PM2.5,P1Y,Baseline from WHO 2021 AQG,Mortality,All causes,Attributable deaths (AD),Total,>= 30 years of age,11610418,7620400,30646.4,8.6,10.1,4105,3124,4585,53.9,41.0,60.2,https://discomap.eea.europa.eu/App/AQViewer/index.html?fqn=Airquality_Dissem.ebd.countries_and_nuts,2026-10-06,88f9445e23b99f58079048967003353e91b5ff9150c52e8924256eb35e52d21d
Belgium,BE,Belgium,All Areas (incl.unclassified),2023,PM2.5,P1Y,Baseline from WHO 2021 AQG,Mortality,All causes,Attributable deaths (AD),Total,>= 30 years of age,11735506,7706766,30646.4,7.7,8.8,2940,2235,3286,38.2,29.0,42.6,https://discomap.eea.europa.eu/App/AQViewer/index.html?fqn=Airquality_Dissem.ebd.countries_and_nuts,2026-10-06,88f9445e23b99f58079048967003353e91b5ff9150c52e8924256eb35e52d21d
Bosnia and Herzegovina,BA,Bosnia and Herzegovina,All Areas (incl.unclassified),2005,PM2.5,P1Y,Baseline from WHO 2021 AQG,Mortality,All causes,Attributable deaths (AD),Total,>= 30 years of age,3842527,2460067,51211.3,17.8,25.3,7509,5804,8324,305.3,236.0,338.4,https://discomap.eea.europa.eu/App/AQViewer/index.html?fqn=Airquality_Dissem.ebd.countries_and_nuts,2026-10-06,88f9445e23b99f58079048967003353e91b5ff9150c52e8924256eb35e52d21d
Bosnia and Herzegovina,BA,Bosnia and Herzegovina,All Areas (incl.unclassified),2007,PM2.5,P1Y,Baseline from WHO 2021 AQG,Mortality,All causes,Attributable deaths (AD),Total,>= 30 years of age,3844012,2482048,51211.3,18.8,22.0,6227,4790,6919,250.9,193.0,278.8,https://discomap.eea.europa.eu/App/AQViewer/index.html?fqn=Airquality_Dissem.ebd.countries_and_nuts,2026-10-06,88f9445e23b99f58079048967003353e91b5ff9150c52e8924256eb35e52d21d
Bosnia and Herzegovina,BA,Bosnia and Herzegovina,All Areas (incl.unclassified),2008,PM2.5,P1Y,Baseline from WHO 2021 AQG,Mortality,All causes,Attributable deaths (AD),Total,>= 30 years of age,3843839,2494804,51211.3,14.6,20.2,5631,4327,6260,225.7,173.5,250.9,https://discomap.eea.europa.eu/App/AQViewer/index.html?fqn=Airquality_Dissem.ebd.countries_and_nuts,2026-10-06,88f9445e23b99f58079048967003353e91b5ff9150c52e8924256eb35e52d21d
Bosnia and Herzegovina,BA,Bosnia and Herzegovina,All Areas (incl.unclassified),2009,PM2.5,P1Y,Baseline from WHO 2021 AQG,Mortality,All causes,Attributable deaths (AD),Total,>= 30 years of age,3843991,2507428,51211.3,13.4,22.9,6640,5122,7367,264.8,204.3,293.8,https://discomap.eea.europa.eu/App/AQViewer/index.html?fqn=Airquality_Dissem.ebd.countries_and_nuts,2026-10-06,88f9445e23b99f58079048967003353e91b5ff9150c52e8924256eb35e52d21d
Bosnia and Herzegovina,BA,Bosnia and Herzegovina,All Areas (incl.unclassified),2010,PM2.5,P1Y,Baseline from WHO 2021 AQG,Mortality,All causes,Attributable deaths (AD),Total,>= 30 years of age,3844040,2518438,51211.3,12.5,22.0,6311,4862,7006,250.6,193.1,278.2,https://discomap.eea.europa.eu/App/AQViewer/index.html?fqn=Airquality_Dissem.ebd.countries_and_nuts,2026-10-06,88f9445e23b99f58079048967003353e91b5ff9150c52e8924256eb35e52d21d
Bosnia and Herzegovina,BA,Bosnia and Herzegovina,All Areas (incl.unclassified),2011,PM2.5,P1Y,Baseline from WHO 2021 AQG,Mortality,All causes,Attributable deaths (AD),Total,>= 30 years of age,3843176,2571721,51211.3,14.3,23.4,6868,5297,7621,267.1,206.0,296.4,https://discomap.eea.europa.eu/App/AQViewer/index.html?fqn=Airquality_Dissem.ebd.countries_and_nuts,2026-10-06,88f9445e23b99f58079048967003353e91b5ff9150c52e8924256eb35e52d21d
Bosnia and Herzegovina,BA,Bosnia and Herzegovina,All Areas (incl.unclassified),2012,PM2.5,P1Y,Baseline from WHO 2021 AQG,Mortality,All causes,Attributable deaths (AD),Total,>= 30 years of age,3839258,2579798,51211.3,13.1,18.5,5127,3934,5703,198.8,152.5,221.1,https://discomap.eea.europa.eu/App/AQViewer/index.html?fqn=Airquality_Dissem.ebd.countries_and_nuts,2026-10-06,88f9445e23b99f58079048967003353e91b5ff9150c52e8924256eb35e52d21d
Bosnia and Herzegovina,BA,Bosnia and Herzegovina,All Areas (incl.unclassified),2013,PM2.5,P1Y,Baseline from WHO 2021 AQG,Mortality,All causes,Attributable deaths (AD),Total,>= 30 years of age,3835637,2588066,51211.3,11.5,15.6,4002,3061,4458,154.6,118.3,172.3,https://discomap.eea.europa.eu/App/AQViewer/index.html?fqn=Airquality_Dissem.ebd.countries_and_nuts,2026-10-06,88f9445e23b99f58079048967003353e91b5ff9150c52e8924256eb35e52d21d
Bosnia and Herzegovina,BA,Bosnia and Herzegovina,All Areas (incl.unclassified),2014,PM2.5,P1Y,Baseline from WHO 2021 AQG,Mortality,All causes,Attributable deaths (AD),Total,>= 30 years of age,3830903,2597735,51211.3,12.4,15.1,3899,2982,4345,150.1,114.8,167.3,https://discomap.eea.europa.eu/App/AQViewer/index.html?fqn=Airquality_Dissem.ebd.countries_and_nuts,2026-10-06,88f9445e23b99f58079048967003353e91b5ff9150c52e8924256eb35e52d21d
Bosnia and Herzegovina,BA,Bosnia and Herzegovina,All Areas (incl.unclassified),2015,PM2.5,P1Y,Baseline from WHO 2021 AQG,Mortality,All causes,Attributable deaths (AD),Total,>= 30 years of age,3825328,2605700,51211.3,10.8,17.9,5048,3874,5615,193.7,148.7,215.5,https://discomap.eea.europa.eu/App/AQViewer/index.html?fqn=Airquality_Dissem.ebd.countries_and_nuts,2026-10-06,88f9445e23b99f58079048967003353e91b5ff9150c52e8924256eb35e52d21d
Bosnia and Herzegovina,BA,Bosnia and Herzegovina,All Areas (incl.unclassified),2016,PM2.5,P1Y,Baseline from WHO 2021 AQG,Mortality,All causes,Attributable deaths (AD),Total,>= 30 years of age,3515974,2403812,51211.3,12.2,25.8,6999,5427,7746,291.2,225.8,322.3,https://discomap.eea.europa.eu/App/AQViewer/index.html?fqn=Airquality_Dissem.ebd.countries_and_nuts,2026-10-06,88f9445e23b99f58079048967003353e91b5ff9150c52e8924256eb35e52d21d
Bosnia and Herzegovina,BA,Bosnia and Herzegovina,All Areas (incl.unclassified),2017,PM2.5,P1Y,Baseline from WHO 2021 AQG,Mortality,All causes,Attributable deaths (AD),Total,>= 30 years of age,3509722,2408071,51211.3,11.7,21.6,5888,4544,6532,244.5,188.7,271.3,https://discomap.eea.europa.eu/App/AQViewer/index.html?fqn=Airquality_Dissem.ebd.countries_and_nuts,2026-10-06,88f9445e23b99f58079048967003353e91b5ff9150c52e8924256eb35e52d21d
Bosnia and Herzegovina,BA,Bosnia and Herzegovina,All Areas (incl.unclassified),2018,PM2.5,P1Y,Baseline from WHO 2021 AQG,Mortality,All causes,Attributable deaths (AD),Total,>= 30 years of age,3500291,2409823,51211.3,11.8,25.1,6864,5320,7599,284.9,220.8,315.3,https://discomap.eea.europa.eu/App/AQViewer/index.html?fqn=Airquality_Dissem.ebd.countries_and_nuts,2026-10-06,88f9445e23b99f58079048967003353e91b5ff9150c52e8924256eb35e52d21d
Bosnia and Herzegovina,BA,Bosnia and Herzegovina,All Areas (incl.unclassified),2019,PM2.5,P1Y,Baseline from WHO 2021 AQG,Mortality,All causes,Attributable deaths (AD),Total,>= 30 years of age,3492011,2412472,51211.3,10.5,20.7,5483,4227,6086,227.3,175.2,252.3,https://discomap.eea.europa.eu/App/AQViewer/index.html?fqn=Airquality_Dissem.ebd.countries_and_nuts,2026-10-06,88f9445e23b99f58079048967003353e91b5ff9150c52e8924256eb35e52d21d
Bosnia and Herzegovina,BA,Bosnia and Herzegovina,All Areas (incl.unclassified),2020,PM2.5,P1Y,Baseline from WHO 2021 AQG,Mortality,All causes,Attributable deaths (AD),Total,>= 30 years of age,3482801,2411820,51211.3,12.9,24.7,7920,6127,8776,328.4,254.0,363.9,https://discomap.eea.europa.eu/App/AQViewer/index.html?fqn=Airquality_Dissem.ebd.countries_and_nuts,2026-10-06,88f9445e23b99f58079048967003353e91b5ff9150c52e8924256eb35e52d21d
Bosnia and Herzegovina,BA,Bosnia and Herzegovina,All Areas (incl.unclassified),2021,PM2.5,P1Y,Baseline from WHO 2021 AQG,Mortality,All causes,Attributable deaths (AD),Total,>= 30 years of age,3473590,2409444,51211.3,12.7,21.3,7851,6046,8718,325.9,251.0,361.9,https://discomap.eea.europa.eu/App/AQViewer/index.html?fqn=Airquality_Dissem.ebd.countries_and_nuts,2026-10-06,88f9445e23b99f58079048967003353e91b5ff9150c52e8924256eb35e52d21d
Bosnia and Herzegovina,BA,Bosnia and Herzegovina,All Areas (incl.unclassified),2022,PM2.5,P1Y,Baseline from WHO 2021 AQG,Mortality,All causes,Attributable deaths (AD),Total,>= 30 years of age,3464376,2403974,51211.3,11.0,20.6,6038,4651,6704,251.2,193.5,278.9,https://discomap.eea.europa.eu/App/AQViewer/index.html?fqn=Airquality_Dissem.ebd.countries_and_nuts,2026-10-06,88f9445e23b99f58079048967003353e91b5ff9150c52e8924256eb35e52d21d
Bosnia and Herzegovina,BA,Bosnia and Herzegovina,All Areas (incl.unclassified),2023,PM2.5,P1Y,Baseline from WHO 2021 AQG,Mortality,All causes,Attributable deaths (AD),Total,>= 30 years of age,3441187,2403349,51211.3,11.8,18.6,4783,3675,5318,199.0,152.9,221.3,https://discomap.eea.europa.eu/App/AQViewer/index.html?fqn=Airquality_Dissem.ebd.countries_and_nuts,2026-10-06,88f9445e23b99f58079048967003353e91b5ff9150c52e8924256eb35e52d21d
Bulgaria,BG,Bulgaria,All Areas (incl.unclassified),2005,PM2.5,P1Y,Baseline from WHO 2021 AQG,Mortality,All causes,Attributable deaths (AD),Total,>= 30 years of age,7687995,5038748,110833.3,18.8,29.4,18328,14229,20272,363.7,282.4,402.3,https://discomap.eea.europa.eu/App/AQViewer/index.html?fqn=Airquality_Dissem.ebd.countries_and_nuts,2026-10-06,88f9445e23b99f58079048967003353e91b5ff9150c52e8924256eb35e52d21d
Bulgaria,BG,Bulgaria,All Areas (incl.unclassified),2007,PM2.5,P1Y,Baseline from WHO 2021 AQG,Mortality,All causes,Attributable deaths (AD),Total,>= 30 years of age,7572111,5045094,110833.3,15.2,26.1,16105,12454,17848,319.2,246.9,353.8,https://discomap.eea.europa.eu/App/AQViewer/index.html?fqn=Airquality_Dissem.ebd.countries_and_nuts,2026-10-06,88f9445e23b99f58079048967003353e91b5ff9150c52e8924256eb35e52d21d
Bulgaria,BG,Bulgaria,All Areas (incl.unclassified),2008,PM2.5,P1Y,Baseline from WHO 2021 AQG,Mortality,All causes,Attributable deaths (AD),Total,>= 30 years of age,7517445,5045845,110833.3,14.2,28.8,17459,13545,19318,346.0,268.4,382.9,https://discomap.eea.europa.eu/App/AQViewer/index.html?fqn=Airquality_Dissem.ebd.countries_and_nuts,2026-10-06,88f9445e23b99f58079048967003353e91b5ff9150c52e8924256eb35e52d21d
Bulgaria,BG,Bulgaria,All Areas (incl.unclassified),2009,PM2.5,P1Y,Baseline from WHO 2021 AQG,Mortality,All causes,Attributable deaths (AD),Total,>= 30 years of age,7466561,5042998,110833.3,15.7,25.8,15200,11752,16847,301.4,233.0,334.1,https://discomap.eea.europa.eu/App/AQViewer/index.html?fqn=Airquality_Dissem.ebd.countries_and_nuts,2026-10-06,88f9445e23b99f58079048967003353e91b5ff9150c52e8924256eb35e52d21d
Bulgaria,BG,Bulgaria,All Areas (incl.unclassified),2010,PM2.5,P1Y,Baseline from WHO 2021 AQG,Mortality,All causes,Attributable deaths (AD),Total,>= 30 years of age,7421213,5042089,110833.3,13.6,24.6,14699,11351,16301,291.5,225.1,323.3,https://discomap.eea.europa.eu/App/AQViewer/index.html?fqn=Airquality_Dissem.ebd.countries_and_nuts,2026-10-06,88f9445e23b99f58079048967003353e91b5ff9150c52e8924256eb35e52d21d
Bulgaria,BG,Bulgaria,All Areas (incl.unclassified),2011,PM2.5,P1Y,Baseline from WHO 2021 AQG,Mortality,All causes,Attributable deaths (AD),Total,>= 30 years of age,7368885,5032665,110833.3,14.9,30.5,18333,14248,20268,364.3,283.1,402.7,https://discomap.eea.europa.eu/App/AQViewer/index.html?fqn=Airquality_Dissem.ebd.countries_and_nuts,2026-10-06,88f9445e23b99f58079048967003353e91b5ff9150c52e8924256eb35e52d21d
Bulgaria,BG,Bulgaria,All Areas (incl.unclassified),2012,PM2.5,P1Y,Baseline from WHO 2021 AQG,Mortality,All causes,Attributable deaths (AD),Total,>= 30 years of age,7326670,5022407,110833.3,14.1,25.0,14873,11493,16489,296.1,228.9,328.3,https://discomap.eea.europa.eu/App/AQViewer/index.html?fqn=Airquality_Dissem.ebd.countries_and_nuts,2026-10-06,88f9445e23b99f58079048967003353e91b5ff9150c52e8924256eb35e52d21d
Bulgaria,BG,Bulgaria,All Areas (incl.unclassified),2013,PM2.5,P1Y,Baseline from WHO 2021 AQG,Mortality,All causes,Attributable deaths (AD),Total,>= 30 years of age,7202010,4967835,110833.3,13.8,22.7,12700,9792,14095,255.7,197.1,283.7,https://discomap.eea.europa.eu/App/AQViewer/index.html?fqn=Airquality_Dissem.ebd.countries_and_nuts,2026-10-06,88f9445e23b99f58079048967003353e91b5ff9150c52e8924256eb35e52d21d
Bulgaria,BG,Bulgaria,All Areas (incl.unclassified),2014,PM2.5,P1Y,Baseline from WHO 2021 AQG,Mortality,All causes,Attributable deaths (AD),Total,>= 30 years of age,7116927,4948328,110833.3,12.6,22.5,13100,10101,14539,264.8,204.1,293.8,https://discomap.eea.europa.eu/App/AQViewer/index.html?fqn=Airquality_Dissem.ebd.countries_and_nuts,2026-10-06,88f9445e23b99f58079048967003353e91b5ff9150c52e8924256eb35e52d21d
Bulgaria,BG,Bulgaria,All Areas (incl.unclassified),2015,PM2.5,P1Y,Baseline from WHO 2021 AQG,Mortality,All causes,Attributable deaths (AD),Total,>= 30 years of age,7029156,4924573,110833.3,13.1,23.2,13730,10598,15230,278.8,215.2,309.3,https://discomap.eea.europa.eu/App/AQViewer/index.html?fqn=Airquality_Dissem.ebd.countries_and_nuts,2026-10-06,88f9445e23b99f58079048967003353e91b5ff9150c52e8924256eb35e52d21d
Bulgaria,BG,Bulgaria,All Areas (incl.unclassified),2016,PM2.5,P1Y,Baseline from WHO 2021 AQG,Mortality,All causes,Attributable deaths (AD),Total,>= 30 years of age,6938334,4894909,110857.5,11.0,21.7,12330,9515,13679,251.9,194.4,279.5,https://discomap.eea.europa.eu/App/AQViewer/index.html?fqn=Airquality_Dissem.ebd.countries_and_nuts,2026-10-06,88f9445e23b99f58079048967003353e91b5ff9150c52e8924256eb35e52d21d
Bulgaria,BG,Bulgaria,All Areas (incl.unclassified),2017,PM2.5,P1Y,Baseline from WHO 2021 AQG,Mortality,All causes,Attributable deaths (AD),Total,>= 30 years of age,6848997,4869599,110833.3,12.2,21.4,12340,9519,13694,253.4,195.5,281.2,https://discomap.eea.europa.eu/App/AQViewer/index.html?fqn=Airquality_Dissem.ebd.countries_and_nuts,2026-10-06,88f9445e23b99f58079048967003353e91b5ff9150c52e8924256eb35e52d21d
Bulgaria,BG,Bulgaria,All Areas (incl.unclassified),2018,PM2.5,P1Y,Baseline from WHO 2021 AQG,Mortality,All causes,Attributable deaths (AD),Total,>= 30 years of age,6756999,4837618,110857.5,12.4,20.2,11375,8761,12631,235.1,181.1,261.1,https://discomap.eea.europa.eu/App/AQViewer/index.html?fqn=Airquality_Dissem.ebd.countries_and_nuts,2026-10-06,88f9445e23b99f58079048967003353e91b5ff9150c52e8924256eb35e52d21d
Bulgaria,BG,Bulgaria,All Areas (incl.unclassified),2019,PM2.5,P1Y,Baseline from WHO 2021 AQG,Mortality,All causes,Attributable deaths (AD),Total,>= 30 years of age,6663758,4805277,110857.5,10.6,17.3,9365,7182,10421,194.9,149.5,216.9,https://discomap.eea.europa.eu/App/AQViewer/index.html?fqn=Airquality_Dissem.ebd.countries_and_nuts,2026-10-06,88f9445e23b99f58079048967003353e91b5ff9150c52e8924256eb35e52d21d
Bulgaria,BG,Bulgaria,All Areas (incl.unclassified),2020,PM2.5,P1Y,Baseline from WHO 2021 AQG,Mortality,All causes,Attributable deaths (AD),Total,>= 30 years of age,6568715,4770894,110829.1,9.7,16.2,10004,7664,11138,209.7,160.7,233.5,https://discomap.eea.europa.eu/App/AQViewer/index.html?fqn=Airquality_Dissem.ebd.countries_and_nuts,2026-10-06,88f9445e23b99f58079048967003353e91b5ff9150c52e8924256eb35e52d21d
Bulgaria,BG,Bulgaria,All Areas (incl.unclassified),2021,PM2.5,P1Y,Baseline from WHO 2021 AQG,Mortality,All causes,Attributable deaths (AD),Total,>= 30 years of age,6531719,4748660,110943.1,10.3,14.7,10375,7931,11562,218.5,167.0,243.5,https://discomap.eea.europa.eu/App/AQViewer/index.html?fqn=Airquality_Dissem.ebd.countries_and_nuts,2026-10-06,88f9445e23b99f58079048967003353e91b5ff9150c52e8924256eb35e52d21d
Bulgaria,BG,Bulgaria,All Areas (incl.unclassified),2022,PM2.5,P1Y,Baseline from WHO 2021 AQG,Mortality,All causes,Attributable deaths (AD),Total,>= 30 years of age,6482091,4716017,110943.1,10.1,14.7,8297,6344,9246,175.9,134.5,196.1,https://discomap.eea.europa.eu/App/AQViewer/index.html?fqn=Airquality_Dissem.ebd.countries_and_nuts,2026-10-06,88f9445e23b99f58079048967003353e91b5ff9150c52e8924256eb35e52d21d
Bulgaria,BG,Bulgaria,All Areas (incl.unclassified),2023,PM2.5,P1Y,Baseline from WHO 2021 AQG,Mortality,All causes,Attributable deaths (AD),Total,>= 30 years of age,6447321,4679934,110943.1,10.4,14.3,6729,5142,7500,143.8,109.9,160.3,https://discomap.eea.europa.eu/App/AQViewer/index.html?fqn=Airquality_Dissem.ebd.countries_and_nuts,2026-10-06,88f9445e23b99f58079048967003353e91b5ff9150c52e8924256eb35e52d21d
Croatia,HR,Croatia,All Areas (incl.unclassified),2005,PM2.5,P1Y,Baseline from WHO 2021 AQG,Mortality,All causes,Attributable deaths (AD),Total,>= 30 years of age,4310298,2783199,56407.7,18.9,23.8,6455,4977,7164,232.0,178.8,257.4,https://discomap.eea.europa.eu/App/AQViewer/index.html?fqn=Airquality_Dissem.ebd.countries_and_nuts,2026-10-06,88f9445e23b99f58079048967003353e91b5ff9150c52e8924256eb35e52d21d
Croatia,HR,Croatia,All Areas (incl.unclassified),2007,PM2.5,P1Y,Baseline from WHO 2021 AQG,Mortality,All causes,Attributable deaths (AD),Total,>= 30 years of age,4313022,2805882,56407.7,17.7,19.7,5214,4002,5799,185.8,142.6,206.7,https://discomap.eea.europa.eu/App/AQViewer/index.html?fqn=Airquality_Dissem.ebd.countries_and_nuts,2026-10-06,88f9445e23b99f58079048967003353e91b5ff9150c52e8924256eb35e52d21d
Croatia,HR,Croatia,All Areas (incl.unclassified),2008,PM2.5,P1Y,Baseline from WHO 2021 AQG,Mortality,All causes,Attributable deaths (AD),Total,>= 30 years of age,4311476,2816214,56413.7,14.6,18.6,4812,3690,5354,170.9,131.1,190.1,https://discomap.eea.europa.eu/App/AQViewer/index.html?fqn=Airquality_Dissem.ebd.countries_and_nuts,2026-10-06,88f9445e23b99f58079048967003353e91b5ff9150c52e8924256eb35e52d21d
Croatia,HR,Croatia,All Areas (incl.unclassified),2009,PM2.5,P1Y,Baseline from WHO 2021 AQG,Mortality,All causes,Attributable deaths (AD),Total,>= 30 years of age,4309328,2825762,56419.8,15.0,19.9,5271,4048,5860,186.5,143.3,207.4,https://discomap.eea.europa.eu/App/AQViewer/index.html?fqn=Airquality_Dissem.ebd.countries_and_nuts,2026-10-06,88f9445e23b99f58079048967003353e91b5ff9150c52e8924256eb35e52d21d
Croatia,HR,Croatia,All Areas (incl.unclassified),2010,PM2.5,P1Y,Baseline from WHO 2021 AQG,Mortality,All causes,Attributable deaths (AD),Total,>= 30 years of age,4302396,2832682,56419.8,14.6,19.9,5289,4062,5880,186.7,143.4,207.6,https://discomap.eea.europa.eu/App/AQViewer/index.html?fqn=Airquality_Dissem.ebd.countries_and_nuts,2026-10-06,88f9445e23b99f58079048967003353e91b5ff9150c52e8924256eb35e52d21d
Croatia,HR,Croatia,All Areas (incl.unclassified),2011,PM2.5,P1Y,Baseline from WHO 2021 AQG,Mortality,All causes,Attributable deaths (AD),Total,>= 30 years of age,4289418,2837356,56419.8,16.4,21.8,5767,4437,6407,203.3,156.4,225.8,https://discomap.eea.europa.eu/App/AQViewer/index.html?fqn=Airquality_Dissem.ebd.countries_and_nuts,2026-10-06,88f9445e23b99f58079048967003353e91b5ff9150c52e8924256eb35e52d21d
Croatia,HR,Croatia,All Areas (incl.unclassified),2012,PM2.5,P1Y,Baseline from WHO 2021 AQG,Mortality,All causes,Attributable deaths (AD),Total,>= 30 years of age,4275543,2841618,56419.8,14.0,16.8,4186,3205,4662,147.3,112.8,164.1,https://discomap.eea.europa.eu/App/AQViewer/index.html?fqn=Airquality_Dissem.ebd.countries_and_nuts,2026-10-06,88f9445e23b99f58079048967003353e91b5ff9150c52e8924256eb35e52d21d
Croatia,HR,Croatia,All Areas (incl.unclassified),2013,PM2.5,P1Y,Baseline from WHO 2021 AQG,Mortality,All causes,Attributable deaths (AD),Total,>= 30 years of age,4247369,2840078,56419.8,13.5,16.6,4035,3090,4494,142.1,108.8,158.2,https://discomap.eea.europa.eu/App/AQViewer/index.html?fqn=Airquality_Dissem.ebd.countries_and_nuts,2026-10-06,88f9445e23b99f58079048967003353e91b5ff9150c52e8924256eb35e52d21d
Croatia,HR,Croatia,All Areas (incl.unclassified),2014,PM2.5,P1Y,Baseline from WHO 2021 AQG,Mortality,All causes,Attributable deaths (AD),Total,>= 30 years of age,4217196,2837956,56419.8,13.4,15.6,3711,2840,4133,130.8,100.1,145.7,https://discomap.eea.europa.eu/App/AQViewer/index.html?fqn=Airquality_Dissem.ebd.countries_and_nuts,2026-10-06,88f9445e23b99f58079048967003353e91b5ff9150c52e8924256eb35e52d21d
Croatia,HR,Croatia,All Areas (incl.unclassified),2015,PM2.5,P1Y,Baseline from WHO 2021 AQG,Mortality,All causes,Attributable deaths (AD),Total,>= 30 years of age,4180484,2831893,56419.8,12.3,17.2,4541,3480,5055,160.4,122.9,178.5,https://discomap.eea.europa.eu/App/AQViewer/index.html?fqn=Airquality_Dissem.ebd.countries_and_nuts,2026-10-06,88f9445e23b99f58079048967003353e91b5ff9150c52e8924256eb35e52d21d
Croatia,HR,Croatia,All Areas (incl.unclassified),2016,PM2.5,P1Y,Baseline from WHO 2021 AQG,Mortality,All causes,Attributable deaths (AD),Total,>= 30 years of age,4130680,2815396,56419.8,11.9,19.0,4900,3767,5446,174.1,133.8,193.5,https://discomap.eea.europa.eu/App/AQViewer/index.html?fqn=Airquality_Dissem.ebd.countries_and_nuts,2026-10-06,88f9445e23b99f58079048967003353e91b5ff9150c52e8924256eb35e52d21d
Croatia,HR,Croatia,All Areas (incl.unclassified),2017,PM2.5,P1Y,Baseline from WHO 2021 AQG,Mortality,All causes,Attributable deaths (AD),Total,>= 30 years of age,4078346,2797676,56419.8,12.1,17.3,4509,3459,5015,161.2,123.7,179.3,https://discomap.eea.europa.eu/App/AQViewer/index.html?fqn=Airquality_Dissem.ebd.countries_and_nuts,2026-10-06,88f9445e23b99f58079048967003353e91b5ff9150c52e8924256eb35e52d21d
Croatia,HR,Croatia,All Areas (incl.unclassified),2018,PM2.5,P1Y,Baseline from WHO 2021 AQG,Mortality,All causes,Attributable deaths (AD),Total,>= 30 years of age,4013925,2769698,56419.8,11.9,17.6,4522,3470,5031,163.3,125.3,181.6,https://discomap.eea.europa.eu/App/AQViewer/index.html?fqn=Airquality_Dissem.ebd.countries_and_nuts,2026-10-06,88f9445e23b99f58079048967003353e91b5ff9150c52e8924256eb35e52d21d
Croatia,HR,Croatia,All Areas (incl.unclassified),2019,PM2.5,P1Y,Baseline from WHO 2021 AQG,Mortality,All causes,Attributable deaths (AD),Total,>= 30 years of age,3968257,2752346,56419.8,10.1,14.3,3349,2561,3731,121.7,93.1,135.6,https://discomap.eea.europa.eu/App/AQViewer/index.html?fqn=Airquality_Dissem.ebd.countries_and_nuts,2026-10-06,88f9445e23b99f58079048967003353e91b5ff9150c52e8924256eb35e52d21d
Croatia,HR,Croatia,All Areas (incl.unclassified),2020,PM2.5,P1Y,Baseline from WHO 2021 AQG,Mortality,All causes,Attributable deaths (AD),Total,>= 30 years of age,3933097,2738568,56419.8,10.3,15.0,3971,3039,4423,145.0,111.0,161.5,https://discomap.eea.europa.eu/App/AQViewer/index.html?fqn=Airquality_Dissem.ebd.countries_and_nuts,2026-10-06,88f9445e23b99f58079048967003353e91b5ff9150c52e8924256eb35e52d21d
Croatia,HR,Croatia,All Areas (incl.unclassified),2021,PM2.5,P1Y,Baseline from WHO 2021 AQG,Mortality,All causes,Attributable deaths (AD),Total,>= 30 years of age,3892618,2719068,56419.8,9.4,14.2,4034,3085,4495,148.4,113.5,165.3,https://discomap.eea.europa.eu/App/AQViewer/index.html?fqn=Airquality_Dissem.ebd.countries_and_nuts,2026-10-06,88f9445e23b99f58079048967003353e91b5ff9150c52e8924256eb35e52d21d
Croatia,HR,Croatia,All Areas (incl.unclassified),2022,PM2.5,P1Y,Baseline from WHO 2021 AQG,Mortality,All causes,Attributable deaths (AD),Total,>= 30 years of age,3861902,2698887,56419.8,9.5,14.2,3690,2821,4112,136.7,104.5,152.4,https://discomap.eea.europa.eu/App/AQViewer/index.html?fqn=Airquality_Dissem.ebd.countries_and_nuts,2026-10-06,88f9445e23b99f58079048967003353e91b5ff9150c52e8924256eb35e52d21d
Croatia,HR,Croatia,All Areas (incl.unclassified),2023,PM2.5,P1Y,Baseline from WHO 2021 AQG,Mortality,All causes,Attributable deaths (AD),Total,>= 30 years of age,3850488,2689009,56419.8,9.7,13.0,2886,2204,3218,107.3,82.0,119.7,https://discomap.eea.europa.eu/App/AQViewer/index.html?fqn=Airquality_Dissem.ebd.countries_and_nuts,2026-10-06,88f9445e23b99f58079048967003353e91b5ff9150c52e8924256eb35e52d21d
Cyprus,CY,Cyprus,All Areas (incl.unclassified),2005,PM2.5,P1Y,Baseline from WHO 2021 AQG,Mortality,All causes,Attributable deaths (AD),Total,>= 30 years of age,1028225,585925,9211.8,23.8,28.4,1141,883,1265,194.9,150.7,215.9,https://discomap.eea.europa.eu/App/AQViewer/index.html?fqn=Airquality_Dissem.ebd.countries_and_nuts,2026-10-06,88f9445e23b99f58079048967003353e91b5ff9150c52e8924256eb35e52d21d
Cyprus,CY,Cyprus,All Areas (incl.unclassified),2007,PM2.5,P1Y,Baseline from WHO 2021 AQG,Mortality,All causes,Attributable deaths (AD),Total,>= 30 years of age,1065049,611391,9211.8,18.6,22.8,888,684,987,145.4,111.9,161.5,https://discomap.eea.europa.eu/App/AQViewer/index.html?fqn=Airquality_Dissem.ebd.countries_and_nuts,2026-10-06,88f9445e23b99f58079048967003353e91b5ff9150c52e8924256eb35e52d21d
Cyprus,CY,Cyprus,All Areas (incl.unclassified),2008,PM2.5,P1Y,Baseline from WHO 2021 AQG,Mortality,All causes,Attributable deaths (AD),Total,>= 30 years of age,1083477,624429,9211.8,19.5,25.0,958,739,1063,153.5,118.4,170.3,https://discomap.eea.europa.eu/App/AQViewer/index.html?fqn=Airquality_Dissem.ebd.countries_and_nuts,2026-10-06,88f9445e23b99f58079048967003353e91b5ff9150c52e8924256eb35e52d21d
Cyprus,CY,Cyprus,All Areas (incl.unclassified),2009,PM2.5,P1Y,Baseline from WHO 2021 AQG,Mortality,All causes,Attributable deaths (AD),Total,>= 30 years of age,1101905,638148,9211.8,17.1,20.5,745,572,828,116.8,89.7,129.9,https://discomap.eea.europa.eu/App/AQViewer/index.html?fqn=Airquality_Dissem.ebd.countries_and_nuts,2026-10-06,88f9445e23b99f58079048967003353e91b5ff9150c52e8924256eb35e52d21d
Cyprus,CY,Cyprus,All Areas (incl.unclassified),2010,PM2.5,P1Y,Baseline from WHO 2021 AQG,Mortality,All causes,Attributable deaths (AD),Total,>= 30 years of age,1120350,652307,9211.8,18.6,21.9,778,598,865,119.4,91.8,132.7,https://discomap.eea.europa.eu/App/AQViewer/index.html?fqn=Airquality_Dissem.ebd.countries_and_nuts,2026-10-06,88f9445e23b99f58079048967003353e91b5ff9150c52e8924256eb35e52d21d
Cyprus,CY,Cyprus,All Areas (incl.unclassified),2011,PM2.5,P1Y,Baseline from WHO 2021 AQG,Mortality,All causes,Attributable deaths (AD),Total,>= 30 years of age,1131847,664100,9211.8,18.5,23.4,900,693,999,135.6,104.4,150.5,https://discomap.eea.europa.eu/App/AQViewer/index.html?fqn=Airquality_Dissem.ebd.countries_and_nuts,2026-10-06,88f9445e23b99f58079048967003353e91b5ff9150c52e8924256eb35e52d21d
Cyprus,CY,Cyprus,All Areas (incl.unclassified),2012,PM2.5,P1Y,Baseline from WHO 2021 AQG,Mortality,All causes,Attributable deaths (AD),Total,>= 30 years of age,1143360,677242,9211.8,18.6,25.3,1012,781,1123,149.5,115.4,165.9,https://discomap.eea.europa.eu/App/AQViewer/index.html?fqn=Airquality_Dissem.ebd.countries_and_nuts,2026-10-06,88f9445e23b99f58079048967003353e91b5ff9150c52e8924256eb35e52d21d
Cyprus,CY,Cyprus,All Areas (incl.unclassified),2013,PM2.5,P1Y,Baseline from WHO 2021 AQG,Mortality,All causes,Attributable deaths (AD),Total,>= 30 years of age,1154892,691718,9211.8,15.9,17.0,569,436,634,82.4,63.1,91.8,https://discomap.eea.europa.eu/App/AQViewer/index.html?fqn=Airquality_Dissem.ebd.countries_and_nuts,2026-10-06,88f9445e23b99f58079048967003353e91b5ff9150c52e8924256eb35e52d21d
Cyprus,CY,Cyprus,All Areas (incl.unclassified),2014,PM2.5,P1Y,Baseline from WHO 2021 AQG,Mortality,All causes,Attributable deaths (AD),Total,>= 30 years of age,1166412,707474,9211.8,14.7,16.9,604,462,672,85.4,65.4,95.1,https://discomap.eea.europa.eu/App/AQViewer/index.html?fqn=Airquality_Dissem.ebd.countries_and_nuts,2026-10-06,88f9445e23b99f58079048967003353e91b5ff9150c52e8924256eb35e52d21d
Cyprus,CY,Cyprus,All Areas (incl.unclassified),2015,PM2.5,P1Y,Baseline from WHO 2021 AQG,Mortality,All causes,Attributable deaths (AD),Total,>= 30 years of age,1177948,723839,9211.8,13.0,17.4,689,528,767,95.3,73.0,106.1,https://discomap.eea.europa.eu/App/AQViewer/index.html?fqn=Airquality_Dissem.ebd.countries_and_nuts,2026-10-06,88f9445e23b99f58079048967003353e91b5ff9150c52e8924256eb35e52d21d
Cyprus,CY,Cyprus,All Areas (incl.unclassified),2016,PM2.5,P1Y,Baseline from WHO 2021 AQG,Mortality,All causes,Attributable deaths (AD),Total,>= 30 years of age,1187939,738559,9211.8,13.0,15.2,534,408,595,72.4,55.3,80.7,https://discomap.eea.europa.eu/App/AQViewer/index.html?fqn=Airquality_Dissem.ebd.countries_and_nuts,2026-10-06,88f9445e23b99f58079048967003353e91b5ff9150c52e8924256eb35e52d21d
Cyprus,CY,Cyprus,All Areas (incl.unclassified),2017,PM2.5,P1Y,Baseline from WHO 2021 AQG,Mortality,All causes,Attributable deaths (AD),Total,>= 30 years of age,1197960,754790,9211.8,13.8,15.7,613,469,683,81.3,62.2,90.6,https://discomap.eea.europa.eu/App/AQViewer/index.html?fqn=Airquality_Dissem.ebd.countries_and_nuts,2026-10-06,88f9445e23b99f58079048967003353e91b5ff9150c52e8924256eb35e52d21d
Cyprus,CY,Cyprus,All Areas (incl.unclassified),2018,PM2.5,P1Y,Baseline from WHO 2021 AQG,Mortality,All causes,Attributable deaths (AD),Total,>= 30 years of age,1207981,770458,9211.8,12.3,14.4,517,395,576,67.1,51.3,74.8,https://discomap.eea.europa.eu/App/AQViewer/index.html?fqn=Airquality_Dissem.ebd.countries_and_nuts,2026-10-06,88f9445e23b99f58079048967003353e91b5ff9150c52e8924256eb35e52d21d
Cyprus,CY,Cyprus,All Areas (incl.unclassified),2019,PM2.5,P1Y,Baseline from WHO 2021 AQG,Mortality,All causes,Attributable deaths (AD),Total,>= 30 years of age,1218003,786335,9211.8,13.3,14.7,571,436,636,72.7,55.5,81.0,https://discomap.eea.europa.eu/App/AQViewer/index.html?fqn=Airquality_Dissem.ebd.countries_and_nuts,2026-10-06,88f9445e23b99f58079048967003353e91b5ff9150c52e8924256eb35e52d21d
Cyprus,CY,Cyprus,All Areas (incl.unclassified),2020,PM2.5,P1Y,Baseline from WHO 2021 AQG,Mortality,All causes,Attributable deaths (AD),Total,>= 30 years of age,1228039,799738,9211.8,11.7,14.0,551,421,615,69.0,52.7,77.0,https://discomap.eea.europa.eu/App/AQViewer/index.html?fqn=Airquality_Dissem.ebd.countries_and_nuts,2026-10-06,88f9445e23b99f58079048967003353e91b5ff9150c52e8924256eb35e52d21d
Cyprus,CY,Cyprus,All Areas (incl.unclassified),2021,PM2.5,P1Y,Baseline from WHO 2021 AQG,Mortality,All causes,Attributable deaths (AD),Total,>= 30 years of age,1235664,811984,9211.8,10.0,13.8,599,458,668,73.9,56.4,82.4,https://discomap.eea.europa.eu/App/AQViewer/index.html?fqn=Airquality_Dissem.ebd.countries_and_nuts,2026-10-06,88f9445e23b99f58079048967003353e91b5ff9150c52e8924256eb35e52d21d
Cyprus,CY,Cyprus,All Areas (incl.unclassified),2022,PM2.5,P1Y,Baseline from WHO 2021 AQG,Mortality,All causes,Attributable deaths (AD),Total,>= 30 years of age,1256320,831034,9211.8,11.0,14.7,669,511,746,80.5,61.5,89.8,https://discomap.eea.europa.eu/App/AQViewer/index.html?fqn=Airquality_Dissem.ebd.countries_and_nuts,2026-10-06,88f9445e23b99f58079048967003353e91b5ff9150c52e8924256eb35e52d21d
Cyprus,CY,Cyprus,All Areas (incl.unclassified),2023,PM2.5,P1Y,Baseline from WHO 2021 AQG,Mortality,All causes,Attributable deaths (AD),Total,>= 30 years of age,1282427,856335,9211.8,10.7,14.7,612,467,682,71.5,54.6,79.7,https://discomap.eea.europa.eu/App/AQViewer/index.html?fqn=Airquality_Dissem.ebd.countries_and_nuts,2026-10-06,88f9445e23b99f58079048967003353e91b5ff9150c52e8924256eb35e52d21d
Czechia,CZ,Czechia,All Areas (incl.unclassified),2005,PM2.5,P1Y,Baseline from WHO 2021 AQG,Mortality,All causes,Attributable deaths (AD),Total,>= 30 years of age,10198775,6436371,78873.9,18.8,23.1,13003,10018,14437,202.0,155.7,224.3,https://discomap.eea.europa.eu/App/AQViewer/index.html?fqn=Airquality_Dissem.ebd.countries_and_nuts,2026-10-06,88f9445e23b99f58079048967003353e91b5ff9150c52e8924256eb35e52d21d
Czechia,CZ,Czechia,All Areas (incl.unclassified),2007,PM2.5,P1Y,Baseline from WHO 2021 AQG,Mortality,All causes,Attributable deaths (AD),Total,>= 30 years of age,10254155,6630555,78873.9,13.7,16.9,8492,6505,9454,128.1,98.1,142.6,https://discomap.eea.europa.eu/App/AQViewer/index.html?fqn=Airquality_Dissem.ebd.countries_and_nuts,2026-10-06,88f9445e23b99f58079048967003353e91b5ff9150c52e8924256eb35e52d21d
Czechia,CZ,Czechia,All Areas (incl.unclassified),2008,PM2.5,P1Y,Baseline from WHO 2021 AQG,Mortality,All causes,Attributable deaths (AD),Total,>= 30 years of age,10343343,6746812,78873.9,14.3,17.6,9014,6911,10032,133.6,102.4,148.7,https://discomap.eea.europa.eu/App/AQViewer/index.html?fqn=Airquality_Dissem.ebd.countries_and_nuts,2026-10-06,88f9445e23b99f58079048967003353e91b5ff9150c52e8924256eb35e52d21d
Czechia,CZ,Czechia,All Areas (incl.unclassified),2009,PM2.5,P1Y,Baseline from WHO 2021 AQG,Mortality,All causes,Attributable deaths (AD),Total,>= 30 years of age,10425704,6852934,78873.9,15.4,18.9,10125,7771,11263,147.8,113.4,164.4,https://discomap.eea.europa.eu/App/AQViewer/index.html?fqn=Airquality_Dissem.ebd.countries_and_nuts,2026-10-06,88f9445e23b99f58079048967003353e91b5ff9150c52e8924256eb35e52d21d
Czechia,CZ,Czechia,All Areas (incl.unclassified),2010,PM2.5,P1Y,Baseline from WHO 2021 AQG,Mortality,All causes,Attributable deaths (AD),Total,>= 30 years of age,10462013,6928409,78873.9,17.3,21.4,11746,9040,13047,169.5,130.5,188.3,https://discomap.eea.europa.eu/App/AQViewer/index.html?fqn=Airquality_Dissem.ebd.countries_and_nuts,2026-10-06,88f9445e23b99f58079048967003353e91b5ff9150c52e8924256eb35e52d21d
Czechia,CZ,Czechia,All Areas (incl.unclassified),2011,PM2.5,P1Y,Baseline from WHO 2021 AQG,Mortality,All causes,Attributable deaths (AD),Total,>= 30 years of age,10486652,6980994,78873.9,16.3,20.2,11011,8462,12239,157.7,121.2,175.3,https://discomap.eea.europa.eu/App/AQViewer/index.html?fqn=Airquality_Dissem.ebd.countries_and_nuts,2026-10-06,88f9445e23b99f58079048967003353e91b5ff9150c52e8924256eb35e52d21d
Czechia,CZ,Czechia,All Areas (incl.unclassified),2012,PM2.5,P1Y,Baseline from WHO 2021 AQG,Mortality,All causes,Attributable deaths (AD),Total,>= 30 years of age,10505367,7030384,78873.9,15.2,18.6,10068,7727,11199,143.2,109.9,159.3,https://discomap.eea.europa.eu/App/AQViewer/index.html?fqn=Airquality_Dissem.ebd.countries_and_nuts,2026-10-06,88f9445e23b99f58079048967003353e91b5ff9150c52e8924256eb35e52d21d
Czechia,CZ,Czechia,All Areas (incl.unclassified),2013,PM2.5,P1Y,Baseline from WHO 2021 AQG,Mortality,All causes,Attributable deaths (AD),Total,>= 30 years of age,10516043,7073929,78873.9,16.5,19.4,10776,8274,11983,152.3,117.0,169.4,https://discomap.eea.europa.eu/App/AQViewer/index.html?fqn=Airquality_Dissem.ebd.countries_and_nuts,2026-10-06,88f9445e23b99f58079048967003353e91b5ff9150c52e8924256eb35e52d21d
Czechia,CZ,Czechia,All Areas (incl.unclassified),2014,PM2.5,P1Y,Baseline from WHO 2021 AQG,Mortality,All causes,Attributable deaths (AD),Total,>= 30 years of age,10512335,7105260,78873.9,15.2,18.4,9676,7422,10765,136.2,104.5,151.5,https://discomap.eea.europa.eu/App/AQViewer/index.html?fqn=Airquality_Dissem.ebd.countries_and_nuts,2026-10-06,88f9445e23b99f58079048967003353e91b5ff9150c52e8924256eb35e52d21d
Czechia,CZ,Czechia,All Areas (incl.unclassified),2015,PM2.5,P1Y,Baseline from WHO 2021 AQG,Mortality,All causes,Attributable deaths (AD),Total,>= 30 years of age,10538191,7153161,78873.9,13.3,16.8,9044,6928,10070,126.4,96.9,140.8,https://discomap.eea.europa.eu/App/AQViewer/index.html?fqn=Airquality_Dissem.ebd.countries_and_nuts,2026-10-06,88f9445e23b99f58079048967003353e91b5ff9150c52e8924256eb35e52d21d
Czechia,CZ,Czechia,All Areas (incl.unclassified),2016,PM2.5,P1Y,Baseline from WHO 2021 AQG,Mortality,All causes,Attributable deaths (AD),Total,>= 30 years of age,10553759,7191440,78873.9,12.6,16.3,8433,6457,9391,117.3,89.8,130.6,https://discomap.eea.europa.eu/App/AQViewer/index.html?fqn=Airquality_Dissem.ebd.countries_and_nuts,2026-10-06,88f9445e23b99f58079048967003353e91b5ff9150c52e8924256eb35e52d21d
Czechia,CZ,Czechia,All Areas (incl.unclassified),2017,PM2.5,P1Y,Baseline from WHO 2021 AQG,Mortality,All causes,Attributable deaths (AD),Total,>= 30 years of age,10578735,7233519,78873.9,12.9,16.9,9125,6992,10159,126.2,96.7,140.4,https://discomap.eea.europa.eu/App/AQViewer/index.html?fqn=Airquality_Dissem.ebd.countries_and_nuts,2026-10-06,88f9445e23b99f58079048967003353e91b5ff9150c52e8924256eb35e52d21d
Czechia,CZ,Czechia,All Areas (incl.unclassified),2018,PM2.5,P1Y,Baseline from WHO 2021 AQG,Mortality,All causes,Attributable deaths (AD),Total,>= 30 years of age,10609976,7274361,78873.9,14.8,18.1,10142,7778,11285,139.4,106.9,155.1,https://discomap.eea.europa.eu/App/AQViewer/index.html?fqn=Airquality_Dissem.ebd.countries_and_nuts,2026-10-06,88f9445e23b99f58079048967003353e91b5ff9150c52e8924256eb35e52d21d
Czechia,CZ,Czechia,All Areas (incl.unclassified),2019,PM2.5,P1Y,Baseline from WHO 2021 AQG,Mortality,All causes,Attributable deaths (AD),Total,>= 30 years of age,10649721,7322300,78873.9,11.0,13.7,6853,5234,7640,93.6,71.5,104.4,https://discomap.eea.europa.eu/App/AQViewer/index.html?fqn=Airquality_Dissem.ebd.countries_and_nuts,2026-10-06,88f9445e23b99f58079048967003353e91b5ff9150c52e8924256eb35e52d21d
Czechia,CZ,Czechia,All Areas (incl.unclassified),2020,PM2.5,P1Y,Baseline from WHO 2021 AQG,Mortality,All causes,Attributable deaths (AD),Total,>= 30 years of age,10693858,7370727,78873.9,10.2,12.4,6809,5194,7597,92.4,70.5,103.1,https://discomap.eea.europa.eu/App/AQViewer/index.html?fqn=Airquality_Dissem.ebd.countries_and_nuts,2026-10-06,88f9445e23b99f58079048967003353e91b5ff9150c52e8924256eb35e52d21d
Czechia,CZ,Czechia,All Areas (incl.unclassified),2021,PM2.5,P1Y,Baseline from WHO 2021 AQG,Mortality,All causes,Attributable deaths (AD),Total,>= 30 years of age,10494757,7249433,78873.9,11.0,13.4,8382,6401,9347,115.6,88.3,128.9,https://discomap.eea.europa.eu/App/AQViewer/index.html?fqn=Airquality_Dissem.ebd.countries_and_nuts,2026-10-06,88f9445e23b99f58079048967003353e91b5ff9150c52e8924256eb35e52d21d
Czechia,CZ,Czechia,All Areas (incl.unclassified),2022,PM2.5,P1Y,Baseline from WHO 2021 AQG,Mortality,All causes,Attributable deaths (AD),Total,>= 30 years of age,10516625,7270338,78873.9,10.7,13.0,6826,5211,7614,93.9,71.7,104.7,https://discomap.eea.europa.eu/App/AQViewer/index.html?fqn=Airquality_Dissem.ebd.countries_and_nuts,2026-10-06,88f9445e23b99f58079048967003353e91b5ff9150c52e8924256eb35e52d21d
Czechia,CZ,Czechia,All Areas (incl.unclassified),2023,PM2.5,P1Y,Baseline from WHO 2021 AQG,Mortality,All causes,Attributable deaths (AD),Total,>= 30 years of age,10827457,7444639,78873.9,9.1,10.9,4715,3591,5263,63.3,48.2,70.7,https://discomap.eea.europa.eu/App/AQViewer/index.html?fqn=Airquality_Dissem.ebd.countries_and_nuts,2026-10-06,88f9445e23b99f58079048967003353e91b5ff9150c52e8924256eb35e52d21d
Denmark,DK,Denmark,All Areas (incl.unclassified),2005,PM2.5,P1Y,Baseline from WHO 2021 AQG,Mortality,All causes,Attributable deaths (AD),Total,>= 30 years of age,5406322,3447180,42904.0,10.6,12.6,2935,2238,3274,85.1,64.9,95.0,https://discomap.eea.europa.eu/App/AQViewer/index.html?fqn=Airquality_Dissem.ebd.countries_and_nuts,2026-10-06,88f9445e23b99f58079048967003353e91b5ff9150c52e8924256eb35e52d21d
Denmark,DK,Denmark,All Areas (incl.unclassified),2007,PM2.5,P1Y,Baseline from WHO 2021 AQG,Mortality,All causes,Attributable deaths (AD),Total,>= 30 years of age,5441587,3486510,42904.0,11.1,11.9,2714,2068,3030,77.9,59.3,86.9,https://discomap.eea.europa.eu/App/AQViewer/index.html?fqn=Airquality_Dissem.ebd.countries_and_nuts,2026-10-06,88f9445e23b99f58079048967003353e91b5ff9150c52e8924256eb35e52d21d
Denmark,DK,Denmark,All Areas (incl.unclassified),2008,PM2.5,P1Y,Baseline from WHO 2021 AQG,Mortality,All causes,Attributable deaths (AD),Total,>= 30 years of age,5470076,3504429,42904.0,9.2,11.1,2358,1796,2633,67.3,51.3,75.1,https://discomap.eea.europa.eu/App/AQViewer/index.html?fqn=Airquality_Dissem.ebd.countries_and_nuts,2026-10-06,88f9445e23b99f58079048967003353e91b5ff9150c52e8924256eb35e52d21d
Denmark,DK,Denmark,All Areas (incl.unclassified),2009,PM2.5,P1Y,Baseline from WHO 2021 AQG,Mortality,All causes,Attributable deaths (AD),Total,>= 30 years of age,5505503,3525810,42904.0,9.3,10.9,2293,1746,2560,65.0,49.5,72.6,https://discomap.eea.europa.eu/App/AQViewer/index.html?fqn=Airquality_Dissem.ebd.countries_and_nuts,2026-10-06,88f9445e23b99f58079048967003353e91b5ff9150c52e8924256eb35e52d21d
Denmark,DK,Denmark,All Areas (incl.unclassified),2010,PM2.5,P1Y,Baseline from WHO 2021 AQG,Mortality,All causes,Attributable deaths (AD),Total,>= 30 years of age,5528576,3541040,42904.0,9.4,11.5,2510,1913,2802,70.9,54.0,79.1,https://discomap.eea.europa.eu/App/AQViewer/index.html?fqn=Airquality_Dissem.ebd.countries_and_nuts,2026-10-06,88f9445e23b99f58079048967003353e91b5ff9150c52e8924256eb35e52d21d
Denmark,DK,Denmark,All Areas (incl.unclassified),2011,PM2.5,P1Y,Baseline from WHO 2021 AQG,Mortality,All causes,Attributable deaths (AD),Total,>= 30 years of age,5554262,3555992,42904.0,11.5,14.0,3318,2534,3700,93.3,71.3,104.1,https://discomap.eea.europa.eu/App/AQViewer/index.html?fqn=Airquality_Dissem.ebd.countries_and_nuts,2026-10-06,88f9445e23b99f58079048967003353e91b5ff9150c52e8924256eb35e52d21d
Denmark,DK,Denmark,All Areas (incl.unclassified),2012,PM2.5,P1Y,Baseline from WHO 2021 AQG,Mortality,All causes,Attributable deaths (AD),Total,>= 30 years of age,5573950,3567066,42904.0,8.4,10.0,1873,1425,2093,52.5,40.0,58.7,https://discomap.eea.europa.eu/App/AQViewer/index.html?fqn=Airquality_Dissem.ebd.countries_and_nuts,2026-10-06,88f9445e23b99f58079048967003353e91b5ff9150c52e8924256eb35e52d21d
Denmark,DK,Denmark,All Areas (incl.unclassified),2013,PM2.5,P1Y,Baseline from WHO 2021 AQG,Mortality,All causes,Attributable deaths (AD),Total,>= 30 years of age,5595857,3580628,42904.0,8.2,9.6,1726,1312,1928,48.2,36.7,53.9,https://discomap.eea.europa.eu/App/AQViewer/index.html?fqn=Airquality_Dissem.ebd.countries_and_nuts,2026-10-06,88f9445e23b99f58079048967003353e91b5ff9150c52e8924256eb35e52d21d
Denmark,DK,Denmark,All Areas (incl.unclassified),2014,PM2.5,P1Y,Baseline from WHO 2021 AQG,Mortality,All causes,Attributable deaths (AD),Total,>= 30 years of age,5620261,3595376,42904.0,10.6,11.6,2396,1825,2675,66.7,50.8,74.4,https://discomap.eea.europa.eu/App/AQViewer/index.html?fqn=Airquality_Dissem.ebd.countries_and_nuts,2026-10-06,88f9445e23b99f58079048967003353e91b5ff9150c52e8924256eb35e52d21d
Denmark,DK,Denmark,All Areas (incl.unclassified),2015,PM2.5,P1Y,Baseline from WHO 2021 AQG,Mortality,All causes,Attributable deaths (AD),Total,>= 30 years of age,5652520,3616163,42904.0,8.3,9.8,1817,1382,2030,50.3,38.2,56.2,https://discomap.eea.europa.eu/App/AQViewer/index.html?fqn=Airquality_Dissem.ebd.countries_and_nuts,2026-10-06,88f9445e23b99f58079048967003353e91b5ff9150c52e8924256eb35e52d21d
Denmark,DK,Denmark,All Areas (incl.unclassified),2016,PM2.5,P1Y,Baseline from WHO 2021 AQG,Mortality,All causes,Attributable deaths (AD),Total,>= 30 years of age,5699892,3642578,42904.0,7.6,9.2,1618,1230,1809,44.4,33.8,49.7,https://discomap.eea.europa.eu/App/AQViewer/index.html?fqn=Airquality_Dissem.ebd.countries_and_nuts,2026-10-06,88f9445e23b99f58079048967003353e91b5ff9150c52e8924256eb35e52d21d
Denmark,DK,Denmark,All Areas (incl.unclassified),2017,PM2.5,P1Y,Baseline from WHO 2021 AQG,Mortality,All causes,Attributable deaths (AD),Total,>= 30 years of age,5741247,3667606,42904.0,7.3,8.5,1351,1026,1510,36.8,28.0,41.2,https://discomap.eea.europa.eu/App/AQViewer/index.html?fqn=Airquality_Dissem.ebd.countries_and_nuts,2026-10-06,88f9445e23b99f58079048967003353e91b5ff9150c52e8924256eb35e52d21d
Denmark,DK,Denmark,All Areas (incl.unclassified),2018,PM2.5,P1Y,Baseline from WHO 2021 AQG,Mortality,All causes,Attributable deaths (AD),Total,>= 30 years of age,5773514,3691383,42904.0,8.7,10.5,2166,1648,2419,58.7,44.7,65.5,https://discomap.eea.europa.eu/App/AQViewer/index.html?fqn=Airquality_Dissem.ebd.countries_and_nuts,2026-10-06,88f9445e23b99f58079048967003353e91b5ff9150c52e8924256eb35e52d21d
Denmark,DK,Denmark,All Areas (incl.unclassified),2019,PM2.5,P1Y,Baseline from WHO 2021 AQG,Mortality,All causes,Attributable deaths (AD),Total,>= 30 years of age,5798267,3715310,42904.0,8.2,9.4,1700,1293,1900,45.8,34.8,51.1,https://discomap.eea.europa.eu/App/AQViewer/index.html?fqn=Airquality_Dissem.ebd.countries_and_nuts,2026-10-06,88f9445e23b99f58079048967003353e91b5ff9150c52e8924256eb35e52d21d
Denmark,DK,Denmark,All Areas (incl.unclassified),2020,PM2.5,P1Y,Baseline from WHO 2021 AQG,Mortality,All causes,Attributable deaths (AD),Total,>= 30 years of age,5814814,3738551,42904.0,6.8,7.6,1035,786,1158,27.7,21.0,31.0,https://discomap.eea.europa.eu/App/AQViewer/index.html?fqn=Airquality_Dissem.ebd.countries_and_nuts,2026-10-06,88f9445e23b99f58079048967003353e91b5ff9150c52e8924256eb35e52d21d
Denmark,DK,Denmark,All Areas (incl.unclassified),2021,PM2.5,P1Y,Baseline from WHO 2021 AQG,Mortality,All causes,Attributable deaths (AD),Total,>= 30 years of age,5832030,3765879,42904.0,7.5,8.0,1252,951,1400,33.3,25.3,37.2,https://discomap.eea.europa.eu/App/AQViewer/index.html?fqn=Airquality_Dissem.ebd.countries_and_nuts,2026-10-06,88f9445e23b99f58079048967003353e91b5ff9150c52e8924256eb35e52d21d
Denmark,DK,Denmark,All Areas (incl.unclassified),2022,PM2.5,P1Y,Baseline from WHO 2021 AQG,Mortality,All causes,Attributable deaths (AD),Total,>= 30 years of age,5865367,3797130,42904.0,7.0,7.7,1183,898,1323,31.2,23.7,34.9,https://discomap.eea.europa.eu/App/AQViewer/index.html?fqn=Airquality_Dissem.ebd.countries_and_nuts,2026-10-06,88f9445e23b99f58079048967003353e91b5ff9150c52e8924256eb35e52d21d
Denmark,DK,Denmark,All Areas (incl.unclassified),2023,PM2.5,P1Y,Baseline from WHO 2021 AQG,Mortality,All causes,Attributable deaths (AD),Total,>= 30 years of age,5924520,3847060,42904.0,6.1,6.6,703,533,787,18.3,13.9,20.5,https://discomap.eea.europa.eu/App/AQViewer/index.html?fqn=Airquality_Dissem.ebd.countries_and_nuts,2026-10-06,88f9445e23b99f58079048967003353e91b5ff9150c52e8924256eb35e52d21d
Estonia,EE,Estonia,All Areas (incl.unclassified),2005,PM2.5,P1Y,Baseline from WHO 2021 AQG,Mortality,All causes,Attributable deaths (AD),Total,>= 30 years of age,1357483,851732,44689.1,8.6,11.6,766,584,855,90.0,68.6,100.5,https://discomap.eea.europa.eu/App/AQViewer/index.html?fqn=Airquality_Dissem.ebd.countries_and_nuts,2026-10-06,88f9445e23b99f58079048967003353e91b5ff9150c52e8924256eb35e52d21d
Estonia,EE,Estonia,All Areas (incl.unclassified),2007,PM2.5,P1Y,Baseline from WHO 2021 AQG,Mortality,All causes,Attributable deaths (AD),Total,>= 30 years of age,1341544,851027,44687.1,8.4,10.1,605,460,676,71.2,54.2,79.5,https://discomap.eea.europa.eu/App/AQViewer/index.html?fqn=Airquality_Dissem.ebd.countries_and_nuts,2026-10-06,88f9445e23b99f58079048967003353e91b5ff9150c52e8924256eb35e52d21d
Estonia,EE,Estonia,All Areas (incl.unclassified),2008,PM2.5,P1Y,Baseline from WHO 2021 AQG,Mortality,All causes,Attributable deaths (AD),Total,>= 30 years of age,1337076,851761,44687.1,8.4,8.9,448,340,501,52.7,40.0,58.8,https://discomap.eea.europa.eu/App/AQViewer/index.html?fqn=Airquality_Dissem.ebd.countries_and_nuts,2026-10-06,88f9445e23b99f58079048967003353e91b5ff9150c52e8924256eb35e52d21d
Estonia,EE,Estonia,All Areas (incl.unclassified),2009,PM2.5,P1Y,Baseline from WHO 2021 AQG,Mortality,All causes,Attributable deaths (AD),Total,>= 30 years of age,1334409,853099,44689.1,6.2,7.4,268,203,299,31.4,23.9,35.2,https://discomap.eea.europa.eu/App/AQViewer/index.html?fqn=Airquality_Dissem.ebd.countries_and_nuts,2026-10-06,88f9445e23b99f58079048967003353e91b5ff9150c52e8924256eb35e52d21d
Estonia,EE,Estonia,All Areas (incl.unclassified),2010,PM2.5,P1Y,Baseline from WHO 2021 AQG,Mortality,All causes,Attributable deaths (AD),Total,>= 30 years of age,1331969,854732,44689.1,7.8,9.0,439,334,491,51.5,39.1,57.5,https://discomap.eea.europa.eu/App/AQViewer/index.html?fqn=Airquality_Dissem.ebd.countries_and_nuts,2026-10-06,88f9445e23b99f58079048967003353e91b5ff9150c52e8924256eb35e52d21d
Estonia,EE,Estonia,All Areas (incl.unclassified),2011,PM2.5,P1Y,Baseline from WHO 2021 AQG,Mortality,All causes,Attributable deaths (AD),Total,>= 30 years of age,1328331,855943,44689.1,6.9,8.3,344,261,385,40.3,30.6,45.0,https://discomap.eea.europa.eu/App/AQViewer/index.html?fqn=Airquality_Dissem.ebd.countries_and_nuts,2026-10-06,88f9445e23b99f58079048967003353e91b5ff9150c52e8924256eb35e52d21d
Estonia,EE,Estonia,All Areas (incl.unclassified),2012,PM2.5,P1Y,Baseline from WHO 2021 AQG,Mortality,All causes,Attributable deaths (AD),Total,>= 30 years of age,1323887,857841,44689.1,6.5,7.9,313,238,350,36.6,27.8,40.9,https://discomap.eea.europa.eu/App/AQViewer/index.html?fqn=Airquality_Dissem.ebd.countries_and_nuts,2026-10-06,88f9445e23b99f58079048967003353e91b5ff9150c52e8924256eb35e52d21d
Estonia,EE,Estonia,All Areas (incl.unclassified),2013,PM2.5,P1Y,Baseline from WHO 2021 AQG,Mortality,All causes,Attributable deaths (AD),Total,>= 30 years of age,1318842,859520,44689.1,6.5,7.8,297,225,332,34.6,26.3,38.7,https://discomap.eea.europa.eu/App/AQViewer/index.html?fqn=Airquality_Dissem.ebd.countries_and_nuts,2026-10-06,88f9445e23b99f58079048967003353e91b5ff9150c52e8924256eb35e52d21d
Estonia,EE,Estonia,All Areas (incl.unclassified),2014,PM2.5,P1Y,Baseline from WHO 2021 AQG,Mortality,All causes,Attributable deaths (AD),Total,>= 30 years of age,1314481,862452,44689.1,7.1,8.5,382,290,427,44.3,33.7,49.5,https://discomap.eea.europa.eu/App/AQViewer/index.html?fqn=Airquality_Dissem.ebd.countries_and_nuts,2026-10-06,88f9445e23b99f58079048967003353e91b5ff9150c52e8924256eb35e52d21d
Estonia,EE,Estonia,All Areas (incl.unclassified),2015,PM2.5,P1Y,Baseline from WHO 2021 AQG,Mortality,All causes,Attributable deaths (AD),Total,>= 30 years of age,1313530,864506,44689.1,5.9,6.9,208,158,233,24.1,18.3,27.0,https://discomap.eea.europa.eu/App/AQViewer/index.html?fqn=Airquality_Dissem.ebd.countries_and_nuts,2026-10-06,88f9445e23b99f58079048967003353e91b5ff9150c52e8924256eb35e52d21d
Estonia,EE,Estonia,All Areas (incl.unclassified),2016,PM2.5,P1Y,Baseline from WHO 2021 AQG,Mortality,All causes,Attributable deaths (AD),Total,>= 30 years of age,1314584,870031,44689.1,4.9,6.1,128,97,143,14.8,11.2,16.5,https://discomap.eea.europa.eu/App/AQViewer/index.html?fqn=Airquality_Dissem.ebd.countries_and_nuts,2026-10-06,88f9445e23b99f58079048967003353e91b5ff9150c52e8924256eb35e52d21d
Estonia,EE,Estonia,All Areas (incl.unclassified),2017,PM2.5,P1Y,Baseline from WHO 2021 AQG,Mortality,All causes,Attributable deaths (AD),Total,>= 30 years of age,1314260,874599,44689.1,4.2,5.5,74,56,83,8.6,6.5,9.6,https://discomap.eea.europa.eu/App/AQViewer/index.html?fqn=Airquality_Dissem.ebd.countries_and_nuts,2026-10-06,88f9445e23b99f58079048967003353e91b5ff9150c52e8924256eb35e52d21d
Estonia,EE,Estonia,All Areas (incl.unclassified),2018,PM2.5,P1Y,Baseline from WHO 2021 AQG,Mortality,All causes,Attributable deaths (AD),Total,>= 30 years of age,1317737,882822,44689.1,5.9,7.0,231,175,258,26.2,19.9,29.3,https://discomap.eea.europa.eu/App/AQViewer/index.html?fqn=Airquality_Dissem.ebd.countries_and_nuts,2026-10-06,88f9445e23b99f58079048967003353e91b5ff9150c52e8924256eb35e52d21d
Estonia,EE,Estonia,All Areas (incl.unclassified),2019,PM2.5,P1Y,Baseline from WHO 2021 AQG,Mortality,All causes,Attributable deaths (AD),Total,>= 30 years of age,1323403,892389,44689.1,4.3,5.6,84,64,95,9.5,7.2,10.6,https://discomap.eea.europa.eu/App/AQViewer/index.html?fqn=Airquality_Dissem.ebd.countries_and_nuts,2026-10-06,88f9445e23b99f58079048967003353e91b5ff9150c52e8924256eb35e52d21d
Estonia,EE,Estonia,All Areas (incl.unclassified),2020,PM2.5,P1Y,Baseline from WHO 2021 AQG,Mortality,All causes,Attributable deaths (AD),Total,>= 30 years of age,1327535,901645,44689.1,4.4,5.4,61,46,69,6.8,5.2,7.7,https://discomap.eea.europa.eu/App/AQViewer/index.html?fqn=Airquality_Dissem.ebd.countries_and_nuts,2026-10-06,88f9445e23b99f58079048967003353e91b5ff9150c52e8924256eb35e52d21d
Estonia,EE,Estonia,All Areas (incl.unclassified),2021,PM2.5,P1Y,Baseline from WHO 2021 AQG,Mortality,All causes,Attributable deaths (AD),Total,>= 30 years of age,1328622,908088,44689.1,4.4,5.8,118,89,132,13.0,9.9,14.6,https://discomap.eea.europa.eu/App/AQViewer/index.html?fqn=Airquality_Dissem.ebd.countries_and_nuts,2026-10-06,88f9445e23b99f58079048967003353e91b5ff9150c52e8924256eb35e52d21d
Estonia,EE,Estonia,All Areas (incl.unclassified),2022,PM2.5,P1Y,Baseline from WHO 2021 AQG,Mortality,All causes,Attributable deaths (AD),Total,>= 30 years of age,1330346,911919,44689.1,4.3,5.6,89,67,99,9.8,7.4,10.9,https://discomap.eea.europa.eu/App/AQViewer/index.html?fqn=Airquality_Dissem.ebd.countries_and_nuts,2026-10-06,88f9445e23b99f58079048967003353e91b5ff9150c52e8924256eb35e52d21d
Estonia,EE,Estonia,All Areas (incl.unclassified),2023,PM2.5,P1Y,Baseline from WHO 2021 AQG,Mortality,All causes,Attributable deaths (AD),Total,>= 30 years of age,1364396,932969,44689.1,4.5,5.2,46,35,51,5.0,3.8,5.5,https://discomap.eea.europa.eu/App/AQViewer/index.html?fqn=Airquality_Dissem.ebd.countries_and_nuts,2026-10-06,88f9445e23b99f58079048967003353e91b5ff9150c52e8924256eb35e52d21d
Finland,FI,Finland,All Areas (incl.unclassified),2005,PM2.5,P1Y,Baseline from WHO 2021 AQG,Mortality,All causes,Attributable deaths (AD),Total,>= 30 years of age,5235159,3338802,335908.3,5.5,8.6,1198,911,1339,35.9,27.3,40.1,https://discomap.eea.europa.eu/App/AQViewer/index.html?fqn=Airquality_Dissem.ebd.countries_and_nuts,2026-10-06,88f9445e23b99f58079048967003353e91b5ff9150c52e8924256eb35e52d21d
Finland,FI,Finland,All Areas (incl.unclassified),2007,PM2.5,P1Y,Baseline from WHO 2021 AQG,Mortality,All causes,Attributable deaths (AD),Total,>= 30 years of age,5275363,3386434,335906.1,6.0,8.6,1206,916,1348,35.6,27.1,39.8,https://discomap.eea.europa.eu/App/AQViewer/index.html?fqn=Airquality_Dissem.ebd.countries_and_nuts,2026-10-06,88f9445e23b99f58079048967003353e91b5ff9150c52e8924256eb35e52d21d
Finland,FI,Finland,All Areas (incl.unclassified),2008,PM2.5,P1Y,Baseline from WHO 2021 AQG,Mortality,All causes,Attributable deaths (AD),Total,>= 30 years of age,5298880,3410993,335707.2,5.0,7.4,807,612,902,23.7,18.0,26.5,https://discomap.eea.europa.eu/App/AQViewer/index.html?fqn=Airquality_Dissem.ebd.countries_and_nuts,2026-10-06,88f9445e23b99f58079048967003353e91b5ff9150c52e8924256eb35e52d21d
Finland,FI,Finland,All Areas (incl.unclassified),2009,PM2.5,P1Y,Baseline from WHO 2021 AQG,Mortality,All causes,Attributable deaths (AD),Total,>= 30 years of age,5324811,3435149,335709.4,3.8,6.6,613,465,686,17.9,13.6,20.0,https://discomap.eea.europa.eu/App/AQViewer/index.html?fqn=Airquality_Dissem.ebd.countries_and_nuts,2026-10-06,88f9445e23b99f58079048967003353e91b5ff9150c52e8924256eb35e52d21d
Finland,FI,Finland,All Areas (incl.unclassified),2010,PM2.5,P1Y,Baseline from WHO 2021 AQG,Mortality,All causes,Attributable deaths (AD),Total,>= 30 years of age,5349907,3458379,335709.4,5.2,7.8,994,754,1111,28.7,21.8,32.1,https://discomap.eea.europa.eu/App/AQViewer/index.html?fqn=Airquality_Dissem.ebd.countries_and_nuts,2026-10-06,88f9445e23b99f58079048967003353e91b5ff9150c52e8924256eb35e52d21d
Finland,FI,Finland,All Areas (incl.unclassified),2011,PM2.5,P1Y,Baseline from WHO 2021 AQG,Mortality,All causes,Attributable deaths (AD),Total,>= 30 years of age,5373748,3480682,335709.4,5.1,7.6,936,711,1047,26.9,20.4,30.1,https://discomap.eea.europa.eu/App/AQViewer/index.html?fqn=Airquality_Dissem.ebd.countries_and_nuts,2026-10-06,88f9445e23b99f58079048967003353e91b5ff9150c52e8924256eb35e52d21d
Finland,FI,Finland,All Areas (incl.unclassified),2012,PM2.5,P1Y,Baseline from WHO 2021 AQG,Mortality,All causes,Attributable deaths (AD),Total,>= 30 years of age,5399731,3505202,335709.4,5.0,7.1,765,580,855,21.8,16.6,24.4,https://discomap.eea.europa.eu/App/AQViewer/index.html?fqn=Airquality_Dissem.ebd.countries_and_nuts,2026-10-06,88f9445e23b99f58079048967003353e91b5ff9150c52e8924256eb35e52d21d
Finland,FI,Finland,All Areas (incl.unclassified),2013,PM2.5,P1Y,Baseline from WHO 2021 AQG,Mortality,All causes,Attributable deaths (AD),Total,>= 30 years of age,5425126,3532508,335709.4,4.0,5.9,363,275,406,10.3,7.8,11.5,https://discomap.eea.europa.eu/App/AQViewer/index.html?fqn=Airquality_Dissem.ebd.countries_and_nuts,2026-10-06,88f9445e23b99f58079048967003353e91b5ff9150c52e8924256eb35e52d21d
Finland,FI,Finland,All Areas (incl.unclassified),2014,PM2.5,P1Y,Baseline from WHO 2021 AQG,Mortality,All causes,Attributable deaths (AD),Total,>= 30 years of age,5449712,3560879,335709.4,5.3,7.3,853,647,954,24.0,18.2,26.8,https://discomap.eea.europa.eu/App/AQViewer/index.html?fqn=Airquality_Dissem.ebd.countries_and_nuts,2026-10-06,88f9445e23b99f58079048967003353e91b5ff9150c52e8924256eb35e52d21d
Finland,FI,Finland,All Areas (incl.unclassified),2015,PM2.5,P1Y,Baseline from WHO 2021 AQG,Mortality,All causes,Attributable deaths (AD),Total,>= 30 years of age,5470188,3585886,335709.4,3.9,5.4,212,160,237,5.9,4.5,6.6,https://discomap.eea.europa.eu/App/AQViewer/index.html?fqn=Airquality_Dissem.ebd.countries_and_nuts,2026-10-06,88f9445e23b99f58079048967003353e91b5ff9150c52e8924256eb35e52d21d
Finland,FI,Finland,All Areas (incl.unclassified),2016,PM2.5,P1Y,Baseline from WHO 2021 AQG,Mortality,All causes,Attributable deaths (AD),Total,>= 30 years of age,5485723,3607327,335709.4,3.7,5.3,235,178,263,6.5,5.0,7.3,https://discomap.eea.europa.eu/App/AQViewer/index.html?fqn=Airquality_Dissem.ebd.countries_and_nuts,2026-10-06,88f9445e23b99f58079048967003353e91b5ff9150c52e8924256eb35e52d21d
Finland,FI,Finland,All Areas (incl.unclassified),2017,PM2.5,P1Y,Baseline from WHO 2021 AQG,Mortality,All causes,Attributable deaths (AD),Total,>= 30 years of age,5501674,3626506,335709.4,2.7,4.4,104,78,116,2.9,2.2,3.2,https://discomap.eea.europa.eu/App/AQViewer/index.html?fqn=Airquality_Dissem.ebd.countries_and_nuts,2026-10-06,88f9445e23b99f58079048967003353e91b5ff9150c52e8924256eb35e52d21d
Finland,FI,Finland,All Areas (incl.unclassified),2018,PM2.5,P1Y,Baseline from WHO 2021 AQG,Mortality,All causes,Attributable deaths (AD),Total,>= 30 years of age,5511475,3643479,335709.4,3.5,5.9,470,356,525,12.9,9.8,14.4,https://discomap.eea.europa.eu/App/AQViewer/index.html?fqn=Airquality_Dissem.ebd.countries_and_nuts,2026-10-06,88f9445e23b99f58079048967003353e91b5ff9150c52e8924256eb35e52d21d
Finland,FI,Finland,All Areas (incl.unclassified),2019,PM2.5,P1Y,Baseline from WHO 2021 AQG,Mortality,All causes,Attributable deaths (AD),Total,>= 30 years of age,5516232,3663149,335709.4,3.1,5.0,175,133,196,4.8,3.6,5.4,https://discomap.eea.europa.eu/App/AQViewer/index.html?fqn=Airquality_Dissem.ebd.countries_and_nuts,2026-10-06,88f9445e23b99f58079048967003353e91b5ff9150c52e8924256eb35e52d21d
Finland,FI,Finland,All Areas (incl.unclassified),2020,PM2.5,P1Y,Baseline from WHO 2021 AQG,Mortality,All causes,Attributable deaths (AD),Total,>= 30 years of age,5523584,3686815,335708.9,2.8,4.5,68,51,76,1.8,1.4,2.1,https://discomap.eea.europa.eu/App/AQViewer/index.html?fqn=Airquality_Dissem.ebd.countries_and_nuts,2026-10-06,88f9445e23b99f58079048967003353e91b5ff9150c52e8924256eb35e52d21d
Finland,FI,Finland,All Areas (incl.unclassified),2021,PM2.5,P1Y,Baseline from WHO 2021 AQG,Mortality,All causes,Attributable deaths (AD),Total,>= 30 years of age,5532079,3712149,335708.9,3.4,5.0,168,127,188,4.5,3.4,5.1,https://discomap.eea.europa.eu/App/AQViewer/index.html?fqn=Airquality_Dissem.ebd.countries_and_nuts,2026-10-06,88f9445e23b99f58079048967003353e91b5ff9150c52e8924256eb35e52d21d
Finland,FI,Finland,All Areas (incl.unclassified),2022,PM2.5,P1Y,Baseline from WHO 2021 AQG,Mortality,All causes,Attributable deaths (AD),Total,>= 30 years of age,5546525,3738078,335708.9,2.7,4.4,70,53,79,1.9,1.4,2.1,https://discomap.eea.europa.eu/App/AQViewer/index.html?fqn=Airquality_Dissem.ebd.countries_and_nuts,2026-10-06,88f9445e23b99f58079048967003353e91b5ff9150c52e8924256eb35e52d21d
Finland,FI,Finland,All Areas (incl.unclassified),2023,PM2.5,P1Y,Baseline from WHO 2021 AQG,Mortality,All causes,Attributable deaths (AD),Total,>= 30 years of age,5562247,3765180,335708.9,2.7,4.2,34,26,39,0.9,0.7,1.0,https://discomap.eea.europa.eu/App/AQViewer/index.html?fqn=Airquality_Dissem.ebd.countries_and_nuts,2026-10-06,88f9445e23b99f58079048967003353e91b5ff9150c52e8924256eb35e52d21d
France,FR,France,All Areas (incl.unclassified),2005,PM2.5,P1Y,Baseline from WHO 2021 AQG,Mortality,All causes,Attributable deaths (AD),Total,>= 30 years of age,60756277,37790298,548533.7,12.6,16.0,38447,29423,42825,101.7,77.9,113.3,https://discomap.eea.europa.eu/App/AQViewer/index.html?fqn=Airquality_Dissem.ebd.countries_and_nuts,2026-10-06,88f9445e23b99f58079048967003353e91b5ff9150c52e8924256eb35e52d21d
France,FR,France,All Areas (incl.unclassified),2007,PM2.5,P1Y,Baseline from WHO 2021 AQG,Mortality,All causes,Attributable deaths (AD),Total,>= 30 years of age,61600469,38431375,548533.7,12.2,14.4,32677,24963,36429,85.0,65.0,94.8,https://discomap.eea.europa.eu/App/AQViewer/index.html?fqn=Airquality_Dissem.ebd.countries_and_nuts,2026-10-06,88f9445e23b99f58079048967003353e91b5ff9150c52e8924256eb35e52d21d
France,FR,France,All Areas (incl.unclassified),2008,PM2.5,P1Y,Baseline from WHO 2021 AQG,Mortality,All causes,Attributable deaths (AD),Total,>= 30 years of age,61950956,38739974,548533.7,11.4,14.7,34629,26469,38595,89.4,68.3,99.6,https://discomap.eea.europa.eu/App/AQViewer/index.html?fqn=Airquality_Dissem.ebd.countries_and_nuts,2026-10-06,88f9445e23b99f58079048967003353e91b5ff9150c52e8924256eb35e52d21d
France,FR,France,All Areas (incl.unclassified),2009,PM2.5,P1Y,Baseline from WHO 2021 AQG,Mortality,All causes,Attributable deaths (AD),Total,>= 30 years of age,62282977,39011935,548533.7,12.0,16.0,39285,30068,43755,100.7,77.1,112.2,https://discomap.eea.europa.eu/App/AQViewer/index.html?fqn=Airquality_Dissem.ebd.countries_and_nuts,2026-10-06,88f9445e23b99f58079048967003353e91b5ff9150c52e8924256eb35e52d21d
France,FR,France,All Areas (incl.unclassified),2010,PM2.5,P1Y,Baseline from WHO 2021 AQG,Mortality,All causes,Attributable deaths (AD),Total,>= 30 years of age,62581692,39279500,548533.7,12.6,16.2,40206,30775,44780,102.4,78.3,114.0,https://discomap.eea.europa.eu/App/AQViewer/index.html?fqn=Airquality_Dissem.ebd.countries_and_nuts,2026-10-06,88f9445e23b99f58079048967003353e91b5ff9150c52e8924256eb35e52d21d
France,FR,France,All Areas (incl.unclassified),2011,PM2.5,P1Y,Baseline from WHO 2021 AQG,Mortality,All causes,Attributable deaths (AD),Total,>= 30 years of age,62891306,39612750,548533.7,12.1,16.1,39606,30317,44111,100.0,76.5,111.4,https://discomap.eea.europa.eu/App/AQViewer/index.html?fqn=Airquality_Dissem.ebd.countries_and_nuts,2026-10-06,88f9445e23b99f58079048967003353e91b5ff9150c52e8924256eb35e52d21d
France,FR,France,All Areas (incl.unclassified),2012,PM2.5,P1Y,Baseline from WHO 2021 AQG,Mortality,All causes,Attributable deaths (AD),Total,>= 30 years of age,63180002,39944225,548533.7,11.1,14.6,36236,27705,40381,90.7,69.4,101.1,https://discomap.eea.europa.eu/App/AQViewer/index.html?fqn=Airquality_Dissem.ebd.countries_and_nuts,2026-10-06,88f9445e23b99f58079048967003353e91b5ff9150c52e8924256eb35e52d21d
France,FR,France,All Areas (incl.unclassified),2013,PM2.5,P1Y,Baseline from WHO 2021 AQG,Mortality,All causes,Attributable deaths (AD),Total,>= 30 years of age,63493031,40269779,548533.7,10.8,14.3,35171,26881,39202,87.3,66.8,97.3,https://discomap.eea.europa.eu/App/AQViewer/index.html?fqn=Airquality_Dissem.ebd.countries_and_nuts,2026-10-06,88f9445e23b99f58079048967003353e91b5ff9150c52e8924256eb35e52d21d
France,FR,France,All Areas (incl.unclassified),2014,PM2.5,P1Y,Baseline from WHO 2021 AQG,Mortality,All causes,Attributable deaths (AD),Total,>= 30 years of age,64040526,40641225,548533.7,8.3,10.9,22279,16972,24872,54.8,41.8,61.2,https://discomap.eea.europa.eu/App/AQViewer/index.html?fqn=Airquality_Dissem.ebd.countries_and_nuts,2026-10-06,88f9445e23b99f58079048967003353e91b5ff9150c52e8924256eb35e52d21d
France,FR,France,All Areas (incl.unclassified),2015,PM2.5,P1Y,Baseline from WHO 2021 AQG,Mortality,All causes,Attributable deaths (AD),Total,>= 30 years of age,64323345,40926012,548533.7,9.0,12.0,27834,21228,31057,68.0,51.9,75.9,https://discomap.eea.europa.eu/App/AQViewer/index.html?fqn=Airquality_Dissem.ebd.countries_and_nuts,2026-10-06,88f9445e23b99f58079048967003353e91b5ff9150c52e8924256eb35e52d21d
France,FR,France,All Areas (incl.unclassified),2016,PM2.5,P1Y,Baseline from WHO 2021 AQG,Mortality,All causes,Attributable deaths (AD),Total,>= 30 years of age,64497866,41173726,548533.7,7.9,11.0,23966,18262,26751,58.2,44.4,65.0,https://discomap.eea.europa.eu/App/AQViewer/index.html?fqn=Airquality_Dissem.ebd.countries_and_nuts,2026-10-06,88f9445e23b99f58079048967003353e91b5ff9150c52e8924256eb35e52d21d
France,FR,France,All Areas (incl.unclassified),2017,PM2.5,P1Y,Baseline from WHO 2021 AQG,Mortality,All causes,Attributable deaths (AD),Total,>= 30 years of age,64663880,41446935,548533.7,7.9,10.5,22582,17198,25214,54.5,41.5,60.8,https://discomap.eea.europa.eu/App/AQViewer/index.html?fqn=Airquality_Dissem.ebd.countries_and_nuts,2026-10-06,88f9445e23b99f58079048967003353e91b5ff9150c52e8924256eb35e52d21d
France,FR,France,All Areas (incl.unclassified),2018,PM2.5,P1Y,Baseline from WHO 2021 AQG,Mortality,All causes,Attributable deaths (AD),Total,>= 30 years of age,64873388,41706335,548533.7,7.9,10.5,22560,17183,25188,54.1,41.2,60.4,https://discomap.eea.europa.eu/App/AQViewer/index.html?fqn=Airquality_Dissem.ebd.countries_and_nuts,2026-10-06,88f9445e23b99f58079048967003353e91b5ff9150c52e8924256eb35e52d21d
France,FR,France,All Areas (incl.unclassified),2019,PM2.5,P1Y,Baseline from WHO 2021 AQG,Mortality,All causes,Attributable deaths (AD),Total,>= 30 years of age,65129226,42013593,548533.7,7.1,9.4,18421,14014,20578,43.8,33.4,49.0,https://discomap.eea.europa.eu/App/AQViewer/index.html?fqn=Airquality_Dissem.ebd.countries_and_nuts,2026-10-06,88f9445e23b99f58079048967003353e91b5ff9150c52e8924256eb35e52d21d
France,FR,France,All Areas (incl.unclassified),2020,PM2.5,P1Y,Baseline from WHO 2021 AQG,Mortality,All causes,Attributable deaths (AD),Total,>= 30 years of age,65306586,42275175,548533.7,6.3,8.5,16190,12305,18095,38.3,29.1,42.8,https://discomap.eea.europa.eu/App/AQViewer/index.html?fqn=Airquality_Dissem.ebd.countries_and_nuts,2026-10-06,88f9445e23b99f58079048967003353e91b5ff9150c52e8924256eb35e52d21d
France,FR,France,All Areas (incl.unclassified),2021,PM2.5,P1Y,Baseline from WHO 2021 AQG,Mortality,All causes,Attributable deaths (AD),Total,>= 30 years of age,65553310,42557136,548533.7,7.2,9.3,19472,14811,21754,45.8,34.8,51.1,https://discomap.eea.europa.eu/App/AQViewer/index.html?fqn=Airquality_Dissem.ebd.countries_and_nuts,2026-10-06,88f9445e23b99f58079048967003353e91b5ff9150c52e8924256eb35e52d21d
France,FR,France,All Areas (incl.unclassified),2022,PM2.5,P1Y,Baseline from WHO 2021 AQG,Mortality,All causes,Attributable deaths (AD),Total,>= 30 years of age,65904792,42896448,548533.7,7.3,9.4,20286,15430,22664,47.3,36.0,52.8,https://discomap.eea.europa.eu/App/AQViewer/index.html?fqn=Airquality_Dissem.ebd.countries_and_nuts,2026-10-06,88f9445e23b99f58079048967003353e91b5ff9150c52e8924256eb35e52d21d
France,FR,France,All Areas (incl.unclassified),2023,PM2.5,P1Y,Baseline from WHO 2021 AQG,Mortality,All causes,Attributable deaths (AD),Total,>= 30 years of age,66084342,43124046,548533.7,6.7,8.4,14741,11201,16477,34.2,26.0,38.2,https://discomap.eea.europa.eu/App/AQViewer/index.html?fqn=Airquality_Dissem.ebd.countries_and_nuts,2026-10-06,88f9445e23b99f58079048967003353e91b5ff9150c52e8924256eb35e52d21d
Germany,DE,Germany,All Areas (incl.unclassified),2005,PM2.5,P1Y,Baseline from WHO 2021 AQG,Mortality,All causes,Attributable deaths (AD),Total,>= 30 years of age,82497761,56150761,357193.5,14.5,16.4,66312,50750,73862,118.1,90.4,131.5,https://discomap.eea.europa.eu/App/AQViewer/index.html?fqn=Airquality_Dissem.ebd.countries_and_nuts,2026-10-06,88f9445e23b99f58079048967003353e91b5ff9150c52e8924256eb35e52d21d
Germany,DE,Germany,All Areas (incl.unclassified),2007,PM2.5,P1Y,Baseline from WHO 2021 AQG,Mortality,All causes,Attributable deaths (AD),Total,>= 30 years of age,82310858,56341007,357273.7,11.5,13.3,48416,36944,54006,85.9,65.6,95.9,https://discomap.eea.europa.eu/App/AQViewer/index.html?fqn=Airquality_Dissem.ebd.countries_and_nuts,2026-10-06,88f9445e23b99f58079048967003353e91b5ff9150c52e8924256eb35e52d21d
Germany,DE,Germany,All Areas (incl.unclassified),2008,PM2.5,P1Y,Baseline from WHO 2021 AQG,Mortality,All causes,Attributable deaths (AD),Total,>= 30 years of age,82213708,56458111,357356.2,11.8,14.1,54152,41355,60380,95.9,73.3,106.9,https://discomap.eea.europa.eu/App/AQViewer/index.html?fqn=Airquality_Dissem.ebd.countries_and_nuts,2026-10-06,88f9445e23b99f58079048967003353e91b5ff9150c52e8924256eb35e52d21d
Germany,DE,Germany,All Areas (incl.unclassified),2009,PM2.5,P1Y,Baseline from WHO 2021 AQG,Mortality,All causes,Attributable deaths (AD),Total,>= 30 years of age,81999086,56497335,357358.6,13.4,15.5,63080,48236,70290,111.7,85.4,124.4,https://discomap.eea.europa.eu/App/AQViewer/index.html?fqn=Airquality_Dissem.ebd.countries_and_nuts,2026-10-06,88f9445e23b99f58079048967003353e91b5ff9150c52e8924256eb35e52d21d
Germany,DE,Germany,All Areas (incl.unclassified),2010,PM2.5,P1Y,Baseline from WHO 2021 AQG,Mortality,All causes,Attributable deaths (AD),Total,>= 30 years of age,81798100,56546800,357357.6,14.3,16.3,68248,52229,76021,120.7,92.4,134.4,https://discomap.eea.europa.eu/App/AQViewer/index.html?fqn=Airquality_Dissem.ebd.countries_and_nuts,2026-10-06,88f9445e23b99f58079048967003353e91b5ff9150c52e8924256eb35e52d21d
Germany,DE,Germany,All Areas (incl.unclassified),2011,PM2.5,P1Y,Baseline from WHO 2021 AQG,Mortality,All causes,Attributable deaths (AD),Total,>= 30 years of age,80218731,55598992,357358.6,13.5,15.6,63903,48875,71200,114.9,87.9,128.1,https://discomap.eea.europa.eu/App/AQViewer/index.html?fqn=Airquality_Dissem.ebd.countries_and_nuts,2026-10-06,88f9445e23b99f58079048967003353e91b5ff9150c52e8924256eb35e52d21d
Germany,DE,Germany,All Areas (incl.unclassified),2012,PM2.5,P1Y,Baseline from WHO 2021 AQG,Mortality,All causes,Attributable deaths (AD),Total,>= 30 years of age,80324507,55847104,357358.6,11.3,13.3,51130,39019,57031,91.6,69.9,102.1,https://discomap.eea.europa.eu/App/AQViewer/index.html?fqn=Airquality_Dissem.ebd.countries_and_nuts,2026-10-06,88f9445e23b99f58079048967003353e91b5ff9150c52e8924256eb35e52d21d
Germany,DE,Germany,All Areas (incl.unclassified),2013,PM2.5,P1Y,Baseline from WHO 2021 AQG,Mortality,All causes,Attributable deaths (AD),Total,>= 30 years of age,80520317,56121788,357358.6,12.2,14.1,57804,44145,64452,103.0,78.7,114.8,https://discomap.eea.europa.eu/App/AQViewer/index.html?fqn=Airquality_Dissem.ebd.countries_and_nuts,2026-10-06,88f9445e23b99f58079048967003353e91b5ff9150c52e8924256eb35e52d21d
Germany,DE,Germany,All Areas (incl.unclassified),2014,PM2.5,P1Y,Baseline from WHO 2021 AQG,Mortality,All causes,Attributable deaths (AD),Total,>= 30 years of age,80763979,56373645,357358.5,11.9,13.3,51424,39249,57355,91.2,69.6,101.7,https://discomap.eea.europa.eu/App/AQViewer/index.html?fqn=Airquality_Dissem.ebd.countries_and_nuts,2026-10-06,88f9445e23b99f58079048967003353e91b5ff9150c52e8924256eb35e52d21d
Germany,DE,Germany,All Areas (incl.unclassified),2015,PM2.5,P1Y,Baseline from WHO 2021 AQG,Mortality,All causes,Attributable deaths (AD),Total,>= 30 years of age,81194018,56688415,357358.5,11.0,12.5,49422,37686,55147,87.2,66.5,97.3,https://discomap.eea.europa.eu/App/AQViewer/index.html?fqn=Airquality_Dissem.ebd.countries_and_nuts,2026-10-06,88f9445e23b99f58079048967003353e91b5ff9150c52e8924256eb35e52d21d
Germany,DE,Germany,All Areas (incl.unclassified),2016,PM2.5,P1Y,Baseline from WHO 2021 AQG,Mortality,All causes,Attributable deaths (AD),Total,>= 30 years of age,82172137,57126569,357358.6,10.1,11.7,43783,33366,48870,76.6,58.4,85.5,https://discomap.eea.europa.eu/App/AQViewer/index.html?fqn=Airquality_Dissem.ebd.countries_and_nuts,2026-10-06,88f9445e23b99f58079048967003353e91b5ff9150c52e8924256eb35e52d21d
Germany,DE,Germany,All Areas (incl.unclassified),2017,PM2.5,P1Y,Baseline from WHO 2021 AQG,Mortality,All causes,Attributable deaths (AD),Total,>= 30 years of age,82518075,57356941,357358.7,10.2,11.8,44887,34208,50102,78.3,59.6,87.4,https://discomap.eea.europa.eu/App/AQViewer/index.html?fqn=Airquality_Dissem.ebd.countries_and_nuts,2026-10-06,88f9445e23b99f58079048967003353e91b5ff9150c52e8924256eb35e52d21d
Germany,DE,Germany,All Areas (incl.unclassified),2018,PM2.5,P1Y,Baseline from WHO 2021 AQG,Mortality,All causes,Attributable deaths (AD),Total,>= 30 years of age,82788751,57636924,357358.7,11.1,12.2,49093,37429,54784,85.2,64.9,95.1,https://discomap.eea.europa.eu/App/AQViewer/index.html?fqn=Airquality_Dissem.ebd.countries_and_nuts,2026-10-06,88f9445e23b99f58079048967003353e91b5ff9150c52e8924256eb35e52d21d
Germany,DE,Germany,All Areas (incl.unclassified),2019,PM2.5,P1Y,Baseline from WHO 2021 AQG,Mortality,All causes,Attributable deaths (AD),Total,>= 30 years of age,83015590,57921786,357358.7,9.1,10.1,34235,26048,38241,59.1,45.0,66.0,https://discomap.eea.europa.eu/App/AQViewer/index.html?fqn=Airquality_Dissem.ebd.countries_and_nuts,2026-10-06,88f9445e23b99f58079048967003353e91b5ff9150c52e8924256eb35e52d21d
Germany,DE,Germany,All Areas (incl.unclassified),2020,PM2.5,P1Y,Baseline from WHO 2021 AQG,Mortality,All causes,Attributable deaths (AD),Total,>= 30 years of age,83163119,58150795,357358.8,8.0,9.0,28767,21867,32149,49.5,37.6,55.3,https://discomap.eea.europa.eu/App/AQViewer/index.html?fqn=Airquality_Dissem.ebd.countries_and_nuts,2026-10-06,88f9445e23b99f58079048967003353e91b5ff9150c52e8924256eb35e52d21d
Germany,DE,Germany,All Areas (incl.unclassified),2021,PM2.5,P1Y,Baseline from WHO 2021 AQG,Mortality,All causes,Attributable deaths (AD),Total,>= 30 years of age,83151401,58334480,357358.8,8.0,9.3,32035,24362,35793,54.9,41.8,61.4,https://discomap.eea.europa.eu/App/AQViewer/index.html?fqn=Airquality_Dissem.ebd.countries_and_nuts,2026-10-06,88f9445e23b99f58079048967003353e91b5ff9150c52e8924256eb35e52d21d
Germany,DE,Germany,All Areas (incl.unclassified),2022,PM2.5,P1Y,Baseline from WHO 2021 AQG,Mortality,All causes,Attributable deaths (AD),Total,>= 30 years of age,83233509,58385417,357358.8,8.2,9.2,32339,24587,36137,55.4,42.1,61.9,https://discomap.eea.europa.eu/App/AQViewer/index.html?fqn=Airquality_Dissem.ebd.countries_and_nuts,2026-10-06,88f9445e23b99f58079048967003353e91b5ff9150c52e8924256eb35e52d21d
Germany,DE,Germany,All Areas (incl.unclassified),2023,PM2.5,P1Y,Baseline from WHO 2021 AQG,Mortality,All causes,Attributable deaths (AD),Total,>= 30 years of age,83114864,58399257,357358.8,7.2,7.9,21640,16432,24196,37.1,28.1,41.4,https://discomap.eea.europa.eu/App/AQViewer/index.html?fqn=Airquality_Dissem.ebd.countries_and_nuts,2026-10-06,88f9445e23b99f58079048967003353e91b5ff9150c52e8924256eb35e52d21d
Greece,GR,Greece,All Areas (incl.unclassified),2005,PM2.5,P1Y,Baseline from WHO 2021 AQG,Mortality,All causes,Attributable deaths (AD),Total,>= 30 years of age,10966600,7043462,130972.9,17.7,26.2,14947,11557,16566,212.2,164.1,235.2,https://discomap.eea.europa.eu/App/AQViewer/index.html?fqn=Airquality_Dissem.ebd.countries_and_nuts,2026-10-06,88f9445e23b99f58079048967003353e91b5ff9150c52e8924256eb35e52d21d
Greece,GR,Greece,All Areas (incl.unclassified),2007,PM2.5,P1Y,Baseline from WHO 2021 AQG,Mortality,All causes,Attributable deaths (AD),Total,>= 30 years of age,11032338,7207152,130970.3,15.6,21.1,12217,9392,13578,169.5,130.3,188.4,https://discomap.eea.europa.eu/App/AQViewer/index.html?fqn=Airquality_Dissem.ebd.countries_and_nuts,2026-10-06,88f9445e23b99f58079048967003353e91b5ff9150c52e8924256eb35e52d21d
Greece,GR,Greece,All Areas (incl.unclassified),2008,PM2.5,P1Y,Baseline from WHO 2021 AQG,Mortality,All causes,Attributable deaths (AD),Total,>= 30 years of age,11057242,7285248,130970.3,14.2,22.1,12711,9785,14118,174.5,134.3,193.8,https://discomap.eea.europa.eu/App/AQViewer/index.html?fqn=Airquality_Dissem.ebd.countries_and_nuts,2026-10-06,88f9445e23b99f58079048967003353e91b5ff9150c52e8924256eb35e52d21d
Greece,GR,Greece,All Areas (incl.unclassified),2009,PM2.5,P1Y,Baseline from WHO 2021 AQG,Mortality,All causes,Attributable deaths (AD),Total,>= 30 years of age,11091350,7368815,130972.9,14.6,22.7,13134,10121,14580,178.2,137.4,197.9,https://discomap.eea.europa.eu/App/AQViewer/index.html?fqn=Airquality_Dissem.ebd.countries_and_nuts,2026-10-06,88f9445e23b99f58079048967003353e91b5ff9150c52e8924256eb35e52d21d
Greece,GR,Greece,All Areas (incl.unclassified),2010,PM2.5,P1Y,Baseline from WHO 2021 AQG,Mortality,All causes,Attributable deaths (AD),Total,>= 30 years of age,11115541,7447288,130970.5,13.8,20.4,11648,8952,12948,156.4,120.2,173.9,https://discomap.eea.europa.eu/App/AQViewer/index.html?fqn=Airquality_Dissem.ebd.countries_and_nuts,2026-10-06,88f9445e23b99f58079048967003353e91b5ff9150c52e8924256eb35e52d21d
Greece,GR,Greece,All Areas (incl.unclassified),2011,PM2.5,P1Y,Baseline from WHO 2021 AQG,Mortality,All causes,Attributable deaths (AD),Total,>= 30 years of age,11119961,7516309,130972.9,13.0,21.1,12331,9492,13696,164.1,126.3,182.2,https://discomap.eea.europa.eu/App/AQViewer/index.html?fqn=Airquality_Dissem.ebd.countries_and_nuts,2026-10-06,88f9445e23b99f58079048967003353e91b5ff9150c52e8924256eb35e52d21d
Greece,GR,Greece,All Areas (incl.unclassified),2012,PM2.5,P1Y,Baseline from WHO 2021 AQG,Mortality,All causes,Attributable deaths (AD),Total,>= 30 years of age,11082972,7551652,130972.9,13.3,19.6,11861,9112,13187,157.1,120.7,174.6,https://discomap.eea.europa.eu/App/AQViewer/index.html?fqn=Airquality_Dissem.ebd.countries_and_nuts,2026-10-06,88f9445e23b99f58079048967003353e91b5ff9150c52e8924256eb35e52d21d
Greece,GR,Greece,All Areas (incl.unclassified),2013,PM2.5,P1Y,Baseline from WHO 2021 AQG,Mortality,All causes,Attributable deaths (AD),Total,>= 30 years of age,11000206,7552516,130972.9,12.8,19.0,10966,8421,12194,145.2,111.5,161.5,https://discomap.eea.europa.eu/App/AQViewer/index.html?fqn=Airquality_Dissem.ebd.countries_and_nuts,2026-10-06,88f9445e23b99f58079048967003353e91b5ff9150c52e8924256eb35e52d21d
Greece,GR,Greece,All Areas (incl.unclassified),2014,PM2.5,P1Y,Baseline from WHO 2021 AQG,Mortality,All causes,Attributable deaths (AD),Total,>= 30 years of age,10923391,7553307,130972.9,12.0,16.6,9331,7150,10387,123.5,94.7,137.5,https://discomap.eea.europa.eu/App/AQViewer/index.html?fqn=Airquality_Dissem.ebd.countries_and_nuts,2026-10-06,88f9445e23b99f58079048967003353e91b5ff9150c52e8924256eb35e52d21d
Greece,GR,Greece,All Areas (incl.unclassified),2015,PM2.5,P1Y,Baseline from WHO 2021 AQG,Mortality,All causes,Attributable deaths (AD),Total,>= 30 years of age,10854624,7553836,130972.9,11.8,19.4,12125,9319,13477,160.5,123.4,178.4,https://discomap.eea.europa.eu/App/AQViewer/index.html?fqn=Airquality_Dissem.ebd.countries_and_nuts,2026-10-06,88f9445e23b99f58079048967003353e91b5ff9150c52e8924256eb35e52d21d
Greece,GR,Greece,All Areas (incl.unclassified),2016,PM2.5,P1Y,Baseline from WHO 2021 AQG,Mortality,All causes,Attributable deaths (AD),Total,>= 30 years of age,10780410,7538125,130981.5,11.2,19.2,11683,8977,12988,155.0,119.1,172.3,https://discomap.eea.europa.eu/App/AQViewer/index.html?fqn=Airquality_Dissem.ebd.countries_and_nuts,2026-10-06,88f9445e23b99f58079048967003353e91b5ff9150c52e8924256eb35e52d21d
Greece,GR,Greece,All Areas (incl.unclassified),2017,PM2.5,P1Y,Baseline from WHO 2021 AQG,Mortality,All causes,Attributable deaths (AD),Total,>= 30 years of age,10764838,7535438,130972.9,10.8,28.8,19572,15216,21634,259.7,201.9,287.1,https://discomap.eea.europa.eu/App/AQViewer/index.html?fqn=Airquality_Dissem.ebd.countries_and_nuts,2026-10-06,88f9445e23b99f58079048967003353e91b5ff9150c52e8924256eb35e52d21d
Greece,GR,Greece,All Areas (incl.unclassified),2018,PM2.5,P1Y,Baseline from WHO 2021 AQG,Mortality,All causes,Attributable deaths (AD),Total,>= 30 years of age,10737827,7519386,130981.5,10.6,18.0,10780,8285,11983,143.4,110.2,159.4,https://discomap.eea.europa.eu/App/AQViewer/index.html?fqn=Airquality_Dissem.ebd.countries_and_nuts,2026-10-06,88f9445e23b99f58079048967003353e91b5ff9150c52e8924256eb35e52d21d
Greece,GR,Greece,All Areas (incl.unclassified),2019,PM2.5,P1Y,Baseline from WHO 2021 AQG,Mortality,All causes,Attributable deaths (AD),Total,>= 30 years of age,10721265,7517755,130981.5,10.5,15.6,9329,7139,10392,124.1,95.0,138.2,https://discomap.eea.europa.eu/App/AQViewer/index.html?fqn=Airquality_Dissem.ebd.countries_and_nuts,2026-10-06,88f9445e23b99f58079048967003353e91b5ff9150c52e8924256eb35e52d21d
Greece,GR,Greece,All Areas (incl.unclassified),2020,PM2.5,P1Y,Baseline from WHO 2021 AQG,Mortality,All causes,Attributable deaths (AD),Total,>= 30 years of age,10715192,7514693,130959.2,9.3,14.3,8633,6598,9623,114.9,87.8,128.1,https://discomap.eea.europa.eu/App/AQViewer/index.html?fqn=Airquality_Dissem.ebd.countries_and_nuts,2026-10-06,88f9445e23b99f58079048967003353e91b5ff9150c52e8924256eb35e52d21d
Greece,GR,Greece,All Areas (incl.unclassified),2021,PM2.5,P1Y,Baseline from WHO 2021 AQG,Mortality,All causes,Attributable deaths (AD),Total,>= 30 years of age,10675328,7496352,130993.5,10.3,15.7,10838,8293,12073,144.6,110.6,161.1,https://discomap.eea.europa.eu/App/AQViewer/index.html?fqn=Airquality_Dissem.ebd.countries_and_nuts,2026-10-06,88f9445e23b99f58079048967003353e91b5ff9150c52e8924256eb35e52d21d
Greece,GR,Greece,All Areas (incl.unclassified),2022,PM2.5,P1Y,Baseline from WHO 2021 AQG,Mortality,All causes,Attributable deaths (AD),Total,>= 30 years of age,10456554,7447940,130993.5,9.2,15.5,10409,7965,11594,139.8,107.0,155.7,https://discomap.eea.europa.eu/App/AQViewer/index.html?fqn=Airquality_Dissem.ebd.countries_and_nuts,2026-10-06,88f9445e23b99f58079048967003353e91b5ff9150c52e8924256eb35e52d21d
Greece,GR,Greece,All Areas (incl.unclassified),2023,PM2.5,P1Y,Baseline from WHO 2021 AQG,Mortality,All causes,Attributable deaths (AD),Total,>= 30 years of age,10410763,7442760,130993.5,11.4,16.5,10249,7849,11412,137.7,105.5,153.3,https://discomap.eea.europa.eu/App/AQViewer/index.html?fqn=Airquality_Dissem.ebd.countries_and_nuts,2026-10-06,88f9445e23b99f58079048967003353e91b5ff9150c52e8924256eb35e52d21d
Hungary,HU,Hungary,All Areas (incl.unclassified),2005,PM2.5,P1Y,Baseline from WHO 2021 AQG,Mortality,All causes,Attributable deaths (AD),Total,>= 30 years of age,10097228,6349459,92960.8,23.1,25.0,17978,13865,19950,283.2,218.4,314.2,https://discomap.eea.europa.eu/App/AQViewer/index.html?fqn=Airquality_Dissem.ebd.countries_and_nuts,2026-10-06,88f9445e23b99f58079048967003353e91b5ff9150c52e8924256eb35e52d21d
Hungary,HU,Hungary,All Areas (incl.unclassified),2007,PM2.5,P1Y,Baseline from WHO 2021 AQG,Mortality,All causes,Attributable deaths (AD),Total,>= 30 years of age,10065825,6461964,92960.8,17.8,19.4,12979,9959,14439,200.9,154.1,223.5,https://discomap.eea.europa.eu/App/AQViewer/index.html?fqn=Airquality_Dissem.ebd.countries_and_nuts,2026-10-06,88f9445e23b99f58079048967003353e91b5ff9150c52e8924256eb35e52d21d
Hungary,HU,Hungary,All Areas (incl.unclassified),2008,PM2.5,P1Y,Baseline from WHO 2021 AQG,Mortality,All causes,Attributable deaths (AD),Total,>= 30 years of age,10045067,6506655,92960.8,17.8,19.6,12891,9893,14338,198.1,152.1,220.4,https://discomap.eea.europa.eu/App/AQViewer/index.html?fqn=Airquality_Dissem.ebd.countries_and_nuts,2026-10-06,88f9445e23b99f58079048967003353e91b5ff9150c52e8924256eb35e52d21d
Hungary,HU,Hungary,All Areas (incl.unclassified),2009,PM2.5,P1Y,Baseline from WHO 2021 AQG,Mortality,All causes,Attributable deaths (AD),Total,>= 30 years of age,10030642,6551535,92960.8,18.4,20.2,13458,10334,14965,205.4,157.7,228.4,https://discomap.eea.europa.eu/App/AQViewer/index.html?fqn=Airquality_Dissem.ebd.countries_and_nuts,2026-10-06,88f9445e23b99f58079048967003353e91b5ff9150c52e8924256eb35e52d21d
Hungary,HU,Hungary,All Areas (incl.unclassified),2010,PM2.5,P1Y,Baseline from WHO 2021 AQG,Mortality,All causes,Attributable deaths (AD),Total,>= 30 years of age,10013987,6583862,92960.8,18.6,20.4,13662,10494,15190,207.5,159.4,230.7,https://discomap.eea.europa.eu/App/AQViewer/index.html?fqn=Airquality_Dissem.ebd.countries_and_nuts,2026-10-06,88f9445e23b99f58079048967003353e91b5ff9150c52e8924256eb35e52d21d
Hungary,HU,Hungary,All Areas (incl.unclassified),2011,PM2.5,P1Y,Baseline from WHO 2021 AQG,Mortality,All causes,Attributable deaths (AD),Total,>= 30 years of age,9985373,6611620,92960.8,21.6,23.8,16298,12556,18094,246.5,189.9,273.7,https://discomap.eea.europa.eu/App/AQViewer/index.html?fqn=Airquality_Dissem.ebd.countries_and_nuts,2026-10-06,88f9445e23b99f58079048967003353e91b5ff9150c52e8924256eb35e52d21d
Hungary,HU,Hungary,All Areas (incl.unclassified),2012,PM2.5,P1Y,Baseline from WHO 2021 AQG,Mortality,All causes,Attributable deaths (AD),Total,>= 30 years of age,9931588,6661864,92960.8,17.3,19.0,12453,9553,13854,186.9,143.4,208.0,https://discomap.eea.europa.eu/App/AQViewer/index.html?fqn=Airquality_Dissem.ebd.countries_and_nuts,2026-10-06,88f9445e23b99f58079048967003353e91b5ff9150c52e8924256eb35e52d21d
Hungary,HU,Hungary,All Areas (incl.unclassified),2013,PM2.5,P1Y,Baseline from WHO 2021 AQG,Mortality,All causes,Attributable deaths (AD),Total,>= 30 years of age,9894918,6666420,92960.8,17.0,18.2,11553,8856,12859,173.3,132.8,192.9,https://discomap.eea.europa.eu/App/AQViewer/index.html?fqn=Airquality_Dissem.ebd.countries_and_nuts,2026-10-06,88f9445e23b99f58079048967003353e91b5ff9150c52e8924256eb35e52d21d
Hungary,HU,Hungary,All Areas (incl.unclassified),2014,PM2.5,P1Y,Baseline from WHO 2021 AQG,Mortality,All causes,Attributable deaths (AD),Total,>= 30 years of age,9849886,6658385,92960.8,16.6,17.3,10759,8240,11980,161.6,123.8,179.9,https://discomap.eea.europa.eu/App/AQViewer/index.html?fqn=Airquality_Dissem.ebd.countries_and_nuts,2026-10-06,88f9445e23b99f58079048967003353e91b5ff9150c52e8924256eb35e52d21d
Hungary,HU,Hungary,All Areas (incl.unclassified),2015,PM2.5,P1Y,Baseline from WHO 2021 AQG,Mortality,All causes,Attributable deaths (AD),Total,>= 30 years of age,9815538,6652655,92960.8,17.0,19.4,13029,10000,14491,195.9,150.3,217.8,https://discomap.eea.europa.eu/App/AQViewer/index.html?fqn=Airquality_Dissem.ebd.countries_and_nuts,2026-10-06,88f9445e23b99f58079048967003353e91b5ff9150c52e8924256eb35e52d21d
Hungary,HU,Hungary,All Areas (incl.unclassified),2016,PM2.5,P1Y,Baseline from WHO 2021 AQG,Mortality,All causes,Attributable deaths (AD),Total,>= 30 years of age,9779316,6649101,92960.8,15.5,17.7,11221,8598,12491,168.8,129.3,187.9,https://discomap.eea.europa.eu/App/AQViewer/index.html?fqn=Airquality_Dissem.ebd.countries_and_nuts,2026-10-06,88f9445e23b99f58079048967003353e91b5ff9150c52e8924256eb35e52d21d
Hungary,HU,Hungary,All Areas (incl.unclassified),2017,PM2.5,P1Y,Baseline from WHO 2021 AQG,Mortality,All causes,Attributable deaths (AD),Total,>= 30 years of age,9739519,6641488,92960.8,16.2,18.7,12542,9619,13955,188.9,144.8,210.1,https://discomap.eea.europa.eu/App/AQViewer/index.html?fqn=Airquality_Dissem.ebd.countries_and_nuts,2026-10-06,88f9445e23b99f58079048967003353e91b5ff9150c52e8924256eb35e52d21d
Hungary,HU,Hungary,All Areas (incl.unclassified),2018,PM2.5,P1Y,Baseline from WHO 2021 AQG,Mortality,All causes,Attributable deaths (AD),Total,>= 30 years of age,9713323,6637332,92960.8,16.3,18.3,12123,9294,13493,182.7,140.0,203.3,https://discomap.eea.europa.eu/App/AQViewer/index.html?fqn=Airquality_Dissem.ebd.countries_and_nuts,2026-10-06,88f9445e23b99f58079048967003353e91b5ff9150c52e8924256eb35e52d21d
Hungary,HU,Hungary,All Areas (incl.unclassified),2019,PM2.5,P1Y,Baseline from WHO 2021 AQG,Mortality,All causes,Attributable deaths (AD),Total,>= 30 years of age,9699940,6644459,92960.8,13.2,14.4,8625,6588,9616,129.8,99.2,144.7,https://discomap.eea.europa.eu/App/AQViewer/index.html?fqn=Airquality_Dissem.ebd.countries_and_nuts,2026-10-06,88f9445e23b99f58079048967003353e91b5ff9150c52e8924256eb35e52d21d
Hungary,HU,Hungary,All Areas (incl.unclassified),2020,PM2.5,P1Y,Baseline from WHO 2021 AQG,Mortality,All causes,Attributable deaths (AD),Total,>= 30 years of age,9689040,6657489,92960.8,12.9,14.4,9477,7239,10565,142.4,108.7,158.7,https://discomap.eea.europa.eu/App/AQViewer/index.html?fqn=Airquality_Dissem.ebd.countries_and_nuts,2026-10-06,88f9445e23b99f58079048967003353e91b5ff9150c52e8924256eb35e52d21d
Hungary,HU,Hungary,All Areas (incl.unclassified),2021,PM2.5,P1Y,Baseline from WHO 2021 AQG,Mortality,All causes,Attributable deaths (AD),Total,>= 30 years of age,9651122,6650665,92960.8,12.3,14.3,10310,7876,11495,155.0,118.4,172.8,https://discomap.eea.europa.eu/App/AQViewer/index.html?fqn=Airquality_Dissem.ebd.countries_and_nuts,2026-10-06,88f9445e23b99f58079048967003353e91b5ff9150c52e8924256eb35e52d21d
Hungary,HU,Hungary,All Areas (incl.unclassified),2022,PM2.5,P1Y,Baseline from WHO 2021 AQG,Mortality,All causes,Attributable deaths (AD),Total,>= 30 years of age,9610069,6637889,92960.8,11.9,13.8,8503,6491,9482,128.1,97.8,142.9,https://discomap.eea.europa.eu/App/AQViewer/index.html?fqn=Airquality_Dissem.ebd.countries_and_nuts,2026-10-06,88f9445e23b99f58079048967003353e91b5ff9150c52e8924256eb35e52d21d
Hungary,HU,Hungary,All Areas (incl.unclassified),2023,PM2.5,P1Y,Baseline from WHO 2021 AQG,Mortality,All causes,Attributable deaths (AD),Total,>= 30 years of age,9599410,6633653,92960.8,10.9,12.4,6767,5160,7551,102.0,77.8,113.8,https://discomap.eea.europa.eu/App/AQViewer/index.html?fqn=Airquality_Dissem.ebd.countries_and_nuts,2026-10-06,88f9445e23b99f58079048967003353e91b5ff9150c52e8924256eb35e52d21d
Iceland,IS,Iceland,All Areas (incl.unclassified),2005,PM2.5,P1Y,Baseline from WHO 2021 AQG,Mortality,All causes,Attributable deaths (AD),Total,>= 30 years of age,293215,163824,101725.5,2.1,6.9,29,22,33,18.1,13.7,20.2,https://discomap.eea.europa.eu/App/AQViewer/index.html?fqn=Airquality_Dissem.ebd.countries_and_nuts,2026-10-06,88f9445e23b99f58079048967003353e91b5ff9150c52e8924256eb35e52d21d
Iceland,IS,Iceland,All Areas (incl.unclassified),2007,PM2.5,P1Y,Baseline from WHO 2021 AQG,Mortality,All causes,Attributable deaths (AD),Total,>= 30 years of age,307313,174359,101725.5,2.9,6.5,23,17,26,13.5,10.3,15.1,https://discomap.eea.europa.eu/App/AQViewer/index.html?fqn=Airquality_Dissem.ebd.countries_and_nuts,2026-10-06,88f9445e23b99f58079048967003353e91b5ff9150c52e8924256eb35e52d21d
Iceland,IS,Iceland,All Areas (incl.unclassified),2008,PM2.5,P1Y,Baseline from WHO 2021 AQG,Mortality,All causes,Attributable deaths (AD),Total,>= 30 years of age,315100,178320,101725.5,3.1,7.9,43,33,48,24.5,18.6,27.3,https://discomap.eea.europa.eu/App/AQViewer/index.html?fqn=Airquality_Dissem.ebd.countries_and_nuts,2026-10-06,88f9445e23b99f58079048967003353e91b5ff9150c52e8924256eb35e52d21d
Iceland,IS,Iceland,All Areas (incl.unclassified),2009,PM2.5,P1Y,Baseline from WHO 2021 AQG,Mortality,All causes,Attributable deaths (AD),Total,>= 30 years of age,319017,180084,101725.5,2.1,6.0,19,14,21,10.7,8.1,11.9,https://discomap.eea.europa.eu/App/AQViewer/index.html?fqn=Airquality_Dissem.ebd.countries_and_nuts,2026-10-06,88f9445e23b99f58079048967003353e91b5ff9150c52e8924256eb35e52d21d
Iceland,IS,Iceland,All Areas (incl.unclassified),2010,PM2.5,P1Y,Baseline from WHO 2021 AQG,Mortality,All causes,Attributable deaths (AD),Total,>= 30 years of age,317290,180045,101725.5,2.8,7.1,32,24,36,18.0,13.6,20.1,https://discomap.eea.europa.eu/App/AQViewer/index.html?fqn=Airquality_Dissem.ebd.countries_and_nuts,2026-10-06,88f9445e23b99f58079048967003353e91b5ff9150c52e8924256eb35e52d21d
Iceland,IS,Iceland,All Areas (incl.unclassified),2011,PM2.5,P1Y,Baseline from WHO 2021 AQG,Mortality,All causes,Attributable deaths (AD),Total,>= 30 years of age,318117,181637,101725.5,2.6,5.0,3,2,3,1.9,1.4,2.1,https://discomap.eea.europa.eu/App/AQViewer/index.html?fqn=Airquality_Dissem.ebd.countries_and_nuts,2026-10-06,88f9445e23b99f58079048967003353e91b5ff9150c52e8924256eb35e52d21d
Iceland,IS,Iceland,All Areas (incl.unclassified),2012,PM2.5,P1Y,Baseline from WHO 2021 AQG,Mortality,All causes,Attributable deaths (AD),Total,>= 30 years of age,319242,183421,101725.5,3.3,4.7,0,0,0,0.0,0.0,0.0,https://discomap.eea.europa.eu/App/AQViewer/index.html?fqn=Airquality_Dissem.ebd.countries_and_nuts,2026-10-06,88f9445e23b99f58079048967003353e91b5ff9150c52e8924256eb35e52d21d
Iceland,IS,Iceland,All Areas (incl.unclassified),2013,PM2.5,P1Y,Baseline from WHO 2021 AQG,Mortality,All causes,Attributable deaths (AD),Total,>= 30 years of age,321525,185769,101725.5,3.0,6.2,22,16,24,11.9,9.0,13.3,https://discomap.eea.europa.eu/App/AQViewer/index.html?fqn=Airquality_Dissem.ebd.countries_and_nuts,2026-10-06,88f9445e23b99f58079048967003353e91b5ff9150c52e8924256eb35e52d21d
Iceland,IS,Iceland,All Areas (incl.unclassified),2014,PM2.5,P1Y,Baseline from WHO 2021 AQG,Mortality,All causes,Attributable deaths (AD),Total,>= 30 years of age,325339,188719,101725.5,3.0,6.3,22,17,25,12.1,9.2,13.5,https://discomap.eea.europa.eu/App/AQViewer/index.html?fqn=Airquality_Dissem.ebd.countries_and_nuts,2026-10-06,88f9445e23b99f58079048967003353e91b5ff9150c52e8924256eb35e52d21d
Iceland,IS,Iceland,All Areas (incl.unclassified),2015,PM2.5,P1Y,Baseline from WHO 2021 AQG,Mortality,All causes,Attributable deaths (AD),Total,>= 30 years of age,328768,191521,101725.5,1.7,5.7,19,15,22,10.4,7.9,11.7,https://discomap.eea.europa.eu/App/AQViewer/index.html?fqn=Airquality_Dissem.ebd.countries_and_nuts,2026-10-06,88f9445e23b99f58079048967003353e91b5ff9150c52e8924256eb35e52d21d
Iceland,IS,Iceland,All Areas (incl.unclassified),2016,PM2.5,P1Y,Baseline from WHO 2021 AQG,Mortality,All causes,Attributable deaths (AD),Total,>= 30 years of age,332200,194419,101725.5,1.6,4.9,10,8,12,5.7,4.3,6.3,https://discomap.eea.europa.eu/App/AQViewer/index.html?fqn=Airquality_Dissem.ebd.countries_and_nuts,2026-10-06,88f9445e23b99f58079048967003353e91b5ff9150c52e8924256eb35e52d21d
Iceland,IS,Iceland,All Areas (incl.unclassified),2017,PM2.5,P1Y,Baseline from WHO 2021 AQG,Mortality,All causes,Attributable deaths (AD),Total,>= 30 years of age,338019,198509,101725.5,1.3,5.0,13,10,14,6.6,5.0,7.4,https://discomap.eea.europa.eu/App/AQViewer/index.html?fqn=Airquality_Dissem.ebd.countries_and_nuts,2026-10-06,88f9445e23b99f58079048967003353e91b5ff9150c52e8924256eb35e52d21d
Iceland,IS,Iceland,All Areas (incl.unclassified),2018,PM2.5,P1Y,Baseline from WHO 2021 AQG,Mortality,All causes,Attributable deaths (AD),Total,>= 30 years of age,348116,205269,101725.5,1.6,4.7,7,6,8,3.9,2.9,4.3,https://discomap.eea.europa.eu/App/AQViewer/index.html?fqn=Airquality_Dissem.ebd.countries_and_nuts,2026-10-06,88f9445e23b99f58079048967003353e91b5ff9150c52e8924256eb35e52d21d
Iceland,IS,Iceland,All Areas (incl.unclassified),2019,PM2.5,P1Y,Baseline from WHO 2021 AQG,Mortality,All causes,Attributable deaths (AD),Total,>= 30 years of age,356654,211545,101725.5,1.5,4.0,2,1,2,1.1,0.8,1.2,https://discomap.eea.europa.eu/App/AQViewer/index.html?fqn=Airquality_Dissem.ebd.countries_and_nuts,2026-10-06,88f9445e23b99f58079048967003353e91b5ff9150c52e8924256eb35e52d21d
Iceland,IS,Iceland,All Areas (incl.unclassified),2020,PM2.5,P1Y,Baseline from WHO 2021 AQG,Mortality,All causes,Attributable deaths (AD),Total,>= 30 years of age,363795,217132,101725.5,1.5,4.1,0,0,0,0.2,0.1,0.2,https://discomap.eea.europa.eu/App/AQViewer/index.html?fqn=Airquality_Dissem.ebd.countries_and_nuts,2026-10-06,88f9445e23b99f58079048967003353e91b5ff9150c52e8924256eb35e52d21d
Iceland,IS,Iceland,All Areas (incl.unclassified),2021,PM2.5,P1Y,Baseline from WHO 2021 AQG,Mortality,All causes,Attributable deaths (AD),Total,>= 30 years of age,368448,221606,101725.5,2.1,4.3,1,1,1,0.6,0.5,0.7,https://discomap.eea.europa.eu/App/AQViewer/index.html?fqn=Airquality_Dissem.ebd.countries_and_nuts,2026-10-06,88f9445e23b99f58079048967003353e91b5ff9150c52e8924256eb35e52d21d
Iceland,IS,Iceland,All Areas (incl.unclassified),2022,PM2.5,P1Y,Baseline from WHO 2021 AQG,Mortality,All causes,Attributable deaths (AD),Total,>= 30 years of age,375894,227117,101725.5,1.9,3.6,0,0,0,0.0,0.0,0.0,https://discomap.eea.europa.eu/App/AQViewer/index.html?fqn=Airquality_Dissem.ebd.countries_and_nuts,2026-10-06,88f9445e23b99f58079048967003353e91b5ff9150c52e8924256eb35e52d21d
Iceland,IS,Iceland,All Areas (incl.unclassified),2023,PM2.5,P1Y,Baseline from WHO 2021 AQG,Mortality,All causes,Attributable deaths (AD),Total,>= 30 years of age,387400,235441,101725.5,1.8,4.1,0,0,0,0.0,0.0,0.0,https://discomap.eea.europa.eu/App/AQViewer/index.html?fqn=Airquality_Dissem.ebd.countries_and_nuts,2026-10-06,88f9445e23b99f58079048967003353e91b5ff9150c52e8924256eb35e52d21d
Ireland,IE,Ireland,All Areas (incl.unclassified),2005,PM2.5,P1Y,Baseline from WHO 2021 AQG,Mortality,All causes,Attributable deaths (AD),Total,>= 30 years of age,4111488,2287445,69786.1,7.2,8.3,646,491,722,28.3,21.5,31.6,https://discomap.eea.europa.eu/App/AQViewer/index.html?fqn=Airquality_Dissem.ebd.countries_and_nuts,2026-10-06,88f9445e23b99f58079048967003353e91b5ff9150c52e8924256eb35e52d21d
Ireland,IE,Ireland,All Areas (incl.unclassified),2007,PM2.5,P1Y,Baseline from WHO 2021 AQG,Mortality,All causes,Attributable deaths (AD),Total,>= 30 years of age,4339935,2410011,69786.1,6.3,6.6,325,246,364,13.5,10.2,15.1,https://discomap.eea.europa.eu/App/AQViewer/index.html?fqn=Airquality_Dissem.ebd.countries_and_nuts,2026-10-06,88f9445e23b99f58079048967003353e91b5ff9150c52e8924256eb35e52d21d
Ireland,IE,Ireland,All Areas (incl.unclassified),2008,PM2.5,P1Y,Baseline from WHO 2021 AQG,Mortality,All causes,Attributable deaths (AD),Total,>= 30 years of age,4457569,2476805,69786.1,8.7,9.7,830,631,927,33.5,25.5,37.5,https://discomap.eea.europa.eu/App/AQViewer/index.html?fqn=Airquality_Dissem.ebd.countries_and_nuts,2026-10-06,88f9445e23b99f58079048967003353e91b5ff9150c52e8924256eb35e52d21d
Ireland,IE,Ireland,All Areas (incl.unclassified),2009,PM2.5,P1Y,Baseline from WHO 2021 AQG,Mortality,All causes,Attributable deaths (AD),Total,>= 30 years of age,4521127,2533252,69786.1,7.5,8.7,737,560,824,29.1,22.1,32.5,https://discomap.eea.europa.eu/App/AQViewer/index.html?fqn=Airquality_Dissem.ebd.countries_and_nuts,2026-10-06,88f9445e23b99f58079048967003353e91b5ff9150c52e8924256eb35e52d21d
Ireland,IE,Ireland,All Areas (incl.unclassified),2010,PM2.5,P1Y,Baseline from WHO 2021 AQG,Mortality,All causes,Attributable deaths (AD),Total,>= 30 years of age,4549231,2580442,69786.1,8.1,10.3,1002,763,1119,38.9,29.6,43.4,https://discomap.eea.europa.eu/App/AQViewer/index.html?fqn=Airquality_Dissem.ebd.countries_and_nuts,2026-10-06,88f9445e23b99f58079048967003353e91b5ff9150c52e8924256eb35e52d21d
Ireland,IE,Ireland,All Areas (incl.unclassified),2011,PM2.5,P1Y,Baseline from WHO 2021 AQG,Mortality,All causes,Attributable deaths (AD),Total,>= 30 years of age,4570688,2635129,69786.1,6.4,8.9,762,579,851,28.9,22.0,32.3,https://discomap.eea.europa.eu/App/AQViewer/index.html?fqn=Airquality_Dissem.ebd.countries_and_nuts,2026-10-06,88f9445e23b99f58079048967003353e91b5ff9150c52e8924256eb35e52d21d
Ireland,IE,Ireland,All Areas (incl.unclassified),2012,PM2.5,P1Y,Baseline from WHO 2021 AQG,Mortality,All causes,Attributable deaths (AD),Total,>= 30 years of age,4589091,2687033,69786.1,6.3,8.2,635,483,710,23.7,18.0,26.4,https://discomap.eea.europa.eu/App/AQViewer/index.html?fqn=Airquality_Dissem.ebd.countries_and_nuts,2026-10-06,88f9445e23b99f58079048967003353e91b5ff9150c52e8924256eb35e52d21d
Ireland,IE,Ireland,All Areas (incl.unclassified),2013,PM2.5,P1Y,Baseline from WHO 2021 AQG,Mortality,All causes,Attributable deaths (AD),Total,>= 30 years of age,4609581,2725940,69786.1,7.3,9.2,872,663,975,32.0,24.3,35.8,https://discomap.eea.europa.eu/App/AQViewer/index.html?fqn=Airquality_Dissem.ebd.countries_and_nuts,2026-10-06,88f9445e23b99f58079048967003353e91b5ff9150c52e8924256eb35e52d21d
Ireland,IE,Ireland,All Areas (incl.unclassified),2014,PM2.5,P1Y,Baseline from WHO 2021 AQG,Mortality,All causes,Attributable deaths (AD),Total,>= 30 years of age,4637653,2764732,69786.1,6.3,8.9,806,613,900,29.2,22.2,32.6,https://discomap.eea.europa.eu/App/AQViewer/index.html?fqn=Airquality_Dissem.ebd.countries_and_nuts,2026-10-06,88f9445e23b99f58079048967003353e91b5ff9150c52e8924256eb35e52d21d
Ireland,IE,Ireland,All Areas (incl.unclassified),2015,PM2.5,P1Y,Baseline from WHO 2021 AQG,Mortality,All causes,Attributable deaths (AD),Total,>= 30 years of age,4677433,2805063,69786.1,5.3,6.8,390,296,436,13.9,10.6,15.6,https://discomap.eea.europa.eu/App/AQViewer/index.html?fqn=Airquality_Dissem.ebd.countries_and_nuts,2026-10-06,88f9445e23b99f58079048967003353e91b5ff9150c52e8924256eb35e52d21d
Ireland,IE,Ireland,All Areas (incl.unclassified),2016,PM2.5,P1Y,Baseline from WHO 2021 AQG,Mortality,All causes,Attributable deaths (AD),Total,>= 30 years of age,4726091,2850323,69786.1,4.9,7.0,459,348,513,16.1,12.2,18.0,https://discomap.eea.europa.eu/App/AQViewer/index.html?fqn=Airquality_Dissem.ebd.countries_and_nuts,2026-10-06,88f9445e23b99f58079048967003353e91b5ff9150c52e8924256eb35e52d21d
Ireland,IE,Ireland,All Areas (incl.unclassified),2017,PM2.5,P1Y,Baseline from WHO 2021 AQG,Mortality,All causes,Attributable deaths (AD),Total,>= 30 years of age,4798964,2906794,69786.1,4.7,6.2,273,207,306,9.4,7.1,10.5,https://discomap.eea.europa.eu/App/AQViewer/index.html?fqn=Airquality_Dissem.ebd.countries_and_nuts,2026-10-06,88f9445e23b99f58079048967003353e91b5ff9150c52e8924256eb35e52d21d
Ireland,IE,Ireland,All Areas (incl.unclassified),2018,PM2.5,P1Y,Baseline from WHO 2021 AQG,Mortality,All causes,Attributable deaths (AD),Total,>= 30 years of age,4855540,2949768,69786.1,6.3,7.8,620,471,694,21.0,16.0,23.5,https://discomap.eea.europa.eu/App/AQViewer/index.html?fqn=Airquality_Dissem.ebd.countries_and_nuts,2026-10-06,88f9445e23b99f58079048967003353e91b5ff9150c52e8924256eb35e52d21d
Ireland,IE,Ireland,All Areas (incl.unclassified),2019,PM2.5,P1Y,Baseline from WHO 2021 AQG,Mortality,All causes,Attributable deaths (AD),Total,>= 30 years of age,4940104,3011511,69786.1,5.3,7.6,588,447,657,19.5,14.8,21.8,https://discomap.eea.europa.eu/App/AQViewer/index.html?fqn=Airquality_Dissem.ebd.countries_and_nuts,2026-10-06,88f9445e23b99f58079048967003353e91b5ff9150c52e8924256eb35e52d21d
Ireland,IE,Ireland,All Areas (incl.unclassified),2020,PM2.5,P1Y,Baseline from WHO 2021 AQG,Mortality,All causes,Attributable deaths (AD),Total,>= 30 years of age,5012395,3066643,69786.1,5.3,7.0,477,362,533,15.6,11.8,17.4,https://discomap.eea.europa.eu/App/AQViewer/index.html?fqn=Airquality_Dissem.ebd.countries_and_nuts,2026-10-06,88f9445e23b99f58079048967003353e91b5ff9150c52e8924256eb35e52d21d
Ireland,IE,Ireland,All Areas (incl.unclassified),2021,PM2.5,P1Y,Baseline from WHO 2021 AQG,Mortality,All causes,Attributable deaths (AD),Total,>= 30 years of age,5066680,3123027,69786.1,5.4,6.9,475,360,531,15.2,11.5,17.0,https://discomap.eea.europa.eu/App/AQViewer/index.html?fqn=Airquality_Dissem.ebd.countries_and_nuts,2026-10-06,88f9445e23b99f58079048967003353e91b5ff9150c52e8924256eb35e52d21d
Ireland,IE,Ireland,All Areas (incl.unclassified),2022,PM2.5,P1Y,Baseline from WHO 2021 AQG,Mortality,All causes,Attributable deaths (AD),Total,>= 30 years of age,5154073,3198414,69786.1,5.5,7.0,517,392,578,16.2,12.3,18.1,https://discomap.eea.europa.eu/App/AQViewer/index.html?fqn=Airquality_Dissem.ebd.countries_and_nuts,2026-10-06,88f9445e23b99f58079048967003353e91b5ff9150c52e8924256eb35e52d21d
Ireland,IE,Ireland,All Areas (incl.unclassified),2023,PM2.5,P1Y,Baseline from WHO 2021 AQG,Mortality,All causes,Attributable deaths (AD),Total,>= 30 years of age,5271184,3284287,69786.1,4.8,6.2,316,240,354,9.7,7.3,10.8,https://discomap.eea.europa.eu/App/AQViewer/index.html?fqn=Airquality_Dissem.ebd.countries_and_nuts,2026-10-06,88f9445e23b99f58079048967003353e91b5ff9150c52e8924256eb35e52d21d
Italy,IT,Italy,All Areas (incl.unclassified),2005,PM2.5,P1Y,Baseline from WHO 2021 AQG,Mortality,All causes,Attributable deaths (AD),Total,>= 30 years of age,58042423,39912730,300293.5,17.4,23.5,70924,54697,78705,177.7,137.0,197.2,https://discomap.eea.europa.eu/App/AQViewer/index.html?fqn=Airquality_Dissem.ebd.countries_and_nuts,2026-10-06,88f9445e23b99f58079048967003353e91b5ff9150c52e8924256eb35e52d21d
Italy,IT,Italy,All Areas (incl.unclassified),2007,PM2.5,P1Y,Baseline from WHO 2021 AQG,Mortality,All causes,Attributable deaths (AD),Total,>= 30 years of age,58496101,40715138,300216.7,15.5,20.1,59217,45515,65821,145.4,111.8,161.7,https://discomap.eea.europa.eu/App/AQViewer/index.html?fqn=Airquality_Dissem.ebd.countries_and_nuts,2026-10-06,88f9445e23b99f58079048967003353e91b5ff9150c52e8924256eb35e52d21d
Italy,IT,Italy,All Areas (incl.unclassified),2008,PM2.5,P1Y,Baseline from WHO 2021 AQG,Mortality,All causes,Attributable deaths (AD),Total,>= 30 years of age,58986999,41189262,300216.7,14.7,19.3,57598,44239,64044,139.8,107.4,155.5,https://discomap.eea.europa.eu/App/AQViewer/index.html?fqn=Airquality_Dissem.ebd.countries_and_nuts,2026-10-06,88f9445e23b99f58079048967003353e91b5ff9150c52e8924256eb35e52d21d
Italy,IT,Italy,All Areas (incl.unclassified),2009,PM2.5,P1Y,Baseline from WHO 2021 AQG,Mortality,All causes,Attributable deaths (AD),Total,>= 30 years of age,59418657,41597089,300293.6,13.9,19.0,57273,43988,63683,137.7,105.7,153.1,https://discomap.eea.europa.eu/App/AQViewer/index.html?fqn=Airquality_Dissem.ebd.countries_and_nuts,2026-10-06,88f9445e23b99f58079048967003353e91b5ff9150c52e8924256eb35e52d21d
Italy,IT,Italy,All Areas (incl.unclassified),2010,PM2.5,P1Y,Baseline from WHO 2021 AQG,Mortality,All causes,Attributable deaths (AD),Total,>= 30 years of age,59682475,41880394,300273.9,12.6,17.4,50492,38745,56168,120.6,92.5,134.1,https://discomap.eea.europa.eu/App/AQViewer/index.html?fqn=Airquality_Dissem.ebd.countries_and_nuts,2026-10-06,88f9445e23b99f58079048967003353e91b5ff9150c52e8924256eb35e52d21d
Italy,IT,Italy,All Areas (incl.unclassified),2011,PM2.5,P1Y,Baseline from WHO 2021 AQG,Mortality,All causes,Attributable deaths (AD),Total,>= 30 years of age,59946570,42157479,300293.7,14.6,20.8,64068,49328,71153,152.0,117.0,168.8,https://discomap.eea.europa.eu/App/AQViewer/index.html?fqn=Airquality_Dissem.ebd.countries_and_nuts,2026-10-06,88f9445e23b99f58079048967003353e91b5ff9150c52e8924256eb35e52d21d
Italy,IT,Italy,All Areas (incl.unclassified),2012,PM2.5,P1Y,Baseline from WHO 2021 AQG,Mortality,All causes,Attributable deaths (AD),Total,>= 30 years of age,60103234,42358972,300293.7,13.2,18.7,58191,44724,64683,137.4,105.6,152.7,https://discomap.eea.europa.eu/App/AQViewer/index.html?fqn=Airquality_Dissem.ebd.countries_and_nuts,2026-10-06,88f9445e23b99f58079048967003353e91b5ff9150c52e8924256eb35e52d21d
Italy,IT,Italy,All Areas (incl.unclassified),2013,PM2.5,P1Y,Baseline from WHO 2021 AQG,Mortality,All causes,Attributable deaths (AD),Total,>= 30 years of age,60275367,42571053,300293.7,12.3,17.7,52822,40549,58749,124.1,95.3,138.0,https://discomap.eea.europa.eu/App/AQViewer/index.html?fqn=Airquality_Dissem.ebd.countries_and_nuts,2026-10-06,88f9445e23b99f58079048967003353e91b5ff9150c52e8924256eb35e52d21d
Italy,IT,Italy,All Areas (incl.unclassified),2014,PM2.5,P1Y,Baseline from WHO 2021 AQG,Mortality,All causes,Attributable deaths (AD),Total,>= 30 years of age,60338471,42729303,300278.3,11.2,15.5,44078,33750,49085,103.2,79.0,114.9,https://discomap.eea.europa.eu/App/AQViewer/index.html?fqn=Airquality_Dissem.ebd.countries_and_nuts,2026-10-06,88f9445e23b99f58079048967003353e91b5ff9150c52e8924256eb35e52d21d
Italy,IT,Italy,All Areas (incl.unclassified),2015,PM2.5,P1Y,Baseline from WHO 2021 AQG,Mortality,All causes,Attributable deaths (AD),Total,>= 30 years of age,60293537,42825607,300297.8,12.1,18.1,59187,45446,65820,138.2,106.1,153.7,https://discomap.eea.europa.eu/App/AQViewer/index.html?fqn=Airquality_Dissem.ebd.countries_and_nuts,2026-10-06,88f9445e23b99f58079048967003353e91b5ff9150c52e8924256eb35e52d21d
Italy,IT,Italy,All Areas (incl.unclassified),2016,PM2.5,P1Y,Baseline from WHO 2021 AQG,Mortality,All causes,Attributable deaths (AD),Total,>= 30 years of age,60161749,42845851,300297.8,10.7,16.3,48365,37083,53823,112.9,86.6,125.6,https://discomap.eea.europa.eu/App/AQViewer/index.html?fqn=Airquality_Dissem.ebd.countries_and_nuts,2026-10-06,88f9445e23b99f58079048967003353e91b5ff9150c52e8924256eb35e52d21d
Italy,IT,Italy,All Areas (incl.unclassified),2017,PM2.5,P1Y,Baseline from WHO 2021 AQG,Mortality,All causes,Attributable deaths (AD),Total,>= 30 years of age,60064783,42881074,300297.8,11.3,16.9,53645,41188,59659,125.1,96.1,139.1,https://discomap.eea.europa.eu/App/AQViewer/index.html?fqn=Airquality_Dissem.ebd.countries_and_nuts,2026-10-06,88f9445e23b99f58079048967003353e91b5ff9150c52e8924256eb35e52d21d
Italy,IT,Italy,All Areas (incl.unclassified),2018,PM2.5,P1Y,Baseline from WHO 2021 AQG,Mortality,All causes,Attributable deaths (AD),Total,>= 30 years of age,59935816,42876570,300297.8,10.8,15.4,46176,35361,51418,107.7,82.5,119.9,https://discomap.eea.europa.eu/App/AQViewer/index.html?fqn=Airquality_Dissem.ebd.countries_and_nuts,2026-10-06,88f9445e23b99f58079048967003353e91b5ff9150c52e8924256eb35e52d21d
Italy,IT,Italy,All Areas (incl.unclassified),2019,PM2.5,P1Y,Baseline from WHO 2021 AQG,Mortality,All causes,Attributable deaths (AD),Total,>= 30 years of age,59814714,42931797,300293.7,10.2,14.4,42107,32209,46913,98.1,75.0,109.3,https://discomap.eea.europa.eu/App/AQViewer/index.html?fqn=Airquality_Dissem.ebd.countries_and_nuts,2026-10-06,88f9445e23b99f58079048967003353e91b5ff9150c52e8924256eb35e52d21d
Italy,IT,Italy,All Areas (incl.unclassified),2020,PM2.5,P1Y,Baseline from WHO 2021 AQG,Mortality,All causes,Attributable deaths (AD),Total,>= 30 years of age,59639542,42957094,300293.7,9.9,14.8,51492,39423,57344,119.9,91.8,133.5,https://discomap.eea.europa.eu/App/AQViewer/index.html?fqn=Airquality_Dissem.ebd.countries_and_nuts,2026-10-06,88f9445e23b99f58079048967003353e91b5ff9150c52e8924256eb35e52d21d
Italy,IT,Italy,All Areas (incl.unclassified),2021,PM2.5,P1Y,Baseline from WHO 2021 AQG,Mortality,All causes,Attributable deaths (AD),Total,>= 30 years of age,59234269,42738333,300293.7,9.6,13.7,43543,33288,48526,101.9,77.9,113.5,https://discomap.eea.europa.eu/App/AQViewer/index.html?fqn=Airquality_Dissem.ebd.countries_and_nuts,2026-10-06,88f9445e23b99f58079048967003353e91b5ff9150c52e8924256eb35e52d21d
Italy,IT,Italy,All Areas (incl.unclassified),2022,PM2.5,P1Y,Baseline from WHO 2021 AQG,Mortality,All causes,Attributable deaths (AD),Total,>= 30 years of age,59028195,42748131,300293.7,9.9,15.1,51000,39045,56797,119.3,91.3,132.9,https://discomap.eea.europa.eu/App/AQViewer/index.html?fqn=Airquality_Dissem.ebd.countries_and_nuts,2026-10-06,88f9445e23b99f58079048967003353e91b5ff9150c52e8924256eb35e52d21d
Italy,IT,Italy,All Areas (incl.unclassified),2023,PM2.5,P1Y,Baseline from WHO 2021 AQG,Mortality,All causes,Attributable deaths (AD),Total,>= 30 years of age,58995254,42822566,300293.7,9.6,14.1,43083,32944,48009,100.6,76.9,112.1,https://discomap.eea.europa.eu/App/AQViewer/index.html?fqn=Airquality_Dissem.ebd.countries_and_nuts,2026-10-06,88f9445e23b99f58079048967003353e91b5ff9150c52e8924256eb35e52d21d
Kosovo,XK,Kosovo,All Areas (incl.unclassified),2005,PM2.5,P1Y,Baseline from WHO 2021 AQG,Mortality,All causes,Attributable deaths (AD),Total,>= 30 years of age,2040994,1306687,10907.1,21.8,31.0,5042,3910,5579,385.9,299.3,427.0,https://discomap.eea.europa.eu/App/AQViewer/index.html?fqn=Airquality_Dissem.ebd.countries_and_nuts,2026-10-06,88f9445e23b99f58079048967003353e91b5ff9150c52e8924256eb35e52d21d
Kosovo,XK,Kosovo,All Areas (incl.unclassified),2007,PM2.5,P1Y,Baseline from WHO 2021 AQG,Mortality,All causes,Attributable deaths (AD),Total,>= 30 years of age,2106291,1360015,10907.1,19.5,26.6,4303,3323,4771,316.4,244.4,350.9,https://discomap.eea.europa.eu/App/AQViewer/index.html?fqn=Airquality_Dissem.ebd.countries_and_nuts,2026-10-06,88f9445e23b99f58079048967003353e91b5ff9150c52e8924256eb35e52d21d
Kosovo,XK,Kosovo,All Areas (incl.unclassified),2008,PM2.5,P1Y,Baseline from WHO 2021 AQG,Mortality,All causes,Attributable deaths (AD),Total,>= 30 years of age,2153134,1397469,10907.1,16.5,26.2,4307,3327,4776,308.3,238.1,341.8,https://discomap.eea.europa.eu/App/AQViewer/index.html?fqn=Airquality_Dissem.ebd.countries_and_nuts,2026-10-06,88f9445e23b99f58079048967003353e91b5ff9150c52e8924256eb35e52d21d
Kosovo,XK,Kosovo,All Areas (incl.unclassified),2009,PM2.5,P1Y,Baseline from WHO 2021 AQG,Mortality,All causes,Attributable deaths (AD),Total,>= 30 years of age,2180680,1422453,10907.1,17.2,28.0,4784,3701,5300,336.3,260.2,372.6,https://discomap.eea.europa.eu/App/AQViewer/index.html?fqn=Airquality_Dissem.ebd.countries_and_nuts,2026-10-06,88f9445e23b99f58079048967003353e91b5ff9150c52e8924256eb35e52d21d
Kosovo,XK,Kosovo,All Areas (incl.unclassified),2010,PM2.5,P1Y,Baseline from WHO 2021 AQG,Mortality,All causes,Attributable deaths (AD),Total,>= 30 years of age,2208101,1446646,10907.1,14.8,31.4,5454,4236,6031,377.0,292.9,416.9,https://discomap.eea.europa.eu/App/AQViewer/index.html?fqn=Airquality_Dissem.ebd.countries_and_nuts,2026-10-06,88f9445e23b99f58079048967003353e91b5ff9150c52e8924256eb35e52d21d
Kosovo,XK,Kosovo,All Areas (incl.unclassified),2011,PM2.5,P1Y,Baseline from WHO 2021 AQG,Mortality,All causes,Attributable deaths (AD),Total,>= 30 years of age,1794175,1200600,10907.1,17.0,33.7,4801,3736,5304,399.9,311.2,441.8,https://discomap.eea.europa.eu/App/AQViewer/index.html?fqn=Airquality_Dissem.ebd.countries_and_nuts,2026-10-06,88f9445e23b99f58079048967003353e91b5ff9150c52e8924256eb35e52d21d
Kosovo,XK,Kosovo,All Areas (incl.unclassified),2012,PM2.5,P1Y,Baseline from WHO 2021 AQG,Mortality,All causes,Attributable deaths (AD),Total,>= 30 years of age,1780016,1196086,10907.1,16.7,30.2,4240,3289,4692,354.5,275.0,392.3,https://discomap.eea.europa.eu/App/AQViewer/index.html?fqn=Airquality_Dissem.ebd.countries_and_nuts,2026-10-06,88f9445e23b99f58079048967003353e91b5ff9150c52e8924256eb35e52d21d
Kosovo,XK,Kosovo,All Areas (incl.unclassified),2013,PM2.5,P1Y,Baseline from WHO 2021 AQG,Mortality,All causes,Attributable deaths (AD),Total,>= 30 years of age,1815600,1225062,10907.1,17.0,28.5,4004,3100,4434,326.9,253.1,362.0,https://discomap.eea.europa.eu/App/AQViewer/index.html?fqn=Airquality_Dissem.ebd.countries_and_nuts,2026-10-06,88f9445e23b99f58079048967003353e91b5ff9150c52e8924256eb35e52d21d
Kosovo,XK,Kosovo,All Areas (incl.unclassified),2014,PM2.5,P1Y,Baseline from WHO 2021 AQG,Mortality,All causes,Attributable deaths (AD),Total,>= 30 years of age,1820625,1234565,10907.1,16.9,26.7,3800,2938,4212,307.9,238.0,341.2,https://discomap.eea.europa.eu/App/AQViewer/index.html?fqn=Airquality_Dissem.ebd.countries_and_nuts,2026-10-06,88f9445e23b99f58079048967003353e91b5ff9150c52e8924256eb35e52d21d
Kosovo,XK,Kosovo,All Areas (incl.unclassified),2015,PM2.5,P1Y,Baseline from WHO 2021 AQG,Mortality,All causes,Attributable deaths (AD),Total,>= 30 years of age,1804939,1229471,10907.1,15.7,27.7,4053,3135,4491,329.7,255.1,365.3,https://discomap.eea.europa.eu/App/AQViewer/index.html?fqn=Airquality_Dissem.ebd.countries_and_nuts,2026-10-06,88f9445e23b99f58079048967003353e91b5ff9150c52e8924256eb35e52d21d
Kosovo,XK,Kosovo,All Areas (incl.unclassified),2016,PM2.5,P1Y,Baseline from WHO 2021 AQG,Mortality,All causes,Attributable deaths (AD),Total,>= 30 years of age,1771598,802870,10907.1,15.6,29.5,4157,3222,4601,517.8,401.3,573.2,https://discomap.eea.europa.eu/App/AQViewer/index.html?fqn=Airquality_Dissem.ebd.countries_and_nuts,2026-10-06,88f9445e23b99f58079048967003353e91b5ff9150c52e8924256eb35e52d21d
Kosovo,XK,Kosovo,All Areas (incl.unclassified),2017,PM2.5,P1Y,Baseline from WHO 2021 AQG,Mortality,All causes,Attributable deaths (AD),Total,>= 30 years of age,1783525,867951,10907.1,14.6,29.4,4315,3345,4776,497.2,385.5,550.3,https://discomap.eea.europa.eu/App/AQViewer/index.html?fqn=Airquality_Dissem.ebd.countries_and_nuts,2026-10-06,88f9445e23b99f58079048967003353e91b5ff9150c52e8924256eb35e52d21d
Kosovo,XK,Kosovo,All Areas (incl.unclassified),2018,PM2.5,P1Y,Baseline from WHO 2021 AQG,Mortality,All causes,Attributable deaths (AD),Total,>= 30 years of age,1798501,875286,10907.1,15.9,29.0,4230,3277,4684,483.3,374.4,535.2,https://discomap.eea.europa.eu/App/AQViewer/index.html?fqn=Airquality_Dissem.ebd.countries_and_nuts,2026-10-06,88f9445e23b99f58079048967003353e91b5ff9150c52e8924256eb35e52d21d
Kosovo,XK,Kosovo,All Areas (incl.unclassified),2019,PM2.5,P1Y,Baseline from WHO 2021 AQG,Mortality,All causes,Attributable deaths (AD),Total,>= 30 years of age,1795658,894982,10907.1,12.6,20.6,2851,2191,3169,318.6,244.9,354.1,https://discomap.eea.europa.eu/App/AQViewer/index.html?fqn=Airquality_Dissem.ebd.countries_and_nuts,2026-10-06,88f9445e23b99f58079048967003353e91b5ff9150c52e8924256eb35e52d21d
Kosovo,XK,Kosovo,All Areas (incl.unclassified),2020,PM2.5,P1Y,Baseline from WHO 2021 AQG,Mortality,All causes,Attributable deaths (AD),Total,>= 30 years of age,1782110,902349,10907.1,13.8,19.7,3126,2400,3477,346.5,266.0,385.3,https://discomap.eea.europa.eu/App/AQViewer/index.html?fqn=Airquality_Dissem.ebd.countries_and_nuts,2026-10-06,88f9445e23b99f58079048967003353e91b5ff9150c52e8924256eb35e52d21d
Kosovo,XK,Kosovo,All Areas (incl.unclassified),2021,PM2.5,P1Y,Baseline from WHO 2021 AQG,Mortality,All causes,Attributable deaths (AD),Total,>= 30 years of age,1798182,916653,10907.1,12.2,16.7,2994,2292,3335,326.7,250.1,363.9,https://discomap.eea.europa.eu/App/AQViewer/index.html?fqn=Airquality_Dissem.ebd.countries_and_nuts,2026-10-06,88f9445e23b99f58079048967003353e91b5ff9150c52e8924256eb35e52d21d
Kosovo,XK,Kosovo,All Areas (incl.unclassified),2022,PM2.5,P1Y,Baseline from WHO 2021 AQG,Mortality,All causes,Attributable deaths (AD),Total,>= 30 years of age,1773964,917156,10907.1,12.1,16.8,2398,1836,2671,261.5,200.2,291.2,https://discomap.eea.europa.eu/App/AQViewer/index.html?fqn=Airquality_Dissem.ebd.countries_and_nuts,2026-10-06,88f9445e23b99f58079048967003353e91b5ff9150c52e8924256eb35e52d21d
Kosovo,XK,Kosovo,All Areas (incl.unclassified),2023,PM2.5,P1Y,Baseline from WHO 2021 AQG,Mortality,All causes,Attributable deaths (AD),Total,>= 30 years of age,1773966,1238950,10907.1,13.1,16.6,2135,1634,2378,172.4,131.9,192.0,https://discomap.eea.europa.eu/App/AQViewer/index.html?fqn=Airquality_Dissem.ebd.countries_and_nuts,2026-10-06,88f9445e23b99f58079048967003353e91b5ff9150c52e8924256eb35e52d21d
Latvia,LV,Latvia,All Areas (incl.unclassified),2005,PM2.5,P1Y,Baseline from WHO 2021 AQG,Mortality,All causes,Attributable deaths (AD),Total,>= 30 years of age,2248803,1410360,64440.1,11.5,17.2,2638,2023,2935,187.1,143.5,208.2,https://discomap.eea.europa.eu/App/AQViewer/index.html?fqn=Airquality_Dissem.ebd.countries_and_nuts,2026-10-06,88f9445e23b99f58079048967003353e91b5ff9150c52e8924256eb35e52d21d
Latvia,LV,Latvia,All Areas (incl.unclassified),2007,PM2.5,P1Y,Baseline from WHO 2021 AQG,Mortality,All causes,Attributable deaths (AD),Total,>= 30 years of age,2207951,1401057,64440.1,9.8,11.9,1561,1190,1742,111.5,85.0,124.4,https://discomap.eea.europa.eu/App/AQViewer/index.html?fqn=Airquality_Dissem.ebd.countries_and_nuts,2026-10-06,88f9445e23b99f58079048967003353e91b5ff9150c52e8924256eb35e52d21d
Latvia,LV,Latvia,All Areas (incl.unclassified),2008,PM2.5,P1Y,Baseline from WHO 2021 AQG,Mortality,All causes,Attributable deaths (AD),Total,>= 30 years of age,2190924,1395130,64440.1,13.3,16.6,2414,1849,2687,173.0,132.5,192.7,https://discomap.eea.europa.eu/App/AQViewer/index.html?fqn=Airquality_Dissem.ebd.countries_and_nuts,2026-10-06,88f9445e23b99f58079048967003353e91b5ff9150c52e8924256eb35e52d21d
Latvia,LV,Latvia,All Areas (incl.unclassified),2009,PM2.5,P1Y,Baseline from WHO 2021 AQG,Mortality,All causes,Attributable deaths (AD),Total,>= 30 years of age,2161962,1383456,64440.1,8.4,13.3,1675,1280,1867,121.1,92.6,135.0,https://discomap.eea.europa.eu/App/AQViewer/index.html?fqn=Airquality_Dissem.ebd.countries_and_nuts,2026-10-06,88f9445e23b99f58079048967003353e91b5ff9150c52e8924256eb35e52d21d
Latvia,LV,Latvia,All Areas (incl.unclassified),2010,PM2.5,P1Y,Baseline from WHO 2021 AQG,Mortality,All causes,Attributable deaths (AD),Total,>= 30 years of age,2119654,1369110,64440.1,10.5,14.6,1967,1504,2192,143.7,109.9,160.2,https://discomap.eea.europa.eu/App/AQViewer/index.html?fqn=Airquality_Dissem.ebd.countries_and_nuts,2026-10-06,88f9445e23b99f58079048967003353e91b5ff9150c52e8924256eb35e52d21d
Latvia,LV,Latvia,All Areas (incl.unclassified),2011,PM2.5,P1Y,Baseline from WHO 2021 AQG,Mortality,All causes,Attributable deaths (AD),Total,>= 30 years of age,2073778,1353485,64440.1,9.1,11.9,1367,1042,1525,101.0,77.0,112.7,https://discomap.eea.europa.eu/App/AQViewer/index.html?fqn=Airquality_Dissem.ebd.countries_and_nuts,2026-10-06,88f9445e23b99f58079048967003353e91b5ff9150c52e8924256eb35e52d21d
Latvia,LV,Latvia,All Areas (incl.unclassified),2012,PM2.5,P1Y,Baseline from WHO 2021 AQG,Mortality,All causes,Attributable deaths (AD),Total,>= 30 years of age,2043997,1343864,64440.1,8.8,12.2,1437,1096,1603,106.9,81.6,119.3,https://discomap.eea.europa.eu/App/AQViewer/index.html?fqn=Airquality_Dissem.ebd.countries_and_nuts,2026-10-06,88f9445e23b99f58079048967003353e91b5ff9150c52e8924256eb35e52d21d
Latvia,LV,Latvia,All Areas (incl.unclassified),2013,PM2.5,P1Y,Baseline from WHO 2021 AQG,Mortality,All causes,Attributable deaths (AD),Total,>= 30 years of age,2023020,1338364,64440.1,8.8,12.3,1453,1108,1621,108.6,82.9,121.1,https://discomap.eea.europa.eu/App/AQViewer/index.html?fqn=Airquality_Dissem.ebd.countries_and_nuts,2026-10-06,88f9445e23b99f58079048967003353e91b5ff9150c52e8924256eb35e52d21d
Latvia,LV,Latvia,All Areas (incl.unclassified),2014,PM2.5,P1Y,Baseline from WHO 2021 AQG,Mortality,All causes,Attributable deaths (AD),Total,>= 30 years of age,2000672,1333471,64440.1,9.8,13.5,1657,1265,1847,124.3,94.9,138.6,https://discomap.eea.europa.eu/App/AQViewer/index.html?fqn=Airquality_Dissem.ebd.countries_and_nuts,2026-10-06,88f9445e23b99f58079048967003353e91b5ff9150c52e8924256eb35e52d21d
Latvia,LV,Latvia,All Areas (incl.unclassified),2015,PM2.5,P1Y,Baseline from WHO 2021 AQG,Mortality,All causes,Attributable deaths (AD),Total,>= 30 years of age,1985316,1330754,64440.1,7.8,11.3,1238,944,1381,93.0,70.9,103.8,https://discomap.eea.europa.eu/App/AQViewer/index.html?fqn=Airquality_Dissem.ebd.countries_and_nuts,2026-10-06,88f9445e23b99f58079048967003353e91b5ff9150c52e8924256eb35e52d21d
Latvia,LV,Latvia,All Areas (incl.unclassified),2016,PM2.5,P1Y,Baseline from WHO 2021 AQG,Mortality,All causes,Attributable deaths (AD),Total,>= 30 years of age,1968191,1326387,64440.1,7.0,11.1,1217,929,1358,91.8,70.0,102.4,https://discomap.eea.europa.eu/App/AQViewer/index.html?fqn=Airquality_Dissem.ebd.countries_and_nuts,2026-10-06,88f9445e23b99f58079048967003353e91b5ff9150c52e8924256eb35e52d21d
Latvia,LV,Latvia,All Areas (incl.unclassified),2017,PM2.5,P1Y,Baseline from WHO 2021 AQG,Mortality,All causes,Attributable deaths (AD),Total,>= 30 years of age,1949364,1320555,64440.1,6.2,9.5,911,694,1017,69.0,52.6,77.0,https://discomap.eea.europa.eu/App/AQViewer/index.html?fqn=Airquality_Dissem.ebd.countries_and_nuts,2026-10-06,88f9445e23b99f58079048967003353e91b5ff9150c52e8924256eb35e52d21d
Latvia,LV,Latvia,All Areas (incl.unclassified),2018,PM2.5,P1Y,Baseline from WHO 2021 AQG,Mortality,All causes,Attributable deaths (AD),Total,>= 30 years of age,1933639,1317046,64440.1,8.3,12.2,1446,1104,1612,109.8,83.9,122.4,https://discomap.eea.europa.eu/App/AQViewer/index.html?fqn=Airquality_Dissem.ebd.countries_and_nuts,2026-10-06,88f9445e23b99f58079048967003353e91b5ff9150c52e8924256eb35e52d21d
Latvia,LV,Latvia,All Areas (incl.unclassified),2019,PM2.5,P1Y,Baseline from WHO 2021 AQG,Mortality,All causes,Attributable deaths (AD),Total,>= 30 years of age,1919244,1314596,64440.1,6.8,10.1,997,760,1113,75.9,57.8,84.7,https://discomap.eea.europa.eu/App/AQViewer/index.html?fqn=Airquality_Dissem.ebd.countries_and_nuts,2026-10-06,88f9445e23b99f58079048967003353e91b5ff9150c52e8924256eb35e52d21d
Latvia,LV,Latvia,All Areas (incl.unclassified),2020,PM2.5,P1Y,Baseline from WHO 2021 AQG,Mortality,All causes,Attributable deaths (AD),Total,>= 30 years of age,1906962,1312932,64440.1,5.8,8.7,770,586,860,58.7,44.6,65.6,https://discomap.eea.europa.eu/App/AQViewer/index.html?fqn=Airquality_Dissem.ebd.countries_and_nuts,2026-10-06,88f9445e23b99f58079048967003353e91b5ff9150c52e8924256eb35e52d21d
Latvia,LV,Latvia,All Areas (incl.unclassified),2021,PM2.5,P1Y,Baseline from WHO 2021 AQG,Mortality,All causes,Attributable deaths (AD),Total,>= 30 years of age,1892514,1309963,64440.1,7.5,10.6,1384,1054,1545,105.7,80.5,118.0,https://discomap.eea.europa.eu/App/AQViewer/index.html?fqn=Airquality_Dissem.ebd.countries_and_nuts,2026-10-06,88f9445e23b99f58079048967003353e91b5ff9150c52e8924256eb35e52d21d
Latvia,LV,Latvia,All Areas (incl.unclassified),2022,PM2.5,P1Y,Baseline from WHO 2021 AQG,Mortality,All causes,Attributable deaths (AD),Total,>= 30 years of age,1875054,1302366,64440.1,6.4,8.7,804,611,898,61.7,47.0,69.0,https://discomap.eea.europa.eu/App/AQViewer/index.html?fqn=Airquality_Dissem.ebd.countries_and_nuts,2026-10-06,88f9445e23b99f58079048967003353e91b5ff9150c52e8924256eb35e52d21d
Latvia,LV,Latvia,All Areas (incl.unclassified),2023,PM2.5,P1Y,Baseline from WHO 2021 AQG,Mortality,All causes,Attributable deaths (AD),Total,>= 30 years of age,1882303,1309340,64440.1,5.8,7.9,577,439,645,44.1,33.5,49.3,https://discomap.eea.europa.eu/App/AQViewer/index.html?fqn=Airquality_Dissem.ebd.countries_and_nuts,2026-10-06,88f9445e23b99f58079048967003353e91b5ff9150c52e8924256eb35e52d21d
Liechtenstein,LI,Liechtenstein,All Areas (incl.unclassified),2005,PM2.5,P1Y,Baseline from WHO 2021 AQG,Mortality,All causes,Attributable deaths (AD),Total,>= 30 years of age,34596,22001,159.9,12.9,17.5,26,20,29,118.9,91.1,132.4,https://discomap.eea.europa.eu/App/AQViewer/index.html?fqn=Airquality_Dissem.ebd.countries_and_nuts,2026-10-06,88f9445e23b99f58079048967003353e91b5ff9150c52e8924256eb35e52d21d
Liechtenstein,LI,Liechtenstein,All Areas (incl.unclassified),2007,PM2.5,P1Y,Baseline from WHO 2021 AQG,Mortality,All causes,Attributable deaths (AD),Total,>= 30 years of age,35166,22601,159.9,12.0,14.7,20,15,22,89.2,68.2,99.5,https://discomap.eea.europa.eu/App/AQViewer/index.html?fqn=Airquality_Dissem.ebd.countries_and_nuts,2026-10-06,88f9445e23b99f58079048967003353e91b5ff9150c52e8924256eb35e52d21d
Liechtenstein,LI,Liechtenstein,All Areas (incl.unclassified),2008,PM2.5,P1Y,Baseline from WHO 2021 AQG,Mortality,All causes,Attributable deaths (AD),Total,>= 30 years of age,35351,22859,159.9,12.3,15.2,21,16,24,94.4,72.2,105.2,https://discomap.eea.europa.eu/App/AQViewer/index.html?fqn=Airquality_Dissem.ebd.countries_and_nuts,2026-10-06,88f9445e23b99f58079048967003353e91b5ff9150c52e8924256eb35e52d21d
Liechtenstein,LI,Liechtenstein,All Areas (incl.unclassified),2009,PM2.5,P1Y,Baseline from WHO 2021 AQG,Mortality,All causes,Attributable deaths (AD),Total,>= 30 years of age,35586,23161,159.9,9.0,13.0,17,13,19,74.2,56.6,82.7,https://discomap.eea.europa.eu/App/AQViewer/index.html?fqn=Airquality_Dissem.ebd.countries_and_nuts,2026-10-06,88f9445e23b99f58079048967003353e91b5ff9150c52e8924256eb35e52d21d
Liechtenstein,LI,Liechtenstein,All Areas (incl.unclassified),2010,PM2.5,P1Y,Baseline from WHO 2021 AQG,Mortality,All causes,Attributable deaths (AD),Total,>= 30 years of age,35890,23460,159.9,11.0,15.3,21,16,24,93.5,71.5,104.2,https://discomap.eea.europa.eu/App/AQViewer/index.html?fqn=Airquality_Dissem.ebd.countries_and_nuts,2026-10-06,88f9445e23b99f58079048967003353e91b5ff9150c52e8924256eb35e52d21d
Liechtenstein,LI,Liechtenstein,All Areas (incl.unclassified),2011,PM2.5,P1Y,Baseline from WHO 2021 AQG,Mortality,All causes,Attributable deaths (AD),Total,>= 30 years of age,36145,23772,159.9,9.4,13.9,19,15,22,83.6,63.9,93.3,https://discomap.eea.europa.eu/App/AQViewer/index.html?fqn=Airquality_Dissem.ebd.countries_and_nuts,2026-10-06,88f9445e23b99f58079048967003353e91b5ff9150c52e8924256eb35e52d21d
Liechtenstein,LI,Liechtenstein,All Areas (incl.unclassified),2012,PM2.5,P1Y,Baseline from WHO 2021 AQG,Mortality,All causes,Attributable deaths (AD),Total,>= 30 years of age,36470,24054,159.9,7.8,10.2,9,7,10,40.9,31.1,45.6,https://discomap.eea.europa.eu/App/AQViewer/index.html?fqn=Airquality_Dissem.ebd.countries_and_nuts,2026-10-06,88f9445e23b99f58079048967003353e91b5ff9150c52e8924256eb35e52d21d
Liechtenstein,LI,Liechtenstein,All Areas (incl.unclassified),2013,PM2.5,P1Y,Baseline from WHO 2021 AQG,Mortality,All causes,Attributable deaths (AD),Total,>= 30 years of age,36834,24459,159.9,8.4,11.1,12,9,14,51.8,39.5,57.8,https://discomap.eea.europa.eu/App/AQViewer/index.html?fqn=Airquality_Dissem.ebd.countries_and_nuts,2026-10-06,88f9445e23b99f58079048967003353e91b5ff9150c52e8924256eb35e52d21d
Liechtenstein,LI,Liechtenstein,All Areas (incl.unclassified),2014,PM2.5,P1Y,Baseline from WHO 2021 AQG,Mortality,All causes,Attributable deaths (AD),Total,>= 30 years of age,37126,24774,159.9,6.2,8.7,8,6,9,32.5,24.7,36.4,https://discomap.eea.europa.eu/App/AQViewer/index.html?fqn=Airquality_Dissem.ebd.countries_and_nuts,2026-10-06,88f9445e23b99f58079048967003353e91b5ff9150c52e8924256eb35e52d21d
Liechtenstein,LI,Liechtenstein,All Areas (incl.unclassified),2015,PM2.5,P1Y,Baseline from WHO 2021 AQG,Mortality,All causes,Attributable deaths (AD),Total,>= 30 years of age,37362,25037,159.9,7.4,10.9,12,9,13,49.1,37.4,54.8,https://discomap.eea.europa.eu/App/AQViewer/index.html?fqn=Airquality_Dissem.ebd.countries_and_nuts,2026-10-06,88f9445e23b99f58079048967003353e91b5ff9150c52e8924256eb35e52d21d
Liechtenstein,LI,Liechtenstein,All Areas (incl.unclassified),2016,PM2.5,P1Y,Baseline from WHO 2021 AQG,Mortality,All causes,Attributable deaths (AD),Total,>= 30 years of age,37618,25357,159.9,6.9,9.9,10,8,11,41.6,31.6,46.4,https://discomap.eea.europa.eu/App/AQViewer/index.html?fqn=Airquality_Dissem.ebd.countries_and_nuts,2026-10-06,88f9445e23b99f58079048967003353e91b5ff9150c52e8924256eb35e52d21d
Liechtenstein,LI,Liechtenstein,All Areas (incl.unclassified),2017,PM2.5,P1Y,Baseline from WHO 2021 AQG,Mortality,All causes,Attributable deaths (AD),Total,>= 30 years of age,37806,25594,159.9,6.3,9.2,8,6,9,34.3,26.1,38.3,https://discomap.eea.europa.eu/App/AQViewer/index.html?fqn=Airquality_Dissem.ebd.countries_and_nuts,2026-10-06,88f9445e23b99f58079048967003353e91b5ff9150c52e8924256eb35e52d21d
Liechtenstein,LI,Liechtenstein,All Areas (incl.unclassified),2018,PM2.5,P1Y,Baseline from WHO 2021 AQG,Mortality,All causes,Attributable deaths (AD),Total,>= 30 years of age,38110,25928,159.9,6.4,8.5,8,6,9,31.5,23.9,35.2,https://discomap.eea.europa.eu/App/AQViewer/index.html?fqn=Airquality_Dissem.ebd.countries_and_nuts,2026-10-06,88f9445e23b99f58079048967003353e91b5ff9150c52e8924256eb35e52d21d
Liechtenstein,LI,Liechtenstein,All Areas (incl.unclassified),2019,PM2.5,P1Y,Baseline from WHO 2021 AQG,Mortality,All causes,Attributable deaths (AD),Total,>= 30 years of age,38373,26207,159.9,5.9,8.0,6,5,7,25.2,19.2,28.2,https://discomap.eea.europa.eu/App/AQViewer/index.html?fqn=Airquality_Dissem.ebd.countries_and_nuts,2026-10-06,88f9445e23b99f58079048967003353e91b5ff9150c52e8924256eb35e52d21d
Liechtenstein,LI,Liechtenstein,All Areas (incl.unclassified),2020,PM2.5,P1Y,Baseline from WHO 2021 AQG,Mortality,All causes,Attributable deaths (AD),Total,>= 30 years of age,38744,26581,159.9,5.0,7.9,7,5,8,28.0,21.3,31.3,https://discomap.eea.europa.eu/App/AQViewer/index.html?fqn=Airquality_Dissem.ebd.countries_and_nuts,2026-10-06,88f9445e23b99f58079048967003353e91b5ff9150c52e8924256eb35e52d21d
Liechtenstein,LI,Liechtenstein,All Areas (incl.unclassified),2021,PM2.5,P1Y,Baseline from WHO 2021 AQG,Mortality,All causes,Attributable deaths (AD),Total,>= 30 years of age,39049,26906,159.9,5.2,7.9,6,5,7,25.2,19.2,28.2,https://discomap.eea.europa.eu/App/AQViewer/index.html?fqn=Airquality_Dissem.ebd.countries_and_nuts,2026-10-06,88f9445e23b99f58079048967003353e91b5ff9150c52e8924256eb35e52d21d
Liechtenstein,LI,Liechtenstein,All Areas (incl.unclassified),2022,PM2.5,P1Y,Baseline from WHO 2021 AQG,Mortality,All causes,Attributable deaths (AD),Total,>= 30 years of age,39304,27199,159.9,5.8,8.2,7,5,8,27.3,20.8,30.6,https://discomap.eea.europa.eu/App/AQViewer/index.html?fqn=Airquality_Dissem.ebd.countries_and_nuts,2026-10-06,88f9445e23b99f58079048967003353e91b5ff9150c52e8924256eb35e52d21d
Liechtenstein,LI,Liechtenstein,All Areas (incl.unclassified),2023,PM2.5,P1Y,Baseline from WHO 2021 AQG,Mortality,All causes,Attributable deaths (AD),Total,>= 30 years of age,39673,27563,159.9,5.7,7.7,5,4,6,21.5,16.3,24.0,https://discomap.eea.europa.eu/App/AQViewer/index.html?fqn=Airquality_Dissem.ebd.countries_and_nuts,2026-10-06,88f9445e23b99f58079048967003353e91b5ff9150c52e8924256eb35e52d21d
Lithuania,LT,Lithuania,All Areas (incl.unclassified),2005,PM2.5,P1Y,Baseline from WHO 2021 AQG,Mortality,All causes,Attributable deaths (AD),Total,>= 30 years of age,3354951,2066930,64679.0,13.7,16.2,3162,2419,3522,153.0,117.1,170.4,https://discomap.eea.europa.eu/App/AQViewer/index.html?fqn=Airquality_Dissem.ebd.countries_and_nuts,2026-10-06,88f9445e23b99f58079048967003353e91b5ff9150c52e8924256eb35e52d21d
Lithuania,LT,Lithuania,All Areas (incl.unclassified),2007,PM2.5,P1Y,Baseline from WHO 2021 AQG,Mortality,All causes,Attributable deaths (AD),Total,>= 30 years of age,3249622,2040337,64673.5,11.5,13.5,2528,1929,2819,123.9,94.6,138.2,https://discomap.eea.europa.eu/App/AQViewer/index.html?fqn=Airquality_Dissem.ebd.countries_and_nuts,2026-10-06,88f9445e23b99f58079048967003353e91b5ff9150c52e8924256eb35e52d21d
Lithuania,LT,Lithuania,All Areas (incl.unclassified),2008,PM2.5,P1Y,Baseline from WHO 2021 AQG,Mortality,All causes,Attributable deaths (AD),Total,>= 30 years of age,3212240,2029176,64673.5,14.9,15.6,3016,2306,3361,148.7,113.7,165.7,https://discomap.eea.europa.eu/App/AQViewer/index.html?fqn=Airquality_Dissem.ebd.countries_and_nuts,2026-10-06,88f9445e23b99f58079048967003353e91b5ff9150c52e8924256eb35e52d21d
Lithuania,LT,Lithuania,All Areas (incl.unclassified),2009,PM2.5,P1Y,Baseline from WHO 2021 AQG,Mortality,All causes,Attributable deaths (AD),Total,>= 30 years of age,3183598,2021215,64679.0,10.5,12.5,2089,1593,2331,103.4,78.8,115.4,https://discomap.eea.europa.eu/App/AQViewer/index.html?fqn=Airquality_Dissem.ebd.countries_and_nuts,2026-10-06,88f9445e23b99f58079048967003353e91b5ff9150c52e8924256eb35e52d21d
Lithuania,LT,Lithuania,All Areas (incl.unclassified),2010,PM2.5,P1Y,Baseline from WHO 2021 AQG,Mortality,All causes,Attributable deaths (AD),Total,>= 30 years of age,3141720,2006203,64679.0,12.7,15.9,3019,2310,3363,150.5,115.2,167.6,https://discomap.eea.europa.eu/App/AQViewer/index.html?fqn=Airquality_Dissem.ebd.countries_and_nuts,2026-10-06,88f9445e23b99f58079048967003353e91b5ff9150c52e8924256eb35e52d21d
Lithuania,LT,Lithuania,All Areas (incl.unclassified),2011,PM2.5,P1Y,Baseline from WHO 2021 AQG,Mortality,All causes,Attributable deaths (AD),Total,>= 30 years of age,3052333,1969429,64679.0,11.6,14.1,2473,1889,2758,125.6,96.0,140.0,https://discomap.eea.europa.eu/App/AQViewer/index.html?fqn=Airquality_Dissem.ebd.countries_and_nuts,2026-10-06,88f9445e23b99f58079048967003353e91b5ff9150c52e8924256eb35e52d21d
Lithuania,LT,Lithuania,All Areas (incl.unclassified),2012,PM2.5,P1Y,Baseline from WHO 2021 AQG,Mortality,All causes,Attributable deaths (AD),Total,>= 30 years of age,3003389,1950466,64679.0,11.7,13.1,2215,1690,2471,113.6,86.7,126.7,https://discomap.eea.europa.eu/App/AQViewer/index.html?fqn=Airquality_Dissem.ebd.countries_and_nuts,2026-10-06,88f9445e23b99f58079048967003353e91b5ff9150c52e8924256eb35e52d21d
Lithuania,LT,Lithuania,All Areas (incl.unclassified),2013,PM2.5,P1Y,Baseline from WHO 2021 AQG,Mortality,All causes,Attributable deaths (AD),Total,>= 30 years of age,2974392,1944089,64679.0,10.7,13.4,2350,1794,2620,120.9,92.3,134.8,https://discomap.eea.europa.eu/App/AQViewer/index.html?fqn=Airquality_Dissem.ebd.countries_and_nuts,2026-10-06,88f9445e23b99f58079048967003353e91b5ff9150c52e8924256eb35e52d21d
Lithuania,LT,Lithuania,All Areas (incl.unclassified),2014,PM2.5,P1Y,Baseline from WHO 2021 AQG,Mortality,All causes,Attributable deaths (AD),Total,>= 30 years of age,2947609,1941231,64679.0,12.7,15.0,2713,2074,3024,139.8,106.9,155.8,https://discomap.eea.europa.eu/App/AQViewer/index.html?fqn=Airquality_Dissem.ebd.countries_and_nuts,2026-10-06,88f9445e23b99f58079048967003353e91b5ff9150c52e8924256eb35e52d21d
Lithuania,LT,Lithuania,All Areas (incl.unclassified),2015,PM2.5,P1Y,Baseline from WHO 2021 AQG,Mortality,All causes,Attributable deaths (AD),Total,>= 30 years of age,2926400,1941436,64679.0,10.5,12.3,2074,1581,2315,106.9,81.5,119.2,https://discomap.eea.europa.eu/App/AQViewer/index.html?fqn=Airquality_Dissem.ebd.countries_and_nuts,2026-10-06,88f9445e23b99f58079048967003353e91b5ff9150c52e8924256eb35e52d21d
Lithuania,LT,Lithuania,All Areas (incl.unclassified),2016,PM2.5,P1Y,Baseline from WHO 2021 AQG,Mortality,All causes,Attributable deaths (AD),Total,>= 30 years of age,2895330,1935871,64679.0,9.1,12.0,1973,1505,2202,102.0,77.8,113.8,https://discomap.eea.europa.eu/App/AQViewer/index.html?fqn=Airquality_Dissem.ebd.countries_and_nuts,2026-10-06,88f9445e23b99f58079048967003353e91b5ff9150c52e8924256eb35e52d21d
Lithuania,LT,Lithuania,All Areas (incl.unclassified),2017,PM2.5,P1Y,Baseline from WHO 2021 AQG,Mortality,All causes,Attributable deaths (AD),Total,>= 30 years of age,2858840,1929153,64679.0,8.6,10.3,1469,1118,1640,76.2,58.0,85.1,https://discomap.eea.europa.eu/App/AQViewer/index.html?fqn=Airquality_Dissem.ebd.countries_and_nuts,2026-10-06,88f9445e23b99f58079048967003353e91b5ff9150c52e8924256eb35e52d21d
Lithuania,LT,Lithuania,All Areas (incl.unclassified),2018,PM2.5,P1Y,Baseline from WHO 2021 AQG,Mortality,All causes,Attributable deaths (AD),Total,>= 30 years of age,2825961,1924881,64679.0,10.3,12.5,2047,1561,2283,106.3,81.1,118.7,https://discomap.eea.europa.eu/App/AQViewer/index.html?fqn=Airquality_Dissem.ebd.countries_and_nuts,2026-10-06,88f9445e23b99f58079048967003353e91b5ff9150c52e8924256eb35e52d21d
Lithuania,LT,Lithuania,All Areas (incl.unclassified),2019,PM2.5,P1Y,Baseline from WHO 2021 AQG,Mortality,All causes,Attributable deaths (AD),Total,>= 30 years of age,2811963,1927932,64679.0,9.0,11.8,1814,1383,2024,94.1,71.8,105.0,https://discomap.eea.europa.eu/App/AQViewer/index.html?fqn=Airquality_Dissem.ebd.countries_and_nuts,2026-10-06,88f9445e23b99f58079048967003353e91b5ff9150c52e8924256eb35e52d21d
Lithuania,LT,Lithuania,All Areas (incl.unclassified),2020,PM2.5,P1Y,Baseline from WHO 2021 AQG,Mortality,All causes,Attributable deaths (AD),Total,>= 30 years of age,2809743,1939363,64679.0,7.3,9.5,1372,1043,1533,70.8,53.8,79.0,https://discomap.eea.europa.eu/App/AQViewer/index.html?fqn=Airquality_Dissem.ebd.countries_and_nuts,2026-10-06,88f9445e23b99f58079048967003353e91b5ff9150c52e8924256eb35e52d21d
Lithuania,LT,Lithuania,All Areas (incl.unclassified),2021,PM2.5,P1Y,Baseline from WHO 2021 AQG,Mortality,All causes,Attributable deaths (AD),Total,>= 30 years of age,2810525,1951595,64679.0,9.7,11.3,2114,1610,2360,108.3,82.5,120.9,https://discomap.eea.europa.eu/App/AQViewer/index.html?fqn=Airquality_Dissem.ebd.countries_and_nuts,2026-10-06,88f9445e23b99f58079048967003353e91b5ff9150c52e8924256eb35e52d21d
Lithuania,LT,Lithuania,All Areas (incl.unclassified),2022,PM2.5,P1Y,Baseline from WHO 2021 AQG,Mortality,All causes,Attributable deaths (AD),Total,>= 30 years of age,2805763,1957414,64679.0,7.9,9.7,1435,1092,1604,73.4,55.8,82.0,https://discomap.eea.europa.eu/App/AQViewer/index.html?fqn=Airquality_Dissem.ebd.countries_and_nuts,2026-10-06,88f9445e23b99f58079048967003353e91b5ff9150c52e8924256eb35e52d21d
Lithuania,LT,Lithuania,All Areas (incl.unclassified),2023,PM2.5,P1Y,Baseline from WHO 2021 AQG,Mortality,All causes,Attributable deaths (AD),Total,>= 30 years of age,2857039,1999148,64679.0,6.8,8.1,814,618,910,40.7,30.9,45.5,https://discomap.eea.europa.eu/App/AQViewer/index.html?fqn=Airquality_Dissem.ebd.countries_and_nuts,2026-10-06,88f9445e23b99f58079048967003353e91b5ff9150c52e8924256eb35e52d21d
Luxembourg,LU,Luxembourg,All Areas (incl.unclassified),2005,PM2.5,P1Y,Baseline from WHO 2021 AQG,Mortality,All causes,Attributable deaths (AD),Total,>= 30 years of age,461223,290868,2595.4,14.2,15.6,260,199,290,89.5,68.5,99.8,https://discomap.eea.europa.eu/App/AQViewer/index.html?fqn=Airquality_Dissem.ebd.countries_and_nuts,2026-10-06,88f9445e23b99f58079048967003353e91b5ff9150c52e8924256eb35e52d21d
Luxembourg,LU,Luxembourg,All Areas (incl.unclassified),2007,PM2.5,P1Y,Baseline from WHO 2021 AQG,Mortality,All causes,Attributable deaths (AD),Total,>= 30 years of age,476181,300874,2595.4,11.0,12.8,205,156,229,68.3,52.1,76.2,https://discomap.eea.europa.eu/App/AQViewer/index.html?fqn=Airquality_Dissem.ebd.countries_and_nuts,2026-10-06,88f9445e23b99f58079048967003353e91b5ff9150c52e8924256eb35e52d21d
Luxembourg,LU,Luxembourg,All Areas (incl.unclassified),2008,PM2.5,P1Y,Baseline from WHO 2021 AQG,Mortality,All causes,Attributable deaths (AD),Total,>= 30 years of age,483793,305920,2595.4,13.2,14.6,233,178,260,76.5,58.4,85.2,https://discomap.eea.europa.eu/App/AQViewer/index.html?fqn=Airquality_Dissem.ebd.countries_and_nuts,2026-10-06,88f9445e23b99f58079048967003353e91b5ff9150c52e8924256eb35e52d21d
Luxembourg,LU,Luxembourg,All Areas (incl.unclassified),2009,PM2.5,P1Y,Baseline from WHO 2021 AQG,Mortality,All causes,Attributable deaths (AD),Total,>= 30 years of age,493494,312626,2595.4,14.3,16.2,277,212,309,88.8,67.9,98.9,https://discomap.eea.europa.eu/App/AQViewer/index.html?fqn=Airquality_Dissem.ebd.countries_and_nuts,2026-10-06,88f9445e23b99f58079048967003353e91b5ff9150c52e8924256eb35e52d21d
Luxembourg,LU,Luxembourg,All Areas (incl.unclassified),2010,PM2.5,P1Y,Baseline from WHO 2021 AQG,Mortality,All causes,Attributable deaths (AD),Total,>= 30 years of age,502061,318696,2595.4,13.7,15.8,275,210,307,86.5,66.2,96.4,https://discomap.eea.europa.eu/App/AQViewer/index.html?fqn=Airquality_Dissem.ebd.countries_and_nuts,2026-10-06,88f9445e23b99f58079048967003353e91b5ff9150c52e8924256eb35e52d21d
Luxembourg,LU,Luxembourg,All Areas (incl.unclassified),2011,PM2.5,P1Y,Baseline from WHO 2021 AQG,Mortality,All causes,Attributable deaths (AD),Total,>= 30 years of age,511834,325455,2595.4,12.1,14.0,235,179,262,72.3,55.2,80.7,https://discomap.eea.europa.eu/App/AQViewer/index.html?fqn=Airquality_Dissem.ebd.countries_and_nuts,2026-10-06,88f9445e23b99f58079048967003353e91b5ff9150c52e8924256eb35e52d21d
Luxembourg,LU,Luxembourg,All Areas (incl.unclassified),2012,PM2.5,P1Y,Baseline from WHO 2021 AQG,Mortality,All causes,Attributable deaths (AD),Total,>= 30 years of age,524847,334539,2595.4,10.5,12.7,203,155,227,60.9,46.5,68.0,https://discomap.eea.europa.eu/App/AQViewer/index.html?fqn=Airquality_Dissem.ebd.countries_and_nuts,2026-10-06,88f9445e23b99f58079048967003353e91b5ff9150c52e8924256eb35e52d21d
Luxembourg,LU,Luxembourg,All Areas (incl.unclassified),2013,PM2.5,P1Y,Baseline from WHO 2021 AQG,Mortality,All causes,Attributable deaths (AD),Total,>= 30 years of age,537032,342911,2595.4,12.0,14.2,237,181,264,69.2,52.8,77.2,https://discomap.eea.europa.eu/App/AQViewer/index.html?fqn=Airquality_Dissem.ebd.countries_and_nuts,2026-10-06,88f9445e23b99f58079048967003353e91b5ff9150c52e8924256eb35e52d21d
Luxembourg,LU,Luxembourg,All Areas (incl.unclassified),2014,PM2.5,P1Y,Baseline from WHO 2021 AQG,Mortality,All causes,Attributable deaths (AD),Total,>= 30 years of age,549674,352016,2595.4,9.7,11.7,178,135,199,50.7,38.6,56.5,https://discomap.eea.europa.eu/App/AQViewer/index.html?fqn=Airquality_Dissem.ebd.countries_and_nuts,2026-10-06,88f9445e23b99f58079048967003353e91b5ff9150c52e8924256eb35e52d21d
Luxembourg,LU,Luxembourg,All Areas (incl.unclassified),2015,PM2.5,P1Y,Baseline from WHO 2021 AQG,Mortality,All causes,Attributable deaths (AD),Total,>= 30 years of age,562951,361718,2595.4,10.1,12.2,198,151,221,55.0,41.9,61.4,https://discomap.eea.europa.eu/App/AQViewer/index.html?fqn=Airquality_Dissem.ebd.countries_and_nuts,2026-10-06,88f9445e23b99f58079048967003353e91b5ff9150c52e8924256eb35e52d21d
Luxembourg,LU,Luxembourg,All Areas (incl.unclassified),2016,PM2.5,P1Y,Baseline from WHO 2021 AQG,Mortality,All causes,Attributable deaths (AD),Total,>= 30 years of age,576244,370883,2595.4,9.0,11.2,171,130,191,46.3,35.2,51.6,https://discomap.eea.europa.eu/App/AQViewer/index.html?fqn=Airquality_Dissem.ebd.countries_and_nuts,2026-10-06,88f9445e23b99f58079048967003353e91b5ff9150c52e8924256eb35e52d21d
Luxembourg,LU,Luxembourg,All Areas (incl.unclassified),2017,PM2.5,P1Y,Baseline from WHO 2021 AQG,Mortality,All causes,Attributable deaths (AD),Total,>= 30 years of age,590660,381286,2595.4,8.4,9.9,148,112,165,38.9,29.6,43.5,https://discomap.eea.europa.eu/App/AQViewer/index.html?fqn=Airquality_Dissem.ebd.countries_and_nuts,2026-10-06,88f9445e23b99f58079048967003353e91b5ff9150c52e8924256eb35e52d21d
Luxembourg,LU,Luxembourg,All Areas (incl.unclassified),2018,PM2.5,P1Y,Baseline from WHO 2021 AQG,Mortality,All causes,Attributable deaths (AD),Total,>= 30 years of age,601999,389206,2595.4,9.0,9.9,149,113,166,38.4,29.2,42.9,https://discomap.eea.europa.eu/App/AQViewer/index.html?fqn=Airquality_Dissem.ebd.countries_and_nuts,2026-10-06,88f9445e23b99f58079048967003353e91b5ff9150c52e8924256eb35e52d21d
Luxembourg,LU,Luxembourg,All Areas (incl.unclassified),2019,PM2.5,P1Y,Baseline from WHO 2021 AQG,Mortality,All causes,Attributable deaths (AD),Total,>= 30 years of age,613886,397912,2595.4,7.3,8.1,93,70,104,23.4,17.8,26.2,https://discomap.eea.europa.eu/App/AQViewer/index.html?fqn=Airquality_Dissem.ebd.countries_and_nuts,2026-10-06,88f9445e23b99f58079048967003353e91b5ff9150c52e8924256eb35e52d21d
Luxembourg,LU,Luxembourg,All Areas (incl.unclassified),2020,PM2.5,P1Y,Baseline from WHO 2021 AQG,Mortality,All causes,Attributable deaths (AD),Total,>= 30 years of age,626102,406583,2595.4,6.2,7.2,73,55,81,18.0,13.7,20.1,https://discomap.eea.europa.eu/App/AQViewer/index.html?fqn=Airquality_Dissem.ebd.countries_and_nuts,2026-10-06,88f9445e23b99f58079048967003353e91b5ff9150c52e8924256eb35e52d21d
Luxembourg,LU,Luxembourg,All Areas (incl.unclassified),2021,PM2.5,P1Y,Baseline from WHO 2021 AQG,Mortality,All causes,Attributable deaths (AD),Total,>= 30 years of age,634724,413946,2595.4,6.6,7.4,76,58,85,18.5,14.1,20.7,https://discomap.eea.europa.eu/App/AQViewer/index.html?fqn=Airquality_Dissem.ebd.countries_and_nuts,2026-10-06,88f9445e23b99f58079048967003353e91b5ff9150c52e8924256eb35e52d21d
Luxembourg,LU,Luxembourg,All Areas (incl.unclassified),2022,PM2.5,P1Y,Baseline from WHO 2021 AQG,Mortality,All causes,Attributable deaths (AD),Total,>= 30 years of age,645393,421739,2595.4,6.5,7.4,74,56,83,17.7,13.4,19.8,https://discomap.eea.europa.eu/App/AQViewer/index.html?fqn=Airquality_Dissem.ebd.countries_and_nuts,2026-10-06,88f9445e23b99f58079048967003353e91b5ff9150c52e8924256eb35e52d21d
Luxembourg,LU,Luxembourg,All Areas (incl.unclassified),2023,PM2.5,P1Y,Baseline from WHO 2021 AQG,Mortality,All causes,Attributable deaths (AD),Total,>= 30 years of age,660801,432503,2595.4,6.1,7.1,66,50,74,15.4,11.7,17.2,https://discomap.eea.europa.eu/App/AQViewer/index.html?fqn=Airquality_Dissem.ebd.countries_and_nuts,2026-10-06,88f9445e23b99f58079048967003353e91b5ff9150c52e8924256eb35e52d21d
Malta,MT,Malta,All Areas (incl.unclassified),2005,PM2.5,P1Y,Baseline from WHO 2021 AQG,Mortality,All causes,Attributable deaths (AD),Total,>= 30 years of age,402653,242534,312.8,18.7,21.0,348,267,386,143.5,110.3,159.6,https://discomap.eea.europa.eu/App/AQViewer/index.html?fqn=Airquality_Dissem.ebd.countries_and_nuts,2026-10-06,88f9445e23b99f58079048967003353e91b5ff9150c52e8924256eb35e52d21d
Malta,MT,Malta,All Areas (incl.unclassified),2007,PM2.5,P1Y,Baseline from WHO 2021 AQG,Mortality,All causes,Attributable deaths (AD),Total,>= 30 years of age,405599,251197,312.8,15.6,17.3,267,205,298,106.7,81.7,118.8,https://discomap.eea.europa.eu/App/AQViewer/index.html?fqn=Airquality_Dissem.ebd.countries_and_nuts,2026-10-06,88f9445e23b99f58079048967003353e91b5ff9150c52e8924256eb35e52d21d
Malta,MT,Malta,All Areas (incl.unclassified),2008,PM2.5,P1Y,Baseline from WHO 2021 AQG,Mortality,All causes,Attributable deaths (AD),Total,>= 30 years of age,407813,255301,312.8,14.3,14.9,226,172,252,88.6,67.7,98.8,https://discomap.eea.europa.eu/App/AQViewer/index.html?fqn=Airquality_Dissem.ebd.countries_and_nuts,2026-10-06,88f9445e23b99f58079048967003353e91b5ff9150c52e8924256eb35e52d21d
Malta,MT,Malta,All Areas (incl.unclassified),2009,PM2.5,P1Y,Baseline from WHO 2021 AQG,Mortality,All causes,Attributable deaths (AD),Total,>= 30 years of age,410908,259096,312.8,15.3,16.4,257,197,287,99.6,76.2,110.9,https://discomap.eea.europa.eu/App/AQViewer/index.html?fqn=Airquality_Dissem.ebd.countries_and_nuts,2026-10-06,88f9445e23b99f58079048967003353e91b5ff9150c52e8924256eb35e52d21d
Malta,MT,Malta,All Areas (incl.unclassified),2010,PM2.5,P1Y,Baseline from WHO 2021 AQG,Mortality,All causes,Attributable deaths (AD),Total,>= 30 years of age,414010,263067,312.8,13.3,13.8,187,143,209,71.3,54.4,79.5,https://discomap.eea.europa.eu/App/AQViewer/index.html?fqn=Airquality_Dissem.ebd.countries_and_nuts,2026-10-06,88f9445e23b99f58079048967003353e91b5ff9150c52e8924256eb35e52d21d
Malta,MT,Malta,All Areas (incl.unclassified),2011,PM2.5,P1Y,Baseline from WHO 2021 AQG,Mortality,All causes,Attributable deaths (AD),Total,>= 30 years of age,414971,266312,312.8,14.9,15.5,242,185,269,90.9,69.5,101.3,https://discomap.eea.europa.eu/App/AQViewer/index.html?fqn=Airquality_Dissem.ebd.countries_and_nuts,2026-10-06,88f9445e23b99f58079048967003353e91b5ff9150c52e8924256eb35e52d21d
Malta,MT,Malta,All Areas (incl.unclassified),2012,PM2.5,P1Y,Baseline from WHO 2021 AQG,Mortality,All causes,Attributable deaths (AD),Total,>= 30 years of age,417526,270042,312.8,12.3,12.4,180,137,201,66.9,51.0,74.7,https://discomap.eea.europa.eu/App/AQViewer/index.html?fqn=Airquality_Dissem.ebd.countries_and_nuts,2026-10-06,88f9445e23b99f58079048967003353e91b5ff9150c52e8924256eb35e52d21d
Malta,MT,Malta,All Areas (incl.unclassified),2013,PM2.5,P1Y,Baseline from WHO 2021 AQG,Mortality,All causes,Attributable deaths (AD),Total,>= 30 years of age,421449,273960,312.8,12.3,12.5,172,131,192,63.0,48.0,70.3,https://discomap.eea.europa.eu/App/AQViewer/index.html?fqn=Airquality_Dissem.ebd.countries_and_nuts,2026-10-06,88f9445e23b99f58079048967003353e91b5ff9150c52e8924256eb35e52d21d
Malta,MT,Malta,All Areas (incl.unclassified),2014,PM2.5,P1Y,Baseline from WHO 2021 AQG,Mortality,All causes,Attributable deaths (AD),Total,>= 30 years of age,428136,279599,312.8,11.1,11.9,159,121,178,57.2,43.6,63.8,https://discomap.eea.europa.eu/App/AQViewer/index.html?fqn=Airquality_Dissem.ebd.countries_and_nuts,2026-10-06,88f9445e23b99f58079048967003353e91b5ff9150c52e8924256eb35e52d21d
Malta,MT,Malta,All Areas (incl.unclassified),2015,PM2.5,P1Y,Baseline from WHO 2021 AQG,Mortality,All causes,Attributable deaths (AD),Total,>= 30 years of age,438787,287867,312.8,11.4,13.0,194,148,217,67.6,51.6,75.5,https://discomap.eea.europa.eu/App/AQViewer/index.html?fqn=Airquality_Dissem.ebd.countries_and_nuts,2026-10-06,88f9445e23b99f58079048967003353e91b5ff9150c52e8924256eb35e52d21d
Malta,MT,Malta,All Areas (incl.unclassified),2016,PM2.5,P1Y,Baseline from WHO 2021 AQG,Mortality,All causes,Attributable deaths (AD),Total,>= 30 years of age,449614,296542,312.8,11.0,11.3,149,113,166,50.3,38.3,56.2,https://discomap.eea.europa.eu/App/AQViewer/index.html?fqn=Airquality_Dissem.ebd.countries_and_nuts,2026-10-06,88f9445e23b99f58079048967003353e91b5ff9150c52e8924256eb35e52d21d
Malta,MT,Malta,All Areas (incl.unclassified),2017,PM2.5,P1Y,Baseline from WHO 2021 AQG,Mortality,All causes,Attributable deaths (AD),Total,>= 30 years of age,459359,304781,312.8,11.2,11.7,171,131,191,56.4,43.0,63.0,https://discomap.eea.europa.eu/App/AQViewer/index.html?fqn=Airquality_Dissem.ebd.countries_and_nuts,2026-10-06,88f9445e23b99f58079048967003353e91b5ff9150c52e8924256eb35e52d21d
Malta,MT,Malta,All Areas (incl.unclassified),2018,PM2.5,P1Y,Baseline from WHO 2021 AQG,Mortality,All causes,Attributable deaths (AD),Total,>= 30 years of age,474820,316393,312.8,11.3,12.4,193,147,216,61.3,46.7,68.4,https://discomap.eea.europa.eu/App/AQViewer/index.html?fqn=Airquality_Dissem.ebd.countries_and_nuts,2026-10-06,88f9445e23b99f58079048967003353e91b5ff9150c52e8924256eb35e52d21d
Malta,MT,Malta,All Areas (incl.unclassified),2019,PM2.5,P1Y,Baseline from WHO 2021 AQG,Mortality,All causes,Attributable deaths (AD),Total,>= 30 years of age,492948,329555,312.8,11.6,12.2,189,144,211,57.4,43.7,64.0,https://discomap.eea.europa.eu/App/AQViewer/index.html?fqn=Airquality_Dissem.ebd.countries_and_nuts,2026-10-06,88f9445e23b99f58079048967003353e91b5ff9150c52e8924256eb35e52d21d
Malta,MT,Malta,All Areas (incl.unclassified),2020,PM2.5,P1Y,Baseline from WHO 2021 AQG,Mortality,All causes,Attributable deaths (AD),Total,>= 30 years of age,514834,346200,312.8,9.3,10.1,149,113,167,43.2,32.9,48.3,https://discomap.eea.europa.eu/App/AQViewer/index.html?fqn=Airquality_Dissem.ebd.countries_and_nuts,2026-10-06,88f9445e23b99f58079048967003353e91b5ff9150c52e8924256eb35e52d21d
Malta,MT,Malta,All Areas (incl.unclassified),2021,PM2.5,P1Y,Baseline from WHO 2021 AQG,Mortality,All causes,Attributable deaths (AD),Total,>= 30 years of age,516104,351512,312.8,10.8,11.5,194,148,217,55.4,42.2,61.8,https://discomap.eea.europa.eu/App/AQViewer/index.html?fqn=Airquality_Dissem.ebd.countries_and_nuts,2026-10-06,88f9445e23b99f58079048967003353e91b5ff9150c52e8924256eb35e52d21d
Malta,MT,Malta,All Areas (incl.unclassified),2022,PM2.5,P1Y,Baseline from WHO 2021 AQG,Mortality,All causes,Attributable deaths (AD),Total,>= 30 years of age,520155,357676,312.8,9.9,10.6,169,128,189,47.3,36.0,52.9,https://discomap.eea.europa.eu/App/AQViewer/index.html?fqn=Airquality_Dissem.ebd.countries_and_nuts,2026-10-06,88f9445e23b99f58079048967003353e91b5ff9150c52e8924256eb35e52d21d
Malta,MT,Malta,All Areas (incl.unclassified),2023,PM2.5,P1Y,Baseline from WHO 2021 AQG,Mortality,All causes,Attributable deaths (AD),Total,>= 30 years of age,542029,373208,312.8,10.2,10.9,172,131,192,46.3,35.2,51.7,https://discomap.eea.europa.eu/App/AQViewer/index.html?fqn=Airquality_Dissem.ebd.countries_and_nuts,2026-10-06,88f9445e23b99f58079048967003353e91b5ff9150c52e8924256eb35e52d21d
Monaco,MC,Monaco,All Areas (incl.unclassified),2005,PM2.5,P1Y,Baseline from WHO 2021 AQG,Mortality,All causes,Attributable deaths (AD),Total,>= 30 years of age,33083,20577,2.0,18.9,18.9,26,20,29,127.7,97.9,142.0,https://discomap.eea.europa.eu/App/AQViewer/index.html?fqn=Airquality_Dissem.ebd.countries_and_nuts,2026-10-06,88f9445e23b99f58079048967003353e91b5ff9150c52e8924256eb35e52d21d
Monaco,MC,Monaco,All Areas (incl.unclassified),2007,PM2.5,P1Y,Baseline from WHO 2021 AQG,Mortality,All causes,Attributable deaths (AD),Total,>= 30 years of age,34006,21215,2.0,18.1,18.1,24,19,27,117.6,90.2,131.0,https://discomap.eea.europa.eu/App/AQViewer/index.html?fqn=Airquality_Dissem.ebd.countries_and_nuts,2026-10-06,88f9445e23b99f58079048967003353e91b5ff9150c52e8924256eb35e52d21d
Monaco,MC,Monaco,All Areas (incl.unclassified),2008,PM2.5,P1Y,Baseline from WHO 2021 AQG,Mortality,All causes,Attributable deaths (AD),Total,>= 30 years of age,34467,21553,2.0,16.5,16.5,22,17,25,105.7,80.9,117.7,https://discomap.eea.europa.eu/App/AQViewer/index.html?fqn=Airquality_Dissem.ebd.countries_and_nuts,2026-10-06,88f9445e23b99f58079048967003353e91b5ff9150c52e8924256eb35e52d21d
Monaco,MC,Monaco,All Areas (incl.unclassified),2009,PM2.5,P1Y,Baseline from WHO 2021 AQG,Mortality,All causes,Attributable deaths (AD),Total,>= 30 years of age,34929,21878,2.0,15.9,15.9,21,16,24,100.0,76.5,111.5,https://discomap.eea.europa.eu/App/AQViewer/index.html?fqn=Airquality_Dissem.ebd.countries_and_nuts,2026-10-06,88f9445e23b99f58079048967003353e91b5ff9150c52e8924256eb35e52d21d
Monaco,MC,Monaco,All Areas (incl.unclassified),2010,PM2.5,P1Y,Baseline from WHO 2021 AQG,Mortality,All causes,Attributable deaths (AD),Total,>= 30 years of age,35391,22213,2.0,14.9,14.9,20,15,22,91.4,69.8,101.9,https://discomap.eea.europa.eu/App/AQViewer/index.html?fqn=Airquality_Dissem.ebd.countries_and_nuts,2026-10-06,88f9445e23b99f58079048967003353e91b5ff9150c52e8924256eb35e52d21d
Monaco,MC,Monaco,All Areas (incl.unclassified),2011,PM2.5,P1Y,Baseline from WHO 2021 AQG,Mortality,All causes,Attributable deaths (AD),Total,>= 30 years of age,35852,22581,2.0,17.1,17.1,24,18,27,109.2,83.6,121.6,https://discomap.eea.europa.eu/App/AQViewer/index.html?fqn=Airquality_Dissem.ebd.countries_and_nuts,2026-10-06,88f9445e23b99f58079048967003353e91b5ff9150c52e8924256eb35e52d21d
Monaco,MC,Monaco,All Areas (incl.unclassified),2012,PM2.5,P1Y,Baseline from WHO 2021 AQG,Mortality,All causes,Attributable deaths (AD),Total,>= 30 years of age,36312,22957,2.0,18.2,18.2,28,21,31,123.4,94.5,137.3,https://discomap.eea.europa.eu/App/AQViewer/index.html?fqn=Airquality_Dissem.ebd.countries_and_nuts,2026-10-06,88f9445e23b99f58079048967003353e91b5ff9150c52e8924256eb35e52d21d
Monaco,MC,Monaco,All Areas (incl.unclassified),2013,PM2.5,P1Y,Baseline from WHO 2021 AQG,Mortality,All causes,Attributable deaths (AD),Total,>= 30 years of age,36775,23324,2.0,13.8,13.8,19,14,21,83.3,63.6,92.9,https://discomap.eea.europa.eu/App/AQViewer/index.html?fqn=Airquality_Dissem.ebd.countries_and_nuts,2026-10-06,88f9445e23b99f58079048967003353e91b5ff9150c52e8924256eb35e52d21d
Monaco,MC,Monaco,All Areas (incl.unclassified),2014,PM2.5,P1Y,Baseline from WHO 2021 AQG,Mortality,All causes,Attributable deaths (AD),Total,>= 30 years of age,37236,23630,2.0,12.9,12.9,17,13,19,73.0,55.6,81.4,https://discomap.eea.europa.eu/App/AQViewer/index.html?fqn=Airquality_Dissem.ebd.countries_and_nuts,2026-10-06,88f9445e23b99f58079048967003353e91b5ff9150c52e8924256eb35e52d21d
Monaco,MC,Monaco,All Areas (incl.unclassified),2015,PM2.5,P1Y,Baseline from WHO 2021 AQG,Mortality,All causes,Attributable deaths (AD),Total,>= 30 years of age,37698,23985,2.0,14.7,14.7,22,17,24,93.3,71.3,104.0,https://discomap.eea.europa.eu/App/AQViewer/index.html?fqn=Airquality_Dissem.ebd.countries_and_nuts,2026-10-06,88f9445e23b99f58079048967003353e91b5ff9150c52e8924256eb35e52d21d
Monaco,MC,Monaco,All Areas (incl.unclassified),2016,PM2.5,P1Y,Baseline from WHO 2021 AQG,Mortality,All causes,Attributable deaths (AD),Total,>= 30 years of age,38197,24383,2.0,13.8,13.8,20,15,23,85.0,64.9,94.8,https://discomap.eea.europa.eu/App/AQViewer/index.html?fqn=Airquality_Dissem.ebd.countries_and_nuts,2026-10-06,88f9445e23b99f58079048967003353e91b5ff9150c52e8924256eb35e52d21d
Monaco,MC,Monaco,All Areas (incl.unclassified),2017,PM2.5,P1Y,Baseline from WHO 2021 AQG,Mortality,All causes,Attributable deaths (AD),Total,>= 30 years of age,38249,24516,2.0,13.2,13.2,19,14,21,80.0,61.0,89.3,https://discomap.eea.europa.eu/App/AQViewer/index.html?fqn=Airquality_Dissem.ebd.countries_and_nuts,2026-10-06,88f9445e23b99f58079048967003353e91b5ff9150c52e8924256eb35e52d21d
Monaco,MC,Monaco,All Areas (incl.unclassified),2018,PM2.5,P1Y,Baseline from WHO 2021 AQG,Mortality,All causes,Attributable deaths (AD),Total,>= 30 years of age,38297,24620,2.0,12.6,12.6,18,13,20,74.1,56.5,82.7,https://discomap.eea.europa.eu/App/AQViewer/index.html?fqn=Airquality_Dissem.ebd.countries_and_nuts,2026-10-06,88f9445e23b99f58079048967003353e91b5ff9150c52e8924256eb35e52d21d
Monaco,MC,Monaco,All Areas (incl.unclassified),2019,PM2.5,P1Y,Baseline from WHO 2021 AQG,Mortality,All causes,Attributable deaths (AD),Total,>= 30 years of age,38298,24705,2.0,12.9,12.9,19,14,21,77.3,58.9,86.2,https://discomap.eea.europa.eu/App/AQViewer/index.html?fqn=Airquality_Dissem.ebd.countries_and_nuts,2026-10-06,88f9445e23b99f58079048967003353e91b5ff9150c52e8924256eb35e52d21d
Monaco,MC,Monaco,All Areas (incl.unclassified),2020,PM2.5,P1Y,Baseline from WHO 2021 AQG,Mortality,All causes,Attributable deaths (AD),Total,>= 30 years of age,38312,24800,2.0,10.5,10.5,14,11,16,58.8,44.8,65.7,https://discomap.eea.europa.eu/App/AQViewer/index.html?fqn=Airquality_Dissem.ebd.countries_and_nuts,2026-10-06,88f9445e23b99f58079048967003353e91b5ff9150c52e8924256eb35e52d21d
Monaco,MC,Monaco,All Areas (incl.unclassified),2021,PM2.5,P1Y,Baseline from WHO 2021 AQG,Mortality,All causes,Attributable deaths (AD),Total,>= 30 years of age,38324,24879,2.0,9.6,9.6,12,9,13,48.7,37.0,54.4,https://discomap.eea.europa.eu/App/AQViewer/index.html?fqn=Airquality_Dissem.ebd.countries_and_nuts,2026-10-06,88f9445e23b99f58079048967003353e91b5ff9150c52e8924256eb35e52d21d
Monaco,MC,Monaco,All Areas (incl.unclassified),2022,PM2.5,P1Y,Baseline from WHO 2021 AQG,Mortality,All causes,Attributable deaths (AD),Total,>= 30 years of age,38338,24953,2.0,10.2,10.2,13,10,15,55.5,42.3,62.0,https://discomap.eea.europa.eu/App/AQViewer/index.html?fqn=Airquality_Dissem.ebd.countries_and_nuts,2026-10-06,88f9445e23b99f58079048967003353e91b5ff9150c52e8924256eb35e52d21d
Monaco,MC,Monaco,All Areas (incl.unclassified),2023,PM2.5,P1Y,Baseline from WHO 2021 AQG,Mortality,All causes,Attributable deaths (AD),Total,>= 30 years of age,38351,25026,2.0,8.7,8.7,9,7,10,37.5,28.5,41.9,https://discomap.eea.europa.eu/App/AQViewer/index.html?fqn=Airquality_Dissem.ebd.countries_and_nuts,2026-10-06,88f9445e23b99f58079048967003353e91b5ff9150c52e8924256eb35e52d21d
Montenegro,ME,Montenegro,All Areas (incl.unclassified),2005,PM2.5,P1Y,Baseline from WHO 2021 AQG,Mortality,All causes,Attributable deaths (AD),Total,>= 30 years of age,613414,349924,13878.0,14.1,22.8,1069,823,1187,305.7,235.3,339.4,https://discomap.eea.europa.eu/App/AQViewer/index.html?fqn=Airquality_Dissem.ebd.countries_and_nuts,2026-10-06,88f9445e23b99f58079048967003353e91b5ff9150c52e8924256eb35e52d21d
Montenegro,ME,Montenegro,All Areas (incl.unclassified),2007,PM2.5,P1Y,Baseline from WHO 2021 AQG,Mortality,All causes,Attributable deaths (AD),Total,>= 30 years of age,614618,355755,13878.0,16.7,23.0,1052,810,1168,295.8,227.8,328.5,https://discomap.eea.europa.eu/App/AQViewer/index.html?fqn=Airquality_Dissem.ebd.countries_and_nuts,2026-10-06,88f9445e23b99f58079048967003353e91b5ff9150c52e8924256eb35e52d21d
Montenegro,ME,Montenegro,All Areas (incl.unclassified),2008,PM2.5,P1Y,Baseline from WHO 2021 AQG,Mortality,All causes,Attributable deaths (AD),Total,>= 30 years of age,615537,358717,13878.0,12.1,21.6,979,753,1088,273.1,210.1,303.5,https://discomap.eea.europa.eu/App/AQViewer/index.html?fqn=Airquality_Dissem.ebd.countries_and_nuts,2026-10-06,88f9445e23b99f58079048967003353e91b5ff9150c52e8924256eb35e52d21d
Montenegro,ME,Montenegro,All Areas (incl.unclassified),2009,PM2.5,P1Y,Baseline from WHO 2021 AQG,Mortality,All causes,Attributable deaths (AD),Total,>= 30 years of age,617152,361913,13878.0,10.3,22.0,1021,786,1134,282.2,217.2,313.4,https://discomap.eea.europa.eu/App/AQViewer/index.html?fqn=Airquality_Dissem.ebd.countries_and_nuts,2026-10-06,88f9445e23b99f58079048967003353e91b5ff9150c52e8924256eb35e52d21d
Montenegro,ME,Montenegro,All Areas (incl.unclassified),2010,PM2.5,P1Y,Baseline from WHO 2021 AQG,Mortality,All causes,Attributable deaths (AD),Total,>= 30 years of age,618996,364930,13878.0,8.2,28.3,1360,1054,1506,372.8,289.0,412.7,https://discomap.eea.europa.eu/App/AQViewer/index.html?fqn=Airquality_Dissem.ebd.countries_and_nuts,2026-10-06,88f9445e23b99f58079048967003353e91b5ff9150c52e8924256eb35e52d21d
Montenegro,ME,Montenegro,All Areas (incl.unclassified),2011,PM2.5,P1Y,Baseline from WHO 2021 AQG,Mortality,All causes,Attributable deaths (AD),Total,>= 30 years of age,619844,367735,13878.0,10.7,27.7,1342,1039,1487,365.2,282.7,404.5,https://discomap.eea.europa.eu/App/AQViewer/index.html?fqn=Airquality_Dissem.ebd.countries_and_nuts,2026-10-06,88f9445e23b99f58079048967003353e91b5ff9150c52e8924256eb35e52d21d
Montenegro,ME,Montenegro,All Areas (incl.unclassified),2012,PM2.5,P1Y,Baseline from WHO 2021 AQG,Mortality,All causes,Attributable deaths (AD),Total,>= 30 years of age,620303,370816,13878.0,10.4,20.5,944,726,1049,254.7,195.8,283.2,https://discomap.eea.europa.eu/App/AQViewer/index.html?fqn=Airquality_Dissem.ebd.countries_and_nuts,2026-10-06,88f9445e23b99f58079048967003353e91b5ff9150c52e8924256eb35e52d21d
Montenegro,ME,Montenegro,All Areas (incl.unclassified),2013,PM2.5,P1Y,Baseline from WHO 2021 AQG,Mortality,All causes,Attributable deaths (AD),Total,>= 30 years of age,620886,374252,13878.0,9.1,17.7,773,593,861,206.8,158.6,230.2,https://discomap.eea.europa.eu/App/AQViewer/index.html?fqn=Airquality_Dissem.ebd.countries_and_nuts,2026-10-06,88f9445e23b99f58079048967003353e91b5ff9150c52e8924256eb35e52d21d
Montenegro,ME,Montenegro,All Areas (incl.unclassified),2014,PM2.5,P1Y,Baseline from WHO 2021 AQG,Mortality,All causes,Attributable deaths (AD),Total,>= 30 years of age,621514,377590,13878.0,10.5,16.1,694,531,773,184.0,140.8,204.9,https://discomap.eea.europa.eu/App/AQViewer/index.html?fqn=Airquality_Dissem.ebd.countries_and_nuts,2026-10-06,88f9445e23b99f58079048967003353e91b5ff9150c52e8924256eb35e52d21d
Montenegro,ME,Montenegro,All Areas (incl.unclassified),2015,PM2.5,P1Y,Baseline from WHO 2021 AQG,Mortality,All causes,Attributable deaths (AD),Total,>= 30 years of age,622090,380581,13878.0,9.0,19.9,941,723,1046,247.3,190.1,274.9,https://discomap.eea.europa.eu/App/AQViewer/index.html?fqn=Airquality_Dissem.ebd.countries_and_nuts,2026-10-06,88f9445e23b99f58079048967003353e91b5ff9150c52e8924256eb35e52d21d
Montenegro,ME,Montenegro,All Areas (incl.unclassified),2016,PM2.5,P1Y,Baseline from WHO 2021 AQG,Mortality,All causes,Attributable deaths (AD),Total,>= 30 years of age,622212,383541,13878.0,9.6,21.9,1031,794,1144,268.8,207.2,298.5,https://discomap.eea.europa.eu/App/AQViewer/index.html?fqn=Airquality_Dissem.ebd.countries_and_nuts,2026-10-06,88f9445e23b99f58079048967003353e91b5ff9150c52e8924256eb35e52d21d
Montenegro,ME,Montenegro,All Areas (incl.unclassified),2017,PM2.5,P1Y,Baseline from WHO 2021 AQG,Mortality,All causes,Attributable deaths (AD),Total,>= 30 years of age,622383,386064,13878.0,9.0,19.7,939,722,1044,243.3,187.0,270.4,https://discomap.eea.europa.eu/App/AQViewer/index.html?fqn=Airquality_Dissem.ebd.countries_and_nuts,2026-10-06,88f9445e23b99f58079048967003353e91b5ff9150c52e8924256eb35e52d21d
Montenegro,ME,Montenegro,All Areas (incl.unclassified),2018,PM2.5,P1Y,Baseline from WHO 2021 AQG,Mortality,All causes,Attributable deaths (AD),Total,>= 30 years of age,622353,388649,13878.0,8.6,21.7,1044,804,1160,268.9,207.1,298.5,https://discomap.eea.europa.eu/App/AQViewer/index.html?fqn=Airquality_Dissem.ebd.countries_and_nuts,2026-10-06,88f9445e23b99f58079048967003353e91b5ff9150c52e8924256eb35e52d21d
Montenegro,ME,Montenegro,All Areas (incl.unclassified),2019,PM2.5,P1Y,Baseline from WHO 2021 AQG,Mortality,All causes,Attributable deaths (AD),Total,>= 30 years of age,622175,390602,13878.0,8.2,19.5,919,706,1022,235.5,180.9,261.9,https://discomap.eea.europa.eu/App/AQViewer/index.html?fqn=Airquality_Dissem.ebd.countries_and_nuts,2026-10-06,88f9445e23b99f58079048967003353e91b5ff9150c52e8924256eb35e52d21d
Montenegro,ME,Montenegro,All Areas (incl.unclassified),2020,PM2.5,P1Y,Baseline from WHO 2021 AQG,Mortality,All causes,Attributable deaths (AD),Total,>= 30 years of age,621868,391745,13878.0,8.7,18.1,976,749,1086,249.4,191.3,277.5,https://discomap.eea.europa.eu/App/AQViewer/index.html?fqn=Airquality_Dissem.ebd.countries_and_nuts,2026-10-06,88f9445e23b99f58079048967003353e91b5ff9150c52e8924256eb35e52d21d
Montenegro,ME,Montenegro,All Areas (incl.unclassified),2021,PM2.5,P1Y,Baseline from WHO 2021 AQG,Mortality,All causes,Attributable deaths (AD),Total,>= 30 years of age,620734,392318,13878.0,9.1,18.1,1148,881,1278,292.8,224.7,325.8,https://discomap.eea.europa.eu/App/AQViewer/index.html?fqn=Airquality_Dissem.ebd.countries_and_nuts,2026-10-06,88f9445e23b99f58079048967003353e91b5ff9150c52e8924256eb35e52d21d
Montenegro,ME,Montenegro,All Areas (incl.unclassified),2022,PM2.5,P1Y,Baseline from WHO 2021 AQG,Mortality,All causes,Attributable deaths (AD),Total,>= 30 years of age,617678,390865,13878.0,7.5,16.0,777,595,865,198.8,152.2,221.4,https://discomap.eea.europa.eu/App/AQViewer/index.html?fqn=Airquality_Dissem.ebd.countries_and_nuts,2026-10-06,88f9445e23b99f58079048967003353e91b5ff9150c52e8924256eb35e52d21d
Montenegro,ME,Montenegro,All Areas (incl.unclassified),2023,PM2.5,P1Y,Baseline from WHO 2021 AQG,Mortality,All causes,Attributable deaths (AD),Total,>= 30 years of age,616688,391935,13878.0,8.1,13.6,555,424,619,141.8,108.4,158.1,https://discomap.eea.europa.eu/App/AQViewer/index.html?fqn=Airquality_Dissem.ebd.countries_and_nuts,2026-10-06,88f9445e23b99f58079048967003353e91b5ff9150c52e8924256eb35e52d21d
Netherlands,NL,Netherlands,All Areas (incl.unclassified),2005,PM2.5,P1Y,Baseline from WHO 2021 AQG,Mortality,All causes,Attributable deaths (AD),Total,>= 30 years of age,16304616,10354712,35454.9,17.0,17.7,11959,9161,13314,115.5,88.5,128.6,https://discomap.eea.europa.eu/App/AQViewer/index.html?fqn=Airquality_Dissem.ebd.countries_and_nuts,2026-10-06,88f9445e23b99f58079048967003353e91b5ff9150c52e8924256eb35e52d21d
Netherlands,NL,Netherlands,All Areas (incl.unclassified),2007,PM2.5,P1Y,Baseline from WHO 2021 AQG,Mortality,All causes,Attributable deaths (AD),Total,>= 30 years of age,16357001,10444744,35454.9,14.9,15.9,10086,7714,11238,96.6,73.9,107.6,https://discomap.eea.europa.eu/App/AQViewer/index.html?fqn=Airquality_Dissem.ebd.countries_and_nuts,2026-10-06,88f9445e23b99f58079048967003353e91b5ff9150c52e8924256eb35e52d21d
Netherlands,NL,Netherlands,All Areas (incl.unclassified),2008,PM2.5,P1Y,Baseline from WHO 2021 AQG,Mortality,All causes,Attributable deaths (AD),Total,>= 30 years of age,16404367,10496825,35454.9,15.5,16.9,11177,8557,12447,106.5,81.5,118.6,https://discomap.eea.europa.eu/App/AQViewer/index.html?fqn=Airquality_Dissem.ebd.countries_and_nuts,2026-10-06,88f9445e23b99f58079048967003353e91b5ff9150c52e8924256eb35e52d21d
Netherlands,NL,Netherlands,All Areas (incl.unclassified),2009,PM2.5,P1Y,Baseline from WHO 2021 AQG,Mortality,All causes,Attributable deaths (AD),Total,>= 30 years of age,16484707,10562677,35454.9,16.2,17.0,11212,8584,12486,106.2,81.3,118.2,https://discomap.eea.europa.eu/App/AQViewer/index.html?fqn=Airquality_Dissem.ebd.countries_and_nuts,2026-10-06,88f9445e23b99f58079048967003353e91b5ff9150c52e8924256eb35e52d21d
Netherlands,NL,Netherlands,All Areas (incl.unclassified),2010,PM2.5,P1Y,Baseline from WHO 2021 AQG,Mortality,All causes,Attributable deaths (AD),Total,>= 30 years of age,16573852,10633660,35454.9,16.7,17.5,11823,9056,13164,111.2,85.2,123.8,https://discomap.eea.europa.eu/App/AQViewer/index.html?fqn=Airquality_Dissem.ebd.countries_and_nuts,2026-10-06,88f9445e23b99f58079048967003353e91b5ff9150c52e8924256eb35e52d21d
Netherlands,NL,Netherlands,All Areas (incl.unclassified),2011,PM2.5,P1Y,Baseline from WHO 2021 AQG,Mortality,All causes,Attributable deaths (AD),Total,>= 30 years of age,16654622,10704956,35454.9,16.5,17.3,11609,8891,12927,108.5,83.1,120.8,https://discomap.eea.europa.eu/App/AQViewer/index.html?fqn=Airquality_Dissem.ebd.countries_and_nuts,2026-10-06,88f9445e23b99f58079048967003353e91b5ff9150c52e8924256eb35e52d21d
Netherlands,NL,Netherlands,All Areas (incl.unclassified),2012,PM2.5,P1Y,Baseline from WHO 2021 AQG,Mortality,All causes,Attributable deaths (AD),Total,>= 30 years of age,16729129,10773960,35454.9,13.2,13.7,8618,6579,9612,80.0,61.1,89.2,https://discomap.eea.europa.eu/App/AQViewer/index.html?fqn=Airquality_Dissem.ebd.countries_and_nuts,2026-10-06,88f9445e23b99f58079048967003353e91b5ff9150c52e8924256eb35e52d21d
Netherlands,NL,Netherlands,All Areas (incl.unclassified),2013,PM2.5,P1Y,Baseline from WHO 2021 AQG,Mortality,All causes,Attributable deaths (AD),Total,>= 30 years of age,16778326,10827918,35454.9,13.6,14.2,9153,6990,10205,84.5,64.6,94.3,https://discomap.eea.europa.eu/App/AQViewer/index.html?fqn=Airquality_Dissem.ebd.countries_and_nuts,2026-10-06,88f9445e23b99f58079048967003353e91b5ff9150c52e8924256eb35e52d21d
Netherlands,NL,Netherlands,All Areas (incl.unclassified),2014,PM2.5,P1Y,Baseline from WHO 2021 AQG,Mortality,All causes,Attributable deaths (AD),Total,>= 30 years of age,16828003,10883330,35454.9,13.5,13.8,8554,6529,9540,78.6,60.0,87.7,https://discomap.eea.europa.eu/App/AQViewer/index.html?fqn=Airquality_Dissem.ebd.countries_and_nuts,2026-10-06,88f9445e23b99f58079048967003353e91b5ff9150c52e8924256eb35e52d21d
Netherlands,NL,Netherlands,All Areas (incl.unclassified),2015,PM2.5,P1Y,Baseline from WHO 2021 AQG,Mortality,All causes,Attributable deaths (AD),Total,>= 30 years of age,16899393,10952097,35454.9,11.8,12.4,7624,5812,8508,69.6,53.1,77.7,https://discomap.eea.europa.eu/App/AQViewer/index.html?fqn=Airquality_Dissem.ebd.countries_and_nuts,2026-10-06,88f9445e23b99f58079048967003353e91b5ff9150c52e8924256eb35e52d21d
Netherlands,NL,Netherlands,All Areas (incl.unclassified),2016,PM2.5,P1Y,Baseline from WHO 2021 AQG,Mortality,All causes,Attributable deaths (AD),Total,>= 30 years of age,16977789,11022808,35502.5,10.9,11.3,6608,5032,7378,60.0,45.7,66.9,https://discomap.eea.europa.eu/App/AQViewer/index.html?fqn=Airquality_Dissem.ebd.countries_and_nuts,2026-10-06,88f9445e23b99f58079048967003353e91b5ff9150c52e8924256eb35e52d21d
Netherlands,NL,Netherlands,All Areas (incl.unclassified),2017,PM2.5,P1Y,Baseline from WHO 2021 AQG,Mortality,All causes,Attributable deaths (AD),Total,>= 30 years of age,17080159,11107127,35502.5,10.9,11.3,6683,5090,7462,60.2,45.8,67.2,https://discomap.eea.europa.eu/App/AQViewer/index.html?fqn=Airquality_Dissem.ebd.countries_and_nuts,2026-10-06,88f9445e23b99f58079048967003353e91b5ff9150c52e8924256eb35e52d21d
Netherlands,NL,Netherlands,All Areas (incl.unclassified),2018,PM2.5,P1Y,Baseline from WHO 2021 AQG,Mortality,All causes,Attributable deaths (AD),Total,>= 30 years of age,17179715,11194597,35502.5,11.7,12.0,7537,5744,8413,67.3,51.3,75.2,https://discomap.eea.europa.eu/App/AQViewer/index.html?fqn=Airquality_Dissem.ebd.countries_and_nuts,2026-10-06,88f9445e23b99f58079048967003353e91b5ff9150c52e8924256eb35e52d21d
Netherlands,NL,Netherlands,All Areas (incl.unclassified),2019,PM2.5,P1Y,Baseline from WHO 2021 AQG,Mortality,All causes,Attributable deaths (AD),Total,>= 30 years of age,17280802,11287648,35502.5,10.3,10.7,6042,4599,6747,53.5,40.7,59.8,https://discomap.eea.europa.eu/App/AQViewer/index.html?fqn=Airquality_Dissem.ebd.countries_and_nuts,2026-10-06,88f9445e23b99f58079048967003353e91b5ff9150c52e8924256eb35e52d21d
Netherlands,NL,Netherlands,All Areas (incl.unclassified),2020,PM2.5,P1Y,Baseline from WHO 2021 AQG,Mortality,All causes,Attributable deaths (AD),Total,>= 30 years of age,17406203,11397873,35502.5,8.8,9.1,4952,3764,5534,43.5,33.0,48.6,https://discomap.eea.europa.eu/App/AQViewer/index.html?fqn=Airquality_Dissem.ebd.countries_and_nuts,2026-10-06,88f9445e23b99f58079048967003353e91b5ff9150c52e8924256eb35e52d21d
Netherlands,NL,Netherlands,All Areas (incl.unclassified),2021,PM2.5,P1Y,Baseline from WHO 2021 AQG,Mortality,All causes,Attributable deaths (AD),Total,>= 30 years of age,17473992,11490585,35502.5,9.3,9.7,5675,4316,6341,49.4,37.6,55.2,https://discomap.eea.europa.eu/App/AQViewer/index.html?fqn=Airquality_Dissem.ebd.countries_and_nuts,2026-10-06,88f9445e23b99f58079048967003353e91b5ff9150c52e8924256eb35e52d21d
Netherlands,NL,Netherlands,All Areas (incl.unclassified),2022,PM2.5,P1Y,Baseline from WHO 2021 AQG,Mortality,All causes,Attributable deaths (AD),Total,>= 30 years of age,17589242,11584522,35502.5,9.0,9.3,5171,3931,5778,44.6,33.9,49.9,https://discomap.eea.europa.eu/App/AQViewer/index.html?fqn=Airquality_Dissem.ebd.countries_and_nuts,2026-10-06,88f9445e23b99f58079048967003353e91b5ff9150c52e8924256eb35e52d21d
Netherlands,NL,Netherlands,All Areas (incl.unclassified),2023,PM2.5,P1Y,Baseline from WHO 2021 AQG,Mortality,All causes,Attributable deaths (AD),Total,>= 30 years of age,17809838,11737613,35502.5,8.1,8.2,3847,2921,4301,32.8,24.9,36.6,https://discomap.eea.europa.eu/App/AQViewer/index.html?fqn=Airquality_Dissem.ebd.countries_and_nuts,2026-10-06,88f9445e23b99f58079048967003353e91b5ff9150c52e8924256eb35e52d21d
North Macedonia,MK,North Macedonia,All Areas (incl.unclassified),2005,PM2.5,P1Y,Baseline from WHO 2021 AQG,Mortality,All causes,Attributable deaths (AD),Total,>= 30 years of age,2033914,1142286,25435.3,20.3,36.8,5925,4632,6532,518.7,405.5,571.8,https://discomap.eea.europa.eu/App/AQViewer/index.html?fqn=Airquality_Dissem.ebd.countries_and_nuts,2026-10-06,88f9445e23b99f58079048967003353e91b5ff9150c52e8924256eb35e52d21d
North Macedonia,MK,North Macedonia,All Areas (incl.unclassified),2007,PM2.5,P1Y,Baseline from WHO 2021 AQG,Mortality,All causes,Attributable deaths (AD),Total,>= 30 years of age,2040327,1167915,25435.3,15.9,25.0,3834,2958,4253,328.3,253.3,364.2,https://discomap.eea.europa.eu/App/AQViewer/index.html?fqn=Airquality_Dissem.ebd.countries_and_nuts,2026-10-06,88f9445e23b99f58079048967003353e91b5ff9150c52e8924256eb35e52d21d
North Macedonia,MK,North Macedonia,All Areas (incl.unclassified),2008,PM2.5,P1Y,Baseline from WHO 2021 AQG,Mortality,All causes,Attributable deaths (AD),Total,>= 30 years of age,2043807,1180070,25435.3,13.3,24.6,3782,2920,4195,320.6,247.4,355.6,https://discomap.eea.europa.eu/App/AQViewer/index.html?fqn=Airquality_Dissem.ebd.countries_and_nuts,2026-10-06,88f9445e23b99f58079048967003353e91b5ff9150c52e8924256eb35e52d21d
North Macedonia,MK,North Macedonia,All Areas (incl.unclassified),2009,PM2.5,P1Y,Baseline from WHO 2021 AQG,Mortality,All causes,Attributable deaths (AD),Total,>= 30 years of age,2047453,1192846,25435.3,15.3,31.0,4942,3846,5461,414.4,322.4,457.9,https://discomap.eea.europa.eu/App/AQViewer/index.html?fqn=Airquality_Dissem.ebd.countries_and_nuts,2026-10-06,88f9445e23b99f58079048967003353e91b5ff9150c52e8924256eb35e52d21d
North Macedonia,MK,North Macedonia,All Areas (incl.unclassified),2010,PM2.5,P1Y,Baseline from WHO 2021 AQG,Mortality,All causes,Attributable deaths (AD),Total,>= 30 years of age,2051772,1206332,25435.3,11.4,27.3,4330,3355,4794,359.0,278.1,397.5,https://discomap.eea.europa.eu/App/AQViewer/index.html?fqn=Airquality_Dissem.ebd.countries_and_nuts,2026-10-06,88f9445e23b99f58079048967003353e91b5ff9150c52e8924256eb35e52d21d
North Macedonia,MK,North Macedonia,All Areas (incl.unclassified),2011,PM2.5,P1Y,Baseline from WHO 2021 AQG,Mortality,All causes,Attributable deaths (AD),Total,>= 30 years of age,2056337,1219452,25435.3,13.1,30.6,4948,3845,5471,405.8,315.3,448.7,https://discomap.eea.europa.eu/App/AQViewer/index.html?fqn=Airquality_Dissem.ebd.countries_and_nuts,2026-10-06,88f9445e23b99f58079048967003353e91b5ff9150c52e8924256eb35e52d21d
North Macedonia,MK,North Macedonia,All Areas (incl.unclassified),2012,PM2.5,P1Y,Baseline from WHO 2021 AQG,Mortality,All causes,Attributable deaths (AD),Total,>= 30 years of age,2058926,1232507,25435.3,13.1,29.0,4666,3622,5162,378.6,293.9,418.9,https://discomap.eea.europa.eu/App/AQViewer/index.html?fqn=Airquality_Dissem.ebd.countries_and_nuts,2026-10-06,88f9445e23b99f58079048967003353e91b5ff9150c52e8924256eb35e52d21d
North Macedonia,MK,North Macedonia,All Areas (incl.unclassified),2013,PM2.5,P1Y,Baseline from WHO 2021 AQG,Mortality,All causes,Attributable deaths (AD),Total,>= 30 years of age,2061503,1245307,25435.3,12.5,27.3,4314,3342,4777,346.5,268.4,383.6,https://discomap.eea.europa.eu/App/AQViewer/index.html?fqn=Airquality_Dissem.ebd.countries_and_nuts,2026-10-06,88f9445e23b99f58079048967003353e91b5ff9150c52e8924256eb35e52d21d
North Macedonia,MK,North Macedonia,All Areas (incl.unclassified),2014,PM2.5,P1Y,Baseline from WHO 2021 AQG,Mortality,All causes,Attributable deaths (AD),Total,>= 30 years of age,2065068,1259152,25435.3,13.0,25.0,3978,3074,4410,316.0,244.1,350.3,https://discomap.eea.europa.eu/App/AQViewer/index.html?fqn=Airquality_Dissem.ebd.countries_and_nuts,2026-10-06,88f9445e23b99f58079048967003353e91b5ff9150c52e8924256eb35e52d21d
North Macedonia,MK,North Macedonia,All Areas (incl.unclassified),2015,PM2.5,P1Y,Baseline from WHO 2021 AQG,Mortality,All causes,Attributable deaths (AD),Total,>= 30 years of age,2068543,1272593,25435.3,13.0,26.5,4392,3397,4867,345.1,267.0,382.5,https://discomap.eea.europa.eu/App/AQViewer/index.html?fqn=Airquality_Dissem.ebd.countries_and_nuts,2026-10-06,88f9445e23b99f58079048967003353e91b5ff9150c52e8924256eb35e52d21d
North Macedonia,MK,North Macedonia,All Areas (incl.unclassified),2016,PM2.5,P1Y,Baseline from WHO 2021 AQG,Mortality,All causes,Attributable deaths (AD),Total,>= 30 years of age,2070725,1285278,25435.3,12.5,33.6,5462,4269,6021,425.0,332.2,468.5,https://discomap.eea.europa.eu/App/AQViewer/index.html?fqn=Airquality_Dissem.ebd.countries_and_nuts,2026-10-06,88f9445e23b99f58079048967003353e91b5ff9150c52e8924256eb35e52d21d
North Macedonia,MK,North Macedonia,All Areas (incl.unclassified),2017,PM2.5,P1Y,Baseline from WHO 2021 AQG,Mortality,All causes,Attributable deaths (AD),Total,>= 30 years of age,2073288,1297823,25435.3,11.1,33.0,5530,4324,6096,426.1,333.2,469.8,https://discomap.eea.europa.eu/App/AQViewer/index.html?fqn=Airquality_Dissem.ebd.countries_and_nuts,2026-10-06,88f9445e23b99f58079048967003353e91b5ff9150c52e8924256eb35e52d21d
North Macedonia,MK,North Macedonia,All Areas (incl.unclassified),2018,PM2.5,P1Y,Baseline from WHO 2021 AQG,Mortality,All causes,Attributable deaths (AD),Total,>= 30 years of age,2074946,1311181,25435.3,11.8,28.5,4694,3649,5189,358.0,278.4,395.8,https://discomap.eea.europa.eu/App/AQViewer/index.html?fqn=Airquality_Dissem.ebd.countries_and_nuts,2026-10-06,88f9445e23b99f58079048967003353e91b5ff9150c52e8924256eb35e52d21d
North Macedonia,MK,North Macedonia,All Areas (incl.unclassified),2019,PM2.5,P1Y,Baseline from WHO 2021 AQG,Mortality,All causes,Attributable deaths (AD),Total,>= 30 years of age,2077054,1325294,25435.3,10.3,19.7,3090,2378,3433,233.2,179.5,259.1,https://discomap.eea.europa.eu/App/AQViewer/index.html?fqn=Airquality_Dissem.ebd.countries_and_nuts,2026-10-06,88f9445e23b99f58079048967003353e91b5ff9150c52e8924256eb35e52d21d
North Macedonia,MK,North Macedonia,All Areas (incl.unclassified),2020,PM2.5,P1Y,Baseline from WHO 2021 AQG,Mortality,All causes,Attributable deaths (AD),Total,>= 30 years of age,2076128,1336454,25435.3,10.7,19.5,3550,2730,3945,265.7,204.3,295.3,https://discomap.eea.europa.eu/App/AQViewer/index.html?fqn=Airquality_Dissem.ebd.countries_and_nuts,2026-10-06,88f9445e23b99f58079048967003353e91b5ff9150c52e8924256eb35e52d21d
North Macedonia,MK,North Macedonia,All Areas (incl.unclassified),2021,PM2.5,P1Y,Baseline from WHO 2021 AQG,Mortality,All causes,Attributable deaths (AD),Total,>= 30 years of age,2068765,1341866,25435.3,10.5,20.9,4576,3522,5082,341.0,262.5,378.8,https://discomap.eea.europa.eu/App/AQViewer/index.html?fqn=Airquality_Dissem.ebd.countries_and_nuts,2026-10-06,88f9445e23b99f58079048967003353e91b5ff9150c52e8924256eb35e52d21d
North Macedonia,MK,North Macedonia,All Areas (incl.unclassified),2022,PM2.5,P1Y,Baseline from WHO 2021 AQG,Mortality,All causes,Attributable deaths (AD),Total,>= 30 years of age,1837071,1196902,25435.3,10.2,21.7,3426,2639,3804,286.3,220.6,317.9,https://discomap.eea.europa.eu/App/AQViewer/index.html?fqn=Airquality_Dissem.ebd.countries_and_nuts,2026-10-06,88f9445e23b99f58079048967003353e91b5ff9150c52e8924256eb35e52d21d
North Macedonia,MK,North Macedonia,All Areas (incl.unclassified),2023,PM2.5,P1Y,Baseline from WHO 2021 AQG,Mortality,All causes,Attributable deaths (AD),Total,>= 30 years of age,1829909,1200381,25435.3,10.7,19.2,2667,2049,2965,222.2,170.7,247.0,https://discomap.eea.europa.eu/App/AQViewer/index.html?fqn=Airquality_Dissem.ebd.countries_and_nuts,2026-10-06,88f9445e23b99f58079048967003353e91b5ff9150c52e8924256eb35e52d21d
Norway,NO,Norway,All Areas (incl.unclassified),2005,PM2.5,P1Y,Baseline from WHO 2021 AQG,Mortality,All causes,Attributable deaths (AD),Total,>= 30 years of age,4601866,2841066,320535.6,3.8,9.3,1268,966,1415,44.6,34.0,49.8,https://discomap.eea.europa.eu/App/AQViewer/index.html?fqn=Airquality_Dissem.ebd.countries_and_nuts,2026-10-06,88f9445e23b99f58079048967003353e91b5ff9150c52e8924256eb35e52d21d
Norway,NO,Norway,All Areas (incl.unclassified),2007,PM2.5,P1Y,Baseline from WHO 2021 AQG,Mortality,All causes,Attributable deaths (AD),Total,>= 30 years of age,4676591,2896783,320520.0,4.9,9.0,1170,890,1307,40.4,30.7,45.1,https://discomap.eea.europa.eu/App/AQViewer/index.html?fqn=Airquality_Dissem.ebd.countries_and_nuts,2026-10-06,88f9445e23b99f58079048967003353e91b5ff9150c52e8924256eb35e52d21d
Norway,NO,Norway,All Areas (incl.unclassified),2008,PM2.5,P1Y,Baseline from WHO 2021 AQG,Mortality,All causes,Attributable deaths (AD),Total,>= 30 years of age,4732626,2930478,320520.0,4.0,8.3,990,752,1106,33.8,25.7,37.8,https://discomap.eea.europa.eu/App/AQViewer/index.html?fqn=Airquality_Dissem.ebd.countries_and_nuts,2026-10-06,88f9445e23b99f58079048967003353e91b5ff9150c52e8924256eb35e52d21d
Norway,NO,Norway,All Areas (incl.unclassified),2009,PM2.5,P1Y,Baseline from WHO 2021 AQG,Mortality,All causes,Attributable deaths (AD),Total,>= 30 years of age,4794774,2967730,320535.6,2.7,7.5,803,610,897,27.1,20.6,30.2,https://discomap.eea.europa.eu/App/AQViewer/index.html?fqn=Airquality_Dissem.ebd.countries_and_nuts,2026-10-06,88f9445e23b99f58079048967003353e91b5ff9150c52e8924256eb35e52d21d
Norway,NO,Norway,All Areas (incl.unclassified),2010,PM2.5,P1Y,Baseline from WHO 2021 AQG,Mortality,All causes,Attributable deaths (AD),Total,>= 30 years of age,4853675,3003025,320532.8,3.3,9.2,1260,959,1407,42.0,31.9,46.9,https://discomap.eea.europa.eu/App/AQViewer/index.html?fqn=Airquality_Dissem.ebd.countries_and_nuts,2026-10-06,88f9445e23b99f58079048967003353e91b5ff9150c52e8924256eb35e52d21d
Norway,NO,Norway,All Areas (incl.unclassified),2011,PM2.5,P1Y,Baseline from WHO 2021 AQG,Mortality,All causes,Attributable deaths (AD),Total,>= 30 years of age,4915824,3040074,320535.6,3.4,9.2,1239,943,1383,40.8,31.0,45.5,https://discomap.eea.europa.eu/App/AQViewer/index.html?fqn=Airquality_Dissem.ebd.countries_and_nuts,2026-10-06,88f9445e23b99f58079048967003353e91b5ff9150c52e8924256eb35e52d21d
Norway,NO,Norway,All Areas (incl.unclassified),2012,PM2.5,P1Y,Baseline from WHO 2021 AQG,Mortality,All causes,Attributable deaths (AD),Total,>= 30 years of age,4981377,3081738,320535.6,2.8,7.5,827,629,924,26.8,20.4,30.0,https://discomap.eea.europa.eu/App/AQViewer/index.html?fqn=Airquality_Dissem.ebd.countries_and_nuts,2026-10-06,88f9445e23b99f58079048967003353e91b5ff9150c52e8924256eb35e52d21d
Norway,NO,Norway,All Areas (incl.unclassified),2013,PM2.5,P1Y,Baseline from WHO 2021 AQG,Mortality,All causes,Attributable deaths (AD),Total,>= 30 years of age,5046782,3124560,320535.6,2.6,7.1,735,559,821,23.5,17.9,26.3,https://discomap.eea.europa.eu/App/AQViewer/index.html?fqn=Airquality_Dissem.ebd.countries_and_nuts,2026-10-06,88f9445e23b99f58079048967003353e91b5ff9150c52e8924256eb35e52d21d
Norway,NO,Norway,All Areas (incl.unclassified),2014,PM2.5,P1Y,Baseline from WHO 2021 AQG,Mortality,All causes,Attributable deaths (AD),Total,>= 30 years of age,5104564,3164856,320535.6,3.3,7.2,669,508,748,21.1,16.1,23.6,https://discomap.eea.europa.eu/App/AQViewer/index.html?fqn=Airquality_Dissem.ebd.countries_and_nuts,2026-10-06,88f9445e23b99f58079048967003353e91b5ff9150c52e8924256eb35e52d21d
Norway,NO,Norway,All Areas (incl.unclassified),2015,PM2.5,P1Y,Baseline from WHO 2021 AQG,Mortality,All causes,Attributable deaths (AD),Total,>= 30 years of age,5161313,3206716,320535.6,2.3,6.0,415,315,464,12.9,9.8,14.5,https://discomap.eea.europa.eu/App/AQViewer/index.html?fqn=Airquality_Dissem.ebd.countries_and_nuts,2026-10-06,88f9445e23b99f58079048967003353e91b5ff9150c52e8924256eb35e52d21d
Norway,NO,Norway,All Areas (incl.unclassified),2016,PM2.5,P1Y,Baseline from WHO 2021 AQG,Mortality,All causes,Attributable deaths (AD),Total,>= 30 years of age,5209490,3245065,320535.6,2.3,6.0,437,332,489,13.5,10.3,15.1,https://discomap.eea.europa.eu/App/AQViewer/index.html?fqn=Airquality_Dissem.ebd.countries_and_nuts,2026-10-06,88f9445e23b99f58079048967003353e91b5ff9150c52e8924256eb35e52d21d
Norway,NO,Norway,All Areas (incl.unclassified),2017,PM2.5,P1Y,Baseline from WHO 2021 AQG,Mortality,All causes,Attributable deaths (AD),Total,>= 30 years of age,5253803,3281527,320535.6,1.9,5.3,289,219,323,8.8,6.7,9.9,https://discomap.eea.europa.eu/App/AQViewer/index.html?fqn=Airquality_Dissem.ebd.countries_and_nuts,2026-10-06,88f9445e23b99f58079048967003353e91b5ff9150c52e8924256eb35e52d21d
Norway,NO,Norway,All Areas (incl.unclassified),2018,PM2.5,P1Y,Baseline from WHO 2021 AQG,Mortality,All causes,Attributable deaths (AD),Total,>= 30 years of age,5291102,3317948,320535.6,2.3,6.5,543,412,606,16.4,12.4,18.3,https://discomap.eea.europa.eu/App/AQViewer/index.html?fqn=Airquality_Dissem.ebd.countries_and_nuts,2026-10-06,88f9445e23b99f58079048967003353e91b5ff9150c52e8924256eb35e52d21d
Norway,NO,Norway,All Areas (incl.unclassified),2019,PM2.5,P1Y,Baseline from WHO 2021 AQG,Mortality,All causes,Attributable deaths (AD),Total,>= 30 years of age,5323694,3357486,320535.6,2.1,5.5,314,238,352,9.4,7.1,10.5,https://discomap.eea.europa.eu/App/AQViewer/index.html?fqn=Airquality_Dissem.ebd.countries_and_nuts,2026-10-06,88f9445e23b99f58079048967003353e91b5ff9150c52e8924256eb35e52d21d
Norway,NO,Norway,All Areas (incl.unclassified),2020,PM2.5,P1Y,Baseline from WHO 2021 AQG,Mortality,All causes,Attributable deaths (AD),Total,>= 30 years of age,5363065,3404213,320535.6,1.6,4.6,151,115,169,4.5,3.4,5.0,https://discomap.eea.europa.eu/App/AQViewer/index.html?fqn=Airquality_Dissem.ebd.countries_and_nuts,2026-10-06,88f9445e23b99f58079048967003353e91b5ff9150c52e8924256eb35e52d21d
Norway,NO,Norway,All Areas (incl.unclassified),2021,PM2.5,P1Y,Baseline from WHO 2021 AQG,Mortality,All causes,Attributable deaths (AD),Total,>= 30 years of age,5386858,3445386,320535.6,2.3,5.8,397,301,444,11.5,8.8,12.9,https://discomap.eea.europa.eu/App/AQViewer/index.html?fqn=Airquality_Dissem.ebd.countries_and_nuts,2026-10-06,88f9445e23b99f58079048967003353e91b5ff9150c52e8924256eb35e52d21d
Norway,NO,Norway,All Areas (incl.unclassified),2022,PM2.5,P1Y,Baseline from WHO 2021 AQG,Mortality,All causes,Attributable deaths (AD),Total,>= 30 years of age,5420734,3486035,320535.6,2.1,5.4,337,255,377,9.7,7.3,10.8,https://discomap.eea.europa.eu/App/AQViewer/index.html?fqn=Airquality_Dissem.ebd.countries_and_nuts,2026-10-06,88f9445e23b99f58079048967003353e91b5ff9150c52e8924256eb35e52d21d
Norway,NO,Norway,All Areas (incl.unclassified),2023,PM2.5,P1Y,Baseline from WHO 2021 AQG,Mortality,All causes,Attributable deaths (AD),Total,>= 30 years of age,5484397,3542430,320535.6,1.9,5.0,235,178,263,6.6,5.0,7.4,https://discomap.eea.europa.eu/App/AQViewer/index.html?fqn=Airquality_Dissem.ebd.countries_and_nuts,2026-10-06,88f9445e23b99f58079048967003353e91b5ff9150c52e8924256eb35e52d21d
Poland,PL,Poland,All Areas (incl.unclassified),2005,PM2.5,P1Y,Baseline from WHO 2021 AQG,Mortality,All causes,Attributable deaths (AD),Total,>= 30 years of age,38172428,22446484,311639.7,16.4,22.1,41403,31897,45969,184.5,142.1,204.8,https://discomap.eea.europa.eu/App/AQViewer/index.html?fqn=Airquality_Dissem.ebd.countries_and_nuts,2026-10-06,88f9445e23b99f58079048967003353e91b5ff9150c52e8924256eb35e52d21d
Poland,PL,Poland,All Areas (incl.unclassified),2007,PM2.5,P1Y,Baseline from WHO 2021 AQG,Mortality,All causes,Attributable deaths (AD),Total,>= 30 years of age,38124039,22909738,311639.4,15.3,19.2,35632,27361,39623,155.5,119.4,173.0,https://discomap.eea.europa.eu/App/AQViewer/index.html?fqn=Airquality_Dissem.ebd.countries_and_nuts,2026-10-06,88f9445e23b99f58079048967003353e91b5ff9150c52e8924256eb35e52d21d
Poland,PL,Poland,All Areas (incl.unclassified),2008,PM2.5,P1Y,Baseline from WHO 2021 AQG,Mortality,All causes,Attributable deaths (AD),Total,>= 30 years of age,38114196,23138392,311639.4,16.5,20.9,39962,30744,44398,172.7,132.9,191.9,https://discomap.eea.europa.eu/App/AQViewer/index.html?fqn=Airquality_Dissem.ebd.countries_and_nuts,2026-10-06,88f9445e23b99f58079048967003353e91b5ff9150c52e8924256eb35e52d21d
Poland,PL,Poland,All Areas (incl.unclassified),2009,PM2.5,P1Y,Baseline from WHO 2021 AQG,Mortality,All causes,Attributable deaths (AD),Total,>= 30 years of age,38134448,23372537,311639.7,16.3,21.3,41604,32014,46217,178.0,137.0,197.7,https://discomap.eea.europa.eu/App/AQViewer/index.html?fqn=Airquality_Dissem.ebd.countries_and_nuts,2026-10-06,88f9445e23b99f58079048967003353e91b5ff9150c52e8924256eb35e52d21d
Poland,PL,Poland,All Areas (incl.unclassified),2010,PM2.5,P1Y,Baseline from WHO 2021 AQG,Mortality,All causes,Attributable deaths (AD),Total,>= 30 years of age,38021434,23621928,311639.7,20.3,26.1,51987,40193,57620,220.1,170.2,243.9,https://discomap.eea.europa.eu/App/AQViewer/index.html?fqn=Airquality_Dissem.ebd.countries_and_nuts,2026-10-06,88f9445e23b99f58079048967003353e91b5ff9150c52e8924256eb35e52d21d
Poland,PL,Poland,All Areas (incl.unclassified),2011,PM2.5,P1Y,Baseline from WHO 2021 AQG,Mortality,All causes,Attributable deaths (AD),Total,>= 30 years of age,38061289,23870276,311639.7,18.7,25.0,49143,37953,54497,205.9,159.0,228.3,https://discomap.eea.europa.eu/App/AQViewer/index.html?fqn=Airquality_Dissem.ebd.countries_and_nuts,2026-10-06,88f9445e23b99f58079048967003353e91b5ff9150c52e8924256eb35e52d21d
Poland,PL,Poland,All Areas (incl.unclassified),2012,PM2.5,P1Y,Baseline from WHO 2021 AQG,Mortality,All causes,Attributable deaths (AD),Total,>= 30 years of age,38062339,24107541,311639.7,17.5,23.4,46709,36025,51831,193.8,149.4,215.0,https://discomap.eea.europa.eu/App/AQViewer/index.html?fqn=Airquality_Dissem.ebd.countries_and_nuts,2026-10-06,88f9445e23b99f58079048967003353e91b5ff9150c52e8924256eb35e52d21d
Poland,PL,Poland,All Areas (incl.unclassified),2013,PM2.5,P1Y,Baseline from WHO 2021 AQG,Mortality,All causes,Attributable deaths (AD),Total,>= 30 years of age,38061103,24362405,311639.7,17.7,22.5,45093,34742,50062,185.1,142.6,205.5,https://discomap.eea.europa.eu/App/AQViewer/index.html?fqn=Airquality_Dissem.ebd.countries_and_nuts,2026-10-06,88f9445e23b99f58079048967003353e91b5ff9150c52e8924256eb35e52d21d
Poland,PL,Poland,All Areas (incl.unclassified),2014,PM2.5,P1Y,Baseline from WHO 2021 AQG,Mortality,All causes,Attributable deaths (AD),Total,>= 30 years of age,38016413,24622296,311639.7,17.8,22.6,44207,34049,49087,179.5,138.3,199.4,https://discomap.eea.europa.eu/App/AQViewer/index.html?fqn=Airquality_Dissem.ebd.countries_and_nuts,2026-10-06,88f9445e23b99f58079048967003353e91b5ff9150c52e8924256eb35e52d21d
Poland,PL,Poland,All Areas (incl.unclassified),2015,PM2.5,P1Y,Baseline from WHO 2021 AQG,Mortality,All causes,Attributable deaths (AD),Total,>= 30 years of age,38004177,24882481,311639.7,15.7,21.2,43331,33339,48139,174.1,134.0,193.5,https://discomap.eea.europa.eu/App/AQViewer/index.html?fqn=Airquality_Dissem.ebd.countries_and_nuts,2026-10-06,88f9445e23b99f58079048967003353e91b5ff9150c52e8924256eb35e52d21d
Poland,PL,Poland,All Areas (incl.unclassified),2016,PM2.5,P1Y,Baseline from WHO 2021 AQG,Mortality,All causes,Attributable deaths (AD),Total,>= 30 years of age,37965788,25103620,311639.7,14.8,20.3,40448,31097,44953,161.1,123.9,179.1,https://discomap.eea.europa.eu/App/AQViewer/index.html?fqn=Airquality_Dissem.ebd.countries_and_nuts,2026-10-06,88f9445e23b99f58079048967003353e91b5ff9150c52e8924256eb35e52d21d
Poland,PL,Poland,All Areas (incl.unclassified),2017,PM2.5,P1Y,Baseline from WHO 2021 AQG,Mortality,All causes,Attributable deaths (AD),Total,>= 30 years of age,37971545,25312370,311639.7,15.6,21.0,43761,33668,48618,172.9,133.0,192.1,https://discomap.eea.europa.eu/App/AQViewer/index.html?fqn=Airquality_Dissem.ebd.countries_and_nuts,2026-10-06,88f9445e23b99f58079048967003353e91b5ff9150c52e8924256eb35e52d21d
Poland,PL,Poland,All Areas (incl.unclassified),2018,PM2.5,P1Y,Baseline from WHO 2021 AQG,Mortality,All causes,Attributable deaths (AD),Total,>= 30 years of age,37975254,25479299,311639.7,16.7,21.3,45889,35304,50983,180.1,138.6,200.1,https://discomap.eea.europa.eu/App/AQViewer/index.html?fqn=Airquality_Dissem.ebd.countries_and_nuts,2026-10-06,88f9445e23b99f58079048967003353e91b5ff9150c52e8924256eb35e52d21d
Poland,PL,Poland,All Areas (incl.unclassified),2019,PM2.5,P1Y,Baseline from WHO 2021 AQG,Mortality,All causes,Attributable deaths (AD),Total,>= 30 years of age,37971372,25636477,311639.7,13.8,17.4,35150,26949,39118,137.1,105.1,152.6,https://discomap.eea.europa.eu/App/AQViewer/index.html?fqn=Airquality_Dissem.ebd.countries_and_nuts,2026-10-06,88f9445e23b99f58079048967003353e91b5ff9150c52e8924256eb35e52d21d
Poland,PL,Poland,All Areas (incl.unclassified),2020,PM2.5,P1Y,Baseline from WHO 2021 AQG,Mortality,All causes,Attributable deaths (AD),Total,>= 30 years of age,37956710,25781644,311639.7,12.1,15.7,35839,27432,39916,139.0,106.4,154.8,https://discomap.eea.europa.eu/App/AQViewer/index.html?fqn=Airquality_Dissem.ebd.countries_and_nuts,2026-10-06,88f9445e23b99f58079048967003353e91b5ff9150c52e8924256eb35e52d21d
Poland,PL,Poland,All Areas (incl.unclassified),2021,PM2.5,P1Y,Baseline from WHO 2021 AQG,Mortality,All causes,Attributable deaths (AD),Total,>= 30 years of age,37071942,25375151,311639.7,13.9,17.9,46507,35669,51749,183.3,140.6,203.9,https://discomap.eea.europa.eu/App/AQViewer/index.html?fqn=Airquality_Dissem.ebd.countries_and_nuts,2026-10-06,88f9445e23b99f58079048967003353e91b5ff9150c52e8924256eb35e52d21d
Poland,PL,Poland,All Areas (incl.unclassified),2022,PM2.5,P1Y,Baseline from WHO 2021 AQG,Mortality,All causes,Attributable deaths (AD),Total,>= 30 years of age,36888341,25361005,311639.7,12.5,15.9,34155,26144,38040,134.7,103.1,150.0,https://discomap.eea.europa.eu/App/AQViewer/index.html?fqn=Airquality_Dissem.ebd.countries_and_nuts,2026-10-06,88f9445e23b99f58079048967003353e91b5ff9150c52e8924256eb35e52d21d
Poland,PL,Poland,All Areas (incl.unclassified),2023,PM2.5,P1Y,Baseline from WHO 2021 AQG,Mortality,All causes,Attributable deaths (AD),Total,>= 30 years of age,36752312,25394150,311639.7,10.9,13.8,25268,19302,28170,99.5,76.0,110.9,https://discomap.eea.europa.eu/App/AQViewer/index.html?fqn=Airquality_Dissem.ebd.countries_and_nuts,2026-10-06,88f9445e23b99f58079048967003353e91b5ff9150c52e8924256eb35e52d21d
Portugal,PT,Portugal,All Areas (incl.unclassified),2005,PM2.5,P1Y,Baseline from WHO 2021 AQG,Mortality,All causes,Attributable deaths (AD),Total,>= 30 years of age,9984701,6375965,88646.6,13.0,18.0,9149,7017,10181,143.5,110.1,159.7,https://discomap.eea.europa.eu/App/AQViewer/index.html?fqn=Airquality_Dissem.ebd.countries_and_nuts,2026-10-06,88f9445e23b99f58079048967003353e91b5ff9150c52e8924256eb35e52d21d
Portugal,PT,Portugal,All Areas (incl.unclassified),2007,PM2.5,P1Y,Baseline from WHO 2021 AQG,Mortality,All causes,Attributable deaths (AD),Total,>= 30 years of age,10021566,6538834,88646.6,10.2,14.1,6257,4780,6976,95.7,73.1,106.7,https://discomap.eea.europa.eu/App/AQViewer/index.html?fqn=Airquality_Dissem.ebd.countries_and_nuts,2026-10-06,88f9445e23b99f58079048967003353e91b5ff9150c52e8924256eb35e52d21d
Portugal,PT,Portugal,All Areas (incl.unclassified),2008,PM2.5,P1Y,Baseline from WHO 2021 AQG,Mortality,All causes,Attributable deaths (AD),Total,>= 30 years of age,10041708,6620800,88646.6,7.5,11.1,4274,3256,4771,64.6,49.2,72.1,https://discomap.eea.europa.eu/App/AQViewer/index.html?fqn=Airquality_Dissem.ebd.countries_and_nuts,2026-10-06,88f9445e23b99f58079048967003353e91b5ff9150c52e8924256eb35e52d21d
Portugal,PT,Portugal,All Areas (incl.unclassified),2009,PM2.5,P1Y,Baseline from WHO 2021 AQG,Mortality,All causes,Attributable deaths (AD),Total,>= 30 years of age,10051321,6687533,88646.6,8.4,12.4,5200,3968,5800,77.8,59.3,86.7,https://discomap.eea.europa.eu/App/AQViewer/index.html?fqn=Airquality_Dissem.ebd.countries_and_nuts,2026-10-06,88f9445e23b99f58079048967003353e91b5ff9150c52e8924256eb35e52d21d
Portugal,PT,Portugal,All Areas (incl.unclassified),2010,PM2.5,P1Y,Baseline from WHO 2021 AQG,Mortality,All causes,Attributable deaths (AD),Total,>= 30 years of age,10061668,6751340,88646.6,7.8,10.6,4061,3092,4535,60.2,45.8,67.2,https://discomap.eea.europa.eu/App/AQViewer/index.html?fqn=Airquality_Dissem.ebd.countries_and_nuts,2026-10-06,88f9445e23b99f58079048967003353e91b5ff9150c52e8924256eb35e52d21d
Portugal,PT,Portugal,All Areas (incl.unclassified),2011,PM2.5,P1Y,Baseline from WHO 2021 AQG,Mortality,All causes,Attributable deaths (AD),Total,>= 30 years of age,10062027,6817727,88646.6,8.1,12.0,4861,3706,5424,71.3,54.4,79.6,https://discomap.eea.europa.eu/App/AQViewer/index.html?fqn=Airquality_Dissem.ebd.countries_and_nuts,2026-10-06,88f9445e23b99f58079048967003353e91b5ff9150c52e8924256eb35e52d21d
Portugal,PT,Portugal,All Areas (incl.unclassified),2012,PM2.5,P1Y,Baseline from WHO 2021 AQG,Mortality,All causes,Attributable deaths (AD),Total,>= 30 years of age,10050023,6857164,88646.6,6.9,10.0,3688,2807,4119,53.8,40.9,60.1,https://discomap.eea.europa.eu/App/AQViewer/index.html?fqn=Airquality_Dissem.ebd.countries_and_nuts,2026-10-06,88f9445e23b99f58079048967003353e91b5ff9150c52e8924256eb35e52d21d
Portugal,PT,Portugal,All Areas (incl.unclassified),2013,PM2.5,P1Y,Baseline from WHO 2021 AQG,Mortality,All causes,Attributable deaths (AD),Total,>= 30 years of age,9998705,6869082,88646.6,7.3,10.0,3666,2790,4094,53.4,40.6,59.6,https://discomap.eea.europa.eu/App/AQViewer/index.html?fqn=Airquality_Dissem.ebd.countries_and_nuts,2026-10-06,88f9445e23b99f58079048967003353e91b5ff9150c52e8924256eb35e52d21d
Portugal,PT,Portugal,All Areas (incl.unclassified),2014,PM2.5,P1Y,Baseline from WHO 2021 AQG,Mortality,All causes,Attributable deaths (AD),Total,>= 30 years of age,9942887,6875771,88646.6,6.7,8.7,2639,2005,2949,38.4,29.2,42.9,https://discomap.eea.europa.eu/App/AQViewer/index.html?fqn=Airquality_Dissem.ebd.countries_and_nuts,2026-10-06,88f9445e23b99f58079048967003353e91b5ff9150c52e8924256eb35e52d21d
Portugal,PT,Portugal,All Areas (incl.unclassified),2015,PM2.5,P1Y,Baseline from WHO 2021 AQG,Mortality,All causes,Attributable deaths (AD),Total,>= 30 years of age,9897364,6886121,88646.6,7.6,10.4,3984,3034,4448,57.9,44.1,64.6,https://discomap.eea.europa.eu/App/AQViewer/index.html?fqn=Airquality_Dissem.ebd.countries_and_nuts,2026-10-06,88f9445e23b99f58079048967003353e91b5ff9150c52e8924256eb35e52d21d
Portugal,PT,Portugal,All Areas (incl.unclassified),2016,PM2.5,P1Y,Baseline from WHO 2021 AQG,Mortality,All causes,Attributable deaths (AD),Total,>= 30 years of age,9872694,6897322,88646.6,6.9,8.9,2949,2243,3295,42.8,32.5,47.8,https://discomap.eea.europa.eu/App/AQViewer/index.html?fqn=Airquality_Dissem.ebd.countries_and_nuts,2026-10-06,88f9445e23b99f58079048967003353e91b5ff9150c52e8924256eb35e52d21d
Portugal,PT,Portugal,All Areas (incl.unclassified),2017,PM2.5,P1Y,Baseline from WHO 2021 AQG,Mortality,All causes,Attributable deaths (AD),Total,>= 30 years of age,9850361,6906154,88646.6,7.7,9.2,3097,2358,3459,44.9,34.1,50.1,https://discomap.eea.europa.eu/App/AQViewer/index.html?fqn=Airquality_Dissem.ebd.countries_and_nuts,2026-10-06,88f9445e23b99f58079048967003353e91b5ff9150c52e8924256eb35e52d21d
Portugal,PT,Portugal,All Areas (incl.unclassified),2018,PM2.5,P1Y,Baseline from WHO 2021 AQG,Mortality,All causes,Attributable deaths (AD),Total,>= 30 years of age,9842682,6922744,88646.6,5.7,8.5,2710,2062,3027,39.2,29.8,43.7,https://discomap.eea.europa.eu/App/AQViewer/index.html?fqn=Airquality_Dissem.ebd.countries_and_nuts,2026-10-06,88f9445e23b99f58079048967003353e91b5ff9150c52e8924256eb35e52d21d
Portugal,PT,Portugal,All Areas (incl.unclassified),2019,PM2.5,P1Y,Baseline from WHO 2021 AQG,Mortality,All causes,Attributable deaths (AD),Total,>= 30 years of age,9841135,6943210,88646.6,5.3,8.3,2568,1953,2870,37.0,28.1,41.3,https://discomap.eea.europa.eu/App/AQViewer/index.html?fqn=Airquality_Dissem.ebd.countries_and_nuts,2026-10-06,88f9445e23b99f58079048967003353e91b5ff9150c52e8924256eb35e52d21d
Portugal,PT,Portugal,All Areas (incl.unclassified),2020,PM2.5,P1Y,Baseline from WHO 2021 AQG,Mortality,All causes,Attributable deaths (AD),Total,>= 30 years of age,9881656,6996651,88646.6,4.9,8.1,2688,2043,3004,38.4,29.2,42.9,https://discomap.eea.europa.eu/App/AQViewer/index.html?fqn=Airquality_Dissem.ebd.countries_and_nuts,2026-10-06,88f9445e23b99f58079048967003353e91b5ff9150c52e8924256eb35e52d21d
Portugal,PT,Portugal,All Areas (incl.unclassified),2021,PM2.5,P1Y,Baseline from WHO 2021 AQG,Mortality,All causes,Attributable deaths (AD),Total,>= 30 years of age,9900304,7034646,88646.6,5.1,7.4,2161,1641,2416,30.7,23.3,34.4,https://discomap.eea.europa.eu/App/AQViewer/index.html?fqn=Airquality_Dissem.ebd.countries_and_nuts,2026-10-06,88f9445e23b99f58079048967003353e91b5ff9150c52e8924256eb35e52d21d
Portugal,PT,Portugal,All Areas (incl.unclassified),2022,PM2.5,P1Y,Baseline from WHO 2021 AQG,Mortality,All causes,Attributable deaths (AD),Total,>= 30 years of age,9925856,7075770,88646.6,6.7,9.3,3659,2784,4088,51.7,39.4,57.8,https://discomap.eea.europa.eu/App/AQViewer/index.html?fqn=Airquality_Dissem.ebd.countries_and_nuts,2026-10-06,88f9445e23b99f58079048967003353e91b5ff9150c52e8924256eb35e52d21d
Portugal,PT,Portugal,All Areas (incl.unclassified),2023,PM2.5,P1Y,Baseline from WHO 2021 AQG,Mortality,All causes,Attributable deaths (AD),Total,>= 30 years of age,10016821,7152244,88646.6,5.3,7.7,2221,1687,2482,31.1,23.6,34.7,https://discomap.eea.europa.eu/App/AQViewer/index.html?fqn=Airquality_Dissem.ebd.countries_and_nuts,2026-10-06,88f9445e23b99f58079048967003353e91b5ff9150c52e8924256eb35e52d21d
Romania,RO,Romania,All Areas (incl.unclassified),2005,PM2.5,P1Y,Baseline from WHO 2021 AQG,Mortality,All causes,Attributable deaths (AD),Total,>= 30 years of age,21377568,12671296,237327.4,20.6,29.3,41431,32103,45869,327.0,253.4,362.0,https://discomap.eea.europa.eu/App/AQViewer/index.html?fqn=Airquality_Dissem.ebd.countries_and_nuts,2026-10-06,88f9445e23b99f58079048967003353e91b5ff9150c52e8924256eb35e52d21d
Romania,RO,Romania,All Areas (incl.unclassified),2007,PM2.5,P1Y,Baseline from WHO 2021 AQG,Mortality,All causes,Attributable deaths (AD),Total,>= 30 years of age,21124664,12931392,237321.1,17.4,24.3,32296,24902,35841,249.8,192.6,277.2,https://discomap.eea.europa.eu/App/AQViewer/index.html?fqn=Airquality_Dissem.ebd.countries_and_nuts,2026-10-06,88f9445e23b99f58079048967003353e91b5ff9150c52e8924256eb35e52d21d
Romania,RO,Romania,All Areas (incl.unclassified),2008,PM2.5,P1Y,Baseline from WHO 2021 AQG,Mortality,All causes,Attributable deaths (AD),Total,>= 30 years of age,20629721,13034755,237321.1,15.5,22.4,29500,22720,32757,226.3,174.3,251.3,https://discomap.eea.europa.eu/App/AQViewer/index.html?fqn=Airquality_Dissem.ebd.countries_and_nuts,2026-10-06,88f9445e23b99f58079048967003353e91b5ff9150c52e8924256eb35e52d21d
Romania,RO,Romania,All Areas (incl.unclassified),2009,PM2.5,P1Y,Baseline from WHO 2021 AQG,Mortality,All causes,Attributable deaths (AD),Total,>= 30 years of age,20435620,13336497,237327.4,16.7,20.1,26272,20182,29210,197.0,151.3,219.0,https://discomap.eea.europa.eu/App/AQViewer/index.html?fqn=Airquality_Dissem.ebd.countries_and_nuts,2026-10-06,88f9445e23b99f58079048967003353e91b5ff9150c52e8924256eb35e52d21d
Romania,RO,Romania,All Areas (incl.unclassified),2010,PM2.5,P1Y,Baseline from WHO 2021 AQG,Mortality,All causes,Attributable deaths (AD),Total,>= 30 years of age,20289309,13255681,237323.9,14.5,17.2,21816,16722,24281,164.6,126.2,183.2,https://discomap.eea.europa.eu/App/AQViewer/index.html?fqn=Airquality_Dissem.ebd.countries_and_nuts,2026-10-06,88f9445e23b99f58079048967003353e91b5ff9150c52e8924256eb35e52d21d
Romania,RO,Romania,All Areas (incl.unclassified),2011,PM2.5,P1Y,Baseline from WHO 2021 AQG,Mortality,All causes,Attributable deaths (AD),Total,>= 30 years of age,20194398,13210241,237327.4,17.6,22.0,29007,22328,32218,219.6,169.0,243.9,https://discomap.eea.europa.eu/App/AQViewer/index.html?fqn=Airquality_Dissem.ebd.countries_and_nuts,2026-10-06,88f9445e23b99f58079048967003353e91b5ff9150c52e8924256eb35e52d21d
Romania,RO,Romania,All Areas (incl.unclassified),2012,PM2.5,P1Y,Baseline from WHO 2021 AQG,Mortality,All causes,Attributable deaths (AD),Total,>= 30 years of age,20091348,13147688,237327.4,17.0,21.2,28092,21611,31212,213.7,164.4,237.4,https://discomap.eea.europa.eu/App/AQViewer/index.html?fqn=Airquality_Dissem.ebd.countries_and_nuts,2026-10-06,88f9445e23b99f58079048967003353e91b5ff9150c52e8924256eb35e52d21d
Romania,RO,Romania,All Areas (incl.unclassified),2013,PM2.5,P1Y,Baseline from WHO 2021 AQG,Mortality,All causes,Attributable deaths (AD),Total,>= 30 years of age,20015443,13167853,237327.4,16.1,18.5,22967,17619,25552,174.4,133.8,194.1,https://discomap.eea.europa.eu/App/AQViewer/index.html?fqn=Airquality_Dissem.ebd.countries_and_nuts,2026-10-06,88f9445e23b99f58079048967003353e91b5ff9150c52e8924256eb35e52d21d
Romania,RO,Romania,All Areas (incl.unclassified),2014,PM2.5,P1Y,Baseline from WHO 2021 AQG,Mortality,All causes,Attributable deaths (AD),Total,>= 30 years of age,19942680,13176744,237327.4,14.8,17.4,21892,16780,24367,166.1,127.3,184.9,https://discomap.eea.europa.eu/App/AQViewer/index.html?fqn=Airquality_Dissem.ebd.countries_and_nuts,2026-10-06,88f9445e23b99f58079048967003353e91b5ff9150c52e8924256eb35e52d21d
Romania,RO,Romania,All Areas (incl.unclassified),2015,PM2.5,P1Y,Baseline from WHO 2021 AQG,Mortality,All causes,Attributable deaths (AD),Total,>= 30 years of age,19866025,13170991,237327.4,14.4,18.1,23808,18256,26493,180.8,138.6,201.2,https://discomap.eea.europa.eu/App/AQViewer/index.html?fqn=Airquality_Dissem.ebd.countries_and_nuts,2026-10-06,88f9445e23b99f58079048967003353e91b5ff9150c52e8924256eb35e52d21d
Romania,RO,Romania,All Areas (incl.unclassified),2016,PM2.5,P1Y,Baseline from WHO 2021 AQG,Mortality,All causes,Attributable deaths (AD),Total,>= 30 years of age,19756007,13170315,237327.4,12.1,16.8,21153,16206,23550,160.6,123.1,178.8,https://discomap.eea.europa.eu/App/AQViewer/index.html?fqn=Airquality_Dissem.ebd.countries_and_nuts,2026-10-06,88f9445e23b99f58079048967003353e91b5ff9150c52e8924256eb35e52d21d
Romania,RO,Romania,All Areas (incl.unclassified),2017,PM2.5,P1Y,Baseline from WHO 2021 AQG,Mortality,All causes,Attributable deaths (AD),Total,>= 30 years of age,19639402,13167263,237327.4,13.8,17.7,23238,17811,25865,176.5,135.3,196.4,https://discomap.eea.europa.eu/App/AQViewer/index.html?fqn=Airquality_Dissem.ebd.countries_and_nuts,2026-10-06,88f9445e23b99f58079048967003353e91b5ff9150c52e8924256eb35e52d21d
Romania,RO,Romania,All Areas (incl.unclassified),2018,PM2.5,P1Y,Baseline from WHO 2021 AQG,Mortality,All causes,Attributable deaths (AD),Total,>= 30 years of age,19528961,13183106,237327.4,14.2,17.5,23048,17664,25655,174.8,134.0,194.6,https://discomap.eea.europa.eu/App/AQViewer/index.html?fqn=Airquality_Dissem.ebd.countries_and_nuts,2026-10-06,88f9445e23b99f58079048967003353e91b5ff9150c52e8924256eb35e52d21d
Romania,RO,Romania,All Areas (incl.unclassified),2019,PM2.5,P1Y,Baseline from WHO 2021 AQG,Mortality,All causes,Attributable deaths (AD),Total,>= 30 years of age,19409977,13189493,237327.4,11.7,15.0,18336,14026,20429,139.0,106.3,154.9,https://discomap.eea.europa.eu/App/AQViewer/index.html?fqn=Airquality_Dissem.ebd.countries_and_nuts,2026-10-06,88f9445e23b99f58079048967003353e91b5ff9150c52e8924256eb35e52d21d
Romania,RO,Romania,All Areas (incl.unclassified),2020,PM2.5,P1Y,Baseline from WHO 2021 AQG,Mortality,All causes,Attributable deaths (AD),Total,>= 30 years of age,19324390,13212202,237327.4,11.7,15.1,21437,16397,23884,162.3,124.1,180.8,https://discomap.eea.europa.eu/App/AQViewer/index.html?fqn=Airquality_Dissem.ebd.countries_and_nuts,2026-10-06,88f9445e23b99f58079048967003353e91b5ff9150c52e8924256eb35e52d21d
Romania,RO,Romania,All Areas (incl.unclassified),2021,PM2.5,P1Y,Baseline from WHO 2021 AQG,Mortality,All causes,Attributable deaths (AD),Total,>= 30 years of age,19197236,13131808,237327.4,11.4,14.3,21990,16804,24511,167.5,128.0,186.7,https://discomap.eea.europa.eu/App/AQViewer/index.html?fqn=Airquality_Dissem.ebd.countries_and_nuts,2026-10-06,88f9445e23b99f58079048967003353e91b5ff9150c52e8924256eb35e52d21d
Romania,RO,Romania,All Areas (incl.unclassified),2022,PM2.5,P1Y,Baseline from WHO 2021 AQG,Mortality,All causes,Attributable deaths (AD),Total,>= 30 years of age,19038068,12998510,237327.4,11.2,14.2,17903,13680,19957,137.7,105.2,153.5,https://discomap.eea.europa.eu/App/AQViewer/index.html?fqn=Airquality_Dissem.ebd.countries_and_nuts,2026-10-06,88f9445e23b99f58079048967003353e91b5ff9150c52e8924256eb35e52d21d
Romania,RO,Romania,All Areas (incl.unclassified),2023,PM2.5,P1Y,Baseline from WHO 2021 AQG,Mortality,All causes,Attributable deaths (AD),Total,>= 30 years of age,19050162,12978168,237327.4,10.8,13.1,14065,10736,15687,108.4,82.7,120.9,https://discomap.eea.europa.eu/App/AQViewer/index.html?fqn=Airquality_Dissem.ebd.countries_and_nuts,2026-10-06,88f9445e23b99f58079048967003353e91b5ff9150c52e8924256eb35e52d21d
San Marino,SM,San Marino,All Areas (incl.unclassified),2005,PM2.5,P1Y,Baseline from WHO 2021 AQG,Mortality,All causes,Attributable deaths (AD),Total,>= 30 years of age,29668,20401,60.9,17.5,18.2,26,20,29,131.0,100.4,145.8,https://discomap.eea.europa.eu/App/AQViewer/index.html?fqn=Airquality_Dissem.ebd.countries_and_nuts,2026-10-06,88f9445e23b99f58079048967003353e91b5ff9150c52e8924256eb35e52d21d
San Marino,SM,San Marino,All Areas (incl.unclassified),2007,PM2.5,P1Y,Baseline from WHO 2021 AQG,Mortality,All causes,Attributable deaths (AD),Total,>= 30 years of age,30362,21132,60.9,18.3,19.9,30,23,33,144.1,110.6,160.3,https://discomap.eea.europa.eu/App/AQViewer/index.html?fqn=Airquality_Dissem.ebd.countries_and_nuts,2026-10-06,88f9445e23b99f58079048967003353e91b5ff9150c52e8924256eb35e52d21d
San Marino,SM,San Marino,All Areas (incl.unclassified),2008,PM2.5,P1Y,Baseline from WHO 2021 AQG,Mortality,All causes,Attributable deaths (AD),Total,>= 30 years of age,32049,22379,60.9,17.3,18.2,29,22,32,130.3,99.9,145.1,https://discomap.eea.europa.eu/App/AQViewer/index.html?fqn=Airquality_Dissem.ebd.countries_and_nuts,2026-10-06,88f9445e23b99f58079048967003353e91b5ff9150c52e8924256eb35e52d21d
San Marino,SM,San Marino,All Areas (incl.unclassified),2009,PM2.5,P1Y,Baseline from WHO 2021 AQG,Mortality,All causes,Attributable deaths (AD),Total,>= 30 years of age,31264,21886,60.9,15.2,16.6,25,19,28,115.3,88.2,128.4,https://discomap.eea.europa.eu/App/AQViewer/index.html?fqn=Airquality_Dissem.ebd.countries_and_nuts,2026-10-06,88f9445e23b99f58079048967003353e91b5ff9150c52e8924256eb35e52d21d
San Marino,SM,San Marino,All Areas (incl.unclassified),2010,PM2.5,P1Y,Baseline from WHO 2021 AQG,Mortality,All causes,Attributable deaths (AD),Total,>= 30 years of age,31561,22146,60.9,15.2,16.3,24,18,27,111.5,85.3,124.2,https://discomap.eea.europa.eu/App/AQViewer/index.html?fqn=Airquality_Dissem.ebd.countries_and_nuts,2026-10-06,88f9445e23b99f58079048967003353e91b5ff9150c52e8924256eb35e52d21d
San Marino,SM,San Marino,All Areas (incl.unclassified),2011,PM2.5,P1Y,Baseline from WHO 2021 AQG,Mortality,All causes,Attributable deaths (AD),Total,>= 30 years of age,31858,22404,60.9,17.4,19.4,31,24,35,140.5,107.8,156.3,https://discomap.eea.europa.eu/App/AQViewer/index.html?fqn=Airquality_Dissem.ebd.countries_and_nuts,2026-10-06,88f9445e23b99f58079048967003353e91b5ff9150c52e8924256eb35e52d21d
San Marino,SM,San Marino,All Areas (incl.unclassified),2012,PM2.5,P1Y,Baseline from WHO 2021 AQG,Mortality,All causes,Attributable deaths (AD),Total,>= 30 years of age,33372,23648,60.9,15.0,16.6,27,21,31,117.9,90.3,131.4,https://discomap.eea.europa.eu/App/AQViewer/index.html?fqn=Airquality_Dissem.ebd.countries_and_nuts,2026-10-06,88f9445e23b99f58079048967003353e91b5ff9150c52e8924256eb35e52d21d
San Marino,SM,San Marino,All Areas (incl.unclassified),2013,PM2.5,P1Y,Baseline from WHO 2021 AQG,Mortality,All causes,Attributable deaths (AD),Total,>= 30 years of age,33558,23836,60.9,13.8,14.9,23,17,26,98.8,75.5,110.1,https://discomap.eea.europa.eu/App/AQViewer/index.html?fqn=Airquality_Dissem.ebd.countries_and_nuts,2026-10-06,88f9445e23b99f58079048967003353e91b5ff9150c52e8924256eb35e52d21d
San Marino,SM,San Marino,All Areas (incl.unclassified),2014,PM2.5,P1Y,Baseline from WHO 2021 AQG,Mortality,All causes,Attributable deaths (AD),Total,>= 30 years of age,32514,23025,60.9,12.3,13.4,19,14,21,83.5,63.7,93.1,https://discomap.eea.europa.eu/App/AQViewer/index.html?fqn=Airquality_Dissem.ebd.countries_and_nuts,2026-10-06,88f9445e23b99f58079048967003353e91b5ff9150c52e8924256eb35e52d21d
San Marino,SM,San Marino,All Areas (incl.unclassified),2015,PM2.5,P1Y,Baseline from WHO 2021 AQG,Mortality,All causes,Attributable deaths (AD),Total,>= 30 years of age,32782,23284,60.9,14.2,15.9,27,20,30,116.5,89.1,129.8,https://discomap.eea.europa.eu/App/AQViewer/index.html?fqn=Airquality_Dissem.ebd.countries_and_nuts,2026-10-06,88f9445e23b99f58079048967003353e91b5ff9150c52e8924256eb35e52d21d
San Marino,SM,San Marino,All Areas (incl.unclassified),2016,PM2.5,P1Y,Baseline from WHO 2021 AQG,Mortality,All causes,Attributable deaths (AD),Total,>= 30 years of age,33000,23501,60.9,12.5,13.9,21,16,23,90.7,69.2,101.1,https://discomap.eea.europa.eu/App/AQViewer/index.html?fqn=Airquality_Dissem.ebd.countries_and_nuts,2026-10-06,88f9445e23b99f58079048967003353e91b5ff9150c52e8924256eb35e52d21d
San Marino,SM,San Marino,All Areas (incl.unclassified),2017,PM2.5,P1Y,Baseline from WHO 2021 AQG,Mortality,All causes,Attributable deaths (AD),Total,>= 30 years of age,33191,23695,60.9,12.6,14.0,23,17,25,97.2,74.3,108.4,https://discomap.eea.europa.eu/App/AQViewer/index.html?fqn=Airquality_Dissem.ebd.countries_and_nuts,2026-10-06,88f9445e23b99f58079048967003353e91b5ff9150c52e8924256eb35e52d21d
San Marino,SM,San Marino,All Areas (incl.unclassified),2018,PM2.5,P1Y,Baseline from WHO 2021 AQG,Mortality,All causes,Attributable deaths (AD),Total,>= 30 years of age,34448,24592,60.9,12.4,13.3,21,16,23,87.2,66.5,97.3,https://discomap.eea.europa.eu/App/AQViewer/index.html?fqn=Airquality_Dissem.ebd.countries_and_nuts,2026-10-06,88f9445e23b99f58079048967003353e91b5ff9150c52e8924256eb35e52d21d
San Marino,SM,San Marino,All Areas (incl.unclassified),2019,PM2.5,P1Y,Baseline from WHO 2021 AQG,Mortality,All causes,Attributable deaths (AD),Total,>= 30 years of age,34585,24823,60.9,11.8,12.8,20,15,22,82.9,63.2,92.4,https://discomap.eea.europa.eu/App/AQViewer/index.html?fqn=Airquality_Dissem.ebd.countries_and_nuts,2026-10-06,88f9445e23b99f58079048967003353e91b5ff9150c52e8924256eb35e52d21d
San Marino,SM,San Marino,All Areas (incl.unclassified),2020,PM2.5,P1Y,Baseline from WHO 2021 AQG,Mortality,All causes,Attributable deaths (AD),Total,>= 30 years of age,34730,25015,60.9,11.5,12.7,23,18,26,95.1,72.5,106.1,https://discomap.eea.europa.eu/App/AQViewer/index.html?fqn=Airquality_Dissem.ebd.countries_and_nuts,2026-10-06,88f9445e23b99f58079048967003353e91b5ff9150c52e8924256eb35e52d21d
San Marino,SM,San Marino,All Areas (incl.unclassified),2021,PM2.5,P1Y,Baseline from WHO 2021 AQG,Mortality,All causes,Attributable deaths (AD),Total,>= 30 years of age,34800,25108,60.9,10.3,11.6,19,14,21,77.6,59.1,86.6,https://discomap.eea.europa.eu/App/AQViewer/index.html?fqn=Airquality_Dissem.ebd.countries_and_nuts,2026-10-06,88f9445e23b99f58079048967003353e91b5ff9150c52e8924256eb35e52d21d
San Marino,SM,San Marino,All Areas (incl.unclassified),2022,PM2.5,P1Y,Baseline from WHO 2021 AQG,Mortality,All causes,Attributable deaths (AD),Total,>= 30 years of age,33693,24400,60.9,12.0,13.8,25,19,28,105.4,80.5,117.5,https://discomap.eea.europa.eu/App/AQViewer/index.html?fqn=Airquality_Dissem.ebd.countries_and_nuts,2026-10-06,88f9445e23b99f58079048967003353e91b5ff9150c52e8924256eb35e52d21d
San Marino,SM,San Marino,All Areas (incl.unclassified),2023,PM2.5,P1Y,Baseline from WHO 2021 AQG,Mortality,All causes,Attributable deaths (AD),Total,>= 30 years of age,33809,24540,60.9,10.6,12.4,20,15,22,83.1,63.3,92.7,https://discomap.eea.europa.eu/App/AQViewer/index.html?fqn=Airquality_Dissem.ebd.countries_and_nuts,2026-10-06,88f9445e23b99f58079048967003353e91b5ff9150c52e8924256eb35e52d21d
Serbia,RS,Serbia,All Areas (incl.unclassified),2005,PM2.5,P1Y,Baseline from WHO 2021 AQG,Mortality,All causes,Attributable deaths (AD),Total,>= 30 years of age,7455909,4773431,77484.4,22.7,30.5,18034,13983,19960,377.8,292.9,418.2,https://discomap.eea.europa.eu/App/AQViewer/index.html?fqn=Airquality_Dissem.ebd.countries_and_nuts,2026-10-06,88f9445e23b99f58079048967003353e91b5ff9150c52e8924256eb35e52d21d
Serbia,RS,Serbia,All Areas (incl.unclassified),2007,PM2.5,P1Y,Baseline from WHO 2021 AQG,Mortality,All causes,Attributable deaths (AD),Total,>= 30 years of age,7397518,4776520,77484.4,19.7,25.9,14538,11225,16124,304.4,235.0,337.6,https://discomap.eea.europa.eu/App/AQViewer/index.html?fqn=Airquality_Dissem.ebd.countries_and_nuts,2026-10-06,88f9445e23b99f58079048967003353e91b5ff9150c52e8924256eb35e52d21d
Serbia,RS,Serbia,All Areas (incl.unclassified),2008,PM2.5,P1Y,Baseline from WHO 2021 AQG,Mortality,All causes,Attributable deaths (AD),Total,>= 30 years of age,7365365,4780415,77484.4,15.9,25.9,14455,11168,16026,302.4,233.6,335.2,https://discomap.eea.europa.eu/App/AQViewer/index.html?fqn=Airquality_Dissem.ebd.countries_and_nuts,2026-10-06,88f9445e23b99f58079048967003353e91b5ff9150c52e8924256eb35e52d21d
Serbia,RS,Serbia,All Areas (incl.unclassified),2009,PM2.5,P1Y,Baseline from WHO 2021 AQG,Mortality,All causes,Attributable deaths (AD),Total,>= 30 years of age,7334793,4784472,77484.4,18.1,26.0,14797,11429,16407,309.3,238.9,342.9,https://discomap.eea.europa.eu/App/AQViewer/index.html?fqn=Airquality_Dissem.ebd.countries_and_nuts,2026-10-06,88f9445e23b99f58079048967003353e91b5ff9150c52e8924256eb35e52d21d
Serbia,RS,Serbia,All Areas (incl.unclassified),2010,PM2.5,P1Y,Baseline from WHO 2021 AQG,Mortality,All causes,Attributable deaths (AD),Total,>= 30 years of age,7306540,4786909,77484.4,14.8,21.3,11590,8920,12875,242.1,186.4,269.0,https://discomap.eea.europa.eu/App/AQViewer/index.html?fqn=Airquality_Dissem.ebd.countries_and_nuts,2026-10-06,88f9445e23b99f58079048967003353e91b5ff9150c52e8924256eb35e52d21d
Serbia,RS,Serbia,All Areas (incl.unclassified),2011,PM2.5,P1Y,Baseline from WHO 2021 AQG,Mortality,All causes,Attributable deaths (AD),Total,>= 30 years of age,7251414,4852397,77484.4,17.8,29.8,16990,13182,18798,350.1,271.7,387.4,https://discomap.eea.europa.eu/App/AQViewer/index.html?fqn=Airquality_Dissem.ebd.countries_and_nuts,2026-10-06,88f9445e23b99f58079048967003353e91b5ff9150c52e8924256eb35e52d21d
Serbia,RS,Serbia,All Areas (incl.unclassified),2012,PM2.5,P1Y,Baseline from WHO 2021 AQG,Mortality,All causes,Attributable deaths (AD),Total,>= 30 years of age,7216514,4849154,77484.4,16.4,23.7,13089,10091,14526,269.9,208.1,299.6,https://discomap.eea.europa.eu/App/AQViewer/index.html?fqn=Airquality_Dissem.ebd.countries_and_nuts,2026-10-06,88f9445e23b99f58079048967003353e91b5ff9150c52e8924256eb35e52d21d
Serbia,RS,Serbia,All Areas (incl.unclassified),2013,PM2.5,P1Y,Baseline from WHO 2021 AQG,Mortality,All causes,Attributable deaths (AD),Total,>= 30 years of age,7181364,4845570,77484.4,16.0,20.9,11039,8487,12269,227.8,175.2,253.2,https://discomap.eea.europa.eu/App/AQViewer/index.html?fqn=Airquality_Dissem.ebd.countries_and_nuts,2026-10-06,88f9445e23b99f58079048967003353e91b5ff9150c52e8924256eb35e52d21d
Serbia,RS,Serbia,All Areas (incl.unclassified),2014,PM2.5,P1Y,Baseline from WHO 2021 AQG,Mortality,All causes,Attributable deaths (AD),Total,>= 30 years of age,7146613,4846118,77484.4,16.4,21.3,11410,8775,12678,235.5,181.1,261.6,https://discomap.eea.europa.eu/App/AQViewer/index.html?fqn=Airquality_Dissem.ebd.countries_and_nuts,2026-10-06,88f9445e23b99f58079048967003353e91b5ff9150c52e8924256eb35e52d21d
Serbia,RS,Serbia,All Areas (incl.unclassified),2015,PM2.5,P1Y,Baseline from WHO 2021 AQG,Mortality,All causes,Attributable deaths (AD),Total,>= 30 years of age,7114249,4846016,77484.4,16.0,23.1,12905,9943,14326,266.3,205.2,295.6,https://discomap.eea.europa.eu/App/AQViewer/index.html?fqn=Airquality_Dissem.ebd.countries_and_nuts,2026-10-06,88f9445e23b99f58079048967003353e91b5ff9150c52e8924256eb35e52d21d
Serbia,RS,Serbia,All Areas (incl.unclassified),2016,PM2.5,P1Y,Baseline from WHO 2021 AQG,Mortality,All causes,Attributable deaths (AD),Total,>= 30 years of age,7076237,4837904,77484.4,15.4,24.5,13476,10401,14949,278.6,215.0,309.0,https://discomap.eea.europa.eu/App/AQViewer/index.html?fqn=Airquality_Dissem.ebd.countries_and_nuts,2026-10-06,88f9445e23b99f58079048967003353e91b5ff9150c52e8924256eb35e52d21d
Serbia,RS,Serbia,All Areas (incl.unclassified),2017,PM2.5,P1Y,Baseline from WHO 2021 AQG,Mortality,All causes,Attributable deaths (AD),Total,>= 30 years of age,7040127,4830334,77484.4,15.2,27.7,15897,12313,17604,329.1,254.9,364.5,https://discomap.eea.europa.eu/App/AQViewer/index.html?fqn=Airquality_Dissem.ebd.countries_and_nuts,2026-10-06,88f9445e23b99f58079048967003353e91b5ff9150c52e8924256eb35e52d21d
Serbia,RS,Serbia,All Areas (incl.unclassified),2018,PM2.5,P1Y,Baseline from WHO 2021 AQG,Mortality,All causes,Attributable deaths (AD),Total,>= 30 years of age,7001302,4820143,77484.4,16.0,25.8,14449,11167,16017,299.8,231.7,332.3,https://discomap.eea.europa.eu/App/AQViewer/index.html?fqn=Airquality_Dissem.ebd.countries_and_nuts,2026-10-06,88f9445e23b99f58079048967003353e91b5ff9150c52e8924256eb35e52d21d
Serbia,RS,Serbia,All Areas (incl.unclassified),2019,PM2.5,P1Y,Baseline from WHO 2021 AQG,Mortality,All causes,Attributable deaths (AD),Total,>= 30 years of age,6963635,4810859,77484.4,13.6,20.5,10946,8415,12166,227.5,174.9,252.9,https://discomap.eea.europa.eu/App/AQViewer/index.html?fqn=Airquality_Dissem.ebd.countries_and_nuts,2026-10-06,88f9445e23b99f58079048967003353e91b5ff9150c52e8924256eb35e52d21d
Serbia,RS,Serbia,All Areas (incl.unclassified),2020,PM2.5,P1Y,Baseline from WHO 2021 AQG,Mortality,All causes,Attributable deaths (AD),Total,>= 30 years of age,6926569,4796611,77484.4,15.2,22.5,14224,10955,15794,296.5,228.4,329.3,https://discomap.eea.europa.eu/App/AQViewer/index.html?fqn=Airquality_Dissem.ebd.countries_and_nuts,2026-10-06,88f9445e23b99f58079048967003353e91b5ff9150c52e8924256eb35e52d21d
Serbia,RS,Serbia,All Areas (incl.unclassified),2021,PM2.5,P1Y,Baseline from WHO 2021 AQG,Mortality,All causes,Attributable deaths (AD),Total,>= 30 years of age,6871414,4766333,77484.4,13.1,20.3,14675,11280,16311,307.9,236.7,342.2,https://discomap.eea.europa.eu/App/AQViewer/index.html?fqn=Airquality_Dissem.ebd.countries_and_nuts,2026-10-06,88f9445e23b99f58079048967003353e91b5ff9150c52e8924256eb35e52d21d
Serbia,RS,Serbia,All Areas (incl.unclassified),2022,PM2.5,P1Y,Baseline from WHO 2021 AQG,Mortality,All causes,Attributable deaths (AD),Total,>= 30 years of age,6796970,4716504,77484.4,12.1,19.0,10747,8252,11951,227.9,175.0,253.4,https://discomap.eea.europa.eu/App/AQViewer/index.html?fqn=Airquality_Dissem.ebd.countries_and_nuts,2026-10-06,88f9445e23b99f58079048967003353e91b5ff9150c52e8924256eb35e52d21d
Serbia,RS,Serbia,All Areas (incl.unclassified),2023,PM2.5,P1Y,Baseline from WHO 2021 AQG,Mortality,All causes,Attributable deaths (AD),Total,>= 30 years of age,6641063,4638166,77484.4,12.5,17.7,8735,6698,9720,188.3,144.4,209.6,https://discomap.eea.europa.eu/App/AQViewer/index.html?fqn=Airquality_Dissem.ebd.countries_and_nuts,2026-10-06,88f9445e23b99f58079048967003353e91b5ff9150c52e8924256eb35e52d21d
Slovakia,SK,Slovakia,All Areas (incl.unclassified),2005,PM2.5,P1Y,Baseline from WHO 2021 AQG,Mortality,All causes,Attributable deaths (AD),Total,>= 30 years of age,5372608,3121102,49018.5,20.6,24.2,6622,5103,7350,212.2,163.5,235.5,https://discomap.eea.europa.eu/App/AQViewer/index.html?fqn=Airquality_Dissem.ebd.countries_and_nuts,2026-10-06,88f9445e23b99f58079048967003353e91b5ff9150c52e8924256eb35e52d21d
Slovakia,SK,Slovakia,All Areas (incl.unclassified),2007,PM2.5,P1Y,Baseline from WHO 2021 AQG,Mortality,All causes,Attributable deaths (AD),Total,>= 30 years of age,5373104,3202890,49018.5,16.8,19.9,5245,4027,5832,163.8,125.7,182.1,https://discomap.eea.europa.eu/App/AQViewer/index.html?fqn=Airquality_Dissem.ebd.countries_and_nuts,2026-10-06,88f9445e23b99f58079048967003353e91b5ff9150c52e8924256eb35e52d21d
Slovakia,SK,Slovakia,All Areas (incl.unclassified),2008,PM2.5,P1Y,Baseline from WHO 2021 AQG,Mortality,All causes,Attributable deaths (AD),Total,>= 30 years of age,5375986,3245595,49018.5,18.1,20.8,5473,4207,6084,168.7,129.6,187.5,https://discomap.eea.europa.eu/App/AQViewer/index.html?fqn=Airquality_Dissem.ebd.countries_and_nuts,2026-10-06,88f9445e23b99f58079048967003353e91b5ff9150c52e8924256eb35e52d21d
Slovakia,SK,Slovakia,All Areas (incl.unclassified),2009,PM2.5,P1Y,Baseline from WHO 2021 AQG,Mortality,All causes,Attributable deaths (AD),Total,>= 30 years of age,5382317,3289246,49018.5,15.9,20.1,5223,4012,5808,158.8,122.0,176.6,https://discomap.eea.europa.eu/App/AQViewer/index.html?fqn=Airquality_Dissem.ebd.countries_and_nuts,2026-10-06,88f9445e23b99f58079048967003353e91b5ff9150c52e8924256eb35e52d21d
Slovakia,SK,Slovakia,All Areas (incl.unclassified),2010,PM2.5,P1Y,Baseline from WHO 2021 AQG,Mortality,All causes,Attributable deaths (AD),Total,>= 30 years of age,5390328,3332412,49018.5,17.1,21.5,5763,4432,6403,172.9,133.0,192.2,https://discomap.eea.europa.eu/App/AQViewer/index.html?fqn=Airquality_Dissem.ebd.countries_and_nuts,2026-10-06,88f9445e23b99f58079048967003353e91b5ff9150c52e8924256eb35e52d21d
Slovakia,SK,Slovakia,All Areas (incl.unclassified),2011,PM2.5,P1Y,Baseline from WHO 2021 AQG,Mortality,All causes,Attributable deaths (AD),Total,>= 30 years of age,5392364,3369408,49018.5,19.9,24.8,6631,5115,7359,196.8,151.8,218.4,https://discomap.eea.europa.eu/App/AQViewer/index.html?fqn=Airquality_Dissem.ebd.countries_and_nuts,2026-10-06,88f9445e23b99f58079048967003353e91b5ff9150c52e8924256eb35e52d21d
Slovakia,SK,Slovakia,All Areas (incl.unclassified),2012,PM2.5,P1Y,Baseline from WHO 2021 AQG,Mortality,All causes,Attributable deaths (AD),Total,>= 30 years of age,5404244,3408537,49018.5,16.9,20.7,5472,4205,6082,160.5,123.4,178.5,https://discomap.eea.europa.eu/App/AQViewer/index.html?fqn=Airquality_Dissem.ebd.countries_and_nuts,2026-10-06,88f9445e23b99f58079048967003353e91b5ff9150c52e8924256eb35e52d21d
Slovakia,SK,Slovakia,All Areas (incl.unclassified),2013,PM2.5,P1Y,Baseline from WHO 2021 AQG,Mortality,All causes,Attributable deaths (AD),Total,>= 30 years of age,5410755,3446798,49018.5,16.7,19.8,5196,3989,5779,150.8,115.7,167.7,https://discomap.eea.europa.eu/App/AQViewer/index.html?fqn=Airquality_Dissem.ebd.countries_and_nuts,2026-10-06,88f9445e23b99f58079048967003353e91b5ff9150c52e8924256eb35e52d21d
Slovakia,SK,Slovakia,All Areas (incl.unclassified),2014,PM2.5,P1Y,Baseline from WHO 2021 AQG,Mortality,All causes,Attributable deaths (AD),Total,>= 30 years of age,5415861,3483127,49018.5,16.5,18.9,4808,3689,5349,138.1,105.9,153.6,https://discomap.eea.europa.eu/App/AQViewer/index.html?fqn=Airquality_Dissem.ebd.countries_and_nuts,2026-10-06,88f9445e23b99f58079048967003353e91b5ff9150c52e8924256eb35e52d21d
Slovakia,SK,Slovakia,All Areas (incl.unclassified),2015,PM2.5,P1Y,Baseline from WHO 2021 AQG,Mortality,All causes,Attributable deaths (AD),Total,>= 30 years of age,5421270,3519697,49018.5,15.5,19.0,5055,3878,5624,143.6,110.2,159.8,https://discomap.eea.europa.eu/App/AQViewer/index.html?fqn=Airquality_Dissem.ebd.countries_and_nuts,2026-10-06,88f9445e23b99f58079048967003353e91b5ff9150c52e8924256eb35e52d21d
Slovakia,SK,Slovakia,All Areas (incl.unclassified),2016,PM2.5,P1Y,Baseline from WHO 2021 AQG,Mortality,All causes,Attributable deaths (AD),Total,>= 30 years of age,5426168,3554502,49018.5,13.6,17.3,4371,3349,4865,123.0,94.2,136.9,https://discomap.eea.europa.eu/App/AQViewer/index.html?fqn=Airquality_Dissem.ebd.countries_and_nuts,2026-10-06,88f9445e23b99f58079048967003353e91b5ff9150c52e8924256eb35e52d21d
Slovakia,SK,Slovakia,All Areas (incl.unclassified),2017,PM2.5,P1Y,Baseline from WHO 2021 AQG,Mortality,All causes,Attributable deaths (AD),Total,>= 30 years of age,5435258,3587643,49018.5,14.4,18.4,4911,3767,5464,136.9,105.0,152.3,https://discomap.eea.europa.eu/App/AQViewer/index.html?fqn=Airquality_Dissem.ebd.countries_and_nuts,2026-10-06,88f9445e23b99f58079048967003353e91b5ff9150c52e8924256eb35e52d21d
Slovakia,SK,Slovakia,All Areas (incl.unclassified),2018,PM2.5,P1Y,Baseline from WHO 2021 AQG,Mortality,All causes,Attributable deaths (AD),Total,>= 30 years of age,5443038,3616724,49018.5,15.1,18.0,4790,3671,5331,132.4,101.5,147.4,https://discomap.eea.europa.eu/App/AQViewer/index.html?fqn=Airquality_Dissem.ebd.countries_and_nuts,2026-10-06,88f9445e23b99f58079048967003353e91b5ff9150c52e8924256eb35e52d21d
Slovakia,SK,Slovakia,All Areas (incl.unclassified),2019,PM2.5,P1Y,Baseline from WHO 2021 AQG,Mortality,All causes,Attributable deaths (AD),Total,>= 30 years of age,5450341,3644926,49018.5,11.6,14.3,3401,2598,3792,93.3,71.3,104.0,https://discomap.eea.europa.eu/App/AQViewer/index.html?fqn=Airquality_Dissem.ebd.countries_and_nuts,2026-10-06,88f9445e23b99f58079048967003353e91b5ff9150c52e8924256eb35e52d21d
Slovakia,SK,Slovakia,All Areas (incl.unclassified),2020,PM2.5,P1Y,Baseline from WHO 2021 AQG,Mortality,All causes,Attributable deaths (AD),Total,>= 30 years of age,5457788,3671265,49018.5,11.4,14.3,3846,2938,4288,104.8,80.0,116.8,https://discomap.eea.europa.eu/App/AQViewer/index.html?fqn=Airquality_Dissem.ebd.countries_and_nuts,2026-10-06,88f9445e23b99f58079048967003353e91b5ff9150c52e8924256eb35e52d21d
Slovakia,SK,Slovakia,All Areas (incl.unclassified),2021,PM2.5,P1Y,Baseline from WHO 2021 AQG,Mortality,All causes,Attributable deaths (AD),Total,>= 30 years of age,5459690,3692472,49018.5,11.6,15.1,5216,3988,5812,141.3,108.0,157.4,https://discomap.eea.europa.eu/App/AQViewer/index.html?fqn=Airquality_Dissem.ebd.countries_and_nuts,2026-10-06,88f9445e23b99f58079048967003353e91b5ff9150c52e8924256eb35e52d21d
Slovakia,SK,Slovakia,All Areas (incl.unclassified),2022,PM2.5,P1Y,Baseline from WHO 2021 AQG,Mortality,All causes,Attributable deaths (AD),Total,>= 30 years of age,5434620,3695427,49018.5,10.9,13.7,3623,2766,4040,98.1,74.9,109.3,https://discomap.eea.europa.eu/App/AQViewer/index.html?fqn=Airquality_Dissem.ebd.countries_and_nuts,2026-10-06,88f9445e23b99f58079048967003353e91b5ff9150c52e8924256eb35e52d21d
Slovakia,SK,Slovakia,All Areas (incl.unclassified),2023,PM2.5,P1Y,Baseline from WHO 2021 AQG,Mortality,All causes,Attributable deaths (AD),Total,>= 30 years of age,5428697,3708529,49018.5,9.9,12.2,2732,2083,3049,73.7,56.2,82.2,https://discomap.eea.europa.eu/App/AQViewer/index.html?fqn=Airquality_Dissem.ebd.countries_and_nuts,2026-10-06,88f9445e23b99f58079048967003353e91b5ff9150c52e8924256eb35e52d21d
Slovenia,SI,Slovenia,All Areas (incl.unclassified),2005,PM2.5,P1Y,Baseline from WHO 2021 AQG,Mortality,All causes,Attributable deaths (AD),Total,>= 30 years of age,1997525,1290387,20275.3,17.4,21.8,2027,1560,2253,157.2,120.9,174.6,https://discomap.eea.europa.eu/App/AQViewer/index.html?fqn=Airquality_Dissem.ebd.countries_and_nuts,2026-10-06,88f9445e23b99f58079048967003353e91b5ff9150c52e8924256eb35e52d21d
Slovenia,SI,Slovenia,All Areas (incl.unclassified),2007,PM2.5,P1Y,Baseline from WHO 2021 AQG,Mortality,All causes,Attributable deaths (AD),Total,>= 30 years of age,2010319,1320807,20275.3,15.7,17.8,1550,1188,1726,117.4,90.0,130.7,https://discomap.eea.europa.eu/App/AQViewer/index.html?fqn=Airquality_Dissem.ebd.countries_and_nuts,2026-10-06,88f9445e23b99f58079048967003353e91b5ff9150c52e8924256eb35e52d21d
Slovenia,SI,Slovenia,All Areas (incl.unclassified),2008,PM2.5,P1Y,Baseline from WHO 2021 AQG,Mortality,All causes,Attributable deaths (AD),Total,>= 30 years of age,2010207,1332491,20275.3,14.4,17.9,1546,1185,1721,116.1,89.0,129.2,https://discomap.eea.europa.eu/App/AQViewer/index.html?fqn=Airquality_Dissem.ebd.countries_and_nuts,2026-10-06,88f9445e23b99f58079048967003353e91b5ff9150c52e8924256eb35e52d21d
Slovenia,SI,Slovenia,All Areas (incl.unclassified),2009,PM2.5,P1Y,Baseline from WHO 2021 AQG,Mortality,All causes,Attributable deaths (AD),Total,>= 30 years of age,2032298,1353837,20275.3,14.9,18.8,1693,1299,1883,125.1,96.0,139.2,https://discomap.eea.europa.eu/App/AQViewer/index.html?fqn=Airquality_Dissem.ebd.countries_and_nuts,2026-10-06,88f9445e23b99f58079048967003353e91b5ff9150c52e8924256eb35e52d21d
Slovenia,SI,Slovenia,All Areas (incl.unclassified),2010,PM2.5,P1Y,Baseline from WHO 2021 AQG,Mortality,All causes,Attributable deaths (AD),Total,>= 30 years of age,2046908,1372162,20275.3,15.6,18.9,1705,1308,1897,124.3,95.4,138.3,https://discomap.eea.europa.eu/App/AQViewer/index.html?fqn=Airquality_Dissem.ebd.countries_and_nuts,2026-10-06,88f9445e23b99f58079048967003353e91b5ff9150c52e8924256eb35e52d21d
Slovenia,SI,Slovenia,All Areas (incl.unclassified),2011,PM2.5,P1Y,Baseline from WHO 2021 AQG,Mortality,All causes,Attributable deaths (AD),Total,>= 30 years of age,2050129,1383930,20275.3,17.1,20.8,1936,1488,2152,139.9,107.5,155.6,https://discomap.eea.europa.eu/App/AQViewer/index.html?fqn=Airquality_Dissem.ebd.countries_and_nuts,2026-10-06,88f9445e23b99f58079048967003353e91b5ff9150c52e8924256eb35e52d21d
Slovenia,SI,Slovenia,All Areas (incl.unclassified),2012,PM2.5,P1Y,Baseline from WHO 2021 AQG,Mortality,All causes,Attributable deaths (AD),Total,>= 30 years of age,2055428,1396586,20275.3,14.3,17.6,1619,1241,1803,116.0,88.9,129.1,https://discomap.eea.europa.eu/App/AQViewer/index.html?fqn=Airquality_Dissem.ebd.countries_and_nuts,2026-10-06,88f9445e23b99f58079048967003353e91b5ff9150c52e8924256eb35e52d21d
Slovenia,SI,Slovenia,All Areas (incl.unclassified),2013,PM2.5,P1Y,Baseline from WHO 2021 AQG,Mortality,All causes,Attributable deaths (AD),Total,>= 30 years of age,2058754,1405839,20275.3,14.4,17.3,1592,1219,1772,113.3,86.8,126.1,https://discomap.eea.europa.eu/App/AQViewer/index.html?fqn=Airquality_Dissem.ebd.countries_and_nuts,2026-10-06,88f9445e23b99f58079048967003353e91b5ff9150c52e8924256eb35e52d21d
Slovenia,SI,Slovenia,All Areas (incl.unclassified),2014,PM2.5,P1Y,Baseline from WHO 2021 AQG,Mortality,All causes,Attributable deaths (AD),Total,>= 30 years of age,2061026,1414699,20275.3,12.5,15.0,1294,989,1442,91.5,69.9,101.9,https://discomap.eea.europa.eu/App/AQViewer/index.html?fqn=Airquality_Dissem.ebd.countries_and_nuts,2026-10-06,88f9445e23b99f58079048967003353e91b5ff9150c52e8924256eb35e52d21d
Slovenia,SI,Slovenia,All Areas (incl.unclassified),2015,PM2.5,P1Y,Baseline from WHO 2021 AQG,Mortality,All causes,Attributable deaths (AD),Total,>= 30 years of age,2062814,1423023,20275.3,12.4,17.3,1644,1260,1830,115.6,88.6,128.6,https://discomap.eea.europa.eu/App/AQViewer/index.html?fqn=Airquality_Dissem.ebd.countries_and_nuts,2026-10-06,88f9445e23b99f58079048967003353e91b5ff9150c52e8924256eb35e52d21d
Slovenia,SI,Slovenia,All Areas (incl.unclassified),2016,PM2.5,P1Y,Baseline from WHO 2021 AQG,Mortality,All causes,Attributable deaths (AD),Total,>= 30 years of age,2064125,1430428,20275.3,11.2,15.9,1458,1116,1623,101.9,78.0,113.5,https://discomap.eea.europa.eu/App/AQViewer/index.html?fqn=Airquality_Dissem.ebd.countries_and_nuts,2026-10-06,88f9445e23b99f58079048967003353e91b5ff9150c52e8924256eb35e52d21d
Slovenia,SI,Slovenia,All Areas (incl.unclassified),2017,PM2.5,P1Y,Baseline from WHO 2021 AQG,Mortality,All causes,Attributable deaths (AD),Total,>= 30 years of age,2065828,1437586,20275.3,11.9,16.2,1549,1186,1725,107.8,82.5,120.0,https://discomap.eea.europa.eu/App/AQViewer/index.html?fqn=Airquality_Dissem.ebd.countries_and_nuts,2026-10-06,88f9445e23b99f58079048967003353e91b5ff9150c52e8924256eb35e52d21d
Slovenia,SI,Slovenia,All Areas (incl.unclassified),2018,PM2.5,P1Y,Baseline from WHO 2021 AQG,Mortality,All causes,Attributable deaths (AD),Total,>= 30 years of age,2066819,1444130,20275.3,11.8,15.8,1493,1143,1663,103.4,79.2,115.2,https://discomap.eea.europa.eu/App/AQViewer/index.html?fqn=Airquality_Dissem.ebd.countries_and_nuts,2026-10-06,88f9445e23b99f58079048967003353e91b5ff9150c52e8924256eb35e52d21d
Slovenia,SI,Slovenia,All Areas (incl.unclassified),2019,PM2.5,P1Y,Baseline from WHO 2021 AQG,Mortality,All causes,Attributable deaths (AD),Total,>= 30 years of age,2080849,1457685,20275.3,9.8,13.2,1144,873,1275,78.5,59.9,87.5,https://discomap.eea.europa.eu/App/AQViewer/index.html?fqn=Airquality_Dissem.ebd.countries_and_nuts,2026-10-06,88f9445e23b99f58079048967003353e91b5ff9150c52e8924256eb35e52d21d
Slovenia,SI,Slovenia,All Areas (incl.unclassified),2020,PM2.5,P1Y,Baseline from WHO 2021 AQG,Mortality,All causes,Attributable deaths (AD),Total,>= 30 years of age,2095800,1469322,20275.3,9.1,12.5,1233,941,1375,83.9,64.0,93.6,https://discomap.eea.europa.eu/App/AQViewer/index.html?fqn=Airquality_Dissem.ebd.countries_and_nuts,2026-10-06,88f9445e23b99f58079048967003353e91b5ff9150c52e8924256eb35e52d21d
Slovenia,SI,Slovenia,All Areas (incl.unclassified),2021,PM2.5,P1Y,Baseline from WHO 2021 AQG,Mortality,All causes,Attributable deaths (AD),Total,>= 30 years of age,2108916,1480593,20275.3,8.9,12.2,1135,866,1266,76.7,58.5,85.5,https://discomap.eea.europa.eu/App/AQViewer/index.html?fqn=Airquality_Dissem.ebd.countries_and_nuts,2026-10-06,88f9445e23b99f58079048967003353e91b5ff9150c52e8924256eb35e52d21d
Slovenia,SI,Slovenia,All Areas (incl.unclassified),2022,PM2.5,P1Y,Baseline from WHO 2021 AQG,Mortality,All causes,Attributable deaths (AD),Total,>= 30 years of age,2107118,1480815,20275.3,10.0,13.5,1277,975,1423,86.2,65.9,96.2,https://discomap.eea.europa.eu/App/AQViewer/index.html?fqn=Airquality_Dissem.ebd.countries_and_nuts,2026-10-06,88f9445e23b99f58079048967003353e91b5ff9150c52e8924256eb35e52d21d
Slovenia,SI,Slovenia,All Areas (incl.unclassified),2023,PM2.5,P1Y,Baseline from WHO 2021 AQG,Mortality,All causes,Attributable deaths (AD),Total,>= 30 years of age,2116907,1486371,20275.3,9.0,12.0,1034,788,1153,69.6,53.1,77.6,https://discomap.eea.europa.eu/App/AQViewer/index.html?fqn=Airquality_Dissem.ebd.countries_and_nuts,2026-10-06,88f9445e23b99f58079048967003353e91b5ff9150c52e8924256eb35e52d21d
Spain,ES,Spain,All Areas (incl.unclassified),2005,PM2.5,P1Y,Baseline from WHO 2021 AQG,Mortality,All causes,Attributable deaths (AD),Total,>= 30 years of age,41420254,26745610,498383.6,10.5,17.5,31807,24393,35393,118.9,91.2,132.3,https://discomap.eea.europa.eu/App/AQViewer/index.html?fqn=Airquality_Dissem.ebd.countries_and_nuts,2026-10-06,88f9445e23b99f58079048967003353e91b5ff9150c52e8924256eb35e52d21d
Spain,ES,Spain,All Areas (incl.unclassified),2007,PM2.5,P1Y,Baseline from WHO 2021 AQG,Mortality,All causes,Attributable deaths (AD),Total,>= 30 years of age,42825458,28108556,498383.6,10.5,16.6,29515,22604,32864,105.0,80.4,116.9,https://discomap.eea.europa.eu/App/AQViewer/index.html?fqn=Airquality_Dissem.ebd.countries_and_nuts,2026-10-06,88f9445e23b99f58079048967003353e91b5ff9150c52e8924256eb35e52d21d
Spain,ES,Spain,All Areas (incl.unclassified),2008,PM2.5,P1Y,Baseline from WHO 2021 AQG,Mortality,All causes,Attributable deaths (AD),Total,>= 30 years of age,43661925,28841630,498383.6,8.5,13.9,23045,17606,25690,79.9,61.0,89.1,https://discomap.eea.europa.eu/App/AQViewer/index.html?fqn=Airquality_Dissem.ebd.countries_and_nuts,2026-10-06,88f9445e23b99f58079048967003353e91b5ff9150c52e8924256eb35e52d21d
Spain,ES,Spain,All Areas (incl.unclassified),2009,PM2.5,P1Y,Baseline from WHO 2021 AQG,Mortality,All causes,Attributable deaths (AD),Total,>= 30 years of age,44198181,29424721,498383.6,8.8,14.1,23427,17905,26112,79.6,60.9,88.7,https://discomap.eea.europa.eu/App/AQViewer/index.html?fqn=Airquality_Dissem.ebd.countries_and_nuts,2026-10-06,88f9445e23b99f58079048967003353e91b5ff9150c52e8924256eb35e52d21d
Spain,ES,Spain,All Areas (incl.unclassified),2010,PM2.5,P1Y,Baseline from WHO 2021 AQG,Mortality,All causes,Attributable deaths (AD),Total,>= 30 years of age,44425800,29847605,498383.6,8.0,12.0,18211,13886,20321,61.0,46.5,68.1,https://discomap.eea.europa.eu/App/AQViewer/index.html?fqn=Airquality_Dissem.ebd.countries_and_nuts,2026-10-06,88f9445e23b99f58079048967003353e91b5ff9150c52e8924256eb35e52d21d
Spain,ES,Spain,All Areas (incl.unclassified),2011,PM2.5,P1Y,Baseline from WHO 2021 AQG,Mortality,All causes,Attributable deaths (AD),Total,>= 30 years of age,44595532,30227031,498383.6,8.0,12.5,19720,15043,22000,65.2,49.8,72.8,https://discomap.eea.europa.eu/App/AQViewer/index.html?fqn=Airquality_Dissem.ebd.countries_and_nuts,2026-10-06,88f9445e23b99f58079048967003353e91b5ff9150c52e8924256eb35e52d21d
Spain,ES,Spain,All Areas (incl.unclassified),2012,PM2.5,P1Y,Baseline from WHO 2021 AQG,Mortality,All causes,Attributable deaths (AD),Total,>= 30 years of age,44737034,30550900,498383.6,7.7,12.1,19485,14865,21736,63.8,48.7,71.1,https://discomap.eea.europa.eu/App/AQViewer/index.html?fqn=Airquality_Dissem.ebd.countries_and_nuts,2026-10-06,88f9445e23b99f58079048967003353e91b5ff9150c52e8924256eb35e52d21d
Spain,ES,Spain,All Areas (incl.unclassified),2013,PM2.5,P1Y,Baseline from WHO 2021 AQG,Mortality,All causes,Attributable deaths (AD),Total,>= 30 years of age,44633325,30688215,498383.6,6.7,10.5,14756,11240,16474,48.1,36.6,53.7,https://discomap.eea.europa.eu/App/AQViewer/index.html?fqn=Airquality_Dissem.ebd.countries_and_nuts,2026-10-06,88f9445e23b99f58079048967003353e91b5ff9150c52e8924256eb35e52d21d
Spain,ES,Spain,All Areas (incl.unclassified),2014,PM2.5,P1Y,Baseline from WHO 2021 AQG,Mortality,All causes,Attributable deaths (AD),Total,>= 30 years of age,44423286,30735051,498383.6,6.8,10.4,14511,11051,16202,47.2,36.0,52.7,https://discomap.eea.europa.eu/App/AQViewer/index.html?fqn=Airquality_Dissem.ebd.countries_and_nuts,2026-10-06,88f9445e23b99f58079048967003353e91b5ff9150c52e8924256eb35e52d21d
Spain,ES,Spain,All Areas (incl.unclassified),2015,PM2.5,P1Y,Baseline from WHO 2021 AQG,Mortality,All causes,Attributable deaths (AD),Total,>= 30 years of age,44353566,30832306,498383.6,7.8,12.5,21468,16387,23943,69.6,53.2,77.7,https://discomap.eea.europa.eu/App/AQViewer/index.html?fqn=Airquality_Dissem.ebd.countries_and_nuts,2026-10-06,88f9445e23b99f58079048967003353e91b5ff9150c52e8924256eb35e52d21d
Spain,ES,Spain,All Areas (incl.unclassified),2016,PM2.5,P1Y,Baseline from WHO 2021 AQG,Mortality,All causes,Attributable deaths (AD),Total,>= 30 years of age,44344904,30933275,498383.6,7.0,11.1,16920,12897,18884,54.7,41.7,61.0,https://discomap.eea.europa.eu/App/AQViewer/index.html?fqn=Airquality_Dissem.ebd.countries_and_nuts,2026-10-06,88f9445e23b99f58079048967003353e91b5ff9150c52e8924256eb35e52d21d
Spain,ES,Spain,All Areas (incl.unclassified),2017,PM2.5,P1Y,Baseline from WHO 2021 AQG,Mortality,All causes,Attributable deaths (AD),Total,>= 30 years of age,44417816,31065772,498383.6,7.4,11.8,19539,14903,21799,62.9,48.0,70.2,https://discomap.eea.europa.eu/App/AQViewer/index.html?fqn=Airquality_Dissem.ebd.countries_and_nuts,2026-10-06,88f9445e23b99f58079048967003353e91b5ff9150c52e8924256eb35e52d21d
Spain,ES,Spain,All Areas (incl.unclassified),2018,PM2.5,P1Y,Baseline from WHO 2021 AQG,Mortality,All causes,Attributable deaths (AD),Total,>= 30 years of age,44556820,31203927,498383.6,6.2,10.0,14730,11217,16447,47.2,35.9,52.7,https://discomap.eea.europa.eu/App/AQViewer/index.html?fqn=Airquality_Dissem.ebd.countries_and_nuts,2026-10-06,88f9445e23b99f58079048967003353e91b5ff9150c52e8924256eb35e52d21d
Spain,ES,Spain,All Areas (incl.unclassified),2019,PM2.5,P1Y,Baseline from WHO 2021 AQG,Mortality,All causes,Attributable deaths (AD),Total,>= 30 years of age,44816361,31423166,498383.6,5.9,10.0,14294,10887,15959,45.5,34.6,50.8,https://discomap.eea.europa.eu/App/AQViewer/index.html?fqn=Airquality_Dissem.ebd.countries_and_nuts,2026-10-06,88f9445e23b99f58079048967003353e91b5ff9150c52e8924256eb35e52d21d
Spain,ES,Spain,All Areas (incl.unclassified),2020,PM2.5,P1Y,Baseline from WHO 2021 AQG,Mortality,All causes,Attributable deaths (AD),Total,>= 30 years of age,45195524,31720307,498383.6,5.8,9.8,16387,12475,18301,51.7,39.3,57.7,https://discomap.eea.europa.eu/App/AQViewer/index.html?fqn=Airquality_Dissem.ebd.countries_and_nuts,2026-10-06,88f9445e23b99f58079048967003353e91b5ff9150c52e8924256eb35e52d21d
Spain,ES,Spain,All Areas (incl.unclassified),2021,PM2.5,P1Y,Baseline from WHO 2021 AQG,Mortality,All causes,Attributable deaths (AD),Total,>= 30 years of age,45270011,31853205,498383.6,6.1,9.5,13900,10577,15527,43.6,33.2,48.7,https://discomap.eea.europa.eu/App/AQViewer/index.html?fqn=Airquality_Dissem.ebd.countries_and_nuts,2026-10-06,88f9445e23b99f58079048967003353e91b5ff9150c52e8924256eb35e52d21d
Spain,ES,Spain,All Areas (incl.unclassified),2022,PM2.5,P1Y,Baseline from WHO 2021 AQG,Mortality,All causes,Attributable deaths (AD),Total,>= 30 years of age,45352172,31987919,498383.6,7.1,10.8,18315,13953,20446,57.3,43.6,63.9,https://discomap.eea.europa.eu/App/AQViewer/index.html?fqn=Airquality_Dissem.ebd.countries_and_nuts,2026-10-06,88f9445e23b99f58079048967003353e91b5ff9150c52e8924256eb35e52d21d
Spain,ES,Spain,All Areas (incl.unclassified),2023,PM2.5,P1Y,Baseline from WHO 2021 AQG,Mortality,All causes,Attributable deaths (AD),Total,>= 30 years of age,45923814,32384596,498383.6,5.9,9.5,13317,10134,14875,41.1,31.3,45.9,https://discomap.eea.europa.eu/App/AQViewer/index.html?fqn=Airquality_Dissem.ebd.countries_and_nuts,2026-10-06,88f9445e23b99f58079048967003353e91b5ff9150c52e8924256eb35e52d21d
Sweden,SE,Sweden,All Areas (incl.unclassified),2005,PM2.5,P1Y,Baseline from WHO 2021 AQG,Mortality,All causes,Attributable deaths (AD),Total,>= 30 years of age,9005037,5781003,448531.1,5.5,10.2,3353,2553,3745,58.0,44.2,64.8,https://discomap.eea.europa.eu/App/AQViewer/index.html?fqn=Airquality_Dissem.ebd.countries_and_nuts,2026-10-06,88f9445e23b99f58079048967003353e91b5ff9150c52e8924256eb35e52d21d
Sweden,SE,Sweden,All Areas (incl.unclassified),2007,PM2.5,P1Y,Baseline from WHO 2021 AQG,Mortality,All causes,Attributable deaths (AD),Total,>= 30 years of age,9106755,5850459,448530.7,5.7,9.6,3008,2288,3361,51.4,39.1,57.4,https://discomap.eea.europa.eu/App/AQViewer/index.html?fqn=Airquality_Dissem.ebd.countries_and_nuts,2026-10-06,88f9445e23b99f58079048967003353e91b5ff9150c52e8924256eb35e52d21d
Sweden,SE,Sweden,All Areas (incl.unclassified),2008,PM2.5,P1Y,Baseline from WHO 2021 AQG,Mortality,All causes,Attributable deaths (AD),Total,>= 30 years of age,9176346,5887965,448530.7,4.4,8.7,2447,1860,2734,41.6,31.6,46.4,https://discomap.eea.europa.eu/App/AQViewer/index.html?fqn=Airquality_Dissem.ebd.countries_and_nuts,2026-10-06,88f9445e23b99f58079048967003353e91b5ff9150c52e8924256eb35e52d21d
Sweden,SE,Sweden,All Areas (incl.unclassified),2009,PM2.5,P1Y,Baseline from WHO 2021 AQG,Mortality,All causes,Attributable deaths (AD),Total,>= 30 years of age,9249675,5925039,448531.2,3.6,7.4,1598,1214,1787,27.0,20.5,30.2,https://discomap.eea.europa.eu/App/AQViewer/index.html?fqn=Airquality_Dissem.ebd.countries_and_nuts,2026-10-06,88f9445e23b99f58079048967003353e91b5ff9150c52e8924256eb35e52d21d
Sweden,SE,Sweden,All Areas (incl.unclassified),2010,PM2.5,P1Y,Baseline from WHO 2021 AQG,Mortality,All causes,Attributable deaths (AD),Total,>= 30 years of age,9333908,5971161,448531.3,4.2,8.1,2038,1549,2278,34.1,25.9,38.2,https://discomap.eea.europa.eu/App/AQViewer/index.html?fqn=Airquality_Dissem.ebd.countries_and_nuts,2026-10-06,88f9445e23b99f58079048967003353e91b5ff9150c52e8924256eb35e52d21d
Sweden,SE,Sweden,All Areas (incl.unclassified),2011,PM2.5,P1Y,Baseline from WHO 2021 AQG,Mortality,All causes,Attributable deaths (AD),Total,>= 30 years of age,9408714,6013684,448531.3,4.5,9.0,2599,1977,2903,43.2,32.9,48.3,https://discomap.eea.europa.eu/App/AQViewer/index.html?fqn=Airquality_Dissem.ebd.countries_and_nuts,2026-10-06,88f9445e23b99f58079048967003353e91b5ff9150c52e8924256eb35e52d21d
Sweden,SE,Sweden,All Areas (incl.unclassified),2012,PM2.5,P1Y,Baseline from WHO 2021 AQG,Mortality,All causes,Attributable deaths (AD),Total,>= 30 years of age,9475916,6055776,448531.3,3.7,7.3,1549,1176,1732,25.6,19.4,28.6,https://discomap.eea.europa.eu/App/AQViewer/index.html?fqn=Airquality_Dissem.ebd.countries_and_nuts,2026-10-06,88f9445e23b99f58079048967003353e91b5ff9150c52e8924256eb35e52d21d
Sweden,SE,Sweden,All Areas (incl.unclassified),2013,PM2.5,P1Y,Baseline from WHO 2021 AQG,Mortality,All causes,Attributable deaths (AD),Total,>= 30 years of age,9548873,6098710,448531.3,3.5,6.0,778,591,870,12.8,9.7,14.3,https://discomap.eea.europa.eu/App/AQViewer/index.html?fqn=Airquality_Dissem.ebd.countries_and_nuts,2026-10-06,88f9445e23b99f58079048967003353e91b5ff9150c52e8924256eb35e52d21d
Sweden,SE,Sweden,All Areas (incl.unclassified),2014,PM2.5,P1Y,Baseline from WHO 2021 AQG,Mortality,All causes,Attributable deaths (AD),Total,>= 30 years of age,9637741,6147397,448531.3,4.7,7.6,1635,1242,1827,26.6,20.2,29.7,https://discomap.eea.europa.eu/App/AQViewer/index.html?fqn=Airquality_Dissem.ebd.countries_and_nuts,2026-10-06,88f9445e23b99f58079048967003353e91b5ff9150c52e8924256eb35e52d21d
Sweden,SE,Sweden,All Areas (incl.unclassified),2015,PM2.5,P1Y,Baseline from WHO 2021 AQG,Mortality,All causes,Attributable deaths (AD),Total,>= 30 years of age,9740133,6206200,448531.3,3.4,5.9,795,603,888,12.8,9.7,14.3,https://discomap.eea.europa.eu/App/AQViewer/index.html?fqn=Airquality_Dissem.ebd.countries_and_nuts,2026-10-06,88f9445e23b99f58079048967003353e91b5ff9150c52e8924256eb35e52d21d
Sweden,SE,Sweden,All Areas (incl.unclassified),2016,PM2.5,P1Y,Baseline from WHO 2021 AQG,Mortality,All causes,Attributable deaths (AD),Total,>= 30 years of age,9843683,6267871,448531.3,3.3,5.9,732,555,819,11.7,8.9,13.1,https://discomap.eea.europa.eu/App/AQViewer/index.html?fqn=Airquality_Dissem.ebd.countries_and_nuts,2026-10-06,88f9445e23b99f58079048967003353e91b5ff9150c52e8924256eb35e52d21d
Sweden,SE,Sweden,All Areas (incl.unclassified),2017,PM2.5,P1Y,Baseline from WHO 2021 AQG,Mortality,All causes,Attributable deaths (AD),Total,>= 30 years of age,9987679,6347930,448531.3,2.6,4.9,410,311,458,6.5,4.9,7.2,https://discomap.eea.europa.eu/App/AQViewer/index.html?fqn=Airquality_Dissem.ebd.countries_and_nuts,2026-10-06,88f9445e23b99f58079048967003353e91b5ff9150c52e8924256eb35e52d21d
Sweden,SE,Sweden,All Areas (incl.unclassified),2018,PM2.5,P1Y,Baseline from WHO 2021 AQG,Mortality,All causes,Attributable deaths (AD),Total,>= 30 years of age,10112639,6424974,448531.3,3.3,6.1,894,679,1000,13.9,10.6,15.6,https://discomap.eea.europa.eu/App/AQViewer/index.html?fqn=Airquality_Dissem.ebd.countries_and_nuts,2026-10-06,88f9445e23b99f58079048967003353e91b5ff9150c52e8924256eb35e52d21d
Sweden,SE,Sweden,All Areas (incl.unclassified),2019,PM2.5,P1Y,Baseline from WHO 2021 AQG,Mortality,All causes,Attributable deaths (AD),Total,>= 30 years of age,10222476,6507120,448531.3,3.0,5.4,543,412,607,8.4,6.3,9.3,https://discomap.eea.europa.eu/App/AQViewer/index.html?fqn=Airquality_Dissem.ebd.countries_and_nuts,2026-10-06,88f9445e23b99f58079048967003353e91b5ff9150c52e8924256eb35e52d21d
Sweden,SE,Sweden,All Areas (incl.unclassified),2020,PM2.5,P1Y,Baseline from WHO 2021 AQG,Mortality,All causes,Attributable deaths (AD),Total,>= 30 years of age,10319769,6591469,448531.3,2.6,4.9,371,282,416,5.6,4.3,6.3,https://discomap.eea.europa.eu/App/AQViewer/index.html?fqn=Airquality_Dissem.ebd.countries_and_nuts,2026-10-06,88f9445e23b99f58079048967003353e91b5ff9150c52e8924256eb35e52d21d
Sweden,SE,Sweden,All Areas (incl.unclassified),2021,PM2.5,P1Y,Baseline from WHO 2021 AQG,Mortality,All causes,Attributable deaths (AD),Total,>= 30 years of age,10371391,6662620,448531.3,3.3,5.7,616,468,689,9.3,7.0,10.4,https://discomap.eea.europa.eu/App/AQViewer/index.html?fqn=Airquality_Dissem.ebd.countries_and_nuts,2026-10-06,88f9445e23b99f58079048967003353e91b5ff9150c52e8924256eb35e52d21d
Sweden,SE,Sweden,All Areas (incl.unclassified),2022,PM2.5,P1Y,Baseline from WHO 2021 AQG,Mortality,All causes,Attributable deaths (AD),Total,>= 30 years of age,10444357,6746574,448531.3,2.9,5.3,478,363,535,7.1,5.4,7.9,https://discomap.eea.europa.eu/App/AQViewer/index.html?fqn=Airquality_Dissem.ebd.countries_and_nuts,2026-10-06,88f9445e23b99f58079048967003353e91b5ff9150c52e8924256eb35e52d21d
Sweden,SE,Sweden,All Areas (incl.unclassified),2023,PM2.5,P1Y,Baseline from WHO 2021 AQG,Mortality,All causes,Attributable deaths (AD),Total,>= 30 years of age,10513540,6832264,448531.3,2.5,4.7,204,155,229,3.0,2.3,3.4,https://discomap.eea.europa.eu/App/AQViewer/index.html?fqn=Airquality_Dissem.ebd.countries_and_nuts,2026-10-06,88f9445e23b99f58079048967003353e91b5ff9150c52e8924256eb35e52d21d
Switzerland,CH,Switzerland,All Areas (incl.unclassified),2005,PM2.5,P1Y,Baseline from WHO 2021 AQG,Mortality,All causes,Attributable deaths (AD),Total,>= 30 years of age,7414944,4870975,41170.2,10.7,16.1,4621,3537,5147,94.9,72.6,105.7,https://discomap.eea.europa.eu/App/AQViewer/index.html?fqn=Airquality_Dissem.ebd.countries_and_nuts,2026-10-06,88f9445e23b99f58079048967003353e91b5ff9150c52e8924256eb35e52d21d
Switzerland,CH,Switzerland,All Areas (incl.unclassified),2007,PM2.5,P1Y,Baseline from WHO 2021 AQG,Mortality,All causes,Attributable deaths (AD),Total,>= 30 years of age,7508587,4961333,41170.2,10.3,13.8,3696,2822,4121,74.5,56.9,83.1,https://discomap.eea.europa.eu/App/AQViewer/index.html?fqn=Airquality_Dissem.ebd.countries_and_nuts,2026-10-06,88f9445e23b99f58079048967003353e91b5ff9150c52e8924256eb35e52d21d
Switzerland,CH,Switzerland,All Areas (incl.unclassified),2008,PM2.5,P1Y,Baseline from WHO 2021 AQG,Mortality,All causes,Attributable deaths (AD),Total,>= 30 years of age,7593343,5026100,41170.2,10.1,14.7,4069,3109,4535,81.0,61.9,90.2,https://discomap.eea.europa.eu/App/AQViewer/index.html?fqn=Airquality_Dissem.ebd.countries_and_nuts,2026-10-06,88f9445e23b99f58079048967003353e91b5ff9150c52e8924256eb35e52d21d
Switzerland,CH,Switzerland,All Areas (incl.unclassified),2009,PM2.5,P1Y,Baseline from WHO 2021 AQG,Mortality,All causes,Attributable deaths (AD),Total,>= 30 years of age,7701701,5104331,41177.0,7.7,14.3,4012,3066,4472,78.6,60.1,87.6,https://discomap.eea.europa.eu/App/AQViewer/index.html?fqn=Airquality_Dissem.ebd.countries_and_nuts,2026-10-06,88f9445e23b99f58079048967003353e91b5ff9150c52e8924256eb35e52d21d
Switzerland,CH,Switzerland,All Areas (incl.unclassified),2010,PM2.5,P1Y,Baseline from WHO 2021 AQG,Mortality,All causes,Attributable deaths (AD),Total,>= 30 years of age,7785656,5171531,41183.8,10.5,15.4,4485,3429,4998,86.7,66.3,96.6,https://discomap.eea.europa.eu/App/AQViewer/index.html?fqn=Airquality_Dissem.ebd.countries_and_nuts,2026-10-06,88f9445e23b99f58079048967003353e91b5ff9150c52e8924256eb35e52d21d
Switzerland,CH,Switzerland,All Areas (incl.unclassified),2011,PM2.5,P1Y,Baseline from WHO 2021 AQG,Mortality,All causes,Attributable deaths (AD),Total,>= 30 years of age,7869988,5221269,41183.8,9.1,14.5,4063,3105,4529,77.8,59.5,86.8,https://discomap.eea.europa.eu/App/AQViewer/index.html?fqn=Airquality_Dissem.ebd.countries_and_nuts,2026-10-06,88f9445e23b99f58079048967003353e91b5ff9150c52e8924256eb35e52d21d
Switzerland,CH,Switzerland,All Areas (incl.unclassified),2012,PM2.5,P1Y,Baseline from WHO 2021 AQG,Mortality,All causes,Attributable deaths (AD),Total,>= 30 years of age,7954513,5292613,41183.8,7.8,12.4,3317,2530,3700,62.7,47.8,69.9,https://discomap.eea.europa.eu/App/AQViewer/index.html?fqn=Airquality_Dissem.ebd.countries_and_nuts,2026-10-06,88f9445e23b99f58079048967003353e91b5ff9150c52e8924256eb35e52d21d
Switzerland,CH,Switzerland,All Areas (incl.unclassified),2013,PM2.5,P1Y,Baseline from WHO 2021 AQG,Mortality,All causes,Attributable deaths (AD),Total,>= 30 years of age,8038903,5365302,41183.8,9.0,13.6,3887,2968,4335,72.5,55.3,80.8,https://discomap.eea.europa.eu/App/AQViewer/index.html?fqn=Airquality_Dissem.ebd.countries_and_nuts,2026-10-06,88f9445e23b99f58079048967003353e91b5ff9150c52e8924256eb35e52d21d
Switzerland,CH,Switzerland,All Areas (incl.unclassified),2014,PM2.5,P1Y,Baseline from WHO 2021 AQG,Mortality,All causes,Attributable deaths (AD),Total,>= 30 years of age,8139479,5443850,41183.8,6.8,11.3,2822,2150,3150,51.8,39.5,57.9,https://discomap.eea.europa.eu/App/AQViewer/index.html?fqn=Airquality_Dissem.ebd.countries_and_nuts,2026-10-06,88f9445e23b99f58079048967003353e91b5ff9150c52e8924256eb35e52d21d
Switzerland,CH,Switzerland,All Areas (incl.unclassified),2015,PM2.5,P1Y,Baseline from WHO 2021 AQG,Mortality,All causes,Attributable deaths (AD),Total,>= 30 years of age,8237510,5524052,41183.8,6.9,11.9,3244,2473,3620,58.7,44.8,65.5,https://discomap.eea.europa.eu/App/AQViewer/index.html?fqn=Airquality_Dissem.ebd.countries_and_nuts,2026-10-06,88f9445e23b99f58079048967003353e91b5ff9150c52e8924256eb35e52d21d
Switzerland,CH,Switzerland,All Areas (incl.unclassified),2016,PM2.5,P1Y,Baseline from WHO 2021 AQG,Mortality,All causes,Attributable deaths (AD),Total,>= 30 years of age,8326981,5594890,41183.8,5.9,10.0,2306,1755,2576,41.2,31.4,46.1,https://discomap.eea.europa.eu/App/AQViewer/index.html?fqn=Airquality_Dissem.ebd.countries_and_nuts,2026-10-06,88f9445e23b99f58079048967003353e91b5ff9150c52e8924256eb35e52d21d
Switzerland,CH,Switzerland,All Areas (incl.unclassified),2017,PM2.5,P1Y,Baseline from WHO 2021 AQG,Mortality,All causes,Attributable deaths (AD),Total,>= 30 years of age,8419394,5663863,41183.8,6.1,9.8,2275,1731,2541,40.2,30.6,44.9,https://discomap.eea.europa.eu/App/AQViewer/index.html?fqn=Airquality_Dissem.ebd.countries_and_nuts,2026-10-06,88f9445e23b99f58079048967003353e91b5ff9150c52e8924256eb35e52d21d
Switzerland,CH,Switzerland,All Areas (incl.unclassified),2018,PM2.5,P1Y,Baseline from WHO 2021 AQG,Mortality,All causes,Attributable deaths (AD),Total,>= 30 years of age,8483981,5722009,41177.0,5.5,9.7,2224,1692,2484,38.9,29.6,43.4,https://discomap.eea.europa.eu/App/AQViewer/index.html?fqn=Airquality_Dissem.ebd.countries_and_nuts,2026-10-06,88f9445e23b99f58079048967003353e91b5ff9150c52e8924256eb35e52d21d
Switzerland,CH,Switzerland,All Areas (incl.unclassified),2019,PM2.5,P1Y,Baseline from WHO 2021 AQG,Mortality,All causes,Attributable deaths (AD),Total,>= 30 years of age,8544368,5782228,41170.2,4.8,8.6,1765,1341,1972,30.5,23.2,34.1,https://discomap.eea.europa.eu/App/AQViewer/index.html?fqn=Airquality_Dissem.ebd.countries_and_nuts,2026-10-06,88f9445e23b99f58079048967003353e91b5ff9150c52e8924256eb35e52d21d
Switzerland,CH,Switzerland,All Areas (incl.unclassified),2020,PM2.5,P1Y,Baseline from WHO 2021 AQG,Mortality,All causes,Attributable deaths (AD),Total,>= 30 years of age,8605879,5843380,41170.2,4.4,8.0,1660,1261,1856,28.4,21.6,31.8,https://discomap.eea.europa.eu/App/AQViewer/index.html?fqn=Airquality_Dissem.ebd.countries_and_nuts,2026-10-06,88f9445e23b99f58079048967003353e91b5ff9150c52e8924256eb35e52d21d
Switzerland,CH,Switzerland,All Areas (incl.unclassified),2021,PM2.5,P1Y,Baseline from WHO 2021 AQG,Mortality,All causes,Attributable deaths (AD),Total,>= 30 years of age,8670153,5905764,41170.2,4.5,8.2,1633,1240,1825,27.7,21.0,30.9,https://discomap.eea.europa.eu/App/AQViewer/index.html?fqn=Airquality_Dissem.ebd.countries_and_nuts,2026-10-06,88f9445e23b99f58079048967003353e91b5ff9150c52e8924256eb35e52d21d
Switzerland,CH,Switzerland,All Areas (incl.unclassified),2022,PM2.5,P1Y,Baseline from WHO 2021 AQG,Mortality,All causes,Attributable deaths (AD),Total,>= 30 years of age,8738637,5968055,41170.2,4.9,8.5,1849,1405,2066,31.0,23.6,34.6,https://discomap.eea.europa.eu/App/AQViewer/index.html?fqn=Airquality_Dissem.ebd.countries_and_nuts,2026-10-06,88f9445e23b99f58079048967003353e91b5ff9150c52e8924256eb35e52d21d
Switzerland,CH,Switzerland,All Areas (incl.unclassified),2023,PM2.5,P1Y,Baseline from WHO 2021 AQG,Mortality,All causes,Attributable deaths (AD),Total,>= 30 years of age,8815234,6036865,41170.2,4.6,7.6,1357,1031,1518,22.5,17.1,25.1,https://discomap.eea.europa.eu/App/AQViewer/index.html?fqn=Airquality_Dissem.ebd.countries_and_nuts,2026-10-06,88f9445e23b99f58079048967003353e91b5ff9150c52e8924256eb35e52d21d
